2026/08/08 22:24:14 - mmengine - INFO - 
------------------------------------------------------------
System environment:
    sys.platform: win32
    Python: 3.10.0 (tags/v3.10.0:b494f59, Oct  4 2021, 19:00:18) [MSC v.1929 64 bit (AMD64)]
    CUDA available: True
    MUSA available: False
    numpy_random_seed: 44
    GPU 0: NVIDIA GeForce RTX 2060
    CUDA_HOME: C:\Program Files\NVIDIA GPU Computing Toolkit\CUDA\v12.8
    NVCC: Cuda compilation tools, release 12.8, V12.8.93
    GCC: n/a
    PyTorch: 2.6.0+cu124
    PyTorch compiling details: PyTorch built with:
  - C++ Version: 201703
  - MSVC 192930157
  - Intel(R) oneAPI Math Kernel Library Version 2025.0.1-Product Build 20241031 for Intel(R) 64 architecture applications
  - Intel(R) MKL-DNN v3.5.3 (Git Hash 66f0cb9eb66affd2da3bf5f8d897376f04aae6af)
  - OpenMP 2019
  - LAPACK is enabled (usually provided by MKL)
  - CPU capability usage: AVX2
  - CUDA Runtime 12.4
  - NVCC architecture flags: -gencode;arch=compute_50,code=sm_50;-gencode;arch=compute_60,code=sm_60;-gencode;arch=compute_61,code=sm_61;-gencode;arch=compute_70,code=sm_70;-gencode;arch=compute_75,code=sm_75;-gencode;arch=compute_80,code=sm_80;-gencode;arch=compute_86,code=sm_86;-gencode;arch=compute_90,code=sm_90
  - CuDNN 90.1
  - Magma 2.5.4
  - Build settings: BLAS_INFO=mkl, BUILD_TYPE=Release, COMMIT_SHA=2236df1770800ffea5697b11b0bb0d910b2e59e1, CUDA_VERSION=12.4, CUDNN_VERSION=9.1.0, CXX_COMPILER=C:/actions-runner/_work/pytorch/pytorch/pytorch/.ci/pytorch/windows/tmp_bin/sccache-cl.exe, CXX_FLAGS=/DWIN32 /D_WINDOWS /GR /EHsc /Zc:__cplusplus /bigobj /FS /utf-8 -DUSE_PTHREADPOOL -DNDEBUG -DUSE_KINETO -DLIBKINETO_NOCUPTI -DLIBKINETO_NOROCTRACER -DLIBKINETO_NOXPUPTI=ON -DUSE_FBGEMM -DUSE_XNNPACK -DSYMBOLICATE_MOBILE_DEBUG_HANDLE /wd4624 /wd4068 /wd4067 /wd4267 /wd4661 /wd4717 /wd4244 /wd4804 /wd4273, LAPACK_INFO=mkl, PERF_WITH_AVX=1, PERF_WITH_AVX2=1, TORCH_VERSION=2.6.0, USE_CUDA=ON, USE_CUDNN=ON, USE_CUSPARSELT=OFF, USE_EXCEPTION_PTR=1, USE_GFLAGS=OFF, USE_GLOG=OFF, USE_GLOO=ON, USE_MKL=ON, USE_MKLDNN=ON, USE_MPI=OFF, USE_NCCL=OFF, USE_NNPACK=OFF, USE_OPENMP=ON, USE_ROCM=OFF, USE_ROCM_KERNEL_ASSERT=OFF, 

    TorchVision: 0.21.0+cu124
    OpenCV: 5.0.0
    MMEngine: 0.10.7

Runtime environment:
    cudnn_benchmark: False
    mp_cfg: {'mp_start_method': 'fork', 'opencv_num_threads': 0}
    dist_cfg: {'backend': 'nccl'}
    seed: 44
    deterministic: False
    Distributed launcher: none
    Distributed training: False
    GPU number: 1
------------------------------------------------------------

2026/08/08 22:24:15 - mmengine - INFO - Config:
ALBU = [
    dict(p=0.5, type='HorizontalFlip'),
    dict(
        p=0.7,
        rotate=(
            -15,
            15,
        ),
        scale=(
            0.85,
            1.15,
        ),
        translate_percent=(
            -0.1,
            0.1,
        ),
        type='Affine'),
    dict(alpha=30, p=0.25, sigma=6, type='ElasticTransform'),
    dict(
        brightness_limit=0.2,
        contrast_limit=0.2,
        p=0.5,
        type='RandomBrightnessContrast'),
    dict(gamma_limit=(
        80,
        120,
    ), p=0.3, type='RandomGamma'),
    dict(
        elementwise=True,
        multiplier=(
            0.85,
            1.15,
        ),
        p=0.3,
        type='MultiplicativeNoise'),
    dict(blur_limit=7, p=0.2, type='MotionBlur'),
]
ANN = 'd:/mamografi/real_time_segmentasyon/veri/coco'
AUG_SEVIYE = 'orta'
BATCH = 8
GIRDI = 256
KOK = 'd:/mamografi/real_time_segmentasyon'
MAX_EPOCH = 100
TOHUM = 44
albu_sarmalayici = dict(
    bbox_params=dict(
        filter_lost_elements=True,
        format='pascal_voc',
        label_fields=[
            'gt_bboxes_labels',
        ],
        min_visibility=0.0,
        type='BboxParams'),
    keymap=dict(gt_bboxes='bboxes', gt_masks='masks', img='image'),
    transforms=[
        dict(p=0.5, type='HorizontalFlip'),
        dict(
            p=0.7,
            rotate=(
                -15,
                15,
            ),
            scale=(
                0.85,
                1.15,
            ),
            translate_percent=(
                -0.1,
                0.1,
            ),
            type='Affine'),
        dict(alpha=30, p=0.25, sigma=6, type='ElasticTransform'),
        dict(
            brightness_limit=0.2,
            contrast_limit=0.2,
            p=0.5,
            type='RandomBrightnessContrast'),
        dict(gamma_limit=(
            80,
            120,
        ), p=0.3, type='RandomGamma'),
        dict(
            elementwise=True,
            multiplier=(
                0.85,
                1.15,
            ),
            p=0.3,
            type='MultiplicativeNoise'),
        dict(blur_limit=7, p=0.2, type='MotionBlur'),
    ],
    type='AlbuBosGuvenli')
auto_scale_lr = dict(base_batch_size=16, enable=False)
backend_args = None
base_lr = 0.000125
checkpoint = 'https://download.openmmlab.com/mmdetection/v3.0/rtmdet/cspnext_rsb_pretrain/cspnext-tiny_imagenet_600e.pth'
custom_hooks = [
    dict(
        ema_type='ExpMomentumEMA',
        momentum=0.0002,
        priority=49,
        type='EMAHook',
        update_buffers=True),
    dict(
        dataloader=dict(
            batch_size=8,
            dataset=dict(
                ann_file=
                'd:/mamografi/real_time_segmentasyon/veri/coco/busi_val.json',
                data_prefix=dict(img=''),
                data_root=
                'd:/mamografi/real_time_segmentasyon/Dataset_BUSI_with_GT/',
                filter_cfg=dict(filter_empty_gt=False, min_size=0),
                metainfo=dict(
                    classes=('lezyon', ), palette=[
                        (
                            220,
                            20,
                            60,
                        ),
                    ]),
                pipeline=[
                    dict(backend_args=None, type='LoadImageFromFile'),
                    dict(
                        poly2mask=True,
                        type='LoadAnnotations',
                        with_bbox=True,
                        with_mask=True),
                    dict(keep_ratio=True, scale=(
                        256,
                        256,
                    ), type='Resize'),
                    dict(
                        pad_val=dict(img=(
                            114,
                            114,
                            114,
                        ), masks=0),
                        size=(
                            256,
                            256,
                        ),
                        type='Pad'),
                    dict(type='PackDetInputs'),
                ],
                type='CocoDataset'),
            drop_last=False,
            num_workers=0,
            persistent_workers=False,
            sampler=dict(shuffle=False, type='DefaultSampler')),
        type='ValLossHook'),
]
custom_imports = dict(
    allow_failed_imports=False,
    imports=[
        'ozel_transformlar',
        'ozel_metrikler',
    ])
data_root = 'd:/mamografi/real_time_segmentasyon/Dataset_BUSI_with_GT/'
dataset_type = 'CocoDataset'
default_hooks = dict(
    checkpoint=dict(
        _scope_='mmdet',
        interval=1,
        max_keep_ckpts=1,
        rule='greater',
        save_best='busi/dice_tum',
        type='CheckpointHook'),
    logger=dict(_scope_='mmdet', interval=10, type='LoggerHook'),
    param_scheduler=dict(_scope_='mmdet', type='ParamSchedulerHook'),
    sampler_seed=dict(_scope_='mmdet', type='DistSamplerSeedHook'),
    timer=dict(_scope_='mmdet', type='IterTimerHook'),
    visualization=dict(_scope_='mmdet', type='DetVisualizationHook'))
default_scope = 'mmdet'
env_cfg = dict(
    cudnn_benchmark=False,
    dist_cfg=dict(backend='nccl'),
    mp_cfg=dict(mp_start_method='fork', opencv_num_threads=0))
img_scales = [
    (
        640,
        640,
    ),
    (
        320,
        320,
    ),
    (
        960,
        960,
    ),
]
interval = 10
load_from = 'https://download.openmmlab.com/mmdetection/v3.0/rtmdet/rtmdet-ins_tiny_8xb32-300e_coco/rtmdet-ins_tiny_8xb32-300e_coco_20221130_151727-ec670f7e.pth'
log_level = 'INFO'
log_processor = dict(
    _scope_='mmdet', by_epoch=True, type='LogProcessor', window_size=50)
max_epochs = 300
metainfo = dict(
    classes=('lezyon', ), palette=[
        (
            220,
            20,
            60,
        ),
    ])
model = dict(
    _scope_='mmdet',
    backbone=dict(
        act_cfg=dict(inplace=True, type='SiLU'),
        arch='P5',
        channel_attention=True,
        deepen_factor=0.167,
        expand_ratio=0.5,
        init_cfg=dict(
            checkpoint=
            'https://download.openmmlab.com/mmdetection/v3.0/rtmdet/cspnext_rsb_pretrain/cspnext-tiny_imagenet_600e.pth',
            prefix='backbone.',
            type='Pretrained'),
        norm_cfg=dict(type='SyncBN'),
        type='CSPNeXt',
        widen_factor=0.375),
    bbox_head=dict(
        act_cfg=dict(inplace=True, type='SiLU'),
        anchor_generator=dict(
            offset=0, strides=[
                8,
                16,
                32,
            ], type='MlvlPointGenerator'),
        bbox_coder=dict(type='DistancePointBBoxCoder'),
        feat_channels=96,
        in_channels=96,
        loss_bbox=dict(loss_weight=2.0, type='GIoULoss'),
        loss_cls=dict(
            beta=2.0,
            loss_weight=1.0,
            type='QualityFocalLoss',
            use_sigmoid=True),
        loss_mask=dict(
            eps=5e-06, loss_weight=2.0, reduction='mean', type='DiceLoss'),
        norm_cfg=dict(requires_grad=True, type='SyncBN'),
        num_classes=1,
        pred_kernel_size=1,
        share_conv=True,
        stacked_convs=2,
        type='RTMDetInsSepBNHead'),
    data_preprocessor=dict(
        batch_augments=None,
        bgr_to_rgb=False,
        mean=[
            103.53,
            116.28,
            123.675,
        ],
        std=[
            57.375,
            57.12,
            58.395,
        ],
        type='DetDataPreprocessor'),
    neck=dict(
        act_cfg=dict(inplace=True, type='SiLU'),
        expand_ratio=0.5,
        in_channels=[
            96,
            192,
            384,
        ],
        norm_cfg=dict(type='SyncBN'),
        num_csp_blocks=1,
        out_channels=96,
        type='CSPNeXtPAFPN'),
    test_cfg=dict(
        mask_thr_binary=0.5,
        max_per_img=100,
        min_bbox_size=0,
        nms=dict(iou_threshold=0.6, type='nms'),
        nms_pre=1000,
        score_thr=0.05),
    train_cfg=dict(
        allowed_border=-1,
        assigner=dict(topk=13, type='DynamicSoftLabelAssigner'),
        debug=False,
        pos_weight=-1),
    type='RTMDet')
optim_wrapper = dict(
    _scope_='mmdet',
    clip_grad=dict(max_norm=1.0),
    optimizer=dict(lr=0.000125, type='AdamW', weight_decay=0.05),
    paramwise_cfg=dict(
        bias_decay_mult=0, bypass_duplicate=True, norm_decay_mult=0),
    type='OptimWrapper')
param_scheduler = [
    dict(
        begin=0, by_epoch=False, end=200, start_factor=0.001, type='LinearLR'),
    dict(
        T_max=50,
        begin=50,
        by_epoch=True,
        convert_to_iter_based=True,
        end=100,
        eta_min=6.25e-06,
        type='CosineAnnealingLR'),
]
randomness = dict(deterministic=False, seed=44)
resume = False
stage2_num_epochs = 20
test_cfg = dict(_scope_='mmdet', type='TestLoop')
test_dataloader = dict(
    batch_size=1,
    dataset=dict(
        _scope_='mmdet',
        ann_file='d:/mamografi/real_time_segmentasyon/veri/coco/busi_test.json',
        backend_args=None,
        data_prefix=dict(img=''),
        data_root='d:/mamografi/real_time_segmentasyon/Dataset_BUSI_with_GT/',
        metainfo=dict(classes=('lezyon', ), palette=[
            (
                220,
                20,
                60,
            ),
        ]),
        pipeline=[
            dict(backend_args=None, type='LoadImageFromFile'),
            dict(keep_ratio=True, scale=(
                256,
                256,
            ), type='Resize'),
            dict(
                pad_val=dict(img=(
                    114,
                    114,
                    114,
                ), masks=0),
                size=(
                    256,
                    256,
                ),
                type='Pad'),
            dict(
                poly2mask=True,
                type='LoadAnnotations',
                with_bbox=True,
                with_mask=True),
            dict(
                meta_keys=(
                    'img_id',
                    'img_path',
                    'ori_shape',
                    'img_shape',
                    'scale_factor',
                ),
                type='PackDetInputs'),
        ],
        test_mode=True,
        type='CocoDataset'),
    drop_last=False,
    num_workers=2,
    persistent_workers=True,
    sampler=dict(_scope_='mmdet', shuffle=False, type='DefaultSampler'))
test_evaluator = dict(
    _scope_='mmdet',
    ann_file='d:/mamografi/real_time_segmentasyon/veri/coco/busi_test.json',
    backend_args=None,
    format_only=False,
    metric=[
        'bbox',
        'segm',
    ],
    proposal_nums=(
        100,
        1,
        10,
    ),
    type='CocoMetricHizali')
test_pipeline = [
    dict(backend_args=None, type='LoadImageFromFile'),
    dict(keep_ratio=True, scale=(
        256,
        256,
    ), type='Resize'),
    dict(
        pad_val=dict(img=(
            114,
            114,
            114,
        ), masks=0),
        size=(
            256,
            256,
        ),
        type='Pad'),
    dict(
        poly2mask=True, type='LoadAnnotations', with_bbox=True,
        with_mask=True),
    dict(
        meta_keys=(
            'img_id',
            'img_path',
            'ori_shape',
            'img_shape',
            'scale_factor',
        ),
        type='PackDetInputs'),
]
train_cfg = dict(
    _scope_='mmdet',
    dynamic_intervals=None,
    max_epochs=100,
    type='EpochBasedTrainLoop',
    val_interval=1)
train_dataloader = dict(
    batch_sampler=None,
    batch_size=8,
    dataset=dict(
        ann_file=
        'd:/mamografi/real_time_segmentasyon/veri/coco/busi_train.json',
        data_prefix=dict(img=''),
        data_root='d:/mamografi/real_time_segmentasyon/Dataset_BUSI_with_GT/',
        filter_cfg=dict(filter_empty_gt=False, min_size=0),
        metainfo=dict(classes=('lezyon', ), palette=[
            (
                220,
                20,
                60,
            ),
        ]),
        pipeline=[
            dict(backend_args=None, type='LoadImageFromFile'),
            dict(
                poly2mask=True,
                type='LoadAnnotations',
                with_bbox=True,
                with_mask=True),
            dict(
                bbox_params=dict(
                    filter_lost_elements=True,
                    format='pascal_voc',
                    label_fields=[
                        'gt_bboxes_labels',
                    ],
                    min_visibility=0.0,
                    type='BboxParams'),
                keymap=dict(gt_bboxes='bboxes', gt_masks='masks', img='image'),
                transforms=[
                    dict(p=0.5, type='HorizontalFlip'),
                    dict(
                        p=0.7,
                        rotate=(
                            -15,
                            15,
                        ),
                        scale=(
                            0.85,
                            1.15,
                        ),
                        translate_percent=(
                            -0.1,
                            0.1,
                        ),
                        type='Affine'),
                    dict(alpha=30, p=0.25, sigma=6, type='ElasticTransform'),
                    dict(
                        brightness_limit=0.2,
                        contrast_limit=0.2,
                        p=0.5,
                        type='RandomBrightnessContrast'),
                    dict(gamma_limit=(
                        80,
                        120,
                    ), p=0.3, type='RandomGamma'),
                    dict(
                        elementwise=True,
                        multiplier=(
                            0.85,
                            1.15,
                        ),
                        p=0.3,
                        type='MultiplicativeNoise'),
                    dict(blur_limit=7, p=0.2, type='MotionBlur'),
                ],
                type='AlbuBosGuvenli'),
            dict(keep_ratio=True, scale=(
                256,
                256,
            ), type='Resize'),
            dict(
                pad_val=dict(img=(
                    114,
                    114,
                    114,
                ), masks=0),
                size=(
                    256,
                    256,
                ),
                type='Pad'),
            dict(type='PackDetInputs'),
        ],
        type='CocoDataset'),
    num_workers=0,
    persistent_workers=False,
    pin_memory=True,
    sampler=dict(_scope_='mmdet', shuffle=True, type='DefaultSampler'))
train_pipeline = [
    dict(backend_args=None, type='LoadImageFromFile'),
    dict(
        poly2mask=True, type='LoadAnnotations', with_bbox=True,
        with_mask=True),
    dict(
        bbox_params=dict(
            filter_lost_elements=True,
            format='pascal_voc',
            label_fields=[
                'gt_bboxes_labels',
            ],
            min_visibility=0.0,
            type='BboxParams'),
        keymap=dict(gt_bboxes='bboxes', gt_masks='masks', img='image'),
        transforms=[
            dict(p=0.5, type='HorizontalFlip'),
            dict(
                p=0.7,
                rotate=(
                    -15,
                    15,
                ),
                scale=(
                    0.85,
                    1.15,
                ),
                translate_percent=(
                    -0.1,
                    0.1,
                ),
                type='Affine'),
            dict(alpha=30, p=0.25, sigma=6, type='ElasticTransform'),
            dict(
                brightness_limit=0.2,
                contrast_limit=0.2,
                p=0.5,
                type='RandomBrightnessContrast'),
            dict(gamma_limit=(
                80,
                120,
            ), p=0.3, type='RandomGamma'),
            dict(
                elementwise=True,
                multiplier=(
                    0.85,
                    1.15,
                ),
                p=0.3,
                type='MultiplicativeNoise'),
            dict(blur_limit=7, p=0.2, type='MotionBlur'),
        ],
        type='AlbuBosGuvenli'),
    dict(keep_ratio=True, scale=(
        256,
        256,
    ), type='Resize'),
    dict(
        pad_val=dict(img=(
            114,
            114,
            114,
        ), masks=0),
        size=(
            256,
            256,
        ),
        type='Pad'),
    dict(type='PackDetInputs'),
]
train_pipeline_stage2 = [
    dict(_scope_='mmdet', backend_args=None, type='LoadImageFromFile'),
    dict(
        _scope_='mmdet',
        poly2mask=False,
        type='LoadAnnotations',
        with_bbox=True,
        with_mask=True),
    dict(
        _scope_='mmdet',
        keep_ratio=True,
        ratio_range=(
            0.5,
            2.0,
        ),
        scale=(
            640,
            640,
        ),
        type='RandomResize'),
    dict(
        _scope_='mmdet',
        allow_negative_crop=True,
        crop_size=(
            640,
            640,
        ),
        recompute_bbox=True,
        type='RandomCrop'),
    dict(_scope_='mmdet', min_gt_bbox_wh=(
        1,
        1,
    ), type='FilterAnnotations'),
    dict(_scope_='mmdet', type='YOLOXHSVRandomAug'),
    dict(_scope_='mmdet', prob=0.5, type='RandomFlip'),
    dict(
        _scope_='mmdet',
        pad_val=dict(img=(
            114,
            114,
            114,
        )),
        size=(
            640,
            640,
        ),
        type='Pad'),
    dict(_scope_='mmdet', type='PackDetInputs'),
]
tta_model = dict(
    _scope_='mmdet',
    tta_cfg=dict(max_per_img=100, nms=dict(iou_threshold=0.6, type='nms')),
    type='DetTTAModel')
tta_pipeline = [
    dict(_scope_='mmdet', backend_args=None, type='LoadImageFromFile'),
    dict(
        _scope_='mmdet',
        transforms=[
            [
                dict(keep_ratio=True, scale=(
                    640,
                    640,
                ), type='Resize'),
                dict(keep_ratio=True, scale=(
                    320,
                    320,
                ), type='Resize'),
                dict(keep_ratio=True, scale=(
                    960,
                    960,
                ), type='Resize'),
            ],
            [
                dict(prob=1.0, type='RandomFlip'),
                dict(prob=0.0, type='RandomFlip'),
            ],
            [
                dict(
                    pad_val=dict(img=(
                        114,
                        114,
                        114,
                    )),
                    size=(
                        960,
                        960,
                    ),
                    type='Pad'),
            ],
            [
                dict(type='LoadAnnotations', with_bbox=True),
            ],
            [
                dict(
                    meta_keys=(
                        'img_id',
                        'img_path',
                        'ori_shape',
                        'img_shape',
                        'scale_factor',
                        'flip',
                        'flip_direction',
                    ),
                    type='PackDetInputs'),
            ],
        ],
        type='TestTimeAug'),
]
val_cfg = dict(_scope_='mmdet', type='ValLoop')
val_dataloader = dict(
    batch_size=1,
    dataset=dict(
        _scope_='mmdet',
        ann_file='d:/mamografi/real_time_segmentasyon/veri/coco/busi_val.json',
        backend_args=None,
        data_prefix=dict(img=''),
        data_root='d:/mamografi/real_time_segmentasyon/Dataset_BUSI_with_GT/',
        metainfo=dict(classes=('lezyon', ), palette=[
            (
                220,
                20,
                60,
            ),
        ]),
        pipeline=[
            dict(backend_args=None, type='LoadImageFromFile'),
            dict(keep_ratio=True, scale=(
                256,
                256,
            ), type='Resize'),
            dict(
                pad_val=dict(img=(
                    114,
                    114,
                    114,
                ), masks=0),
                size=(
                    256,
                    256,
                ),
                type='Pad'),
            dict(
                poly2mask=True,
                type='LoadAnnotations',
                with_bbox=True,
                with_mask=True),
            dict(
                meta_keys=(
                    'img_id',
                    'img_path',
                    'ori_shape',
                    'img_shape',
                    'scale_factor',
                ),
                type='PackDetInputs'),
        ],
        test_mode=True,
        type='CocoDataset'),
    drop_last=False,
    num_workers=0,
    persistent_workers=False,
    sampler=dict(_scope_='mmdet', shuffle=False, type='DefaultSampler'))
val_evaluator = [
    dict(
        ann_file='d:/mamografi/real_time_segmentasyon/veri/coco/busi_val.json',
        format_only=False,
        metric=[
            'bbox',
            'segm',
        ],
        type='CocoMetricHizali'),
    dict(
        manifest='d:/mamografi/real_time_segmentasyon/veri/veri_manifest.csv',
        type='BusiDiceMetric'),
]
val_loss_dataloader = dict(
    batch_size=8,
    dataset=dict(
        ann_file='d:/mamografi/real_time_segmentasyon/veri/coco/busi_val.json',
        data_prefix=dict(img=''),
        data_root='d:/mamografi/real_time_segmentasyon/Dataset_BUSI_with_GT/',
        filter_cfg=dict(filter_empty_gt=False, min_size=0),
        metainfo=dict(classes=('lezyon', ), palette=[
            (
                220,
                20,
                60,
            ),
        ]),
        pipeline=[
            dict(backend_args=None, type='LoadImageFromFile'),
            dict(
                poly2mask=True,
                type='LoadAnnotations',
                with_bbox=True,
                with_mask=True),
            dict(keep_ratio=True, scale=(
                256,
                256,
            ), type='Resize'),
            dict(
                pad_val=dict(img=(
                    114,
                    114,
                    114,
                ), masks=0),
                size=(
                    256,
                    256,
                ),
                type='Pad'),
            dict(type='PackDetInputs'),
        ],
        type='CocoDataset'),
    drop_last=False,
    num_workers=0,
    persistent_workers=False,
    sampler=dict(shuffle=False, type='DefaultSampler'))
val_loss_pipeline = [
    dict(backend_args=None, type='LoadImageFromFile'),
    dict(
        poly2mask=True, type='LoadAnnotations', with_bbox=True,
        with_mask=True),
    dict(keep_ratio=True, scale=(
        256,
        256,
    ), type='Resize'),
    dict(
        pad_val=dict(img=(
            114,
            114,
            114,
        ), masks=0),
        size=(
            256,
            256,
        ),
        type='Pad'),
    dict(type='PackDetInputs'),
]
vis_backends = [
    dict(_scope_='mmdet', type='LocalVisBackend'),
]
visualizer = dict(
    _scope_='mmdet',
    name='visualizer',
    type='DetLocalVisualizer',
    vis_backends=[
        dict(type='LocalVisBackend'),
    ])
work_dir = 'd:/mamografi/real_time_segmentasyon/rtmdet/calisma/rtmdet_ins_tiny_256_orta_s44'

2026/08/08 22:24:17 - mmengine - INFO - Distributed training is not used, all SyncBatchNorm (SyncBN) layers in the model will be automatically reverted to BatchNormXd layers if they are used.
2026/08/08 22:24:18 - mmengine - INFO - Hooks will be executed in the following order:
before_run:
(VERY_HIGH   ) RuntimeInfoHook                    
(49          ) EMAHook                            
(BELOW_NORMAL) LoggerHook                         
 -------------------- 
after_load_checkpoint:
(49          ) EMAHook                            
 -------------------- 
before_train:
(VERY_HIGH   ) RuntimeInfoHook                    
(49          ) EMAHook                            
(NORMAL      ) IterTimerHook                      
(VERY_LOW    ) CheckpointHook                     
 -------------------- 
before_train_epoch:
(VERY_HIGH   ) RuntimeInfoHook                    
(NORMAL      ) IterTimerHook                      
(NORMAL      ) DistSamplerSeedHook                
 -------------------- 
before_train_iter:
(VERY_HIGH   ) RuntimeInfoHook                    
(NORMAL      ) IterTimerHook                      
 -------------------- 
after_train_iter:
(VERY_HIGH   ) RuntimeInfoHook                    
(49          ) EMAHook                            
(NORMAL      ) IterTimerHook                      
(BELOW_NORMAL) LoggerHook                         
(LOW         ) ParamSchedulerHook                 
(VERY_LOW    ) CheckpointHook                     
 -------------------- 
after_train_epoch:
(NORMAL      ) IterTimerHook                      
(LOW         ) ParamSchedulerHook                 
(VERY_LOW    ) CheckpointHook                     
 -------------------- 
before_val:
(VERY_HIGH   ) RuntimeInfoHook                    
 -------------------- 
before_val_epoch:
(49          ) EMAHook                            
(NORMAL      ) IterTimerHook                      
 -------------------- 
before_val_iter:
(NORMAL      ) IterTimerHook                      
 -------------------- 
after_val_iter:
(NORMAL      ) IterTimerHook                      
(NORMAL      ) DetVisualizationHook               
(BELOW_NORMAL) LoggerHook                         
 -------------------- 
after_val_epoch:
(9           ) ValLossHook                        
(VERY_HIGH   ) RuntimeInfoHook                    
(49          ) EMAHook                            
(NORMAL      ) IterTimerHook                      
(BELOW_NORMAL) LoggerHook                         
(LOW         ) ParamSchedulerHook                 
(VERY_LOW    ) CheckpointHook                     
 -------------------- 
after_val:
(VERY_HIGH   ) RuntimeInfoHook                    
 -------------------- 
before_save_checkpoint:
(49          ) EMAHook                            
 -------------------- 
after_train:
(VERY_HIGH   ) RuntimeInfoHook                    
(VERY_LOW    ) CheckpointHook                     
 -------------------- 
before_test:
(VERY_HIGH   ) RuntimeInfoHook                    
 -------------------- 
before_test_epoch:
(49          ) EMAHook                            
(NORMAL      ) IterTimerHook                      
 -------------------- 
before_test_iter:
(NORMAL      ) IterTimerHook                      
 -------------------- 
after_test_iter:
(NORMAL      ) IterTimerHook                      
(NORMAL      ) DetVisualizationHook               
(BELOW_NORMAL) LoggerHook                         
 -------------------- 
after_test_epoch:
(VERY_HIGH   ) RuntimeInfoHook                    
(49          ) EMAHook                            
(NORMAL      ) IterTimerHook                      
(BELOW_NORMAL) LoggerHook                         
 -------------------- 
after_test:
(VERY_HIGH   ) RuntimeInfoHook                    
 -------------------- 
after_run:
(BELOW_NORMAL) LoggerHook                         
 -------------------- 
2026/08/08 22:24:19 - mmengine - INFO - paramwise_options -- backbone.stem.0.bn.weight:weight_decay=0.0
2026/08/08 22:24:19 - mmengine - INFO - paramwise_options -- backbone.stem.0.bn.bias:weight_decay=0.0
2026/08/08 22:24:19 - mmengine - INFO - paramwise_options -- backbone.stem.1.bn.weight:weight_decay=0.0
2026/08/08 22:24:19 - mmengine - INFO - paramwise_options -- backbone.stem.1.bn.bias:weight_decay=0.0
2026/08/08 22:24:19 - mmengine - INFO - paramwise_options -- backbone.stem.2.bn.weight:weight_decay=0.0
2026/08/08 22:24:19 - mmengine - INFO - paramwise_options -- backbone.stem.2.bn.bias:weight_decay=0.0
2026/08/08 22:24:19 - mmengine - INFO - paramwise_options -- backbone.stage1.0.bn.weight:weight_decay=0.0
2026/08/08 22:24:19 - mmengine - INFO - paramwise_options -- backbone.stage1.0.bn.bias:weight_decay=0.0
2026/08/08 22:24:19 - mmengine - INFO - paramwise_options -- backbone.stage1.1.main_conv.bn.weight:weight_decay=0.0
2026/08/08 22:24:19 - mmengine - INFO - paramwise_options -- backbone.stage1.1.main_conv.bn.bias:weight_decay=0.0
2026/08/08 22:24:19 - mmengine - INFO - paramwise_options -- backbone.stage1.1.short_conv.bn.weight:weight_decay=0.0
2026/08/08 22:24:19 - mmengine - INFO - paramwise_options -- backbone.stage1.1.short_conv.bn.bias:weight_decay=0.0
2026/08/08 22:24:19 - mmengine - INFO - paramwise_options -- backbone.stage1.1.final_conv.bn.weight:weight_decay=0.0
2026/08/08 22:24:19 - mmengine - INFO - paramwise_options -- backbone.stage1.1.final_conv.bn.bias:weight_decay=0.0
2026/08/08 22:24:19 - mmengine - INFO - paramwise_options -- backbone.stage1.1.blocks.0.conv1.bn.weight:weight_decay=0.0
2026/08/08 22:24:19 - mmengine - INFO - paramwise_options -- backbone.stage1.1.blocks.0.conv1.bn.bias:weight_decay=0.0
2026/08/08 22:24:19 - mmengine - INFO - paramwise_options -- backbone.stage1.1.blocks.0.conv2.depthwise_conv.bn.weight:weight_decay=0.0
2026/08/08 22:24:19 - mmengine - INFO - paramwise_options -- backbone.stage1.1.blocks.0.conv2.depthwise_conv.bn.bias:weight_decay=0.0
2026/08/08 22:24:19 - mmengine - INFO - paramwise_options -- backbone.stage1.1.blocks.0.conv2.pointwise_conv.bn.weight:weight_decay=0.0
2026/08/08 22:24:19 - mmengine - INFO - paramwise_options -- backbone.stage1.1.blocks.0.conv2.pointwise_conv.bn.bias:weight_decay=0.0
2026/08/08 22:24:19 - mmengine - INFO - paramwise_options -- backbone.stage1.1.attention.fc.bias:weight_decay=0.0
2026/08/08 22:24:19 - mmengine - INFO - paramwise_options -- backbone.stage2.0.bn.weight:weight_decay=0.0
2026/08/08 22:24:19 - mmengine - INFO - paramwise_options -- backbone.stage2.0.bn.bias:weight_decay=0.0
2026/08/08 22:24:19 - mmengine - INFO - paramwise_options -- backbone.stage2.1.main_conv.bn.weight:weight_decay=0.0
2026/08/08 22:24:19 - mmengine - INFO - paramwise_options -- backbone.stage2.1.main_conv.bn.bias:weight_decay=0.0
2026/08/08 22:24:19 - mmengine - INFO - paramwise_options -- backbone.stage2.1.short_conv.bn.weight:weight_decay=0.0
2026/08/08 22:24:19 - mmengine - INFO - paramwise_options -- backbone.stage2.1.short_conv.bn.bias:weight_decay=0.0
2026/08/08 22:24:19 - mmengine - INFO - paramwise_options -- backbone.stage2.1.final_conv.bn.weight:weight_decay=0.0
2026/08/08 22:24:19 - mmengine - INFO - paramwise_options -- backbone.stage2.1.final_conv.bn.bias:weight_decay=0.0
2026/08/08 22:24:19 - mmengine - INFO - paramwise_options -- backbone.stage2.1.blocks.0.conv1.bn.weight:weight_decay=0.0
2026/08/08 22:24:19 - mmengine - INFO - paramwise_options -- backbone.stage2.1.blocks.0.conv1.bn.bias:weight_decay=0.0
2026/08/08 22:24:19 - mmengine - INFO - paramwise_options -- backbone.stage2.1.blocks.0.conv2.depthwise_conv.bn.weight:weight_decay=0.0
2026/08/08 22:24:19 - mmengine - INFO - paramwise_options -- backbone.stage2.1.blocks.0.conv2.depthwise_conv.bn.bias:weight_decay=0.0
2026/08/08 22:24:19 - mmengine - INFO - paramwise_options -- backbone.stage2.1.blocks.0.conv2.pointwise_conv.bn.weight:weight_decay=0.0
2026/08/08 22:24:19 - mmengine - INFO - paramwise_options -- backbone.stage2.1.blocks.0.conv2.pointwise_conv.bn.bias:weight_decay=0.0
2026/08/08 22:24:19 - mmengine - INFO - paramwise_options -- backbone.stage2.1.attention.fc.bias:weight_decay=0.0
2026/08/08 22:24:19 - mmengine - INFO - paramwise_options -- backbone.stage3.0.bn.weight:weight_decay=0.0
2026/08/08 22:24:19 - mmengine - INFO - paramwise_options -- backbone.stage3.0.bn.bias:weight_decay=0.0
2026/08/08 22:24:19 - mmengine - INFO - paramwise_options -- backbone.stage3.1.main_conv.bn.weight:weight_decay=0.0
2026/08/08 22:24:19 - mmengine - INFO - paramwise_options -- backbone.stage3.1.main_conv.bn.bias:weight_decay=0.0
2026/08/08 22:24:19 - mmengine - INFO - paramwise_options -- backbone.stage3.1.short_conv.bn.weight:weight_decay=0.0
2026/08/08 22:24:19 - mmengine - INFO - paramwise_options -- backbone.stage3.1.short_conv.bn.bias:weight_decay=0.0
2026/08/08 22:24:19 - mmengine - INFO - paramwise_options -- backbone.stage3.1.final_conv.bn.weight:weight_decay=0.0
2026/08/08 22:24:19 - mmengine - INFO - paramwise_options -- backbone.stage3.1.final_conv.bn.bias:weight_decay=0.0
2026/08/08 22:24:19 - mmengine - INFO - paramwise_options -- backbone.stage3.1.blocks.0.conv1.bn.weight:weight_decay=0.0
2026/08/08 22:24:19 - mmengine - INFO - paramwise_options -- backbone.stage3.1.blocks.0.conv1.bn.bias:weight_decay=0.0
2026/08/08 22:24:19 - mmengine - INFO - paramwise_options -- backbone.stage3.1.blocks.0.conv2.depthwise_conv.bn.weight:weight_decay=0.0
2026/08/08 22:24:19 - mmengine - INFO - paramwise_options -- backbone.stage3.1.blocks.0.conv2.depthwise_conv.bn.bias:weight_decay=0.0
2026/08/08 22:24:19 - mmengine - INFO - paramwise_options -- backbone.stage3.1.blocks.0.conv2.pointwise_conv.bn.weight:weight_decay=0.0
2026/08/08 22:24:19 - mmengine - INFO - paramwise_options -- backbone.stage3.1.blocks.0.conv2.pointwise_conv.bn.bias:weight_decay=0.0
2026/08/08 22:24:19 - mmengine - INFO - paramwise_options -- backbone.stage3.1.attention.fc.bias:weight_decay=0.0
2026/08/08 22:24:19 - mmengine - INFO - paramwise_options -- backbone.stage4.0.bn.weight:weight_decay=0.0
2026/08/08 22:24:19 - mmengine - INFO - paramwise_options -- backbone.stage4.0.bn.bias:weight_decay=0.0
2026/08/08 22:24:19 - mmengine - INFO - paramwise_options -- backbone.stage4.1.conv1.bn.weight:weight_decay=0.0
2026/08/08 22:24:19 - mmengine - INFO - paramwise_options -- backbone.stage4.1.conv1.bn.bias:weight_decay=0.0
2026/08/08 22:24:19 - mmengine - INFO - paramwise_options -- backbone.stage4.1.conv2.bn.weight:weight_decay=0.0
2026/08/08 22:24:19 - mmengine - INFO - paramwise_options -- backbone.stage4.1.conv2.bn.bias:weight_decay=0.0
2026/08/08 22:24:19 - mmengine - INFO - paramwise_options -- backbone.stage4.2.main_conv.bn.weight:weight_decay=0.0
2026/08/08 22:24:19 - mmengine - INFO - paramwise_options -- backbone.stage4.2.main_conv.bn.bias:weight_decay=0.0
2026/08/08 22:24:19 - mmengine - INFO - paramwise_options -- backbone.stage4.2.short_conv.bn.weight:weight_decay=0.0
2026/08/08 22:24:19 - mmengine - INFO - paramwise_options -- backbone.stage4.2.short_conv.bn.bias:weight_decay=0.0
2026/08/08 22:24:19 - mmengine - INFO - paramwise_options -- backbone.stage4.2.final_conv.bn.weight:weight_decay=0.0
2026/08/08 22:24:19 - mmengine - INFO - paramwise_options -- backbone.stage4.2.final_conv.bn.bias:weight_decay=0.0
2026/08/08 22:24:19 - mmengine - INFO - paramwise_options -- backbone.stage4.2.blocks.0.conv1.bn.weight:weight_decay=0.0
2026/08/08 22:24:19 - mmengine - INFO - paramwise_options -- backbone.stage4.2.blocks.0.conv1.bn.bias:weight_decay=0.0
2026/08/08 22:24:19 - mmengine - INFO - paramwise_options -- backbone.stage4.2.blocks.0.conv2.depthwise_conv.bn.weight:weight_decay=0.0
2026/08/08 22:24:19 - mmengine - INFO - paramwise_options -- backbone.stage4.2.blocks.0.conv2.depthwise_conv.bn.bias:weight_decay=0.0
2026/08/08 22:24:19 - mmengine - INFO - paramwise_options -- backbone.stage4.2.blocks.0.conv2.pointwise_conv.bn.weight:weight_decay=0.0
2026/08/08 22:24:19 - mmengine - INFO - paramwise_options -- backbone.stage4.2.blocks.0.conv2.pointwise_conv.bn.bias:weight_decay=0.0
2026/08/08 22:24:19 - mmengine - INFO - paramwise_options -- backbone.stage4.2.attention.fc.bias:weight_decay=0.0
2026/08/08 22:24:19 - mmengine - INFO - paramwise_options -- neck.reduce_layers.0.bn.weight:weight_decay=0.0
2026/08/08 22:24:19 - mmengine - INFO - paramwise_options -- neck.reduce_layers.0.bn.bias:weight_decay=0.0
2026/08/08 22:24:19 - mmengine - INFO - paramwise_options -- neck.reduce_layers.1.bn.weight:weight_decay=0.0
2026/08/08 22:24:19 - mmengine - INFO - paramwise_options -- neck.reduce_layers.1.bn.bias:weight_decay=0.0
2026/08/08 22:24:19 - mmengine - INFO - paramwise_options -- neck.top_down_blocks.0.main_conv.bn.weight:weight_decay=0.0
2026/08/08 22:24:19 - mmengine - INFO - paramwise_options -- neck.top_down_blocks.0.main_conv.bn.bias:weight_decay=0.0
2026/08/08 22:24:19 - mmengine - INFO - paramwise_options -- neck.top_down_blocks.0.short_conv.bn.weight:weight_decay=0.0
2026/08/08 22:24:19 - mmengine - INFO - paramwise_options -- neck.top_down_blocks.0.short_conv.bn.bias:weight_decay=0.0
2026/08/08 22:24:19 - mmengine - INFO - paramwise_options -- neck.top_down_blocks.0.final_conv.bn.weight:weight_decay=0.0
2026/08/08 22:24:19 - mmengine - INFO - paramwise_options -- neck.top_down_blocks.0.final_conv.bn.bias:weight_decay=0.0
2026/08/08 22:24:19 - mmengine - INFO - paramwise_options -- neck.top_down_blocks.0.blocks.0.conv1.bn.weight:weight_decay=0.0
2026/08/08 22:24:19 - mmengine - INFO - paramwise_options -- neck.top_down_blocks.0.blocks.0.conv1.bn.bias:weight_decay=0.0
2026/08/08 22:24:19 - mmengine - INFO - paramwise_options -- neck.top_down_blocks.0.blocks.0.conv2.depthwise_conv.bn.weight:weight_decay=0.0
2026/08/08 22:24:19 - mmengine - INFO - paramwise_options -- neck.top_down_blocks.0.blocks.0.conv2.depthwise_conv.bn.bias:weight_decay=0.0
2026/08/08 22:24:19 - mmengine - INFO - paramwise_options -- neck.top_down_blocks.0.blocks.0.conv2.pointwise_conv.bn.weight:weight_decay=0.0
2026/08/08 22:24:19 - mmengine - INFO - paramwise_options -- neck.top_down_blocks.0.blocks.0.conv2.pointwise_conv.bn.bias:weight_decay=0.0
2026/08/08 22:24:19 - mmengine - INFO - paramwise_options -- neck.top_down_blocks.1.main_conv.bn.weight:weight_decay=0.0
2026/08/08 22:24:19 - mmengine - INFO - paramwise_options -- neck.top_down_blocks.1.main_conv.bn.bias:weight_decay=0.0
2026/08/08 22:24:19 - mmengine - INFO - paramwise_options -- neck.top_down_blocks.1.short_conv.bn.weight:weight_decay=0.0
2026/08/08 22:24:19 - mmengine - INFO - paramwise_options -- neck.top_down_blocks.1.short_conv.bn.bias:weight_decay=0.0
2026/08/08 22:24:19 - mmengine - INFO - paramwise_options -- neck.top_down_blocks.1.final_conv.bn.weight:weight_decay=0.0
2026/08/08 22:24:19 - mmengine - INFO - paramwise_options -- neck.top_down_blocks.1.final_conv.bn.bias:weight_decay=0.0
2026/08/08 22:24:19 - mmengine - INFO - paramwise_options -- neck.top_down_blocks.1.blocks.0.conv1.bn.weight:weight_decay=0.0
2026/08/08 22:24:19 - mmengine - INFO - paramwise_options -- neck.top_down_blocks.1.blocks.0.conv1.bn.bias:weight_decay=0.0
2026/08/08 22:24:19 - mmengine - INFO - paramwise_options -- neck.top_down_blocks.1.blocks.0.conv2.depthwise_conv.bn.weight:weight_decay=0.0
2026/08/08 22:24:19 - mmengine - INFO - paramwise_options -- neck.top_down_blocks.1.blocks.0.conv2.depthwise_conv.bn.bias:weight_decay=0.0
2026/08/08 22:24:19 - mmengine - INFO - paramwise_options -- neck.top_down_blocks.1.blocks.0.conv2.pointwise_conv.bn.weight:weight_decay=0.0
2026/08/08 22:24:19 - mmengine - INFO - paramwise_options -- neck.top_down_blocks.1.blocks.0.conv2.pointwise_conv.bn.bias:weight_decay=0.0
2026/08/08 22:24:19 - mmengine - INFO - paramwise_options -- neck.downsamples.0.bn.weight:weight_decay=0.0
2026/08/08 22:24:19 - mmengine - INFO - paramwise_options -- neck.downsamples.0.bn.bias:weight_decay=0.0
2026/08/08 22:24:19 - mmengine - INFO - paramwise_options -- neck.downsamples.1.bn.weight:weight_decay=0.0
2026/08/08 22:24:19 - mmengine - INFO - paramwise_options -- neck.downsamples.1.bn.bias:weight_decay=0.0
2026/08/08 22:24:19 - mmengine - INFO - paramwise_options -- neck.bottom_up_blocks.0.main_conv.bn.weight:weight_decay=0.0
2026/08/08 22:24:19 - mmengine - INFO - paramwise_options -- neck.bottom_up_blocks.0.main_conv.bn.bias:weight_decay=0.0
2026/08/08 22:24:19 - mmengine - INFO - paramwise_options -- neck.bottom_up_blocks.0.short_conv.bn.weight:weight_decay=0.0
2026/08/08 22:24:19 - mmengine - INFO - paramwise_options -- neck.bottom_up_blocks.0.short_conv.bn.bias:weight_decay=0.0
2026/08/08 22:24:19 - mmengine - INFO - paramwise_options -- neck.bottom_up_blocks.0.final_conv.bn.weight:weight_decay=0.0
2026/08/08 22:24:19 - mmengine - INFO - paramwise_options -- neck.bottom_up_blocks.0.final_conv.bn.bias:weight_decay=0.0
2026/08/08 22:24:19 - mmengine - INFO - paramwise_options -- neck.bottom_up_blocks.0.blocks.0.conv1.bn.weight:weight_decay=0.0
2026/08/08 22:24:19 - mmengine - INFO - paramwise_options -- neck.bottom_up_blocks.0.blocks.0.conv1.bn.bias:weight_decay=0.0
2026/08/08 22:24:19 - mmengine - INFO - paramwise_options -- neck.bottom_up_blocks.0.blocks.0.conv2.depthwise_conv.bn.weight:weight_decay=0.0
2026/08/08 22:24:19 - mmengine - INFO - paramwise_options -- neck.bottom_up_blocks.0.blocks.0.conv2.depthwise_conv.bn.bias:weight_decay=0.0
2026/08/08 22:24:19 - mmengine - INFO - paramwise_options -- neck.bottom_up_blocks.0.blocks.0.conv2.pointwise_conv.bn.weight:weight_decay=0.0
2026/08/08 22:24:19 - mmengine - INFO - paramwise_options -- neck.bottom_up_blocks.0.blocks.0.conv2.pointwise_conv.bn.bias:weight_decay=0.0
2026/08/08 22:24:19 - mmengine - INFO - paramwise_options -- neck.bottom_up_blocks.1.main_conv.bn.weight:weight_decay=0.0
2026/08/08 22:24:19 - mmengine - INFO - paramwise_options -- neck.bottom_up_blocks.1.main_conv.bn.bias:weight_decay=0.0
2026/08/08 22:24:19 - mmengine - INFO - paramwise_options -- neck.bottom_up_blocks.1.short_conv.bn.weight:weight_decay=0.0
2026/08/08 22:24:19 - mmengine - INFO - paramwise_options -- neck.bottom_up_blocks.1.short_conv.bn.bias:weight_decay=0.0
2026/08/08 22:24:19 - mmengine - INFO - paramwise_options -- neck.bottom_up_blocks.1.final_conv.bn.weight:weight_decay=0.0
2026/08/08 22:24:19 - mmengine - INFO - paramwise_options -- neck.bottom_up_blocks.1.final_conv.bn.bias:weight_decay=0.0
2026/08/08 22:24:19 - mmengine - INFO - paramwise_options -- neck.bottom_up_blocks.1.blocks.0.conv1.bn.weight:weight_decay=0.0
2026/08/08 22:24:19 - mmengine - INFO - paramwise_options -- neck.bottom_up_blocks.1.blocks.0.conv1.bn.bias:weight_decay=0.0
2026/08/08 22:24:19 - mmengine - INFO - paramwise_options -- neck.bottom_up_blocks.1.blocks.0.conv2.depthwise_conv.bn.weight:weight_decay=0.0
2026/08/08 22:24:19 - mmengine - INFO - paramwise_options -- neck.bottom_up_blocks.1.blocks.0.conv2.depthwise_conv.bn.bias:weight_decay=0.0
2026/08/08 22:24:19 - mmengine - INFO - paramwise_options -- neck.bottom_up_blocks.1.blocks.0.conv2.pointwise_conv.bn.weight:weight_decay=0.0
2026/08/08 22:24:19 - mmengine - INFO - paramwise_options -- neck.bottom_up_blocks.1.blocks.0.conv2.pointwise_conv.bn.bias:weight_decay=0.0
2026/08/08 22:24:19 - mmengine - INFO - paramwise_options -- neck.out_convs.0.bn.weight:weight_decay=0.0
2026/08/08 22:24:19 - mmengine - INFO - paramwise_options -- neck.out_convs.0.bn.bias:weight_decay=0.0
2026/08/08 22:24:19 - mmengine - INFO - paramwise_options -- neck.out_convs.1.bn.weight:weight_decay=0.0
2026/08/08 22:24:19 - mmengine - INFO - paramwise_options -- neck.out_convs.1.bn.bias:weight_decay=0.0
2026/08/08 22:24:19 - mmengine - INFO - paramwise_options -- neck.out_convs.2.bn.weight:weight_decay=0.0
2026/08/08 22:24:19 - mmengine - INFO - paramwise_options -- neck.out_convs.2.bn.bias:weight_decay=0.0
2026/08/08 22:24:19 - mmengine - INFO - paramwise_options -- bbox_head.cls_convs.0.0.bn.weight:weight_decay=0.0
2026/08/08 22:24:19 - mmengine - INFO - paramwise_options -- bbox_head.cls_convs.0.0.bn.bias:weight_decay=0.0
2026/08/08 22:24:19 - mmengine - INFO - paramwise_options -- bbox_head.cls_convs.0.1.bn.weight:weight_decay=0.0
2026/08/08 22:24:19 - mmengine - INFO - paramwise_options -- bbox_head.cls_convs.0.1.bn.bias:weight_decay=0.0
2026/08/08 22:24:19 - mmengine - WARNING - bbox_head.cls_convs.1.0.conv is duplicate. It is skipped since bypass_duplicate=True
2026/08/08 22:24:19 - mmengine - INFO - paramwise_options -- bbox_head.cls_convs.1.0.bn.weight:weight_decay=0.0
2026/08/08 22:24:19 - mmengine - INFO - paramwise_options -- bbox_head.cls_convs.1.0.bn.bias:weight_decay=0.0
2026/08/08 22:24:19 - mmengine - WARNING - bbox_head.cls_convs.1.1.conv is duplicate. It is skipped since bypass_duplicate=True
2026/08/08 22:24:19 - mmengine - INFO - paramwise_options -- bbox_head.cls_convs.1.1.bn.weight:weight_decay=0.0
2026/08/08 22:24:19 - mmengine - INFO - paramwise_options -- bbox_head.cls_convs.1.1.bn.bias:weight_decay=0.0
2026/08/08 22:24:19 - mmengine - WARNING - bbox_head.cls_convs.2.0.conv is duplicate. It is skipped since bypass_duplicate=True
2026/08/08 22:24:19 - mmengine - INFO - paramwise_options -- bbox_head.cls_convs.2.0.bn.weight:weight_decay=0.0
2026/08/08 22:24:19 - mmengine - INFO - paramwise_options -- bbox_head.cls_convs.2.0.bn.bias:weight_decay=0.0
2026/08/08 22:24:19 - mmengine - WARNING - bbox_head.cls_convs.2.1.conv is duplicate. It is skipped since bypass_duplicate=True
2026/08/08 22:24:19 - mmengine - INFO - paramwise_options -- bbox_head.cls_convs.2.1.bn.weight:weight_decay=0.0
2026/08/08 22:24:19 - mmengine - INFO - paramwise_options -- bbox_head.cls_convs.2.1.bn.bias:weight_decay=0.0
2026/08/08 22:24:19 - mmengine - WARNING - bbox_head.reg_convs.0.0.conv is duplicate. It is skipped since bypass_duplicate=True
2026/08/08 22:24:19 - mmengine - WARNING - bbox_head.reg_convs.0.0.bn is duplicate. It is skipped since bypass_duplicate=True
2026/08/08 22:24:19 - mmengine - WARNING - bbox_head.reg_convs.0.1.conv is duplicate. It is skipped since bypass_duplicate=True
2026/08/08 22:24:19 - mmengine - WARNING - bbox_head.reg_convs.0.1.bn is duplicate. It is skipped since bypass_duplicate=True
2026/08/08 22:24:19 - mmengine - WARNING - bbox_head.reg_convs.1.0.conv is duplicate. It is skipped since bypass_duplicate=True
2026/08/08 22:24:19 - mmengine - WARNING - bbox_head.reg_convs.1.0.bn is duplicate. It is skipped since bypass_duplicate=True
2026/08/08 22:24:19 - mmengine - WARNING - bbox_head.reg_convs.1.1.conv is duplicate. It is skipped since bypass_duplicate=True
2026/08/08 22:24:19 - mmengine - WARNING - bbox_head.reg_convs.1.1.bn is duplicate. It is skipped since bypass_duplicate=True
2026/08/08 22:24:19 - mmengine - WARNING - bbox_head.reg_convs.2.0.conv is duplicate. It is skipped since bypass_duplicate=True
2026/08/08 22:24:19 - mmengine - WARNING - bbox_head.reg_convs.2.0.bn is duplicate. It is skipped since bypass_duplicate=True
2026/08/08 22:24:19 - mmengine - WARNING - bbox_head.reg_convs.2.1.conv is duplicate. It is skipped since bypass_duplicate=True
2026/08/08 22:24:19 - mmengine - WARNING - bbox_head.reg_convs.2.1.bn is duplicate. It is skipped since bypass_duplicate=True
2026/08/08 22:24:19 - mmengine - INFO - paramwise_options -- bbox_head.kernel_convs.0.0.bn.weight:weight_decay=0.0
2026/08/08 22:24:19 - mmengine - INFO - paramwise_options -- bbox_head.kernel_convs.0.0.bn.bias:weight_decay=0.0
2026/08/08 22:24:19 - mmengine - INFO - paramwise_options -- bbox_head.kernel_convs.0.1.bn.weight:weight_decay=0.0
2026/08/08 22:24:19 - mmengine - INFO - paramwise_options -- bbox_head.kernel_convs.0.1.bn.bias:weight_decay=0.0
2026/08/08 22:24:19 - mmengine - INFO - paramwise_options -- bbox_head.kernel_convs.1.0.bn.weight:weight_decay=0.0
2026/08/08 22:24:19 - mmengine - INFO - paramwise_options -- bbox_head.kernel_convs.1.0.bn.bias:weight_decay=0.0
2026/08/08 22:24:19 - mmengine - INFO - paramwise_options -- bbox_head.kernel_convs.1.1.bn.weight:weight_decay=0.0
2026/08/08 22:24:19 - mmengine - INFO - paramwise_options -- bbox_head.kernel_convs.1.1.bn.bias:weight_decay=0.0
2026/08/08 22:24:19 - mmengine - INFO - paramwise_options -- bbox_head.kernel_convs.2.0.bn.weight:weight_decay=0.0
2026/08/08 22:24:19 - mmengine - INFO - paramwise_options -- bbox_head.kernel_convs.2.0.bn.bias:weight_decay=0.0
2026/08/08 22:24:19 - mmengine - INFO - paramwise_options -- bbox_head.kernel_convs.2.1.bn.weight:weight_decay=0.0
2026/08/08 22:24:19 - mmengine - INFO - paramwise_options -- bbox_head.kernel_convs.2.1.bn.bias:weight_decay=0.0
2026/08/08 22:24:19 - mmengine - INFO - paramwise_options -- bbox_head.rtm_cls.0.bias:weight_decay=0.0
2026/08/08 22:24:19 - mmengine - INFO - paramwise_options -- bbox_head.rtm_cls.1.bias:weight_decay=0.0
2026/08/08 22:24:19 - mmengine - INFO - paramwise_options -- bbox_head.rtm_cls.2.bias:weight_decay=0.0
2026/08/08 22:24:19 - mmengine - INFO - paramwise_options -- bbox_head.rtm_reg.0.bias:weight_decay=0.0
2026/08/08 22:24:19 - mmengine - INFO - paramwise_options -- bbox_head.rtm_reg.1.bias:weight_decay=0.0
2026/08/08 22:24:19 - mmengine - INFO - paramwise_options -- bbox_head.rtm_reg.2.bias:weight_decay=0.0
2026/08/08 22:24:19 - mmengine - INFO - paramwise_options -- bbox_head.rtm_kernel.0.bias:weight_decay=0.0
2026/08/08 22:24:19 - mmengine - INFO - paramwise_options -- bbox_head.rtm_kernel.1.bias:weight_decay=0.0
2026/08/08 22:24:19 - mmengine - INFO - paramwise_options -- bbox_head.rtm_kernel.2.bias:weight_decay=0.0
2026/08/08 22:24:19 - mmengine - INFO - paramwise_options -- bbox_head.mask_head.fusion_conv.bias:weight_decay=0.0
2026/08/08 22:24:19 - mmengine - INFO - paramwise_options -- bbox_head.mask_head.stacked_convs.0.bn.weight:weight_decay=0.0
2026/08/08 22:24:19 - mmengine - INFO - paramwise_options -- bbox_head.mask_head.stacked_convs.0.bn.bias:weight_decay=0.0
2026/08/08 22:24:19 - mmengine - INFO - paramwise_options -- bbox_head.mask_head.stacked_convs.1.bn.weight:weight_decay=0.0
2026/08/08 22:24:19 - mmengine - INFO - paramwise_options -- bbox_head.mask_head.stacked_convs.1.bn.bias:weight_decay=0.0
2026/08/08 22:24:19 - mmengine - INFO - paramwise_options -- bbox_head.mask_head.stacked_convs.2.bn.weight:weight_decay=0.0
2026/08/08 22:24:19 - mmengine - INFO - paramwise_options -- bbox_head.mask_head.stacked_convs.2.bn.bias:weight_decay=0.0
2026/08/08 22:24:19 - mmengine - INFO - paramwise_options -- bbox_head.mask_head.stacked_convs.3.bn.weight:weight_decay=0.0
2026/08/08 22:24:19 - mmengine - INFO - paramwise_options -- bbox_head.mask_head.stacked_convs.3.bn.bias:weight_decay=0.0
2026/08/08 22:24:19 - mmengine - INFO - paramwise_options -- bbox_head.mask_head.projection.bias:weight_decay=0.0
2026/08/08 22:24:21 - mmengine - INFO - load backbone. in model from: https://download.openmmlab.com/mmdetection/v3.0/rtmdet/cspnext_rsb_pretrain/cspnext-tiny_imagenet_600e.pth
Name of parameter - Initialization information

backbone.stem.0.conv.weight - torch.Size([12, 3, 3, 3]): 
PretrainedInit: load from https://download.openmmlab.com/mmdetection/v3.0/rtmdet/cspnext_rsb_pretrain/cspnext-tiny_imagenet_600e.pth 

backbone.stem.0.bn.weight - torch.Size([12]): 
PretrainedInit: load from https://download.openmmlab.com/mmdetection/v3.0/rtmdet/cspnext_rsb_pretrain/cspnext-tiny_imagenet_600e.pth 

backbone.stem.0.bn.bias - torch.Size([12]): 
PretrainedInit: load from https://download.openmmlab.com/mmdetection/v3.0/rtmdet/cspnext_rsb_pretrain/cspnext-tiny_imagenet_600e.pth 

backbone.stem.1.conv.weight - torch.Size([12, 12, 3, 3]): 
PretrainedInit: load from https://download.openmmlab.com/mmdetection/v3.0/rtmdet/cspnext_rsb_pretrain/cspnext-tiny_imagenet_600e.pth 

backbone.stem.1.bn.weight - torch.Size([12]): 
PretrainedInit: load from https://download.openmmlab.com/mmdetection/v3.0/rtmdet/cspnext_rsb_pretrain/cspnext-tiny_imagenet_600e.pth 

backbone.stem.1.bn.bias - torch.Size([12]): 
PretrainedInit: load from https://download.openmmlab.com/mmdetection/v3.0/rtmdet/cspnext_rsb_pretrain/cspnext-tiny_imagenet_600e.pth 

backbone.stem.2.conv.weight - torch.Size([24, 12, 3, 3]): 
PretrainedInit: load from https://download.openmmlab.com/mmdetection/v3.0/rtmdet/cspnext_rsb_pretrain/cspnext-tiny_imagenet_600e.pth 

backbone.stem.2.bn.weight - torch.Size([24]): 
PretrainedInit: load from https://download.openmmlab.com/mmdetection/v3.0/rtmdet/cspnext_rsb_pretrain/cspnext-tiny_imagenet_600e.pth 

backbone.stem.2.bn.bias - torch.Size([24]): 
PretrainedInit: load from https://download.openmmlab.com/mmdetection/v3.0/rtmdet/cspnext_rsb_pretrain/cspnext-tiny_imagenet_600e.pth 

backbone.stage1.0.conv.weight - torch.Size([48, 24, 3, 3]): 
PretrainedInit: load from https://download.openmmlab.com/mmdetection/v3.0/rtmdet/cspnext_rsb_pretrain/cspnext-tiny_imagenet_600e.pth 

backbone.stage1.0.bn.weight - torch.Size([48]): 
PretrainedInit: load from https://download.openmmlab.com/mmdetection/v3.0/rtmdet/cspnext_rsb_pretrain/cspnext-tiny_imagenet_600e.pth 

backbone.stage1.0.bn.bias - torch.Size([48]): 
PretrainedInit: load from https://download.openmmlab.com/mmdetection/v3.0/rtmdet/cspnext_rsb_pretrain/cspnext-tiny_imagenet_600e.pth 

backbone.stage1.1.main_conv.conv.weight - torch.Size([24, 48, 1, 1]): 
PretrainedInit: load from https://download.openmmlab.com/mmdetection/v3.0/rtmdet/cspnext_rsb_pretrain/cspnext-tiny_imagenet_600e.pth 

backbone.stage1.1.main_conv.bn.weight - torch.Size([24]): 
PretrainedInit: load from https://download.openmmlab.com/mmdetection/v3.0/rtmdet/cspnext_rsb_pretrain/cspnext-tiny_imagenet_600e.pth 

backbone.stage1.1.main_conv.bn.bias - torch.Size([24]): 
PretrainedInit: load from https://download.openmmlab.com/mmdetection/v3.0/rtmdet/cspnext_rsb_pretrain/cspnext-tiny_imagenet_600e.pth 

backbone.stage1.1.short_conv.conv.weight - torch.Size([24, 48, 1, 1]): 
PretrainedInit: load from https://download.openmmlab.com/mmdetection/v3.0/rtmdet/cspnext_rsb_pretrain/cspnext-tiny_imagenet_600e.pth 

backbone.stage1.1.short_conv.bn.weight - torch.Size([24]): 
PretrainedInit: load from https://download.openmmlab.com/mmdetection/v3.0/rtmdet/cspnext_rsb_pretrain/cspnext-tiny_imagenet_600e.pth 

backbone.stage1.1.short_conv.bn.bias - torch.Size([24]): 
PretrainedInit: load from https://download.openmmlab.com/mmdetection/v3.0/rtmdet/cspnext_rsb_pretrain/cspnext-tiny_imagenet_600e.pth 

backbone.stage1.1.final_conv.conv.weight - torch.Size([48, 48, 1, 1]): 
PretrainedInit: load from https://download.openmmlab.com/mmdetection/v3.0/rtmdet/cspnext_rsb_pretrain/cspnext-tiny_imagenet_600e.pth 

backbone.stage1.1.final_conv.bn.weight - torch.Size([48]): 
PretrainedInit: load from https://download.openmmlab.com/mmdetection/v3.0/rtmdet/cspnext_rsb_pretrain/cspnext-tiny_imagenet_600e.pth 

backbone.stage1.1.final_conv.bn.bias - torch.Size([48]): 
PretrainedInit: load from https://download.openmmlab.com/mmdetection/v3.0/rtmdet/cspnext_rsb_pretrain/cspnext-tiny_imagenet_600e.pth 

backbone.stage1.1.blocks.0.conv1.conv.weight - torch.Size([24, 24, 3, 3]): 
PretrainedInit: load from https://download.openmmlab.com/mmdetection/v3.0/rtmdet/cspnext_rsb_pretrain/cspnext-tiny_imagenet_600e.pth 

backbone.stage1.1.blocks.0.conv1.bn.weight - torch.Size([24]): 
PretrainedInit: load from https://download.openmmlab.com/mmdetection/v3.0/rtmdet/cspnext_rsb_pretrain/cspnext-tiny_imagenet_600e.pth 

backbone.stage1.1.blocks.0.conv1.bn.bias - torch.Size([24]): 
PretrainedInit: load from https://download.openmmlab.com/mmdetection/v3.0/rtmdet/cspnext_rsb_pretrain/cspnext-tiny_imagenet_600e.pth 

backbone.stage1.1.blocks.0.conv2.depthwise_conv.conv.weight - torch.Size([24, 1, 5, 5]): 
PretrainedInit: load from https://download.openmmlab.com/mmdetection/v3.0/rtmdet/cspnext_rsb_pretrain/cspnext-tiny_imagenet_600e.pth 

backbone.stage1.1.blocks.0.conv2.depthwise_conv.bn.weight - torch.Size([24]): 
PretrainedInit: load from https://download.openmmlab.com/mmdetection/v3.0/rtmdet/cspnext_rsb_pretrain/cspnext-tiny_imagenet_600e.pth 

backbone.stage1.1.blocks.0.conv2.depthwise_conv.bn.bias - torch.Size([24]): 
PretrainedInit: load from https://download.openmmlab.com/mmdetection/v3.0/rtmdet/cspnext_rsb_pretrain/cspnext-tiny_imagenet_600e.pth 

backbone.stage1.1.blocks.0.conv2.pointwise_conv.conv.weight - torch.Size([24, 24, 1, 1]): 
PretrainedInit: load from https://download.openmmlab.com/mmdetection/v3.0/rtmdet/cspnext_rsb_pretrain/cspnext-tiny_imagenet_600e.pth 

backbone.stage1.1.blocks.0.conv2.pointwise_conv.bn.weight - torch.Size([24]): 
PretrainedInit: load from https://download.openmmlab.com/mmdetection/v3.0/rtmdet/cspnext_rsb_pretrain/cspnext-tiny_imagenet_600e.pth 

backbone.stage1.1.blocks.0.conv2.pointwise_conv.bn.bias - torch.Size([24]): 
PretrainedInit: load from https://download.openmmlab.com/mmdetection/v3.0/rtmdet/cspnext_rsb_pretrain/cspnext-tiny_imagenet_600e.pth 

backbone.stage1.1.attention.fc.weight - torch.Size([48, 48, 1, 1]): 
PretrainedInit: load from https://download.openmmlab.com/mmdetection/v3.0/rtmdet/cspnext_rsb_pretrain/cspnext-tiny_imagenet_600e.pth 

backbone.stage1.1.attention.fc.bias - torch.Size([48]): 
PretrainedInit: load from https://download.openmmlab.com/mmdetection/v3.0/rtmdet/cspnext_rsb_pretrain/cspnext-tiny_imagenet_600e.pth 

backbone.stage2.0.conv.weight - torch.Size([96, 48, 3, 3]): 
PretrainedInit: load from https://download.openmmlab.com/mmdetection/v3.0/rtmdet/cspnext_rsb_pretrain/cspnext-tiny_imagenet_600e.pth 

backbone.stage2.0.bn.weight - torch.Size([96]): 
PretrainedInit: load from https://download.openmmlab.com/mmdetection/v3.0/rtmdet/cspnext_rsb_pretrain/cspnext-tiny_imagenet_600e.pth 

backbone.stage2.0.bn.bias - torch.Size([96]): 
PretrainedInit: load from https://download.openmmlab.com/mmdetection/v3.0/rtmdet/cspnext_rsb_pretrain/cspnext-tiny_imagenet_600e.pth 

backbone.stage2.1.main_conv.conv.weight - torch.Size([48, 96, 1, 1]): 
PretrainedInit: load from https://download.openmmlab.com/mmdetection/v3.0/rtmdet/cspnext_rsb_pretrain/cspnext-tiny_imagenet_600e.pth 

backbone.stage2.1.main_conv.bn.weight - torch.Size([48]): 
PretrainedInit: load from https://download.openmmlab.com/mmdetection/v3.0/rtmdet/cspnext_rsb_pretrain/cspnext-tiny_imagenet_600e.pth 

backbone.stage2.1.main_conv.bn.bias - torch.Size([48]): 
PretrainedInit: load from https://download.openmmlab.com/mmdetection/v3.0/rtmdet/cspnext_rsb_pretrain/cspnext-tiny_imagenet_600e.pth 

backbone.stage2.1.short_conv.conv.weight - torch.Size([48, 96, 1, 1]): 
PretrainedInit: load from https://download.openmmlab.com/mmdetection/v3.0/rtmdet/cspnext_rsb_pretrain/cspnext-tiny_imagenet_600e.pth 

backbone.stage2.1.short_conv.bn.weight - torch.Size([48]): 
PretrainedInit: load from https://download.openmmlab.com/mmdetection/v3.0/rtmdet/cspnext_rsb_pretrain/cspnext-tiny_imagenet_600e.pth 

backbone.stage2.1.short_conv.bn.bias - torch.Size([48]): 
PretrainedInit: load from https://download.openmmlab.com/mmdetection/v3.0/rtmdet/cspnext_rsb_pretrain/cspnext-tiny_imagenet_600e.pth 

backbone.stage2.1.final_conv.conv.weight - torch.Size([96, 96, 1, 1]): 
PretrainedInit: load from https://download.openmmlab.com/mmdetection/v3.0/rtmdet/cspnext_rsb_pretrain/cspnext-tiny_imagenet_600e.pth 

backbone.stage2.1.final_conv.bn.weight - torch.Size([96]): 
PretrainedInit: load from https://download.openmmlab.com/mmdetection/v3.0/rtmdet/cspnext_rsb_pretrain/cspnext-tiny_imagenet_600e.pth 

backbone.stage2.1.final_conv.bn.bias - torch.Size([96]): 
PretrainedInit: load from https://download.openmmlab.com/mmdetection/v3.0/rtmdet/cspnext_rsb_pretrain/cspnext-tiny_imagenet_600e.pth 

backbone.stage2.1.blocks.0.conv1.conv.weight - torch.Size([48, 48, 3, 3]): 
PretrainedInit: load from https://download.openmmlab.com/mmdetection/v3.0/rtmdet/cspnext_rsb_pretrain/cspnext-tiny_imagenet_600e.pth 

backbone.stage2.1.blocks.0.conv1.bn.weight - torch.Size([48]): 
PretrainedInit: load from https://download.openmmlab.com/mmdetection/v3.0/rtmdet/cspnext_rsb_pretrain/cspnext-tiny_imagenet_600e.pth 

backbone.stage2.1.blocks.0.conv1.bn.bias - torch.Size([48]): 
PretrainedInit: load from https://download.openmmlab.com/mmdetection/v3.0/rtmdet/cspnext_rsb_pretrain/cspnext-tiny_imagenet_600e.pth 

backbone.stage2.1.blocks.0.conv2.depthwise_conv.conv.weight - torch.Size([48, 1, 5, 5]): 
PretrainedInit: load from https://download.openmmlab.com/mmdetection/v3.0/rtmdet/cspnext_rsb_pretrain/cspnext-tiny_imagenet_600e.pth 

backbone.stage2.1.blocks.0.conv2.depthwise_conv.bn.weight - torch.Size([48]): 
PretrainedInit: load from https://download.openmmlab.com/mmdetection/v3.0/rtmdet/cspnext_rsb_pretrain/cspnext-tiny_imagenet_600e.pth 

backbone.stage2.1.blocks.0.conv2.depthwise_conv.bn.bias - torch.Size([48]): 
PretrainedInit: load from https://download.openmmlab.com/mmdetection/v3.0/rtmdet/cspnext_rsb_pretrain/cspnext-tiny_imagenet_600e.pth 

backbone.stage2.1.blocks.0.conv2.pointwise_conv.conv.weight - torch.Size([48, 48, 1, 1]): 
PretrainedInit: load from https://download.openmmlab.com/mmdetection/v3.0/rtmdet/cspnext_rsb_pretrain/cspnext-tiny_imagenet_600e.pth 

backbone.stage2.1.blocks.0.conv2.pointwise_conv.bn.weight - torch.Size([48]): 
PretrainedInit: load from https://download.openmmlab.com/mmdetection/v3.0/rtmdet/cspnext_rsb_pretrain/cspnext-tiny_imagenet_600e.pth 

backbone.stage2.1.blocks.0.conv2.pointwise_conv.bn.bias - torch.Size([48]): 
PretrainedInit: load from https://download.openmmlab.com/mmdetection/v3.0/rtmdet/cspnext_rsb_pretrain/cspnext-tiny_imagenet_600e.pth 

backbone.stage2.1.attention.fc.weight - torch.Size([96, 96, 1, 1]): 
PretrainedInit: load from https://download.openmmlab.com/mmdetection/v3.0/rtmdet/cspnext_rsb_pretrain/cspnext-tiny_imagenet_600e.pth 

backbone.stage2.1.attention.fc.bias - torch.Size([96]): 
PretrainedInit: load from https://download.openmmlab.com/mmdetection/v3.0/rtmdet/cspnext_rsb_pretrain/cspnext-tiny_imagenet_600e.pth 

backbone.stage3.0.conv.weight - torch.Size([192, 96, 3, 3]): 
PretrainedInit: load from https://download.openmmlab.com/mmdetection/v3.0/rtmdet/cspnext_rsb_pretrain/cspnext-tiny_imagenet_600e.pth 

backbone.stage3.0.bn.weight - torch.Size([192]): 
PretrainedInit: load from https://download.openmmlab.com/mmdetection/v3.0/rtmdet/cspnext_rsb_pretrain/cspnext-tiny_imagenet_600e.pth 

backbone.stage3.0.bn.bias - torch.Size([192]): 
PretrainedInit: load from https://download.openmmlab.com/mmdetection/v3.0/rtmdet/cspnext_rsb_pretrain/cspnext-tiny_imagenet_600e.pth 

backbone.stage3.1.main_conv.conv.weight - torch.Size([96, 192, 1, 1]): 
PretrainedInit: load from https://download.openmmlab.com/mmdetection/v3.0/rtmdet/cspnext_rsb_pretrain/cspnext-tiny_imagenet_600e.pth 

backbone.stage3.1.main_conv.bn.weight - torch.Size([96]): 
PretrainedInit: load from https://download.openmmlab.com/mmdetection/v3.0/rtmdet/cspnext_rsb_pretrain/cspnext-tiny_imagenet_600e.pth 

backbone.stage3.1.main_conv.bn.bias - torch.Size([96]): 
PretrainedInit: load from https://download.openmmlab.com/mmdetection/v3.0/rtmdet/cspnext_rsb_pretrain/cspnext-tiny_imagenet_600e.pth 

backbone.stage3.1.short_conv.conv.weight - torch.Size([96, 192, 1, 1]): 
PretrainedInit: load from https://download.openmmlab.com/mmdetection/v3.0/rtmdet/cspnext_rsb_pretrain/cspnext-tiny_imagenet_600e.pth 

backbone.stage3.1.short_conv.bn.weight - torch.Size([96]): 
PretrainedInit: load from https://download.openmmlab.com/mmdetection/v3.0/rtmdet/cspnext_rsb_pretrain/cspnext-tiny_imagenet_600e.pth 

backbone.stage3.1.short_conv.bn.bias - torch.Size([96]): 
PretrainedInit: load from https://download.openmmlab.com/mmdetection/v3.0/rtmdet/cspnext_rsb_pretrain/cspnext-tiny_imagenet_600e.pth 

backbone.stage3.1.final_conv.conv.weight - torch.Size([192, 192, 1, 1]): 
PretrainedInit: load from https://download.openmmlab.com/mmdetection/v3.0/rtmdet/cspnext_rsb_pretrain/cspnext-tiny_imagenet_600e.pth 

backbone.stage3.1.final_conv.bn.weight - torch.Size([192]): 
PretrainedInit: load from https://download.openmmlab.com/mmdetection/v3.0/rtmdet/cspnext_rsb_pretrain/cspnext-tiny_imagenet_600e.pth 

backbone.stage3.1.final_conv.bn.bias - torch.Size([192]): 
PretrainedInit: load from https://download.openmmlab.com/mmdetection/v3.0/rtmdet/cspnext_rsb_pretrain/cspnext-tiny_imagenet_600e.pth 

backbone.stage3.1.blocks.0.conv1.conv.weight - torch.Size([96, 96, 3, 3]): 
PretrainedInit: load from https://download.openmmlab.com/mmdetection/v3.0/rtmdet/cspnext_rsb_pretrain/cspnext-tiny_imagenet_600e.pth 

backbone.stage3.1.blocks.0.conv1.bn.weight - torch.Size([96]): 
PretrainedInit: load from https://download.openmmlab.com/mmdetection/v3.0/rtmdet/cspnext_rsb_pretrain/cspnext-tiny_imagenet_600e.pth 

backbone.stage3.1.blocks.0.conv1.bn.bias - torch.Size([96]): 
PretrainedInit: load from https://download.openmmlab.com/mmdetection/v3.0/rtmdet/cspnext_rsb_pretrain/cspnext-tiny_imagenet_600e.pth 

backbone.stage3.1.blocks.0.conv2.depthwise_conv.conv.weight - torch.Size([96, 1, 5, 5]): 
PretrainedInit: load from https://download.openmmlab.com/mmdetection/v3.0/rtmdet/cspnext_rsb_pretrain/cspnext-tiny_imagenet_600e.pth 

backbone.stage3.1.blocks.0.conv2.depthwise_conv.bn.weight - torch.Size([96]): 
PretrainedInit: load from https://download.openmmlab.com/mmdetection/v3.0/rtmdet/cspnext_rsb_pretrain/cspnext-tiny_imagenet_600e.pth 

backbone.stage3.1.blocks.0.conv2.depthwise_conv.bn.bias - torch.Size([96]): 
PretrainedInit: load from https://download.openmmlab.com/mmdetection/v3.0/rtmdet/cspnext_rsb_pretrain/cspnext-tiny_imagenet_600e.pth 

backbone.stage3.1.blocks.0.conv2.pointwise_conv.conv.weight - torch.Size([96, 96, 1, 1]): 
PretrainedInit: load from https://download.openmmlab.com/mmdetection/v3.0/rtmdet/cspnext_rsb_pretrain/cspnext-tiny_imagenet_600e.pth 

backbone.stage3.1.blocks.0.conv2.pointwise_conv.bn.weight - torch.Size([96]): 
PretrainedInit: load from https://download.openmmlab.com/mmdetection/v3.0/rtmdet/cspnext_rsb_pretrain/cspnext-tiny_imagenet_600e.pth 

backbone.stage3.1.blocks.0.conv2.pointwise_conv.bn.bias - torch.Size([96]): 
PretrainedInit: load from https://download.openmmlab.com/mmdetection/v3.0/rtmdet/cspnext_rsb_pretrain/cspnext-tiny_imagenet_600e.pth 

backbone.stage3.1.attention.fc.weight - torch.Size([192, 192, 1, 1]): 
PretrainedInit: load from https://download.openmmlab.com/mmdetection/v3.0/rtmdet/cspnext_rsb_pretrain/cspnext-tiny_imagenet_600e.pth 

backbone.stage3.1.attention.fc.bias - torch.Size([192]): 
PretrainedInit: load from https://download.openmmlab.com/mmdetection/v3.0/rtmdet/cspnext_rsb_pretrain/cspnext-tiny_imagenet_600e.pth 

backbone.stage4.0.conv.weight - torch.Size([384, 192, 3, 3]): 
PretrainedInit: load from https://download.openmmlab.com/mmdetection/v3.0/rtmdet/cspnext_rsb_pretrain/cspnext-tiny_imagenet_600e.pth 

backbone.stage4.0.bn.weight - torch.Size([384]): 
PretrainedInit: load from https://download.openmmlab.com/mmdetection/v3.0/rtmdet/cspnext_rsb_pretrain/cspnext-tiny_imagenet_600e.pth 

backbone.stage4.0.bn.bias - torch.Size([384]): 
PretrainedInit: load from https://download.openmmlab.com/mmdetection/v3.0/rtmdet/cspnext_rsb_pretrain/cspnext-tiny_imagenet_600e.pth 

backbone.stage4.1.conv1.conv.weight - torch.Size([192, 384, 1, 1]): 
PretrainedInit: load from https://download.openmmlab.com/mmdetection/v3.0/rtmdet/cspnext_rsb_pretrain/cspnext-tiny_imagenet_600e.pth 

backbone.stage4.1.conv1.bn.weight - torch.Size([192]): 
PretrainedInit: load from https://download.openmmlab.com/mmdetection/v3.0/rtmdet/cspnext_rsb_pretrain/cspnext-tiny_imagenet_600e.pth 

backbone.stage4.1.conv1.bn.bias - torch.Size([192]): 
PretrainedInit: load from https://download.openmmlab.com/mmdetection/v3.0/rtmdet/cspnext_rsb_pretrain/cspnext-tiny_imagenet_600e.pth 

backbone.stage4.1.conv2.conv.weight - torch.Size([384, 768, 1, 1]): 
PretrainedInit: load from https://download.openmmlab.com/mmdetection/v3.0/rtmdet/cspnext_rsb_pretrain/cspnext-tiny_imagenet_600e.pth 

backbone.stage4.1.conv2.bn.weight - torch.Size([384]): 
PretrainedInit: load from https://download.openmmlab.com/mmdetection/v3.0/rtmdet/cspnext_rsb_pretrain/cspnext-tiny_imagenet_600e.pth 

backbone.stage4.1.conv2.bn.bias - torch.Size([384]): 
PretrainedInit: load from https://download.openmmlab.com/mmdetection/v3.0/rtmdet/cspnext_rsb_pretrain/cspnext-tiny_imagenet_600e.pth 

backbone.stage4.2.main_conv.conv.weight - torch.Size([192, 384, 1, 1]): 
PretrainedInit: load from https://download.openmmlab.com/mmdetection/v3.0/rtmdet/cspnext_rsb_pretrain/cspnext-tiny_imagenet_600e.pth 

backbone.stage4.2.main_conv.bn.weight - torch.Size([192]): 
PretrainedInit: load from https://download.openmmlab.com/mmdetection/v3.0/rtmdet/cspnext_rsb_pretrain/cspnext-tiny_imagenet_600e.pth 

backbone.stage4.2.main_conv.bn.bias - torch.Size([192]): 
PretrainedInit: load from https://download.openmmlab.com/mmdetection/v3.0/rtmdet/cspnext_rsb_pretrain/cspnext-tiny_imagenet_600e.pth 

backbone.stage4.2.short_conv.conv.weight - torch.Size([192, 384, 1, 1]): 
PretrainedInit: load from https://download.openmmlab.com/mmdetection/v3.0/rtmdet/cspnext_rsb_pretrain/cspnext-tiny_imagenet_600e.pth 

backbone.stage4.2.short_conv.bn.weight - torch.Size([192]): 
PretrainedInit: load from https://download.openmmlab.com/mmdetection/v3.0/rtmdet/cspnext_rsb_pretrain/cspnext-tiny_imagenet_600e.pth 

backbone.stage4.2.short_conv.bn.bias - torch.Size([192]): 
PretrainedInit: load from https://download.openmmlab.com/mmdetection/v3.0/rtmdet/cspnext_rsb_pretrain/cspnext-tiny_imagenet_600e.pth 

backbone.stage4.2.final_conv.conv.weight - torch.Size([384, 384, 1, 1]): 
PretrainedInit: load from https://download.openmmlab.com/mmdetection/v3.0/rtmdet/cspnext_rsb_pretrain/cspnext-tiny_imagenet_600e.pth 

backbone.stage4.2.final_conv.bn.weight - torch.Size([384]): 
PretrainedInit: load from https://download.openmmlab.com/mmdetection/v3.0/rtmdet/cspnext_rsb_pretrain/cspnext-tiny_imagenet_600e.pth 

backbone.stage4.2.final_conv.bn.bias - torch.Size([384]): 
PretrainedInit: load from https://download.openmmlab.com/mmdetection/v3.0/rtmdet/cspnext_rsb_pretrain/cspnext-tiny_imagenet_600e.pth 

backbone.stage4.2.blocks.0.conv1.conv.weight - torch.Size([192, 192, 3, 3]): 
PretrainedInit: load from https://download.openmmlab.com/mmdetection/v3.0/rtmdet/cspnext_rsb_pretrain/cspnext-tiny_imagenet_600e.pth 

backbone.stage4.2.blocks.0.conv1.bn.weight - torch.Size([192]): 
PretrainedInit: load from https://download.openmmlab.com/mmdetection/v3.0/rtmdet/cspnext_rsb_pretrain/cspnext-tiny_imagenet_600e.pth 

backbone.stage4.2.blocks.0.conv1.bn.bias - torch.Size([192]): 
PretrainedInit: load from https://download.openmmlab.com/mmdetection/v3.0/rtmdet/cspnext_rsb_pretrain/cspnext-tiny_imagenet_600e.pth 

backbone.stage4.2.blocks.0.conv2.depthwise_conv.conv.weight - torch.Size([192, 1, 5, 5]): 
PretrainedInit: load from https://download.openmmlab.com/mmdetection/v3.0/rtmdet/cspnext_rsb_pretrain/cspnext-tiny_imagenet_600e.pth 

backbone.stage4.2.blocks.0.conv2.depthwise_conv.bn.weight - torch.Size([192]): 
PretrainedInit: load from https://download.openmmlab.com/mmdetection/v3.0/rtmdet/cspnext_rsb_pretrain/cspnext-tiny_imagenet_600e.pth 

backbone.stage4.2.blocks.0.conv2.depthwise_conv.bn.bias - torch.Size([192]): 
PretrainedInit: load from https://download.openmmlab.com/mmdetection/v3.0/rtmdet/cspnext_rsb_pretrain/cspnext-tiny_imagenet_600e.pth 

backbone.stage4.2.blocks.0.conv2.pointwise_conv.conv.weight - torch.Size([192, 192, 1, 1]): 
PretrainedInit: load from https://download.openmmlab.com/mmdetection/v3.0/rtmdet/cspnext_rsb_pretrain/cspnext-tiny_imagenet_600e.pth 

backbone.stage4.2.blocks.0.conv2.pointwise_conv.bn.weight - torch.Size([192]): 
PretrainedInit: load from https://download.openmmlab.com/mmdetection/v3.0/rtmdet/cspnext_rsb_pretrain/cspnext-tiny_imagenet_600e.pth 

backbone.stage4.2.blocks.0.conv2.pointwise_conv.bn.bias - torch.Size([192]): 
PretrainedInit: load from https://download.openmmlab.com/mmdetection/v3.0/rtmdet/cspnext_rsb_pretrain/cspnext-tiny_imagenet_600e.pth 

backbone.stage4.2.attention.fc.weight - torch.Size([384, 384, 1, 1]): 
PretrainedInit: load from https://download.openmmlab.com/mmdetection/v3.0/rtmdet/cspnext_rsb_pretrain/cspnext-tiny_imagenet_600e.pth 

backbone.stage4.2.attention.fc.bias - torch.Size([384]): 
PretrainedInit: load from https://download.openmmlab.com/mmdetection/v3.0/rtmdet/cspnext_rsb_pretrain/cspnext-tiny_imagenet_600e.pth 

neck.reduce_layers.0.conv.weight - torch.Size([192, 384, 1, 1]): 
KaimingInit: a=2.23606797749979, mode=fan_in, nonlinearity=leaky_relu, distribution =uniform, bias=0 

neck.reduce_layers.0.bn.weight - torch.Size([192]): 
The value is the same before and after calling `init_weights` of RTMDet  

neck.reduce_layers.0.bn.bias - torch.Size([192]): 
The value is the same before and after calling `init_weights` of RTMDet  

neck.reduce_layers.1.conv.weight - torch.Size([96, 192, 1, 1]): 
KaimingInit: a=2.23606797749979, mode=fan_in, nonlinearity=leaky_relu, distribution =uniform, bias=0 

neck.reduce_layers.1.bn.weight - torch.Size([96]): 
The value is the same before and after calling `init_weights` of RTMDet  

neck.reduce_layers.1.bn.bias - torch.Size([96]): 
The value is the same before and after calling `init_weights` of RTMDet  

neck.top_down_blocks.0.main_conv.conv.weight - torch.Size([96, 384, 1, 1]): 
KaimingInit: a=2.23606797749979, mode=fan_in, nonlinearity=leaky_relu, distribution =uniform, bias=0 

neck.top_down_blocks.0.main_conv.bn.weight - torch.Size([96]): 
The value is the same before and after calling `init_weights` of RTMDet  

neck.top_down_blocks.0.main_conv.bn.bias - torch.Size([96]): 
The value is the same before and after calling `init_weights` of RTMDet  

neck.top_down_blocks.0.short_conv.conv.weight - torch.Size([96, 384, 1, 1]): 
KaimingInit: a=2.23606797749979, mode=fan_in, nonlinearity=leaky_relu, distribution =uniform, bias=0 

neck.top_down_blocks.0.short_conv.bn.weight - torch.Size([96]): 
The value is the same before and after calling `init_weights` of RTMDet  

neck.top_down_blocks.0.short_conv.bn.bias - torch.Size([96]): 
The value is the same before and after calling `init_weights` of RTMDet  

neck.top_down_blocks.0.final_conv.conv.weight - torch.Size([192, 192, 1, 1]): 
KaimingInit: a=2.23606797749979, mode=fan_in, nonlinearity=leaky_relu, distribution =uniform, bias=0 

neck.top_down_blocks.0.final_conv.bn.weight - torch.Size([192]): 
The value is the same before and after calling `init_weights` of RTMDet  

neck.top_down_blocks.0.final_conv.bn.bias - torch.Size([192]): 
The value is the same before and after calling `init_weights` of RTMDet  

neck.top_down_blocks.0.blocks.0.conv1.conv.weight - torch.Size([96, 96, 3, 3]): 
KaimingInit: a=2.23606797749979, mode=fan_in, nonlinearity=leaky_relu, distribution =uniform, bias=0 

neck.top_down_blocks.0.blocks.0.conv1.bn.weight - torch.Size([96]): 
The value is the same before and after calling `init_weights` of RTMDet  

neck.top_down_blocks.0.blocks.0.conv1.bn.bias - torch.Size([96]): 
The value is the same before and after calling `init_weights` of RTMDet  

neck.top_down_blocks.0.blocks.0.conv2.depthwise_conv.conv.weight - torch.Size([96, 1, 5, 5]): 
KaimingInit: a=2.23606797749979, mode=fan_in, nonlinearity=leaky_relu, distribution =uniform, bias=0 

neck.top_down_blocks.0.blocks.0.conv2.depthwise_conv.bn.weight - torch.Size([96]): 
The value is the same before and after calling `init_weights` of RTMDet  

neck.top_down_blocks.0.blocks.0.conv2.depthwise_conv.bn.bias - torch.Size([96]): 
The value is the same before and after calling `init_weights` of RTMDet  

neck.top_down_blocks.0.blocks.0.conv2.pointwise_conv.conv.weight - torch.Size([96, 96, 1, 1]): 
KaimingInit: a=2.23606797749979, mode=fan_in, nonlinearity=leaky_relu, distribution =uniform, bias=0 

neck.top_down_blocks.0.blocks.0.conv2.pointwise_conv.bn.weight - torch.Size([96]): 
The value is the same before and after calling `init_weights` of RTMDet  

neck.top_down_blocks.0.blocks.0.conv2.pointwise_conv.bn.bias - torch.Size([96]): 
The value is the same before and after calling `init_weights` of RTMDet  

neck.top_down_blocks.1.main_conv.conv.weight - torch.Size([48, 192, 1, 1]): 
KaimingInit: a=2.23606797749979, mode=fan_in, nonlinearity=leaky_relu, distribution =uniform, bias=0 

neck.top_down_blocks.1.main_conv.bn.weight - torch.Size([48]): 
The value is the same before and after calling `init_weights` of RTMDet  

neck.top_down_blocks.1.main_conv.bn.bias - torch.Size([48]): 
The value is the same before and after calling `init_weights` of RTMDet  

neck.top_down_blocks.1.short_conv.conv.weight - torch.Size([48, 192, 1, 1]): 
KaimingInit: a=2.23606797749979, mode=fan_in, nonlinearity=leaky_relu, distribution =uniform, bias=0 

neck.top_down_blocks.1.short_conv.bn.weight - torch.Size([48]): 
The value is the same before and after calling `init_weights` of RTMDet  

neck.top_down_blocks.1.short_conv.bn.bias - torch.Size([48]): 
The value is the same before and after calling `init_weights` of RTMDet  

neck.top_down_blocks.1.final_conv.conv.weight - torch.Size([96, 96, 1, 1]): 
KaimingInit: a=2.23606797749979, mode=fan_in, nonlinearity=leaky_relu, distribution =uniform, bias=0 

neck.top_down_blocks.1.final_conv.bn.weight - torch.Size([96]): 
The value is the same before and after calling `init_weights` of RTMDet  

neck.top_down_blocks.1.final_conv.bn.bias - torch.Size([96]): 
The value is the same before and after calling `init_weights` of RTMDet  

neck.top_down_blocks.1.blocks.0.conv1.conv.weight - torch.Size([48, 48, 3, 3]): 
KaimingInit: a=2.23606797749979, mode=fan_in, nonlinearity=leaky_relu, distribution =uniform, bias=0 

neck.top_down_blocks.1.blocks.0.conv1.bn.weight - torch.Size([48]): 
The value is the same before and after calling `init_weights` of RTMDet  

neck.top_down_blocks.1.blocks.0.conv1.bn.bias - torch.Size([48]): 
The value is the same before and after calling `init_weights` of RTMDet  

neck.top_down_blocks.1.blocks.0.conv2.depthwise_conv.conv.weight - torch.Size([48, 1, 5, 5]): 
KaimingInit: a=2.23606797749979, mode=fan_in, nonlinearity=leaky_relu, distribution =uniform, bias=0 

neck.top_down_blocks.1.blocks.0.conv2.depthwise_conv.bn.weight - torch.Size([48]): 
The value is the same before and after calling `init_weights` of RTMDet  

neck.top_down_blocks.1.blocks.0.conv2.depthwise_conv.bn.bias - torch.Size([48]): 
The value is the same before and after calling `init_weights` of RTMDet  

neck.top_down_blocks.1.blocks.0.conv2.pointwise_conv.conv.weight - torch.Size([48, 48, 1, 1]): 
KaimingInit: a=2.23606797749979, mode=fan_in, nonlinearity=leaky_relu, distribution =uniform, bias=0 

neck.top_down_blocks.1.blocks.0.conv2.pointwise_conv.bn.weight - torch.Size([48]): 
The value is the same before and after calling `init_weights` of RTMDet  

neck.top_down_blocks.1.blocks.0.conv2.pointwise_conv.bn.bias - torch.Size([48]): 
The value is the same before and after calling `init_weights` of RTMDet  

neck.downsamples.0.conv.weight - torch.Size([96, 96, 3, 3]): 
KaimingInit: a=2.23606797749979, mode=fan_in, nonlinearity=leaky_relu, distribution =uniform, bias=0 

neck.downsamples.0.bn.weight - torch.Size([96]): 
The value is the same before and after calling `init_weights` of RTMDet  

neck.downsamples.0.bn.bias - torch.Size([96]): 
The value is the same before and after calling `init_weights` of RTMDet  

neck.downsamples.1.conv.weight - torch.Size([192, 192, 3, 3]): 
KaimingInit: a=2.23606797749979, mode=fan_in, nonlinearity=leaky_relu, distribution =uniform, bias=0 

neck.downsamples.1.bn.weight - torch.Size([192]): 
The value is the same before and after calling `init_weights` of RTMDet  

neck.downsamples.1.bn.bias - torch.Size([192]): 
The value is the same before and after calling `init_weights` of RTMDet  

neck.bottom_up_blocks.0.main_conv.conv.weight - torch.Size([96, 192, 1, 1]): 
KaimingInit: a=2.23606797749979, mode=fan_in, nonlinearity=leaky_relu, distribution =uniform, bias=0 

neck.bottom_up_blocks.0.main_conv.bn.weight - torch.Size([96]): 
The value is the same before and after calling `init_weights` of RTMDet  

neck.bottom_up_blocks.0.main_conv.bn.bias - torch.Size([96]): 
The value is the same before and after calling `init_weights` of RTMDet  

neck.bottom_up_blocks.0.short_conv.conv.weight - torch.Size([96, 192, 1, 1]): 
KaimingInit: a=2.23606797749979, mode=fan_in, nonlinearity=leaky_relu, distribution =uniform, bias=0 

neck.bottom_up_blocks.0.short_conv.bn.weight - torch.Size([96]): 
The value is the same before and after calling `init_weights` of RTMDet  

neck.bottom_up_blocks.0.short_conv.bn.bias - torch.Size([96]): 
The value is the same before and after calling `init_weights` of RTMDet  

neck.bottom_up_blocks.0.final_conv.conv.weight - torch.Size([192, 192, 1, 1]): 
KaimingInit: a=2.23606797749979, mode=fan_in, nonlinearity=leaky_relu, distribution =uniform, bias=0 

neck.bottom_up_blocks.0.final_conv.bn.weight - torch.Size([192]): 
The value is the same before and after calling `init_weights` of RTMDet  

neck.bottom_up_blocks.0.final_conv.bn.bias - torch.Size([192]): 
The value is the same before and after calling `init_weights` of RTMDet  

neck.bottom_up_blocks.0.blocks.0.conv1.conv.weight - torch.Size([96, 96, 3, 3]): 
KaimingInit: a=2.23606797749979, mode=fan_in, nonlinearity=leaky_relu, distribution =uniform, bias=0 

neck.bottom_up_blocks.0.blocks.0.conv1.bn.weight - torch.Size([96]): 
The value is the same before and after calling `init_weights` of RTMDet  

neck.bottom_up_blocks.0.blocks.0.conv1.bn.bias - torch.Size([96]): 
The value is the same before and after calling `init_weights` of RTMDet  

neck.bottom_up_blocks.0.blocks.0.conv2.depthwise_conv.conv.weight - torch.Size([96, 1, 5, 5]): 
KaimingInit: a=2.23606797749979, mode=fan_in, nonlinearity=leaky_relu, distribution =uniform, bias=0 

neck.bottom_up_blocks.0.blocks.0.conv2.depthwise_conv.bn.weight - torch.Size([96]): 
The value is the same before and after calling `init_weights` of RTMDet  

neck.bottom_up_blocks.0.blocks.0.conv2.depthwise_conv.bn.bias - torch.Size([96]): 
The value is the same before and after calling `init_weights` of RTMDet  

neck.bottom_up_blocks.0.blocks.0.conv2.pointwise_conv.conv.weight - torch.Size([96, 96, 1, 1]): 
KaimingInit: a=2.23606797749979, mode=fan_in, nonlinearity=leaky_relu, distribution =uniform, bias=0 

neck.bottom_up_blocks.0.blocks.0.conv2.pointwise_conv.bn.weight - torch.Size([96]): 
The value is the same before and after calling `init_weights` of RTMDet  

neck.bottom_up_blocks.0.blocks.0.conv2.pointwise_conv.bn.bias - torch.Size([96]): 
The value is the same before and after calling `init_weights` of RTMDet  

neck.bottom_up_blocks.1.main_conv.conv.weight - torch.Size([192, 384, 1, 1]): 
KaimingInit: a=2.23606797749979, mode=fan_in, nonlinearity=leaky_relu, distribution =uniform, bias=0 

neck.bottom_up_blocks.1.main_conv.bn.weight - torch.Size([192]): 
The value is the same before and after calling `init_weights` of RTMDet  

neck.bottom_up_blocks.1.main_conv.bn.bias - torch.Size([192]): 
The value is the same before and after calling `init_weights` of RTMDet  

neck.bottom_up_blocks.1.short_conv.conv.weight - torch.Size([192, 384, 1, 1]): 
KaimingInit: a=2.23606797749979, mode=fan_in, nonlinearity=leaky_relu, distribution =uniform, bias=0 

neck.bottom_up_blocks.1.short_conv.bn.weight - torch.Size([192]): 
The value is the same before and after calling `init_weights` of RTMDet  

neck.bottom_up_blocks.1.short_conv.bn.bias - torch.Size([192]): 
The value is the same before and after calling `init_weights` of RTMDet  

neck.bottom_up_blocks.1.final_conv.conv.weight - torch.Size([384, 384, 1, 1]): 
KaimingInit: a=2.23606797749979, mode=fan_in, nonlinearity=leaky_relu, distribution =uniform, bias=0 

neck.bottom_up_blocks.1.final_conv.bn.weight - torch.Size([384]): 
The value is the same before and after calling `init_weights` of RTMDet  

neck.bottom_up_blocks.1.final_conv.bn.bias - torch.Size([384]): 
The value is the same before and after calling `init_weights` of RTMDet  

neck.bottom_up_blocks.1.blocks.0.conv1.conv.weight - torch.Size([192, 192, 3, 3]): 
KaimingInit: a=2.23606797749979, mode=fan_in, nonlinearity=leaky_relu, distribution =uniform, bias=0 

neck.bottom_up_blocks.1.blocks.0.conv1.bn.weight - torch.Size([192]): 
The value is the same before and after calling `init_weights` of RTMDet  

neck.bottom_up_blocks.1.blocks.0.conv1.bn.bias - torch.Size([192]): 
The value is the same before and after calling `init_weights` of RTMDet  

neck.bottom_up_blocks.1.blocks.0.conv2.depthwise_conv.conv.weight - torch.Size([192, 1, 5, 5]): 
KaimingInit: a=2.23606797749979, mode=fan_in, nonlinearity=leaky_relu, distribution =uniform, bias=0 

neck.bottom_up_blocks.1.blocks.0.conv2.depthwise_conv.bn.weight - torch.Size([192]): 
The value is the same before and after calling `init_weights` of RTMDet  

neck.bottom_up_blocks.1.blocks.0.conv2.depthwise_conv.bn.bias - torch.Size([192]): 
The value is the same before and after calling `init_weights` of RTMDet  

neck.bottom_up_blocks.1.blocks.0.conv2.pointwise_conv.conv.weight - torch.Size([192, 192, 1, 1]): 
KaimingInit: a=2.23606797749979, mode=fan_in, nonlinearity=leaky_relu, distribution =uniform, bias=0 

neck.bottom_up_blocks.1.blocks.0.conv2.pointwise_conv.bn.weight - torch.Size([192]): 
The value is the same before and after calling `init_weights` of RTMDet  

neck.bottom_up_blocks.1.blocks.0.conv2.pointwise_conv.bn.bias - torch.Size([192]): 
The value is the same before and after calling `init_weights` of RTMDet  

neck.out_convs.0.conv.weight - torch.Size([96, 96, 3, 3]): 
KaimingInit: a=2.23606797749979, mode=fan_in, nonlinearity=leaky_relu, distribution =uniform, bias=0 

neck.out_convs.0.bn.weight - torch.Size([96]): 
The value is the same before and after calling `init_weights` of RTMDet  

neck.out_convs.0.bn.bias - torch.Size([96]): 
The value is the same before and after calling `init_weights` of RTMDet  

neck.out_convs.1.conv.weight - torch.Size([96, 192, 3, 3]): 
KaimingInit: a=2.23606797749979, mode=fan_in, nonlinearity=leaky_relu, distribution =uniform, bias=0 

neck.out_convs.1.bn.weight - torch.Size([96]): 
The value is the same before and after calling `init_weights` of RTMDet  

neck.out_convs.1.bn.bias - torch.Size([96]): 
The value is the same before and after calling `init_weights` of RTMDet  

neck.out_convs.2.conv.weight - torch.Size([96, 384, 3, 3]): 
KaimingInit: a=2.23606797749979, mode=fan_in, nonlinearity=leaky_relu, distribution =uniform, bias=0 

neck.out_convs.2.bn.weight - torch.Size([96]): 
The value is the same before and after calling `init_weights` of RTMDet  

neck.out_convs.2.bn.bias - torch.Size([96]): 
The value is the same before and after calling `init_weights` of RTMDet  

bbox_head.cls_convs.0.0.conv.weight - torch.Size([96, 96, 3, 3]): 
Initialized by user-defined `init_weights` in RTMDetInsSepBNHead  

bbox_head.cls_convs.0.0.bn.weight - torch.Size([96]): 
The value is the same before and after calling `init_weights` of RTMDet  

bbox_head.cls_convs.0.0.bn.bias - torch.Size([96]): 
The value is the same before and after calling `init_weights` of RTMDet  

bbox_head.cls_convs.0.1.conv.weight - torch.Size([96, 96, 3, 3]): 
Initialized by user-defined `init_weights` in RTMDetInsSepBNHead  

bbox_head.cls_convs.0.1.bn.weight - torch.Size([96]): 
The value is the same before and after calling `init_weights` of RTMDet  

bbox_head.cls_convs.0.1.bn.bias - torch.Size([96]): 
The value is the same before and after calling `init_weights` of RTMDet  

bbox_head.cls_convs.1.0.bn.weight - torch.Size([96]): 
The value is the same before and after calling `init_weights` of RTMDet  

bbox_head.cls_convs.1.0.bn.bias - torch.Size([96]): 
The value is the same before and after calling `init_weights` of RTMDet  

bbox_head.cls_convs.1.1.bn.weight - torch.Size([96]): 
The value is the same before and after calling `init_weights` of RTMDet  

bbox_head.cls_convs.1.1.bn.bias - torch.Size([96]): 
The value is the same before and after calling `init_weights` of RTMDet  

bbox_head.cls_convs.2.0.bn.weight - torch.Size([96]): 
The value is the same before and after calling `init_weights` of RTMDet  

bbox_head.cls_convs.2.0.bn.bias - torch.Size([96]): 
The value is the same before and after calling `init_weights` of RTMDet  

bbox_head.cls_convs.2.1.bn.weight - torch.Size([96]): 
The value is the same before and after calling `init_weights` of RTMDet  

bbox_head.cls_convs.2.1.bn.bias - torch.Size([96]): 
The value is the same before and after calling `init_weights` of RTMDet  

bbox_head.kernel_convs.0.0.conv.weight - torch.Size([96, 96, 3, 3]): 
Initialized by user-defined `init_weights` in RTMDetInsSepBNHead  

bbox_head.kernel_convs.0.0.bn.weight - torch.Size([96]): 
The value is the same before and after calling `init_weights` of RTMDet  

bbox_head.kernel_convs.0.0.bn.bias - torch.Size([96]): 
The value is the same before and after calling `init_weights` of RTMDet  

bbox_head.kernel_convs.0.1.conv.weight - torch.Size([96, 96, 3, 3]): 
Initialized by user-defined `init_weights` in RTMDetInsSepBNHead  

bbox_head.kernel_convs.0.1.bn.weight - torch.Size([96]): 
The value is the same before and after calling `init_weights` of RTMDet  

bbox_head.kernel_convs.0.1.bn.bias - torch.Size([96]): 
The value is the same before and after calling `init_weights` of RTMDet  

bbox_head.kernel_convs.1.0.conv.weight - torch.Size([96, 96, 3, 3]): 
Initialized by user-defined `init_weights` in RTMDetInsSepBNHead  

bbox_head.kernel_convs.1.0.bn.weight - torch.Size([96]): 
The value is the same before and after calling `init_weights` of RTMDet  

bbox_head.kernel_convs.1.0.bn.bias - torch.Size([96]): 
The value is the same before and after calling `init_weights` of RTMDet  

bbox_head.kernel_convs.1.1.conv.weight - torch.Size([96, 96, 3, 3]): 
Initialized by user-defined `init_weights` in RTMDetInsSepBNHead  

bbox_head.kernel_convs.1.1.bn.weight - torch.Size([96]): 
The value is the same before and after calling `init_weights` of RTMDet  

bbox_head.kernel_convs.1.1.bn.bias - torch.Size([96]): 
The value is the same before and after calling `init_weights` of RTMDet  

bbox_head.kernel_convs.2.0.conv.weight - torch.Size([96, 96, 3, 3]): 
Initialized by user-defined `init_weights` in RTMDetInsSepBNHead  

bbox_head.kernel_convs.2.0.bn.weight - torch.Size([96]): 
The value is the same before and after calling `init_weights` of RTMDet  

bbox_head.kernel_convs.2.0.bn.bias - torch.Size([96]): 
The value is the same before and after calling `init_weights` of RTMDet  

bbox_head.kernel_convs.2.1.conv.weight - torch.Size([96, 96, 3, 3]): 
Initialized by user-defined `init_weights` in RTMDetInsSepBNHead  

bbox_head.kernel_convs.2.1.bn.weight - torch.Size([96]): 
The value is the same before and after calling `init_weights` of RTMDet  

bbox_head.kernel_convs.2.1.bn.bias - torch.Size([96]): 
The value is the same before and after calling `init_weights` of RTMDet  

bbox_head.rtm_cls.0.weight - torch.Size([1, 96, 1, 1]): 
Initialized by user-defined `init_weights` in RTMDetInsSepBNHead  

bbox_head.rtm_cls.0.bias - torch.Size([1]): 
Initialized by user-defined `init_weights` in RTMDetInsSepBNHead  

bbox_head.rtm_cls.1.weight - torch.Size([1, 96, 1, 1]): 
Initialized by user-defined `init_weights` in RTMDetInsSepBNHead  

bbox_head.rtm_cls.1.bias - torch.Size([1]): 
Initialized by user-defined `init_weights` in RTMDetInsSepBNHead  

bbox_head.rtm_cls.2.weight - torch.Size([1, 96, 1, 1]): 
Initialized by user-defined `init_weights` in RTMDetInsSepBNHead  

bbox_head.rtm_cls.2.bias - torch.Size([1]): 
Initialized by user-defined `init_weights` in RTMDetInsSepBNHead  

bbox_head.rtm_reg.0.weight - torch.Size([4, 96, 1, 1]): 
Initialized by user-defined `init_weights` in RTMDetInsSepBNHead  

bbox_head.rtm_reg.0.bias - torch.Size([4]): 
Initialized by user-defined `init_weights` in RTMDetInsSepBNHead  

bbox_head.rtm_reg.1.weight - torch.Size([4, 96, 1, 1]): 
Initialized by user-defined `init_weights` in RTMDetInsSepBNHead  

bbox_head.rtm_reg.1.bias - torch.Size([4]): 
Initialized by user-defined `init_weights` in RTMDetInsSepBNHead  

bbox_head.rtm_reg.2.weight - torch.Size([4, 96, 1, 1]): 
Initialized by user-defined `init_weights` in RTMDetInsSepBNHead  

bbox_head.rtm_reg.2.bias - torch.Size([4]): 
Initialized by user-defined `init_weights` in RTMDetInsSepBNHead  

bbox_head.rtm_kernel.0.weight - torch.Size([169, 96, 1, 1]): 
Initialized by user-defined `init_weights` in RTMDetInsSepBNHead  

bbox_head.rtm_kernel.0.bias - torch.Size([169]): 
Initialized by user-defined `init_weights` in RTMDetInsSepBNHead  

bbox_head.rtm_kernel.1.weight - torch.Size([169, 96, 1, 1]): 
Initialized by user-defined `init_weights` in RTMDetInsSepBNHead  

bbox_head.rtm_kernel.1.bias - torch.Size([169]): 
Initialized by user-defined `init_weights` in RTMDetInsSepBNHead  

bbox_head.rtm_kernel.2.weight - torch.Size([169, 96, 1, 1]): 
Initialized by user-defined `init_weights` in RTMDetInsSepBNHead  

bbox_head.rtm_kernel.2.bias - torch.Size([169]): 
Initialized by user-defined `init_weights` in RTMDetInsSepBNHead  

bbox_head.mask_head.fusion_conv.weight - torch.Size([96, 288, 1, 1]): 
Initialized by user-defined `init_weights` in RTMDetInsSepBNHead  

bbox_head.mask_head.fusion_conv.bias - torch.Size([96]): 
Initialized by user-defined `init_weights` in RTMDetInsSepBNHead  

bbox_head.mask_head.stacked_convs.0.conv.weight - torch.Size([96, 96, 3, 3]): 
Initialized by user-defined `init_weights` in RTMDetInsSepBNHead  

bbox_head.mask_head.stacked_convs.0.bn.weight - torch.Size([96]): 
The value is the same before and after calling `init_weights` of RTMDet  

bbox_head.mask_head.stacked_convs.0.bn.bias - torch.Size([96]): 
The value is the same before and after calling `init_weights` of RTMDet  

bbox_head.mask_head.stacked_convs.1.conv.weight - torch.Size([96, 96, 3, 3]): 
Initialized by user-defined `init_weights` in RTMDetInsSepBNHead  

bbox_head.mask_head.stacked_convs.1.bn.weight - torch.Size([96]): 
The value is the same before and after calling `init_weights` of RTMDet  

bbox_head.mask_head.stacked_convs.1.bn.bias - torch.Size([96]): 
The value is the same before and after calling `init_weights` of RTMDet  

bbox_head.mask_head.stacked_convs.2.conv.weight - torch.Size([96, 96, 3, 3]): 
Initialized by user-defined `init_weights` in RTMDetInsSepBNHead  

bbox_head.mask_head.stacked_convs.2.bn.weight - torch.Size([96]): 
The value is the same before and after calling `init_weights` of RTMDet  

bbox_head.mask_head.stacked_convs.2.bn.bias - torch.Size([96]): 
The value is the same before and after calling `init_weights` of RTMDet  

bbox_head.mask_head.stacked_convs.3.conv.weight - torch.Size([96, 96, 3, 3]): 
Initialized by user-defined `init_weights` in RTMDetInsSepBNHead  

bbox_head.mask_head.stacked_convs.3.bn.weight - torch.Size([96]): 
The value is the same before and after calling `init_weights` of RTMDet  

bbox_head.mask_head.stacked_convs.3.bn.bias - torch.Size([96]): 
The value is the same before and after calling `init_weights` of RTMDet  

bbox_head.mask_head.projection.weight - torch.Size([8, 96, 1, 1]): 
Initialized by user-defined `init_weights` in RTMDetInsSepBNHead  

bbox_head.mask_head.projection.bias - torch.Size([8]): 
Initialized by user-defined `init_weights` in RTMDetInsSepBNHead  
2026/08/08 22:24:22 - mmengine - INFO - Load checkpoint from https://download.openmmlab.com/mmdetection/v3.0/rtmdet/rtmdet-ins_tiny_8xb32-300e_coco/rtmdet-ins_tiny_8xb32-300e_coco_20221130_151727-ec670f7e.pth
2026/08/08 22:24:22 - mmengine - WARNING - "FileClient" will be deprecated in future. Please use io functions in https://mmengine.readthedocs.io/en/latest/api/fileio.html#file-io
2026/08/08 22:24:22 - mmengine - WARNING - "HardDiskBackend" is the alias of "LocalBackend" and the former will be deprecated in future.
2026/08/08 22:24:22 - mmengine - INFO - Checkpoints will be saved to d:\mamografi\real_time_segmentasyon\rtmdet\calisma\rtmdet_ins_tiny_256_orta_s44.
2026/08/08 22:24:26 - mmengine - INFO - Epoch(train)   [1][10/68]  base_lr: 5.7726e-06 lr: 5.7726e-06  eta: 0:49:53  time: 0.4409  data_time: 0.1563  memory: 592  grad_norm: 77.5626  loss: 3.0418  loss_cls: 1.8714  loss_bbox: 0.7560  loss_mask: 0.4144
2026/08/08 22:24:30 - mmengine - INFO - Epoch(train)   [1][20/68]  base_lr: 1.2048e-05 lr: 1.2048e-05  eta: 0:45:58  time: 0.4068  data_time: 0.1515  memory: 596  grad_norm: 75.8851  loss: 3.0523  loss_cls: 1.8850  loss_bbox: 0.7513  loss_mask: 0.4160
2026/08/08 22:24:33 - mmengine - INFO - Epoch(train)   [1][30/68]  base_lr: 1.8323e-05 lr: 1.8323e-05  eta: 0:44:22  time: 0.3933  data_time: 0.1475  memory: 598  grad_norm: 77.9769  loss: 3.0612  loss_cls: 1.8871  loss_bbox: 0.7526  loss_mask: 0.4215
2026/08/08 22:24:37 - mmengine - INFO - Epoch(train)   [1][40/68]  base_lr: 2.4598e-05 lr: 2.4598e-05  eta: 0:43:27  time: 0.3857  data_time: 0.1454  memory: 597  grad_norm: 77.3091  loss: 3.0522  loss_cls: 1.8834  loss_bbox: 0.7541  loss_mask: 0.4148
2026/08/08 22:24:41 - mmengine - INFO - Epoch(train)   [1][50/68]  base_lr: 3.0873e-05 lr: 3.0873e-05  eta: 0:43:13  time: 0.3842  data_time: 0.1461  memory: 599  grad_norm: 84.7867  loss: 3.0443  loss_cls: 1.8793  loss_bbox: 0.7535  loss_mask: 0.4114
2026/08/08 22:24:44 - mmengine - INFO - Epoch(train)   [1][60/68]  base_lr: 3.7148e-05 lr: 3.7148e-05  eta: 0:42:46  time: 0.3688  data_time: 0.1421  memory: 598  grad_norm: 81.8072  loss: 3.0449  loss_cls: 1.8976  loss_bbox: 0.7446  loss_mask: 0.4027
2026/08/08 22:24:47 - mmengine - INFO - Exp name: rtmdet_ins_busi_20260808_222414
2026/08/08 22:24:47 - mmengine - INFO - Saving checkpoint at 1 epochs
2026/08/08 22:24:50 - mmengine - INFO - Epoch(val)   [1][ 10/116]    eta: 0:00:04  time: 0.0398  data_time: 0.0067  memory: 598  
2026/08/08 22:24:50 - mmengine - INFO - Epoch(val)   [1][ 20/116]    eta: 0:00:03  time: 0.0374  data_time: 0.0060  memory: 94  
2026/08/08 22:24:50 - mmengine - INFO - Epoch(val)   [1][ 30/116]    eta: 0:00:03  time: 0.0360  data_time: 0.0058  memory: 94  
2026/08/08 22:24:51 - mmengine - INFO - Epoch(val)   [1][ 40/116]    eta: 0:00:02  time: 0.0354  data_time: 0.0055  memory: 94  
2026/08/08 22:24:51 - mmengine - INFO - Epoch(val)   [1][ 50/116]    eta: 0:00:02  time: 0.0362  data_time: 0.0061  memory: 94  
2026/08/08 22:24:52 - mmengine - INFO - Epoch(val)   [1][ 60/116]    eta: 0:00:02  time: 0.0359  data_time: 0.0065  memory: 94  
2026/08/08 22:24:52 - mmengine - INFO - Epoch(val)   [1][ 70/116]    eta: 0:00:01  time: 0.0362  data_time: 0.0067  memory: 94  
2026/08/08 22:24:52 - mmengine - INFO - Epoch(val)   [1][ 80/116]    eta: 0:00:01  time: 0.0364  data_time: 0.0067  memory: 94  
2026/08/08 22:24:53 - mmengine - INFO - Epoch(val)   [1][ 90/116]    eta: 0:00:00  time: 0.0369  data_time: 0.0070  memory: 94  
2026/08/08 22:24:53 - mmengine - INFO - Epoch(val)   [1][100/116]    eta: 0:00:00  time: 0.0364  data_time: 0.0065  memory: 94  
2026/08/08 22:24:53 - mmengine - INFO - Epoch(val)   [1][110/116]    eta: 0:00:00  time: 0.0364  data_time: 0.0060  memory: 94  
2026/08/08 22:24:54 - mmengine - INFO - Evaluating bbox...
2026/08/08 22:24:54 - mmengine - ERROR - D:\mamografi\.venv_mmdet\lib\site-packages\mmdet\evaluation\metrics\coco_metric.py - compute_metrics - 465 - The testing results of the whole dataset is empty.
2026/08/08 22:24:56 - mmengine - INFO - val kayip: val_kayip_cls 1.6004  val_kayip_bbox 0.5564  val_kayip_mask 0.2680  val_kayip 2.4247
2026/08/08 22:24:56 - mmengine - INFO - Epoch(val) [1][116/116]    busi/dice_tum: 0.1724  busi/dice_lezyonlu: 0.0000  busi/bos_dogru: 20  busi/esik: 0.1000  val_kayip_cls: 1.6004  val_kayip_bbox: 0.5564  val_kayip_mask: 0.2680  val_kayip: 2.4247  data_time: 0.0063  time: 0.0367
2026/08/08 22:24:58 - mmengine - INFO - The best checkpoint with 0.1724 busi/dice_tum at 1 epoch is saved to best_busi_dice_tum_epoch_1.pth.
2026/08/08 22:25:03 - mmengine - INFO - Epoch(train)   [2][10/68]  base_lr: 4.8443e-05 lr: 4.8443e-05  eta: 0:42:09  time: 0.3651  data_time: 0.1374  memory: 598  grad_norm: 89.5440  loss: 3.0372  loss_cls: 1.9291  loss_bbox: 0.7277  loss_mask: 0.3804
2026/08/08 22:25:07 - mmengine - INFO - Epoch(train)   [2][20/68]  base_lr: 5.4719e-05 lr: 5.4719e-05  eta: 0:41:45  time: 0.3631  data_time: 0.1360  memory: 592  grad_norm: 92.7243  loss: 3.0464  loss_cls: 1.9712  loss_bbox: 0.7080  loss_mask: 0.3671
2026/08/08 22:25:10 - mmengine - INFO - Epoch(train)   [2][30/68]  base_lr: 6.0994e-05 lr: 6.0994e-05  eta: 0:41:38  time: 0.3611  data_time: 0.1342  memory: 600  grad_norm: 90.1351  loss: 3.0408  loss_cls: 1.9846  loss_bbox: 0.6980  loss_mask: 0.3582
2026/08/08 22:25:14 - mmengine - INFO - Epoch(train)   [2][40/68]  base_lr: 6.7269e-05 lr: 6.7269e-05  eta: 0:41:31  time: 0.3605  data_time: 0.1331  memory: 599  grad_norm: 92.7210  loss: 3.0209  loss_cls: 1.9831  loss_bbox: 0.6948  loss_mask: 0.3430
2026/08/08 22:25:18 - mmengine - INFO - Epoch(train)   [2][50/68]  base_lr: 7.3544e-05 lr: 7.3544e-05  eta: 0:41:13  time: 0.3608  data_time: 0.1346  memory: 598  grad_norm: 94.2727  loss: 3.0258  loss_cls: 2.0294  loss_bbox: 0.6733  loss_mask: 0.3231
2026/08/08 22:25:21 - mmengine - INFO - Epoch(train)   [2][60/68]  base_lr: 7.9819e-05 lr: 7.9819e-05  eta: 0:41:15  time: 0.3629  data_time: 0.1382  memory: 598  grad_norm: 89.2442  loss: 3.0124  loss_cls: 2.0290  loss_bbox: 0.6654  loss_mask: 0.3180
2026/08/08 22:25:24 - mmengine - INFO - Exp name: rtmdet_ins_busi_20260808_222414
2026/08/08 22:25:24 - mmengine - INFO - Saving checkpoint at 2 epochs
2026/08/08 22:25:27 - mmengine - INFO - Epoch(val)   [2][ 10/116]    eta: 0:00:03  time: 0.0369  data_time: 0.0060  memory: 599  
2026/08/08 22:25:27 - mmengine - INFO - Epoch(val)   [2][ 20/116]    eta: 0:00:03  time: 0.0367  data_time: 0.0060  memory: 94  
2026/08/08 22:25:27 - mmengine - INFO - Epoch(val)   [2][ 30/116]    eta: 0:00:02  time: 0.0354  data_time: 0.0057  memory: 94  
2026/08/08 22:25:28 - mmengine - INFO - Epoch(val)   [2][ 40/116]    eta: 0:00:02  time: 0.0344  data_time: 0.0057  memory: 94  
2026/08/08 22:25:28 - mmengine - INFO - Epoch(val)   [2][ 50/116]    eta: 0:00:02  time: 0.0337  data_time: 0.0057  memory: 94  
2026/08/08 22:25:28 - mmengine - INFO - Epoch(val)   [2][ 60/116]    eta: 0:00:01  time: 0.0343  data_time: 0.0057  memory: 94  
2026/08/08 22:25:29 - mmengine - INFO - Epoch(val)   [2][ 70/116]    eta: 0:00:01  time: 0.0344  data_time: 0.0056  memory: 94  
2026/08/08 22:25:29 - mmengine - INFO - Epoch(val)   [2][ 80/116]    eta: 0:00:01  time: 0.0351  data_time: 0.0058  memory: 94  
2026/08/08 22:25:29 - mmengine - INFO - Epoch(val)   [2][ 90/116]    eta: 0:00:00  time: 0.0360  data_time: 0.0061  memory: 94  
2026/08/08 22:25:30 - mmengine - INFO - Epoch(val)   [2][100/116]    eta: 0:00:00  time: 0.0354  data_time: 0.0059  memory: 94  
2026/08/08 22:25:30 - mmengine - INFO - Epoch(val)   [2][110/116]    eta: 0:00:00  time: 0.0352  data_time: 0.0060  memory: 94  
2026/08/08 22:25:30 - mmengine - INFO - Evaluating bbox...
2026/08/08 22:25:30 - mmengine - ERROR - D:\mamografi\.venv_mmdet\lib\site-packages\mmdet\evaluation\metrics\coco_metric.py - compute_metrics - 465 - The testing results of the whole dataset is empty.
2026/08/08 22:25:32 - mmengine - INFO - val kayip: val_kayip_cls 1.6221  val_kayip_bbox 0.5041  val_kayip_mask 0.2136  val_kayip 2.3398
2026/08/08 22:25:32 - mmengine - INFO - Epoch(val) [2][116/116]    busi/dice_tum: 0.1724  busi/dice_lezyonlu: 0.0000  busi/bos_dogru: 20  busi/esik: 0.1000  val_kayip_cls: 1.6221  val_kayip_bbox: 0.5041  val_kayip_mask: 0.2136  val_kayip: 2.3398  data_time: 0.0060  time: 0.0350
2026/08/08 22:25:36 - mmengine - INFO - Epoch(train)   [3][10/68]  base_lr: 9.1114e-05 lr: 9.1114e-05  eta: 0:41:02  time: 0.3649  data_time: 0.1403  memory: 597  grad_norm: 86.8550  loss: 2.9709  loss_cls: 2.0524  loss_bbox: 0.6371  loss_mask: 0.2815
2026/08/08 22:25:40 - mmengine - INFO - Epoch(train)   [3][20/68]  base_lr: 9.7389e-05 lr: 9.7389e-05  eta: 0:41:02  time: 0.3665  data_time: 0.1426  memory: 598  grad_norm: 85.7134  loss: 2.9466  loss_cls: 2.0404  loss_bbox: 0.6233  loss_mask: 0.2829
2026/08/08 22:25:44 - mmengine - INFO - Epoch(train)   [3][30/68]  base_lr: 1.0366e-04 lr: 1.0366e-04  eta: 0:41:01  time: 0.3727  data_time: 0.1481  memory: 601  grad_norm: 83.9480  loss: 2.8921  loss_cls: 2.0272  loss_bbox: 0.5971  loss_mask: 0.2677
2026/08/08 22:25:47 - mmengine - INFO - Epoch(train)   [3][40/68]  base_lr: 1.0994e-04 lr: 1.0994e-04  eta: 0:40:55  time: 0.3681  data_time: 0.1440  memory: 603  grad_norm: 87.2832  loss: 2.7915  loss_cls: 1.9569  loss_bbox: 0.5797  loss_mask: 0.2550
2026/08/08 22:25:51 - mmengine - INFO - Epoch(train)   [3][50/68]  base_lr: 1.1621e-04 lr: 1.1621e-04  eta: 0:40:49  time: 0.3737  data_time: 0.1468  memory: 600  grad_norm: 80.3642  loss: 2.6640  loss_cls: 1.8396  loss_bbox: 0.5688  loss_mask: 0.2556
2026/08/08 22:25:55 - mmengine - INFO - Epoch(train)   [3][60/68]  base_lr: 1.2249e-04 lr: 1.2249e-04  eta: 0:40:41  time: 0.3684  data_time: 0.1431  memory: 598  grad_norm: 71.8334  loss: 2.5056  loss_cls: 1.6931  loss_bbox: 0.5523  loss_mask: 0.2601
2026/08/08 22:25:57 - mmengine - INFO - Exp name: rtmdet_ins_busi_20260808_222414
2026/08/08 22:25:57 - mmengine - INFO - Saving checkpoint at 3 epochs
2026/08/08 22:26:00 - mmengine - INFO - Epoch(val)   [3][ 10/116]    eta: 0:00:04  time: 0.0371  data_time: 0.0064  memory: 600  
2026/08/08 22:26:00 - mmengine - INFO - Epoch(val)   [3][ 20/116]    eta: 0:00:03  time: 0.0382  data_time: 0.0063  memory: 116  
2026/08/08 22:26:01 - mmengine - INFO - Epoch(val)   [3][ 30/116]    eta: 0:00:03  time: 0.0377  data_time: 0.0060  memory: 97  
2026/08/08 22:26:01 - mmengine - INFO - Epoch(val)   [3][ 40/116]    eta: 0:00:02  time: 0.0376  data_time: 0.0057  memory: 101  
2026/08/08 22:26:01 - mmengine - INFO - Epoch(val)   [3][ 50/116]    eta: 0:00:02  time: 0.0385  data_time: 0.0056  memory: 102  
2026/08/08 22:26:02 - mmengine - INFO - Epoch(val)   [3][ 60/116]    eta: 0:00:02  time: 0.0393  data_time: 0.0059  memory: 122  
2026/08/08 22:26:02 - mmengine - INFO - Epoch(val)   [3][ 70/116]    eta: 0:00:01  time: 0.0390  data_time: 0.0059  memory: 104  
2026/08/08 22:26:03 - mmengine - INFO - Epoch(val)   [3][ 80/116]    eta: 0:00:01  time: 0.0391  data_time: 0.0059  memory: 99  
2026/08/08 22:26:03 - mmengine - INFO - Epoch(val)   [3][ 90/116]    eta: 0:00:01  time: 0.0409  data_time: 0.0063  memory: 106  
2026/08/08 22:26:03 - mmengine - INFO - Epoch(val)   [3][100/116]    eta: 0:00:00  time: 0.0400  data_time: 0.0061  memory: 100  
2026/08/08 22:26:04 - mmengine - INFO - Epoch(val)   [3][110/116]    eta: 0:00:00  time: 0.0383  data_time: 0.0058  memory: 97  
2026/08/08 22:26:04 - mmengine - INFO - Evaluating bbox...
2026/08/08 22:26:04 - mmengine - INFO - bbox_mAP_copypaste: 0.315 0.622 0.308 0.000 0.436 0.265
2026/08/08 22:26:04 - mmengine - INFO - Evaluating segm...
2026/08/08 22:26:04 - mmengine - INFO - segm_mAP_copypaste: 0.423 0.622 0.488 0.000 0.596 0.342
2026/08/08 22:26:06 - mmengine - INFO - val kayip: val_kayip_cls 0.8805  val_kayip_bbox 0.3830  val_kayip_mask 0.1668  val_kayip 1.4303
2026/08/08 22:26:06 - mmengine - INFO - Epoch(val) [3][116/116]    busi/dice_tum: 0.6531  busi/dice_lezyonlu: 0.6017  busi/bos_dogru: 18  busi/esik: 0.1000  val_kayip_cls: 0.8805  val_kayip_bbox: 0.3830  val_kayip_mask: 0.1668  val_kayip: 1.4303  coco/bbox_mAP: 0.3150  coco/bbox_mAP_50: 0.6220  coco/bbox_mAP_75: 0.3080  coco/bbox_mAP_s: 0.0000  coco/bbox_mAP_m: 0.4360  coco/bbox_mAP_l: 0.2650  coco/segm_mAP: 0.4230  coco/segm_mAP_50: 0.6220  coco/segm_mAP_75: 0.4880  coco/segm_mAP_s: 0.0000  coco/segm_mAP_m: 0.5960  coco/segm_mAP_l: 0.3420  data_time: 0.0058  time: 0.0387
2026/08/08 22:26:06 - mmengine - INFO - The previous best checkpoint d:\mamografi\real_time_segmentasyon\rtmdet\calisma\rtmdet_ins_tiny_256_orta_s44\best_busi_dice_tum_epoch_1.pth is removed
2026/08/08 22:26:08 - mmengine - INFO - The best checkpoint with 0.6531 busi/dice_tum at 3 epoch is saved to best_busi_dice_tum_epoch_3.pth.
2026/08/08 22:26:14 - mmengine - INFO - Epoch(train)   [4][10/68]  base_lr: 1.2500e-04 lr: 1.2500e-04  eta: 0:40:25  time: 0.3608  data_time: 0.1378  memory: 602  grad_norm: 71.7513  loss: 2.0658  loss_cls: 1.3320  loss_bbox: 0.5060  loss_mask: 0.2278
2026/08/08 22:26:17 - mmengine - INFO - Epoch(train)   [4][20/68]  base_lr: 1.2500e-04 lr: 1.2500e-04  eta: 0:40:21  time: 0.3600  data_time: 0.1376  memory: 599  grad_norm: 65.5437  loss: 1.8612  loss_cls: 1.1309  loss_bbox: 0.5021  loss_mask: 0.2282
2026/08/08 22:26:21 - mmengine - INFO - Epoch(train)   [4][30/68]  base_lr: 1.2500e-04 lr: 1.2500e-04  eta: 0:40:15  time: 0.3583  data_time: 0.1380  memory: 600  grad_norm: 60.1686  loss: 1.6636  loss_cls: 0.9621  loss_bbox: 0.4840  loss_mask: 0.2176
2026/08/08 22:26:25 - mmengine - INFO - Epoch(train)   [4][40/68]  base_lr: 1.2500e-04 lr: 1.2500e-04  eta: 0:40:14  time: 0.3619  data_time: 0.1408  memory: 601  grad_norm: 54.9504  loss: 1.4826  loss_cls: 0.8209  loss_bbox: 0.4604  loss_mask: 0.2014
2026/08/08 22:26:28 - mmengine - INFO - Epoch(train)   [4][50/68]  base_lr: 1.2500e-04 lr: 1.2500e-04  eta: 0:40:03  time: 0.3627  data_time: 0.1404  memory: 599  grad_norm: 47.4832  loss: 1.3679  loss_cls: 0.7035  loss_bbox: 0.4622  loss_mask: 0.2021
2026/08/08 22:26:32 - mmengine - INFO - Epoch(train)   [4][60/68]  base_lr: 1.2500e-04 lr: 1.2500e-04  eta: 0:39:54  time: 0.3579  data_time: 0.1352  memory: 598  grad_norm: 39.7430  loss: 1.2988  loss_cls: 0.6255  loss_bbox: 0.4656  loss_mask: 0.2076
2026/08/08 22:26:34 - mmengine - INFO - Exp name: rtmdet_ins_busi_20260808_222414
2026/08/08 22:26:34 - mmengine - INFO - Saving checkpoint at 4 epochs
2026/08/08 22:26:37 - mmengine - INFO - Epoch(val)   [4][ 10/116]    eta: 0:00:04  time: 0.0392  data_time: 0.0060  memory: 598  
2026/08/08 22:26:37 - mmengine - INFO - Epoch(val)   [4][ 20/116]    eta: 0:00:04  time: 0.0395  data_time: 0.0059  memory: 129  
2026/08/08 22:26:38 - mmengine - INFO - Epoch(val)   [4][ 30/116]    eta: 0:00:03  time: 0.0390  data_time: 0.0056  memory: 104  
2026/08/08 22:26:38 - mmengine - INFO - Epoch(val)   [4][ 40/116]    eta: 0:00:03  time: 0.0397  data_time: 0.0056  memory: 112  
2026/08/08 22:26:39 - mmengine - INFO - Epoch(val)   [4][ 50/116]    eta: 0:00:02  time: 0.0415  data_time: 0.0057  memory: 147  
2026/08/08 22:26:39 - mmengine - INFO - Epoch(val)   [4][ 60/116]    eta: 0:00:02  time: 0.0427  data_time: 0.0059  memory: 141  
2026/08/08 22:26:39 - mmengine - INFO - Epoch(val)   [4][ 70/116]    eta: 0:00:01  time: 0.0427  data_time: 0.0059  memory: 116  
2026/08/08 22:26:40 - mmengine - INFO - Epoch(val)   [4][ 80/116]    eta: 0:00:01  time: 0.0429  data_time: 0.0061  memory: 118  
2026/08/08 22:26:40 - mmengine - INFO - Epoch(val)   [4][ 90/116]    eta: 0:00:01  time: 0.0444  data_time: 0.0065  memory: 112  
2026/08/08 22:26:41 - mmengine - INFO - Epoch(val)   [4][100/116]    eta: 0:00:00  time: 0.0430  data_time: 0.0063  memory: 117  
2026/08/08 22:26:41 - mmengine - INFO - Epoch(val)   [4][110/116]    eta: 0:00:00  time: 0.0412  data_time: 0.0060  memory: 112  
2026/08/08 22:26:41 - mmengine - INFO - Evaluating bbox...
2026/08/08 22:26:41 - mmengine - INFO - bbox_mAP_copypaste: 0.399 0.789 0.366 0.000 0.478 0.370
2026/08/08 22:26:41 - mmengine - INFO - Evaluating segm...
2026/08/08 22:26:42 - mmengine - INFO - segm_mAP_copypaste: 0.491 0.780 0.557 0.000 0.652 0.405
2026/08/08 22:26:43 - mmengine - INFO - val kayip: val_kayip_cls 0.5346  val_kayip_bbox 0.3202  val_kayip_mask 0.1467  val_kayip 1.0015
2026/08/08 22:26:44 - mmengine - INFO - Epoch(val) [4][116/116]    busi/dice_tum: 0.7055  busi/dice_lezyonlu: 0.6441  busi/bos_dogru: 20  busi/esik: 0.5000  val_kayip_cls: 0.5346  val_kayip_bbox: 0.3202  val_kayip_mask: 0.1467  val_kayip: 1.0015  coco/bbox_mAP: 0.3990  coco/bbox_mAP_50: 0.7890  coco/bbox_mAP_75: 0.3660  coco/bbox_mAP_s: 0.0000  coco/bbox_mAP_m: 0.4780  coco/bbox_mAP_l: 0.3700  coco/segm_mAP: 0.4910  coco/segm_mAP_50: 0.7800  coco/segm_mAP_75: 0.5570  coco/segm_mAP_s: 0.0000  coco/segm_mAP_m: 0.6520  coco/segm_mAP_l: 0.4050  data_time: 0.0060  time: 0.0419
2026/08/08 22:26:44 - mmengine - INFO - The previous best checkpoint d:\mamografi\real_time_segmentasyon\rtmdet\calisma\rtmdet_ins_tiny_256_orta_s44\best_busi_dice_tum_epoch_3.pth is removed
2026/08/08 22:26:45 - mmengine - INFO - The best checkpoint with 0.7055 busi/dice_tum at 4 epoch is saved to best_busi_dice_tum_epoch_4.pth.
2026/08/08 22:26:51 - mmengine - INFO - Epoch(train)   [5][10/68]  base_lr: 1.2500e-04 lr: 1.2500e-04  eta: 0:39:42  time: 0.3535  data_time: 0.1303  memory: 601  grad_norm: 30.7821  loss: 1.1323  loss_cls: 0.5028  loss_bbox: 0.4397  loss_mask: 0.1898
2026/08/08 22:26:54 - mmengine - INFO - Epoch(train)   [5][20/68]  base_lr: 1.2500e-04 lr: 1.2500e-04  eta: 0:39:36  time: 0.3510  data_time: 0.1276  memory: 599  grad_norm: 29.5924  loss: 1.0854  loss_cls: 0.4597  loss_bbox: 0.4393  loss_mask: 0.1864
2026/08/08 22:26:58 - mmengine - INFO - Epoch(train)   [5][30/68]  base_lr: 1.2500e-04 lr: 1.2500e-04  eta: 0:39:33  time: 0.3540  data_time: 0.1309  memory: 600  grad_norm: 28.6547  loss: 1.0355  loss_cls: 0.4240  loss_bbox: 0.4278  loss_mask: 0.1837
2026/08/08 22:27:02 - mmengine - INFO - Epoch(train)   [5][40/68]  base_lr: 1.2500e-04 lr: 1.2500e-04  eta: 0:39:30  time: 0.3609  data_time: 0.1371  memory: 598  grad_norm: 26.3815  loss: 1.0156  loss_cls: 0.4050  loss_bbox: 0.4283  loss_mask: 0.1822
2026/08/08 22:27:06 - mmengine - INFO - Epoch(train)   [5][50/68]  base_lr: 1.2500e-04 lr: 1.2500e-04  eta: 0:39:30  time: 0.3669  data_time: 0.1415  memory: 601  grad_norm: 22.9320  loss: 0.9919  loss_cls: 0.3919  loss_bbox: 0.4220  loss_mask: 0.1780
2026/08/08 22:27:09 - mmengine - INFO - Epoch(train)   [5][60/68]  base_lr: 1.2500e-04 lr: 1.2500e-04  eta: 0:39:28  time: 0.3691  data_time: 0.1450  memory: 599  grad_norm: 21.0903  loss: 1.0158  loss_cls: 0.4034  loss_bbox: 0.4269  loss_mask: 0.1856
2026/08/08 22:27:12 - mmengine - INFO - Exp name: rtmdet_ins_busi_20260808_222414
2026/08/08 22:27:12 - mmengine - INFO - Saving checkpoint at 5 epochs
2026/08/08 22:27:15 - mmengine - INFO - Epoch(val)   [5][ 10/116]    eta: 0:00:04  time: 0.0422  data_time: 0.0062  memory: 599  
2026/08/08 22:27:15 - mmengine - INFO - Epoch(val)   [5][ 20/116]    eta: 0:00:04  time: 0.0419  data_time: 0.0059  memory: 133  
2026/08/08 22:27:15 - mmengine - INFO - Epoch(val)   [5][ 30/116]    eta: 0:00:03  time: 0.0409  data_time: 0.0055  memory: 117  
2026/08/08 22:27:16 - mmengine - INFO - Epoch(val)   [5][ 40/116]    eta: 0:00:03  time: 0.0408  data_time: 0.0055  memory: 116  
2026/08/08 22:27:16 - mmengine - INFO - Epoch(val)   [5][ 50/116]    eta: 0:00:02  time: 0.0416  data_time: 0.0055  memory: 141  
2026/08/08 22:27:17 - mmengine - INFO - Epoch(val)   [5][ 60/116]    eta: 0:00:02  time: 0.0426  data_time: 0.0057  memory: 152  
2026/08/08 22:27:17 - mmengine - INFO - Epoch(val)   [5][ 70/116]    eta: 0:00:01  time: 0.0429  data_time: 0.0058  memory: 131  
2026/08/08 22:27:17 - mmengine - INFO - Epoch(val)   [5][ 80/116]    eta: 0:00:01  time: 0.0436  data_time: 0.0060  memory: 116  
2026/08/08 22:27:18 - mmengine - INFO - Epoch(val)   [5][ 90/116]    eta: 0:00:01  time: 0.0455  data_time: 0.0063  memory: 130  
2026/08/08 22:27:18 - mmengine - INFO - Epoch(val)   [5][100/116]    eta: 0:00:00  time: 0.0451  data_time: 0.0062  memory: 131  
2026/08/08 22:27:19 - mmengine - INFO - Epoch(val)   [5][110/116]    eta: 0:00:00  time: 0.0441  data_time: 0.0060  memory: 123  
2026/08/08 22:27:19 - mmengine - INFO - Evaluating bbox...
2026/08/08 22:27:19 - mmengine - INFO - bbox_mAP_copypaste: 0.440 0.817 0.406 0.000 0.519 0.394
2026/08/08 22:27:19 - mmengine - INFO - Evaluating segm...
2026/08/08 22:27:19 - mmengine - INFO - segm_mAP_copypaste: 0.541 0.818 0.614 0.000 0.663 0.475
2026/08/08 22:27:21 - mmengine - INFO - val kayip: val_kayip_cls 0.5525  val_kayip_bbox 0.3458  val_kayip_mask 0.1410  val_kayip 1.0393
2026/08/08 22:27:21 - mmengine - INFO - Epoch(val) [5][116/116]    busi/dice_tum: 0.7381  busi/dice_lezyonlu: 0.7461  busi/bos_dogru: 14  busi/esik: 0.3000  val_kayip_cls: 0.5525  val_kayip_bbox: 0.3458  val_kayip_mask: 0.1410  val_kayip: 1.0393  coco/bbox_mAP: 0.4400  coco/bbox_mAP_50: 0.8170  coco/bbox_mAP_75: 0.4060  coco/bbox_mAP_s: 0.0000  coco/bbox_mAP_m: 0.5190  coco/bbox_mAP_l: 0.3940  coco/segm_mAP: 0.5410  coco/segm_mAP_50: 0.8180  coco/segm_mAP_75: 0.6140  coco/segm_mAP_s: 0.0000  coco/segm_mAP_m: 0.6630  coco/segm_mAP_l: 0.4750  data_time: 0.0059  time: 0.0434
2026/08/08 22:27:21 - mmengine - INFO - The previous best checkpoint d:\mamografi\real_time_segmentasyon\rtmdet\calisma\rtmdet_ins_tiny_256_orta_s44\best_busi_dice_tum_epoch_4.pth is removed
2026/08/08 22:27:23 - mmengine - INFO - The best checkpoint with 0.7381 busi/dice_tum at 5 epoch is saved to best_busi_dice_tum_epoch_5.pth.
2026/08/08 22:27:29 - mmengine - INFO - Epoch(train)   [6][10/68]  base_lr: 1.2500e-04 lr: 1.2500e-04  eta: 0:39:13  time: 0.3636  data_time: 0.1394  memory: 600  grad_norm: 18.4255  loss: 0.9697  loss_cls: 0.3701  loss_bbox: 0.4187  loss_mask: 0.1809
2026/08/08 22:27:32 - mmengine - INFO - Epoch(train)   [6][20/68]  base_lr: 1.2500e-04 lr: 1.2500e-04  eta: 0:39:09  time: 0.3627  data_time: 0.1369  memory: 600  grad_norm: 19.4767  loss: 0.9910  loss_cls: 0.3879  loss_bbox: 0.4181  loss_mask: 0.1850
2026/08/08 22:27:36 - mmengine - INFO - Epoch(train)   [6][30/68]  base_lr: 1.2500e-04 lr: 1.2500e-04  eta: 0:39:03  time: 0.3568  data_time: 0.1330  memory: 599  grad_norm: 18.9771  loss: 0.9574  loss_cls: 0.3685  loss_bbox: 0.4098  loss_mask: 0.1791
2026/08/08 22:27:40 - mmengine - INFO - Epoch(train)   [6][40/68]  base_lr: 1.2500e-04 lr: 1.2500e-04  eta: 0:39:01  time: 0.3557  data_time: 0.1306  memory: 600  grad_norm: 18.8268  loss: 0.9666  loss_cls: 0.3730  loss_bbox: 0.4141  loss_mask: 0.1795
2026/08/08 22:27:44 - mmengine - INFO - Epoch(train)   [6][50/68]  base_lr: 1.2500e-04 lr: 1.2500e-04  eta: 0:39:03  time: 0.3687  data_time: 0.1397  memory: 600  grad_norm: 18.7148  loss: 0.9353  loss_cls: 0.3570  loss_bbox: 0.4033  loss_mask: 0.1750
2026/08/08 22:27:47 - mmengine - INFO - Epoch(train)   [6][60/68]  base_lr: 1.2500e-04 lr: 1.2500e-04  eta: 0:39:03  time: 0.3747  data_time: 0.1457  memory: 600  grad_norm: 18.4675  loss: 0.9616  loss_cls: 0.3770  loss_bbox: 0.4039  loss_mask: 0.1806
2026/08/08 22:27:50 - mmengine - INFO - Exp name: rtmdet_ins_busi_20260808_222414
2026/08/08 22:27:50 - mmengine - INFO - Saving checkpoint at 6 epochs
2026/08/08 22:27:53 - mmengine - INFO - Epoch(val)   [6][ 10/116]    eta: 0:00:05  time: 0.0463  data_time: 0.0064  memory: 600  
2026/08/08 22:27:54 - mmengine - INFO - Epoch(val)   [6][ 20/116]    eta: 0:00:04  time: 0.0471  data_time: 0.0064  memory: 138  
2026/08/08 22:27:54 - mmengine - INFO - Epoch(val)   [6][ 30/116]    eta: 0:00:04  time: 0.0464  data_time: 0.0062  memory: 134  
2026/08/08 22:27:54 - mmengine - INFO - Epoch(val)   [6][ 40/116]    eta: 0:00:03  time: 0.0466  data_time: 0.0061  memory: 118  
2026/08/08 22:27:55 - mmengine - INFO - Epoch(val)   [6][ 50/116]    eta: 0:00:03  time: 0.0485  data_time: 0.0063  memory: 181  
2026/08/08 22:27:56 - mmengine - INFO - Epoch(val)   [6][ 60/116]    eta: 0:00:02  time: 0.0486  data_time: 0.0064  memory: 147  
2026/08/08 22:27:56 - mmengine - INFO - Epoch(val)   [6][ 70/116]    eta: 0:00:02  time: 0.0492  data_time: 0.0065  memory: 141  
2026/08/08 22:27:56 - mmengine - INFO - Epoch(val)   [6][ 80/116]    eta: 0:00:01  time: 0.0493  data_time: 0.0066  memory: 128  
2026/08/08 22:27:57 - mmengine - INFO - Epoch(val)   [6][ 90/116]    eta: 0:00:01  time: 0.0508  data_time: 0.0069  memory: 146  
2026/08/08 22:27:57 - mmengine - INFO - Epoch(val)   [6][100/116]    eta: 0:00:00  time: 0.0492  data_time: 0.0066  memory: 136  
2026/08/08 22:27:58 - mmengine - INFO - Epoch(val)   [6][110/116]    eta: 0:00:00  time: 0.0480  data_time: 0.0062  memory: 137  
2026/08/08 22:27:58 - mmengine - INFO - Evaluating bbox...
2026/08/08 22:27:58 - mmengine - INFO - bbox_mAP_copypaste: 0.466 0.845 0.475 0.000 0.525 0.436
2026/08/08 22:27:58 - mmengine - INFO - Evaluating segm...
2026/08/08 22:27:58 - mmengine - INFO - segm_mAP_copypaste: 0.546 0.836 0.643 0.000 0.655 0.483
2026/08/08 22:28:00 - mmengine - INFO - val kayip: val_kayip_cls 0.6601  val_kayip_bbox 0.3160  val_kayip_mask 0.1341  val_kayip 1.1102
2026/08/08 22:28:00 - mmengine - INFO - Epoch(val) [6][116/116]    busi/dice_tum: 0.7579  busi/dice_lezyonlu: 0.7596  busi/bos_dogru: 15  busi/esik: 0.3000  val_kayip_cls: 0.6601  val_kayip_bbox: 0.3160  val_kayip_mask: 0.1341  val_kayip: 1.1102  coco/bbox_mAP: 0.4660  coco/bbox_mAP_50: 0.8450  coco/bbox_mAP_75: 0.4750  coco/bbox_mAP_s: 0.0000  coco/bbox_mAP_m: 0.5250  coco/bbox_mAP_l: 0.4360  coco/segm_mAP: 0.5460  coco/segm_mAP_50: 0.8360  coco/segm_mAP_75: 0.6430  coco/segm_mAP_s: 0.0000  coco/segm_mAP_m: 0.6550  coco/segm_mAP_l: 0.4830  data_time: 0.0064  time: 0.0486
2026/08/08 22:28:00 - mmengine - INFO - The previous best checkpoint d:\mamografi\real_time_segmentasyon\rtmdet\calisma\rtmdet_ins_tiny_256_orta_s44\best_busi_dice_tum_epoch_5.pth is removed
2026/08/08 22:28:02 - mmengine - INFO - The best checkpoint with 0.7579 busi/dice_tum at 6 epoch is saved to best_busi_dice_tum_epoch_6.pth.
2026/08/08 22:28:08 - mmengine - INFO - Epoch(train)   [7][10/68]  base_lr: 1.2500e-04 lr: 1.2500e-04  eta: 0:38:55  time: 0.3769  data_time: 0.1484  memory: 601  grad_norm: 17.0477  loss: 0.8961  loss_cls: 0.3369  loss_bbox: 0.3944  loss_mask: 0.1647
2026/08/08 22:28:11 - mmengine - INFO - Epoch(train)   [7][20/68]  base_lr: 1.2500e-04 lr: 1.2500e-04  eta: 0:38:50  time: 0.3755  data_time: 0.1473  memory: 602  grad_norm: 17.1218  loss: 0.8925  loss_cls: 0.3427  loss_bbox: 0.3865  loss_mask: 0.1633
2026/08/08 22:28:15 - mmengine - INFO - Epoch(train)   [7][30/68]  base_lr: 1.2500e-04 lr: 1.2500e-04  eta: 0:38:44  time: 0.3641  data_time: 0.1386  memory: 602  grad_norm: 16.5952  loss: 0.8852  loss_cls: 0.3424  loss_bbox: 0.3826  loss_mask: 0.1602
2026/08/08 22:28:19 - mmengine - INFO - Epoch(train)   [7][40/68]  base_lr: 1.2500e-04 lr: 1.2500e-04  eta: 0:38:41  time: 0.3601  data_time: 0.1359  memory: 603  grad_norm: 17.0959  loss: 0.8793  loss_cls: 0.3396  loss_bbox: 0.3807  loss_mask: 0.1590
2026/08/08 22:28:22 - mmengine - INFO - Epoch(train)   [7][50/68]  base_lr: 1.2500e-04 lr: 1.2500e-04  eta: 0:38:36  time: 0.3589  data_time: 0.1338  memory: 601  grad_norm: 17.0932  loss: 0.8721  loss_cls: 0.3379  loss_bbox: 0.3758  loss_mask: 0.1585
2026/08/08 22:28:26 - mmengine - INFO - Epoch(train)   [7][60/68]  base_lr: 1.2500e-04 lr: 1.2500e-04  eta: 0:38:34  time: 0.3627  data_time: 0.1384  memory: 599  grad_norm: 17.1613  loss: 0.8664  loss_cls: 0.3394  loss_bbox: 0.3681  loss_mask: 0.1589
2026/08/08 22:28:29 - mmengine - INFO - Exp name: rtmdet_ins_busi_20260808_222414
2026/08/08 22:28:29 - mmengine - INFO - Saving checkpoint at 7 epochs
2026/08/08 22:28:31 - mmengine - INFO - Epoch(val)   [7][ 10/116]    eta: 0:00:04  time: 0.0482  data_time: 0.0063  memory: 600  
2026/08/08 22:28:32 - mmengine - INFO - Epoch(val)   [7][ 20/116]    eta: 0:00:04  time: 0.0481  data_time: 0.0062  memory: 165  
2026/08/08 22:28:32 - mmengine - INFO - Epoch(val)   [7][ 30/116]    eta: 0:00:04  time: 0.0480  data_time: 0.0058  memory: 161  
2026/08/08 22:28:33 - mmengine - INFO - Epoch(val)   [7][ 40/116]    eta: 0:00:03  time: 0.0476  data_time: 0.0057  memory: 127  
2026/08/08 22:28:33 - mmengine - INFO - Epoch(val)   [7][ 50/116]    eta: 0:00:03  time: 0.0491  data_time: 0.0058  memory: 193  
2026/08/08 22:28:34 - mmengine - INFO - Epoch(val)   [7][ 60/116]    eta: 0:00:02  time: 0.0503  data_time: 0.0060  memory: 147  
2026/08/08 22:28:34 - mmengine - INFO - Epoch(val)   [7][ 70/116]    eta: 0:00:02  time: 0.0509  data_time: 0.0060  memory: 142  
2026/08/08 22:28:35 - mmengine - INFO - Epoch(val)   [7][ 80/116]    eta: 0:00:01  time: 0.0506  data_time: 0.0061  memory: 127  
2026/08/08 22:28:35 - mmengine - INFO - Epoch(val)   [7][ 90/116]    eta: 0:00:01  time: 0.0530  data_time: 0.0065  memory: 150  
2026/08/08 22:28:36 - mmengine - INFO - Epoch(val)   [7][100/116]    eta: 0:00:00  time: 0.0522  data_time: 0.0064  memory: 146  
2026/08/08 22:28:37 - mmengine - INFO - Epoch(val)   [7][110/116]    eta: 0:00:00  time: 0.0521  data_time: 0.0061  memory: 163  
2026/08/08 22:28:37 - mmengine - INFO - Evaluating bbox...
2026/08/08 22:28:37 - mmengine - INFO - bbox_mAP_copypaste: 0.493 0.873 0.542 0.000 0.549 0.472
2026/08/08 22:28:37 - mmengine - INFO - Evaluating segm...
2026/08/08 22:28:37 - mmengine - INFO - segm_mAP_copypaste: 0.576 0.864 0.721 0.000 0.695 0.514
2026/08/08 22:28:39 - mmengine - INFO - val kayip: val_kayip_cls 0.6250  val_kayip_bbox 0.3103  val_kayip_mask 0.1322  val_kayip 1.0675
2026/08/08 22:28:39 - mmengine - INFO - Epoch(val) [7][116/116]    busi/dice_tum: 0.7796  busi/dice_lezyonlu: 0.7545  busi/bos_dogru: 18  busi/esik: 0.4000  val_kayip_cls: 0.6250  val_kayip_bbox: 0.3103  val_kayip_mask: 0.1322  val_kayip: 1.0675  coco/bbox_mAP: 0.4930  coco/bbox_mAP_50: 0.8730  coco/bbox_mAP_75: 0.5420  coco/bbox_mAP_s: 0.0000  coco/bbox_mAP_m: 0.5490  coco/bbox_mAP_l: 0.4720  coco/segm_mAP: 0.5760  coco/segm_mAP_50: 0.8640  coco/segm_mAP_75: 0.7210  coco/segm_mAP_s: 0.0000  coco/segm_mAP_m: 0.6950  coco/segm_mAP_l: 0.5140  data_time: 0.0060  time: 0.0508
2026/08/08 22:28:39 - mmengine - INFO - The previous best checkpoint d:\mamografi\real_time_segmentasyon\rtmdet\calisma\rtmdet_ins_tiny_256_orta_s44\best_busi_dice_tum_epoch_6.pth is removed
2026/08/08 22:28:41 - mmengine - INFO - The best checkpoint with 0.7796 busi/dice_tum at 7 epoch is saved to best_busi_dice_tum_epoch_7.pth.
2026/08/08 22:28:47 - mmengine - INFO - Epoch(train)   [8][10/68]  base_lr: 1.2500e-04 lr: 1.2500e-04  eta: 0:38:29  time: 0.3706  data_time: 0.1440  memory: 601  grad_norm: 17.7013  loss: 0.8421  loss_cls: 0.3202  loss_bbox: 0.3655  loss_mask: 0.1564
2026/08/08 22:28:51 - mmengine - INFO - Epoch(train)   [8][20/68]  base_lr: 1.2500e-04 lr: 1.2500e-04  eta: 0:38:27  time: 0.3716  data_time: 0.1452  memory: 602  grad_norm: 17.3274  loss: 0.8400  loss_cls: 0.3211  loss_bbox: 0.3614  loss_mask: 0.1575
2026/08/08 22:28:54 - mmengine - INFO - Epoch(train)   [8][30/68]  base_lr: 1.2500e-04 lr: 1.2500e-04  eta: 0:38:24  time: 0.3739  data_time: 0.1476  memory: 602  grad_norm: 17.6720  loss: 0.8240  loss_cls: 0.3099  loss_bbox: 0.3585  loss_mask: 0.1556
2026/08/08 22:28:58 - mmengine - INFO - Epoch(train)   [8][40/68]  base_lr: 1.2500e-04 lr: 1.2500e-04  eta: 0:38:19  time: 0.3696  data_time: 0.1435  memory: 600  grad_norm: 18.8321  loss: 0.8317  loss_cls: 0.3163  loss_bbox: 0.3602  loss_mask: 0.1551
2026/08/08 22:29:02 - mmengine - INFO - Epoch(train)   [8][50/68]  base_lr: 1.2500e-04 lr: 1.2500e-04  eta: 0:38:16  time: 0.3723  data_time: 0.1435  memory: 600  grad_norm: 17.8473  loss: 0.8310  loss_cls: 0.3123  loss_bbox: 0.3634  loss_mask: 0.1553
2026/08/08 22:29:05 - mmengine - INFO - Epoch(train)   [8][60/68]  base_lr: 1.2500e-04 lr: 1.2500e-04  eta: 0:38:15  time: 0.3732  data_time: 0.1467  memory: 600  grad_norm: 18.5121  loss: 0.8422  loss_cls: 0.3178  loss_bbox: 0.3662  loss_mask: 0.1582
2026/08/08 22:29:08 - mmengine - INFO - Exp name: rtmdet_ins_busi_20260808_222414
2026/08/08 22:29:08 - mmengine - INFO - Saving checkpoint at 8 epochs
2026/08/08 22:29:11 - mmengine - INFO - Epoch(val)   [8][ 10/116]    eta: 0:00:05  time: 0.0530  data_time: 0.0062  memory: 598  
2026/08/08 22:29:11 - mmengine - INFO - Epoch(val)   [8][ 20/116]    eta: 0:00:04  time: 0.0519  data_time: 0.0061  memory: 157  
2026/08/08 22:29:12 - mmengine - INFO - Epoch(val)   [8][ 30/116]    eta: 0:00:04  time: 0.0506  data_time: 0.0057  memory: 154  
2026/08/08 22:29:12 - mmengine - INFO - Epoch(val)   [8][ 40/116]    eta: 0:00:03  time: 0.0494  data_time: 0.0056  memory: 128  
2026/08/08 22:29:13 - mmengine - INFO - Epoch(val)   [8][ 50/116]    eta: 0:00:03  time: 0.0505  data_time: 0.0057  memory: 197  
2026/08/08 22:29:14 - mmengine - INFO - Epoch(val)   [8][ 60/116]    eta: 0:00:02  time: 0.0514  data_time: 0.0059  memory: 141  
2026/08/08 22:29:14 - mmengine - INFO - Epoch(val)   [8][ 70/116]    eta: 0:00:02  time: 0.0524  data_time: 0.0059  memory: 156  
2026/08/08 22:29:15 - mmengine - INFO - Epoch(val)   [8][ 80/116]    eta: 0:00:01  time: 0.0526  data_time: 0.0061  memory: 134  
2026/08/08 22:29:15 - mmengine - INFO - Epoch(val)   [8][ 90/116]    eta: 0:00:01  time: 0.0551  data_time: 0.0065  memory: 176  
2026/08/08 22:29:16 - mmengine - INFO - Epoch(val)   [8][100/116]    eta: 0:00:00  time: 0.0538  data_time: 0.0063  memory: 189  
2026/08/08 22:29:16 - mmengine - INFO - Epoch(val)   [8][110/116]    eta: 0:00:00  time: 0.0545  data_time: 0.0060  memory: 186  
2026/08/08 22:29:17 - mmengine - INFO - Evaluating bbox...
2026/08/08 22:29:17 - mmengine - INFO - bbox_mAP_copypaste: 0.467 0.842 0.518 0.000 0.570 0.410
2026/08/08 22:29:17 - mmengine - INFO - Evaluating segm...
2026/08/08 22:29:17 - mmengine - INFO - segm_mAP_copypaste: 0.580 0.844 0.702 0.000 0.687 0.522
2026/08/08 22:29:19 - mmengine - INFO - val kayip: val_kayip_cls 0.6781  val_kayip_bbox 0.3322  val_kayip_mask 0.1293  val_kayip 1.1395
2026/08/08 22:29:19 - mmengine - INFO - Epoch(val) [8][116/116]    busi/dice_tum: 0.7588  busi/dice_lezyonlu: 0.7293  busi/bos_dogru: 18  busi/esik: 0.4000  val_kayip_cls: 0.6781  val_kayip_bbox: 0.3322  val_kayip_mask: 0.1293  val_kayip: 1.1395  coco/bbox_mAP: 0.4670  coco/bbox_mAP_50: 0.8420  coco/bbox_mAP_75: 0.5180  coco/bbox_mAP_s: 0.0000  coco/bbox_mAP_m: 0.5700  coco/bbox_mAP_l: 0.4100  coco/segm_mAP: 0.5800  coco/segm_mAP_50: 0.8440  coco/segm_mAP_75: 0.7020  coco/segm_mAP_s: 0.0000  coco/segm_mAP_m: 0.6870  coco/segm_mAP_l: 0.5220  data_time: 0.0060  time: 0.0528
2026/08/08 22:29:22 - mmengine - INFO - Epoch(train)   [9][10/68]  base_lr: 1.2500e-04 lr: 1.2500e-04  eta: 0:38:06  time: 0.3668  data_time: 0.1415  memory: 603  grad_norm: 17.6684  loss: 0.8630  loss_cls: 0.3307  loss_bbox: 0.3752  loss_mask: 0.1571
2026/08/08 22:29:26 - mmengine - INFO - Epoch(train)   [9][20/68]  base_lr: 1.2500e-04 lr: 1.2500e-04  eta: 0:38:04  time: 0.3691  data_time: 0.1432  memory: 600  grad_norm: 17.2446  loss: 0.8465  loss_cls: 0.3187  loss_bbox: 0.3730  loss_mask: 0.1548
2026/08/08 22:29:30 - mmengine - INFO - Epoch(train)   [9][30/68]  base_lr: 1.2500e-04 lr: 1.2500e-04  eta: 0:37:59  time: 0.3641  data_time: 0.1388  memory: 600  grad_norm: 17.1425  loss: 0.8327  loss_cls: 0.3167  loss_bbox: 0.3642  loss_mask: 0.1518
2026/08/08 22:29:33 - mmengine - INFO - Epoch(train)   [9][40/68]  base_lr: 1.2500e-04 lr: 1.2500e-04  eta: 0:37:53  time: 0.3583  data_time: 0.1353  memory: 600  grad_norm: 18.9849  loss: 0.8178  loss_cls: 0.3124  loss_bbox: 0.3567  loss_mask: 0.1487
2026/08/08 22:29:37 - mmengine - INFO - Epoch(train)   [9][50/68]  base_lr: 1.2500e-04 lr: 1.2500e-04  eta: 0:37:49  time: 0.3603  data_time: 0.1376  memory: 599  grad_norm: 18.6260  loss: 0.8110  loss_cls: 0.3113  loss_bbox: 0.3534  loss_mask: 0.1463
2026/08/08 22:29:40 - mmengine - INFO - Epoch(train)   [9][60/68]  base_lr: 1.2500e-04 lr: 1.2500e-04  eta: 0:37:45  time: 0.3597  data_time: 0.1371  memory: 602  grad_norm: 18.7251  loss: 0.7988  loss_cls: 0.3039  loss_bbox: 0.3457  loss_mask: 0.1492
2026/08/08 22:29:43 - mmengine - INFO - Exp name: rtmdet_ins_busi_20260808_222414
2026/08/08 22:29:43 - mmengine - INFO - Saving checkpoint at 9 epochs
2026/08/08 22:29:46 - mmengine - INFO - Epoch(val)   [9][ 10/116]    eta: 0:00:05  time: 0.0545  data_time: 0.0061  memory: 599  
2026/08/08 22:29:47 - mmengine - INFO - Epoch(val)   [9][ 20/116]    eta: 0:00:04  time: 0.0533  data_time: 0.0060  memory: 169  
2026/08/08 22:29:47 - mmengine - INFO - Epoch(val)   [9][ 30/116]    eta: 0:00:04  time: 0.0512  data_time: 0.0056  memory: 154  
2026/08/08 22:29:47 - mmengine - INFO - Epoch(val)   [9][ 40/116]    eta: 0:00:03  time: 0.0489  data_time: 0.0055  memory: 124  
2026/08/08 22:29:48 - mmengine - INFO - Epoch(val)   [9][ 50/116]    eta: 0:00:03  time: 0.0485  data_time: 0.0055  memory: 182  
2026/08/08 22:29:49 - mmengine - INFO - Epoch(val)   [9][ 60/116]    eta: 0:00:02  time: 0.0496  data_time: 0.0057  memory: 170  
2026/08/08 22:29:49 - mmengine - INFO - Epoch(val)   [9][ 70/116]    eta: 0:00:02  time: 0.0501  data_time: 0.0058  memory: 150  
2026/08/08 22:29:50 - mmengine - INFO - Epoch(val)   [9][ 80/116]    eta: 0:00:01  time: 0.0506  data_time: 0.0059  memory: 127  
2026/08/08 22:29:50 - mmengine - INFO - Epoch(val)   [9][ 90/116]    eta: 0:00:01  time: 0.0530  data_time: 0.0063  memory: 163  
2026/08/08 22:29:51 - mmengine - INFO - Epoch(val)   [9][100/116]    eta: 0:00:00  time: 0.0524  data_time: 0.0062  memory: 159  
2026/08/08 22:29:51 - mmengine - INFO - Epoch(val)   [9][110/116]    eta: 0:00:00  time: 0.0526  data_time: 0.0060  memory: 167  
2026/08/08 22:29:52 - mmengine - INFO - Evaluating bbox...
2026/08/08 22:29:52 - mmengine - INFO - bbox_mAP_copypaste: 0.484 0.855 0.497 0.010 0.526 0.477
2026/08/08 22:29:52 - mmengine - INFO - Evaluating segm...
2026/08/08 22:29:52 - mmengine - INFO - segm_mAP_copypaste: 0.569 0.848 0.679 0.013 0.698 0.510
2026/08/08 22:29:54 - mmengine - INFO - val kayip: val_kayip_cls 0.5517  val_kayip_bbox 0.3045  val_kayip_mask 0.1310  val_kayip 0.9873
2026/08/08 22:29:54 - mmengine - INFO - Epoch(val) [9][116/116]    busi/dice_tum: 0.7589  busi/dice_lezyonlu: 0.7295  busi/bos_dogru: 18  busi/esik: 0.4000  val_kayip_cls: 0.5517  val_kayip_bbox: 0.3045  val_kayip_mask: 0.1310  val_kayip: 0.9873  coco/bbox_mAP: 0.4840  coco/bbox_mAP_50: 0.8550  coco/bbox_mAP_75: 0.4970  coco/bbox_mAP_s: 0.0100  coco/bbox_mAP_m: 0.5260  coco/bbox_mAP_l: 0.4770  coco/segm_mAP: 0.5690  coco/segm_mAP_50: 0.8480  coco/segm_mAP_75: 0.6790  coco/segm_mAP_s: 0.0120  coco/segm_mAP_m: 0.6980  coco/segm_mAP_l: 0.5100  data_time: 0.0059  time: 0.0511
2026/08/08 22:29:57 - mmengine - INFO - Epoch(train)  [10][10/68]  base_lr: 1.2500e-04 lr: 1.2500e-04  eta: 0:37:36  time: 0.3550  data_time: 0.1340  memory: 600  grad_norm: 18.1422  loss: 0.7835  loss_cls: 0.2929  loss_bbox: 0.3413  loss_mask: 0.1493
2026/08/08 22:30:01 - mmengine - INFO - Epoch(train)  [10][20/68]  base_lr: 1.2500e-04 lr: 1.2500e-04  eta: 0:37:31  time: 0.3573  data_time: 0.1359  memory: 599  grad_norm: 16.2924  loss: 0.8030  loss_cls: 0.2993  loss_bbox: 0.3483  loss_mask: 0.1554
2026/08/08 22:30:04 - mmengine - INFO - Epoch(train)  [10][30/68]  base_lr: 1.2500e-04 lr: 1.2500e-04  eta: 0:37:27  time: 0.3571  data_time: 0.1352  memory: 601  grad_norm: 16.6501  loss: 0.7964  loss_cls: 0.2959  loss_bbox: 0.3442  loss_mask: 0.1563
2026/08/08 22:30:08 - mmengine - INFO - Epoch(train)  [10][40/68]  base_lr: 1.2500e-04 lr: 1.2500e-04  eta: 0:37:22  time: 0.3541  data_time: 0.1315  memory: 600  grad_norm: 16.9477  loss: 0.7962  loss_cls: 0.2965  loss_bbox: 0.3435  loss_mask: 0.1562
2026/08/08 22:30:12 - mmengine - INFO - Epoch(train)  [10][50/68]  base_lr: 1.2500e-04 lr: 1.2500e-04  eta: 0:37:18  time: 0.3545  data_time: 0.1308  memory: 600  grad_norm: 16.4298  loss: 0.7864  loss_cls: 0.2934  loss_bbox: 0.3403  loss_mask: 0.1527
2026/08/08 22:30:15 - mmengine - INFO - Epoch(train)  [10][60/68]  base_lr: 1.2500e-04 lr: 1.2500e-04  eta: 0:37:13  time: 0.3565  data_time: 0.1345  memory: 600  grad_norm: 16.2461  loss: 0.7953  loss_cls: 0.3020  loss_bbox: 0.3386  loss_mask: 0.1547
2026/08/08 22:30:18 - mmengine - INFO - Exp name: rtmdet_ins_busi_20260808_222414
2026/08/08 22:30:18 - mmengine - INFO - Saving checkpoint at 10 epochs
2026/08/08 22:30:20 - mmengine - INFO - Epoch(val)  [10][ 10/116]    eta: 0:00:05  time: 0.0538  data_time: 0.0060  memory: 601  
2026/08/08 22:30:21 - mmengine - INFO - Epoch(val)  [10][ 20/116]    eta: 0:00:04  time: 0.0530  data_time: 0.0060  memory: 158  
2026/08/08 22:30:21 - mmengine - INFO - Epoch(val)  [10][ 30/116]    eta: 0:00:04  time: 0.0518  data_time: 0.0057  memory: 176  
2026/08/08 22:30:22 - mmengine - INFO - Epoch(val)  [10][ 40/116]    eta: 0:00:03  time: 0.0496  data_time: 0.0055  memory: 132  
2026/08/08 22:30:22 - mmengine - INFO - Epoch(val)  [10][ 50/116]    eta: 0:00:03  time: 0.0502  data_time: 0.0056  memory: 199  
2026/08/08 22:30:23 - mmengine - INFO - Epoch(val)  [10][ 60/116]    eta: 0:00:02  time: 0.0512  data_time: 0.0060  memory: 179  
2026/08/08 22:30:24 - mmengine - INFO - Epoch(val)  [10][ 70/116]    eta: 0:00:02  time: 0.0517  data_time: 0.0060  memory: 151  
2026/08/08 22:30:24 - mmengine - INFO - Epoch(val)  [10][ 80/116]    eta: 0:00:01  time: 0.0520  data_time: 0.0060  memory: 148  
2026/08/08 22:30:25 - mmengine - INFO - Epoch(val)  [10][ 90/116]    eta: 0:00:01  time: 0.0556  data_time: 0.0065  memory: 175  
2026/08/08 22:30:25 - mmengine - INFO - Epoch(val)  [10][100/116]    eta: 0:00:00  time: 0.0554  data_time: 0.0063  memory: 171  
2026/08/08 22:30:26 - mmengine - INFO - Epoch(val)  [10][110/116]    eta: 0:00:00  time: 0.0556  data_time: 0.0061  memory: 165  
2026/08/08 22:30:26 - mmengine - INFO - Evaluating bbox...
2026/08/08 22:30:26 - mmengine - INFO - bbox_mAP_copypaste: 0.513 0.867 0.583 0.000 0.581 0.477
2026/08/08 22:30:26 - mmengine - INFO - Evaluating segm...
2026/08/08 22:30:26 - mmengine - INFO - segm_mAP_copypaste: 0.579 0.851 0.671 0.000 0.704 0.516
2026/08/08 22:30:28 - mmengine - INFO - val kayip: val_kayip_cls 0.6011  val_kayip_bbox 0.3039  val_kayip_mask 0.1314  val_kayip 1.0364
2026/08/08 22:30:28 - mmengine - INFO - Epoch(val) [10][116/116]    busi/dice_tum: 0.7827  busi/dice_lezyonlu: 0.7582  busi/bos_dogru: 18  busi/esik: 0.3000  val_kayip_cls: 0.6011  val_kayip_bbox: 0.3039  val_kayip_mask: 0.1314  val_kayip: 1.0364  coco/bbox_mAP: 0.5130  coco/bbox_mAP_50: 0.8670  coco/bbox_mAP_75: 0.5830  coco/bbox_mAP_s: 0.0000  coco/bbox_mAP_m: 0.5810  coco/bbox_mAP_l: 0.4770  coco/segm_mAP: 0.5790  coco/segm_mAP_50: 0.8510  coco/segm_mAP_75: 0.6710  coco/segm_mAP_s: 0.0000  coco/segm_mAP_m: 0.7040  coco/segm_mAP_l: 0.5160  data_time: 0.0060  time: 0.0532
2026/08/08 22:30:28 - mmengine - INFO - The previous best checkpoint d:\mamografi\real_time_segmentasyon\rtmdet\calisma\rtmdet_ins_tiny_256_orta_s44\best_busi_dice_tum_epoch_7.pth is removed
2026/08/08 22:30:30 - mmengine - INFO - The best checkpoint with 0.7827 busi/dice_tum at 10 epoch is saved to best_busi_dice_tum_epoch_10.pth.
2026/08/08 22:30:36 - mmengine - INFO - Epoch(train)  [11][10/68]  base_lr: 1.2500e-04 lr: 1.2500e-04  eta: 0:37:05  time: 0.3551  data_time: 0.1292  memory: 601  grad_norm: 14.7106  loss: 0.7783  loss_cls: 0.2946  loss_bbox: 0.3358  loss_mask: 0.1479
2026/08/08 22:30:40 - mmengine - INFO - Epoch(train)  [11][20/68]  base_lr: 1.2500e-04 lr: 1.2500e-04  eta: 0:37:01  time: 0.3558  data_time: 0.1317  memory: 599  grad_norm: 14.4217  loss: 0.7640  loss_cls: 0.2854  loss_bbox: 0.3331  loss_mask: 0.1456
2026/08/08 22:30:43 - mmengine - INFO - Epoch(train)  [11][30/68]  base_lr: 1.2500e-04 lr: 1.2500e-04  eta: 0:36:57  time: 0.3556  data_time: 0.1304  memory: 600  grad_norm: 14.2053  loss: 0.7760  loss_cls: 0.2907  loss_bbox: 0.3352  loss_mask: 0.1500
2026/08/08 22:30:47 - mmengine - INFO - Epoch(train)  [11][40/68]  base_lr: 1.2500e-04 lr: 1.2500e-04  eta: 0:36:55  time: 0.3621  data_time: 0.1346  memory: 602  grad_norm: 13.7740  loss: 0.7832  loss_cls: 0.2900  loss_bbox: 0.3394  loss_mask: 0.1537
2026/08/08 22:30:51 - mmengine - INFO - Epoch(train)  [11][50/68]  base_lr: 1.2500e-04 lr: 1.2500e-04  eta: 0:36:52  time: 0.3679  data_time: 0.1400  memory: 601  grad_norm: 13.6755  loss: 0.7901  loss_cls: 0.2937  loss_bbox: 0.3413  loss_mask: 0.1551
2026/08/08 22:30:54 - mmengine - INFO - Epoch(train)  [11][60/68]  base_lr: 1.2500e-04 lr: 1.2500e-04  eta: 0:36:50  time: 0.3711  data_time: 0.1475  memory: 601  grad_norm: 13.8502  loss: 0.7789  loss_cls: 0.2842  loss_bbox: 0.3412  loss_mask: 0.1535
2026/08/08 22:30:57 - mmengine - INFO - Exp name: rtmdet_ins_busi_20260808_222414
2026/08/08 22:30:57 - mmengine - INFO - Saving checkpoint at 11 epochs
2026/08/08 22:31:00 - mmengine - INFO - Epoch(val)  [11][ 10/116]    eta: 0:00:05  time: 0.0562  data_time: 0.0063  memory: 601  
2026/08/08 22:31:00 - mmengine - INFO - Epoch(val)  [11][ 20/116]    eta: 0:00:04  time: 0.0539  data_time: 0.0061  memory: 153  
2026/08/08 22:31:01 - mmengine - INFO - Epoch(val)  [11][ 30/116]    eta: 0:00:04  time: 0.0512  data_time: 0.0057  memory: 159  
2026/08/08 22:31:01 - mmengine - INFO - Epoch(val)  [11][ 40/116]    eta: 0:00:03  time: 0.0486  data_time: 0.0055  memory: 124  
2026/08/08 22:31:02 - mmengine - INFO - Epoch(val)  [11][ 50/116]    eta: 0:00:03  time: 0.0482  data_time: 0.0056  memory: 187  
2026/08/08 22:31:02 - mmengine - INFO - Epoch(val)  [11][ 60/116]    eta: 0:00:02  time: 0.0484  data_time: 0.0057  memory: 147  
2026/08/08 22:31:03 - mmengine - INFO - Epoch(val)  [11][ 70/116]    eta: 0:00:02  time: 0.0494  data_time: 0.0057  memory: 143  
2026/08/08 22:31:03 - mmengine - INFO - Epoch(val)  [11][ 80/116]    eta: 0:00:01  time: 0.0503  data_time: 0.0060  memory: 142  
2026/08/08 22:31:04 - mmengine - INFO - Epoch(val)  [11][ 90/116]    eta: 0:00:01  time: 0.0535  data_time: 0.0063  memory: 187  
2026/08/08 22:31:04 - mmengine - INFO - Epoch(val)  [11][100/116]    eta: 0:00:00  time: 0.0530  data_time: 0.0061  memory: 159  
2026/08/08 22:31:05 - mmengine - INFO - Epoch(val)  [11][110/116]    eta: 0:00:00  time: 0.0541  data_time: 0.0059  memory: 221  
2026/08/08 22:31:05 - mmengine - INFO - Evaluating bbox...
2026/08/08 22:31:05 - mmengine - INFO - bbox_mAP_copypaste: 0.566 0.850 0.688 0.000 0.696 0.495
2026/08/08 22:31:05 - mmengine - INFO - Evaluating segm...
2026/08/08 22:31:06 - mmengine - INFO - segm_mAP_copypaste: 0.585 0.858 0.706 0.000 0.702 0.526
2026/08/08 22:31:08 - mmengine - INFO - val kayip: val_kayip_cls 0.5275  val_kayip_bbox 0.2741  val_kayip_mask 0.1298  val_kayip 0.9314
2026/08/08 22:31:08 - mmengine - INFO - Epoch(val) [11][116/116]    busi/dice_tum: 0.7666  busi/dice_lezyonlu: 0.7493  busi/bos_dogru: 17  busi/esik: 0.3000  val_kayip_cls: 0.5275  val_kayip_bbox: 0.2741  val_kayip_mask: 0.1298  val_kayip: 0.9314  coco/bbox_mAP: 0.5660  coco/bbox_mAP_50: 0.8500  coco/bbox_mAP_75: 0.6880  coco/bbox_mAP_s: 0.0000  coco/bbox_mAP_m: 0.6960  coco/bbox_mAP_l: 0.4950  coco/segm_mAP: 0.5850  coco/segm_mAP_50: 0.8580  coco/segm_mAP_75: 0.7060  coco/segm_mAP_s: 0.0000  coco/segm_mAP_m: 0.7020  coco/segm_mAP_l: 0.5260  data_time: 0.0058  time: 0.0515
2026/08/08 22:31:11 - mmengine - INFO - Epoch(train)  [12][10/68]  base_lr: 1.2500e-04 lr: 1.2500e-04  eta: 0:36:41  time: 0.3679  data_time: 0.1439  memory: 601  grad_norm: 13.6399  loss: 0.7537  loss_cls: 0.2779  loss_bbox: 0.3284  loss_mask: 0.1474
2026/08/08 22:31:15 - mmengine - INFO - Epoch(train)  [12][20/68]  base_lr: 1.2500e-04 lr: 1.2500e-04  eta: 0:36:36  time: 0.3626  data_time: 0.1398  memory: 600  grad_norm: 13.9041  loss: 0.7266  loss_cls: 0.2582  loss_bbox: 0.3255  loss_mask: 0.1429
2026/08/08 22:31:18 - mmengine - INFO - Epoch(train)  [12][30/68]  base_lr: 1.2500e-04 lr: 1.2500e-04  eta: 0:36:32  time: 0.3597  data_time: 0.1358  memory: 599  grad_norm: 14.4338  loss: 0.7403  loss_cls: 0.2622  loss_bbox: 0.3295  loss_mask: 0.1486
2026/08/08 22:31:22 - mmengine - INFO - Epoch(train)  [12][40/68]  base_lr: 1.2500e-04 lr: 1.2500e-04  eta: 0:36:30  time: 0.3578  data_time: 0.1349  memory: 599  grad_norm: 14.6967  loss: 0.7380  loss_cls: 0.2651  loss_bbox: 0.3264  loss_mask: 0.1466
2026/08/08 22:31:26 - mmengine - INFO - Epoch(train)  [12][50/68]  base_lr: 1.2500e-04 lr: 1.2500e-04  eta: 0:36:28  time: 0.3685  data_time: 0.1438  memory: 600  grad_norm: 14.9232  loss: 0.7457  loss_cls: 0.2764  loss_bbox: 0.3242  loss_mask: 0.1450
2026/08/08 22:31:30 - mmengine - INFO - Epoch(train)  [12][60/68]  base_lr: 1.2500e-04 lr: 1.2500e-04  eta: 0:36:25  time: 0.3701  data_time: 0.1466  memory: 600  grad_norm: 14.8774  loss: 0.7554  loss_cls: 0.2821  loss_bbox: 0.3294  loss_mask: 0.1440
2026/08/08 22:31:32 - mmengine - INFO - Exp name: rtmdet_ins_busi_20260808_222414
2026/08/08 22:31:32 - mmengine - INFO - Saving checkpoint at 12 epochs
2026/08/08 22:31:35 - mmengine - INFO - Epoch(val)  [12][ 10/116]    eta: 0:00:05  time: 0.0554  data_time: 0.0060  memory: 599  
2026/08/08 22:31:35 - mmengine - INFO - Epoch(val)  [12][ 20/116]    eta: 0:00:04  time: 0.0539  data_time: 0.0059  memory: 157  
2026/08/08 22:31:36 - mmengine - INFO - Epoch(val)  [12][ 30/116]    eta: 0:00:04  time: 0.0514  data_time: 0.0056  memory: 172  
2026/08/08 22:31:36 - mmengine - INFO - Epoch(val)  [12][ 40/116]    eta: 0:00:03  time: 0.0499  data_time: 0.0054  memory: 136  
2026/08/08 22:31:37 - mmengine - INFO - Epoch(val)  [12][ 50/116]    eta: 0:00:03  time: 0.0497  data_time: 0.0054  memory: 221  
2026/08/08 22:31:37 - mmengine - INFO - Epoch(val)  [12][ 60/116]    eta: 0:00:02  time: 0.0509  data_time: 0.0057  memory: 174  
2026/08/08 22:31:38 - mmengine - INFO - Epoch(val)  [12][ 70/116]    eta: 0:00:02  time: 0.0521  data_time: 0.0057  memory: 156  
2026/08/08 22:31:39 - mmengine - INFO - Epoch(val)  [12][ 80/116]    eta: 0:00:01  time: 0.0535  data_time: 0.0059  memory: 190  
2026/08/08 22:31:39 - mmengine - INFO - Epoch(val)  [12][ 90/116]    eta: 0:00:01  time: 0.0556  data_time: 0.0063  memory: 198  
2026/08/08 22:31:40 - mmengine - INFO - Epoch(val)  [12][100/116]    eta: 0:00:00  time: 0.0559  data_time: 0.0061  memory: 208  
2026/08/08 22:31:40 - mmengine - INFO - Epoch(val)  [12][110/116]    eta: 0:00:00  time: 0.0570  data_time: 0.0058  memory: 216  
2026/08/08 22:31:41 - mmengine - INFO - Evaluating bbox...
2026/08/08 22:31:41 - mmengine - INFO - bbox_mAP_copypaste: 0.608 0.891 0.714 0.000 0.698 0.558
2026/08/08 22:31:41 - mmengine - INFO - Evaluating segm...
2026/08/08 22:31:41 - mmengine - INFO - segm_mAP_copypaste: 0.608 0.879 0.720 0.000 0.715 0.556
2026/08/08 22:31:43 - mmengine - INFO - val kayip: val_kayip_cls 0.6649  val_kayip_bbox 0.2655  val_kayip_mask 0.1245  val_kayip 1.0550
2026/08/08 22:31:43 - mmengine - INFO - Epoch(val) [12][116/116]    busi/dice_tum: 0.7700  busi/dice_lezyonlu: 0.7742  busi/bos_dogru: 15  busi/esik: 0.3000  val_kayip_cls: 0.6649  val_kayip_bbox: 0.2655  val_kayip_mask: 0.1245  val_kayip: 1.0550  coco/bbox_mAP: 0.6080  coco/bbox_mAP_50: 0.8910  coco/bbox_mAP_75: 0.7140  coco/bbox_mAP_s: 0.0000  coco/bbox_mAP_m: 0.6980  coco/bbox_mAP_l: 0.5580  coco/segm_mAP: 0.6080  coco/segm_mAP_50: 0.8790  coco/segm_mAP_75: 0.7200  coco/segm_mAP_s: 0.0000  coco/segm_mAP_m: 0.7150  coco/segm_mAP_l: 0.5560  data_time: 0.0058  time: 0.0538
2026/08/08 22:31:46 - mmengine - INFO - Epoch(train)  [13][10/68]  base_lr: 1.2500e-04 lr: 1.2500e-04  eta: 0:36:15  time: 0.3629  data_time: 0.1412  memory: 601  grad_norm: 13.7339  loss: 0.7414  loss_cls: 0.2770  loss_bbox: 0.3251  loss_mask: 0.1393
2026/08/08 22:31:50 - mmengine - INFO - Epoch(train)  [13][20/68]  base_lr: 1.2500e-04 lr: 1.2500e-04  eta: 0:36:11  time: 0.3621  data_time: 0.1400  memory: 598  grad_norm: 13.5305  loss: 0.7363  loss_cls: 0.2716  loss_bbox: 0.3233  loss_mask: 0.1414
2026/08/08 22:31:54 - mmengine - INFO - Epoch(train)  [13][30/68]  base_lr: 1.2500e-04 lr: 1.2500e-04  eta: 0:36:08  time: 0.3578  data_time: 0.1371  memory: 600  grad_norm: 13.3059  loss: 0.7184  loss_cls: 0.2555  loss_bbox: 0.3191  loss_mask: 0.1439
2026/08/08 22:31:57 - mmengine - INFO - Epoch(train)  [13][40/68]  base_lr: 1.2500e-04 lr: 1.2500e-04  eta: 0:36:02  time: 0.3506  data_time: 0.1294  memory: 600  grad_norm: 13.1414  loss: 0.7048  loss_cls: 0.2438  loss_bbox: 0.3150  loss_mask: 0.1460
2026/08/08 22:32:01 - mmengine - INFO - Epoch(train)  [13][50/68]  base_lr: 1.2500e-04 lr: 1.2500e-04  eta: 0:35:59  time: 0.3576  data_time: 0.1340  memory: 599  grad_norm: 13.4759  loss: 0.7063  loss_cls: 0.2417  loss_bbox: 0.3187  loss_mask: 0.1459
2026/08/08 22:32:04 - mmengine - INFO - Epoch(train)  [13][60/68]  base_lr: 1.2500e-04 lr: 1.2500e-04  eta: 0:35:56  time: 0.3626  data_time: 0.1415  memory: 600  grad_norm: 13.9473  loss: 0.7241  loss_cls: 0.2515  loss_bbox: 0.3221  loss_mask: 0.1505
2026/08/08 22:32:07 - mmengine - INFO - Exp name: rtmdet_ins_busi_20260808_222414
2026/08/08 22:32:07 - mmengine - INFO - Saving checkpoint at 13 epochs
2026/08/08 22:32:10 - mmengine - INFO - Epoch(val)  [13][ 10/116]    eta: 0:00:05  time: 0.0575  data_time: 0.0060  memory: 601  
2026/08/08 22:32:10 - mmengine - INFO - Epoch(val)  [13][ 20/116]    eta: 0:00:04  time: 0.0554  data_time: 0.0059  memory: 149  
2026/08/08 22:32:11 - mmengine - INFO - Epoch(val)  [13][ 30/116]    eta: 0:00:04  time: 0.0528  data_time: 0.0056  memory: 154  
2026/08/08 22:32:11 - mmengine - INFO - Epoch(val)  [13][ 40/116]    eta: 0:00:03  time: 0.0492  data_time: 0.0055  memory: 128  
2026/08/08 22:32:12 - mmengine - INFO - Epoch(val)  [13][ 50/116]    eta: 0:00:03  time: 0.0489  data_time: 0.0057  memory: 215  
2026/08/08 22:32:12 - mmengine - INFO - Epoch(val)  [13][ 60/116]    eta: 0:00:02  time: 0.0503  data_time: 0.0060  memory: 143  
2026/08/08 22:32:13 - mmengine - INFO - Epoch(val)  [13][ 70/116]    eta: 0:00:02  time: 0.0515  data_time: 0.0060  memory: 164  
2026/08/08 22:32:14 - mmengine - INFO - Epoch(val)  [13][ 80/116]    eta: 0:00:01  time: 0.0536  data_time: 0.0062  memory: 206  
2026/08/08 22:32:14 - mmengine - INFO - Epoch(val)  [13][ 90/116]    eta: 0:00:01  time: 0.0561  data_time: 0.0065  memory: 194  
2026/08/08 22:32:15 - mmengine - INFO - Epoch(val)  [13][100/116]    eta: 0:00:00  time: 0.0556  data_time: 0.0063  memory: 164  
2026/08/08 22:32:15 - mmengine - INFO - Epoch(val)  [13][110/116]    eta: 0:00:00  time: 0.0556  data_time: 0.0060  memory: 179  
2026/08/08 22:32:16 - mmengine - INFO - Evaluating bbox...
2026/08/08 22:32:16 - mmengine - INFO - bbox_mAP_copypaste: 0.582 0.874 0.686 0.000 0.695 0.519
2026/08/08 22:32:16 - mmengine - INFO - Evaluating segm...
2026/08/08 22:32:16 - mmengine - INFO - segm_mAP_copypaste: 0.598 0.868 0.715 0.000 0.711 0.541
2026/08/08 22:32:18 - mmengine - INFO - val kayip: val_kayip_cls 0.4808  val_kayip_bbox 0.2729  val_kayip_mask 0.1291  val_kayip 0.8829
2026/08/08 22:32:18 - mmengine - INFO - Epoch(val) [13][116/116]    busi/dice_tum: 0.7610  busi/dice_lezyonlu: 0.7425  busi/bos_dogru: 17  busi/esik: 0.3000  val_kayip_cls: 0.4808  val_kayip_bbox: 0.2729  val_kayip_mask: 0.1291  val_kayip: 0.8829  coco/bbox_mAP: 0.5820  coco/bbox_mAP_50: 0.8740  coco/bbox_mAP_75: 0.6860  coco/bbox_mAP_s: 0.0000  coco/bbox_mAP_m: 0.6950  coco/bbox_mAP_l: 0.5190  coco/segm_mAP: 0.5980  coco/segm_mAP_50: 0.8680  coco/segm_mAP_75: 0.7150  coco/segm_mAP_s: 0.0000  coco/segm_mAP_m: 0.7110  coco/segm_mAP_l: 0.5410  data_time: 0.0060  time: 0.0526
2026/08/08 22:32:21 - mmengine - INFO - Epoch(train)  [14][10/68]  base_lr: 1.2500e-04 lr: 1.2500e-04  eta: 0:35:47  time: 0.3549  data_time: 0.1335  memory: 601  grad_norm: 13.7287  loss: 0.7118  loss_cls: 0.2491  loss_bbox: 0.3211  loss_mask: 0.1417
2026/08/08 22:32:25 - mmengine - INFO - Epoch(train)  [14][20/68]  base_lr: 1.2500e-04 lr: 1.2500e-04  eta: 0:35:44  time: 0.3600  data_time: 0.1392  memory: 600  grad_norm: 14.1328  loss: 0.7175  loss_cls: 0.2518  loss_bbox: 0.3224  loss_mask: 0.1433
2026/08/08 22:32:29 - mmengine - INFO - Epoch(train)  [14][30/68]  base_lr: 1.2500e-04 lr: 1.2500e-04  eta: 0:35:40  time: 0.3594  data_time: 0.1381  memory: 602  grad_norm: 13.6101  loss: 0.7164  loss_cls: 0.2513  loss_bbox: 0.3230  loss_mask: 0.1421
2026/08/08 22:32:32 - mmengine - INFO - Epoch(train)  [14][40/68]  base_lr: 1.2500e-04 lr: 1.2500e-04  eta: 0:35:37  time: 0.3570  data_time: 0.1341  memory: 602  grad_norm: 14.0147  loss: 0.7352  loss_cls: 0.2644  loss_bbox: 0.3267  loss_mask: 0.1440
2026/08/08 22:32:36 - mmengine - INFO - Epoch(train)  [14][50/68]  base_lr: 1.2500e-04 lr: 1.2500e-04  eta: 0:35:33  time: 0.3626  data_time: 0.1385  memory: 600  grad_norm: 13.7535  loss: 0.7283  loss_cls: 0.2582  loss_bbox: 0.3251  loss_mask: 0.1449
2026/08/08 22:32:39 - mmengine - INFO - Epoch(train)  [14][60/68]  base_lr: 1.2500e-04 lr: 1.2500e-04  eta: 0:35:28  time: 0.3618  data_time: 0.1384  memory: 600  grad_norm: 13.3495  loss: 0.7206  loss_cls: 0.2491  loss_bbox: 0.3265  loss_mask: 0.1450
2026/08/08 22:32:42 - mmengine - INFO - Exp name: rtmdet_ins_busi_20260808_222414
2026/08/08 22:32:42 - mmengine - INFO - Saving checkpoint at 14 epochs
2026/08/08 22:32:45 - mmengine - INFO - Epoch(val)  [14][ 10/116]    eta: 0:00:05  time: 0.0558  data_time: 0.0062  memory: 599  
2026/08/08 22:32:45 - mmengine - INFO - Epoch(val)  [14][ 20/116]    eta: 0:00:04  time: 0.0541  data_time: 0.0062  memory: 157  
2026/08/08 22:32:46 - mmengine - INFO - Epoch(val)  [14][ 30/116]    eta: 0:00:04  time: 0.0514  data_time: 0.0057  memory: 161  
2026/08/08 22:32:46 - mmengine - INFO - Epoch(val)  [14][ 40/116]    eta: 0:00:03  time: 0.0485  data_time: 0.0055  memory: 143  
2026/08/08 22:32:47 - mmengine - INFO - Epoch(val)  [14][ 50/116]    eta: 0:00:03  time: 0.0487  data_time: 0.0055  memory: 206  
2026/08/08 22:32:47 - mmengine - INFO - Epoch(val)  [14][ 60/116]    eta: 0:00:02  time: 0.0491  data_time: 0.0057  memory: 143  
2026/08/08 22:32:48 - mmengine - INFO - Epoch(val)  [14][ 70/116]    eta: 0:00:02  time: 0.0499  data_time: 0.0057  memory: 151  
2026/08/08 22:32:48 - mmengine - INFO - Epoch(val)  [14][ 80/116]    eta: 0:00:01  time: 0.0516  data_time: 0.0059  memory: 181  
2026/08/08 22:32:49 - mmengine - INFO - Epoch(val)  [14][ 90/116]    eta: 0:00:01  time: 0.0553  data_time: 0.0063  memory: 194  
2026/08/08 22:32:50 - mmengine - INFO - Epoch(val)  [14][100/116]    eta: 0:00:00  time: 0.0563  data_time: 0.0061  memory: 212  
2026/08/08 22:32:50 - mmengine - INFO - Epoch(val)  [14][110/116]    eta: 0:00:00  time: 0.0570  data_time: 0.0059  memory: 189  
2026/08/08 22:32:51 - mmengine - INFO - Evaluating bbox...
2026/08/08 22:32:51 - mmengine - INFO - bbox_mAP_copypaste: 0.581 0.879 0.697 0.000 0.702 0.518
2026/08/08 22:32:51 - mmengine - INFO - Evaluating segm...
2026/08/08 22:32:51 - mmengine - INFO - segm_mAP_copypaste: 0.603 0.879 0.722 0.000 0.704 0.548
2026/08/08 22:32:53 - mmengine - INFO - val kayip: val_kayip_cls 0.7139  val_kayip_bbox 0.2701  val_kayip_mask 0.1251  val_kayip 1.1090
2026/08/08 22:32:53 - mmengine - INFO - Epoch(val) [14][116/116]    busi/dice_tum: 0.7765  busi/dice_lezyonlu: 0.7403  busi/bos_dogru: 19  busi/esik: 0.5000  val_kayip_cls: 0.7139  val_kayip_bbox: 0.2701  val_kayip_mask: 0.1251  val_kayip: 1.1090  coco/bbox_mAP: 0.5810  coco/bbox_mAP_50: 0.8790  coco/bbox_mAP_75: 0.6970  coco/bbox_mAP_s: 0.0000  coco/bbox_mAP_m: 0.7020  coco/bbox_mAP_l: 0.5180  coco/segm_mAP: 0.6030  coco/segm_mAP_50: 0.8790  coco/segm_mAP_75: 0.7220  coco/segm_mAP_s: 0.0000  coco/segm_mAP_m: 0.7040  coco/segm_mAP_l: 0.5480  data_time: 0.0059  time: 0.0531
2026/08/08 22:32:57 - mmengine - INFO - Epoch(train)  [15][10/68]  base_lr: 1.2500e-04 lr: 1.2500e-04  eta: 0:35:22  time: 0.3631  data_time: 0.1395  memory: 600  grad_norm: 13.7744  loss: 0.7295  loss_cls: 0.2521  loss_bbox: 0.3316  loss_mask: 0.1459
2026/08/08 22:33:00 - mmengine - INFO - Epoch(train)  [15][20/68]  base_lr: 1.2500e-04 lr: 1.2500e-04  eta: 0:35:18  time: 0.3586  data_time: 0.1357  memory: 601  grad_norm: 13.5849  loss: 0.7096  loss_cls: 0.2443  loss_bbox: 0.3233  loss_mask: 0.1420
2026/08/08 22:33:04 - mmengine - INFO - Epoch(train)  [15][30/68]  base_lr: 1.2500e-04 lr: 1.2500e-04  eta: 0:35:13  time: 0.3579  data_time: 0.1345  memory: 599  grad_norm: 13.8207  loss: 0.6973  loss_cls: 0.2377  loss_bbox: 0.3198  loss_mask: 0.1398
2026/08/08 22:33:07 - mmengine - INFO - Epoch(train)  [15][40/68]  base_lr: 1.2500e-04 lr: 1.2500e-04  eta: 0:35:10  time: 0.3600  data_time: 0.1361  memory: 602  grad_norm: 13.9098  loss: 0.6877  loss_cls: 0.2326  loss_bbox: 0.3146  loss_mask: 0.1405
2026/08/08 22:33:10 - mmengine - INFO - Exp name: rtmdet_ins_busi_20260808_222414
2026/08/08 22:33:11 - mmengine - INFO - Epoch(train)  [15][50/68]  base_lr: 1.2500e-04 lr: 1.2500e-04  eta: 0:35:06  time: 0.3611  data_time: 0.1373  memory: 602  grad_norm: 13.8669  loss: 0.6964  loss_cls: 0.2369  loss_bbox: 0.3171  loss_mask: 0.1424
2026/08/08 22:33:14 - mmengine - INFO - Epoch(train)  [15][60/68]  base_lr: 1.2500e-04 lr: 1.2500e-04  eta: 0:35:02  time: 0.3567  data_time: 0.1338  memory: 601  grad_norm: 14.1628  loss: 0.6913  loss_cls: 0.2372  loss_bbox: 0.3144  loss_mask: 0.1397
2026/08/08 22:33:17 - mmengine - INFO - Exp name: rtmdet_ins_busi_20260808_222414
2026/08/08 22:33:17 - mmengine - INFO - Saving checkpoint at 15 epochs
2026/08/08 22:33:20 - mmengine - INFO - Epoch(val)  [15][ 10/116]    eta: 0:00:05  time: 0.0573  data_time: 0.0062  memory: 600  
2026/08/08 22:33:20 - mmengine - INFO - Epoch(val)  [15][ 20/116]    eta: 0:00:04  time: 0.0550  data_time: 0.0061  memory: 157  
2026/08/08 22:33:21 - mmengine - INFO - Epoch(val)  [15][ 30/116]    eta: 0:00:03  time: 0.0513  data_time: 0.0057  memory: 159  
2026/08/08 22:33:21 - mmengine - INFO - Epoch(val)  [15][ 40/116]    eta: 0:00:03  time: 0.0478  data_time: 0.0055  memory: 129  
2026/08/08 22:33:22 - mmengine - INFO - Epoch(val)  [15][ 50/116]    eta: 0:00:03  time: 0.0464  data_time: 0.0055  memory: 181  
2026/08/08 22:33:22 - mmengine - INFO - Epoch(val)  [15][ 60/116]    eta: 0:00:02  time: 0.0471  data_time: 0.0056  memory: 134  
2026/08/08 22:33:23 - mmengine - INFO - Epoch(val)  [15][ 70/116]    eta: 0:00:02  time: 0.0485  data_time: 0.0057  memory: 141  
2026/08/08 22:33:23 - mmengine - INFO - Epoch(val)  [15][ 80/116]    eta: 0:00:01  time: 0.0502  data_time: 0.0058  memory: 184  
2026/08/08 22:33:24 - mmengine - INFO - Epoch(val)  [15][ 90/116]    eta: 0:00:01  time: 0.0536  data_time: 0.0063  memory: 207  
2026/08/08 22:33:24 - mmengine - INFO - Epoch(val)  [15][100/116]    eta: 0:00:00  time: 0.0550  data_time: 0.0063  memory: 203  
2026/08/08 22:33:25 - mmengine - INFO - Epoch(val)  [15][110/116]    eta: 0:00:00  time: 0.0553  data_time: 0.0061  memory: 151  
2026/08/08 22:33:25 - mmengine - INFO - Evaluating bbox...
2026/08/08 22:33:25 - mmengine - INFO - bbox_mAP_copypaste: 0.589 0.890 0.727 0.000 0.683 0.536
2026/08/08 22:33:25 - mmengine - INFO - Evaluating segm...
2026/08/08 22:33:26 - mmengine - INFO - segm_mAP_copypaste: 0.612 0.890 0.733 0.000 0.702 0.571
2026/08/08 22:33:27 - mmengine - INFO - val kayip: val_kayip_cls 0.5587  val_kayip_bbox 0.2708  val_kayip_mask 0.1249  val_kayip 0.9544
2026/08/08 22:33:27 - mmengine - INFO - Epoch(val) [15][116/116]    busi/dice_tum: 0.7818  busi/dice_lezyonlu: 0.7467  busi/bos_dogru: 19  busi/esik: 0.4000  val_kayip_cls: 0.5587  val_kayip_bbox: 0.2708  val_kayip_mask: 0.1249  val_kayip: 0.9544  coco/bbox_mAP: 0.5890  coco/bbox_mAP_50: 0.8900  coco/bbox_mAP_75: 0.7270  coco/bbox_mAP_s: 0.0000  coco/bbox_mAP_m: 0.6830  coco/bbox_mAP_l: 0.5360  coco/segm_mAP: 0.6120  coco/segm_mAP_50: 0.8900  coco/segm_mAP_75: 0.7330  coco/segm_mAP_s: 0.0000  coco/segm_mAP_m: 0.7020  coco/segm_mAP_l: 0.5710  data_time: 0.0059  time: 0.0515
2026/08/08 22:33:31 - mmengine - INFO - Epoch(train)  [16][10/68]  base_lr: 1.2500e-04 lr: 1.2500e-04  eta: 0:34:53  time: 0.3526  data_time: 0.1313  memory: 600  grad_norm: 14.3019  loss: 0.7050  loss_cls: 0.2418  loss_bbox: 0.3234  loss_mask: 0.1398
2026/08/08 22:33:35 - mmengine - INFO - Epoch(train)  [16][20/68]  base_lr: 1.2500e-04 lr: 1.2500e-04  eta: 0:34:50  time: 0.3541  data_time: 0.1338  memory: 600  grad_norm: 14.5682  loss: 0.7087  loss_cls: 0.2428  loss_bbox: 0.3247  loss_mask: 0.1412
2026/08/08 22:33:38 - mmengine - INFO - Epoch(train)  [16][30/68]  base_lr: 1.2500e-04 lr: 1.2500e-04  eta: 0:34:46  time: 0.3547  data_time: 0.1332  memory: 599  grad_norm: 13.9274  loss: 0.6832  loss_cls: 0.2322  loss_bbox: 0.3155  loss_mask: 0.1355
2026/08/08 22:33:42 - mmengine - INFO - Epoch(train)  [16][40/68]  base_lr: 1.2500e-04 lr: 1.2500e-04  eta: 0:34:42  time: 0.3517  data_time: 0.1297  memory: 603  grad_norm: 13.6110  loss: 0.6877  loss_cls: 0.2322  loss_bbox: 0.3173  loss_mask: 0.1381
2026/08/08 22:33:45 - mmengine - INFO - Epoch(train)  [16][50/68]  base_lr: 1.2500e-04 lr: 1.2500e-04  eta: 0:34:39  time: 0.3591  data_time: 0.1353  memory: 600  grad_norm: 13.0559  loss: 0.6660  loss_cls: 0.2201  loss_bbox: 0.3109  loss_mask: 0.1350
2026/08/08 22:33:49 - mmengine - INFO - Epoch(train)  [16][60/68]  base_lr: 1.2500e-04 lr: 1.2500e-04  eta: 0:34:36  time: 0.3663  data_time: 0.1426  memory: 602  grad_norm: 13.1818  loss: 0.6596  loss_cls: 0.2179  loss_bbox: 0.3067  loss_mask: 0.1351
2026/08/08 22:33:52 - mmengine - INFO - Exp name: rtmdet_ins_busi_20260808_222414
2026/08/08 22:33:52 - mmengine - INFO - Saving checkpoint at 16 epochs
2026/08/08 22:33:55 - mmengine - INFO - Epoch(val)  [16][ 10/116]    eta: 0:00:05  time: 0.0571  data_time: 0.0064  memory: 601  
2026/08/08 22:33:55 - mmengine - INFO - Epoch(val)  [16][ 20/116]    eta: 0:00:04  time: 0.0551  data_time: 0.0063  memory: 153  
2026/08/08 22:33:55 - mmengine - INFO - Epoch(val)  [16][ 30/116]    eta: 0:00:04  time: 0.0517  data_time: 0.0059  memory: 164  
2026/08/08 22:33:56 - mmengine - INFO - Epoch(val)  [16][ 40/116]    eta: 0:00:03  time: 0.0493  data_time: 0.0057  memory: 143  
2026/08/08 22:33:56 - mmengine - INFO - Epoch(val)  [16][ 50/116]    eta: 0:00:03  time: 0.0484  data_time: 0.0059  memory: 193  
2026/08/08 22:33:57 - mmengine - INFO - Epoch(val)  [16][ 60/116]    eta: 0:00:02  time: 0.0479  data_time: 0.0059  memory: 137  
2026/08/08 22:33:58 - mmengine - INFO - Epoch(val)  [16][ 70/116]    eta: 0:00:02  time: 0.0495  data_time: 0.0059  memory: 151  
2026/08/08 22:33:58 - mmengine - INFO - Epoch(val)  [16][ 80/116]    eta: 0:00:01  time: 0.0508  data_time: 0.0060  memory: 187  
2026/08/08 22:33:59 - mmengine - INFO - Epoch(val)  [16][ 90/116]    eta: 0:00:01  time: 0.0540  data_time: 0.0063  memory: 198  
2026/08/08 22:33:59 - mmengine - INFO - Epoch(val)  [16][100/116]    eta: 0:00:00  time: 0.0549  data_time: 0.0060  memory: 194  
2026/08/08 22:34:00 - mmengine - INFO - Epoch(val)  [16][110/116]    eta: 0:00:00  time: 0.0557  data_time: 0.0057  memory: 214  
2026/08/08 22:34:00 - mmengine - INFO - Evaluating bbox...
2026/08/08 22:34:00 - mmengine - INFO - bbox_mAP_copypaste: 0.567 0.887 0.686 0.000 0.637 0.529
2026/08/08 22:34:00 - mmengine - INFO - Evaluating segm...
2026/08/08 22:34:00 - mmengine - INFO - segm_mAP_copypaste: 0.614 0.885 0.725 0.000 0.714 0.562
2026/08/08 22:34:02 - mmengine - INFO - val kayip: val_kayip_cls 0.5529  val_kayip_bbox 0.2791  val_kayip_mask 0.1217  val_kayip 0.9537
2026/08/08 22:34:02 - mmengine - INFO - Epoch(val) [16][116/116]    busi/dice_tum: 0.7848  busi/dice_lezyonlu: 0.7817  busi/bos_dogru: 16  busi/esik: 0.3000  val_kayip_cls: 0.5529  val_kayip_bbox: 0.2791  val_kayip_mask: 0.1217  val_kayip: 0.9537  coco/bbox_mAP: 0.5670  coco/bbox_mAP_50: 0.8870  coco/bbox_mAP_75: 0.6860  coco/bbox_mAP_s: 0.0000  coco/bbox_mAP_m: 0.6370  coco/bbox_mAP_l: 0.5290  coco/segm_mAP: 0.6140  coco/segm_mAP_50: 0.8850  coco/segm_mAP_75: 0.7250  coco/segm_mAP_s: 0.0000  coco/segm_mAP_m: 0.7140  coco/segm_mAP_l: 0.5620  data_time: 0.0059  time: 0.0524
2026/08/08 22:34:02 - mmengine - INFO - The previous best checkpoint d:\mamografi\real_time_segmentasyon\rtmdet\calisma\rtmdet_ins_tiny_256_orta_s44\best_busi_dice_tum_epoch_10.pth is removed
2026/08/08 22:34:04 - mmengine - INFO - The best checkpoint with 0.7848 busi/dice_tum at 16 epoch is saved to best_busi_dice_tum_epoch_16.pth.
2026/08/08 22:34:10 - mmengine - INFO - Epoch(train)  [17][10/68]  base_lr: 1.2500e-04 lr: 1.2500e-04  eta: 0:34:28  time: 0.3593  data_time: 0.1313  memory: 601  grad_norm: 13.2392  loss: 0.6662  loss_cls: 0.2205  loss_bbox: 0.3099  loss_mask: 0.1358
2026/08/08 22:34:14 - mmengine - INFO - Epoch(train)  [17][20/68]  base_lr: 1.2500e-04 lr: 1.2500e-04  eta: 0:34:24  time: 0.3610  data_time: 0.1332  memory: 604  grad_norm: 13.6274  loss: 0.6525  loss_cls: 0.2151  loss_bbox: 0.3034  loss_mask: 0.1341
2026/08/08 22:34:17 - mmengine - INFO - Epoch(train)  [17][30/68]  base_lr: 1.2500e-04 lr: 1.2500e-04  eta: 0:34:21  time: 0.3589  data_time: 0.1325  memory: 600  grad_norm: 14.4847  loss: 0.6626  loss_cls: 0.2206  loss_bbox: 0.3040  loss_mask: 0.1381
2026/08/08 22:34:21 - mmengine - INFO - Epoch(train)  [17][40/68]  base_lr: 1.2500e-04 lr: 1.2500e-04  eta: 0:34:17  time: 0.3577  data_time: 0.1313  memory: 602  grad_norm: 14.4762  loss: 0.6620  loss_cls: 0.2206  loss_bbox: 0.3023  loss_mask: 0.1391
2026/08/08 22:34:24 - mmengine - INFO - Epoch(train)  [17][50/68]  base_lr: 1.2500e-04 lr: 1.2500e-04  eta: 0:34:12  time: 0.3570  data_time: 0.1326  memory: 599  grad_norm: 14.2853  loss: 0.6502  loss_cls: 0.2166  loss_bbox: 0.2965  loss_mask: 0.1370
2026/08/08 22:34:28 - mmengine - INFO - Epoch(train)  [17][60/68]  base_lr: 1.2500e-04 lr: 1.2500e-04  eta: 0:34:09  time: 0.3583  data_time: 0.1379  memory: 601  grad_norm: 14.1371  loss: 0.6570  loss_cls: 0.2225  loss_bbox: 0.2953  loss_mask: 0.1392
2026/08/08 22:34:31 - mmengine - INFO - Exp name: rtmdet_ins_busi_20260808_222414
2026/08/08 22:34:31 - mmengine - INFO - Saving checkpoint at 17 epochs
2026/08/08 22:34:33 - mmengine - INFO - Epoch(val)  [17][ 10/116]    eta: 0:00:05  time: 0.0571  data_time: 0.0059  memory: 599  
2026/08/08 22:34:34 - mmengine - INFO - Epoch(val)  [17][ 20/116]    eta: 0:00:04  time: 0.0538  data_time: 0.0058  memory: 141  
2026/08/08 22:34:34 - mmengine - INFO - Epoch(val)  [17][ 30/116]    eta: 0:00:03  time: 0.0505  data_time: 0.0054  memory: 158  
2026/08/08 22:34:35 - mmengine - INFO - Epoch(val)  [17][ 40/116]    eta: 0:00:03  time: 0.0486  data_time: 0.0054  memory: 133  
2026/08/08 22:34:35 - mmengine - INFO - Epoch(val)  [17][ 50/116]    eta: 0:00:03  time: 0.0468  data_time: 0.0055  memory: 193  
2026/08/08 22:34:36 - mmengine - INFO - Epoch(val)  [17][ 60/116]    eta: 0:00:02  time: 0.0475  data_time: 0.0058  memory: 160  
2026/08/08 22:34:36 - mmengine - INFO - Epoch(val)  [17][ 70/116]    eta: 0:00:02  time: 0.0492  data_time: 0.0059  memory: 148  
2026/08/08 22:34:37 - mmengine - INFO - Epoch(val)  [17][ 80/116]    eta: 0:00:01  time: 0.0510  data_time: 0.0061  memory: 170  
2026/08/08 22:34:37 - mmengine - INFO - Epoch(val)  [17][ 90/116]    eta: 0:00:01  time: 0.0535  data_time: 0.0064  memory: 187  
2026/08/08 22:34:38 - mmengine - INFO - Epoch(val)  [17][100/116]    eta: 0:00:00  time: 0.0548  data_time: 0.0063  memory: 212  
2026/08/08 22:34:38 - mmengine - INFO - Epoch(val)  [17][110/116]    eta: 0:00:00  time: 0.0549  data_time: 0.0061  memory: 178  
2026/08/08 22:34:39 - mmengine - INFO - Evaluating bbox...
2026/08/08 22:34:39 - mmengine - INFO - bbox_mAP_copypaste: 0.591 0.882 0.696 0.000 0.717 0.539
2026/08/08 22:34:39 - mmengine - INFO - Evaluating segm...
2026/08/08 22:34:39 - mmengine - INFO - segm_mAP_copypaste: 0.603 0.882 0.662 0.000 0.718 0.550
2026/08/08 22:34:41 - mmengine - INFO - val kayip: val_kayip_cls 0.5893  val_kayip_bbox 0.2622  val_kayip_mask 0.1246  val_kayip 0.9762
2026/08/08 22:34:41 - mmengine - INFO - Epoch(val) [17][116/116]    busi/dice_tum: 0.7896  busi/dice_lezyonlu: 0.7666  busi/bos_dogru: 18  busi/esik: 0.4000  val_kayip_cls: 0.5893  val_kayip_bbox: 0.2622  val_kayip_mask: 0.1246  val_kayip: 0.9762  coco/bbox_mAP: 0.5910  coco/bbox_mAP_50: 0.8820  coco/bbox_mAP_75: 0.6960  coco/bbox_mAP_s: 0.0000  coco/bbox_mAP_m: 0.7170  coco/bbox_mAP_l: 0.5390  coco/segm_mAP: 0.6030  coco/segm_mAP_50: 0.8820  coco/segm_mAP_75: 0.6620  coco/segm_mAP_s: 0.0000  coco/segm_mAP_m: 0.7180  coco/segm_mAP_l: 0.5500  data_time: 0.0060  time: 0.0514
2026/08/08 22:34:41 - mmengine - INFO - The previous best checkpoint d:\mamografi\real_time_segmentasyon\rtmdet\calisma\rtmdet_ins_tiny_256_orta_s44\best_busi_dice_tum_epoch_16.pth is removed
2026/08/08 22:34:43 - mmengine - INFO - The best checkpoint with 0.7896 busi/dice_tum at 17 epoch is saved to best_busi_dice_tum_epoch_17.pth.
2026/08/08 22:34:49 - mmengine - INFO - Epoch(train)  [18][10/68]  base_lr: 1.2500e-04 lr: 1.2500e-04  eta: 0:34:02  time: 0.3572  data_time: 0.1334  memory: 601  grad_norm: 14.0861  loss: 0.6447  loss_cls: 0.2112  loss_bbox: 0.2942  loss_mask: 0.1394
2026/08/08 22:34:52 - mmengine - INFO - Epoch(train)  [18][20/68]  base_lr: 1.2500e-04 lr: 1.2500e-04  eta: 0:33:58  time: 0.3560  data_time: 0.1309  memory: 602  grad_norm: 13.5453  loss: 0.6432  loss_cls: 0.2173  loss_bbox: 0.2893  loss_mask: 0.1366
2026/08/08 22:34:56 - mmengine - INFO - Epoch(train)  [18][30/68]  base_lr: 1.2500e-04 lr: 1.2500e-04  eta: 0:33:54  time: 0.3598  data_time: 0.1345  memory: 600  grad_norm: 13.3557  loss: 0.6412  loss_cls: 0.2094  loss_bbox: 0.2941  loss_mask: 0.1377
2026/08/08 22:35:00 - mmengine - INFO - Epoch(train)  [18][40/68]  base_lr: 1.2500e-04 lr: 1.2500e-04  eta: 0:33:51  time: 0.3580  data_time: 0.1331  memory: 602  grad_norm: 13.3462  loss: 0.6285  loss_cls: 0.2022  loss_bbox: 0.2934  loss_mask: 0.1329
2026/08/08 22:35:03 - mmengine - INFO - Epoch(train)  [18][50/68]  base_lr: 1.2500e-04 lr: 1.2500e-04  eta: 0:33:46  time: 0.3598  data_time: 0.1338  memory: 603  grad_norm: 12.7776  loss: 0.6287  loss_cls: 0.2003  loss_bbox: 0.2966  loss_mask: 0.1318
2026/08/08 22:35:07 - mmengine - INFO - Epoch(train)  [18][60/68]  base_lr: 1.2500e-04 lr: 1.2500e-04  eta: 0:33:42  time: 0.3557  data_time: 0.1333  memory: 601  grad_norm: 12.4921  loss: 0.6448  loss_cls: 0.2122  loss_bbox: 0.3020  loss_mask: 0.1305
2026/08/08 22:35:09 - mmengine - INFO - Exp name: rtmdet_ins_busi_20260808_222414
2026/08/08 22:35:09 - mmengine - INFO - Saving checkpoint at 18 epochs
2026/08/08 22:35:12 - mmengine - INFO - Epoch(val)  [18][ 10/116]    eta: 0:00:05  time: 0.0558  data_time: 0.0064  memory: 600  
2026/08/08 22:35:12 - mmengine - INFO - Epoch(val)  [18][ 20/116]    eta: 0:00:04  time: 0.0536  data_time: 0.0063  memory: 138  
2026/08/08 22:35:13 - mmengine - INFO - Epoch(val)  [18][ 30/116]    eta: 0:00:04  time: 0.0510  data_time: 0.0059  memory: 166  
2026/08/08 22:35:13 - mmengine - INFO - Epoch(val)  [18][ 40/116]    eta: 0:00:03  time: 0.0485  data_time: 0.0057  memory: 148  
2026/08/08 22:35:14 - mmengine - INFO - Epoch(val)  [18][ 50/116]    eta: 0:00:03  time: 0.0480  data_time: 0.0058  memory: 176  
2026/08/08 22:35:14 - mmengine - INFO - Epoch(val)  [18][ 60/116]    eta: 0:00:02  time: 0.0483  data_time: 0.0059  memory: 164  
2026/08/08 22:35:15 - mmengine - INFO - Epoch(val)  [18][ 70/116]    eta: 0:00:02  time: 0.0495  data_time: 0.0059  memory: 143  
2026/08/08 22:35:15 - mmengine - INFO - Epoch(val)  [18][ 80/116]    eta: 0:00:01  time: 0.0503  data_time: 0.0060  memory: 151  
2026/08/08 22:35:16 - mmengine - INFO - Epoch(val)  [18][ 90/116]    eta: 0:00:01  time: 0.0532  data_time: 0.0064  memory: 193  
2026/08/08 22:35:16 - mmengine - INFO - Epoch(val)  [18][100/116]    eta: 0:00:00  time: 0.0540  data_time: 0.0062  memory: 254  
2026/08/08 22:35:17 - mmengine - INFO - Epoch(val)  [18][110/116]    eta: 0:00:00  time: 0.0553  data_time: 0.0061  memory: 178  
2026/08/08 22:35:17 - mmengine - INFO - Evaluating bbox...
2026/08/08 22:35:18 - mmengine - INFO - bbox_mAP_copypaste: 0.562 0.891 0.713 0.000 0.655 0.521
2026/08/08 22:35:18 - mmengine - INFO - Evaluating segm...
2026/08/08 22:35:18 - mmengine - INFO - segm_mAP_copypaste: 0.597 0.884 0.656 0.000 0.719 0.542
2026/08/08 22:35:20 - mmengine - INFO - val kayip: val_kayip_cls 0.7324  val_kayip_bbox 0.2842  val_kayip_mask 0.1265  val_kayip 1.1432
2026/08/08 22:35:20 - mmengine - INFO - Epoch(val) [18][116/116]    busi/dice_tum: 0.7718  busi/dice_lezyonlu: 0.7555  busi/bos_dogru: 17  busi/esik: 0.4000  val_kayip_cls: 0.7324  val_kayip_bbox: 0.2842  val_kayip_mask: 0.1265  val_kayip: 1.1432  coco/bbox_mAP: 0.5620  coco/bbox_mAP_50: 0.8910  coco/bbox_mAP_75: 0.7130  coco/bbox_mAP_s: 0.0000  coco/bbox_mAP_m: 0.6550  coco/bbox_mAP_l: 0.5210  coco/segm_mAP: 0.5970  coco/segm_mAP_50: 0.8840  coco/segm_mAP_75: 0.6560  coco/segm_mAP_s: 0.0000  coco/segm_mAP_m: 0.7190  coco/segm_mAP_l: 0.5420  data_time: 0.0060  time: 0.0520
2026/08/08 22:35:23 - mmengine - INFO - Epoch(train)  [19][10/68]  base_lr: 1.2500e-04 lr: 1.2500e-04  eta: 0:33:35  time: 0.3540  data_time: 0.1304  memory: 601  grad_norm: 13.7471  loss: 0.6479  loss_cls: 0.2124  loss_bbox: 0.3046  loss_mask: 0.1310
2026/08/08 22:35:27 - mmengine - INFO - Epoch(train)  [19][20/68]  base_lr: 1.2500e-04 lr: 1.2500e-04  eta: 0:33:31  time: 0.3551  data_time: 0.1303  memory: 600  grad_norm: 13.7740  loss: 0.6541  loss_cls: 0.2113  loss_bbox: 0.3087  loss_mask: 0.1342
2026/08/08 22:35:31 - mmengine - INFO - Epoch(train)  [19][30/68]  base_lr: 1.2500e-04 lr: 1.2500e-04  eta: 0:33:29  time: 0.3618  data_time: 0.1366  memory: 600  grad_norm: 13.9655  loss: 0.6630  loss_cls: 0.2166  loss_bbox: 0.3092  loss_mask: 0.1372
2026/08/08 22:35:35 - mmengine - INFO - Epoch(train)  [19][40/68]  base_lr: 1.2500e-04 lr: 1.2500e-04  eta: 0:33:26  time: 0.3650  data_time: 0.1396  memory: 601  grad_norm: 13.8420  loss: 0.6541  loss_cls: 0.2113  loss_bbox: 0.3058  loss_mask: 0.1369
2026/08/08 22:35:38 - mmengine - INFO - Epoch(train)  [19][50/68]  base_lr: 1.2500e-04 lr: 1.2500e-04  eta: 0:33:23  time: 0.3739  data_time: 0.1461  memory: 602  grad_norm: 12.2585  loss: 0.6312  loss_cls: 0.1993  loss_bbox: 0.2967  loss_mask: 0.1352
2026/08/08 22:35:42 - mmengine - INFO - Epoch(train)  [19][60/68]  base_lr: 1.2500e-04 lr: 1.2500e-04  eta: 0:33:19  time: 0.3716  data_time: 0.1462  memory: 600  grad_norm: 12.4879  loss: 0.6302  loss_cls: 0.1939  loss_bbox: 0.3006  loss_mask: 0.1356
2026/08/08 22:35:45 - mmengine - INFO - Exp name: rtmdet_ins_busi_20260808_222414
2026/08/08 22:35:45 - mmengine - INFO - Saving checkpoint at 19 epochs
2026/08/08 22:35:47 - mmengine - INFO - Epoch(val)  [19][ 10/116]    eta: 0:00:05  time: 0.0565  data_time: 0.0062  memory: 600  
2026/08/08 22:35:48 - mmengine - INFO - Epoch(val)  [19][ 20/116]    eta: 0:00:04  time: 0.0539  data_time: 0.0061  memory: 125  
2026/08/08 22:35:48 - mmengine - INFO - Epoch(val)  [19][ 30/116]    eta: 0:00:03  time: 0.0511  data_time: 0.0057  memory: 154  
2026/08/08 22:35:49 - mmengine - INFO - Epoch(val)  [19][ 40/116]    eta: 0:00:03  time: 0.0484  data_time: 0.0056  memory: 157  
2026/08/08 22:35:49 - mmengine - INFO - Epoch(val)  [19][ 50/116]    eta: 0:00:03  time: 0.0472  data_time: 0.0057  memory: 176  
2026/08/08 22:35:50 - mmengine - INFO - Epoch(val)  [19][ 60/116]    eta: 0:00:02  time: 0.0480  data_time: 0.0058  memory: 147  
2026/08/08 22:35:50 - mmengine - INFO - Epoch(val)  [19][ 70/116]    eta: 0:00:02  time: 0.0495  data_time: 0.0058  memory: 139  
2026/08/08 22:35:51 - mmengine - INFO - Epoch(val)  [19][ 80/116]    eta: 0:00:01  time: 0.0508  data_time: 0.0060  memory: 168  
2026/08/08 22:35:51 - mmengine - INFO - Epoch(val)  [19][ 90/116]    eta: 0:00:01  time: 0.0530  data_time: 0.0064  memory: 181  
2026/08/08 22:35:52 - mmengine - INFO - Epoch(val)  [19][100/116]    eta: 0:00:00  time: 0.0540  data_time: 0.0062  memory: 198  
2026/08/08 22:35:52 - mmengine - INFO - Epoch(val)  [19][110/116]    eta: 0:00:00  time: 0.0551  data_time: 0.0060  memory: 192  
2026/08/08 22:35:53 - mmengine - INFO - Evaluating bbox...
2026/08/08 22:35:53 - mmengine - INFO - bbox_mAP_copypaste: 0.576 0.887 0.685 0.000 0.674 0.526
2026/08/08 22:35:53 - mmengine - INFO - Evaluating segm...
2026/08/08 22:35:53 - mmengine - INFO - segm_mAP_copypaste: 0.596 0.877 0.669 0.000 0.707 0.538
2026/08/08 22:35:55 - mmengine - INFO - val kayip: val_kayip_cls 0.7022  val_kayip_bbox 0.2749  val_kayip_mask 0.1267  val_kayip 1.1039
2026/08/08 22:35:55 - mmengine - INFO - Epoch(val) [19][116/116]    busi/dice_tum: 0.7690  busi/dice_lezyonlu: 0.7625  busi/bos_dogru: 16  busi/esik: 0.4000  val_kayip_cls: 0.7022  val_kayip_bbox: 0.2749  val_kayip_mask: 0.1267  val_kayip: 1.1039  coco/bbox_mAP: 0.5760  coco/bbox_mAP_50: 0.8870  coco/bbox_mAP_75: 0.6850  coco/bbox_mAP_s: 0.0000  coco/bbox_mAP_m: 0.6740  coco/bbox_mAP_l: 0.5260  coco/segm_mAP: 0.5960  coco/segm_mAP_50: 0.8770  coco/segm_mAP_75: 0.6690  coco/segm_mAP_s: 0.0000  coco/segm_mAP_m: 0.7070  coco/segm_mAP_l: 0.5380  data_time: 0.0059  time: 0.0515
2026/08/08 22:35:59 - mmengine - INFO - Epoch(train)  [20][10/68]  base_lr: 1.2500e-04 lr: 1.2500e-04  eta: 0:33:13  time: 0.3681  data_time: 0.1454  memory: 600  grad_norm: 11.7902  loss: 0.6168  loss_cls: 0.1931  loss_bbox: 0.2909  loss_mask: 0.1328
2026/08/08 22:36:02 - mmengine - INFO - Epoch(train)  [20][20/68]  base_lr: 1.2500e-04 lr: 1.2500e-04  eta: 0:33:09  time: 0.3660  data_time: 0.1444  memory: 600  grad_norm: 11.6927  loss: 0.6111  loss_cls: 0.1847  loss_bbox: 0.2949  loss_mask: 0.1315
2026/08/08 22:36:06 - mmengine - INFO - Epoch(train)  [20][30/68]  base_lr: 1.2500e-04 lr: 1.2500e-04  eta: 0:33:06  time: 0.3630  data_time: 0.1422  memory: 600  grad_norm: 11.7502  loss: 0.6179  loss_cls: 0.1884  loss_bbox: 0.2986  loss_mask: 0.1309
2026/08/08 22:36:10 - mmengine - INFO - Epoch(train)  [20][40/68]  base_lr: 1.2500e-04 lr: 1.2500e-04  eta: 0:33:02  time: 0.3651  data_time: 0.1430  memory: 601  grad_norm: 12.0238  loss: 0.6424  loss_cls: 0.2051  loss_bbox: 0.3025  loss_mask: 0.1348
2026/08/08 22:36:13 - mmengine - INFO - Epoch(train)  [20][50/68]  base_lr: 1.2500e-04 lr: 1.2500e-04  eta: 0:32:58  time: 0.3676  data_time: 0.1452  memory: 600  grad_norm: 12.4407  loss: 0.6418  loss_cls: 0.2015  loss_bbox: 0.3060  loss_mask: 0.1344
2026/08/08 22:36:17 - mmengine - INFO - Epoch(train)  [20][60/68]  base_lr: 1.2500e-04 lr: 1.2500e-04  eta: 0:32:54  time: 0.3612  data_time: 0.1394  memory: 601  grad_norm: 12.3798  loss: 0.6423  loss_cls: 0.2086  loss_bbox: 0.2997  loss_mask: 0.1340
2026/08/08 22:36:20 - mmengine - INFO - Exp name: rtmdet_ins_busi_20260808_222414
2026/08/08 22:36:20 - mmengine - INFO - Saving checkpoint at 20 epochs
2026/08/08 22:36:22 - mmengine - INFO - Epoch(val)  [20][ 10/116]    eta: 0:00:05  time: 0.0560  data_time: 0.0062  memory: 605  
2026/08/08 22:36:23 - mmengine - INFO - Epoch(val)  [20][ 20/116]    eta: 0:00:04  time: 0.0534  data_time: 0.0061  memory: 153  
2026/08/08 22:36:23 - mmengine - INFO - Epoch(val)  [20][ 30/116]    eta: 0:00:04  time: 0.0510  data_time: 0.0057  memory: 161  
2026/08/08 22:36:24 - mmengine - INFO - Epoch(val)  [20][ 40/116]    eta: 0:00:03  time: 0.0480  data_time: 0.0056  memory: 143  
2026/08/08 22:36:24 - mmengine - INFO - Epoch(val)  [20][ 50/116]    eta: 0:00:03  time: 0.0481  data_time: 0.0057  memory: 187  
2026/08/08 22:36:25 - mmengine - INFO - Epoch(val)  [20][ 60/116]    eta: 0:00:02  time: 0.0482  data_time: 0.0059  memory: 138  
2026/08/08 22:36:25 - mmengine - INFO - Epoch(val)  [20][ 70/116]    eta: 0:00:02  time: 0.0493  data_time: 0.0059  memory: 142  
2026/08/08 22:36:26 - mmengine - INFO - Epoch(val)  [20][ 80/116]    eta: 0:00:01  time: 0.0499  data_time: 0.0060  memory: 157  
2026/08/08 22:36:26 - mmengine - INFO - Epoch(val)  [20][ 90/116]    eta: 0:00:01  time: 0.0525  data_time: 0.0062  memory: 194  
2026/08/08 22:36:27 - mmengine - INFO - Epoch(val)  [20][100/116]    eta: 0:00:00  time: 0.0526  data_time: 0.0060  memory: 194  
2026/08/08 22:36:27 - mmengine - INFO - Epoch(val)  [20][110/116]    eta: 0:00:00  time: 0.0532  data_time: 0.0059  memory: 163  
2026/08/08 22:36:28 - mmengine - INFO - Evaluating bbox...
2026/08/08 22:36:28 - mmengine - INFO - bbox_mAP_copypaste: 0.580 0.888 0.644 0.000 0.686 0.528
2026/08/08 22:36:28 - mmengine - INFO - Evaluating segm...
2026/08/08 22:36:28 - mmengine - INFO - segm_mAP_copypaste: 0.609 0.883 0.701 0.000 0.718 0.561
2026/08/08 22:36:30 - mmengine - INFO - val kayip: val_kayip_cls 0.6399  val_kayip_bbox 0.2679  val_kayip_mask 0.1215  val_kayip 1.0293
2026/08/08 22:36:30 - mmengine - INFO - Epoch(val) [20][116/116]    busi/dice_tum: 0.7788  busi/dice_lezyonlu: 0.7640  busi/bos_dogru: 17  busi/esik: 0.4000  val_kayip_cls: 0.6399  val_kayip_bbox: 0.2679  val_kayip_mask: 0.1215  val_kayip: 1.0293  coco/bbox_mAP: 0.5800  coco/bbox_mAP_50: 0.8880  coco/bbox_mAP_75: 0.6440  coco/bbox_mAP_s: 0.0000  coco/bbox_mAP_m: 0.6860  coco/bbox_mAP_l: 0.5280  coco/segm_mAP: 0.6090  coco/segm_mAP_50: 0.8830  coco/segm_mAP_75: 0.7010  coco/segm_mAP_s: 0.0000  coco/segm_mAP_m: 0.7180  coco/segm_mAP_l: 0.5610  data_time: 0.0059  time: 0.0507
2026/08/08 22:36:34 - mmengine - INFO - Epoch(train)  [21][10/68]  base_lr: 1.2500e-04 lr: 1.2500e-04  eta: 0:32:47  time: 0.3579  data_time: 0.1356  memory: 600  grad_norm: 13.2156  loss: 0.6608  loss_cls: 0.2253  loss_bbox: 0.3021  loss_mask: 0.1334
2026/08/08 22:36:38 - mmengine - INFO - Epoch(train)  [21][20/68]  base_lr: 1.2500e-04 lr: 1.2500e-04  eta: 0:32:45  time: 0.3625  data_time: 0.1381  memory: 602  grad_norm: 12.8549  loss: 0.6323  loss_cls: 0.2132  loss_bbox: 0.2936  loss_mask: 0.1255
2026/08/08 22:36:41 - mmengine - INFO - Epoch(train)  [21][30/68]  base_lr: 1.2500e-04 lr: 1.2500e-04  eta: 0:32:40  time: 0.3602  data_time: 0.1361  memory: 600  grad_norm: 13.2177  loss: 0.6324  loss_cls: 0.2108  loss_bbox: 0.2952  loss_mask: 0.1264
2026/08/08 22:36:45 - mmengine - INFO - Epoch(train)  [21][40/68]  base_lr: 1.2500e-04 lr: 1.2500e-04  eta: 0:32:37  time: 0.3627  data_time: 0.1383  memory: 600  grad_norm: 13.0790  loss: 0.6178  loss_cls: 0.1998  loss_bbox: 0.2932  loss_mask: 0.1248
2026/08/08 22:36:49 - mmengine - INFO - Epoch(train)  [21][50/68]  base_lr: 1.2500e-04 lr: 1.2500e-04  eta: 0:32:34  time: 0.3699  data_time: 0.1457  memory: 600  grad_norm: 13.0328  loss: 0.6246  loss_cls: 0.2009  loss_bbox: 0.2944  loss_mask: 0.1293
2026/08/08 22:36:52 - mmengine - INFO - Epoch(train)  [21][60/68]  base_lr: 1.2500e-04 lr: 1.2500e-04  eta: 0:32:31  time: 0.3695  data_time: 0.1466  memory: 601  grad_norm: 12.7038  loss: 0.6261  loss_cls: 0.2014  loss_bbox: 0.2938  loss_mask: 0.1308
2026/08/08 22:36:55 - mmengine - INFO - Exp name: rtmdet_ins_busi_20260808_222414
2026/08/08 22:36:55 - mmengine - INFO - Saving checkpoint at 21 epochs
2026/08/08 22:36:57 - mmengine - INFO - Epoch(val)  [21][ 10/116]    eta: 0:00:05  time: 0.0539  data_time: 0.0060  memory: 601  
2026/08/08 22:36:58 - mmengine - INFO - Epoch(val)  [21][ 20/116]    eta: 0:00:04  time: 0.0522  data_time: 0.0061  memory: 142  
2026/08/08 22:36:58 - mmengine - INFO - Epoch(val)  [21][ 30/116]    eta: 0:00:04  time: 0.0500  data_time: 0.0058  memory: 159  
2026/08/08 22:36:59 - mmengine - INFO - Epoch(val)  [21][ 40/116]    eta: 0:00:03  time: 0.0484  data_time: 0.0056  memory: 137  
2026/08/08 22:36:59 - mmengine - INFO - Epoch(val)  [21][ 50/116]    eta: 0:00:03  time: 0.0478  data_time: 0.0057  memory: 163  
2026/08/08 22:37:00 - mmengine - INFO - Epoch(val)  [21][ 60/116]    eta: 0:00:02  time: 0.0483  data_time: 0.0060  memory: 147  
2026/08/08 22:37:00 - mmengine - INFO - Epoch(val)  [21][ 70/116]    eta: 0:00:02  time: 0.0493  data_time: 0.0059  memory: 148  
2026/08/08 22:37:01 - mmengine - INFO - Epoch(val)  [21][ 80/116]    eta: 0:00:01  time: 0.0502  data_time: 0.0061  memory: 170  
2026/08/08 22:37:01 - mmengine - INFO - Epoch(val)  [21][ 90/116]    eta: 0:00:01  time: 0.0527  data_time: 0.0065  memory: 193  
2026/08/08 22:37:02 - mmengine - INFO - Epoch(val)  [21][100/116]    eta: 0:00:00  time: 0.0543  data_time: 0.0063  memory: 234  
2026/08/08 22:37:03 - mmengine - INFO - Epoch(val)  [21][110/116]    eta: 0:00:00  time: 0.0543  data_time: 0.0059  memory: 168  
2026/08/08 22:37:03 - mmengine - INFO - Evaluating bbox...
2026/08/08 22:37:03 - mmengine - INFO - bbox_mAP_copypaste: 0.588 0.878 0.713 0.000 0.684 0.541
2026/08/08 22:37:03 - mmengine - INFO - Evaluating segm...
2026/08/08 22:37:03 - mmengine - INFO - segm_mAP_copypaste: 0.606 0.883 0.679 0.012 0.691 0.568
2026/08/08 22:37:05 - mmengine - INFO - val kayip: val_kayip_cls 0.6348  val_kayip_bbox 0.2709  val_kayip_mask 0.1225  val_kayip 1.0282
2026/08/08 22:37:05 - mmengine - INFO - Epoch(val) [21][116/116]    busi/dice_tum: 0.7832  busi/dice_lezyonlu: 0.7485  busi/bos_dogru: 19  busi/esik: 0.5000  val_kayip_cls: 0.6348  val_kayip_bbox: 0.2709  val_kayip_mask: 0.1225  val_kayip: 1.0282  coco/bbox_mAP: 0.5880  coco/bbox_mAP_50: 0.8780  coco/bbox_mAP_75: 0.7130  coco/bbox_mAP_s: 0.0000  coco/bbox_mAP_m: 0.6840  coco/bbox_mAP_l: 0.5410  coco/segm_mAP: 0.6060  coco/segm_mAP_50: 0.8830  coco/segm_mAP_75: 0.6790  coco/segm_mAP_s: 0.0120  coco/segm_mAP_m: 0.6910  coco/segm_mAP_l: 0.5680  data_time: 0.0059  time: 0.0511
2026/08/08 22:37:09 - mmengine - INFO - Epoch(train)  [22][10/68]  base_lr: 1.2500e-04 lr: 1.2500e-04  eta: 0:32:23  time: 0.3635  data_time: 0.1418  memory: 601  grad_norm: 12.3456  loss: 0.6027  loss_cls: 0.1863  loss_bbox: 0.2865  loss_mask: 0.1299
2026/08/08 22:37:12 - mmengine - INFO - Epoch(train)  [22][20/68]  base_lr: 1.2500e-04 lr: 1.2500e-04  eta: 0:32:19  time: 0.3574  data_time: 0.1364  memory: 600  grad_norm: 12.4480  loss: 0.6208  loss_cls: 0.1957  loss_bbox: 0.2938  loss_mask: 0.1312
2026/08/08 22:37:16 - mmengine - INFO - Epoch(train)  [22][30/68]  base_lr: 1.2500e-04 lr: 1.2500e-04  eta: 0:32:16  time: 0.3576  data_time: 0.1367  memory: 601  grad_norm: 12.3261  loss: 0.6332  loss_cls: 0.1988  loss_bbox: 0.3016  loss_mask: 0.1327
2026/08/08 22:37:20 - mmengine - INFO - Epoch(train)  [22][40/68]  base_lr: 1.2500e-04 lr: 1.2500e-04  eta: 0:32:12  time: 0.3585  data_time: 0.1371  memory: 599  grad_norm: 12.3250  loss: 0.6031  loss_cls: 0.1831  loss_bbox: 0.2930  loss_mask: 0.1270
2026/08/08 22:37:24 - mmengine - INFO - Epoch(train)  [22][50/68]  base_lr: 1.2500e-04 lr: 1.2500e-04  eta: 0:32:10  time: 0.3691  data_time: 0.1451  memory: 601  grad_norm: 11.8870  loss: 0.6089  loss_cls: 0.1882  loss_bbox: 0.2919  loss_mask: 0.1288
2026/08/08 22:37:27 - mmengine - INFO - Epoch(train)  [22][60/68]  base_lr: 1.2500e-04 lr: 1.2500e-04  eta: 0:32:07  time: 0.3736  data_time: 0.1501  memory: 601  grad_norm: 12.0255  loss: 0.6199  loss_cls: 0.1959  loss_bbox: 0.2955  loss_mask: 0.1285
2026/08/08 22:37:30 - mmengine - INFO - Exp name: rtmdet_ins_busi_20260808_222414
2026/08/08 22:37:30 - mmengine - INFO - Saving checkpoint at 22 epochs
2026/08/08 22:37:33 - mmengine - INFO - Epoch(val)  [22][ 10/116]    eta: 0:00:04  time: 0.0543  data_time: 0.0061  memory: 601  
2026/08/08 22:37:33 - mmengine - INFO - Epoch(val)  [22][ 20/116]    eta: 0:00:04  time: 0.0520  data_time: 0.0059  memory: 129  
2026/08/08 22:37:34 - mmengine - INFO - Epoch(val)  [22][ 30/116]    eta: 0:00:03  time: 0.0490  data_time: 0.0056  memory: 151  
2026/08/08 22:37:34 - mmengine - INFO - Epoch(val)  [22][ 40/116]    eta: 0:00:03  time: 0.0467  data_time: 0.0056  memory: 134  
2026/08/08 22:37:35 - mmengine - INFO - Epoch(val)  [22][ 50/116]    eta: 0:00:03  time: 0.0465  data_time: 0.0057  memory: 171  
2026/08/08 22:37:35 - mmengine - INFO - Epoch(val)  [22][ 60/116]    eta: 0:00:02  time: 0.0473  data_time: 0.0059  memory: 143  
2026/08/08 22:37:36 - mmengine - INFO - Epoch(val)  [22][ 70/116]    eta: 0:00:02  time: 0.0492  data_time: 0.0059  memory: 137  
2026/08/08 22:37:36 - mmengine - INFO - Epoch(val)  [22][ 80/116]    eta: 0:00:01  time: 0.0508  data_time: 0.0062  memory: 154  
2026/08/08 22:37:37 - mmengine - INFO - Epoch(val)  [22][ 90/116]    eta: 0:00:01  time: 0.0541  data_time: 0.0066  memory: 194  
2026/08/08 22:37:38 - mmengine - INFO - Epoch(val)  [22][100/116]    eta: 0:00:00  time: 0.0564  data_time: 0.0066  memory: 239  
2026/08/08 22:37:38 - mmengine - INFO - Epoch(val)  [22][110/116]    eta: 0:00:00  time: 0.0560  data_time: 0.0063  memory: 144  
2026/08/08 22:37:38 - mmengine - INFO - Evaluating bbox...
2026/08/08 22:37:38 - mmengine - INFO - bbox_mAP_copypaste: 0.577 0.876 0.665 0.000 0.708 0.520
2026/08/08 22:37:38 - mmengine - INFO - Evaluating segm...
2026/08/08 22:37:39 - mmengine - INFO - segm_mAP_copypaste: 0.606 0.876 0.711 0.007 0.711 0.556
2026/08/08 22:37:41 - mmengine - INFO - val kayip: val_kayip_cls 0.6173  val_kayip_bbox 0.2673  val_kayip_mask 0.1247  val_kayip 1.0093
2026/08/08 22:37:41 - mmengine - INFO - Epoch(val) [22][116/116]    busi/dice_tum: 0.7867  busi/dice_lezyonlu: 0.7943  busi/bos_dogru: 15  busi/esik: 0.3000  val_kayip_cls: 0.6173  val_kayip_bbox: 0.2673  val_kayip_mask: 0.1247  val_kayip: 1.0093  coco/bbox_mAP: 0.5770  coco/bbox_mAP_50: 0.8760  coco/bbox_mAP_75: 0.6650  coco/bbox_mAP_s: 0.0000  coco/bbox_mAP_m: 0.7080  coco/bbox_mAP_l: 0.5200  coco/segm_mAP: 0.6060  coco/segm_mAP_50: 0.8760  coco/segm_mAP_75: 0.7110  coco/segm_mAP_s: 0.0070  coco/segm_mAP_m: 0.7110  coco/segm_mAP_l: 0.5560  data_time: 0.0061  time: 0.0513
2026/08/08 22:37:45 - mmengine - INFO - Epoch(train)  [23][10/68]  base_lr: 1.2500e-04 lr: 1.2500e-04  eta: 0:32:01  time: 0.3797  data_time: 0.1511  memory: 603  grad_norm: 12.0576  loss: 0.5830  loss_cls: 0.1775  loss_bbox: 0.2827  loss_mask: 0.1227
2026/08/08 22:37:48 - mmengine - INFO - Epoch(train)  [23][20/68]  base_lr: 1.2500e-04 lr: 1.2500e-04  eta: 0:31:58  time: 0.3771  data_time: 0.1472  memory: 601  grad_norm: 11.9310  loss: 0.5714  loss_cls: 0.1696  loss_bbox: 0.2808  loss_mask: 0.1210
2026/08/08 22:37:52 - mmengine - INFO - Epoch(train)  [23][30/68]  base_lr: 1.2500e-04 lr: 1.2500e-04  eta: 0:31:55  time: 0.3778  data_time: 0.1475  memory: 600  grad_norm: 12.4389  loss: 0.5838  loss_cls: 0.1762  loss_bbox: 0.2828  loss_mask: 0.1248
2026/08/08 22:37:56 - mmengine - INFO - Epoch(train)  [23][40/68]  base_lr: 1.2500e-04 lr: 1.2500e-04  eta: 0:31:51  time: 0.3741  data_time: 0.1452  memory: 601  grad_norm: 12.8957  loss: 0.5800  loss_cls: 0.1765  loss_bbox: 0.2788  loss_mask: 0.1247
2026/08/08 22:37:59 - mmengine - INFO - Epoch(train)  [23][50/68]  base_lr: 1.2500e-04 lr: 1.2500e-04  eta: 0:31:48  time: 0.3761  data_time: 0.1458  memory: 603  grad_norm: 12.8922  loss: 0.5834  loss_cls: 0.1804  loss_bbox: 0.2770  loss_mask: 0.1260
2026/08/08 22:38:03 - mmengine - INFO - Epoch(train)  [23][60/68]  base_lr: 1.2500e-04 lr: 1.2500e-04  eta: 0:31:45  time: 0.3736  data_time: 0.1484  memory: 601  grad_norm: 12.7944  loss: 0.5901  loss_cls: 0.1799  loss_bbox: 0.2805  loss_mask: 0.1297
2026/08/08 22:38:06 - mmengine - INFO - Exp name: rtmdet_ins_busi_20260808_222414
2026/08/08 22:38:06 - mmengine - INFO - Saving checkpoint at 23 epochs
2026/08/08 22:38:09 - mmengine - INFO - Epoch(val)  [23][ 10/116]    eta: 0:00:04  time: 0.0547  data_time: 0.0065  memory: 599  
2026/08/08 22:38:09 - mmengine - INFO - Epoch(val)  [23][ 20/116]    eta: 0:00:04  time: 0.0519  data_time: 0.0062  memory: 133  
2026/08/08 22:38:09 - mmengine - INFO - Epoch(val)  [23][ 30/116]    eta: 0:00:03  time: 0.0482  data_time: 0.0057  memory: 151  
2026/08/08 22:38:10 - mmengine - INFO - Epoch(val)  [23][ 40/116]    eta: 0:00:03  time: 0.0456  data_time: 0.0055  memory: 129  
2026/08/08 22:38:10 - mmengine - INFO - Epoch(val)  [23][ 50/116]    eta: 0:00:02  time: 0.0452  data_time: 0.0055  memory: 163  
2026/08/08 22:38:11 - mmengine - INFO - Epoch(val)  [23][ 60/116]    eta: 0:00:02  time: 0.0464  data_time: 0.0057  memory: 155  
2026/08/08 22:38:11 - mmengine - INFO - Epoch(val)  [23][ 70/116]    eta: 0:00:02  time: 0.0474  data_time: 0.0058  memory: 135  
2026/08/08 22:38:12 - mmengine - INFO - Epoch(val)  [23][ 80/116]    eta: 0:00:01  time: 0.0487  data_time: 0.0060  memory: 187  
2026/08/08 22:38:12 - mmengine - INFO - Epoch(val)  [23][ 90/116]    eta: 0:00:01  time: 0.0517  data_time: 0.0065  memory: 211  
2026/08/08 22:38:13 - mmengine - INFO - Epoch(val)  [23][100/116]    eta: 0:00:00  time: 0.0536  data_time: 0.0064  memory: 271  
2026/08/08 22:38:14 - mmengine - INFO - Epoch(val)  [23][110/116]    eta: 0:00:00  time: 0.0536  data_time: 0.0062  memory: 151  
2026/08/08 22:38:14 - mmengine - INFO - Evaluating bbox...
2026/08/08 22:38:14 - mmengine - INFO - bbox_mAP_copypaste: 0.597 0.889 0.689 0.000 0.727 0.535
2026/08/08 22:38:14 - mmengine - INFO - Evaluating segm...
2026/08/08 22:38:14 - mmengine - INFO - segm_mAP_copypaste: 0.601 0.888 0.683 0.000 0.714 0.544
2026/08/08 22:38:16 - mmengine - INFO - val kayip: val_kayip_cls 0.6650  val_kayip_bbox 0.2606  val_kayip_mask 0.1260  val_kayip 1.0516
2026/08/08 22:38:16 - mmengine - INFO - Epoch(val) [23][116/116]    busi/dice_tum: 0.7839  busi/dice_lezyonlu: 0.7597  busi/bos_dogru: 18  busi/esik: 0.4000  val_kayip_cls: 0.6650  val_kayip_bbox: 0.2606  val_kayip_mask: 0.1260  val_kayip: 1.0516  coco/bbox_mAP: 0.5970  coco/bbox_mAP_50: 0.8890  coco/bbox_mAP_75: 0.6890  coco/bbox_mAP_s: 0.0000  coco/bbox_mAP_m: 0.7270  coco/bbox_mAP_l: 0.5350  coco/segm_mAP: 0.6010  coco/segm_mAP_50: 0.8880  coco/segm_mAP_75: 0.6830  coco/segm_mAP_s: 0.0000  coco/segm_mAP_m: 0.7140  coco/segm_mAP_l: 0.5440  data_time: 0.0060  time: 0.0497
2026/08/08 22:38:20 - mmengine - INFO - Epoch(train)  [24][10/68]  base_lr: 1.2500e-04 lr: 1.2500e-04  eta: 0:31:38  time: 0.3681  data_time: 0.1477  memory: 601  grad_norm: 13.0188  loss: 0.6348  loss_cls: 0.2087  loss_bbox: 0.2934  loss_mask: 0.1327
2026/08/08 22:38:24 - mmengine - INFO - Epoch(train)  [24][20/68]  base_lr: 1.2500e-04 lr: 1.2500e-04  eta: 0:31:35  time: 0.3662  data_time: 0.1472  memory: 601  grad_norm: 12.7390  loss: 0.6393  loss_cls: 0.2101  loss_bbox: 0.2949  loss_mask: 0.1344
2026/08/08 22:38:27 - mmengine - INFO - Epoch(train)  [24][30/68]  base_lr: 1.2500e-04 lr: 1.2500e-04  eta: 0:31:31  time: 0.3696  data_time: 0.1505  memory: 601  grad_norm: 12.3449  loss: 0.6362  loss_cls: 0.2057  loss_bbox: 0.2954  loss_mask: 0.1351
2026/08/08 22:38:31 - mmengine - INFO - Epoch(train)  [24][40/68]  base_lr: 1.2500e-04 lr: 1.2500e-04  eta: 0:31:28  time: 0.3723  data_time: 0.1531  memory: 600  grad_norm: 12.6167  loss: 0.6417  loss_cls: 0.2138  loss_bbox: 0.2930  loss_mask: 0.1349
2026/08/08 22:38:35 - mmengine - INFO - Epoch(train)  [24][50/68]  base_lr: 1.2500e-04 lr: 1.2500e-04  eta: 0:31:25  time: 0.3790  data_time: 0.1561  memory: 601  grad_norm: 12.5617  loss: 0.6220  loss_cls: 0.2026  loss_bbox: 0.2886  loss_mask: 0.1308
2026/08/08 22:38:39 - mmengine - INFO - Epoch(train)  [24][60/68]  base_lr: 1.2500e-04 lr: 1.2500e-04  eta: 0:31:23  time: 0.3843  data_time: 0.1581  memory: 601  grad_norm: 11.9958  loss: 0.5968  loss_cls: 0.1861  loss_bbox: 0.2840  loss_mask: 0.1266
2026/08/08 22:38:42 - mmengine - INFO - Exp name: rtmdet_ins_busi_20260808_222414
2026/08/08 22:38:42 - mmengine - INFO - Saving checkpoint at 24 epochs
2026/08/08 22:38:44 - mmengine - INFO - Epoch(val)  [24][ 10/116]    eta: 0:00:05  time: 0.0547  data_time: 0.0062  memory: 599  
2026/08/08 22:38:45 - mmengine - INFO - Epoch(val)  [24][ 20/116]    eta: 0:00:04  time: 0.0525  data_time: 0.0061  memory: 133  
2026/08/08 22:38:45 - mmengine - INFO - Epoch(val)  [24][ 30/116]    eta: 0:00:03  time: 0.0493  data_time: 0.0057  memory: 174  
2026/08/08 22:38:46 - mmengine - INFO - Epoch(val)  [24][ 40/116]    eta: 0:00:03  time: 0.0474  data_time: 0.0055  memory: 179  
2026/08/08 22:38:46 - mmengine - INFO - Epoch(val)  [24][ 50/116]    eta: 0:00:03  time: 0.0479  data_time: 0.0056  memory: 187  
2026/08/08 22:38:47 - mmengine - INFO - Epoch(val)  [24][ 60/116]    eta: 0:00:02  time: 0.0486  data_time: 0.0057  memory: 186  
2026/08/08 22:38:47 - mmengine - INFO - Epoch(val)  [24][ 70/116]    eta: 0:00:02  time: 0.0507  data_time: 0.0057  memory: 159  
2026/08/08 22:38:48 - mmengine - INFO - Epoch(val)  [24][ 80/116]    eta: 0:00:01  time: 0.0520  data_time: 0.0059  memory: 168  
2026/08/08 22:38:49 - mmengine - INFO - Epoch(val)  [24][ 90/116]    eta: 0:00:01  time: 0.0545  data_time: 0.0062  memory: 230  
2026/08/08 22:38:49 - mmengine - INFO - Epoch(val)  [24][100/116]    eta: 0:00:00  time: 0.0562  data_time: 0.0060  memory: 313  
2026/08/08 22:38:50 - mmengine - INFO - Epoch(val)  [24][110/116]    eta: 0:00:00  time: 0.0581  data_time: 0.0059  memory: 250  
2026/08/08 22:38:50 - mmengine - INFO - Evaluating bbox...
2026/08/08 22:38:50 - mmengine - INFO - bbox_mAP_copypaste: 0.608 0.899 0.719 0.000 0.668 0.578
2026/08/08 22:38:50 - mmengine - INFO - Evaluating segm...
2026/08/08 22:38:50 - mmengine - INFO - segm_mAP_copypaste: 0.622 0.895 0.746 0.000 0.714 0.585
2026/08/08 22:38:52 - mmengine - INFO - val kayip: val_kayip_cls 1.1074  val_kayip_bbox 0.2666  val_kayip_mask 0.1222  val_kayip 1.4961
2026/08/08 22:38:52 - mmengine - INFO - Epoch(val) [24][116/116]    busi/dice_tum: 0.7801  busi/dice_lezyonlu: 0.7552  busi/bos_dogru: 18  busi/esik: 0.5000  val_kayip_cls: 1.1074  val_kayip_bbox: 0.2666  val_kayip_mask: 0.1222  val_kayip: 1.4961  coco/bbox_mAP: 0.6080  coco/bbox_mAP_50: 0.8990  coco/bbox_mAP_75: 0.7190  coco/bbox_mAP_s: 0.0000  coco/bbox_mAP_m: 0.6680  coco/bbox_mAP_l: 0.5780  coco/segm_mAP: 0.6220  coco/segm_mAP_50: 0.8950  coco/segm_mAP_75: 0.7460  coco/segm_mAP_s: 0.0000  coco/segm_mAP_m: 0.7140  coco/segm_mAP_l: 0.5850  data_time: 0.0058  time: 0.0532
2026/08/08 22:38:56 - mmengine - INFO - Epoch(train)  [25][10/68]  base_lr: 1.2500e-04 lr: 1.2500e-04  eta: 0:31:16  time: 0.3783  data_time: 0.1512  memory: 604  grad_norm: 12.3234  loss: 0.5884  loss_cls: 0.1816  loss_bbox: 0.2824  loss_mask: 0.1244
2026/08/08 22:39:00 - mmengine - INFO - Epoch(train)  [25][20/68]  base_lr: 1.2500e-04 lr: 1.2500e-04  eta: 0:31:12  time: 0.3764  data_time: 0.1485  memory: 601  grad_norm: 12.1881  loss: 0.5815  loss_cls: 0.1761  loss_bbox: 0.2838  loss_mask: 0.1217
2026/08/08 22:39:03 - mmengine - INFO - Epoch(train)  [25][30/68]  base_lr: 1.2500e-04 lr: 1.2500e-04  eta: 0:31:09  time: 0.3725  data_time: 0.1470  memory: 601  grad_norm: 12.3295  loss: 0.5732  loss_cls: 0.1730  loss_bbox: 0.2806  loss_mask: 0.1195
2026/08/08 22:39:07 - mmengine - INFO - Epoch(train)  [25][40/68]  base_lr: 1.2500e-04 lr: 1.2500e-04  eta: 0:31:06  time: 0.3712  data_time: 0.1466  memory: 601  grad_norm: 12.1093  loss: 0.5553  loss_cls: 0.1630  loss_bbox: 0.2727  loss_mask: 0.1196
2026/08/08 22:39:11 - mmengine - INFO - Epoch(train)  [25][50/68]  base_lr: 1.2500e-04 lr: 1.2500e-04  eta: 0:31:03  time: 0.3733  data_time: 0.1480  memory: 601  grad_norm: 11.6824  loss: 0.5547  loss_cls: 0.1635  loss_bbox: 0.2714  loss_mask: 0.1199
2026/08/08 22:39:15 - mmengine - INFO - Epoch(train)  [25][60/68]  base_lr: 1.2500e-04 lr: 1.2500e-04  eta: 0:30:59  time: 0.3710  data_time: 0.1461  memory: 600  grad_norm: 11.9360  loss: 0.5648  loss_cls: 0.1696  loss_bbox: 0.2731  loss_mask: 0.1221
2026/08/08 22:39:17 - mmengine - INFO - Exp name: rtmdet_ins_busi_20260808_222414
2026/08/08 22:39:17 - mmengine - INFO - Saving checkpoint at 25 epochs
2026/08/08 22:39:20 - mmengine - INFO - Epoch(val)  [25][ 10/116]    eta: 0:00:05  time: 0.0589  data_time: 0.0061  memory: 600  
2026/08/08 22:39:20 - mmengine - INFO - Epoch(val)  [25][ 20/116]    eta: 0:00:04  time: 0.0562  data_time: 0.0060  memory: 122  
2026/08/08 22:39:21 - mmengine - INFO - Epoch(val)  [25][ 30/116]    eta: 0:00:03  time: 0.0527  data_time: 0.0057  memory: 146  
2026/08/08 22:39:21 - mmengine - INFO - Epoch(val)  [25][ 40/116]    eta: 0:00:03  time: 0.0484  data_time: 0.0055  memory: 154  
2026/08/08 22:39:22 - mmengine - INFO - Epoch(val)  [25][ 50/116]    eta: 0:00:03  time: 0.0462  data_time: 0.0056  memory: 164  
2026/08/08 22:39:22 - mmengine - INFO - Epoch(val)  [25][ 60/116]    eta: 0:00:02  time: 0.0467  data_time: 0.0058  memory: 160  
2026/08/08 22:39:23 - mmengine - INFO - Epoch(val)  [25][ 70/116]    eta: 0:00:02  time: 0.0475  data_time: 0.0058  memory: 143  
2026/08/08 22:39:23 - mmengine - INFO - Epoch(val)  [25][ 80/116]    eta: 0:00:01  time: 0.0483  data_time: 0.0058  memory: 144  
2026/08/08 22:39:24 - mmengine - INFO - Epoch(val)  [25][ 90/116]    eta: 0:00:01  time: 0.0513  data_time: 0.0063  memory: 207  
2026/08/08 22:39:24 - mmengine - INFO - Epoch(val)  [25][100/116]    eta: 0:00:00  time: 0.0528  data_time: 0.0061  memory: 234  
2026/08/08 22:39:25 - mmengine - INFO - Epoch(val)  [25][110/116]    eta: 0:00:00  time: 0.0528  data_time: 0.0060  memory: 146  
2026/08/08 22:39:25 - mmengine - INFO - Evaluating bbox...
2026/08/08 22:39:25 - mmengine - INFO - bbox_mAP_copypaste: 0.588 0.889 0.647 0.000 0.683 0.544
2026/08/08 22:39:25 - mmengine - INFO - Evaluating segm...
2026/08/08 22:39:26 - mmengine - INFO - segm_mAP_copypaste: 0.602 0.887 0.674 0.000 0.717 0.549
2026/08/08 22:39:28 - mmengine - INFO - val kayip: val_kayip_cls 0.7325  val_kayip_bbox 0.2776  val_kayip_mask 0.1262  val_kayip 1.1362
2026/08/08 22:39:28 - mmengine - INFO - Epoch(val) [25][116/116]    busi/dice_tum: 0.7837  busi/dice_lezyonlu: 0.7908  busi/bos_dogru: 15  busi/esik: 0.3000  val_kayip_cls: 0.7325  val_kayip_bbox: 0.2776  val_kayip_mask: 0.1262  val_kayip: 1.1362  coco/bbox_mAP: 0.5880  coco/bbox_mAP_50: 0.8890  coco/bbox_mAP_75: 0.6470  coco/bbox_mAP_s: 0.0000  coco/bbox_mAP_m: 0.6830  coco/bbox_mAP_l: 0.5440  coco/segm_mAP: 0.6020  coco/segm_mAP_50: 0.8870  coco/segm_mAP_75: 0.6740  coco/segm_mAP_s: 0.0000  coco/segm_mAP_m: 0.7170  coco/segm_mAP_l: 0.5490  data_time: 0.0059  time: 0.0499
2026/08/08 22:39:31 - mmengine - INFO - Epoch(train)  [26][10/68]  base_lr: 1.2500e-04 lr: 1.2500e-04  eta: 0:30:52  time: 0.3682  data_time: 0.1438  memory: 601  grad_norm: 11.7843  loss: 0.5804  loss_cls: 0.1686  loss_bbox: 0.2840  loss_mask: 0.1278
2026/08/08 22:39:35 - mmengine - INFO - Epoch(train)  [26][20/68]  base_lr: 1.2500e-04 lr: 1.2500e-04  eta: 0:30:49  time: 0.3636  data_time: 0.1401  memory: 604  grad_norm: 11.8931  loss: 0.5913  loss_cls: 0.1766  loss_bbox: 0.2865  loss_mask: 0.1282
2026/08/08 22:39:39 - mmengine - INFO - Epoch(train)  [26][30/68]  base_lr: 1.2500e-04 lr: 1.2500e-04  eta: 0:30:45  time: 0.3630  data_time: 0.1388  memory: 601  grad_norm: 12.2062  loss: 0.5792  loss_cls: 0.1710  loss_bbox: 0.2844  loss_mask: 0.1239
2026/08/08 22:39:42 - mmengine - INFO - Epoch(train)  [26][40/68]  base_lr: 1.2500e-04 lr: 1.2500e-04  eta: 0:30:42  time: 0.3642  data_time: 0.1385  memory: 601  grad_norm: 12.0020  loss: 0.5755  loss_cls: 0.1674  loss_bbox: 0.2839  loss_mask: 0.1241
2026/08/08 22:39:46 - mmengine - INFO - Epoch(train)  [26][50/68]  base_lr: 1.2500e-04 lr: 1.2500e-04  eta: 0:30:38  time: 0.3690  data_time: 0.1415  memory: 599  grad_norm: 12.0717  loss: 0.5727  loss_cls: 0.1702  loss_bbox: 0.2793  loss_mask: 0.1232
2026/08/08 22:39:50 - mmengine - INFO - Epoch(train)  [26][60/68]  base_lr: 1.2500e-04 lr: 1.2500e-04  eta: 0:30:34  time: 0.3655  data_time: 0.1407  memory: 600  grad_norm: 12.1275  loss: 0.5776  loss_cls: 0.1762  loss_bbox: 0.2764  loss_mask: 0.1250
2026/08/08 22:39:53 - mmengine - INFO - Exp name: rtmdet_ins_busi_20260808_222414
2026/08/08 22:39:53 - mmengine - INFO - Saving checkpoint at 26 epochs
2026/08/08 22:39:55 - mmengine - INFO - Epoch(val)  [26][ 10/116]    eta: 0:00:04  time: 0.0537  data_time: 0.0062  memory: 600  
2026/08/08 22:39:56 - mmengine - INFO - Epoch(val)  [26][ 20/116]    eta: 0:00:04  time: 0.0524  data_time: 0.0061  memory: 125  
2026/08/08 22:39:56 - mmengine - INFO - Epoch(val)  [26][ 30/116]    eta: 0:00:03  time: 0.0481  data_time: 0.0057  memory: 142  
2026/08/08 22:39:56 - mmengine - INFO - Epoch(val)  [26][ 40/116]    eta: 0:00:03  time: 0.0455  data_time: 0.0055  memory: 137  
2026/08/08 22:39:57 - mmengine - INFO - Epoch(val)  [26][ 50/116]    eta: 0:00:02  time: 0.0452  data_time: 0.0056  memory: 164  
2026/08/08 22:39:57 - mmengine - INFO - Epoch(val)  [26][ 60/116]    eta: 0:00:02  time: 0.0460  data_time: 0.0058  memory: 151  
2026/08/08 22:39:58 - mmengine - INFO - Epoch(val)  [26][ 70/116]    eta: 0:00:02  time: 0.0472  data_time: 0.0059  memory: 140  
2026/08/08 22:39:58 - mmengine - INFO - Epoch(val)  [26][ 80/116]    eta: 0:00:01  time: 0.0488  data_time: 0.0062  memory: 128  
2026/08/08 22:39:59 - mmengine - INFO - Epoch(val)  [26][ 90/116]    eta: 0:00:01  time: 0.0520  data_time: 0.0066  memory: 207  
2026/08/08 22:40:00 - mmengine - INFO - Epoch(val)  [26][100/116]    eta: 0:00:00  time: 0.0532  data_time: 0.0064  memory: 225  
2026/08/08 22:40:00 - mmengine - INFO - Epoch(val)  [26][110/116]    eta: 0:00:00  time: 0.0536  data_time: 0.0061  memory: 164  
2026/08/08 22:40:00 - mmengine - INFO - Evaluating bbox...
2026/08/08 22:40:01 - mmengine - INFO - bbox_mAP_copypaste: 0.607 0.884 0.717 0.000 0.716 0.546
2026/08/08 22:40:01 - mmengine - INFO - Evaluating segm...
2026/08/08 22:40:01 - mmengine - INFO - segm_mAP_copypaste: 0.615 0.881 0.750 0.000 0.721 0.564
2026/08/08 22:40:03 - mmengine - INFO - val kayip: val_kayip_cls 0.6397  val_kayip_bbox 0.2566  val_kayip_mask 0.1215  val_kayip 1.0178
2026/08/08 22:40:03 - mmengine - INFO - Epoch(val) [26][116/116]    busi/dice_tum: 0.7929  busi/dice_lezyonlu: 0.7915  busi/bos_dogru: 16  busi/esik: 0.3000  val_kayip_cls: 0.6397  val_kayip_bbox: 0.2566  val_kayip_mask: 0.1215  val_kayip: 1.0178  coco/bbox_mAP: 0.6070  coco/bbox_mAP_50: 0.8840  coco/bbox_mAP_75: 0.7170  coco/bbox_mAP_s: 0.0000  coco/bbox_mAP_m: 0.7160  coco/bbox_mAP_l: 0.5460  coco/segm_mAP: 0.6150  coco/segm_mAP_50: 0.8810  coco/segm_mAP_75: 0.7500  coco/segm_mAP_s: 0.0000  coco/segm_mAP_m: 0.7210  coco/segm_mAP_l: 0.5640  data_time: 0.0060  time: 0.0497
2026/08/08 22:40:03 - mmengine - INFO - The previous best checkpoint d:\mamografi\real_time_segmentasyon\rtmdet\calisma\rtmdet_ins_tiny_256_orta_s44\best_busi_dice_tum_epoch_17.pth is removed
2026/08/08 22:40:04 - mmengine - INFO - The best checkpoint with 0.7929 busi/dice_tum at 26 epoch is saved to best_busi_dice_tum_epoch_26.pth.
2026/08/08 22:40:10 - mmengine - INFO - Epoch(train)  [27][10/68]  base_lr: 1.2500e-04 lr: 1.2500e-04  eta: 0:30:28  time: 0.3666  data_time: 0.1402  memory: 602  grad_norm: 11.7280  loss: 0.6151  loss_cls: 0.1963  loss_bbox: 0.2877  loss_mask: 0.1312
2026/08/08 22:40:14 - mmengine - INFO - Epoch(train)  [27][20/68]  base_lr: 1.2500e-04 lr: 1.2500e-04  eta: 0:30:24  time: 0.3639  data_time: 0.1397  memory: 599  grad_norm: 11.4386  loss: 0.6189  loss_cls: 0.2003  loss_bbox: 0.2854  loss_mask: 0.1331
2026/08/08 22:40:17 - mmengine - INFO - Epoch(train)  [27][30/68]  base_lr: 1.2500e-04 lr: 1.2500e-04  eta: 0:30:20  time: 0.3624  data_time: 0.1370  memory: 601  grad_norm: 11.7738  loss: 0.6057  loss_cls: 0.1911  loss_bbox: 0.2835  loss_mask: 0.1310
2026/08/08 22:40:21 - mmengine - INFO - Epoch(train)  [27][40/68]  base_lr: 1.2500e-04 lr: 1.2500e-04  eta: 0:30:17  time: 0.3605  data_time: 0.1332  memory: 601  grad_norm: 11.4299  loss: 0.5829  loss_cls: 0.1790  loss_bbox: 0.2764  loss_mask: 0.1275
2026/08/08 22:40:25 - mmengine - INFO - Epoch(train)  [27][50/68]  base_lr: 1.2500e-04 lr: 1.2500e-04  eta: 0:30:13  time: 0.3612  data_time: 0.1330  memory: 604  grad_norm: 11.2761  loss: 0.5662  loss_cls: 0.1716  loss_bbox: 0.2690  loss_mask: 0.1256
2026/08/08 22:40:28 - mmengine - INFO - Epoch(train)  [27][60/68]  base_lr: 1.2500e-04 lr: 1.2500e-04  eta: 0:30:09  time: 0.3578  data_time: 0.1327  memory: 600  grad_norm: 11.6977  loss: 0.5493  loss_cls: 0.1620  loss_bbox: 0.2642  loss_mask: 0.1232
2026/08/08 22:40:31 - mmengine - INFO - Exp name: rtmdet_ins_busi_20260808_222414
2026/08/08 22:40:31 - mmengine - INFO - Saving checkpoint at 27 epochs
2026/08/08 22:40:34 - mmengine - INFO - Epoch(val)  [27][ 10/116]    eta: 0:00:04  time: 0.0537  data_time: 0.0062  memory: 601  
2026/08/08 22:40:34 - mmengine - INFO - Epoch(val)  [27][ 20/116]    eta: 0:00:04  time: 0.0518  data_time: 0.0060  memory: 133  
2026/08/08 22:40:35 - mmengine - INFO - Epoch(val)  [27][ 30/116]    eta: 0:00:03  time: 0.0478  data_time: 0.0055  memory: 148  
2026/08/08 22:40:35 - mmengine - INFO - Epoch(val)  [27][ 40/116]    eta: 0:00:03  time: 0.0454  data_time: 0.0054  memory: 143  
2026/08/08 22:40:35 - mmengine - INFO - Epoch(val)  [27][ 50/116]    eta: 0:00:02  time: 0.0446  data_time: 0.0054  memory: 181  
2026/08/08 22:40:36 - mmengine - INFO - Epoch(val)  [27][ 60/116]    eta: 0:00:02  time: 0.0459  data_time: 0.0057  memory: 155  
2026/08/08 22:40:36 - mmengine - INFO - Epoch(val)  [27][ 70/116]    eta: 0:00:02  time: 0.0466  data_time: 0.0058  memory: 140  
2026/08/08 22:40:37 - mmengine - INFO - Epoch(val)  [27][ 80/116]    eta: 0:00:01  time: 0.0481  data_time: 0.0060  memory: 154  
2026/08/08 22:40:38 - mmengine - INFO - Epoch(val)  [27][ 90/116]    eta: 0:00:01  time: 0.0512  data_time: 0.0063  memory: 212  
2026/08/08 22:40:38 - mmengine - INFO - Epoch(val)  [27][100/116]    eta: 0:00:00  time: 0.0518  data_time: 0.0061  memory: 221  
2026/08/08 22:40:39 - mmengine - INFO - Epoch(val)  [27][110/116]    eta: 0:00:00  time: 0.0520  data_time: 0.0059  memory: 160  
2026/08/08 22:40:39 - mmengine - INFO - Evaluating bbox...
2026/08/08 22:40:39 - mmengine - INFO - bbox_mAP_copypaste: 0.592 0.892 0.682 0.000 0.686 0.545
2026/08/08 22:40:39 - mmengine - INFO - Evaluating segm...
2026/08/08 22:40:39 - mmengine - INFO - segm_mAP_copypaste: 0.615 0.892 0.712 0.006 0.725 0.558
2026/08/08 22:40:41 - mmengine - INFO - val kayip: val_kayip_cls 0.5739  val_kayip_bbox 0.2655  val_kayip_mask 0.1218  val_kayip 0.9612
2026/08/08 22:40:41 - mmengine - INFO - Epoch(val) [27][116/116]    busi/dice_tum: 0.7878  busi/dice_lezyonlu: 0.7853  busi/bos_dogru: 16  busi/esik: 0.3000  val_kayip_cls: 0.5739  val_kayip_bbox: 0.2655  val_kayip_mask: 0.1218  val_kayip: 0.9612  coco/bbox_mAP: 0.5920  coco/bbox_mAP_50: 0.8920  coco/bbox_mAP_75: 0.6820  coco/bbox_mAP_s: 0.0000  coco/bbox_mAP_m: 0.6860  coco/bbox_mAP_l: 0.5450  coco/segm_mAP: 0.6150  coco/segm_mAP_50: 0.8920  coco/segm_mAP_75: 0.7120  coco/segm_mAP_s: 0.0060  coco/segm_mAP_m: 0.7250  coco/segm_mAP_l: 0.5580  data_time: 0.0058  time: 0.0487
2026/08/08 22:40:45 - mmengine - INFO - Epoch(train)  [28][10/68]  base_lr: 1.2500e-04 lr: 1.2500e-04  eta: 0:30:03  time: 0.3611  data_time: 0.1361  memory: 599  grad_norm: 11.7015  loss: 0.5685  loss_cls: 0.1692  loss_bbox: 0.2740  loss_mask: 0.1253
2026/08/08 22:40:48 - mmengine - INFO - Epoch(train)  [28][20/68]  base_lr: 1.2500e-04 lr: 1.2500e-04  eta: 0:29:59  time: 0.3597  data_time: 0.1363  memory: 600  grad_norm: 12.4407  loss: 0.5656  loss_cls: 0.1679  loss_bbox: 0.2747  loss_mask: 0.1230
2026/08/08 22:40:52 - mmengine - INFO - Epoch(train)  [28][30/68]  base_lr: 1.2500e-04 lr: 1.2500e-04  eta: 0:29:55  time: 0.3623  data_time: 0.1381  memory: 600  grad_norm: 12.6197  loss: 0.5759  loss_cls: 0.1665  loss_bbox: 0.2827  loss_mask: 0.1267
2026/08/08 22:40:56 - mmengine - INFO - Epoch(train)  [28][40/68]  base_lr: 1.2500e-04 lr: 1.2500e-04  eta: 0:29:52  time: 0.3655  data_time: 0.1400  memory: 602  grad_norm: 12.6279  loss: 0.5906  loss_cls: 0.1681  loss_bbox: 0.2923  loss_mask: 0.1303
2026/08/08 22:40:59 - mmengine - INFO - Epoch(train)  [28][50/68]  base_lr: 1.2500e-04 lr: 1.2500e-04  eta: 0:29:48  time: 0.3652  data_time: 0.1388  memory: 604  grad_norm: 12.5765  loss: 0.5662  loss_cls: 0.1586  loss_bbox: 0.2814  loss_mask: 0.1261
2026/08/08 22:41:03 - mmengine - INFO - Epoch(train)  [28][60/68]  base_lr: 1.2500e-04 lr: 1.2500e-04  eta: 0:29:45  time: 0.3659  data_time: 0.1416  memory: 602  grad_norm: 12.2753  loss: 0.5553  loss_cls: 0.1563  loss_bbox: 0.2743  loss_mask: 0.1248
2026/08/08 22:41:06 - mmengine - INFO - Exp name: rtmdet_ins_busi_20260808_222414
2026/08/08 22:41:06 - mmengine - INFO - Saving checkpoint at 28 epochs
2026/08/08 22:41:09 - mmengine - INFO - Epoch(val)  [28][ 10/116]    eta: 0:00:04  time: 0.0530  data_time: 0.0061  memory: 600  
2026/08/08 22:41:09 - mmengine - INFO - Epoch(val)  [28][ 20/116]    eta: 0:00:04  time: 0.0510  data_time: 0.0060  memory: 130  
2026/08/08 22:41:10 - mmengine - INFO - Epoch(val)  [28][ 30/116]    eta: 0:00:03  time: 0.0483  data_time: 0.0057  memory: 149  
2026/08/08 22:41:10 - mmengine - INFO - Epoch(val)  [28][ 40/116]    eta: 0:00:03  time: 0.0466  data_time: 0.0056  memory: 133  
2026/08/08 22:41:10 - mmengine - INFO - Epoch(val)  [28][ 50/116]    eta: 0:00:03  time: 0.0458  data_time: 0.0056  memory: 171  
2026/08/08 22:41:11 - mmengine - INFO - Epoch(val)  [28][ 60/116]    eta: 0:00:02  time: 0.0473  data_time: 0.0059  memory: 182  
2026/08/08 22:41:11 - mmengine - INFO - Epoch(val)  [28][ 70/116]    eta: 0:00:02  time: 0.0479  data_time: 0.0058  memory: 140  
2026/08/08 22:41:12 - mmengine - INFO - Epoch(val)  [28][ 80/116]    eta: 0:00:01  time: 0.0491  data_time: 0.0060  memory: 161  
2026/08/08 22:41:13 - mmengine - INFO - Epoch(val)  [28][ 90/116]    eta: 0:00:01  time: 0.0520  data_time: 0.0065  memory: 181  
2026/08/08 22:41:13 - mmengine - INFO - Epoch(val)  [28][100/116]    eta: 0:00:00  time: 0.0530  data_time: 0.0063  memory: 271  
2026/08/08 22:41:14 - mmengine - INFO - Epoch(val)  [28][110/116]    eta: 0:00:00  time: 0.0530  data_time: 0.0060  memory: 198  
2026/08/08 22:41:14 - mmengine - INFO - Evaluating bbox...
2026/08/08 22:41:14 - mmengine - INFO - bbox_mAP_copypaste: 0.609 0.887 0.698 0.000 0.714 0.553
2026/08/08 22:41:14 - mmengine - INFO - Evaluating segm...
2026/08/08 22:41:14 - mmengine - INFO - segm_mAP_copypaste: 0.625 0.888 0.727 0.007 0.725 0.571
2026/08/08 22:41:16 - mmengine - INFO - val kayip: val_kayip_cls 0.4929  val_kayip_bbox 0.2575  val_kayip_mask 0.1222  val_kayip 0.8726
2026/08/08 22:41:16 - mmengine - INFO - Epoch(val) [28][116/116]    busi/dice_tum: 0.8035  busi/dice_lezyonlu: 0.7729  busi/bos_dogru: 19  busi/esik: 0.4000  val_kayip_cls: 0.4929  val_kayip_bbox: 0.2575  val_kayip_mask: 0.1222  val_kayip: 0.8726  coco/bbox_mAP: 0.6090  coco/bbox_mAP_50: 0.8870  coco/bbox_mAP_75: 0.6980  coco/bbox_mAP_s: 0.0000  coco/bbox_mAP_m: 0.7140  coco/bbox_mAP_l: 0.5530  coco/segm_mAP: 0.6250  coco/segm_mAP_50: 0.8880  coco/segm_mAP_75: 0.7270  coco/segm_mAP_s: 0.0070  coco/segm_mAP_m: 0.7250  coco/segm_mAP_l: 0.5710  data_time: 0.0060  time: 0.0500
2026/08/08 22:41:16 - mmengine - INFO - The previous best checkpoint d:\mamografi\real_time_segmentasyon\rtmdet\calisma\rtmdet_ins_tiny_256_orta_s44\best_busi_dice_tum_epoch_26.pth is removed
2026/08/08 22:41:18 - mmengine - INFO - The best checkpoint with 0.8035 busi/dice_tum at 28 epoch is saved to best_busi_dice_tum_epoch_28.pth.
2026/08/08 22:41:24 - mmengine - INFO - Epoch(train)  [29][10/68]  base_lr: 1.2500e-04 lr: 1.2500e-04  eta: 0:29:38  time: 0.3705  data_time: 0.1425  memory: 600  grad_norm: 11.8197  loss: 0.5680  loss_cls: 0.1662  loss_bbox: 0.2775  loss_mask: 0.1243
2026/08/08 22:41:28 - mmengine - INFO - Epoch(train)  [29][20/68]  base_lr: 1.2500e-04 lr: 1.2500e-04  eta: 0:29:35  time: 0.3724  data_time: 0.1443  memory: 601  grad_norm: 11.3183  loss: 0.5589  loss_cls: 0.1639  loss_bbox: 0.2724  loss_mask: 0.1225
2026/08/08 22:41:31 - mmengine - INFO - Epoch(train)  [29][30/68]  base_lr: 1.2500e-04 lr: 1.2500e-04  eta: 0:29:31  time: 0.3698  data_time: 0.1431  memory: 601  grad_norm: 11.7183  loss: 0.5816  loss_cls: 0.1766  loss_bbox: 0.2824  loss_mask: 0.1226
2026/08/08 22:41:35 - mmengine - INFO - Epoch(train)  [29][40/68]  base_lr: 1.2500e-04 lr: 1.2500e-04  eta: 0:29:28  time: 0.3699  data_time: 0.1434  memory: 602  grad_norm: 11.9770  loss: 0.5784  loss_cls: 0.1789  loss_bbox: 0.2782  loss_mask: 0.1213
2026/08/08 22:41:38 - mmengine - INFO - Epoch(train)  [29][50/68]  base_lr: 1.2500e-04 lr: 1.2500e-04  eta: 0:29:24  time: 0.3684  data_time: 0.1420  memory: 601  grad_norm: 11.5248  loss: 0.5616  loss_cls: 0.1729  loss_bbox: 0.2705  loss_mask: 0.1182
2026/08/08 22:41:42 - mmengine - INFO - Epoch(train)  [29][60/68]  base_lr: 1.2500e-04 lr: 1.2500e-04  eta: 0:29:20  time: 0.3596  data_time: 0.1377  memory: 602  grad_norm: 11.5409  loss: 0.5554  loss_cls: 0.1657  loss_bbox: 0.2698  loss_mask: 0.1200
2026/08/08 22:41:44 - mmengine - INFO - Exp name: rtmdet_ins_busi_20260808_222414
2026/08/08 22:41:44 - mmengine - INFO - Saving checkpoint at 29 epochs
2026/08/08 22:41:47 - mmengine - INFO - Epoch(val)  [29][ 10/116]    eta: 0:00:05  time: 0.0542  data_time: 0.0061  memory: 599  
2026/08/08 22:41:48 - mmengine - INFO - Epoch(val)  [29][ 20/116]    eta: 0:00:04  time: 0.0519  data_time: 0.0059  memory: 129  
2026/08/08 22:41:48 - mmengine - INFO - Epoch(val)  [29][ 30/116]    eta: 0:00:03  time: 0.0487  data_time: 0.0055  memory: 159  
2026/08/08 22:41:48 - mmengine - INFO - Epoch(val)  [29][ 40/116]    eta: 0:00:03  time: 0.0468  data_time: 0.0054  memory: 158  
2026/08/08 22:41:49 - mmengine - INFO - Epoch(val)  [29][ 50/116]    eta: 0:00:03  time: 0.0460  data_time: 0.0054  memory: 176  
2026/08/08 22:41:50 - mmengine - INFO - Epoch(val)  [29][ 60/116]    eta: 0:00:02  time: 0.0470  data_time: 0.0057  memory: 177  
2026/08/08 22:41:50 - mmengine - INFO - Epoch(val)  [29][ 70/116]    eta: 0:00:02  time: 0.0479  data_time: 0.0057  memory: 149  
2026/08/08 22:41:50 - mmengine - INFO - Epoch(val)  [29][ 80/116]    eta: 0:00:01  time: 0.0493  data_time: 0.0059  memory: 148  
2026/08/08 22:41:51 - mmengine - INFO - Epoch(val)  [29][ 90/116]    eta: 0:00:01  time: 0.0512  data_time: 0.0062  memory: 193  
2026/08/08 22:41:52 - mmengine - INFO - Epoch(val)  [29][100/116]    eta: 0:00:00  time: 0.0526  data_time: 0.0062  memory: 239  
2026/08/08 22:41:52 - mmengine - INFO - Epoch(val)  [29][110/116]    eta: 0:00:00  time: 0.0525  data_time: 0.0059  memory: 206  
2026/08/08 22:41:53 - mmengine - INFO - Evaluating bbox...
2026/08/08 22:41:53 - mmengine - INFO - bbox_mAP_copypaste: 0.618 0.895 0.710 0.000 0.686 0.579
2026/08/08 22:41:53 - mmengine - INFO - Evaluating segm...
2026/08/08 22:41:53 - mmengine - INFO - segm_mAP_copypaste: 0.618 0.889 0.693 0.006 0.727 0.560
2026/08/08 22:41:55 - mmengine - INFO - val kayip: val_kayip_cls 0.6810  val_kayip_bbox 0.2578  val_kayip_mask 0.1217  val_kayip 1.0605
2026/08/08 22:41:55 - mmengine - INFO - Epoch(val) [29][116/116]    busi/dice_tum: 0.7909  busi/dice_lezyonlu: 0.7578  busi/bos_dogru: 19  busi/esik: 0.5000  val_kayip_cls: 0.6810  val_kayip_bbox: 0.2578  val_kayip_mask: 0.1217  val_kayip: 1.0605  coco/bbox_mAP: 0.6180  coco/bbox_mAP_50: 0.8950  coco/bbox_mAP_75: 0.7100  coco/bbox_mAP_s: 0.0000  coco/bbox_mAP_m: 0.6860  coco/bbox_mAP_l: 0.5790  coco/segm_mAP: 0.6180  coco/segm_mAP_50: 0.8890  coco/segm_mAP_75: 0.6930  coco/segm_mAP_s: 0.0060  coco/segm_mAP_m: 0.7270  coco/segm_mAP_l: 0.5600  data_time: 0.0058  time: 0.0497
2026/08/08 22:41:58 - mmengine - INFO - Epoch(train)  [30][10/68]  base_lr: 1.2500e-04 lr: 1.2500e-04  eta: 0:29:12  time: 0.3483  data_time: 0.1262  memory: 602  grad_norm: 11.9485  loss: 0.5485  loss_cls: 0.1616  loss_bbox: 0.2646  loss_mask: 0.1223
2026/08/08 22:42:02 - mmengine - INFO - Epoch(train)  [30][20/68]  base_lr: 1.2500e-04 lr: 1.2500e-04  eta: 0:29:09  time: 0.3495  data_time: 0.1253  memory: 601  grad_norm: 11.7194  loss: 0.5528  loss_cls: 0.1535  loss_bbox: 0.2734  loss_mask: 0.1259
2026/08/08 22:42:05 - mmengine - INFO - Exp name: rtmdet_ins_busi_20260808_222414
2026/08/08 22:42:06 - mmengine - INFO - Epoch(train)  [30][30/68]  base_lr: 1.2500e-04 lr: 1.2500e-04  eta: 0:29:05  time: 0.3551  data_time: 0.1290  memory: 601  grad_norm: 12.1419  loss: 0.5541  loss_cls: 0.1540  loss_bbox: 0.2756  loss_mask: 0.1245
2026/08/08 22:42:09 - mmengine - INFO - Epoch(train)  [30][40/68]  base_lr: 1.2500e-04 lr: 1.2500e-04  eta: 0:29:02  time: 0.3604  data_time: 0.1323  memory: 599  grad_norm: 12.1735  loss: 0.5585  loss_cls: 0.1595  loss_bbox: 0.2731  loss_mask: 0.1259
2026/08/08 22:42:13 - mmengine - INFO - Epoch(train)  [30][50/68]  base_lr: 1.2500e-04 lr: 1.2500e-04  eta: 0:28:58  time: 0.3704  data_time: 0.1390  memory: 600  grad_norm: 12.3190  loss: 0.5618  loss_cls: 0.1652  loss_bbox: 0.2718  loss_mask: 0.1248
2026/08/08 22:42:17 - mmengine - INFO - Epoch(train)  [30][60/68]  base_lr: 1.2500e-04 lr: 1.2500e-04  eta: 0:28:55  time: 0.3727  data_time: 0.1412  memory: 601  grad_norm: 12.5871  loss: 0.5506  loss_cls: 0.1649  loss_bbox: 0.2662  loss_mask: 0.1194
2026/08/08 22:42:20 - mmengine - INFO - Exp name: rtmdet_ins_busi_20260808_222414
2026/08/08 22:42:20 - mmengine - INFO - Saving checkpoint at 30 epochs
2026/08/08 22:42:23 - mmengine - INFO - Epoch(val)  [30][ 10/116]    eta: 0:00:04  time: 0.0532  data_time: 0.0060  memory: 601  
2026/08/08 22:42:23 - mmengine - INFO - Epoch(val)  [30][ 20/116]    eta: 0:00:04  time: 0.0510  data_time: 0.0060  memory: 133  
2026/08/08 22:42:23 - mmengine - INFO - Epoch(val)  [30][ 30/116]    eta: 0:00:03  time: 0.0476  data_time: 0.0057  memory: 149  
2026/08/08 22:42:24 - mmengine - INFO - Epoch(val)  [30][ 40/116]    eta: 0:00:03  time: 0.0456  data_time: 0.0057  memory: 161  
2026/08/08 22:42:24 - mmengine - INFO - Epoch(val)  [30][ 50/116]    eta: 0:00:02  time: 0.0443  data_time: 0.0058  memory: 181  
2026/08/08 22:42:25 - mmengine - INFO - Epoch(val)  [30][ 60/116]    eta: 0:00:02  time: 0.0453  data_time: 0.0060  memory: 164  
2026/08/08 22:42:25 - mmengine - INFO - Epoch(val)  [30][ 70/116]    eta: 0:00:02  time: 0.0464  data_time: 0.0061  memory: 148  
2026/08/08 22:42:26 - mmengine - INFO - Epoch(val)  [30][ 80/116]    eta: 0:00:01  time: 0.0477  data_time: 0.0063  memory: 167  
2026/08/08 22:42:26 - mmengine - INFO - Epoch(val)  [30][ 90/116]    eta: 0:00:01  time: 0.0498  data_time: 0.0066  memory: 201  
2026/08/08 22:42:27 - mmengine - INFO - Epoch(val)  [30][100/116]    eta: 0:00:00  time: 0.0510  data_time: 0.0066  memory: 239  
2026/08/08 22:42:27 - mmengine - INFO - Epoch(val)  [30][110/116]    eta: 0:00:00  time: 0.0509  data_time: 0.0064  memory: 171  
2026/08/08 22:42:28 - mmengine - INFO - Evaluating bbox...
2026/08/08 22:42:28 - mmengine - INFO - bbox_mAP_copypaste: 0.609 0.877 0.732 0.000 0.714 0.557
2026/08/08 22:42:28 - mmengine - INFO - Evaluating segm...
2026/08/08 22:42:28 - mmengine - INFO - segm_mAP_copypaste: 0.629 0.874 0.730 0.006 0.739 0.577
2026/08/08 22:42:30 - mmengine - INFO - val kayip: val_kayip_cls 0.8957  val_kayip_bbox 0.2571  val_kayip_mask 0.1186  val_kayip 1.2715
2026/08/08 22:42:30 - mmengine - INFO - Epoch(val) [30][116/116]    busi/dice_tum: 0.7720  busi/dice_lezyonlu: 0.7765  busi/bos_dogru: 15  busi/esik: 0.4000  val_kayip_cls: 0.8957  val_kayip_bbox: 0.2571  val_kayip_mask: 0.1186  val_kayip: 1.2715  coco/bbox_mAP: 0.6090  coco/bbox_mAP_50: 0.8770  coco/bbox_mAP_75: 0.7320  coco/bbox_mAP_s: 0.0000  coco/bbox_mAP_m: 0.7140  coco/bbox_mAP_l: 0.5570  coco/segm_mAP: 0.6290  coco/segm_mAP_50: 0.8740  coco/segm_mAP_75: 0.7300  coco/segm_mAP_s: 0.0060  coco/segm_mAP_m: 0.7390  coco/segm_mAP_l: 0.5770  data_time: 0.0062  time: 0.0479
2026/08/08 22:42:34 - mmengine - INFO - Epoch(train)  [31][10/68]  base_lr: 1.2500e-04 lr: 1.2500e-04  eta: 0:28:49  time: 0.3739  data_time: 0.1409  memory: 601  grad_norm: 12.9088  loss: 0.5271  loss_cls: 0.1528  loss_bbox: 0.2569  loss_mask: 0.1174
2026/08/08 22:42:37 - mmengine - INFO - Epoch(train)  [31][20/68]  base_lr: 1.2500e-04 lr: 1.2500e-04  eta: 0:28:45  time: 0.3683  data_time: 0.1356  memory: 601  grad_norm: 12.8884  loss: 0.5341  loss_cls: 0.1532  loss_bbox: 0.2649  loss_mask: 0.1159
2026/08/08 22:42:41 - mmengine - INFO - Epoch(train)  [31][30/68]  base_lr: 1.2500e-04 lr: 1.2500e-04  eta: 0:28:41  time: 0.3675  data_time: 0.1349  memory: 604  grad_norm: 12.5880  loss: 0.5468  loss_cls: 0.1556  loss_bbox: 0.2717  loss_mask: 0.1195
2026/08/08 22:42:45 - mmengine - INFO - Epoch(train)  [31][40/68]  base_lr: 1.2500e-04 lr: 1.2500e-04  eta: 0:28:38  time: 0.3702  data_time: 0.1377  memory: 601  grad_norm: 12.6598  loss: 0.5312  loss_cls: 0.1456  loss_bbox: 0.2685  loss_mask: 0.1171
2026/08/08 22:42:48 - mmengine - INFO - Epoch(train)  [31][50/68]  base_lr: 1.2500e-04 lr: 1.2500e-04  eta: 0:28:35  time: 0.3713  data_time: 0.1411  memory: 601  grad_norm: 13.0713  loss: 0.5375  loss_cls: 0.1492  loss_bbox: 0.2726  loss_mask: 0.1158
2026/08/08 22:42:52 - mmengine - INFO - Epoch(train)  [31][60/68]  base_lr: 1.2500e-04 lr: 1.2500e-04  eta: 0:28:31  time: 0.3699  data_time: 0.1380  memory: 601  grad_norm: 12.5615  loss: 0.5536  loss_cls: 0.1630  loss_bbox: 0.2719  loss_mask: 0.1188
2026/08/08 22:42:55 - mmengine - INFO - Exp name: rtmdet_ins_busi_20260808_222414
2026/08/08 22:42:55 - mmengine - INFO - Saving checkpoint at 31 epochs
2026/08/08 22:42:58 - mmengine - INFO - Epoch(val)  [31][ 10/116]    eta: 0:00:04  time: 0.0519  data_time: 0.0063  memory: 601  
2026/08/08 22:42:58 - mmengine - INFO - Epoch(val)  [31][ 20/116]    eta: 0:00:04  time: 0.0507  data_time: 0.0062  memory: 130  
2026/08/08 22:42:59 - mmengine - INFO - Epoch(val)  [31][ 30/116]    eta: 0:00:03  time: 0.0476  data_time: 0.0059  memory: 151  
2026/08/08 22:42:59 - mmengine - INFO - Epoch(val)  [31][ 40/116]    eta: 0:00:03  time: 0.0463  data_time: 0.0058  memory: 150  
2026/08/08 22:42:59 - mmengine - INFO - Epoch(val)  [31][ 50/116]    eta: 0:00:02  time: 0.0453  data_time: 0.0059  memory: 181  
2026/08/08 22:43:00 - mmengine - INFO - Epoch(val)  [31][ 60/116]    eta: 0:00:02  time: 0.0457  data_time: 0.0062  memory: 173  
2026/08/08 22:43:00 - mmengine - INFO - Epoch(val)  [31][ 70/116]    eta: 0:00:02  time: 0.0466  data_time: 0.0062  memory: 146  
2026/08/08 22:43:01 - mmengine - INFO - Epoch(val)  [31][ 80/116]    eta: 0:00:01  time: 0.0476  data_time: 0.0063  memory: 141  
2026/08/08 22:43:01 - mmengine - INFO - Epoch(val)  [31][ 90/116]    eta: 0:00:01  time: 0.0495  data_time: 0.0067  memory: 201  
2026/08/08 22:43:02 - mmengine - INFO - Epoch(val)  [31][100/116]    eta: 0:00:00  time: 0.0501  data_time: 0.0064  memory: 212  
2026/08/08 22:43:02 - mmengine - INFO - Epoch(val)  [31][110/116]    eta: 0:00:00  time: 0.0506  data_time: 0.0062  memory: 139  
2026/08/08 22:43:03 - mmengine - INFO - Evaluating bbox...
2026/08/08 22:43:03 - mmengine - INFO - bbox_mAP_copypaste: 0.611 0.883 0.705 0.000 0.731 0.555
2026/08/08 22:43:03 - mmengine - INFO - Evaluating segm...
2026/08/08 22:43:03 - mmengine - INFO - segm_mAP_copypaste: 0.619 0.879 0.744 0.000 0.722 0.570
2026/08/08 22:43:05 - mmengine - INFO - val kayip: val_kayip_cls 0.3997  val_kayip_bbox 0.2544  val_kayip_mask 0.1216  val_kayip 0.7757
2026/08/08 22:43:05 - mmengine - INFO - Epoch(val) [31][116/116]    busi/dice_tum: 0.8025  busi/dice_lezyonlu: 0.7822  busi/bos_dogru: 18  busi/esik: 0.3000  val_kayip_cls: 0.3997  val_kayip_bbox: 0.2544  val_kayip_mask: 0.1216  val_kayip: 0.7757  coco/bbox_mAP: 0.6110  coco/bbox_mAP_50: 0.8830  coco/bbox_mAP_75: 0.7050  coco/bbox_mAP_s: 0.0000  coco/bbox_mAP_m: 0.7310  coco/bbox_mAP_l: 0.5550  coco/segm_mAP: 0.6190  coco/segm_mAP_50: 0.8790  coco/segm_mAP_75: 0.7440  coco/segm_mAP_s: 0.0000  coco/segm_mAP_m: 0.7220  coco/segm_mAP_l: 0.5700  data_time: 0.0062  time: 0.0480
2026/08/08 22:43:09 - mmengine - INFO - Epoch(train)  [32][10/68]  base_lr: 1.2500e-04 lr: 1.2500e-04  eta: 0:28:25  time: 0.3744  data_time: 0.1426  memory: 601  grad_norm: 12.8995  loss: 0.5219  loss_cls: 0.1466  loss_bbox: 0.2614  loss_mask: 0.1138
2026/08/08 22:43:13 - mmengine - INFO - Epoch(train)  [32][20/68]  base_lr: 1.2500e-04 lr: 1.2500e-04  eta: 0:28:21  time: 0.3723  data_time: 0.1398  memory: 603  grad_norm: 12.5189  loss: 0.5175  loss_cls: 0.1443  loss_bbox: 0.2594  loss_mask: 0.1138
2026/08/08 22:43:16 - mmengine - INFO - Epoch(train)  [32][30/68]  base_lr: 1.2500e-04 lr: 1.2500e-04  eta: 0:28:18  time: 0.3697  data_time: 0.1377  memory: 600  grad_norm: 12.0523  loss: 0.5234  loss_cls: 0.1452  loss_bbox: 0.2604  loss_mask: 0.1178
2026/08/08 22:43:20 - mmengine - INFO - Epoch(train)  [32][40/68]  base_lr: 1.2500e-04 lr: 1.2500e-04  eta: 0:28:14  time: 0.3646  data_time: 0.1342  memory: 601  grad_norm: 12.2526  loss: 0.5167  loss_cls: 0.1387  loss_bbox: 0.2610  loss_mask: 0.1170
2026/08/08 22:43:24 - mmengine - INFO - Epoch(train)  [32][50/68]  base_lr: 1.2500e-04 lr: 1.2500e-04  eta: 0:28:10  time: 0.3681  data_time: 0.1351  memory: 600  grad_norm: 12.2216  loss: 0.5160  loss_cls: 0.1394  loss_bbox: 0.2615  loss_mask: 0.1152
2026/08/08 22:43:27 - mmengine - INFO - Epoch(train)  [32][60/68]  base_lr: 1.2500e-04 lr: 1.2500e-04  eta: 0:28:07  time: 0.3658  data_time: 0.1337  memory: 599  grad_norm: 11.9688  loss: 0.5296  loss_cls: 0.1487  loss_bbox: 0.2623  loss_mask: 0.1186
2026/08/08 22:43:30 - mmengine - INFO - Exp name: rtmdet_ins_busi_20260808_222414
2026/08/08 22:43:30 - mmengine - INFO - Saving checkpoint at 32 epochs
2026/08/08 22:43:33 - mmengine - INFO - Epoch(val)  [32][ 10/116]    eta: 0:00:04  time: 0.0501  data_time: 0.0064  memory: 602  
2026/08/08 22:43:34 - mmengine - INFO - Epoch(val)  [32][ 20/116]    eta: 0:00:04  time: 0.0482  data_time: 0.0062  memory: 129  
2026/08/08 22:43:34 - mmengine - INFO - Epoch(val)  [32][ 30/116]    eta: 0:00:03  time: 0.0461  data_time: 0.0058  memory: 143  
2026/08/08 22:43:34 - mmengine - INFO - Epoch(val)  [32][ 40/116]    eta: 0:00:03  time: 0.0440  data_time: 0.0055  memory: 137  
2026/08/08 22:43:35 - mmengine - INFO - Epoch(val)  [32][ 50/116]    eta: 0:00:02  time: 0.0420  data_time: 0.0054  memory: 170  
2026/08/08 22:43:35 - mmengine - INFO - Epoch(val)  [32][ 60/116]    eta: 0:00:02  time: 0.0424  data_time: 0.0055  memory: 186  
2026/08/08 22:43:36 - mmengine - INFO - Epoch(val)  [32][ 70/116]    eta: 0:00:01  time: 0.0423  data_time: 0.0055  memory: 142  
2026/08/08 22:43:36 - mmengine - INFO - Epoch(val)  [32][ 80/116]    eta: 0:00:01  time: 0.0417  data_time: 0.0056  memory: 132  
2026/08/08 22:43:37 - mmengine - INFO - Epoch(val)  [32][ 90/116]    eta: 0:00:01  time: 0.0434  data_time: 0.0059  memory: 194  
2026/08/08 22:43:37 - mmengine - INFO - Epoch(val)  [32][100/116]    eta: 0:00:00  time: 0.0435  data_time: 0.0060  memory: 180  
2026/08/08 22:43:37 - mmengine - INFO - Epoch(val)  [32][110/116]    eta: 0:00:00  time: 0.0436  data_time: 0.0062  memory: 134  
2026/08/08 22:43:38 - mmengine - INFO - Evaluating bbox...
2026/08/08 22:43:38 - mmengine - INFO - bbox_mAP_copypaste: 0.623 0.886 0.728 0.000 0.726 0.580
2026/08/08 22:43:38 - mmengine - INFO - Evaluating segm...
2026/08/08 22:43:38 - mmengine - INFO - segm_mAP_copypaste: 0.628 0.886 0.751 0.000 0.727 0.583
2026/08/08 22:43:40 - mmengine - INFO - val kayip: val_kayip_cls 0.3519  val_kayip_bbox 0.2474  val_kayip_mask 0.1233  val_kayip 0.7227
2026/08/08 22:43:40 - mmengine - INFO - Epoch(val) [32][116/116]    busi/dice_tum: 0.8135  busi/dice_lezyonlu: 0.7851  busi/bos_dogru: 19  busi/esik: 0.4000  val_kayip_cls: 0.3519  val_kayip_bbox: 0.2474  val_kayip_mask: 0.1233  val_kayip: 0.7227  coco/bbox_mAP: 0.6230  coco/bbox_mAP_50: 0.8860  coco/bbox_mAP_75: 0.7280  coco/bbox_mAP_s: 0.0000  coco/bbox_mAP_m: 0.7260  coco/bbox_mAP_l: 0.5800  coco/segm_mAP: 0.6280  coco/segm_mAP_50: 0.8860  coco/segm_mAP_75: 0.7510  coco/segm_mAP_s: 0.0000  coco/segm_mAP_m: 0.7270  coco/segm_mAP_l: 0.5830  data_time: 0.0059  time: 0.0433
2026/08/08 22:43:40 - mmengine - INFO - The previous best checkpoint d:\mamografi\real_time_segmentasyon\rtmdet\calisma\rtmdet_ins_tiny_256_orta_s44\best_busi_dice_tum_epoch_28.pth is removed
2026/08/08 22:43:42 - mmengine - INFO - The best checkpoint with 0.8135 busi/dice_tum at 32 epoch is saved to best_busi_dice_tum_epoch_32.pth.
2026/08/08 22:43:47 - mmengine - INFO - Epoch(train)  [33][10/68]  base_lr: 1.2500e-04 lr: 1.2500e-04  eta: 0:28:00  time: 0.3669  data_time: 0.1346  memory: 601  grad_norm: 11.7785  loss: 0.5408  loss_cls: 0.1552  loss_bbox: 0.2654  loss_mask: 0.1201
2026/08/08 22:43:51 - mmengine - INFO - Epoch(train)  [33][20/68]  base_lr: 1.2500e-04 lr: 1.2500e-04  eta: 0:27:57  time: 0.3660  data_time: 0.1331  memory: 601  grad_norm: 11.9034  loss: 0.5407  loss_cls: 0.1520  loss_bbox: 0.2655  loss_mask: 0.1232
2026/08/08 22:43:55 - mmengine - INFO - Epoch(train)  [33][30/68]  base_lr: 1.2500e-04 lr: 1.2500e-04  eta: 0:27:53  time: 0.3665  data_time: 0.1378  memory: 602  grad_norm: 11.8817  loss: 0.5534  loss_cls: 0.1554  loss_bbox: 0.2706  loss_mask: 0.1274
2026/08/08 22:43:58 - mmengine - INFO - Epoch(train)  [33][40/68]  base_lr: 1.2500e-04 lr: 1.2500e-04  eta: 0:27:49  time: 0.3642  data_time: 0.1356  memory: 601  grad_norm: 11.9137  loss: 0.5486  loss_cls: 0.1491  loss_bbox: 0.2739  loss_mask: 0.1256
2026/08/08 22:44:02 - mmengine - INFO - Epoch(train)  [33][50/68]  base_lr: 1.2500e-04 lr: 1.2500e-04  eta: 0:27:46  time: 0.3603  data_time: 0.1308  memory: 603  grad_norm: 12.1245  loss: 0.5435  loss_cls: 0.1489  loss_bbox: 0.2719  loss_mask: 0.1227
2026/08/08 22:44:06 - mmengine - INFO - Epoch(train)  [33][60/68]  base_lr: 1.2500e-04 lr: 1.2500e-04  eta: 0:27:42  time: 0.3629  data_time: 0.1338  memory: 601  grad_norm: 12.2285  loss: 0.5289  loss_cls: 0.1427  loss_bbox: 0.2662  loss_mask: 0.1200
2026/08/08 22:44:08 - mmengine - INFO - Exp name: rtmdet_ins_busi_20260808_222414
2026/08/08 22:44:08 - mmengine - INFO - Saving checkpoint at 33 epochs
2026/08/08 22:44:11 - mmengine - INFO - Epoch(val)  [33][ 10/116]    eta: 0:00:04  time: 0.0456  data_time: 0.0064  memory: 601  
2026/08/08 22:44:11 - mmengine - INFO - Epoch(val)  [33][ 20/116]    eta: 0:00:04  time: 0.0452  data_time: 0.0062  memory: 129  
2026/08/08 22:44:12 - mmengine - INFO - Epoch(val)  [33][ 30/116]    eta: 0:00:03  time: 0.0437  data_time: 0.0060  memory: 154  
2026/08/08 22:44:12 - mmengine - INFO - Epoch(val)  [33][ 40/116]    eta: 0:00:03  time: 0.0444  data_time: 0.0058  memory: 175  
2026/08/08 22:44:13 - mmengine - INFO - Epoch(val)  [33][ 50/116]    eta: 0:00:02  time: 0.0445  data_time: 0.0055  memory: 193  
2026/08/08 22:44:13 - mmengine - INFO - Epoch(val)  [33][ 60/116]    eta: 0:00:02  time: 0.0459  data_time: 0.0057  memory: 192  
2026/08/08 22:44:14 - mmengine - INFO - Epoch(val)  [33][ 70/116]    eta: 0:00:02  time: 0.0479  data_time: 0.0057  memory: 149  
2026/08/08 22:44:14 - mmengine - INFO - Epoch(val)  [33][ 80/116]    eta: 0:00:01  time: 0.0504  data_time: 0.0058  memory: 148  
2026/08/08 22:44:15 - mmengine - INFO - Epoch(val)  [33][ 90/116]    eta: 0:00:01  time: 0.0522  data_time: 0.0063  memory: 201  
2026/08/08 22:44:15 - mmengine - INFO - Epoch(val)  [33][100/116]    eta: 0:00:00  time: 0.0520  data_time: 0.0062  memory: 262  
2026/08/08 22:44:16 - mmengine - INFO - Epoch(val)  [33][110/116]    eta: 0:00:00  time: 0.0505  data_time: 0.0060  memory: 187  
2026/08/08 22:44:16 - mmengine - INFO - Evaluating bbox...
2026/08/08 22:44:16 - mmengine - INFO - bbox_mAP_copypaste: 0.616 0.884 0.739 0.000 0.710 0.565
2026/08/08 22:44:16 - mmengine - INFO - Evaluating segm...
2026/08/08 22:44:16 - mmengine - INFO - segm_mAP_copypaste: 0.623 0.891 0.746 0.000 0.730 0.569
2026/08/08 22:44:18 - mmengine - INFO - val kayip: val_kayip_cls 0.5858  val_kayip_bbox 0.2599  val_kayip_mask 0.1217  val_kayip 0.9674
2026/08/08 22:44:18 - mmengine - INFO - Epoch(val) [33][116/116]    busi/dice_tum: 0.7984  busi/dice_lezyonlu: 0.7772  busi/bos_dogru: 18  busi/esik: 0.4000  val_kayip_cls: 0.5858  val_kayip_bbox: 0.2599  val_kayip_mask: 0.1217  val_kayip: 0.9674  coco/bbox_mAP: 0.6160  coco/bbox_mAP_50: 0.8840  coco/bbox_mAP_75: 0.7390  coco/bbox_mAP_s: 0.0000  coco/bbox_mAP_m: 0.7100  coco/bbox_mAP_l: 0.5650  coco/segm_mAP: 0.6230  coco/segm_mAP_50: 0.8910  coco/segm_mAP_75: 0.7460  coco/segm_mAP_s: 0.0000  coco/segm_mAP_m: 0.7300  coco/segm_mAP_l: 0.5690  data_time: 0.0059  time: 0.0476
2026/08/08 22:44:22 - mmengine - INFO - Epoch(train)  [34][10/68]  base_lr: 1.2500e-04 lr: 1.2500e-04  eta: 0:27:35  time: 0.3642  data_time: 0.1341  memory: 602  grad_norm: 11.7427  loss: 0.5179  loss_cls: 0.1404  loss_bbox: 0.2630  loss_mask: 0.1145
2026/08/08 22:44:25 - mmengine - INFO - Epoch(train)  [34][20/68]  base_lr: 1.2500e-04 lr: 1.2500e-04  eta: 0:27:32  time: 0.3640  data_time: 0.1344  memory: 601  grad_norm: 11.7446  loss: 0.5083  loss_cls: 0.1367  loss_bbox: 0.2597  loss_mask: 0.1120
2026/08/08 22:44:29 - mmengine - INFO - Epoch(train)  [34][30/68]  base_lr: 1.2500e-04 lr: 1.2500e-04  eta: 0:27:28  time: 0.3660  data_time: 0.1380  memory: 601  grad_norm: 11.7598  loss: 0.5133  loss_cls: 0.1360  loss_bbox: 0.2628  loss_mask: 0.1145
2026/08/08 22:44:33 - mmengine - INFO - Epoch(train)  [34][40/68]  base_lr: 1.2500e-04 lr: 1.2500e-04  eta: 0:27:25  time: 0.3630  data_time: 0.1358  memory: 601  grad_norm: 11.4277  loss: 0.5022  loss_cls: 0.1279  loss_bbox: 0.2597  loss_mask: 0.1146
2026/08/08 22:44:36 - mmengine - INFO - Epoch(train)  [34][50/68]  base_lr: 1.2500e-04 lr: 1.2500e-04  eta: 0:27:21  time: 0.3700  data_time: 0.1412  memory: 599  grad_norm: 11.6062  loss: 0.5063  loss_cls: 0.1289  loss_bbox: 0.2622  loss_mask: 0.1152
2026/08/08 22:44:40 - mmengine - INFO - Epoch(train)  [34][60/68]  base_lr: 1.2500e-04 lr: 1.2500e-04  eta: 0:27:18  time: 0.3714  data_time: 0.1420  memory: 603  grad_norm: 11.5618  loss: 0.5140  loss_cls: 0.1347  loss_bbox: 0.2625  loss_mask: 0.1168
2026/08/08 22:44:43 - mmengine - INFO - Exp name: rtmdet_ins_busi_20260808_222414
2026/08/08 22:44:43 - mmengine - INFO - Saving checkpoint at 34 epochs
2026/08/08 22:44:46 - mmengine - INFO - Epoch(val)  [34][ 10/116]    eta: 0:00:04  time: 0.0474  data_time: 0.0063  memory: 600  
2026/08/08 22:44:47 - mmengine - INFO - Epoch(val)  [34][ 20/116]    eta: 0:00:04  time: 0.0465  data_time: 0.0063  memory: 118  
2026/08/08 22:44:47 - mmengine - INFO - Epoch(val)  [34][ 30/116]    eta: 0:00:03  time: 0.0437  data_time: 0.0058  memory: 142  
2026/08/08 22:44:47 - mmengine - INFO - Epoch(val)  [34][ 40/116]    eta: 0:00:03  time: 0.0430  data_time: 0.0058  memory: 125  
2026/08/08 22:44:48 - mmengine - INFO - Epoch(val)  [34][ 50/116]    eta: 0:00:02  time: 0.0447  data_time: 0.0056  memory: 193  
2026/08/08 22:44:48 - mmengine - INFO - Epoch(val)  [34][ 60/116]    eta: 0:00:02  time: 0.0463  data_time: 0.0058  memory: 205  
2026/08/08 22:44:49 - mmengine - INFO - Epoch(val)  [34][ 70/116]    eta: 0:00:02  time: 0.0479  data_time: 0.0058  memory: 143  
2026/08/08 22:44:49 - mmengine - INFO - Epoch(val)  [34][ 80/116]    eta: 0:00:01  time: 0.0492  data_time: 0.0060  memory: 134  
2026/08/08 22:44:50 - mmengine - INFO - Epoch(val)  [34][ 90/116]    eta: 0:00:01  time: 0.0522  data_time: 0.0063  memory: 181  
2026/08/08 22:44:51 - mmengine - INFO - Epoch(val)  [34][100/116]    eta: 0:00:00  time: 0.0525  data_time: 0.0062  memory: 208  
2026/08/08 22:44:51 - mmengine - INFO - Epoch(val)  [34][110/116]    eta: 0:00:00  time: 0.0516  data_time: 0.0060  memory: 150  
2026/08/08 22:44:51 - mmengine - INFO - Evaluating bbox...
2026/08/08 22:44:51 - mmengine - INFO - bbox_mAP_copypaste: 0.604 0.887 0.699 0.000 0.686 0.564
2026/08/08 22:44:51 - mmengine - INFO - Evaluating segm...
2026/08/08 22:44:52 - mmengine - INFO - segm_mAP_copypaste: 0.606 0.884 0.728 0.000 0.722 0.550
2026/08/08 22:44:54 - mmengine - INFO - val kayip: val_kayip_cls 0.4754  val_kayip_bbox 0.2652  val_kayip_mask 0.1264  val_kayip 0.8669
2026/08/08 22:44:54 - mmengine - INFO - Epoch(val) [34][116/116]    busi/dice_tum: 0.8148  busi/dice_lezyonlu: 0.7970  busi/bos_dogru: 18  busi/esik: 0.4000  val_kayip_cls: 0.4754  val_kayip_bbox: 0.2652  val_kayip_mask: 0.1264  val_kayip: 0.8669  coco/bbox_mAP: 0.6040  coco/bbox_mAP_50: 0.8870  coco/bbox_mAP_75: 0.6990  coco/bbox_mAP_s: 0.0000  coco/bbox_mAP_m: 0.6860  coco/bbox_mAP_l: 0.5640  coco/segm_mAP: 0.6060  coco/segm_mAP_50: 0.8840  coco/segm_mAP_75: 0.7280  coco/segm_mAP_s: 0.0000  coco/segm_mAP_m: 0.7220  coco/segm_mAP_l: 0.5500  data_time: 0.0059  time: 0.0485
2026/08/08 22:44:54 - mmengine - INFO - The previous best checkpoint d:\mamografi\real_time_segmentasyon\rtmdet\calisma\rtmdet_ins_tiny_256_orta_s44\best_busi_dice_tum_epoch_32.pth is removed
2026/08/08 22:44:55 - mmengine - INFO - The best checkpoint with 0.8148 busi/dice_tum at 34 epoch is saved to best_busi_dice_tum_epoch_34.pth.
2026/08/08 22:45:01 - mmengine - INFO - Epoch(train)  [35][10/68]  base_lr: 1.2500e-04 lr: 1.2500e-04  eta: 0:27:12  time: 0.3801  data_time: 0.1454  memory: 601  grad_norm: 11.6555  loss: 0.5267  loss_cls: 0.1453  loss_bbox: 0.2635  loss_mask: 0.1179
2026/08/08 22:45:05 - mmengine - INFO - Epoch(train)  [35][20/68]  base_lr: 1.2500e-04 lr: 1.2500e-04  eta: 0:27:09  time: 0.3862  data_time: 0.1508  memory: 601  grad_norm: 11.9357  loss: 0.5512  loss_cls: 0.1603  loss_bbox: 0.2721  loss_mask: 0.1189
2026/08/08 22:45:09 - mmengine - INFO - Epoch(train)  [35][30/68]  base_lr: 1.2500e-04 lr: 1.2500e-04  eta: 0:27:05  time: 0.3802  data_time: 0.1469  memory: 601  grad_norm: 11.7671  loss: 0.5499  loss_cls: 0.1652  loss_bbox: 0.2670  loss_mask: 0.1177
2026/08/08 22:45:12 - mmengine - INFO - Epoch(train)  [35][40/68]  base_lr: 1.2500e-04 lr: 1.2500e-04  eta: 0:27:01  time: 0.3704  data_time: 0.1397  memory: 601  grad_norm: 11.5756  loss: 0.5599  loss_cls: 0.1647  loss_bbox: 0.2752  loss_mask: 0.1200
2026/08/08 22:45:16 - mmengine - INFO - Epoch(train)  [35][50/68]  base_lr: 1.2500e-04 lr: 1.2500e-04  eta: 0:26:57  time: 0.3645  data_time: 0.1346  memory: 601  grad_norm: 11.2989  loss: 0.5491  loss_cls: 0.1562  loss_bbox: 0.2725  loss_mask: 0.1204
2026/08/08 22:45:19 - mmengine - INFO - Epoch(train)  [35][60/68]  base_lr: 1.2500e-04 lr: 1.2500e-04  eta: 0:26:53  time: 0.3521  data_time: 0.1293  memory: 600  grad_norm: 11.0591  loss: 0.5473  loss_cls: 0.1550  loss_bbox: 0.2732  loss_mask: 0.1191
2026/08/08 22:45:22 - mmengine - INFO - Exp name: rtmdet_ins_busi_20260808_222414
2026/08/08 22:45:22 - mmengine - INFO - Saving checkpoint at 35 epochs
2026/08/08 22:45:24 - mmengine - INFO - Epoch(val)  [35][ 10/116]    eta: 0:00:04  time: 0.0500  data_time: 0.0060  memory: 603  
2026/08/08 22:45:25 - mmengine - INFO - Epoch(val)  [35][ 20/116]    eta: 0:00:03  time: 0.0468  data_time: 0.0054  memory: 118  
2026/08/08 22:45:25 - mmengine - INFO - Epoch(val)  [35][ 30/116]    eta: 0:00:03  time: 0.0424  data_time: 0.0047  memory: 161  
2026/08/08 22:45:25 - mmengine - INFO - Epoch(val)  [35][ 40/116]    eta: 0:00:02  time: 0.0391  data_time: 0.0047  memory: 125  
2026/08/08 22:45:26 - mmengine - INFO - Epoch(val)  [35][ 50/116]    eta: 0:00:02  time: 0.0374  data_time: 0.0045  memory: 176  
2026/08/08 22:45:26 - mmengine - INFO - Epoch(val)  [35][ 60/116]    eta: 0:00:02  time: 0.0375  data_time: 0.0045  memory: 192  
2026/08/08 22:45:27 - mmengine - INFO - Epoch(val)  [35][ 70/116]    eta: 0:00:01  time: 0.0391  data_time: 0.0052  memory: 159  
2026/08/08 22:45:27 - mmengine - INFO - Epoch(val)  [35][ 80/116]    eta: 0:00:01  time: 0.0400  data_time: 0.0055  memory: 139  
2026/08/08 22:45:28 - mmengine - INFO - Epoch(val)  [35][ 90/116]    eta: 0:00:01  time: 0.0424  data_time: 0.0054  memory: 194  
2026/08/08 22:45:28 - mmengine - INFO - Epoch(val)  [35][100/116]    eta: 0:00:00  time: 0.0435  data_time: 0.0053  memory: 225  
2026/08/08 22:45:28 - mmengine - INFO - Epoch(val)  [35][110/116]    eta: 0:00:00  time: 0.0434  data_time: 0.0053  memory: 156  
2026/08/08 22:45:29 - mmengine - INFO - Evaluating bbox...
2026/08/08 22:45:29 - mmengine - INFO - bbox_mAP_copypaste: 0.636 0.886 0.755 0.000 0.751 0.577
2026/08/08 22:45:29 - mmengine - INFO - Evaluating segm...
2026/08/08 22:45:29 - mmengine - INFO - segm_mAP_copypaste: 0.627 0.885 0.702 0.000 0.736 0.572
2026/08/08 22:45:31 - mmengine - INFO - val kayip: val_kayip_cls 0.6458  val_kayip_bbox 0.2440  val_kayip_mask 0.1186  val_kayip 1.0084
2026/08/08 22:45:31 - mmengine - INFO - Epoch(val) [35][116/116]    busi/dice_tum: 0.8060  busi/dice_lezyonlu: 0.7761  busi/bos_dogru: 19  busi/esik: 0.5000  val_kayip_cls: 0.6458  val_kayip_bbox: 0.2440  val_kayip_mask: 0.1186  val_kayip: 1.0084  coco/bbox_mAP: 0.6360  coco/bbox_mAP_50: 0.8860  coco/bbox_mAP_75: 0.7550  coco/bbox_mAP_s: 0.0000  coco/bbox_mAP_m: 0.7510  coco/bbox_mAP_l: 0.5770  coco/segm_mAP: 0.6270  coco/segm_mAP_50: 0.8850  coco/segm_mAP_75: 0.7020  coco/segm_mAP_s: 0.0000  coco/segm_mAP_m: 0.7360  coco/segm_mAP_l: 0.5720  data_time: 0.0050  time: 0.0406
2026/08/08 22:45:34 - mmengine - INFO - Epoch(train)  [36][10/68]  base_lr: 1.2500e-04 lr: 1.2500e-04  eta: 0:26:46  time: 0.3466  data_time: 0.1248  memory: 603  grad_norm: 11.3794  loss: 0.5442  loss_cls: 0.1481  loss_bbox: 0.2752  loss_mask: 0.1209
2026/08/08 22:45:37 - mmengine - INFO - Epoch(train)  [36][20/68]  base_lr: 1.2500e-04 lr: 1.2500e-04  eta: 0:26:42  time: 0.3447  data_time: 0.1213  memory: 600  grad_norm: 11.4389  loss: 0.5193  loss_cls: 0.1358  loss_bbox: 0.2659  loss_mask: 0.1177
2026/08/08 22:45:41 - mmengine - INFO - Epoch(train)  [36][30/68]  base_lr: 1.2500e-04 lr: 1.2500e-04  eta: 0:26:37  time: 0.3405  data_time: 0.1213  memory: 602  grad_norm: 11.7541  loss: 0.5063  loss_cls: 0.1267  loss_bbox: 0.2623  loss_mask: 0.1173
2026/08/08 22:45:44 - mmengine - INFO - Epoch(train)  [36][40/68]  base_lr: 1.2500e-04 lr: 1.2500e-04  eta: 0:26:33  time: 0.3385  data_time: 0.1195  memory: 601  grad_norm: 11.8002  loss: 0.5043  loss_cls: 0.1262  loss_bbox: 0.2611  loss_mask: 0.1170
2026/08/08 22:45:47 - mmengine - INFO - Epoch(train)  [36][50/68]  base_lr: 1.2500e-04 lr: 1.2500e-04  eta: 0:26:29  time: 0.3365  data_time: 0.1180  memory: 601  grad_norm: 11.6575  loss: 0.5004  loss_cls: 0.1240  loss_bbox: 0.2599  loss_mask: 0.1165
2026/08/08 22:45:51 - mmengine - INFO - Epoch(train)  [36][60/68]  base_lr: 1.2500e-04 lr: 1.2500e-04  eta: 0:26:25  time: 0.3392  data_time: 0.1189  memory: 602  grad_norm: 11.7009  loss: 0.4991  loss_cls: 0.1208  loss_bbox: 0.2613  loss_mask: 0.1170
2026/08/08 22:45:54 - mmengine - INFO - Exp name: rtmdet_ins_busi_20260808_222414
2026/08/08 22:45:54 - mmengine - INFO - Saving checkpoint at 36 epochs
2026/08/08 22:45:56 - mmengine - INFO - Epoch(val)  [36][ 10/116]    eta: 0:00:03  time: 0.0426  data_time: 0.0058  memory: 599  
2026/08/08 22:45:56 - mmengine - INFO - Epoch(val)  [36][ 20/116]    eta: 0:00:03  time: 0.0415  data_time: 0.0058  memory: 122  
2026/08/08 22:45:57 - mmengine - INFO - Epoch(val)  [36][ 30/116]    eta: 0:00:03  time: 0.0391  data_time: 0.0056  memory: 161  
2026/08/08 22:45:57 - mmengine - INFO - Epoch(val)  [36][ 40/116]    eta: 0:00:02  time: 0.0375  data_time: 0.0058  memory: 139  
2026/08/08 22:45:57 - mmengine - INFO - Epoch(val)  [36][ 50/116]    eta: 0:00:02  time: 0.0364  data_time: 0.0056  memory: 176  
2026/08/08 22:45:58 - mmengine - INFO - Epoch(val)  [36][ 60/116]    eta: 0:00:02  time: 0.0387  data_time: 0.0052  memory: 200  
2026/08/08 22:45:58 - mmengine - INFO - Epoch(val)  [36][ 70/116]    eta: 0:00:01  time: 0.0393  data_time: 0.0054  memory: 152  
2026/08/08 22:45:59 - mmengine - INFO - Epoch(val)  [36][ 80/116]    eta: 0:00:01  time: 0.0403  data_time: 0.0051  memory: 134  
2026/08/08 22:45:59 - mmengine - INFO - Epoch(val)  [36][ 90/116]    eta: 0:00:01  time: 0.0421  data_time: 0.0052  memory: 181  
2026/08/08 22:46:00 - mmengine - INFO - Epoch(val)  [36][100/116]    eta: 0:00:00  time: 0.0430  data_time: 0.0050  memory: 219  
2026/08/08 22:46:00 - mmengine - INFO - Epoch(val)  [36][110/116]    eta: 0:00:00  time: 0.0409  data_time: 0.0044  memory: 171  
2026/08/08 22:46:00 - mmengine - INFO - Evaluating bbox...
2026/08/08 22:46:00 - mmengine - INFO - bbox_mAP_copypaste: 0.627 0.893 0.766 0.000 0.711 0.583
2026/08/08 22:46:00 - mmengine - INFO - Evaluating segm...
2026/08/08 22:46:00 - mmengine - INFO - segm_mAP_copypaste: 0.635 0.891 0.723 0.000 0.741 0.585
2026/08/08 22:46:02 - mmengine - INFO - val kayip: val_kayip_cls 0.6107  val_kayip_bbox 0.2512  val_kayip_mask 0.1195  val_kayip 0.9814
2026/08/08 22:46:02 - mmengine - INFO - Epoch(val) [36][116/116]    busi/dice_tum: 0.8054  busi/dice_lezyonlu: 0.7752  busi/bos_dogru: 19  busi/esik: 0.5000  val_kayip_cls: 0.6107  val_kayip_bbox: 0.2512  val_kayip_mask: 0.1195  val_kayip: 0.9814  coco/bbox_mAP: 0.6270  coco/bbox_mAP_50: 0.8930  coco/bbox_mAP_75: 0.7660  coco/bbox_mAP_s: 0.0000  coco/bbox_mAP_m: 0.7110  coco/bbox_mAP_l: 0.5830  coco/segm_mAP: 0.6350  coco/segm_mAP_50: 0.8910  coco/segm_mAP_75: 0.7230  coco/segm_mAP_s: 0.0000  coco/segm_mAP_m: 0.7410  coco/segm_mAP_l: 0.5850  data_time: 0.0051  time: 0.0396
2026/08/08 22:46:05 - mmengine - INFO - Epoch(train)  [37][10/68]  base_lr: 1.2500e-04 lr: 1.2500e-04  eta: 0:26:18  time: 0.3377  data_time: 0.1174  memory: 602  grad_norm: 11.7984  loss: 0.5113  loss_cls: 0.1313  loss_bbox: 0.2645  loss_mask: 0.1155
2026/08/08 22:46:09 - mmengine - INFO - Epoch(train)  [37][20/68]  base_lr: 1.2500e-04 lr: 1.2500e-04  eta: 0:26:14  time: 0.3457  data_time: 0.1239  memory: 601  grad_norm: 12.0599  loss: 0.5043  loss_cls: 0.1313  loss_bbox: 0.2612  loss_mask: 0.1117
2026/08/08 22:46:13 - mmengine - INFO - Epoch(train)  [37][30/68]  base_lr: 1.2500e-04 lr: 1.2500e-04  eta: 0:26:11  time: 0.3543  data_time: 0.1280  memory: 603  grad_norm: 12.0820  loss: 0.5023  loss_cls: 0.1303  loss_bbox: 0.2569  loss_mask: 0.1151
2026/08/08 22:46:17 - mmengine - INFO - Epoch(train)  [37][40/68]  base_lr: 1.2500e-04 lr: 1.2500e-04  eta: 0:26:07  time: 0.3543  data_time: 0.1280  memory: 599  grad_norm: 12.0039  loss: 0.5085  loss_cls: 0.1349  loss_bbox: 0.2564  loss_mask: 0.1173
2026/08/08 22:46:20 - mmengine - INFO - Epoch(train)  [37][50/68]  base_lr: 1.2500e-04 lr: 1.2500e-04  eta: 0:26:04  time: 0.3640  data_time: 0.1355  memory: 601  grad_norm: 11.5582  loss: 0.5150  loss_cls: 0.1359  loss_bbox: 0.2620  loss_mask: 0.1172
2026/08/08 22:46:24 - mmengine - INFO - Epoch(train)  [37][60/68]  base_lr: 1.2500e-04 lr: 1.2500e-04  eta: 0:26:01  time: 0.3784  data_time: 0.1469  memory: 601  grad_norm: 11.6571  loss: 0.5115  loss_cls: 0.1357  loss_bbox: 0.2573  loss_mask: 0.1185
2026/08/08 22:46:27 - mmengine - INFO - Exp name: rtmdet_ins_busi_20260808_222414
2026/08/08 22:46:27 - mmengine - INFO - Saving checkpoint at 37 epochs
2026/08/08 22:46:30 - mmengine - INFO - Epoch(val)  [37][ 10/116]    eta: 0:00:04  time: 0.0426  data_time: 0.0046  memory: 601  
2026/08/08 22:46:30 - mmengine - INFO - Epoch(val)  [37][ 20/116]    eta: 0:00:04  time: 0.0430  data_time: 0.0047  memory: 113  
2026/08/08 22:46:31 - mmengine - INFO - Epoch(val)  [37][ 30/116]    eta: 0:00:03  time: 0.0425  data_time: 0.0046  memory: 134  
2026/08/08 22:46:31 - mmengine - INFO - Epoch(val)  [37][ 40/116]    eta: 0:00:03  time: 0.0429  data_time: 0.0052  memory: 118  
2026/08/08 22:46:32 - mmengine - INFO - Epoch(val)  [37][ 50/116]    eta: 0:00:02  time: 0.0447  data_time: 0.0056  memory: 164  
2026/08/08 22:46:32 - mmengine - INFO - Epoch(val)  [37][ 60/116]    eta: 0:00:02  time: 0.0455  data_time: 0.0058  memory: 173  
2026/08/08 22:46:32 - mmengine - INFO - Epoch(val)  [37][ 70/116]    eta: 0:00:02  time: 0.0462  data_time: 0.0059  memory: 125  
2026/08/08 22:46:33 - mmengine - INFO - Epoch(val)  [37][ 80/116]    eta: 0:00:01  time: 0.0469  data_time: 0.0060  memory: 127  
2026/08/08 22:46:33 - mmengine - INFO - Epoch(val)  [37][ 90/116]    eta: 0:00:01  time: 0.0489  data_time: 0.0064  memory: 163  
2026/08/08 22:46:34 - mmengine - INFO - Epoch(val)  [37][100/116]    eta: 0:00:00  time: 0.0492  data_time: 0.0064  memory: 175  
2026/08/08 22:46:34 - mmengine - INFO - Epoch(val)  [37][110/116]    eta: 0:00:00  time: 0.0487  data_time: 0.0061  memory: 134  
2026/08/08 22:46:35 - mmengine - INFO - Evaluating bbox...
2026/08/08 22:46:35 - mmengine - INFO - bbox_mAP_copypaste: 0.618 0.905 0.709 0.000 0.714 0.570
2026/08/08 22:46:35 - mmengine - INFO - Evaluating segm...
2026/08/08 22:46:35 - mmengine - INFO - segm_mAP_copypaste: 0.646 0.901 0.745 0.002 0.737 0.603
2026/08/08 22:46:37 - mmengine - INFO - val kayip: val_kayip_cls 0.3538  val_kayip_bbox 0.2628  val_kayip_mask 0.1220  val_kayip 0.7386
2026/08/08 22:46:37 - mmengine - INFO - Epoch(val) [37][116/116]    busi/dice_tum: 0.8120  busi/dice_lezyonlu: 0.7936  busi/bos_dogru: 18  busi/esik: 0.4000  val_kayip_cls: 0.3538  val_kayip_bbox: 0.2628  val_kayip_mask: 0.1220  val_kayip: 0.7386  coco/bbox_mAP: 0.6180  coco/bbox_mAP_50: 0.9050  coco/bbox_mAP_75: 0.7090  coco/bbox_mAP_s: 0.0000  coco/bbox_mAP_m: 0.7140  coco/bbox_mAP_l: 0.5700  coco/segm_mAP: 0.6460  coco/segm_mAP_50: 0.9010  coco/segm_mAP_75: 0.7450  coco/segm_mAP_s: 0.0020  coco/segm_mAP_m: 0.7370  coco/segm_mAP_l: 0.6030  data_time: 0.0060  time: 0.0471
2026/08/08 22:46:41 - mmengine - INFO - Epoch(train)  [38][10/68]  base_lr: 1.2500e-04 lr: 1.2500e-04  eta: 0:25:54  time: 0.3734  data_time: 0.1417  memory: 602  grad_norm: 11.0116  loss: 0.5074  loss_cls: 0.1340  loss_bbox: 0.2583  loss_mask: 0.1151
2026/08/08 22:46:44 - mmengine - INFO - Epoch(train)  [38][20/68]  base_lr: 1.2500e-04 lr: 1.2500e-04  eta: 0:25:51  time: 0.3708  data_time: 0.1394  memory: 603  grad_norm: 11.6362  loss: 0.5124  loss_cls: 0.1444  loss_bbox: 0.2547  loss_mask: 0.1133
2026/08/08 22:46:48 - mmengine - INFO - Epoch(train)  [38][30/68]  base_lr: 1.2500e-04 lr: 1.2500e-04  eta: 0:25:47  time: 0.3699  data_time: 0.1403  memory: 601  grad_norm: 11.9715  loss: 0.5105  loss_cls: 0.1399  loss_bbox: 0.2579  loss_mask: 0.1127
2026/08/08 22:46:52 - mmengine - INFO - Epoch(train)  [38][40/68]  base_lr: 1.2500e-04 lr: 1.2500e-04  eta: 0:25:44  time: 0.3665  data_time: 0.1348  memory: 601  grad_norm: 11.3526  loss: 0.5093  loss_cls: 0.1368  loss_bbox: 0.2589  loss_mask: 0.1136
2026/08/08 22:46:56 - mmengine - INFO - Epoch(train)  [38][50/68]  base_lr: 1.2500e-04 lr: 1.2500e-04  eta: 0:25:40  time: 0.3692  data_time: 0.1366  memory: 603  grad_norm: 11.2976  loss: 0.5041  loss_cls: 0.1321  loss_bbox: 0.2578  loss_mask: 0.1141
2026/08/08 22:46:59 - mmengine - INFO - Epoch(train)  [38][60/68]  base_lr: 1.2500e-04 lr: 1.2500e-04  eta: 0:25:37  time: 0.3691  data_time: 0.1389  memory: 600  grad_norm: 11.8603  loss: 0.5132  loss_cls: 0.1353  loss_bbox: 0.2592  loss_mask: 0.1187
2026/08/08 22:47:02 - mmengine - INFO - Exp name: rtmdet_ins_busi_20260808_222414
2026/08/08 22:47:02 - mmengine - INFO - Saving checkpoint at 38 epochs
2026/08/08 22:47:05 - mmengine - INFO - Epoch(val)  [38][ 10/116]    eta: 0:00:04  time: 0.0495  data_time: 0.0063  memory: 601  
2026/08/08 22:47:05 - mmengine - INFO - Epoch(val)  [38][ 20/116]    eta: 0:00:04  time: 0.0482  data_time: 0.0061  memory: 118  
2026/08/08 22:47:06 - mmengine - INFO - Epoch(val)  [38][ 30/116]    eta: 0:00:03  time: 0.0462  data_time: 0.0057  memory: 149  
2026/08/08 22:47:06 - mmengine - INFO - Epoch(val)  [38][ 40/116]    eta: 0:00:03  time: 0.0455  data_time: 0.0057  memory: 150  
2026/08/08 22:47:07 - mmengine - INFO - Epoch(val)  [38][ 50/116]    eta: 0:00:03  time: 0.0461  data_time: 0.0059  memory: 181  
2026/08/08 22:47:07 - mmengine - INFO - Epoch(val)  [38][ 60/116]    eta: 0:00:02  time: 0.0459  data_time: 0.0059  memory: 196  
2026/08/08 22:47:07 - mmengine - INFO - Epoch(val)  [38][ 70/116]    eta: 0:00:02  time: 0.0467  data_time: 0.0059  memory: 149  
2026/08/08 22:47:08 - mmengine - INFO - Epoch(val)  [38][ 80/116]    eta: 0:00:01  time: 0.0469  data_time: 0.0059  memory: 139  
2026/08/08 22:47:08 - mmengine - INFO - Epoch(val)  [38][ 90/116]    eta: 0:00:01  time: 0.0476  data_time: 0.0060  memory: 169  
2026/08/08 22:47:09 - mmengine - INFO - Epoch(val)  [38][100/116]    eta: 0:00:00  time: 0.0460  data_time: 0.0055  memory: 189  
2026/08/08 22:47:09 - mmengine - INFO - Epoch(val)  [38][110/116]    eta: 0:00:00  time: 0.0476  data_time: 0.0059  memory: 145  
2026/08/08 22:47:10 - mmengine - INFO - Evaluating bbox...
2026/08/08 22:47:10 - mmengine - INFO - bbox_mAP_copypaste: 0.617 0.889 0.771 0.000 0.718 0.567
2026/08/08 22:47:10 - mmengine - INFO - Evaluating segm...
2026/08/08 22:47:10 - mmengine - INFO - segm_mAP_copypaste: 0.625 0.889 0.748 0.000 0.727 0.576
2026/08/08 22:47:12 - mmengine - INFO - val kayip: val_kayip_cls 0.4592  val_kayip_bbox 0.2602  val_kayip_mask 0.1226  val_kayip 0.8420
2026/08/08 22:47:12 - mmengine - INFO - Epoch(val) [38][116/116]    busi/dice_tum: 0.8098  busi/dice_lezyonlu: 0.7806  busi/bos_dogru: 19  busi/esik: 0.5000  val_kayip_cls: 0.4592  val_kayip_bbox: 0.2602  val_kayip_mask: 0.1226  val_kayip: 0.8420  coco/bbox_mAP: 0.6170  coco/bbox_mAP_50: 0.8890  coco/bbox_mAP_75: 0.7710  coco/bbox_mAP_s: 0.0000  coco/bbox_mAP_m: 0.7180  coco/bbox_mAP_l: 0.5670  coco/segm_mAP: 0.6250  coco/segm_mAP_50: 0.8890  coco/segm_mAP_75: 0.7480  coco/segm_mAP_s: 0.0000  coco/segm_mAP_m: 0.7270  coco/segm_mAP_l: 0.5760  data_time: 0.0059  time: 0.0466
2026/08/08 22:47:16 - mmengine - INFO - Epoch(train)  [39][10/68]  base_lr: 1.2500e-04 lr: 1.2500e-04  eta: 0:25:30  time: 0.3694  data_time: 0.1379  memory: 604  grad_norm: 11.5362  loss: 0.5237  loss_cls: 0.1360  loss_bbox: 0.2670  loss_mask: 0.1207
2026/08/08 22:47:20 - mmengine - INFO - Epoch(train)  [39][20/68]  base_lr: 1.2500e-04 lr: 1.2500e-04  eta: 0:25:27  time: 0.3745  data_time: 0.1454  memory: 599  grad_norm: 11.9281  loss: 0.5206  loss_cls: 0.1368  loss_bbox: 0.2661  loss_mask: 0.1177
2026/08/08 22:47:23 - mmengine - INFO - Epoch(train)  [39][30/68]  base_lr: 1.2500e-04 lr: 1.2500e-04  eta: 0:25:23  time: 0.3735  data_time: 0.1444  memory: 601  grad_norm: 11.8339  loss: 0.5173  loss_cls: 0.1355  loss_bbox: 0.2656  loss_mask: 0.1162
2026/08/08 22:47:27 - mmengine - INFO - Epoch(train)  [39][40/68]  base_lr: 1.2500e-04 lr: 1.2500e-04  eta: 0:25:20  time: 0.3738  data_time: 0.1443  memory: 603  grad_norm: 11.8738  loss: 0.5178  loss_cls: 0.1363  loss_bbox: 0.2673  loss_mask: 0.1142
2026/08/08 22:47:31 - mmengine - INFO - Epoch(train)  [39][50/68]  base_lr: 1.2500e-04 lr: 1.2500e-04  eta: 0:25:16  time: 0.3782  data_time: 0.1478  memory: 599  grad_norm: 11.2310  loss: 0.5160  loss_cls: 0.1362  loss_bbox: 0.2664  loss_mask: 0.1134
2026/08/08 22:47:35 - mmengine - INFO - Epoch(train)  [39][60/68]  base_lr: 1.2500e-04 lr: 1.2500e-04  eta: 0:25:13  time: 0.3832  data_time: 0.1538  memory: 601  grad_norm: 10.7585  loss: 0.5070  loss_cls: 0.1284  loss_bbox: 0.2655  loss_mask: 0.1132
2026/08/08 22:47:38 - mmengine - INFO - Exp name: rtmdet_ins_busi_20260808_222414
2026/08/08 22:47:38 - mmengine - INFO - Saving checkpoint at 39 epochs
2026/08/08 22:47:40 - mmengine - INFO - Epoch(val)  [39][ 10/116]    eta: 0:00:04  time: 0.0479  data_time: 0.0062  memory: 600  
2026/08/08 22:47:41 - mmengine - INFO - Epoch(val)  [39][ 20/116]    eta: 0:00:04  time: 0.0474  data_time: 0.0061  memory: 122  
2026/08/08 22:47:41 - mmengine - INFO - Epoch(val)  [39][ 30/116]    eta: 0:00:03  time: 0.0463  data_time: 0.0060  memory: 146  
2026/08/08 22:47:41 - mmengine - INFO - Epoch(val)  [39][ 40/116]    eta: 0:00:03  time: 0.0454  data_time: 0.0058  memory: 139  
2026/08/08 22:47:42 - mmengine - INFO - Epoch(val)  [39][ 50/116]    eta: 0:00:02  time: 0.0452  data_time: 0.0057  memory: 187  
2026/08/08 22:47:42 - mmengine - INFO - Epoch(val)  [39][ 60/116]    eta: 0:00:02  time: 0.0463  data_time: 0.0059  memory: 205  
2026/08/08 22:47:43 - mmengine - INFO - Epoch(val)  [39][ 70/116]    eta: 0:00:02  time: 0.0470  data_time: 0.0060  memory: 140  
2026/08/08 22:47:43 - mmengine - INFO - Epoch(val)  [39][ 80/116]    eta: 0:00:01  time: 0.0481  data_time: 0.0061  memory: 139  
2026/08/08 22:47:44 - mmengine - INFO - Epoch(val)  [39][ 90/116]    eta: 0:00:01  time: 0.0504  data_time: 0.0065  memory: 181  
2026/08/08 22:47:44 - mmengine - INFO - Epoch(val)  [39][100/116]    eta: 0:00:00  time: 0.0511  data_time: 0.0065  memory: 198  
2026/08/08 22:47:45 - mmengine - INFO - Epoch(val)  [39][110/116]    eta: 0:00:00  time: 0.0508  data_time: 0.0062  memory: 127  
2026/08/08 22:47:45 - mmengine - INFO - Evaluating bbox...
2026/08/08 22:47:46 - mmengine - INFO - bbox_mAP_copypaste: 0.599 0.892 0.709 0.000 0.704 0.545
2026/08/08 22:47:46 - mmengine - INFO - Evaluating segm...
2026/08/08 22:47:46 - mmengine - INFO - segm_mAP_copypaste: 0.631 0.892 0.732 0.000 0.723 0.587
2026/08/08 22:47:48 - mmengine - INFO - val kayip: val_kayip_cls 0.4416  val_kayip_bbox 0.2726  val_kayip_mask 0.1239  val_kayip 0.8381
2026/08/08 22:47:48 - mmengine - INFO - Epoch(val) [39][116/116]    busi/dice_tum: 0.8038  busi/dice_lezyonlu: 0.7733  busi/bos_dogru: 19  busi/esik: 0.5000  val_kayip_cls: 0.4416  val_kayip_bbox: 0.2726  val_kayip_mask: 0.1239  val_kayip: 0.8381  coco/bbox_mAP: 0.5990  coco/bbox_mAP_50: 0.8920  coco/bbox_mAP_75: 0.7090  coco/bbox_mAP_s: 0.0000  coco/bbox_mAP_m: 0.7040  coco/bbox_mAP_l: 0.5450  coco/segm_mAP: 0.6310  coco/segm_mAP_50: 0.8920  coco/segm_mAP_75: 0.7320  coco/segm_mAP_s: 0.0000  coco/segm_mAP_m: 0.7230  coco/segm_mAP_l: 0.5870  data_time: 0.0061  time: 0.0485
2026/08/08 22:47:51 - mmengine - INFO - Epoch(train)  [40][10/68]  base_lr: 1.2500e-04 lr: 1.2500e-04  eta: 0:25:06  time: 0.3700  data_time: 0.1431  memory: 600  grad_norm: 10.6087  loss: 0.5106  loss_cls: 0.1357  loss_bbox: 0.2620  loss_mask: 0.1129
2026/08/08 22:47:55 - mmengine - INFO - Epoch(train)  [40][20/68]  base_lr: 1.2500e-04 lr: 1.2500e-04  eta: 0:25:03  time: 0.3688  data_time: 0.1431  memory: 602  grad_norm: 10.3520  loss: 0.5050  loss_cls: 0.1327  loss_bbox: 0.2595  loss_mask: 0.1127
2026/08/08 22:47:59 - mmengine - INFO - Epoch(train)  [40][30/68]  base_lr: 1.2500e-04 lr: 1.2500e-04  eta: 0:24:59  time: 0.3686  data_time: 0.1428  memory: 602  grad_norm: 10.2312  loss: 0.4799  loss_cls: 0.1227  loss_bbox: 0.2475  loss_mask: 0.1097
2026/08/08 22:48:02 - mmengine - INFO - Epoch(train)  [40][40/68]  base_lr: 1.2500e-04 lr: 1.2500e-04  eta: 0:24:56  time: 0.3636  data_time: 0.1394  memory: 602  grad_norm: 10.4424  loss: 0.4890  loss_cls: 0.1270  loss_bbox: 0.2524  loss_mask: 0.1096
2026/08/08 22:48:06 - mmengine - INFO - Epoch(train)  [40][50/68]  base_lr: 1.2500e-04 lr: 1.2500e-04  eta: 0:24:52  time: 0.3675  data_time: 0.1425  memory: 601  grad_norm: 10.8488  loss: 0.5016  loss_cls: 0.1364  loss_bbox: 0.2551  loss_mask: 0.1101
2026/08/08 22:48:10 - mmengine - INFO - Epoch(train)  [40][60/68]  base_lr: 1.2500e-04 lr: 1.2500e-04  eta: 0:24:49  time: 0.3770  data_time: 0.1509  memory: 601  grad_norm: 10.9929  loss: 0.5012  loss_cls: 0.1396  loss_bbox: 0.2527  loss_mask: 0.1089
2026/08/08 22:48:13 - mmengine - INFO - Exp name: rtmdet_ins_busi_20260808_222414
2026/08/08 22:48:13 - mmengine - INFO - Saving checkpoint at 40 epochs
2026/08/08 22:48:16 - mmengine - INFO - Epoch(val)  [40][ 10/116]    eta: 0:00:04  time: 0.0515  data_time: 0.0065  memory: 600  
2026/08/08 22:48:16 - mmengine - INFO - Epoch(val)  [40][ 20/116]    eta: 0:00:04  time: 0.0496  data_time: 0.0063  memory: 127  
2026/08/08 22:48:16 - mmengine - INFO - Epoch(val)  [40][ 30/116]    eta: 0:00:03  time: 0.0468  data_time: 0.0058  memory: 139  
2026/08/08 22:48:17 - mmengine - INFO - Epoch(val)  [40][ 40/116]    eta: 0:00:03  time: 0.0452  data_time: 0.0056  memory: 129  
2026/08/08 22:48:17 - mmengine - INFO - Epoch(val)  [40][ 50/116]    eta: 0:00:02  time: 0.0443  data_time: 0.0056  memory: 170  
2026/08/08 22:48:18 - mmengine - INFO - Epoch(val)  [40][ 60/116]    eta: 0:00:02  time: 0.0450  data_time: 0.0058  memory: 160  
2026/08/08 22:48:18 - mmengine - INFO - Epoch(val)  [40][ 70/116]    eta: 0:00:02  time: 0.0461  data_time: 0.0058  memory: 131  
2026/08/08 22:48:19 - mmengine - INFO - Epoch(val)  [40][ 80/116]    eta: 0:00:01  time: 0.0468  data_time: 0.0060  memory: 135  
2026/08/08 22:48:19 - mmengine - INFO - Epoch(val)  [40][ 90/116]    eta: 0:00:01  time: 0.0494  data_time: 0.0064  memory: 175  
2026/08/08 22:48:20 - mmengine - INFO - Epoch(val)  [40][100/116]    eta: 0:00:00  time: 0.0504  data_time: 0.0063  memory: 189  
2026/08/08 22:48:20 - mmengine - INFO - Epoch(val)  [40][110/116]    eta: 0:00:00  time: 0.0507  data_time: 0.0061  memory: 153  
2026/08/08 22:48:21 - mmengine - INFO - Evaluating bbox...
2026/08/08 22:48:21 - mmengine - INFO - bbox_mAP_copypaste: 0.604 0.902 0.717 0.000 0.689 0.561
2026/08/08 22:48:21 - mmengine - INFO - Evaluating segm...
2026/08/08 22:48:21 - mmengine - INFO - segm_mAP_copypaste: 0.638 0.897 0.741 0.013 0.731 0.590
2026/08/08 22:48:23 - mmengine - INFO - val kayip: val_kayip_cls 0.6403  val_kayip_bbox 0.2660  val_kayip_mask 0.1219  val_kayip 1.0282
2026/08/08 22:48:23 - mmengine - INFO - Epoch(val) [40][116/116]    busi/dice_tum: 0.8017  busi/dice_lezyonlu: 0.8021  busi/bos_dogru: 16  busi/esik: 0.4000  val_kayip_cls: 0.6403  val_kayip_bbox: 0.2660  val_kayip_mask: 0.1219  val_kayip: 1.0282  coco/bbox_mAP: 0.6040  coco/bbox_mAP_50: 0.9020  coco/bbox_mAP_75: 0.7170  coco/bbox_mAP_s: 0.0000  coco/bbox_mAP_m: 0.6890  coco/bbox_mAP_l: 0.5610  coco/segm_mAP: 0.6380  coco/segm_mAP_50: 0.8970  coco/segm_mAP_75: 0.7410  coco/segm_mAP_s: 0.0120  coco/segm_mAP_m: 0.7310  coco/segm_mAP_l: 0.5900  data_time: 0.0060  time: 0.0478
2026/08/08 22:48:26 - mmengine - INFO - Epoch(train)  [41][10/68]  base_lr: 1.2500e-04 lr: 1.2500e-04  eta: 0:24:42  time: 0.3744  data_time: 0.1483  memory: 601  grad_norm: 11.0892  loss: 0.5258  loss_cls: 0.1535  loss_bbox: 0.2574  loss_mask: 0.1149
2026/08/08 22:48:30 - mmengine - INFO - Epoch(train)  [41][20/68]  base_lr: 1.2500e-04 lr: 1.2500e-04  eta: 0:24:39  time: 0.3718  data_time: 0.1448  memory: 601  grad_norm: 11.2210  loss: 0.5233  loss_cls: 0.1552  loss_bbox: 0.2542  loss_mask: 0.1139
2026/08/08 22:48:34 - mmengine - INFO - Epoch(train)  [41][30/68]  base_lr: 1.2500e-04 lr: 1.2500e-04  eta: 0:24:35  time: 0.3717  data_time: 0.1443  memory: 601  grad_norm: 10.9496  loss: 0.4967  loss_cls: 0.1440  loss_bbox: 0.2411  loss_mask: 0.1117
2026/08/08 22:48:38 - mmengine - INFO - Epoch(train)  [41][40/68]  base_lr: 1.2500e-04 lr: 1.2500e-04  eta: 0:24:32  time: 0.3689  data_time: 0.1413  memory: 600  grad_norm: 11.1099  loss: 0.4804  loss_cls: 0.1359  loss_bbox: 0.2339  loss_mask: 0.1105
2026/08/08 22:48:41 - mmengine - INFO - Epoch(train)  [41][50/68]  base_lr: 1.2500e-04 lr: 1.2500e-04  eta: 0:24:28  time: 0.3708  data_time: 0.1441  memory: 601  grad_norm: 10.9923  loss: 0.4737  loss_cls: 0.1329  loss_bbox: 0.2340  loss_mask: 0.1068
2026/08/08 22:48:45 - mmengine - INFO - Epoch(train)  [41][60/68]  base_lr: 1.2500e-04 lr: 1.2500e-04  eta: 0:24:25  time: 0.3745  data_time: 0.1491  memory: 601  grad_norm: 11.4179  loss: 0.4750  loss_cls: 0.1292  loss_bbox: 0.2378  loss_mask: 0.1081
2026/08/08 22:48:48 - mmengine - INFO - Exp name: rtmdet_ins_busi_20260808_222414
2026/08/08 22:48:48 - mmengine - INFO - Saving checkpoint at 41 epochs
2026/08/08 22:48:51 - mmengine - INFO - Epoch(val)  [41][ 10/116]    eta: 0:00:04  time: 0.0508  data_time: 0.0063  memory: 602  
2026/08/08 22:48:51 - mmengine - INFO - Epoch(val)  [41][ 20/116]    eta: 0:00:04  time: 0.0492  data_time: 0.0062  memory: 127  
2026/08/08 22:48:52 - mmengine - INFO - Epoch(val)  [41][ 30/116]    eta: 0:00:03  time: 0.0459  data_time: 0.0057  memory: 131  
2026/08/08 22:48:52 - mmengine - INFO - Epoch(val)  [41][ 40/116]    eta: 0:00:03  time: 0.0444  data_time: 0.0054  memory: 122  
2026/08/08 22:48:52 - mmengine - INFO - Epoch(val)  [41][ 50/116]    eta: 0:00:02  time: 0.0438  data_time: 0.0056  memory: 170  
2026/08/08 22:48:53 - mmengine - INFO - Epoch(val)  [41][ 60/116]    eta: 0:00:02  time: 0.0452  data_time: 0.0058  memory: 182  
2026/08/08 22:48:53 - mmengine - INFO - Epoch(val)  [41][ 70/116]    eta: 0:00:02  time: 0.0458  data_time: 0.0059  memory: 133  
2026/08/08 22:48:54 - mmengine - INFO - Epoch(val)  [41][ 80/116]    eta: 0:00:01  time: 0.0480  data_time: 0.0062  memory: 130  
2026/08/08 22:48:55 - mmengine - INFO - Epoch(val)  [41][ 90/116]    eta: 0:00:01  time: 0.0522  data_time: 0.0068  memory: 194  
2026/08/08 22:48:55 - mmengine - INFO - Epoch(val)  [41][100/116]    eta: 0:00:00  time: 0.0557  data_time: 0.0067  memory: 194  
2026/08/08 22:48:56 - mmengine - INFO - Epoch(val)  [41][110/116]    eta: 0:00:00  time: 0.0559  data_time: 0.0065  memory: 150  
2026/08/08 22:48:56 - mmengine - INFO - Evaluating bbox...
2026/08/08 22:48:56 - mmengine - INFO - bbox_mAP_copypaste: 0.607 0.900 0.702 0.000 0.705 0.561
2026/08/08 22:48:56 - mmengine - INFO - Evaluating segm...
2026/08/08 22:48:56 - mmengine - INFO - segm_mAP_copypaste: 0.630 0.900 0.718 0.000 0.733 0.580
2026/08/08 22:48:59 - mmengine - INFO - val kayip: val_kayip_cls 0.3401  val_kayip_bbox 0.2625  val_kayip_mask 0.1225  val_kayip 0.7251
2026/08/08 22:48:59 - mmengine - INFO - Epoch(val) [41][116/116]    busi/dice_tum: 0.8086  busi/dice_lezyonlu: 0.7791  busi/bos_dogru: 19  busi/esik: 0.4000  val_kayip_cls: 0.3401  val_kayip_bbox: 0.2625  val_kayip_mask: 0.1225  val_kayip: 0.7251  coco/bbox_mAP: 0.6070  coco/bbox_mAP_50: 0.9000  coco/bbox_mAP_75: 0.7020  coco/bbox_mAP_s: 0.0000  coco/bbox_mAP_m: 0.7050  coco/bbox_mAP_l: 0.5610  coco/segm_mAP: 0.6300  coco/segm_mAP_50: 0.9000  coco/segm_mAP_75: 0.7180  coco/segm_mAP_s: 0.0000  coco/segm_mAP_m: 0.7330  coco/segm_mAP_l: 0.5800  data_time: 0.0062  time: 0.0504
2026/08/08 22:49:02 - mmengine - INFO - Epoch(train)  [42][10/68]  base_lr: 1.2500e-04 lr: 1.2500e-04  eta: 0:24:19  time: 0.3780  data_time: 0.1504  memory: 601  grad_norm: 11.5539  loss: 0.4897  loss_cls: 0.1301  loss_bbox: 0.2492  loss_mask: 0.1103
2026/08/08 22:49:07 - mmengine - INFO - Epoch(train)  [42][20/68]  base_lr: 1.2500e-04 lr: 1.2500e-04  eta: 0:24:16  time: 0.3842  data_time: 0.1541  memory: 602  grad_norm: 11.4353  loss: 0.4804  loss_cls: 0.1223  loss_bbox: 0.2483  loss_mask: 0.1098
2026/08/08 22:49:10 - mmengine - INFO - Epoch(train)  [42][30/68]  base_lr: 1.2500e-04 lr: 1.2500e-04  eta: 0:24:12  time: 0.3780  data_time: 0.1479  memory: 603  grad_norm: 11.4083  loss: 0.4899  loss_cls: 0.1251  loss_bbox: 0.2536  loss_mask: 0.1111
2026/08/08 22:49:14 - mmengine - INFO - Epoch(train)  [42][40/68]  base_lr: 1.2500e-04 lr: 1.2500e-04  eta: 0:24:08  time: 0.3740  data_time: 0.1430  memory: 601  grad_norm: 11.1925  loss: 0.4799  loss_cls: 0.1232  loss_bbox: 0.2490  loss_mask: 0.1076
2026/08/08 22:49:17 - mmengine - INFO - Epoch(train)  [42][50/68]  base_lr: 1.2500e-04 lr: 1.2500e-04  eta: 0:24:04  time: 0.3707  data_time: 0.1404  memory: 601  grad_norm: 10.7494  loss: 0.4722  loss_cls: 0.1206  loss_bbox: 0.2459  loss_mask: 0.1057
2026/08/08 22:49:21 - mmengine - INFO - Epoch(train)  [42][60/68]  base_lr: 1.2500e-04 lr: 1.2500e-04  eta: 0:24:01  time: 0.3699  data_time: 0.1404  memory: 601  grad_norm: 10.9568  loss: 0.4782  loss_cls: 0.1259  loss_bbox: 0.2433  loss_mask: 0.1090
2026/08/08 22:49:24 - mmengine - INFO - Exp name: rtmdet_ins_busi_20260808_222414
2026/08/08 22:49:24 - mmengine - INFO - Saving checkpoint at 42 epochs
2026/08/08 22:49:26 - mmengine - INFO - Epoch(val)  [42][ 10/116]    eta: 0:00:04  time: 0.0566  data_time: 0.0067  memory: 601  
2026/08/08 22:49:26 - mmengine - INFO - Epoch(val)  [42][ 20/116]    eta: 0:00:03  time: 0.0523  data_time: 0.0062  memory: 122  
2026/08/08 22:49:27 - mmengine - INFO - Epoch(val)  [42][ 30/116]    eta: 0:00:03  time: 0.0448  data_time: 0.0057  memory: 142  
2026/08/08 22:49:27 - mmengine - INFO - Epoch(val)  [42][ 40/116]    eta: 0:00:02  time: 0.0415  data_time: 0.0053  memory: 146  
2026/08/08 22:49:28 - mmengine - INFO - Epoch(val)  [42][ 50/116]    eta: 0:00:02  time: 0.0387  data_time: 0.0050  memory: 170  
2026/08/08 22:49:28 - mmengine - INFO - Epoch(val)  [42][ 60/116]    eta: 0:00:02  time: 0.0395  data_time: 0.0054  memory: 196  
2026/08/08 22:49:28 - mmengine - INFO - Epoch(val)  [42][ 70/116]    eta: 0:00:01  time: 0.0401  data_time: 0.0055  memory: 131  
2026/08/08 22:49:29 - mmengine - INFO - Epoch(val)  [42][ 80/116]    eta: 0:00:01  time: 0.0418  data_time: 0.0057  memory: 127  
2026/08/08 22:49:29 - mmengine - INFO - Epoch(val)  [42][ 90/116]    eta: 0:00:01  time: 0.0439  data_time: 0.0060  memory: 169  
2026/08/08 22:49:30 - mmengine - INFO - Epoch(val)  [42][100/116]    eta: 0:00:00  time: 0.0450  data_time: 0.0061  memory: 198  
2026/08/08 22:49:30 - mmengine - INFO - Epoch(val)  [42][110/116]    eta: 0:00:00  time: 0.0448  data_time: 0.0057  memory: 142  
2026/08/08 22:49:31 - mmengine - INFO - Evaluating bbox...
2026/08/08 22:49:31 - mmengine - INFO - bbox_mAP_copypaste: 0.621 0.901 0.719 0.000 0.704 0.581
2026/08/08 22:49:31 - mmengine - INFO - Evaluating segm...
2026/08/08 22:49:31 - mmengine - INFO - segm_mAP_copypaste: 0.637 0.892 0.748 0.000 0.730 0.590
2026/08/08 22:49:33 - mmengine - INFO - val kayip: val_kayip_cls 0.5487  val_kayip_bbox 0.2512  val_kayip_mask 0.1174  val_kayip 0.9173
2026/08/08 22:49:33 - mmengine - INFO - Epoch(val) [42][116/116]    busi/dice_tum: 0.8217  busi/dice_lezyonlu: 0.8054  busi/bos_dogru: 18  busi/esik: 0.4000  val_kayip_cls: 0.5487  val_kayip_bbox: 0.2512  val_kayip_mask: 0.1174  val_kayip: 0.9173  coco/bbox_mAP: 0.6210  coco/bbox_mAP_50: 0.9010  coco/bbox_mAP_75: 0.7190  coco/bbox_mAP_s: 0.0000  coco/bbox_mAP_m: 0.7040  coco/bbox_mAP_l: 0.5810  coco/segm_mAP: 0.6370  coco/segm_mAP_50: 0.8920  coco/segm_mAP_75: 0.7480  coco/segm_mAP_s: 0.0000  coco/segm_mAP_m: 0.7300  coco/segm_mAP_l: 0.5900  data_time: 0.0056  time: 0.0424
2026/08/08 22:49:33 - mmengine - INFO - The previous best checkpoint d:\mamografi\real_time_segmentasyon\rtmdet\calisma\rtmdet_ins_tiny_256_orta_s44\best_busi_dice_tum_epoch_34.pth is removed
2026/08/08 22:49:35 - mmengine - INFO - The best checkpoint with 0.8217 busi/dice_tum at 42 epoch is saved to best_busi_dice_tum_epoch_42.pth.
2026/08/08 22:49:40 - mmengine - INFO - Epoch(train)  [43][10/68]  base_lr: 1.2500e-04 lr: 1.2500e-04  eta: 0:23:54  time: 0.3545  data_time: 0.1279  memory: 601  grad_norm: 10.9183  loss: 0.4820  loss_cls: 0.1280  loss_bbox: 0.2431  loss_mask: 0.1109
2026/08/08 22:49:44 - mmengine - INFO - Epoch(train)  [43][20/68]  base_lr: 1.2500e-04 lr: 1.2500e-04  eta: 0:23:50  time: 0.3559  data_time: 0.1301  memory: 602  grad_norm: 10.3570  loss: 0.4885  loss_cls: 0.1323  loss_bbox: 0.2430  loss_mask: 0.1131
2026/08/08 22:49:47 - mmengine - INFO - Epoch(train)  [43][30/68]  base_lr: 1.2500e-04 lr: 1.2500e-04  eta: 0:23:46  time: 0.3555  data_time: 0.1296  memory: 601  grad_norm: 10.4735  loss: 0.5069  loss_cls: 0.1407  loss_bbox: 0.2495  loss_mask: 0.1167
2026/08/08 22:49:51 - mmengine - INFO - Epoch(train)  [43][40/68]  base_lr: 1.2500e-04 lr: 1.2500e-04  eta: 0:23:42  time: 0.3491  data_time: 0.1259  memory: 602  grad_norm: 10.7439  loss: 0.5134  loss_cls: 0.1431  loss_bbox: 0.2562  loss_mask: 0.1141
2026/08/08 22:49:55 - mmengine - INFO - Epoch(train)  [43][50/68]  base_lr: 1.2500e-04 lr: 1.2500e-04  eta: 0:23:39  time: 0.3629  data_time: 0.1348  memory: 601  grad_norm: 10.7342  loss: 0.5063  loss_cls: 0.1382  loss_bbox: 0.2556  loss_mask: 0.1124
2026/08/08 22:49:59 - mmengine - INFO - Epoch(train)  [43][60/68]  base_lr: 1.2500e-04 lr: 1.2500e-04  eta: 0:23:36  time: 0.3718  data_time: 0.1405  memory: 601  grad_norm: 10.4415  loss: 0.5074  loss_cls: 0.1370  loss_bbox: 0.2578  loss_mask: 0.1126
2026/08/08 22:50:02 - mmengine - INFO - Exp name: rtmdet_ins_busi_20260808_222414
2026/08/08 22:50:02 - mmengine - INFO - Saving checkpoint at 43 epochs
2026/08/08 22:50:04 - mmengine - INFO - Epoch(val)  [43][ 10/116]    eta: 0:00:04  time: 0.0463  data_time: 0.0060  memory: 601  
2026/08/08 22:50:05 - mmengine - INFO - Epoch(val)  [43][ 20/116]    eta: 0:00:04  time: 0.0449  data_time: 0.0060  memory: 113  
2026/08/08 22:50:05 - mmengine - INFO - Epoch(val)  [43][ 30/116]    eta: 0:00:03  time: 0.0427  data_time: 0.0056  memory: 120  
2026/08/08 22:50:06 - mmengine - INFO - Epoch(val)  [43][ 40/116]    eta: 0:00:03  time: 0.0418  data_time: 0.0056  memory: 116  
2026/08/08 22:50:06 - mmengine - INFO - Epoch(val)  [43][ 50/116]    eta: 0:00:02  time: 0.0419  data_time: 0.0058  memory: 158  
2026/08/08 22:50:06 - mmengine - INFO - Epoch(val)  [43][ 60/116]    eta: 0:00:02  time: 0.0429  data_time: 0.0058  memory: 143  
2026/08/08 22:50:07 - mmengine - INFO - Epoch(val)  [43][ 70/116]    eta: 0:00:01  time: 0.0435  data_time: 0.0058  memory: 129  
2026/08/08 22:50:07 - mmengine - INFO - Epoch(val)  [43][ 80/116]    eta: 0:00:01  time: 0.0446  data_time: 0.0059  memory: 134  
2026/08/08 22:50:08 - mmengine - INFO - Epoch(val)  [43][ 90/116]    eta: 0:00:01  time: 0.0468  data_time: 0.0064  memory: 181  
2026/08/08 22:50:08 - mmengine - INFO - Epoch(val)  [43][100/116]    eta: 0:00:00  time: 0.0471  data_time: 0.0062  memory: 166  
2026/08/08 22:50:09 - mmengine - INFO - Epoch(val)  [43][110/116]    eta: 0:00:00  time: 0.0460  data_time: 0.0061  memory: 127  
2026/08/08 22:50:09 - mmengine - INFO - Evaluating bbox...
2026/08/08 22:50:09 - mmengine - INFO - bbox_mAP_copypaste: 0.618 0.913 0.705 0.000 0.729 0.569
2026/08/08 22:50:09 - mmengine - INFO - Evaluating segm...
2026/08/08 22:50:09 - mmengine - INFO - segm_mAP_copypaste: 0.629 0.906 0.703 0.002 0.737 0.575
2026/08/08 22:50:11 - mmengine - INFO - val kayip: val_kayip_cls 0.3002  val_kayip_bbox 0.2524  val_kayip_mask 0.1222  val_kayip 0.6747
2026/08/08 22:50:11 - mmengine - INFO - Epoch(val) [43][116/116]    busi/dice_tum: 0.8264  busi/dice_lezyonlu: 0.7903  busi/bos_dogru: 20  busi/esik: 0.4000  val_kayip_cls: 0.3002  val_kayip_bbox: 0.2524  val_kayip_mask: 0.1222  val_kayip: 0.6747  coco/bbox_mAP: 0.6180  coco/bbox_mAP_50: 0.9130  coco/bbox_mAP_75: 0.7050  coco/bbox_mAP_s: 0.0000  coco/bbox_mAP_m: 0.7290  coco/bbox_mAP_l: 0.5690  coco/segm_mAP: 0.6290  coco/segm_mAP_50: 0.9060  coco/segm_mAP_75: 0.7030  coco/segm_mAP_s: 0.0020  coco/segm_mAP_m: 0.7370  coco/segm_mAP_l: 0.5750  data_time: 0.0060  time: 0.0446
2026/08/08 22:50:11 - mmengine - INFO - The previous best checkpoint d:\mamografi\real_time_segmentasyon\rtmdet\calisma\rtmdet_ins_tiny_256_orta_s44\best_busi_dice_tum_epoch_42.pth is removed
2026/08/08 22:50:13 - mmengine - INFO - The best checkpoint with 0.8264 busi/dice_tum at 43 epoch is saved to best_busi_dice_tum_epoch_43.pth.
2026/08/08 22:50:19 - mmengine - INFO - Epoch(train)  [44][10/68]  base_lr: 1.2500e-04 lr: 1.2500e-04  eta: 0:23:30  time: 0.3782  data_time: 0.1446  memory: 601  grad_norm: 10.6900  loss: 0.5036  loss_cls: 0.1309  loss_bbox: 0.2628  loss_mask: 0.1098
2026/08/08 22:50:22 - mmengine - INFO - Epoch(train)  [44][20/68]  base_lr: 1.2500e-04 lr: 1.2500e-04  eta: 0:23:26  time: 0.3790  data_time: 0.1429  memory: 601  grad_norm: 10.2946  loss: 0.4803  loss_cls: 0.1194  loss_bbox: 0.2524  loss_mask: 0.1085
2026/08/08 22:50:26 - mmengine - INFO - Epoch(train)  [44][30/68]  base_lr: 1.2500e-04 lr: 1.2500e-04  eta: 0:23:22  time: 0.3672  data_time: 0.1350  memory: 602  grad_norm: 10.2525  loss: 0.4771  loss_cls: 0.1243  loss_bbox: 0.2452  loss_mask: 0.1076
2026/08/08 22:50:29 - mmengine - INFO - Epoch(train)  [44][40/68]  base_lr: 1.2500e-04 lr: 1.2500e-04  eta: 0:23:18  time: 0.3627  data_time: 0.1345  memory: 600  grad_norm: 10.5114  loss: 0.4809  loss_cls: 0.1223  loss_bbox: 0.2498  loss_mask: 0.1088
2026/08/08 22:50:33 - mmengine - INFO - Epoch(train)  [44][50/68]  base_lr: 1.2500e-04 lr: 1.2500e-04  eta: 0:23:15  time: 0.3661  data_time: 0.1360  memory: 601  grad_norm: 10.8135  loss: 0.4767  loss_cls: 0.1239  loss_bbox: 0.2442  loss_mask: 0.1086
2026/08/08 22:50:37 - mmengine - INFO - Epoch(train)  [44][60/68]  base_lr: 1.2500e-04 lr: 1.2500e-04  eta: 0:23:11  time: 0.3643  data_time: 0.1351  memory: 601  grad_norm: 11.4273  loss: 0.4749  loss_cls: 0.1224  loss_bbox: 0.2431  loss_mask: 0.1095
2026/08/08 22:50:40 - mmengine - INFO - Exp name: rtmdet_ins_busi_20260808_222414
2026/08/08 22:50:40 - mmengine - INFO - Saving checkpoint at 44 epochs
2026/08/08 22:50:42 - mmengine - INFO - Epoch(val)  [44][ 10/116]    eta: 0:00:04  time: 0.0468  data_time: 0.0063  memory: 601  
2026/08/08 22:50:43 - mmengine - INFO - Epoch(val)  [44][ 20/116]    eta: 0:00:04  time: 0.0456  data_time: 0.0061  memory: 118  
2026/08/08 22:50:43 - mmengine - INFO - Epoch(val)  [44][ 30/116]    eta: 0:00:03  time: 0.0435  data_time: 0.0057  memory: 120  
2026/08/08 22:50:44 - mmengine - INFO - Epoch(val)  [44][ 40/116]    eta: 0:00:03  time: 0.0430  data_time: 0.0055  memory: 125  
2026/08/08 22:50:44 - mmengine - INFO - Epoch(val)  [44][ 50/116]    eta: 0:00:02  time: 0.0436  data_time: 0.0057  memory: 170  
2026/08/08 22:50:45 - mmengine - INFO - Epoch(val)  [44][ 60/116]    eta: 0:00:02  time: 0.0451  data_time: 0.0058  memory: 173  
2026/08/08 22:50:45 - mmengine - INFO - Epoch(val)  [44][ 70/116]    eta: 0:00:02  time: 0.0456  data_time: 0.0058  memory: 136  
2026/08/08 22:50:46 - mmengine - INFO - Epoch(val)  [44][ 80/116]    eta: 0:00:01  time: 0.0468  data_time: 0.0060  memory: 124  
2026/08/08 22:50:46 - mmengine - INFO - Epoch(val)  [44][ 90/116]    eta: 0:00:01  time: 0.0490  data_time: 0.0063  memory: 157  
2026/08/08 22:50:47 - mmengine - INFO - Epoch(val)  [44][100/116]    eta: 0:00:00  time: 0.0494  data_time: 0.0061  memory: 183  
2026/08/08 22:50:47 - mmengine - INFO - Epoch(val)  [44][110/116]    eta: 0:00:00  time: 0.0485  data_time: 0.0059  memory: 156  
2026/08/08 22:50:47 - mmengine - INFO - Evaluating bbox...
2026/08/08 22:50:47 - mmengine - INFO - bbox_mAP_copypaste: 0.614 0.900 0.701 0.000 0.726 0.560
2026/08/08 22:50:47 - mmengine - INFO - Evaluating segm...
2026/08/08 22:50:48 - mmengine - INFO - segm_mAP_copypaste: 0.615 0.891 0.699 0.000 0.724 0.559
2026/08/08 22:50:50 - mmengine - INFO - val kayip: val_kayip_cls 0.2928  val_kayip_bbox 0.2593  val_kayip_mask 0.1281  val_kayip 0.6802
2026/08/08 22:50:50 - mmengine - INFO - Epoch(val) [44][116/116]    busi/dice_tum: 0.8142  busi/dice_lezyonlu: 0.7754  busi/bos_dogru: 20  busi/esik: 0.4000  val_kayip_cls: 0.2928  val_kayip_bbox: 0.2593  val_kayip_mask: 0.1281  val_kayip: 0.6802  coco/bbox_mAP: 0.6140  coco/bbox_mAP_50: 0.9000  coco/bbox_mAP_75: 0.7010  coco/bbox_mAP_s: 0.0000  coco/bbox_mAP_m: 0.7260  coco/bbox_mAP_l: 0.5600  coco/segm_mAP: 0.6150  coco/segm_mAP_50: 0.8910  coco/segm_mAP_75: 0.6990  coco/segm_mAP_s: 0.0000  coco/segm_mAP_m: 0.7240  coco/segm_mAP_l: 0.5590  data_time: 0.0059  time: 0.0467
2026/08/08 22:50:53 - mmengine - INFO - Exp name: rtmdet_ins_busi_20260808_222414
2026/08/08 22:50:53 - mmengine - INFO - Epoch(train)  [45][10/68]  base_lr: 1.2500e-04 lr: 1.2500e-04  eta: 0:23:04  time: 0.3637  data_time: 0.1384  memory: 601  grad_norm: 12.1670  loss: 0.5019  loss_cls: 0.1305  loss_bbox: 0.2571  loss_mask: 0.1144
2026/08/08 22:50:57 - mmengine - INFO - Epoch(train)  [45][20/68]  base_lr: 1.2500e-04 lr: 1.2500e-04  eta: 0:23:01  time: 0.3650  data_time: 0.1385  memory: 603  grad_norm: 11.6473  loss: 0.4969  loss_cls: 0.1308  loss_bbox: 0.2536  loss_mask: 0.1126
2026/08/08 22:51:00 - mmengine - INFO - Epoch(train)  [45][30/68]  base_lr: 1.2500e-04 lr: 1.2500e-04  eta: 0:22:57  time: 0.3630  data_time: 0.1379  memory: 603  grad_norm: 11.1510  loss: 0.4874  loss_cls: 0.1264  loss_bbox: 0.2514  loss_mask: 0.1096
2026/08/08 22:51:04 - mmengine - INFO - Epoch(train)  [45][40/68]  base_lr: 1.2500e-04 lr: 1.2500e-04  eta: 0:22:53  time: 0.3580  data_time: 0.1343  memory: 599  grad_norm: 10.9839  loss: 0.4879  loss_cls: 0.1309  loss_bbox: 0.2502  loss_mask: 0.1068
2026/08/08 22:51:08 - mmengine - INFO - Epoch(train)  [45][50/68]  base_lr: 1.2500e-04 lr: 1.2500e-04  eta: 0:22:50  time: 0.3634  data_time: 0.1356  memory: 600  grad_norm: 10.6249  loss: 0.4826  loss_cls: 0.1278  loss_bbox: 0.2488  loss_mask: 0.1060
2026/08/08 22:51:12 - mmengine - INFO - Epoch(train)  [45][60/68]  base_lr: 1.2500e-04 lr: 1.2500e-04  eta: 0:22:46  time: 0.3652  data_time: 0.1373  memory: 601  grad_norm: 10.0952  loss: 0.4693  loss_cls: 0.1245  loss_bbox: 0.2432  loss_mask: 0.1016
2026/08/08 22:51:14 - mmengine - INFO - Exp name: rtmdet_ins_busi_20260808_222414
2026/08/08 22:51:14 - mmengine - INFO - Saving checkpoint at 45 epochs
2026/08/08 22:51:17 - mmengine - INFO - Epoch(val)  [45][ 10/116]    eta: 0:00:04  time: 0.0492  data_time: 0.0061  memory: 600  
2026/08/08 22:51:17 - mmengine - INFO - Epoch(val)  [45][ 20/116]    eta: 0:00:04  time: 0.0477  data_time: 0.0060  memory: 118  
2026/08/08 22:51:18 - mmengine - INFO - Epoch(val)  [45][ 30/116]    eta: 0:00:03  time: 0.0451  data_time: 0.0058  memory: 131  
2026/08/08 22:51:18 - mmengine - INFO - Epoch(val)  [45][ 40/116]    eta: 0:00:03  time: 0.0443  data_time: 0.0057  memory: 122  
2026/08/08 22:51:19 - mmengine - INFO - Epoch(val)  [45][ 50/116]    eta: 0:00:02  time: 0.0439  data_time: 0.0057  memory: 170  
2026/08/08 22:51:19 - mmengine - INFO - Epoch(val)  [45][ 60/116]    eta: 0:00:02  time: 0.0452  data_time: 0.0059  memory: 173  
2026/08/08 22:51:20 - mmengine - INFO - Epoch(val)  [45][ 70/116]    eta: 0:00:02  time: 0.0459  data_time: 0.0059  memory: 127  
2026/08/08 22:51:20 - mmengine - INFO - Epoch(val)  [45][ 80/116]    eta: 0:00:01  time: 0.0469  data_time: 0.0060  memory: 141  
2026/08/08 22:51:21 - mmengine - INFO - Epoch(val)  [45][ 90/116]    eta: 0:00:01  time: 0.0494  data_time: 0.0063  memory: 157  
2026/08/08 22:51:21 - mmengine - INFO - Epoch(val)  [45][100/116]    eta: 0:00:00  time: 0.0503  data_time: 0.0062  memory: 198  
2026/08/08 22:51:22 - mmengine - INFO - Epoch(val)  [45][110/116]    eta: 0:00:00  time: 0.0486  data_time: 0.0059  memory: 127  
2026/08/08 22:51:22 - mmengine - INFO - Evaluating bbox...
2026/08/08 22:51:22 - mmengine - INFO - bbox_mAP_copypaste: 0.616 0.904 0.744 0.000 0.697 0.573
2026/08/08 22:51:22 - mmengine - INFO - Evaluating segm...
2026/08/08 22:51:22 - mmengine - INFO - segm_mAP_copypaste: 0.632 0.900 0.749 0.010 0.725 0.584
2026/08/08 22:51:24 - mmengine - INFO - val kayip: val_kayip_cls 0.4820  val_kayip_bbox 0.2540  val_kayip_mask 0.1216  val_kayip 0.8576
2026/08/08 22:51:24 - mmengine - INFO - Epoch(val) [45][116/116]    busi/dice_tum: 0.8301  busi/dice_lezyonlu: 0.8051  busi/bos_dogru: 19  busi/esik: 0.4000  val_kayip_cls: 0.4820  val_kayip_bbox: 0.2540  val_kayip_mask: 0.1216  val_kayip: 0.8576  coco/bbox_mAP: 0.6160  coco/bbox_mAP_50: 0.9040  coco/bbox_mAP_75: 0.7440  coco/bbox_mAP_s: 0.0000  coco/bbox_mAP_m: 0.6970  coco/bbox_mAP_l: 0.5730  coco/segm_mAP: 0.6320  coco/segm_mAP_50: 0.9000  coco/segm_mAP_75: 0.7490  coco/segm_mAP_s: 0.0100  coco/segm_mAP_m: 0.7250  coco/segm_mAP_l: 0.5840  data_time: 0.0059  time: 0.0466
2026/08/08 22:51:24 - mmengine - INFO - The previous best checkpoint d:\mamografi\real_time_segmentasyon\rtmdet\calisma\rtmdet_ins_tiny_256_orta_s44\best_busi_dice_tum_epoch_43.pth is removed
2026/08/08 22:51:26 - mmengine - INFO - The best checkpoint with 0.8301 busi/dice_tum at 45 epoch is saved to best_busi_dice_tum_epoch_45.pth.
2026/08/08 22:51:32 - mmengine - INFO - Epoch(train)  [46][10/68]  base_lr: 1.2500e-04 lr: 1.2500e-04  eta: 0:22:40  time: 0.3655  data_time: 0.1320  memory: 603  grad_norm: 10.7233  loss: 0.4874  loss_cls: 0.1292  loss_bbox: 0.2496  loss_mask: 0.1087
2026/08/08 22:51:35 - mmengine - INFO - Epoch(train)  [46][20/68]  base_lr: 1.2500e-04 lr: 1.2500e-04  eta: 0:22:36  time: 0.3735  data_time: 0.1387  memory: 602  grad_norm: 10.7420  loss: 0.4756  loss_cls: 0.1208  loss_bbox: 0.2457  loss_mask: 0.1092
2026/08/08 22:51:39 - mmengine - INFO - Epoch(train)  [46][30/68]  base_lr: 1.2500e-04 lr: 1.2500e-04  eta: 0:22:33  time: 0.3765  data_time: 0.1434  memory: 599  grad_norm: 10.9801  loss: 0.4871  loss_cls: 0.1256  loss_bbox: 0.2496  loss_mask: 0.1119
2026/08/08 22:51:43 - mmengine - INFO - Epoch(train)  [46][40/68]  base_lr: 1.2500e-04 lr: 1.2500e-04  eta: 0:22:30  time: 0.3774  data_time: 0.1444  memory: 602  grad_norm: 11.3294  loss: 0.4911  loss_cls: 0.1242  loss_bbox: 0.2534  loss_mask: 0.1136
2026/08/08 22:51:47 - mmengine - INFO - Epoch(train)  [46][50/68]  base_lr: 1.2500e-04 lr: 1.2500e-04  eta: 0:22:26  time: 0.3802  data_time: 0.1472  memory: 601  grad_norm: 11.2962  loss: 0.4742  loss_cls: 0.1138  loss_bbox: 0.2517  loss_mask: 0.1088
2026/08/08 22:51:50 - mmengine - INFO - Epoch(train)  [46][60/68]  base_lr: 1.2500e-04 lr: 1.2500e-04  eta: 0:22:22  time: 0.3730  data_time: 0.1469  memory: 599  grad_norm: 10.9374  loss: 0.4697  loss_cls: 0.1121  loss_bbox: 0.2499  loss_mask: 0.1077
2026/08/08 22:51:53 - mmengine - INFO - Exp name: rtmdet_ins_busi_20260808_222414
2026/08/08 22:51:53 - mmengine - INFO - Saving checkpoint at 46 epochs
2026/08/08 22:51:56 - mmengine - INFO - Epoch(val)  [46][ 10/116]    eta: 0:00:04  time: 0.0489  data_time: 0.0061  memory: 602  
2026/08/08 22:51:56 - mmengine - INFO - Epoch(val)  [46][ 20/116]    eta: 0:00:04  time: 0.0469  data_time: 0.0059  memory: 113  
2026/08/08 22:51:56 - mmengine - INFO - Epoch(val)  [46][ 30/116]    eta: 0:00:03  time: 0.0443  data_time: 0.0056  memory: 131  
2026/08/08 22:51:57 - mmengine - INFO - Epoch(val)  [46][ 40/116]    eta: 0:00:03  time: 0.0429  data_time: 0.0055  memory: 122  
2026/08/08 22:51:57 - mmengine - INFO - Epoch(val)  [46][ 50/116]    eta: 0:00:02  time: 0.0436  data_time: 0.0056  memory: 158  
2026/08/08 22:51:58 - mmengine - INFO - Epoch(val)  [46][ 60/116]    eta: 0:00:02  time: 0.0446  data_time: 0.0057  memory: 200  
2026/08/08 22:51:58 - mmengine - INFO - Epoch(val)  [46][ 70/116]    eta: 0:00:02  time: 0.0450  data_time: 0.0057  memory: 131  
2026/08/08 22:51:59 - mmengine - INFO - Epoch(val)  [46][ 80/116]    eta: 0:00:01  time: 0.0460  data_time: 0.0058  memory: 137  
2026/08/08 22:51:59 - mmengine - INFO - Epoch(val)  [46][ 90/116]    eta: 0:00:01  time: 0.0487  data_time: 0.0062  memory: 157  
2026/08/08 22:52:00 - mmengine - INFO - Epoch(val)  [46][100/116]    eta: 0:00:00  time: 0.0493  data_time: 0.0061  memory: 194  
2026/08/08 22:52:00 - mmengine - INFO - Epoch(val)  [46][110/116]    eta: 0:00:00  time: 0.0488  data_time: 0.0059  memory: 127  
2026/08/08 22:52:01 - mmengine - INFO - Evaluating bbox...
2026/08/08 22:52:01 - mmengine - INFO - bbox_mAP_copypaste: 0.622 0.894 0.728 0.000 0.721 0.572
2026/08/08 22:52:01 - mmengine - INFO - Evaluating segm...
2026/08/08 22:52:01 - mmengine - INFO - segm_mAP_copypaste: 0.635 0.902 0.722 0.011 0.735 0.586
2026/08/08 22:52:03 - mmengine - INFO - val kayip: val_kayip_cls 0.8683  val_kayip_bbox 0.2496  val_kayip_mask 0.1254  val_kayip 1.2433
2026/08/08 22:52:03 - mmengine - INFO - Epoch(val) [46][116/116]    busi/dice_tum: 0.7852  busi/dice_lezyonlu: 0.8134  busi/bos_dogru: 13  busi/esik: 0.3000  val_kayip_cls: 0.8683  val_kayip_bbox: 0.2496  val_kayip_mask: 0.1254  val_kayip: 1.2433  coco/bbox_mAP: 0.6220  coco/bbox_mAP_50: 0.8940  coco/bbox_mAP_75: 0.7280  coco/bbox_mAP_s: 0.0000  coco/bbox_mAP_m: 0.7210  coco/bbox_mAP_l: 0.5720  coco/segm_mAP: 0.6350  coco/segm_mAP_50: 0.9020  coco/segm_mAP_75: 0.7220  coco/segm_mAP_s: 0.0110  coco/segm_mAP_m: 0.7350  coco/segm_mAP_l: 0.5860  data_time: 0.0059  time: 0.0466
2026/08/08 22:52:07 - mmengine - INFO - Epoch(train)  [47][10/68]  base_lr: 1.2500e-04 lr: 1.2500e-04  eta: 0:22:15  time: 0.3643  data_time: 0.1380  memory: 601  grad_norm: 10.7128  loss: 0.4770  loss_cls: 0.1188  loss_bbox: 0.2516  loss_mask: 0.1066
2026/08/08 22:52:10 - mmengine - INFO - Epoch(train)  [47][20/68]  base_lr: 1.2500e-04 lr: 1.2500e-04  eta: 0:22:12  time: 0.3615  data_time: 0.1341  memory: 603  grad_norm: 10.4817  loss: 0.4612  loss_cls: 0.1134  loss_bbox: 0.2437  loss_mask: 0.1040
2026/08/08 22:52:14 - mmengine - INFO - Epoch(train)  [47][30/68]  base_lr: 1.2500e-04 lr: 1.2500e-04  eta: 0:22:08  time: 0.3602  data_time: 0.1330  memory: 601  grad_norm: 10.0944  loss: 0.4605  loss_cls: 0.1158  loss_bbox: 0.2394  loss_mask: 0.1054
2026/08/08 22:52:18 - mmengine - INFO - Epoch(train)  [47][40/68]  base_lr: 1.2500e-04 lr: 1.2500e-04  eta: 0:22:05  time: 0.3639  data_time: 0.1366  memory: 603  grad_norm: 10.3696  loss: 0.4579  loss_cls: 0.1164  loss_bbox: 0.2360  loss_mask: 0.1055
2026/08/08 22:52:21 - mmengine - INFO - Epoch(train)  [47][50/68]  base_lr: 1.2500e-04 lr: 1.2500e-04  eta: 0:22:01  time: 0.3680  data_time: 0.1402  memory: 602  grad_norm: 10.8145  loss: 0.4501  loss_cls: 0.1146  loss_bbox: 0.2342  loss_mask: 0.1013
2026/08/08 22:52:25 - mmengine - INFO - Epoch(train)  [47][60/68]  base_lr: 1.2500e-04 lr: 1.2500e-04  eta: 0:21:57  time: 0.3655  data_time: 0.1395  memory: 601  grad_norm: 10.5790  loss: 0.4525  loss_cls: 0.1108  loss_bbox: 0.2379  loss_mask: 0.1038
2026/08/08 22:52:28 - mmengine - INFO - Exp name: rtmdet_ins_busi_20260808_222414
2026/08/08 22:52:28 - mmengine - INFO - Saving checkpoint at 47 epochs
2026/08/08 22:52:30 - mmengine - INFO - Epoch(val)  [47][ 10/116]    eta: 0:00:05  time: 0.0514  data_time: 0.0063  memory: 599  
2026/08/08 22:52:31 - mmengine - INFO - Epoch(val)  [47][ 20/116]    eta: 0:00:04  time: 0.0490  data_time: 0.0059  memory: 125  
2026/08/08 22:52:31 - mmengine - INFO - Epoch(val)  [47][ 30/116]    eta: 0:00:03  time: 0.0457  data_time: 0.0053  memory: 129  
2026/08/08 22:52:31 - mmengine - INFO - Epoch(val)  [47][ 40/116]    eta: 0:00:03  time: 0.0441  data_time: 0.0052  memory: 129  
2026/08/08 22:52:32 - mmengine - INFO - Epoch(val)  [47][ 50/116]    eta: 0:00:02  time: 0.0451  data_time: 0.0056  memory: 176  
2026/08/08 22:52:32 - mmengine - INFO - Epoch(val)  [47][ 60/116]    eta: 0:00:02  time: 0.0436  data_time: 0.0055  memory: 169  
2026/08/08 22:52:33 - mmengine - INFO - Epoch(val)  [47][ 70/116]    eta: 0:00:02  time: 0.0447  data_time: 0.0056  memory: 125  
2026/08/08 22:52:33 - mmengine - INFO - Epoch(val)  [47][ 80/116]    eta: 0:00:01  time: 0.0453  data_time: 0.0058  memory: 127  
2026/08/08 22:52:34 - mmengine - INFO - Epoch(val)  [47][ 90/116]    eta: 0:00:01  time: 0.0463  data_time: 0.0061  memory: 151  
2026/08/08 22:52:34 - mmengine - INFO - Epoch(val)  [47][100/116]    eta: 0:00:00  time: 0.0449  data_time: 0.0056  memory: 198  
2026/08/08 22:52:35 - mmengine - INFO - Epoch(val)  [47][110/116]    eta: 0:00:00  time: 0.0446  data_time: 0.0055  memory: 138  
2026/08/08 22:52:35 - mmengine - INFO - Evaluating bbox...
2026/08/08 22:52:35 - mmengine - INFO - bbox_mAP_copypaste: 0.600 0.884 0.705 0.000 0.709 0.553
2026/08/08 22:52:35 - mmengine - INFO - Evaluating segm...
2026/08/08 22:52:35 - mmengine - INFO - segm_mAP_copypaste: 0.622 0.879 0.686 0.029 0.732 0.570
2026/08/08 22:52:37 - mmengine - INFO - val kayip: val_kayip_cls 0.5702  val_kayip_bbox 0.2611  val_kayip_mask 0.1236  val_kayip 0.9550
2026/08/08 22:52:37 - mmengine - INFO - Epoch(val) [47][116/116]    busi/dice_tum: 0.8064  busi/dice_lezyonlu: 0.7869  busi/bos_dogru: 18  busi/esik: 0.5000  val_kayip_cls: 0.5702  val_kayip_bbox: 0.2611  val_kayip_mask: 0.1236  val_kayip: 0.9550  coco/bbox_mAP: 0.6000  coco/bbox_mAP_50: 0.8840  coco/bbox_mAP_75: 0.7050  coco/bbox_mAP_s: 0.0000  coco/bbox_mAP_m: 0.7090  coco/bbox_mAP_l: 0.5530  coco/segm_mAP: 0.6220  coco/segm_mAP_50: 0.8790  coco/segm_mAP_75: 0.6860  coco/segm_mAP_s: 0.0290  coco/segm_mAP_m: 0.7320  coco/segm_mAP_l: 0.5700  data_time: 0.0057  time: 0.0450
2026/08/08 22:52:41 - mmengine - INFO - Epoch(train)  [48][10/68]  base_lr: 1.2500e-04 lr: 1.2500e-04  eta: 0:21:50  time: 0.3594  data_time: 0.1330  memory: 601  grad_norm: 10.8993  loss: 0.4675  loss_cls: 0.1185  loss_bbox: 0.2414  loss_mask: 0.1075
2026/08/08 22:52:44 - mmengine - INFO - Epoch(train)  [48][20/68]  base_lr: 1.2500e-04 lr: 1.2500e-04  eta: 0:21:46  time: 0.3546  data_time: 0.1313  memory: 601  grad_norm: 11.0447  loss: 0.4769  loss_cls: 0.1214  loss_bbox: 0.2457  loss_mask: 0.1098
2026/08/08 22:52:47 - mmengine - INFO - Epoch(train)  [48][30/68]  base_lr: 1.2500e-04 lr: 1.2500e-04  eta: 0:21:43  time: 0.3542  data_time: 0.1317  memory: 601  grad_norm: 10.6101  loss: 0.4878  loss_cls: 0.1246  loss_bbox: 0.2493  loss_mask: 0.1138
2026/08/08 22:52:51 - mmengine - INFO - Epoch(train)  [48][40/68]  base_lr: 1.2500e-04 lr: 1.2500e-04  eta: 0:21:39  time: 0.3517  data_time: 0.1310  memory: 601  grad_norm: 11.1682  loss: 0.4870  loss_cls: 0.1248  loss_bbox: 0.2488  loss_mask: 0.1133
2026/08/08 22:52:55 - mmengine - INFO - Epoch(train)  [48][50/68]  base_lr: 1.2500e-04 lr: 1.2500e-04  eta: 0:21:35  time: 0.3541  data_time: 0.1332  memory: 600  grad_norm: 11.0268  loss: 0.4821  loss_cls: 0.1225  loss_bbox: 0.2498  loss_mask: 0.1098
2026/08/08 22:52:58 - mmengine - INFO - Epoch(train)  [48][60/68]  base_lr: 1.2500e-04 lr: 1.2500e-04  eta: 0:21:32  time: 0.3532  data_time: 0.1322  memory: 601  grad_norm: 11.4176  loss: 0.4855  loss_cls: 0.1222  loss_bbox: 0.2526  loss_mask: 0.1107
2026/08/08 22:53:01 - mmengine - INFO - Exp name: rtmdet_ins_busi_20260808_222414
2026/08/08 22:53:01 - mmengine - INFO - Saving checkpoint at 48 epochs
2026/08/08 22:53:03 - mmengine - INFO - Epoch(val)  [48][ 10/116]    eta: 0:00:04  time: 0.0443  data_time: 0.0059  memory: 601  
2026/08/08 22:53:04 - mmengine - INFO - Epoch(val)  [48][ 20/116]    eta: 0:00:03  time: 0.0431  data_time: 0.0061  memory: 121  
2026/08/08 22:53:04 - mmengine - INFO - Epoch(val)  [48][ 30/116]    eta: 0:00:03  time: 0.0417  data_time: 0.0057  memory: 124  
2026/08/08 22:53:05 - mmengine - INFO - Epoch(val)  [48][ 40/116]    eta: 0:00:02  time: 0.0400  data_time: 0.0055  memory: 143  
2026/08/08 22:53:05 - mmengine - INFO - Epoch(val)  [48][ 50/116]    eta: 0:00:02  time: 0.0397  data_time: 0.0054  memory: 170  
2026/08/08 22:53:05 - mmengine - INFO - Epoch(val)  [48][ 60/116]    eta: 0:00:02  time: 0.0406  data_time: 0.0056  memory: 173  
2026/08/08 22:53:06 - mmengine - INFO - Epoch(val)  [48][ 70/116]    eta: 0:00:01  time: 0.0413  data_time: 0.0055  memory: 127  
2026/08/08 22:53:06 - mmengine - INFO - Epoch(val)  [48][ 80/116]    eta: 0:00:01  time: 0.0417  data_time: 0.0057  memory: 121  
2026/08/08 22:53:07 - mmengine - INFO - Epoch(val)  [48][ 90/116]    eta: 0:00:01  time: 0.0433  data_time: 0.0061  memory: 151  
2026/08/08 22:53:07 - mmengine - INFO - Epoch(val)  [48][100/116]    eta: 0:00:00  time: 0.0432  data_time: 0.0060  memory: 163  
2026/08/08 22:53:08 - mmengine - INFO - Epoch(val)  [48][110/116]    eta: 0:00:00  time: 0.0427  data_time: 0.0058  memory: 145  
2026/08/08 22:53:08 - mmengine - INFO - Evaluating bbox...
2026/08/08 22:53:08 - mmengine - INFO - bbox_mAP_copypaste: 0.620 0.892 0.718 0.000 0.737 0.560
2026/08/08 22:53:08 - mmengine - INFO - Evaluating segm...
2026/08/08 22:53:08 - mmengine - INFO - segm_mAP_copypaste: 0.631 0.886 0.736 0.011 0.738 0.576
2026/08/08 22:53:10 - mmengine - INFO - val kayip: val_kayip_cls 0.3635  val_kayip_bbox 0.2497  val_kayip_mask 0.1231  val_kayip 0.7363
2026/08/08 22:53:10 - mmengine - INFO - Epoch(val) [48][116/116]    busi/dice_tum: 0.8087  busi/dice_lezyonlu: 0.7792  busi/bos_dogru: 19  busi/esik: 0.4000  val_kayip_cls: 0.3635  val_kayip_bbox: 0.2497  val_kayip_mask: 0.1231  val_kayip: 0.7363  coco/bbox_mAP: 0.6200  coco/bbox_mAP_50: 0.8920  coco/bbox_mAP_75: 0.7180  coco/bbox_mAP_s: 0.0000  coco/bbox_mAP_m: 0.7370  coco/bbox_mAP_l: 0.5600  coco/segm_mAP: 0.6310  coco/segm_mAP_50: 0.8860  coco/segm_mAP_75: 0.7360  coco/segm_mAP_s: 0.0110  coco/segm_mAP_m: 0.7380  coco/segm_mAP_l: 0.5760  data_time: 0.0057  time: 0.0416
2026/08/08 22:53:13 - mmengine - INFO - Epoch(train)  [49][10/68]  base_lr: 1.2500e-04 lr: 1.2500e-04  eta: 0:21:25  time: 0.3535  data_time: 0.1306  memory: 601  grad_norm: 11.3729  loss: 0.4727  loss_cls: 0.1140  loss_bbox: 0.2491  loss_mask: 0.1095
2026/08/08 22:53:17 - mmengine - INFO - Epoch(train)  [49][20/68]  base_lr: 1.2500e-04 lr: 1.2500e-04  eta: 0:21:21  time: 0.3554  data_time: 0.1318  memory: 600  grad_norm: 11.1627  loss: 0.4706  loss_cls: 0.1167  loss_bbox: 0.2469  loss_mask: 0.1070
2026/08/08 22:53:21 - mmengine - INFO - Epoch(train)  [49][30/68]  base_lr: 1.2500e-04 lr: 1.2500e-04  eta: 0:21:17  time: 0.3559  data_time: 0.1317  memory: 601  grad_norm: 11.1015  loss: 0.4788  loss_cls: 0.1235  loss_bbox: 0.2458  loss_mask: 0.1095
2026/08/08 22:53:24 - mmengine - INFO - Epoch(train)  [49][40/68]  base_lr: 1.2500e-04 lr: 1.2500e-04  eta: 0:21:13  time: 0.3515  data_time: 0.1307  memory: 601  grad_norm: 10.7581  loss: 0.4728  loss_cls: 0.1215  loss_bbox: 0.2435  loss_mask: 0.1078
2026/08/08 22:53:27 - mmengine - INFO - Epoch(train)  [49][50/68]  base_lr: 1.2500e-04 lr: 1.2500e-04  eta: 0:21:09  time: 0.3516  data_time: 0.1311  memory: 601  grad_norm: 10.1650  loss: 0.4693  loss_cls: 0.1207  loss_bbox: 0.2409  loss_mask: 0.1076
2026/08/08 22:53:31 - mmengine - INFO - Epoch(train)  [49][60/68]  base_lr: 1.2500e-04 lr: 1.2500e-04  eta: 0:21:06  time: 0.3570  data_time: 0.1346  memory: 601  grad_norm: 10.2874  loss: 0.4687  loss_cls: 0.1201  loss_bbox: 0.2399  loss_mask: 0.1086
2026/08/08 22:53:34 - mmengine - INFO - Exp name: rtmdet_ins_busi_20260808_222414
2026/08/08 22:53:34 - mmengine - INFO - Saving checkpoint at 49 epochs
2026/08/08 22:53:36 - mmengine - INFO - Epoch(val)  [49][ 10/116]    eta: 0:00:03  time: 0.0424  data_time: 0.0062  memory: 603  
2026/08/08 22:53:37 - mmengine - INFO - Epoch(val)  [49][ 20/116]    eta: 0:00:03  time: 0.0410  data_time: 0.0059  memory: 113  
2026/08/08 22:53:37 - mmengine - INFO - Epoch(val)  [49][ 30/116]    eta: 0:00:03  time: 0.0388  data_time: 0.0057  memory: 127  
2026/08/08 22:53:38 - mmengine - INFO - Epoch(val)  [49][ 40/116]    eta: 0:00:02  time: 0.0373  data_time: 0.0051  memory: 116  
2026/08/08 22:53:38 - mmengine - INFO - Epoch(val)  [49][ 50/116]    eta: 0:00:02  time: 0.0370  data_time: 0.0052  memory: 164  
2026/08/08 22:53:38 - mmengine - INFO - Epoch(val)  [49][ 60/116]    eta: 0:00:02  time: 0.0378  data_time: 0.0051  memory: 147  
2026/08/08 22:53:39 - mmengine - INFO - Epoch(val)  [49][ 70/116]    eta: 0:00:01  time: 0.0386  data_time: 0.0053  memory: 125  
2026/08/08 22:53:39 - mmengine - INFO - Epoch(val)  [49][ 80/116]    eta: 0:00:01  time: 0.0407  data_time: 0.0054  memory: 134  
2026/08/08 22:53:40 - mmengine - INFO - Epoch(val)  [49][ 90/116]    eta: 0:00:01  time: 0.0434  data_time: 0.0062  memory: 145  
2026/08/08 22:53:40 - mmengine - INFO - Epoch(val)  [49][100/116]    eta: 0:00:00  time: 0.0432  data_time: 0.0056  memory: 189  
2026/08/08 22:53:40 - mmengine - INFO - Epoch(val)  [49][110/116]    eta: 0:00:00  time: 0.0424  data_time: 0.0052  memory: 134  
2026/08/08 22:53:41 - mmengine - INFO - Evaluating bbox...
2026/08/08 22:53:41 - mmengine - INFO - bbox_mAP_copypaste: 0.606 0.890 0.729 0.000 0.690 0.564
2026/08/08 22:53:41 - mmengine - INFO - Evaluating segm...
2026/08/08 22:53:41 - mmengine - INFO - segm_mAP_copypaste: 0.625 0.889 0.713 0.003 0.723 0.579
2026/08/08 22:53:43 - mmengine - INFO - val kayip: val_kayip_cls 0.3234  val_kayip_bbox 0.2591  val_kayip_mask 0.1243  val_kayip 0.7068
2026/08/08 22:53:43 - mmengine - INFO - Epoch(val) [49][116/116]    busi/dice_tum: 0.8145  busi/dice_lezyonlu: 0.7863  busi/bos_dogru: 19  busi/esik: 0.4000  val_kayip_cls: 0.3234  val_kayip_bbox: 0.2591  val_kayip_mask: 0.1243  val_kayip: 0.7068  coco/bbox_mAP: 0.6060  coco/bbox_mAP_50: 0.8900  coco/bbox_mAP_75: 0.7290  coco/bbox_mAP_s: 0.0000  coco/bbox_mAP_m: 0.6900  coco/bbox_mAP_l: 0.5640  coco/segm_mAP: 0.6250  coco/segm_mAP_50: 0.8890  coco/segm_mAP_75: 0.7130  coco/segm_mAP_s: 0.0030  coco/segm_mAP_m: 0.7230  coco/segm_mAP_l: 0.5790  data_time: 0.0053  time: 0.0401
2026/08/08 22:53:46 - mmengine - INFO - Epoch(train)  [50][10/68]  base_lr: 1.2500e-04 lr: 1.2500e-04  eta: 0:20:59  time: 0.3609  data_time: 0.1335  memory: 601  grad_norm: 10.0461  loss: 0.4705  loss_cls: 0.1126  loss_bbox: 0.2459  loss_mask: 0.1121
2026/08/08 22:53:50 - mmengine - INFO - Epoch(train)  [50][20/68]  base_lr: 1.2500e-04 lr: 1.2500e-04  eta: 0:20:55  time: 0.3590  data_time: 0.1339  memory: 601  grad_norm: 10.0656  loss: 0.4773  loss_cls: 0.1179  loss_bbox: 0.2475  loss_mask: 0.1119
2026/08/08 22:53:53 - mmengine - INFO - Epoch(train)  [50][30/68]  base_lr: 1.2500e-04 lr: 1.2500e-04  eta: 0:20:52  time: 0.3589  data_time: 0.1344  memory: 601  grad_norm: 10.2924  loss: 0.4860  loss_cls: 0.1222  loss_bbox: 0.2509  loss_mask: 0.1129
2026/08/08 22:53:57 - mmengine - INFO - Epoch(train)  [50][40/68]  base_lr: 1.2500e-04 lr: 1.2500e-04  eta: 0:20:48  time: 0.3629  data_time: 0.1327  memory: 602  grad_norm: 10.4643  loss: 0.4868  loss_cls: 0.1261  loss_bbox: 0.2492  loss_mask: 0.1115
2026/08/08 22:54:01 - mmengine - INFO - Epoch(train)  [50][50/68]  base_lr: 1.2500e-04 lr: 1.2500e-04  eta: 0:20:45  time: 0.3640  data_time: 0.1341  memory: 601  grad_norm: 10.2458  loss: 0.4587  loss_cls: 0.1136  loss_bbox: 0.2379  loss_mask: 0.1072
2026/08/08 22:54:05 - mmengine - INFO - Epoch(train)  [50][60/68]  base_lr: 1.2500e-04 lr: 1.2500e-04  eta: 0:20:41  time: 0.3631  data_time: 0.1370  memory: 599  grad_norm: 10.1972  loss: 0.4687  loss_cls: 0.1197  loss_bbox: 0.2411  loss_mask: 0.1078
2026/08/08 22:54:07 - mmengine - INFO - Exp name: rtmdet_ins_busi_20260808_222414
2026/08/08 22:54:07 - mmengine - INFO - Saving checkpoint at 50 epochs
2026/08/08 22:54:10 - mmengine - INFO - Epoch(val)  [50][ 10/116]    eta: 0:00:04  time: 0.0427  data_time: 0.0051  memory: 604  
2026/08/08 22:54:11 - mmengine - INFO - Epoch(val)  [50][ 20/116]    eta: 0:00:03  time: 0.0417  data_time: 0.0051  memory: 118  
2026/08/08 22:54:11 - mmengine - INFO - Epoch(val)  [50][ 30/116]    eta: 0:00:03  time: 0.0400  data_time: 0.0049  memory: 131  
2026/08/08 22:54:11 - mmengine - INFO - Epoch(val)  [50][ 40/116]    eta: 0:00:03  time: 0.0406  data_time: 0.0053  memory: 122  
2026/08/08 22:54:12 - mmengine - INFO - Epoch(val)  [50][ 50/116]    eta: 0:00:02  time: 0.0418  data_time: 0.0054  memory: 193  
2026/08/08 22:54:12 - mmengine - INFO - Epoch(val)  [50][ 60/116]    eta: 0:00:02  time: 0.0434  data_time: 0.0055  memory: 186  
2026/08/08 22:54:13 - mmengine - INFO - Epoch(val)  [50][ 70/116]    eta: 0:00:01  time: 0.0438  data_time: 0.0054  memory: 133  
2026/08/08 22:54:13 - mmengine - INFO - Epoch(val)  [50][ 80/116]    eta: 0:00:01  time: 0.0443  data_time: 0.0056  memory: 115  
2026/08/08 22:54:14 - mmengine - INFO - Epoch(val)  [50][ 90/116]    eta: 0:00:01  time: 0.0480  data_time: 0.0062  memory: 169  
2026/08/08 22:54:14 - mmengine - INFO - Epoch(val)  [50][100/116]    eta: 0:00:00  time: 0.0498  data_time: 0.0064  memory: 177  
2026/08/08 22:54:15 - mmengine - INFO - Epoch(val)  [50][110/116]    eta: 0:00:00  time: 0.0504  data_time: 0.0064  memory: 150  
2026/08/08 22:54:15 - mmengine - INFO - Evaluating bbox...
2026/08/08 22:54:15 - mmengine - INFO - bbox_mAP_copypaste: 0.625 0.899 0.748 0.000 0.718 0.575
2026/08/08 22:54:15 - mmengine - INFO - Evaluating segm...
2026/08/08 22:54:15 - mmengine - INFO - segm_mAP_copypaste: 0.629 0.893 0.731 0.005 0.734 0.578
2026/08/08 22:54:17 - mmengine - INFO - val kayip: val_kayip_cls 0.3222  val_kayip_bbox 0.2568  val_kayip_mask 0.1233  val_kayip 0.7023
2026/08/08 22:54:17 - mmengine - INFO - Epoch(val) [50][116/116]    busi/dice_tum: 0.8257  busi/dice_lezyonlu: 0.7894  busi/bos_dogru: 20  busi/esik: 0.4000  val_kayip_cls: 0.3222  val_kayip_bbox: 0.2568  val_kayip_mask: 0.1233  val_kayip: 0.7023  coco/bbox_mAP: 0.6250  coco/bbox_mAP_50: 0.8990  coco/bbox_mAP_75: 0.7480  coco/bbox_mAP_s: 0.0000  coco/bbox_mAP_m: 0.7180  coco/bbox_mAP_l: 0.5750  coco/segm_mAP: 0.6290  coco/segm_mAP_50: 0.8930  coco/segm_mAP_75: 0.7310  coco/segm_mAP_s: 0.0050  coco/segm_mAP_m: 0.7340  coco/segm_mAP_l: 0.5780  data_time: 0.0060  time: 0.0469
2026/08/08 22:54:21 - mmengine - INFO - Epoch(train)  [51][10/68]  base_lr: 1.2500e-04 lr: 1.2500e-04  eta: 0:20:34  time: 0.3697  data_time: 0.1397  memory: 602  grad_norm: 10.2678  loss: 0.4673  loss_cls: 0.1173  loss_bbox: 0.2426  loss_mask: 0.1074
2026/08/08 22:54:25 - mmengine - INFO - Epoch(train)  [51][20/68]  base_lr: 1.2499e-04 lr: 1.2499e-04  eta: 0:20:31  time: 0.3734  data_time: 0.1437  memory: 601  grad_norm: 10.3714  loss: 0.4654  loss_cls: 0.1159  loss_bbox: 0.2430  loss_mask: 0.1066
2026/08/08 22:54:28 - mmengine - INFO - Epoch(train)  [51][30/68]  base_lr: 1.2498e-04 lr: 1.2498e-04  eta: 0:20:27  time: 0.3634  data_time: 0.1394  memory: 601  grad_norm: 10.7963  loss: 0.4797  loss_cls: 0.1228  loss_bbox: 0.2487  loss_mask: 0.1083
2026/08/08 22:54:32 - mmengine - INFO - Epoch(train)  [51][40/68]  base_lr: 1.2496e-04 lr: 1.2496e-04  eta: 0:20:24  time: 0.3697  data_time: 0.1439  memory: 602  grad_norm: 10.9334  loss: 0.4805  loss_cls: 0.1265  loss_bbox: 0.2465  loss_mask: 0.1075
2026/08/08 22:54:37 - mmengine - INFO - Epoch(train)  [51][50/68]  base_lr: 1.2494e-04 lr: 1.2494e-04  eta: 0:20:21  time: 0.3827  data_time: 0.1494  memory: 601  grad_norm: 10.6198  loss: 0.4848  loss_cls: 0.1271  loss_bbox: 0.2489  loss_mask: 0.1089
2026/08/08 22:54:40 - mmengine - INFO - Epoch(train)  [51][60/68]  base_lr: 1.2491e-04 lr: 1.2491e-04  eta: 0:20:17  time: 0.3805  data_time: 0.1470  memory: 601  grad_norm: 10.6419  loss: 0.4686  loss_cls: 0.1185  loss_bbox: 0.2429  loss_mask: 0.1072
2026/08/08 22:54:43 - mmengine - INFO - Exp name: rtmdet_ins_busi_20260808_222414
2026/08/08 22:54:43 - mmengine - INFO - Saving checkpoint at 51 epochs
2026/08/08 22:54:45 - mmengine - INFO - Epoch(val)  [51][ 10/116]    eta: 0:00:03  time: 0.0513  data_time: 0.0065  memory: 601  
2026/08/08 22:54:45 - mmengine - INFO - Epoch(val)  [51][ 20/116]    eta: 0:00:03  time: 0.0495  data_time: 0.0064  memory: 122  
2026/08/08 22:54:46 - mmengine - INFO - Epoch(val)  [51][ 30/116]    eta: 0:00:03  time: 0.0443  data_time: 0.0056  memory: 127  
2026/08/08 22:54:46 - mmengine - INFO - Epoch(val)  [51][ 40/116]    eta: 0:00:02  time: 0.0409  data_time: 0.0054  memory: 119  
2026/08/08 22:54:46 - mmengine - INFO - Epoch(val)  [51][ 50/116]    eta: 0:00:02  time: 0.0384  data_time: 0.0050  memory: 176  
2026/08/08 22:54:47 - mmengine - INFO - Epoch(val)  [51][ 60/116]    eta: 0:00:02  time: 0.0392  data_time: 0.0051  memory: 164  
2026/08/08 22:54:47 - mmengine - INFO - Epoch(val)  [51][ 70/116]    eta: 0:00:01  time: 0.0393  data_time: 0.0045  memory: 124  
2026/08/08 22:54:48 - mmengine - INFO - Epoch(val)  [51][ 80/116]    eta: 0:00:01  time: 0.0390  data_time: 0.0050  memory: 132  
2026/08/08 22:54:48 - mmengine - INFO - Epoch(val)  [51][ 90/116]    eta: 0:00:01  time: 0.0398  data_time: 0.0053  memory: 163  
2026/08/08 22:54:48 - mmengine - INFO - Epoch(val)  [51][100/116]    eta: 0:00:00  time: 0.0400  data_time: 0.0056  memory: 186  
2026/08/08 22:54:49 - mmengine - INFO - Epoch(val)  [51][110/116]    eta: 0:00:00  time: 0.0395  data_time: 0.0055  memory: 124  
2026/08/08 22:54:49 - mmengine - INFO - Evaluating bbox...
2026/08/08 22:54:49 - mmengine - INFO - bbox_mAP_copypaste: 0.626 0.891 0.706 0.000 0.725 0.579
2026/08/08 22:54:49 - mmengine - INFO - Evaluating segm...
2026/08/08 22:54:49 - mmengine - INFO - segm_mAP_copypaste: 0.612 0.877 0.693 0.002 0.733 0.553
2026/08/08 22:54:51 - mmengine - INFO - val kayip: val_kayip_cls 0.3859  val_kayip_bbox 0.2513  val_kayip_mask 0.1253  val_kayip 0.7625
2026/08/08 22:54:51 - mmengine - INFO - Epoch(val) [51][116/116]    busi/dice_tum: 0.8087  busi/dice_lezyonlu: 0.7792  busi/bos_dogru: 19  busi/esik: 0.5000  val_kayip_cls: 0.3859  val_kayip_bbox: 0.2513  val_kayip_mask: 0.1253  val_kayip: 0.7625  coco/bbox_mAP: 0.6260  coco/bbox_mAP_50: 0.8910  coco/bbox_mAP_75: 0.7060  coco/bbox_mAP_s: 0.0000  coco/bbox_mAP_m: 0.7250  coco/bbox_mAP_l: 0.5790  coco/segm_mAP: 0.6120  coco/segm_mAP_50: 0.8770  coco/segm_mAP_75: 0.6930  coco/segm_mAP_s: 0.0020  coco/segm_mAP_m: 0.7330  coco/segm_mAP_l: 0.5530  data_time: 0.0052  time: 0.0394
2026/08/08 22:54:55 - mmengine - INFO - Epoch(train)  [52][10/68]  base_lr: 1.2485e-04 lr: 1.2485e-04  eta: 0:20:10  time: 0.3699  data_time: 0.1398  memory: 601  grad_norm: 10.7051  loss: 0.4535  loss_cls: 0.1132  loss_bbox: 0.2342  loss_mask: 0.1061
2026/08/08 22:54:58 - mmengine - INFO - Epoch(train)  [52][20/68]  base_lr: 1.2481e-04 lr: 1.2481e-04  eta: 0:20:06  time: 0.3592  data_time: 0.1314  memory: 601  grad_norm: 10.5177  loss: 0.4339  loss_cls: 0.1031  loss_bbox: 0.2256  loss_mask: 0.1052
2026/08/08 22:55:01 - mmengine - INFO - Epoch(train)  [52][30/68]  base_lr: 1.2476e-04 lr: 1.2476e-04  eta: 0:20:02  time: 0.3411  data_time: 0.1207  memory: 601  grad_norm: 10.4582  loss: 0.4283  loss_cls: 0.1006  loss_bbox: 0.2232  loss_mask: 0.1045
2026/08/08 22:55:05 - mmengine - INFO - Epoch(train)  [52][40/68]  base_lr: 1.2471e-04 lr: 1.2471e-04  eta: 0:19:59  time: 0.3426  data_time: 0.1231  memory: 599  grad_norm: 10.1141  loss: 0.4273  loss_cls: 0.1011  loss_bbox: 0.2233  loss_mask: 0.1029
2026/08/08 22:55:08 - mmengine - INFO - Epoch(train)  [52][50/68]  base_lr: 1.2465e-04 lr: 1.2465e-04  eta: 0:19:55  time: 0.3472  data_time: 0.1249  memory: 600  grad_norm: 10.4102  loss: 0.4320  loss_cls: 0.1035  loss_bbox: 0.2259  loss_mask: 0.1025
2026/08/08 22:55:12 - mmengine - INFO - Epoch(train)  [52][60/68]  base_lr: 1.2459e-04 lr: 1.2459e-04  eta: 0:19:51  time: 0.3471  data_time: 0.1257  memory: 601  grad_norm: 10.3245  loss: 0.4413  loss_cls: 0.1078  loss_bbox: 0.2303  loss_mask: 0.1031
2026/08/08 22:55:15 - mmengine - INFO - Exp name: rtmdet_ins_busi_20260808_222414
2026/08/08 22:55:15 - mmengine - INFO - Saving checkpoint at 52 epochs
2026/08/08 22:55:18 - mmengine - INFO - Epoch(val)  [52][ 10/116]    eta: 0:00:04  time: 0.0424  data_time: 0.0062  memory: 602  
2026/08/08 22:55:18 - mmengine - INFO - Epoch(val)  [52][ 20/116]    eta: 0:00:04  time: 0.0428  data_time: 0.0056  memory: 113  
2026/08/08 22:55:18 - mmengine - INFO - Epoch(val)  [52][ 30/116]    eta: 0:00:03  time: 0.0418  data_time: 0.0057  memory: 129  
2026/08/08 22:55:19 - mmengine - INFO - Epoch(val)  [52][ 40/116]    eta: 0:00:03  time: 0.0424  data_time: 0.0057  memory: 136  
2026/08/08 22:55:19 - mmengine - INFO - Epoch(val)  [52][ 50/116]    eta: 0:00:02  time: 0.0449  data_time: 0.0062  memory: 164  
2026/08/08 22:55:20 - mmengine - INFO - Epoch(val)  [52][ 60/116]    eta: 0:00:02  time: 0.0456  data_time: 0.0064  memory: 143  
2026/08/08 22:55:20 - mmengine - INFO - Epoch(val)  [52][ 70/116]    eta: 0:00:02  time: 0.0462  data_time: 0.0064  memory: 114  
2026/08/08 22:55:21 - mmengine - INFO - Epoch(val)  [52][ 80/116]    eta: 0:00:01  time: 0.0471  data_time: 0.0064  memory: 134  
2026/08/08 22:55:21 - mmengine - INFO - Epoch(val)  [52][ 90/116]    eta: 0:00:01  time: 0.0490  data_time: 0.0068  memory: 145  
2026/08/08 22:55:22 - mmengine - INFO - Epoch(val)  [52][100/116]    eta: 0:00:00  time: 0.0483  data_time: 0.0065  memory: 162  
2026/08/08 22:55:22 - mmengine - INFO - Epoch(val)  [52][110/116]    eta: 0:00:00  time: 0.0476  data_time: 0.0062  memory: 115  
2026/08/08 22:55:23 - mmengine - INFO - Evaluating bbox...
2026/08/08 22:55:23 - mmengine - INFO - bbox_mAP_copypaste: 0.619 0.891 0.704 0.000 0.731 0.565
2026/08/08 22:55:23 - mmengine - INFO - Evaluating segm...
2026/08/08 22:55:23 - mmengine - INFO - segm_mAP_copypaste: 0.609 0.892 0.711 0.006 0.725 0.554
2026/08/08 22:55:25 - mmengine - INFO - val kayip: val_kayip_cls 0.4661  val_kayip_bbox 0.2522  val_kayip_mask 0.1261  val_kayip 0.8444
2026/08/08 22:55:25 - mmengine - INFO - Epoch(val) [52][116/116]    busi/dice_tum: 0.8099  busi/dice_lezyonlu: 0.7912  busi/bos_dogru: 18  busi/esik: 0.4000  val_kayip_cls: 0.4661  val_kayip_bbox: 0.2522  val_kayip_mask: 0.1261  val_kayip: 0.8444  coco/bbox_mAP: 0.6190  coco/bbox_mAP_50: 0.8910  coco/bbox_mAP_75: 0.7040  coco/bbox_mAP_s: 0.0000  coco/bbox_mAP_m: 0.7310  coco/bbox_mAP_l: 0.5650  coco/segm_mAP: 0.6090  coco/segm_mAP_50: 0.8920  coco/segm_mAP_75: 0.7110  coco/segm_mAP_s: 0.0060  coco/segm_mAP_m: 0.7250  coco/segm_mAP_l: 0.5540  data_time: 0.0063  time: 0.0466
2026/08/08 22:55:29 - mmengine - INFO - Epoch(train)  [53][10/68]  base_lr: 1.2447e-04 lr: 1.2447e-04  eta: 0:19:45  time: 0.3660  data_time: 0.1395  memory: 600  grad_norm: 10.9382  loss: 0.4551  loss_cls: 0.1143  loss_bbox: 0.2377  loss_mask: 0.1031
2026/08/08 22:55:33 - mmengine - INFO - Epoch(train)  [53][20/68]  base_lr: 1.2439e-04 lr: 1.2439e-04  eta: 0:19:41  time: 0.3711  data_time: 0.1413  memory: 603  grad_norm: 11.1925  loss: 0.4513  loss_cls: 0.1109  loss_bbox: 0.2373  loss_mask: 0.1031
2026/08/08 22:55:36 - mmengine - INFO - Epoch(train)  [53][30/68]  base_lr: 1.2431e-04 lr: 1.2431e-04  eta: 0:19:38  time: 0.3733  data_time: 0.1411  memory: 601  grad_norm: 11.3260  loss: 0.4681  loss_cls: 0.1214  loss_bbox: 0.2413  loss_mask: 0.1054
2026/08/08 22:55:40 - mmengine - INFO - Epoch(train)  [53][40/68]  base_lr: 1.2423e-04 lr: 1.2423e-04  eta: 0:19:34  time: 0.3729  data_time: 0.1379  memory: 602  grad_norm: 10.7785  loss: 0.4629  loss_cls: 0.1217  loss_bbox: 0.2364  loss_mask: 0.1049
2026/08/08 22:55:43 - mmengine - INFO - Epoch(train)  [53][50/68]  base_lr: 1.2413e-04 lr: 1.2413e-04  eta: 0:19:30  time: 0.3661  data_time: 0.1335  memory: 601  grad_norm: 10.8555  loss: 0.4640  loss_cls: 0.1224  loss_bbox: 0.2357  loss_mask: 0.1059
2026/08/08 22:55:47 - mmengine - INFO - Epoch(train)  [53][60/68]  base_lr: 1.2404e-04 lr: 1.2404e-04  eta: 0:19:26  time: 0.3557  data_time: 0.1250  memory: 601  grad_norm: 11.1848  loss: 0.4832  loss_cls: 0.1309  loss_bbox: 0.2409  loss_mask: 0.1113
2026/08/08 22:55:49 - mmengine - INFO - Exp name: rtmdet_ins_busi_20260808_222414
2026/08/08 22:55:49 - mmengine - INFO - Saving checkpoint at 53 epochs
2026/08/08 22:55:52 - mmengine - INFO - Epoch(val)  [53][ 10/116]    eta: 0:00:04  time: 0.0475  data_time: 0.0062  memory: 603  
2026/08/08 22:55:52 - mmengine - INFO - Epoch(val)  [53][ 20/116]    eta: 0:00:03  time: 0.0449  data_time: 0.0060  memory: 122  
2026/08/08 22:55:53 - mmengine - INFO - Epoch(val)  [53][ 30/116]    eta: 0:00:03  time: 0.0414  data_time: 0.0054  memory: 124  
2026/08/08 22:55:53 - mmengine - INFO - Epoch(val)  [53][ 40/116]    eta: 0:00:02  time: 0.0401  data_time: 0.0049  memory: 133  
2026/08/08 22:55:54 - mmengine - INFO - Epoch(val)  [53][ 50/116]    eta: 0:00:02  time: 0.0403  data_time: 0.0049  memory: 158  
2026/08/08 22:55:54 - mmengine - INFO - Epoch(val)  [53][ 60/116]    eta: 0:00:02  time: 0.0414  data_time: 0.0052  memory: 138  
2026/08/08 22:55:55 - mmengine - INFO - Epoch(val)  [53][ 70/116]    eta: 0:00:01  time: 0.0423  data_time: 0.0054  memory: 116  
2026/08/08 22:55:55 - mmengine - INFO - Epoch(val)  [53][ 80/116]    eta: 0:00:01  time: 0.0457  data_time: 0.0057  memory: 125  
2026/08/08 22:55:56 - mmengine - INFO - Epoch(val)  [53][ 90/116]    eta: 0:00:01  time: 0.0481  data_time: 0.0064  memory: 151  
2026/08/08 22:55:56 - mmengine - INFO - Epoch(val)  [53][100/116]    eta: 0:00:00  time: 0.0483  data_time: 0.0063  memory: 189  
2026/08/08 22:55:57 - mmengine - INFO - Epoch(val)  [53][110/116]    eta: 0:00:00  time: 0.0482  data_time: 0.0061  memory: 118  
2026/08/08 22:55:57 - mmengine - INFO - Evaluating bbox...
2026/08/08 22:55:57 - mmengine - INFO - bbox_mAP_copypaste: 0.601 0.887 0.693 0.000 0.714 0.549
2026/08/08 22:55:57 - mmengine - INFO - Evaluating segm...
2026/08/08 22:55:57 - mmengine - INFO - segm_mAP_copypaste: 0.610 0.885 0.702 0.006 0.719 0.559
2026/08/08 22:55:59 - mmengine - INFO - val kayip: val_kayip_cls 0.4775  val_kayip_bbox 0.2632  val_kayip_mask 0.1248  val_kayip 0.8655
2026/08/08 22:55:59 - mmengine - INFO - Epoch(val) [53][116/116]    busi/dice_tum: 0.8059  busi/dice_lezyonlu: 0.7863  busi/bos_dogru: 18  busi/esik: 0.5000  val_kayip_cls: 0.4775  val_kayip_bbox: 0.2632  val_kayip_mask: 0.1248  val_kayip: 0.8655  coco/bbox_mAP: 0.6010  coco/bbox_mAP_50: 0.8870  coco/bbox_mAP_75: 0.6930  coco/bbox_mAP_s: 0.0000  coco/bbox_mAP_m: 0.7140  coco/bbox_mAP_l: 0.5490  coco/segm_mAP: 0.6100  coco/segm_mAP_50: 0.8850  coco/segm_mAP_75: 0.7020  coco/segm_mAP_s: 0.0060  coco/segm_mAP_m: 0.7190  coco/segm_mAP_l: 0.5590  data_time: 0.0057  time: 0.0445
2026/08/08 22:56:03 - mmengine - INFO - Epoch(train)  [54][10/68]  base_lr: 1.2385e-04 lr: 1.2385e-04  eta: 0:19:20  time: 0.3517  data_time: 0.1245  memory: 601  grad_norm: 11.0362  loss: 0.4699  loss_cls: 0.1233  loss_bbox: 0.2396  loss_mask: 0.1071
2026/08/08 22:56:06 - mmengine - INFO - Epoch(train)  [54][20/68]  base_lr: 1.2374e-04 lr: 1.2374e-04  eta: 0:19:16  time: 0.3570  data_time: 0.1299  memory: 602  grad_norm: 10.9041  loss: 0.4594  loss_cls: 0.1177  loss_bbox: 0.2374  loss_mask: 0.1043
2026/08/08 22:56:10 - mmengine - INFO - Epoch(train)  [54][30/68]  base_lr: 1.2363e-04 lr: 1.2363e-04  eta: 0:19:12  time: 0.3570  data_time: 0.1284  memory: 604  grad_norm: 10.5748  loss: 0.4532  loss_cls: 0.1164  loss_bbox: 0.2324  loss_mask: 0.1044
2026/08/08 22:56:14 - mmengine - INFO - Epoch(train)  [54][40/68]  base_lr: 1.2351e-04 lr: 1.2351e-04  eta: 0:19:09  time: 0.3569  data_time: 0.1275  memory: 599  grad_norm: 10.5973  loss: 0.4494  loss_cls: 0.1178  loss_bbox: 0.2290  loss_mask: 0.1026
2026/08/08 22:56:17 - mmengine - INFO - Epoch(train)  [54][50/68]  base_lr: 1.2338e-04 lr: 1.2338e-04  eta: 0:19:05  time: 0.3663  data_time: 0.1340  memory: 601  grad_norm: 10.2146  loss: 0.4366  loss_cls: 0.1115  loss_bbox: 0.2227  loss_mask: 0.1025
2026/08/08 22:56:21 - mmengine - INFO - Epoch(train)  [54][60/68]  base_lr: 1.2326e-04 lr: 1.2326e-04  eta: 0:19:01  time: 0.3675  data_time: 0.1360  memory: 601  grad_norm: 10.2839  loss: 0.4520  loss_cls: 0.1159  loss_bbox: 0.2282  loss_mask: 0.1079
2026/08/08 22:56:24 - mmengine - INFO - Exp name: rtmdet_ins_busi_20260808_222414
2026/08/08 22:56:24 - mmengine - INFO - Saving checkpoint at 54 epochs
2026/08/08 22:56:26 - mmengine - INFO - Epoch(val)  [54][ 10/116]    eta: 0:00:04  time: 0.0483  data_time: 0.0063  memory: 601  
2026/08/08 22:56:27 - mmengine - INFO - Epoch(val)  [54][ 20/116]    eta: 0:00:04  time: 0.0468  data_time: 0.0062  memory: 125  
2026/08/08 22:56:27 - mmengine - INFO - Epoch(val)  [54][ 30/116]    eta: 0:00:03  time: 0.0437  data_time: 0.0058  memory: 115  
2026/08/08 22:56:28 - mmengine - INFO - Epoch(val)  [54][ 40/116]    eta: 0:00:03  time: 0.0425  data_time: 0.0056  memory: 125  
2026/08/08 22:56:28 - mmengine - INFO - Epoch(val)  [54][ 50/116]    eta: 0:00:02  time: 0.0425  data_time: 0.0057  memory: 187  
2026/08/08 22:56:29 - mmengine - INFO - Epoch(val)  [54][ 60/116]    eta: 0:00:02  time: 0.0431  data_time: 0.0060  memory: 147  
2026/08/08 22:56:29 - mmengine - INFO - Epoch(val)  [54][ 70/116]    eta: 0:00:02  time: 0.0440  data_time: 0.0060  memory: 127  
2026/08/08 22:56:30 - mmengine - INFO - Epoch(val)  [54][ 80/116]    eta: 0:00:01  time: 0.0454  data_time: 0.0061  memory: 134  
2026/08/08 22:56:30 - mmengine - INFO - Epoch(val)  [54][ 90/116]    eta: 0:00:01  time: 0.0470  data_time: 0.0065  memory: 151  
2026/08/08 22:56:30 - mmengine - INFO - Epoch(val)  [54][100/116]    eta: 0:00:00  time: 0.0469  data_time: 0.0063  memory: 180  
2026/08/08 22:56:31 - mmengine - INFO - Epoch(val)  [54][110/116]    eta: 0:00:00  time: 0.0468  data_time: 0.0060  memory: 114  
2026/08/08 22:56:31 - mmengine - INFO - Evaluating bbox...
2026/08/08 22:56:31 - mmengine - INFO - bbox_mAP_copypaste: 0.619 0.890 0.707 0.000 0.741 0.562
2026/08/08 22:56:31 - mmengine - INFO - Evaluating segm...
2026/08/08 22:56:31 - mmengine - INFO - segm_mAP_copypaste: 0.615 0.894 0.722 0.009 0.727 0.563
2026/08/08 22:56:34 - mmengine - INFO - val kayip: val_kayip_cls 0.3292  val_kayip_bbox 0.2566  val_kayip_mask 0.1279  val_kayip 0.7137
2026/08/08 22:56:34 - mmengine - INFO - Epoch(val) [54][116/116]    busi/dice_tum: 0.8340  busi/dice_lezyonlu: 0.7995  busi/bos_dogru: 20  busi/esik: 0.4000  val_kayip_cls: 0.3292  val_kayip_bbox: 0.2566  val_kayip_mask: 0.1279  val_kayip: 0.7137  coco/bbox_mAP: 0.6190  coco/bbox_mAP_50: 0.8900  coco/bbox_mAP_75: 0.7070  coco/bbox_mAP_s: 0.0000  coco/bbox_mAP_m: 0.7410  coco/bbox_mAP_l: 0.5620  coco/segm_mAP: 0.6150  coco/segm_mAP_50: 0.8940  coco/segm_mAP_75: 0.7220  coco/segm_mAP_s: 0.0090  coco/segm_mAP_m: 0.7270  coco/segm_mAP_l: 0.5630  data_time: 0.0061  time: 0.0455
2026/08/08 22:56:34 - mmengine - INFO - The previous best checkpoint d:\mamografi\real_time_segmentasyon\rtmdet\calisma\rtmdet_ins_tiny_256_orta_s44\best_busi_dice_tum_epoch_45.pth is removed
2026/08/08 22:56:35 - mmengine - INFO - The best checkpoint with 0.8340 busi/dice_tum at 54 epoch is saved to best_busi_dice_tum_epoch_54.pth.
2026/08/08 22:56:41 - mmengine - INFO - Epoch(train)  [55][10/68]  base_lr: 1.2301e-04 lr: 1.2301e-04  eta: 0:18:55  time: 0.3664  data_time: 0.1381  memory: 599  grad_norm: 10.2444  loss: 0.4465  loss_cls: 0.1074  loss_bbox: 0.2316  loss_mask: 0.1074
2026/08/08 22:56:45 - mmengine - INFO - Epoch(train)  [55][20/68]  base_lr: 1.2287e-04 lr: 1.2287e-04  eta: 0:18:51  time: 0.3646  data_time: 0.1374  memory: 603  grad_norm: 10.1849  loss: 0.4566  loss_cls: 0.1148  loss_bbox: 0.2330  loss_mask: 0.1088
2026/08/08 22:56:48 - mmengine - INFO - Epoch(train)  [55][30/68]  base_lr: 1.2272e-04 lr: 1.2272e-04  eta: 0:18:47  time: 0.3624  data_time: 0.1354  memory: 602  grad_norm: 10.1450  loss: 0.4541  loss_cls: 0.1115  loss_bbox: 0.2340  loss_mask: 0.1086
2026/08/08 22:56:52 - mmengine - INFO - Epoch(train)  [55][40/68]  base_lr: 1.2257e-04 lr: 1.2257e-04  eta: 0:18:44  time: 0.3593  data_time: 0.1314  memory: 601  grad_norm: 10.1312  loss: 0.4455  loss_cls: 0.1091  loss_bbox: 0.2314  loss_mask: 0.1050
2026/08/08 22:56:56 - mmengine - INFO - Epoch(train)  [55][50/68]  base_lr: 1.2241e-04 lr: 1.2241e-04  eta: 0:18:40  time: 0.3651  data_time: 0.1365  memory: 600  grad_norm: 10.1058  loss: 0.4548  loss_cls: 0.1140  loss_bbox: 0.2363  loss_mask: 0.1045
2026/08/08 22:56:59 - mmengine - INFO - Epoch(train)  [55][60/68]  base_lr: 1.2224e-04 lr: 1.2224e-04  eta: 0:18:37  time: 0.3621  data_time: 0.1323  memory: 601  grad_norm: 10.4922  loss: 0.4540  loss_cls: 0.1188  loss_bbox: 0.2335  loss_mask: 0.1017
2026/08/08 22:57:02 - mmengine - INFO - Exp name: rtmdet_ins_busi_20260808_222414
2026/08/08 22:57:02 - mmengine - INFO - Saving checkpoint at 55 epochs
2026/08/08 22:57:05 - mmengine - INFO - Epoch(val)  [55][ 10/116]    eta: 0:00:04  time: 0.0474  data_time: 0.0063  memory: 602  
2026/08/08 22:57:05 - mmengine - INFO - Epoch(val)  [55][ 20/116]    eta: 0:00:04  time: 0.0468  data_time: 0.0063  memory: 125  
2026/08/08 22:57:06 - mmengine - INFO - Epoch(val)  [55][ 30/116]    eta: 0:00:03  time: 0.0452  data_time: 0.0060  memory: 122  
2026/08/08 22:57:06 - mmengine - INFO - Epoch(val)  [55][ 40/116]    eta: 0:00:03  time: 0.0437  data_time: 0.0059  memory: 118  
2026/08/08 22:57:07 - mmengine - INFO - Epoch(val)  [55][ 50/116]    eta: 0:00:02  time: 0.0425  data_time: 0.0058  memory: 176  
2026/08/08 22:57:07 - mmengine - INFO - Epoch(val)  [55][ 60/116]    eta: 0:00:02  time: 0.0438  data_time: 0.0061  memory: 138  
2026/08/08 22:57:08 - mmengine - INFO - Epoch(val)  [55][ 70/116]    eta: 0:00:02  time: 0.0439  data_time: 0.0061  memory: 125  
2026/08/08 22:57:08 - mmengine - INFO - Epoch(val)  [55][ 80/116]    eta: 0:00:01  time: 0.0448  data_time: 0.0063  memory: 123  
2026/08/08 22:57:09 - mmengine - INFO - Epoch(val)  [55][ 90/116]    eta: 0:00:01  time: 0.0476  data_time: 0.0067  memory: 151  
2026/08/08 22:57:09 - mmengine - INFO - Epoch(val)  [55][100/116]    eta: 0:00:00  time: 0.0479  data_time: 0.0066  memory: 166  
2026/08/08 22:57:09 - mmengine - INFO - Epoch(val)  [55][110/116]    eta: 0:00:00  time: 0.0472  data_time: 0.0063  memory: 112  
2026/08/08 22:57:10 - mmengine - INFO - Evaluating bbox...
2026/08/08 22:57:10 - mmengine - INFO - bbox_mAP_copypaste: 0.620 0.878 0.724 0.000 0.704 0.576
2026/08/08 22:57:10 - mmengine - INFO - Evaluating segm...
2026/08/08 22:57:10 - mmengine - INFO - segm_mAP_copypaste: 0.620 0.882 0.716 0.010 0.723 0.569
2026/08/08 22:57:12 - mmengine - INFO - val kayip: val_kayip_cls 0.3555  val_kayip_bbox 0.2565  val_kayip_mask 0.1261  val_kayip 0.7380
2026/08/08 22:57:12 - mmengine - INFO - Epoch(val) [55][116/116]    busi/dice_tum: 0.7998  busi/dice_lezyonlu: 0.7685  busi/bos_dogru: 19  busi/esik: 0.5000  val_kayip_cls: 0.3555  val_kayip_bbox: 0.2565  val_kayip_mask: 0.1261  val_kayip: 0.7380  coco/bbox_mAP: 0.6200  coco/bbox_mAP_50: 0.8780  coco/bbox_mAP_75: 0.7240  coco/bbox_mAP_s: 0.0000  coco/bbox_mAP_m: 0.7040  coco/bbox_mAP_l: 0.5760  coco/segm_mAP: 0.6200  coco/segm_mAP_50: 0.8820  coco/segm_mAP_75: 0.7160  coco/segm_mAP_s: 0.0100  coco/segm_mAP_m: 0.7230  coco/segm_mAP_l: 0.5690  data_time: 0.0062  time: 0.0453
2026/08/08 22:57:16 - mmengine - INFO - Epoch(train)  [56][10/68]  base_lr: 1.2194e-04 lr: 1.2194e-04  eta: 0:18:30  time: 0.3693  data_time: 0.1381  memory: 601  grad_norm: 11.1144  loss: 0.4604  loss_cls: 0.1260  loss_bbox: 0.2336  loss_mask: 0.1007
2026/08/08 22:57:20 - mmengine - INFO - Epoch(train)  [56][20/68]  base_lr: 1.2176e-04 lr: 1.2176e-04  eta: 0:18:27  time: 0.3751  data_time: 0.1442  memory: 603  grad_norm: 10.9351  loss: 0.4545  loss_cls: 0.1240  loss_bbox: 0.2302  loss_mask: 0.1004
2026/08/08 22:57:23 - mmengine - INFO - Epoch(train)  [56][30/68]  base_lr: 1.2158e-04 lr: 1.2158e-04  eta: 0:18:23  time: 0.3752  data_time: 0.1442  memory: 602  grad_norm: 10.8316  loss: 0.4444  loss_cls: 0.1196  loss_bbox: 0.2249  loss_mask: 0.1000
2026/08/08 22:57:27 - mmengine - INFO - Epoch(train)  [56][40/68]  base_lr: 1.2140e-04 lr: 1.2140e-04  eta: 0:18:20  time: 0.3736  data_time: 0.1435  memory: 601  grad_norm: 11.3097  loss: 0.4571  loss_cls: 0.1245  loss_bbox: 0.2301  loss_mask: 0.1025
2026/08/08 22:57:31 - mmengine - INFO - Epoch(train)  [56][50/68]  base_lr: 1.2121e-04 lr: 1.2121e-04  eta: 0:18:16  time: 0.3744  data_time: 0.1419  memory: 602  grad_norm: 10.5887  loss: 0.4467  loss_cls: 0.1143  loss_bbox: 0.2307  loss_mask: 0.1016
2026/08/08 22:57:35 - mmengine - INFO - Epoch(train)  [56][60/68]  base_lr: 1.2101e-04 lr: 1.2101e-04  eta: 0:18:12  time: 0.3740  data_time: 0.1405  memory: 601  grad_norm: 10.4798  loss: 0.4433  loss_cls: 0.1119  loss_bbox: 0.2298  loss_mask: 0.1016
2026/08/08 22:57:37 - mmengine - INFO - Exp name: rtmdet_ins_busi_20260808_222414
2026/08/08 22:57:37 - mmengine - INFO - Saving checkpoint at 56 epochs
2026/08/08 22:57:40 - mmengine - INFO - Epoch(val)  [56][ 10/116]    eta: 0:00:04  time: 0.0478  data_time: 0.0065  memory: 600  
2026/08/08 22:57:41 - mmengine - INFO - Epoch(val)  [56][ 20/116]    eta: 0:00:04  time: 0.0463  data_time: 0.0062  memory: 125  
2026/08/08 22:57:41 - mmengine - INFO - Epoch(val)  [56][ 30/116]    eta: 0:00:03  time: 0.0436  data_time: 0.0058  memory: 129  
2026/08/08 22:57:41 - mmengine - INFO - Epoch(val)  [56][ 40/116]    eta: 0:00:03  time: 0.0429  data_time: 0.0057  memory: 125  
2026/08/08 22:57:42 - mmengine - INFO - Epoch(val)  [56][ 50/116]    eta: 0:00:02  time: 0.0433  data_time: 0.0058  memory: 193  
2026/08/08 22:57:42 - mmengine - INFO - Epoch(val)  [56][ 60/116]    eta: 0:00:02  time: 0.0445  data_time: 0.0060  memory: 164  
2026/08/08 22:57:43 - mmengine - INFO - Epoch(val)  [56][ 70/116]    eta: 0:00:02  time: 0.0466  data_time: 0.0063  memory: 131  
2026/08/08 22:57:43 - mmengine - INFO - Epoch(val)  [56][ 80/116]    eta: 0:00:01  time: 0.0480  data_time: 0.0066  memory: 128  
2026/08/08 22:57:44 - mmengine - INFO - Epoch(val)  [56][ 90/116]    eta: 0:00:01  time: 0.0501  data_time: 0.0071  memory: 145  
2026/08/08 22:57:44 - mmengine - INFO - Epoch(val)  [56][100/116]    eta: 0:00:00  time: 0.0500  data_time: 0.0069  memory: 189  
2026/08/08 22:57:45 - mmengine - INFO - Epoch(val)  [56][110/116]    eta: 0:00:00  time: 0.0498  data_time: 0.0067  memory: 129  
2026/08/08 22:57:45 - mmengine - INFO - Evaluating bbox...
2026/08/08 22:57:45 - mmengine - INFO - bbox_mAP_copypaste: 0.624 0.890 0.723 0.000 0.735 0.571
2026/08/08 22:57:45 - mmengine - INFO - Evaluating segm...
2026/08/08 22:57:45 - mmengine - INFO - segm_mAP_copypaste: 0.614 0.885 0.657 0.009 0.734 0.558
2026/08/08 22:57:48 - mmengine - INFO - val kayip: val_kayip_cls 0.5863  val_kayip_bbox 0.2485  val_kayip_mask 0.1284  val_kayip 0.9632
2026/08/08 22:57:48 - mmengine - INFO - Epoch(val) [56][116/116]    busi/dice_tum: 0.8087  busi/dice_lezyonlu: 0.7793  busi/bos_dogru: 19  busi/esik: 0.5000  val_kayip_cls: 0.5863  val_kayip_bbox: 0.2485  val_kayip_mask: 0.1284  val_kayip: 0.9632  coco/bbox_mAP: 0.6240  coco/bbox_mAP_50: 0.8900  coco/bbox_mAP_75: 0.7230  coco/bbox_mAP_s: 0.0000  coco/bbox_mAP_m: 0.7350  coco/bbox_mAP_l: 0.5710  coco/segm_mAP: 0.6140  coco/segm_mAP_50: 0.8850  coco/segm_mAP_75: 0.6570  coco/segm_mAP_s: 0.0090  coco/segm_mAP_m: 0.7340  coco/segm_mAP_l: 0.5580  data_time: 0.0064  time: 0.0470
2026/08/08 22:57:51 - mmengine - INFO - Epoch(train)  [57][10/68]  base_lr: 1.2065e-04 lr: 1.2065e-04  eta: 0:18:06  time: 0.3716  data_time: 0.1361  memory: 604  grad_norm: 10.8232  loss: 0.4568  loss_cls: 0.1161  loss_bbox: 0.2360  loss_mask: 0.1048
2026/08/08 22:57:55 - mmengine - INFO - Epoch(train)  [57][20/68]  base_lr: 1.2044e-04 lr: 1.2044e-04  eta: 0:18:03  time: 0.3764  data_time: 0.1391  memory: 599  grad_norm: 10.1876  loss: 0.4447  loss_cls: 0.1114  loss_bbox: 0.2295  loss_mask: 0.1038
2026/08/08 22:57:59 - mmengine - INFO - Epoch(train)  [57][30/68]  base_lr: 1.2023e-04 lr: 1.2023e-04  eta: 0:17:59  time: 0.3826  data_time: 0.1464  memory: 600  grad_norm: 10.1040  loss: 0.4543  loss_cls: 0.1184  loss_bbox: 0.2326  loss_mask: 0.1033
2026/08/08 22:58:03 - mmengine - INFO - Epoch(train)  [57][40/68]  base_lr: 1.2001e-04 lr: 1.2001e-04  eta: 0:17:55  time: 0.3792  data_time: 0.1431  memory: 603  grad_norm: 9.7697  loss: 0.4609  loss_cls: 0.1200  loss_bbox: 0.2370  loss_mask: 0.1038
2026/08/08 22:58:06 - mmengine - INFO - Epoch(train)  [57][50/68]  base_lr: 1.1978e-04 lr: 1.1978e-04  eta: 0:17:52  time: 0.3786  data_time: 0.1421  memory: 601  grad_norm: 10.0701  loss: 0.4620  loss_cls: 0.1149  loss_bbox: 0.2411  loss_mask: 0.1061
2026/08/08 22:58:10 - mmengine - INFO - Epoch(train)  [57][60/68]  base_lr: 1.1956e-04 lr: 1.1956e-04  eta: 0:17:48  time: 0.3779  data_time: 0.1398  memory: 601  grad_norm: 10.0585  loss: 0.4577  loss_cls: 0.1173  loss_bbox: 0.2362  loss_mask: 0.1041
2026/08/08 22:58:13 - mmengine - INFO - Exp name: rtmdet_ins_busi_20260808_222414
2026/08/08 22:58:13 - mmengine - INFO - Saving checkpoint at 57 epochs
2026/08/08 22:58:16 - mmengine - INFO - Epoch(val)  [57][ 10/116]    eta: 0:00:04  time: 0.0488  data_time: 0.0066  memory: 602  
2026/08/08 22:58:16 - mmengine - INFO - Epoch(val)  [57][ 20/116]    eta: 0:00:04  time: 0.0471  data_time: 0.0064  memory: 113  
2026/08/08 22:58:17 - mmengine - INFO - Epoch(val)  [57][ 30/116]    eta: 0:00:03  time: 0.0450  data_time: 0.0059  memory: 120  
2026/08/08 22:58:17 - mmengine - INFO - Epoch(val)  [57][ 40/116]    eta: 0:00:03  time: 0.0432  data_time: 0.0057  memory: 111  
2026/08/08 22:58:17 - mmengine - INFO - Epoch(val)  [57][ 50/116]    eta: 0:00:02  time: 0.0433  data_time: 0.0059  memory: 170  
2026/08/08 22:58:18 - mmengine - INFO - Epoch(val)  [57][ 60/116]    eta: 0:00:02  time: 0.0441  data_time: 0.0061  memory: 116  
2026/08/08 22:58:18 - mmengine - INFO - Epoch(val)  [57][ 70/116]    eta: 0:00:02  time: 0.0442  data_time: 0.0061  memory: 127  
2026/08/08 22:58:19 - mmengine - INFO - Epoch(val)  [57][ 80/116]    eta: 0:00:01  time: 0.0449  data_time: 0.0062  memory: 112  
2026/08/08 22:58:19 - mmengine - INFO - Epoch(val)  [57][ 90/116]    eta: 0:00:01  time: 0.0467  data_time: 0.0066  memory: 145  
2026/08/08 22:58:20 - mmengine - INFO - Epoch(val)  [57][100/116]    eta: 0:00:00  time: 0.0461  data_time: 0.0064  memory: 145  
2026/08/08 22:58:20 - mmengine - INFO - Epoch(val)  [57][110/116]    eta: 0:00:00  time: 0.0456  data_time: 0.0062  memory: 118  
2026/08/08 22:58:21 - mmengine - INFO - Evaluating bbox...
2026/08/08 22:58:21 - mmengine - INFO - bbox_mAP_copypaste: 0.615 0.889 0.698 0.000 0.728 0.569
2026/08/08 22:58:21 - mmengine - INFO - Evaluating segm...
2026/08/08 22:58:21 - mmengine - INFO - segm_mAP_copypaste: 0.613 0.891 0.706 0.004 0.725 0.563
2026/08/08 22:58:23 - mmengine - INFO - val kayip: val_kayip_cls 0.3439  val_kayip_bbox 0.2575  val_kayip_mask 0.1273  val_kayip 0.7287
2026/08/08 22:58:23 - mmengine - INFO - Epoch(val) [57][116/116]    busi/dice_tum: 0.8117  busi/dice_lezyonlu: 0.7725  busi/bos_dogru: 20  busi/esik: 0.5000  val_kayip_cls: 0.3439  val_kayip_bbox: 0.2575  val_kayip_mask: 0.1273  val_kayip: 0.7287  coco/bbox_mAP: 0.6150  coco/bbox_mAP_50: 0.8890  coco/bbox_mAP_75: 0.6980  coco/bbox_mAP_s: 0.0000  coco/bbox_mAP_m: 0.7280  coco/bbox_mAP_l: 0.5690  coco/segm_mAP: 0.6130  coco/segm_mAP_50: 0.8910  coco/segm_mAP_75: 0.7060  coco/segm_mAP_s: 0.0040  coco/segm_mAP_m: 0.7250  coco/segm_mAP_l: 0.5630  data_time: 0.0061  time: 0.0447
2026/08/08 22:58:26 - mmengine - INFO - Epoch(train)  [58][10/68]  base_lr: 1.1914e-04 lr: 1.1914e-04  eta: 0:17:42  time: 0.3665  data_time: 0.1294  memory: 600  grad_norm: 10.6113  loss: 0.4496  loss_cls: 0.1126  loss_bbox: 0.2343  loss_mask: 0.1027
2026/08/08 22:58:30 - mmengine - INFO - Epoch(train)  [58][20/68]  base_lr: 1.1890e-04 lr: 1.1890e-04  eta: 0:17:38  time: 0.3715  data_time: 0.1356  memory: 603  grad_norm: 10.6128  loss: 0.4468  loss_cls: 0.1120  loss_bbox: 0.2320  loss_mask: 0.1028
2026/08/08 22:58:34 - mmengine - INFO - Epoch(train)  [58][30/68]  base_lr: 1.1865e-04 lr: 1.1865e-04  eta: 0:17:35  time: 0.3746  data_time: 0.1402  memory: 601  grad_norm: 10.0412  loss: 0.4389  loss_cls: 0.1074  loss_bbox: 0.2291  loss_mask: 0.1023
2026/08/08 22:58:38 - mmengine - INFO - Epoch(train)  [58][40/68]  base_lr: 1.1840e-04 lr: 1.1840e-04  eta: 0:17:31  time: 0.3761  data_time: 0.1423  memory: 603  grad_norm: 10.0563  loss: 0.4533  loss_cls: 0.1140  loss_bbox: 0.2354  loss_mask: 0.1039
2026/08/08 22:58:42 - mmengine - INFO - Epoch(train)  [58][50/68]  base_lr: 1.1815e-04 lr: 1.1815e-04  eta: 0:17:28  time: 0.3825  data_time: 0.1464  memory: 603  grad_norm: 10.2082  loss: 0.4531  loss_cls: 0.1113  loss_bbox: 0.2382  loss_mask: 0.1035
2026/08/08 22:58:46 - mmengine - INFO - Epoch(train)  [58][60/68]  base_lr: 1.1789e-04 lr: 1.1789e-04  eta: 0:17:24  time: 0.3892  data_time: 0.1517  memory: 603  grad_norm: 10.1151  loss: 0.4502  loss_cls: 0.1082  loss_bbox: 0.2380  loss_mask: 0.1040
2026/08/08 22:58:49 - mmengine - INFO - Exp name: rtmdet_ins_busi_20260808_222414
2026/08/08 22:58:49 - mmengine - INFO - Saving checkpoint at 58 epochs
2026/08/08 22:58:52 - mmengine - INFO - Epoch(val)  [58][ 10/116]    eta: 0:00:04  time: 0.0462  data_time: 0.0063  memory: 599  
2026/08/08 22:58:52 - mmengine - INFO - Epoch(val)  [58][ 20/116]    eta: 0:00:04  time: 0.0453  data_time: 0.0062  memory: 122  
2026/08/08 22:58:52 - mmengine - INFO - Epoch(val)  [58][ 30/116]    eta: 0:00:03  time: 0.0441  data_time: 0.0059  memory: 129  
2026/08/08 22:58:53 - mmengine - INFO - Epoch(val)  [58][ 40/116]    eta: 0:00:03  time: 0.0431  data_time: 0.0057  memory: 111  
2026/08/08 22:58:53 - mmengine - INFO - Epoch(val)  [58][ 50/116]    eta: 0:00:02  time: 0.0436  data_time: 0.0060  memory: 181  
2026/08/08 22:58:54 - mmengine - INFO - Epoch(val)  [58][ 60/116]    eta: 0:00:02  time: 0.0444  data_time: 0.0063  memory: 134  
2026/08/08 22:58:54 - mmengine - INFO - Epoch(val)  [58][ 70/116]    eta: 0:00:02  time: 0.0446  data_time: 0.0062  memory: 131  
2026/08/08 22:58:55 - mmengine - INFO - Epoch(val)  [58][ 80/116]    eta: 0:00:01  time: 0.0450  data_time: 0.0064  memory: 118  
2026/08/08 22:58:55 - mmengine - INFO - Epoch(val)  [58][ 90/116]    eta: 0:00:01  time: 0.0469  data_time: 0.0067  memory: 163  
2026/08/08 22:58:56 - mmengine - INFO - Epoch(val)  [58][100/116]    eta: 0:00:00  time: 0.0470  data_time: 0.0065  memory: 162  
2026/08/08 22:58:56 - mmengine - INFO - Epoch(val)  [58][110/116]    eta: 0:00:00  time: 0.0469  data_time: 0.0062  memory: 122  
2026/08/08 22:58:56 - mmengine - INFO - Evaluating bbox...
2026/08/08 22:58:56 - mmengine - INFO - bbox_mAP_copypaste: 0.611 0.880 0.725 0.000 0.703 0.564
2026/08/08 22:58:56 - mmengine - INFO - Evaluating segm...
2026/08/08 22:58:57 - mmengine - INFO - segm_mAP_copypaste: 0.612 0.886 0.698 0.006 0.716 0.560
2026/08/08 22:58:59 - mmengine - INFO - val kayip: val_kayip_cls 0.4728  val_kayip_bbox 0.2655  val_kayip_mask 0.1279  val_kayip 0.8663
2026/08/08 22:58:59 - mmengine - INFO - Epoch(val) [58][116/116]    busi/dice_tum: 0.8011  busi/dice_lezyonlu: 0.7701  busi/bos_dogru: 19  busi/esik: 0.5000  val_kayip_cls: 0.4728  val_kayip_bbox: 0.2655  val_kayip_mask: 0.1279  val_kayip: 0.8663  coco/bbox_mAP: 0.6110  coco/bbox_mAP_50: 0.8800  coco/bbox_mAP_75: 0.7250  coco/bbox_mAP_s: 0.0000  coco/bbox_mAP_m: 0.7030  coco/bbox_mAP_l: 0.5640  coco/segm_mAP: 0.6120  coco/segm_mAP_50: 0.8860  coco/segm_mAP_75: 0.6980  coco/segm_mAP_s: 0.0060  coco/segm_mAP_m: 0.7160  coco/segm_mAP_l: 0.5600  data_time: 0.0062  time: 0.0456
2026/08/08 22:59:03 - mmengine - INFO - Epoch(train)  [59][10/68]  base_lr: 1.1742e-04 lr: 1.1742e-04  eta: 0:17:18  time: 0.3915  data_time: 0.1513  memory: 605  grad_norm: 10.3269  loss: 0.4487  loss_cls: 0.1087  loss_bbox: 0.2360  loss_mask: 0.1040
2026/08/08 22:59:07 - mmengine - INFO - Epoch(train)  [59][20/68]  base_lr: 1.1715e-04 lr: 1.1715e-04  eta: 0:17:15  time: 0.3899  data_time: 0.1508  memory: 602  grad_norm: 10.3014  loss: 0.4328  loss_cls: 0.1014  loss_bbox: 0.2304  loss_mask: 0.1010
2026/08/08 22:59:10 - mmengine - INFO - Epoch(train)  [59][30/68]  base_lr: 1.1687e-04 lr: 1.1687e-04  eta: 0:17:11  time: 0.3850  data_time: 0.1470  memory: 601  grad_norm: 10.5495  loss: 0.4353  loss_cls: 0.1026  loss_bbox: 0.2306  loss_mask: 0.1020
2026/08/08 22:59:14 - mmengine - INFO - Epoch(train)  [59][40/68]  base_lr: 1.1659e-04 lr: 1.1659e-04  eta: 0:17:07  time: 0.3818  data_time: 0.1435  memory: 601  grad_norm: 10.6820  loss: 0.4552  loss_cls: 0.1144  loss_bbox: 0.2369  loss_mask: 0.1038
2026/08/08 22:59:18 - mmengine - INFO - Epoch(train)  [59][50/68]  base_lr: 1.1631e-04 lr: 1.1631e-04  eta: 0:17:04  time: 0.3842  data_time: 0.1437  memory: 601  grad_norm: 9.9028  loss: 0.4410  loss_cls: 0.1084  loss_bbox: 0.2298  loss_mask: 0.1028
2026/08/08 22:59:20 - mmengine - INFO - Exp name: rtmdet_ins_busi_20260808_222414
2026/08/08 22:59:22 - mmengine - INFO - Epoch(train)  [59][60/68]  base_lr: 1.1602e-04 lr: 1.1602e-04  eta: 0:17:00  time: 0.3801  data_time: 0.1405  memory: 601  grad_norm: 9.9851  loss: 0.4485  loss_cls: 0.1111  loss_bbox: 0.2336  loss_mask: 0.1037
2026/08/08 22:59:25 - mmengine - INFO - Exp name: rtmdet_ins_busi_20260808_222414
2026/08/08 22:59:25 - mmengine - INFO - Saving checkpoint at 59 epochs
2026/08/08 22:59:28 - mmengine - INFO - Epoch(val)  [59][ 10/116]    eta: 0:00:04  time: 0.0481  data_time: 0.0064  memory: 599  
2026/08/08 22:59:28 - mmengine - INFO - Epoch(val)  [59][ 20/116]    eta: 0:00:04  time: 0.0474  data_time: 0.0064  memory: 112  
2026/08/08 22:59:29 - mmengine - INFO - Epoch(val)  [59][ 30/116]    eta: 0:00:03  time: 0.0456  data_time: 0.0060  memory: 139  
2026/08/08 22:59:29 - mmengine - INFO - Epoch(val)  [59][ 40/116]    eta: 0:00:03  time: 0.0441  data_time: 0.0058  memory: 125  
2026/08/08 22:59:30 - mmengine - INFO - Epoch(val)  [59][ 50/116]    eta: 0:00:02  time: 0.0448  data_time: 0.0059  memory: 181  
2026/08/08 22:59:30 - mmengine - INFO - Epoch(val)  [59][ 60/116]    eta: 0:00:02  time: 0.0455  data_time: 0.0063  memory: 120  
2026/08/08 22:59:31 - mmengine - INFO - Epoch(val)  [59][ 70/116]    eta: 0:00:02  time: 0.0459  data_time: 0.0063  memory: 127  
2026/08/08 22:59:31 - mmengine - INFO - Epoch(val)  [59][ 80/116]    eta: 0:00:01  time: 0.0467  data_time: 0.0065  memory: 130  
2026/08/08 22:59:32 - mmengine - INFO - Epoch(val)  [59][ 90/116]    eta: 0:00:01  time: 0.0492  data_time: 0.0069  memory: 151  
2026/08/08 22:59:32 - mmengine - INFO - Epoch(val)  [59][100/116]    eta: 0:00:00  time: 0.0490  data_time: 0.0069  memory: 171  
2026/08/08 22:59:33 - mmengine - INFO - Epoch(val)  [59][110/116]    eta: 0:00:00  time: 0.0487  data_time: 0.0064  memory: 142  
2026/08/08 22:59:33 - mmengine - INFO - Evaluating bbox...
2026/08/08 22:59:33 - mmengine - INFO - bbox_mAP_copypaste: 0.604 0.875 0.724 0.000 0.725 0.551
2026/08/08 22:59:33 - mmengine - INFO - Evaluating segm...
2026/08/08 22:59:33 - mmengine - INFO - segm_mAP_copypaste: 0.607 0.885 0.710 0.018 0.709 0.559
2026/08/08 22:59:35 - mmengine - INFO - val kayip: val_kayip_cls 0.5316  val_kayip_bbox 0.2659  val_kayip_mask 0.1298  val_kayip 0.9272
2026/08/08 22:59:35 - mmengine - INFO - Epoch(val) [59][116/116]    busi/dice_tum: 0.8029  busi/dice_lezyonlu: 0.7723  busi/bos_dogru: 19  busi/esik: 0.5000  val_kayip_cls: 0.5316  val_kayip_bbox: 0.2659  val_kayip_mask: 0.1298  val_kayip: 0.9272  coco/bbox_mAP: 0.6040  coco/bbox_mAP_50: 0.8750  coco/bbox_mAP_75: 0.7240  coco/bbox_mAP_s: 0.0000  coco/bbox_mAP_m: 0.7250  coco/bbox_mAP_l: 0.5510  coco/segm_mAP: 0.6070  coco/segm_mAP_50: 0.8850  coco/segm_mAP_75: 0.7100  coco/segm_mAP_s: 0.0180  coco/segm_mAP_m: 0.7090  coco/segm_mAP_l: 0.5590  data_time: 0.0064  time: 0.0472
2026/08/08 22:59:39 - mmengine - INFO - Epoch(train)  [60][10/68]  base_lr: 1.1549e-04 lr: 1.1549e-04  eta: 0:16:54  time: 0.3864  data_time: 0.1502  memory: 600  grad_norm: 9.5608  loss: 0.4495  loss_cls: 0.1075  loss_bbox: 0.2386  loss_mask: 0.1034
2026/08/08 22:59:43 - mmengine - INFO - Epoch(train)  [60][20/68]  base_lr: 1.1519e-04 lr: 1.1519e-04  eta: 0:16:51  time: 0.3905  data_time: 0.1525  memory: 600  grad_norm: 9.0815  loss: 0.4293  loss_cls: 0.0985  loss_bbox: 0.2309  loss_mask: 0.0998
2026/08/08 22:59:47 - mmengine - INFO - Epoch(train)  [60][30/68]  base_lr: 1.1489e-04 lr: 1.1489e-04  eta: 0:16:47  time: 0.3869  data_time: 0.1508  memory: 603  grad_norm: 9.3487  loss: 0.4280  loss_cls: 0.0973  loss_bbox: 0.2318  loss_mask: 0.0989
2026/08/08 22:59:51 - mmengine - INFO - Epoch(train)  [60][40/68]  base_lr: 1.1458e-04 lr: 1.1458e-04  eta: 0:16:44  time: 0.3958  data_time: 0.1606  memory: 600  grad_norm: 9.5011  loss: 0.4251  loss_cls: 0.0965  loss_bbox: 0.2299  loss_mask: 0.0987
2026/08/08 22:59:55 - mmengine - INFO - Epoch(train)  [60][50/68]  base_lr: 1.1427e-04 lr: 1.1427e-04  eta: 0:16:40  time: 0.3892  data_time: 0.1536  memory: 601  grad_norm: 9.2508  loss: 0.4287  loss_cls: 0.1031  loss_bbox: 0.2245  loss_mask: 0.1011
2026/08/08 22:59:59 - mmengine - INFO - Epoch(train)  [60][60/68]  base_lr: 1.1395e-04 lr: 1.1395e-04  eta: 0:16:37  time: 0.3942  data_time: 0.1556  memory: 605  grad_norm: 9.4559  loss: 0.4316  loss_cls: 0.1054  loss_bbox: 0.2238  loss_mask: 0.1025
2026/08/08 23:00:02 - mmengine - INFO - Exp name: rtmdet_ins_busi_20260808_222414
2026/08/08 23:00:02 - mmengine - INFO - Saving checkpoint at 60 epochs
2026/08/08 23:00:04 - mmengine - INFO - Epoch(val)  [60][ 10/116]    eta: 0:00:04  time: 0.0492  data_time: 0.0065  memory: 600  
2026/08/08 23:00:05 - mmengine - INFO - Epoch(val)  [60][ 20/116]    eta: 0:00:04  time: 0.0478  data_time: 0.0064  memory: 118  
2026/08/08 23:00:05 - mmengine - INFO - Epoch(val)  [60][ 30/116]    eta: 0:00:03  time: 0.0457  data_time: 0.0059  memory: 120  
2026/08/08 23:00:05 - mmengine - INFO - Epoch(val)  [60][ 40/116]    eta: 0:00:03  time: 0.0442  data_time: 0.0057  memory: 122  
2026/08/08 23:00:06 - mmengine - INFO - Epoch(val)  [60][ 50/116]    eta: 0:00:02  time: 0.0432  data_time: 0.0057  memory: 164  
2026/08/08 23:00:06 - mmengine - INFO - Epoch(val)  [60][ 60/116]    eta: 0:00:02  time: 0.0435  data_time: 0.0059  memory: 125  
2026/08/08 23:00:07 - mmengine - INFO - Epoch(val)  [60][ 70/116]    eta: 0:00:02  time: 0.0435  data_time: 0.0060  memory: 114  
2026/08/08 23:00:07 - mmengine - INFO - Epoch(val)  [60][ 80/116]    eta: 0:00:01  time: 0.0442  data_time: 0.0061  memory: 121  
2026/08/08 23:00:08 - mmengine - INFO - Epoch(val)  [60][ 90/116]    eta: 0:00:01  time: 0.0459  data_time: 0.0063  memory: 145  
2026/08/08 23:00:08 - mmengine - INFO - Epoch(val)  [60][100/116]    eta: 0:00:00  time: 0.0459  data_time: 0.0062  memory: 162  
2026/08/08 23:00:09 - mmengine - INFO - Epoch(val)  [60][110/116]    eta: 0:00:00  time: 0.0464  data_time: 0.0060  memory: 122  
2026/08/08 23:00:09 - mmengine - INFO - Evaluating bbox...
2026/08/08 23:00:09 - mmengine - INFO - bbox_mAP_copypaste: 0.605 0.863 0.713 0.000 0.713 0.556
2026/08/08 23:00:09 - mmengine - INFO - Evaluating segm...
2026/08/08 23:00:09 - mmengine - INFO - segm_mAP_copypaste: 0.616 0.873 0.737 0.008 0.708 0.573
2026/08/08 23:00:11 - mmengine - INFO - val kayip: val_kayip_cls 0.2651  val_kayip_bbox 0.2564  val_kayip_mask 0.1274  val_kayip 0.6489
2026/08/08 23:00:11 - mmengine - INFO - Epoch(val) [60][116/116]    busi/dice_tum: 0.8193  busi/dice_lezyonlu: 0.7817  busi/bos_dogru: 20  busi/esik: 0.4000  val_kayip_cls: 0.2651  val_kayip_bbox: 0.2564  val_kayip_mask: 0.1274  val_kayip: 0.6489  coco/bbox_mAP: 0.6050  coco/bbox_mAP_50: 0.8630  coco/bbox_mAP_75: 0.7130  coco/bbox_mAP_s: 0.0000  coco/bbox_mAP_m: 0.7130  coco/bbox_mAP_l: 0.5560  coco/segm_mAP: 0.6160  coco/segm_mAP_50: 0.8730  coco/segm_mAP_75: 0.7370  coco/segm_mAP_s: 0.0080  coco/segm_mAP_m: 0.7080  coco/segm_mAP_l: 0.5730  data_time: 0.0060  time: 0.0451
2026/08/08 23:00:15 - mmengine - INFO - Epoch(train)  [61][10/68]  base_lr: 1.1337e-04 lr: 1.1337e-04  eta: 0:16:30  time: 0.3927  data_time: 0.1570  memory: 601  grad_norm: 9.8441  loss: 0.4290  loss_cls: 0.1024  loss_bbox: 0.2249  loss_mask: 0.1017
2026/08/08 23:00:19 - mmengine - INFO - Epoch(train)  [61][20/68]  base_lr: 1.1304e-04 lr: 1.1304e-04  eta: 0:16:27  time: 0.3893  data_time: 0.1539  memory: 601  grad_norm: 9.7035  loss: 0.4307  loss_cls: 0.1013  loss_bbox: 0.2300  loss_mask: 0.0994
2026/08/08 23:00:23 - mmengine - INFO - Epoch(train)  [61][30/68]  base_lr: 1.1271e-04 lr: 1.1271e-04  eta: 0:16:24  time: 0.3932  data_time: 0.1577  memory: 603  grad_norm: 10.5049  loss: 0.4301  loss_cls: 0.1008  loss_bbox: 0.2311  loss_mask: 0.0982
2026/08/08 23:00:27 - mmengine - INFO - Epoch(train)  [61][40/68]  base_lr: 1.1237e-04 lr: 1.1237e-04  eta: 0:16:20  time: 0.3960  data_time: 0.1601  memory: 601  grad_norm: 10.8616  loss: 0.4294  loss_cls: 0.0975  loss_bbox: 0.2348  loss_mask: 0.0971
2026/08/08 23:00:31 - mmengine - INFO - Epoch(train)  [61][50/68]  base_lr: 1.1203e-04 lr: 1.1203e-04  eta: 0:16:17  time: 0.4018  data_time: 0.1642  memory: 601  grad_norm: 10.6979  loss: 0.4399  loss_cls: 0.1064  loss_bbox: 0.2369  loss_mask: 0.0966
2026/08/08 23:00:35 - mmengine - INFO - Epoch(train)  [61][60/68]  base_lr: 1.1169e-04 lr: 1.1169e-04  eta: 0:16:13  time: 0.4001  data_time: 0.1628  memory: 601  grad_norm: 10.3938  loss: 0.4400  loss_cls: 0.1066  loss_bbox: 0.2345  loss_mask: 0.0990
2026/08/08 23:00:38 - mmengine - INFO - Exp name: rtmdet_ins_busi_20260808_222414
2026/08/08 23:00:38 - mmengine - INFO - Saving checkpoint at 61 epochs
2026/08/08 23:00:41 - mmengine - INFO - Epoch(val)  [61][ 10/116]    eta: 0:00:04  time: 0.0477  data_time: 0.0062  memory: 601  
2026/08/08 23:00:41 - mmengine - INFO - Epoch(val)  [61][ 20/116]    eta: 0:00:04  time: 0.0465  data_time: 0.0061  memory: 113  
2026/08/08 23:00:42 - mmengine - INFO - Epoch(val)  [61][ 30/116]    eta: 0:00:03  time: 0.0451  data_time: 0.0059  memory: 112  
2026/08/08 23:00:42 - mmengine - INFO - Epoch(val)  [61][ 40/116]    eta: 0:00:03  time: 0.0439  data_time: 0.0058  memory: 122  
2026/08/08 23:00:43 - mmengine - INFO - Epoch(val)  [61][ 50/116]    eta: 0:00:02  time: 0.0432  data_time: 0.0058  memory: 164  
2026/08/08 23:00:43 - mmengine - INFO - Epoch(val)  [61][ 60/116]    eta: 0:00:02  time: 0.0439  data_time: 0.0061  memory: 125  
2026/08/08 23:00:44 - mmengine - INFO - Epoch(val)  [61][ 70/116]    eta: 0:00:02  time: 0.0444  data_time: 0.0062  memory: 125  
2026/08/08 23:00:44 - mmengine - INFO - Epoch(val)  [61][ 80/116]    eta: 0:00:01  time: 0.0453  data_time: 0.0064  memory: 128  
2026/08/08 23:00:45 - mmengine - INFO - Epoch(val)  [61][ 90/116]    eta: 0:00:01  time: 0.0473  data_time: 0.0069  memory: 151  
2026/08/08 23:00:45 - mmengine - INFO - Epoch(val)  [61][100/116]    eta: 0:00:00  time: 0.0479  data_time: 0.0069  memory: 162  
2026/08/08 23:00:46 - mmengine - INFO - Epoch(val)  [61][110/116]    eta: 0:00:00  time: 0.0467  data_time: 0.0066  memory: 114  
2026/08/08 23:00:46 - mmengine - INFO - Evaluating bbox...
2026/08/08 23:00:46 - mmengine - INFO - bbox_mAP_copypaste: 0.608 0.876 0.689 0.000 0.713 0.562
2026/08/08 23:00:46 - mmengine - INFO - Evaluating segm...
2026/08/08 23:00:46 - mmengine - INFO - segm_mAP_copypaste: 0.615 0.876 0.687 0.005 0.719 0.568
2026/08/08 23:00:48 - mmengine - INFO - val kayip: val_kayip_cls 0.3181  val_kayip_bbox 0.2570  val_kayip_mask 0.1252  val_kayip 0.7002
2026/08/08 23:00:48 - mmengine - INFO - Epoch(val) [61][116/116]    busi/dice_tum: 0.8193  busi/dice_lezyonlu: 0.7921  busi/bos_dogru: 19  busi/esik: 0.4000  val_kayip_cls: 0.3181  val_kayip_bbox: 0.2570  val_kayip_mask: 0.1252  val_kayip: 0.7002  coco/bbox_mAP: 0.6080  coco/bbox_mAP_50: 0.8760  coco/bbox_mAP_75: 0.6890  coco/bbox_mAP_s: 0.0000  coco/bbox_mAP_m: 0.7130  coco/bbox_mAP_l: 0.5620  coco/segm_mAP: 0.6150  coco/segm_mAP_50: 0.8760  coco/segm_mAP_75: 0.6870  coco/segm_mAP_s: 0.0050  coco/segm_mAP_m: 0.7190  coco/segm_mAP_l: 0.5680  data_time: 0.0063  time: 0.0454
2026/08/08 23:00:52 - mmengine - INFO - Epoch(train)  [62][10/68]  base_lr: 1.1106e-04 lr: 1.1106e-04  eta: 0:16:07  time: 0.3925  data_time: 0.1569  memory: 601  grad_norm: 10.1211  loss: 0.4380  loss_cls: 0.1105  loss_bbox: 0.2277  loss_mask: 0.0999
2026/08/08 23:00:56 - mmengine - INFO - Epoch(train)  [62][20/68]  base_lr: 1.1070e-04 lr: 1.1070e-04  eta: 0:16:03  time: 0.3857  data_time: 0.1511  memory: 602  grad_norm: 10.1382  loss: 0.4451  loss_cls: 0.1166  loss_bbox: 0.2276  loss_mask: 0.1008
2026/08/08 23:01:00 - mmengine - INFO - Epoch(train)  [62][30/68]  base_lr: 1.1034e-04 lr: 1.1034e-04  eta: 0:16:00  time: 0.3879  data_time: 0.1526  memory: 601  grad_norm: 10.1314  loss: 0.4345  loss_cls: 0.1123  loss_bbox: 0.2224  loss_mask: 0.0999
2026/08/08 23:01:04 - mmengine - INFO - Epoch(train)  [62][40/68]  base_lr: 1.0998e-04 lr: 1.0998e-04  eta: 0:15:56  time: 0.3927  data_time: 0.1569  memory: 600  grad_norm: 10.4041  loss: 0.4382  loss_cls: 0.1146  loss_bbox: 0.2235  loss_mask: 0.1002
2026/08/08 23:01:08 - mmengine - INFO - Epoch(train)  [62][50/68]  base_lr: 1.0961e-04 lr: 1.0961e-04  eta: 0:15:53  time: 0.3920  data_time: 0.1554  memory: 602  grad_norm: 10.0297  loss: 0.4388  loss_cls: 0.1128  loss_bbox: 0.2276  loss_mask: 0.0985
2026/08/08 23:01:12 - mmengine - INFO - Epoch(train)  [62][60/68]  base_lr: 1.0924e-04 lr: 1.0924e-04  eta: 0:15:49  time: 0.3944  data_time: 0.1572  memory: 601  grad_norm: 10.1753  loss: 0.4473  loss_cls: 0.1150  loss_bbox: 0.2304  loss_mask: 0.1019
2026/08/08 23:01:14 - mmengine - INFO - Exp name: rtmdet_ins_busi_20260808_222414
2026/08/08 23:01:14 - mmengine - INFO - Saving checkpoint at 62 epochs
2026/08/08 23:01:17 - mmengine - INFO - Epoch(val)  [62][ 10/116]    eta: 0:00:04  time: 0.0479  data_time: 0.0066  memory: 599  
2026/08/08 23:01:18 - mmengine - INFO - Epoch(val)  [62][ 20/116]    eta: 0:00:04  time: 0.0461  data_time: 0.0062  memory: 118  
2026/08/08 23:01:18 - mmengine - INFO - Epoch(val)  [62][ 30/116]    eta: 0:00:03  time: 0.0430  data_time: 0.0057  memory: 124  
2026/08/08 23:01:18 - mmengine - INFO - Epoch(val)  [62][ 40/116]    eta: 0:00:03  time: 0.0424  data_time: 0.0058  memory: 112  
2026/08/08 23:01:19 - mmengine - INFO - Epoch(val)  [62][ 50/116]    eta: 0:00:02  time: 0.0422  data_time: 0.0059  memory: 170  
2026/08/08 23:01:19 - mmengine - INFO - Epoch(val)  [62][ 60/116]    eta: 0:00:02  time: 0.0413  data_time: 0.0058  memory: 134  
2026/08/08 23:01:20 - mmengine - INFO - Epoch(val)  [62][ 70/116]    eta: 0:00:01  time: 0.0412  data_time: 0.0062  memory: 121  
2026/08/08 23:01:20 - mmengine - INFO - Epoch(val)  [62][ 80/116]    eta: 0:00:01  time: 0.0418  data_time: 0.0064  memory: 123  
2026/08/08 23:01:20 - mmengine - INFO - Epoch(val)  [62][ 90/116]    eta: 0:00:01  time: 0.0424  data_time: 0.0067  memory: 163  
2026/08/08 23:01:21 - mmengine - INFO - Epoch(val)  [62][100/116]    eta: 0:00:00  time: 0.0415  data_time: 0.0062  memory: 171  
2026/08/08 23:01:21 - mmengine - INFO - Epoch(val)  [62][110/116]    eta: 0:00:00  time: 0.0413  data_time: 0.0062  memory: 116  
2026/08/08 23:01:22 - mmengine - INFO - Evaluating bbox...
2026/08/08 23:01:22 - mmengine - INFO - bbox_mAP_copypaste: 0.598 0.876 0.679 0.000 0.715 0.556
2026/08/08 23:01:22 - mmengine - INFO - Evaluating segm...
2026/08/08 23:01:22 - mmengine - INFO - segm_mAP_copypaste: 0.624 0.880 0.704 0.006 0.730 0.580
2026/08/08 23:01:24 - mmengine - INFO - val kayip: val_kayip_cls 0.3199  val_kayip_bbox 0.2618  val_kayip_mask 0.1251  val_kayip 0.7068
2026/08/08 23:01:24 - mmengine - INFO - Epoch(val) [62][116/116]    busi/dice_tum: 0.8281  busi/dice_lezyonlu: 0.7923  busi/bos_dogru: 20  busi/esik: 0.4000  val_kayip_cls: 0.3199  val_kayip_bbox: 0.2618  val_kayip_mask: 0.1251  val_kayip: 0.7068  coco/bbox_mAP: 0.5980  coco/bbox_mAP_50: 0.8760  coco/bbox_mAP_75: 0.6790  coco/bbox_mAP_s: 0.0000  coco/bbox_mAP_m: 0.7150  coco/bbox_mAP_l: 0.5560  coco/segm_mAP: 0.6240  coco/segm_mAP_50: 0.8800  coco/segm_mAP_75: 0.7040  coco/segm_mAP_s: 0.0060  coco/segm_mAP_m: 0.7300  coco/segm_mAP_l: 0.5800  data_time: 0.0061  time: 0.0418
2026/08/08 23:01:28 - mmengine - INFO - Epoch(train)  [63][10/68]  base_lr: 1.0857e-04 lr: 1.0857e-04  eta: 0:15:43  time: 0.3877  data_time: 0.1523  memory: 601  grad_norm: 9.9010  loss: 0.4521  loss_cls: 0.1098  loss_bbox: 0.2390  loss_mask: 0.1033
2026/08/08 23:01:32 - mmengine - INFO - Epoch(train)  [63][20/68]  base_lr: 1.0819e-04 lr: 1.0819e-04  eta: 0:15:39  time: 0.3833  data_time: 0.1481  memory: 603  grad_norm: 9.9550  loss: 0.4456  loss_cls: 0.1052  loss_bbox: 0.2375  loss_mask: 0.1029
2026/08/08 23:01:35 - mmengine - INFO - Epoch(train)  [63][30/68]  base_lr: 1.0780e-04 lr: 1.0780e-04  eta: 0:15:36  time: 0.3814  data_time: 0.1469  memory: 601  grad_norm: 10.1874  loss: 0.4506  loss_cls: 0.1077  loss_bbox: 0.2381  loss_mask: 0.1049
2026/08/08 23:01:39 - mmengine - INFO - Epoch(train)  [63][40/68]  base_lr: 1.0742e-04 lr: 1.0742e-04  eta: 0:15:32  time: 0.3790  data_time: 0.1450  memory: 601  grad_norm: 10.1249  loss: 0.4433  loss_cls: 0.1064  loss_bbox: 0.2343  loss_mask: 0.1026
2026/08/08 23:01:43 - mmengine - INFO - Epoch(train)  [63][50/68]  base_lr: 1.0702e-04 lr: 1.0702e-04  eta: 0:15:29  time: 0.3898  data_time: 0.1549  memory: 601  grad_norm: 9.8449  loss: 0.4213  loss_cls: 0.0991  loss_bbox: 0.2229  loss_mask: 0.0992
2026/08/08 23:01:47 - mmengine - INFO - Epoch(train)  [63][60/68]  base_lr: 1.0663e-04 lr: 1.0663e-04  eta: 0:15:25  time: 0.3829  data_time: 0.1498  memory: 599  grad_norm: 9.9591  loss: 0.4162  loss_cls: 0.0969  loss_bbox: 0.2217  loss_mask: 0.0977
2026/08/08 23:01:50 - mmengine - INFO - Exp name: rtmdet_ins_busi_20260808_222414
2026/08/08 23:01:50 - mmengine - INFO - Saving checkpoint at 63 epochs
2026/08/08 23:01:53 - mmengine - INFO - Epoch(val)  [63][ 10/116]    eta: 0:00:04  time: 0.0432  data_time: 0.0064  memory: 602  
2026/08/08 23:01:53 - mmengine - INFO - Epoch(val)  [63][ 20/116]    eta: 0:00:04  time: 0.0432  data_time: 0.0061  memory: 116  
2026/08/08 23:01:53 - mmengine - INFO - Epoch(val)  [63][ 30/116]    eta: 0:00:03  time: 0.0428  data_time: 0.0060  memory: 137  
2026/08/08 23:01:54 - mmengine - INFO - Epoch(val)  [63][ 40/116]    eta: 0:00:03  time: 0.0427  data_time: 0.0058  memory: 116  
2026/08/08 23:01:54 - mmengine - INFO - Epoch(val)  [63][ 50/116]    eta: 0:00:02  time: 0.0440  data_time: 0.0059  memory: 170  
2026/08/08 23:01:55 - mmengine - INFO - Epoch(val)  [63][ 60/116]    eta: 0:00:02  time: 0.0444  data_time: 0.0061  memory: 129  
2026/08/08 23:01:55 - mmengine - INFO - Epoch(val)  [63][ 70/116]    eta: 0:00:02  time: 0.0449  data_time: 0.0063  memory: 118  
2026/08/08 23:01:56 - mmengine - INFO - Epoch(val)  [63][ 80/116]    eta: 0:00:01  time: 0.0455  data_time: 0.0063  memory: 123  
2026/08/08 23:01:56 - mmengine - INFO - Epoch(val)  [63][ 90/116]    eta: 0:00:01  time: 0.0471  data_time: 0.0067  memory: 157  
2026/08/08 23:01:57 - mmengine - INFO - Epoch(val)  [63][100/116]    eta: 0:00:00  time: 0.0474  data_time: 0.0067  memory: 162  
2026/08/08 23:01:57 - mmengine - INFO - Epoch(val)  [63][110/116]    eta: 0:00:00  time: 0.0463  data_time: 0.0064  memory: 105  
2026/08/08 23:01:57 - mmengine - INFO - Evaluating bbox...
2026/08/08 23:01:57 - mmengine - INFO - bbox_mAP_copypaste: 0.612 0.885 0.704 0.000 0.720 0.562
2026/08/08 23:01:57 - mmengine - INFO - Evaluating segm...
2026/08/08 23:01:58 - mmengine - INFO - segm_mAP_copypaste: 0.622 0.877 0.693 0.000 0.727 0.572
2026/08/08 23:02:00 - mmengine - INFO - val kayip: val_kayip_cls 0.2867  val_kayip_bbox 0.2547  val_kayip_mask 0.1249  val_kayip 0.6663
2026/08/08 23:02:00 - mmengine - INFO - Epoch(val) [63][116/116]    busi/dice_tum: 0.8099  busi/dice_lezyonlu: 0.7704  busi/bos_dogru: 20  busi/esik: 0.5000  val_kayip_cls: 0.2867  val_kayip_bbox: 0.2547  val_kayip_mask: 0.1249  val_kayip: 0.6663  coco/bbox_mAP: 0.6120  coco/bbox_mAP_50: 0.8850  coco/bbox_mAP_75: 0.7040  coco/bbox_mAP_s: 0.0000  coco/bbox_mAP_m: 0.7200  coco/bbox_mAP_l: 0.5620  coco/segm_mAP: 0.6220  coco/segm_mAP_50: 0.8770  coco/segm_mAP_75: 0.6930  coco/segm_mAP_s: 0.0000  coco/segm_mAP_m: 0.7270  coco/segm_mAP_l: 0.5720  data_time: 0.0063  time: 0.0455
2026/08/08 23:02:04 - mmengine - INFO - Epoch(train)  [64][10/68]  base_lr: 1.0591e-04 lr: 1.0591e-04  eta: 0:15:19  time: 0.3818  data_time: 0.1482  memory: 601  grad_norm: 9.9953  loss: 0.4249  loss_cls: 0.1038  loss_bbox: 0.2247  loss_mask: 0.0964
2026/08/08 23:02:07 - mmengine - INFO - Epoch(train)  [64][20/68]  base_lr: 1.0550e-04 lr: 1.0550e-04  eta: 0:15:15  time: 0.3832  data_time: 0.1498  memory: 600  grad_norm: 10.0142  loss: 0.4146  loss_cls: 0.0951  loss_bbox: 0.2239  loss_mask: 0.0956
2026/08/08 23:02:11 - mmengine - INFO - Epoch(train)  [64][30/68]  base_lr: 1.0510e-04 lr: 1.0510e-04  eta: 0:15:11  time: 0.3825  data_time: 0.1486  memory: 601  grad_norm: 10.0480  loss: 0.4224  loss_cls: 0.1023  loss_bbox: 0.2239  loss_mask: 0.0961
2026/08/08 23:02:15 - mmengine - INFO - Epoch(train)  [64][40/68]  base_lr: 1.0468e-04 lr: 1.0468e-04  eta: 0:15:08  time: 0.3884  data_time: 0.1546  memory: 601  grad_norm: 10.1870  loss: 0.4252  loss_cls: 0.1041  loss_bbox: 0.2229  loss_mask: 0.0982
2026/08/08 23:02:19 - mmengine - INFO - Epoch(train)  [64][50/68]  base_lr: 1.0427e-04 lr: 1.0427e-04  eta: 0:15:04  time: 0.3902  data_time: 0.1541  memory: 601  grad_norm: 10.5127  loss: 0.4263  loss_cls: 0.1036  loss_bbox: 0.2242  loss_mask: 0.0986
2026/08/08 23:02:23 - mmengine - INFO - Epoch(train)  [64][60/68]  base_lr: 1.0385e-04 lr: 1.0385e-04  eta: 0:15:01  time: 0.3842  data_time: 0.1510  memory: 601  grad_norm: 10.5959  loss: 0.4313  loss_cls: 0.1083  loss_bbox: 0.2231  loss_mask: 0.0999
2026/08/08 23:02:26 - mmengine - INFO - Exp name: rtmdet_ins_busi_20260808_222414
2026/08/08 23:02:26 - mmengine - INFO - Saving checkpoint at 64 epochs
2026/08/08 23:02:28 - mmengine - INFO - Epoch(val)  [64][ 10/116]    eta: 0:00:05  time: 0.0477  data_time: 0.0065  memory: 600  
2026/08/08 23:02:29 - mmengine - INFO - Epoch(val)  [64][ 20/116]    eta: 0:00:04  time: 0.0467  data_time: 0.0063  memory: 118  
2026/08/08 23:02:29 - mmengine - INFO - Epoch(val)  [64][ 30/116]    eta: 0:00:03  time: 0.0441  data_time: 0.0059  memory: 142  
2026/08/08 23:02:30 - mmengine - INFO - Epoch(val)  [64][ 40/116]    eta: 0:00:03  time: 0.0433  data_time: 0.0058  memory: 114  
2026/08/08 23:02:30 - mmengine - INFO - Epoch(val)  [64][ 50/116]    eta: 0:00:02  time: 0.0441  data_time: 0.0059  memory: 176  
2026/08/08 23:02:31 - mmengine - INFO - Epoch(val)  [64][ 60/116]    eta: 0:00:02  time: 0.0441  data_time: 0.0062  memory: 143  
2026/08/08 23:02:31 - mmengine - INFO - Epoch(val)  [64][ 70/116]    eta: 0:00:02  time: 0.0444  data_time: 0.0062  memory: 121  
2026/08/08 23:02:32 - mmengine - INFO - Epoch(val)  [64][ 80/116]    eta: 0:00:01  time: 0.0451  data_time: 0.0063  memory: 119  
2026/08/08 23:02:32 - mmengine - INFO - Epoch(val)  [64][ 90/116]    eta: 0:00:01  time: 0.0465  data_time: 0.0066  memory: 151  
2026/08/08 23:02:32 - mmengine - INFO - Epoch(val)  [64][100/116]    eta: 0:00:00  time: 0.0467  data_time: 0.0065  memory: 148  
2026/08/08 23:02:33 - mmengine - INFO - Epoch(val)  [64][110/116]    eta: 0:00:00  time: 0.0464  data_time: 0.0063  memory: 123  
2026/08/08 23:02:33 - mmengine - INFO - Evaluating bbox...
2026/08/08 23:02:33 - mmengine - INFO - bbox_mAP_copypaste: 0.613 0.886 0.721 0.000 0.725 0.558
2026/08/08 23:02:33 - mmengine - INFO - Evaluating segm...
2026/08/08 23:02:33 - mmengine - INFO - segm_mAP_copypaste: 0.622 0.892 0.692 0.006 0.720 0.574
2026/08/08 23:02:35 - mmengine - INFO - val kayip: val_kayip_cls 0.3445  val_kayip_bbox 0.2570  val_kayip_mask 0.1263  val_kayip 0.7278
2026/08/08 23:02:35 - mmengine - INFO - Epoch(val) [64][116/116]    busi/dice_tum: 0.8223  busi/dice_lezyonlu: 0.7853  busi/bos_dogru: 20  busi/esik: 0.5000  val_kayip_cls: 0.3445  val_kayip_bbox: 0.2570  val_kayip_mask: 0.1263  val_kayip: 0.7278  coco/bbox_mAP: 0.6130  coco/bbox_mAP_50: 0.8860  coco/bbox_mAP_75: 0.7210  coco/bbox_mAP_s: 0.0000  coco/bbox_mAP_m: 0.7250  coco/bbox_mAP_l: 0.5580  coco/segm_mAP: 0.6220  coco/segm_mAP_50: 0.8920  coco/segm_mAP_75: 0.6920  coco/segm_mAP_s: 0.0060  coco/segm_mAP_m: 0.7200  coco/segm_mAP_l: 0.5740  data_time: 0.0062  time: 0.0455
2026/08/08 23:02:40 - mmengine - INFO - Epoch(train)  [65][10/68]  base_lr: 1.0309e-04 lr: 1.0309e-04  eta: 0:14:54  time: 0.3841  data_time: 0.1510  memory: 605  grad_norm: 10.8208  loss: 0.4211  loss_cls: 0.1043  loss_bbox: 0.2187  loss_mask: 0.0981
2026/08/08 23:02:43 - mmengine - INFO - Epoch(train)  [65][20/68]  base_lr: 1.0266e-04 lr: 1.0266e-04  eta: 0:14:51  time: 0.3811  data_time: 0.1481  memory: 601  grad_norm: 10.4374  loss: 0.4181  loss_cls: 0.0991  loss_bbox: 0.2192  loss_mask: 0.0997
2026/08/08 23:02:47 - mmengine - INFO - Epoch(train)  [65][30/68]  base_lr: 1.0223e-04 lr: 1.0223e-04  eta: 0:14:47  time: 0.3812  data_time: 0.1484  memory: 600  grad_norm: 10.5495  loss: 0.4110  loss_cls: 0.0970  loss_bbox: 0.2174  loss_mask: 0.0966
2026/08/08 23:02:51 - mmengine - INFO - Epoch(train)  [65][40/68]  base_lr: 1.0180e-04 lr: 1.0180e-04  eta: 0:14:44  time: 0.3808  data_time: 0.1474  memory: 601  grad_norm: 10.4909  loss: 0.4073  loss_cls: 0.0911  loss_bbox: 0.2177  loss_mask: 0.0986
2026/08/08 23:02:55 - mmengine - INFO - Epoch(train)  [65][50/68]  base_lr: 1.0136e-04 lr: 1.0136e-04  eta: 0:14:40  time: 0.3876  data_time: 0.1534  memory: 599  grad_norm: 10.1966  loss: 0.4121  loss_cls: 0.0915  loss_bbox: 0.2214  loss_mask: 0.0991
2026/08/08 23:02:59 - mmengine - INFO - Epoch(train)  [65][60/68]  base_lr: 1.0092e-04 lr: 1.0092e-04  eta: 0:14:36  time: 0.3834  data_time: 0.1505  memory: 601  grad_norm: 10.5826  loss: 0.4223  loss_cls: 0.0950  loss_bbox: 0.2266  loss_mask: 0.1007
2026/08/08 23:03:02 - mmengine - INFO - Exp name: rtmdet_ins_busi_20260808_222414
2026/08/08 23:03:02 - mmengine - INFO - Saving checkpoint at 65 epochs
2026/08/08 23:03:04 - mmengine - INFO - Epoch(val)  [65][ 10/116]    eta: 0:00:04  time: 0.0477  data_time: 0.0064  memory: 601  
2026/08/08 23:03:05 - mmengine - INFO - Epoch(val)  [65][ 20/116]    eta: 0:00:04  time: 0.0469  data_time: 0.0063  memory: 122  
2026/08/08 23:03:05 - mmengine - INFO - Epoch(val)  [65][ 30/116]    eta: 0:00:03  time: 0.0442  data_time: 0.0058  memory: 129  
2026/08/08 23:03:05 - mmengine - INFO - Epoch(val)  [65][ 40/116]    eta: 0:00:03  time: 0.0429  data_time: 0.0056  memory: 111  
2026/08/08 23:03:06 - mmengine - INFO - Epoch(val)  [65][ 50/116]    eta: 0:00:02  time: 0.0432  data_time: 0.0058  memory: 170  
2026/08/08 23:03:06 - mmengine - INFO - Epoch(val)  [65][ 60/116]    eta: 0:00:02  time: 0.0434  data_time: 0.0060  memory: 129  
2026/08/08 23:03:07 - mmengine - INFO - Epoch(val)  [65][ 70/116]    eta: 0:00:02  time: 0.0435  data_time: 0.0060  memory: 118  
2026/08/08 23:03:07 - mmengine - INFO - Epoch(val)  [65][ 80/116]    eta: 0:00:01  time: 0.0445  data_time: 0.0062  memory: 121  
2026/08/08 23:03:08 - mmengine - INFO - Epoch(val)  [65][ 90/116]    eta: 0:00:01  time: 0.0465  data_time: 0.0066  memory: 139  
2026/08/08 23:03:08 - mmengine - INFO - Epoch(val)  [65][100/116]    eta: 0:00:00  time: 0.0469  data_time: 0.0064  memory: 152  
2026/08/08 23:03:09 - mmengine - INFO - Epoch(val)  [65][110/116]    eta: 0:00:00  time: 0.0459  data_time: 0.0063  memory: 115  
2026/08/08 23:03:09 - mmengine - INFO - Evaluating bbox...
2026/08/08 23:03:09 - mmengine - INFO - bbox_mAP_copypaste: 0.616 0.888 0.736 0.000 0.710 0.570
2026/08/08 23:03:09 - mmengine - INFO - Evaluating segm...
2026/08/08 23:03:09 - mmengine - INFO - segm_mAP_copypaste: 0.622 0.892 0.712 0.003 0.720 0.575
2026/08/08 23:03:11 - mmengine - INFO - val kayip: val_kayip_cls 0.3030  val_kayip_bbox 0.2556  val_kayip_mask 0.1255  val_kayip 0.6841
2026/08/08 23:03:11 - mmengine - INFO - Epoch(val) [65][116/116]    busi/dice_tum: 0.8334  busi/dice_lezyonlu: 0.7987  busi/bos_dogru: 20  busi/esik: 0.4000  val_kayip_cls: 0.3030  val_kayip_bbox: 0.2556  val_kayip_mask: 0.1255  val_kayip: 0.6841  coco/bbox_mAP: 0.6160  coco/bbox_mAP_50: 0.8880  coco/bbox_mAP_75: 0.7360  coco/bbox_mAP_s: 0.0000  coco/bbox_mAP_m: 0.7100  coco/bbox_mAP_l: 0.5700  coco/segm_mAP: 0.6220  coco/segm_mAP_50: 0.8920  coco/segm_mAP_75: 0.7120  coco/segm_mAP_s: 0.0030  coco/segm_mAP_m: 0.7200  coco/segm_mAP_l: 0.5750  data_time: 0.0061  time: 0.0450
2026/08/08 23:03:15 - mmengine - INFO - Epoch(train)  [66][10/68]  base_lr: 1.0012e-04 lr: 1.0012e-04  eta: 0:14:30  time: 0.3789  data_time: 0.1462  memory: 600  grad_norm: 11.1475  loss: 0.4249  loss_cls: 0.0977  loss_bbox: 0.2271  loss_mask: 0.1001
2026/08/08 23:03:19 - mmengine - INFO - Epoch(train)  [66][20/68]  base_lr: 9.9676e-05 lr: 9.9676e-05  eta: 0:14:26  time: 0.3783  data_time: 0.1469  memory: 601  grad_norm: 10.9420  loss: 0.4175  loss_cls: 0.0958  loss_bbox: 0.2245  loss_mask: 0.0972
2026/08/08 23:03:22 - mmengine - INFO - Epoch(train)  [66][30/68]  base_lr: 9.9225e-05 lr: 9.9225e-05  eta: 0:14:23  time: 0.3726  data_time: 0.1409  memory: 600  grad_norm: 10.9256  loss: 0.4217  loss_cls: 0.0973  loss_bbox: 0.2267  loss_mask: 0.0978
2026/08/08 23:03:26 - mmengine - INFO - Epoch(train)  [66][40/68]  base_lr: 9.8771e-05 lr: 9.8771e-05  eta: 0:14:19  time: 0.3754  data_time: 0.1433  memory: 601  grad_norm: 10.4818  loss: 0.4265  loss_cls: 0.0992  loss_bbox: 0.2278  loss_mask: 0.0995
2026/08/08 23:03:30 - mmengine - INFO - Epoch(train)  [66][50/68]  base_lr: 9.8315e-05 lr: 9.8315e-05  eta: 0:14:15  time: 0.3782  data_time: 0.1457  memory: 601  grad_norm: 9.9479  loss: 0.4252  loss_cls: 0.1033  loss_bbox: 0.2239  loss_mask: 0.0980
2026/08/08 23:03:34 - mmengine - INFO - Epoch(train)  [66][60/68]  base_lr: 9.7856e-05 lr: 9.7856e-05  eta: 0:14:12  time: 0.3813  data_time: 0.1486  memory: 603  grad_norm: 9.9430  loss: 0.4210  loss_cls: 0.1042  loss_bbox: 0.2196  loss_mask: 0.0972
2026/08/08 23:03:37 - mmengine - INFO - Exp name: rtmdet_ins_busi_20260808_222414
2026/08/08 23:03:37 - mmengine - INFO - Saving checkpoint at 66 epochs
2026/08/08 23:03:40 - mmengine - INFO - Epoch(val)  [66][ 10/116]    eta: 0:00:04  time: 0.0473  data_time: 0.0063  memory: 601  
2026/08/08 23:03:40 - mmengine - INFO - Epoch(val)  [66][ 20/116]    eta: 0:00:04  time: 0.0464  data_time: 0.0062  memory: 113  
2026/08/08 23:03:41 - mmengine - INFO - Epoch(val)  [66][ 30/116]    eta: 0:00:03  time: 0.0440  data_time: 0.0058  memory: 127  
2026/08/08 23:03:41 - mmengine - INFO - Epoch(val)  [66][ 40/116]    eta: 0:00:03  time: 0.0428  data_time: 0.0057  memory: 122  
2026/08/08 23:03:42 - mmengine - INFO - Epoch(val)  [66][ 50/116]    eta: 0:00:02  time: 0.0428  data_time: 0.0058  memory: 170  
2026/08/08 23:03:42 - mmengine - INFO - Epoch(val)  [66][ 60/116]    eta: 0:00:02  time: 0.0431  data_time: 0.0059  memory: 129  
2026/08/08 23:03:42 - mmengine - INFO - Epoch(val)  [66][ 70/116]    eta: 0:00:02  time: 0.0437  data_time: 0.0060  memory: 127  
2026/08/08 23:03:43 - mmengine - INFO - Epoch(val)  [66][ 80/116]    eta: 0:00:01  time: 0.0450  data_time: 0.0062  memory: 118  
2026/08/08 23:03:43 - mmengine - INFO - Epoch(val)  [66][ 90/116]    eta: 0:00:01  time: 0.0465  data_time: 0.0065  memory: 157  
2026/08/08 23:03:44 - mmengine - INFO - Epoch(val)  [66][100/116]    eta: 0:00:00  time: 0.0465  data_time: 0.0063  memory: 166  
2026/08/08 23:03:44 - mmengine - INFO - Epoch(val)  [66][110/116]    eta: 0:00:00  time: 0.0468  data_time: 0.0062  memory: 114  
2026/08/08 23:03:45 - mmengine - INFO - Evaluating bbox...
2026/08/08 23:03:45 - mmengine - INFO - bbox_mAP_copypaste: 0.620 0.885 0.725 0.000 0.712 0.574
2026/08/08 23:03:45 - mmengine - INFO - Evaluating segm...
2026/08/08 23:03:45 - mmengine - INFO - segm_mAP_copypaste: 0.626 0.886 0.707 0.011 0.722 0.580
2026/08/08 23:03:47 - mmengine - INFO - val kayip: val_kayip_cls 0.3359  val_kayip_bbox 0.2593  val_kayip_mask 0.1266  val_kayip 0.7217
2026/08/08 23:03:47 - mmengine - INFO - Epoch(val) [66][116/116]    busi/dice_tum: 0.8192  busi/dice_lezyonlu: 0.7815  busi/bos_dogru: 20  busi/esik: 0.5000  val_kayip_cls: 0.3359  val_kayip_bbox: 0.2593  val_kayip_mask: 0.1266  val_kayip: 0.7217  coco/bbox_mAP: 0.6200  coco/bbox_mAP_50: 0.8850  coco/bbox_mAP_75: 0.7250  coco/bbox_mAP_s: 0.0000  coco/bbox_mAP_m: 0.7120  coco/bbox_mAP_l: 0.5740  coco/segm_mAP: 0.6260  coco/segm_mAP_50: 0.8860  coco/segm_mAP_75: 0.7070  coco/segm_mAP_s: 0.0110  coco/segm_mAP_m: 0.7220  coco/segm_mAP_l: 0.5800  data_time: 0.0061  time: 0.0456
2026/08/08 23:03:51 - mmengine - INFO - Epoch(train)  [67][10/68]  base_lr: 9.7022e-05 lr: 9.7022e-05  eta: 0:14:05  time: 0.3846  data_time: 0.1499  memory: 601  grad_norm: 9.8833  loss: 0.4141  loss_cls: 0.1024  loss_bbox: 0.2156  loss_mask: 0.0960
2026/08/08 23:03:54 - mmengine - INFO - Epoch(train)  [67][20/68]  base_lr: 9.6555e-05 lr: 9.6555e-05  eta: 0:14:02  time: 0.3781  data_time: 0.1443  memory: 601  grad_norm: 9.7926  loss: 0.4056  loss_cls: 0.0989  loss_bbox: 0.2130  loss_mask: 0.0938
2026/08/08 23:03:58 - mmengine - INFO - Epoch(train)  [67][30/68]  base_lr: 9.6085e-05 lr: 9.6085e-05  eta: 0:13:58  time: 0.3796  data_time: 0.1455  memory: 602  grad_norm: 9.7199  loss: 0.4249  loss_cls: 0.1054  loss_bbox: 0.2208  loss_mask: 0.0987
2026/08/08 23:04:02 - mmengine - INFO - Epoch(train)  [67][40/68]  base_lr: 9.5613e-05 lr: 9.5613e-05  eta: 0:13:54  time: 0.3775  data_time: 0.1440  memory: 601  grad_norm: 10.1061  loss: 0.4282  loss_cls: 0.1068  loss_bbox: 0.2223  loss_mask: 0.0991
2026/08/08 23:04:06 - mmengine - INFO - Epoch(train)  [67][50/68]  base_lr: 9.5138e-05 lr: 9.5138e-05  eta: 0:13:51  time: 0.3779  data_time: 0.1440  memory: 603  grad_norm: 10.1767  loss: 0.4273  loss_cls: 0.1072  loss_bbox: 0.2220  loss_mask: 0.0981
2026/08/08 23:04:10 - mmengine - INFO - Epoch(train)  [67][60/68]  base_lr: 9.4661e-05 lr: 9.4661e-05  eta: 0:13:47  time: 0.3773  data_time: 0.1436  memory: 601  grad_norm: 10.4285  loss: 0.4341  loss_cls: 0.1091  loss_bbox: 0.2246  loss_mask: 0.1004
2026/08/08 23:04:13 - mmengine - INFO - Exp name: rtmdet_ins_busi_20260808_222414
2026/08/08 23:04:13 - mmengine - INFO - Saving checkpoint at 67 epochs
2026/08/08 23:04:15 - mmengine - INFO - Epoch(val)  [67][ 10/116]    eta: 0:00:05  time: 0.0492  data_time: 0.0064  memory: 599  
2026/08/08 23:04:16 - mmengine - INFO - Epoch(val)  [67][ 20/116]    eta: 0:00:04  time: 0.0486  data_time: 0.0063  memory: 118  
2026/08/08 23:04:16 - mmengine - INFO - Epoch(val)  [67][ 30/116]    eta: 0:00:03  time: 0.0465  data_time: 0.0059  memory: 122  
2026/08/08 23:04:16 - mmengine - INFO - Epoch(val)  [67][ 40/116]    eta: 0:00:03  time: 0.0453  data_time: 0.0058  memory: 129  
2026/08/08 23:04:17 - mmengine - INFO - Epoch(val)  [67][ 50/116]    eta: 0:00:02  time: 0.0440  data_time: 0.0058  memory: 164  
2026/08/08 23:04:17 - mmengine - INFO - Epoch(val)  [67][ 60/116]    eta: 0:00:02  time: 0.0436  data_time: 0.0060  memory: 134  
2026/08/08 23:04:18 - mmengine - INFO - Epoch(val)  [67][ 70/116]    eta: 0:00:02  time: 0.0438  data_time: 0.0060  memory: 127  
2026/08/08 23:04:18 - mmengine - INFO - Epoch(val)  [67][ 80/116]    eta: 0:00:01  time: 0.0444  data_time: 0.0061  memory: 124  
2026/08/08 23:04:19 - mmengine - INFO - Epoch(val)  [67][ 90/116]    eta: 0:00:01  time: 0.0460  data_time: 0.0066  memory: 157  
2026/08/08 23:04:19 - mmengine - INFO - Epoch(val)  [67][100/116]    eta: 0:00:00  time: 0.0461  data_time: 0.0064  memory: 194  
2026/08/08 23:04:20 - mmengine - INFO - Epoch(val)  [67][110/116]    eta: 0:00:00  time: 0.0462  data_time: 0.0062  memory: 127  
2026/08/08 23:04:20 - mmengine - INFO - Evaluating bbox...
2026/08/08 23:04:20 - mmengine - INFO - bbox_mAP_copypaste: 0.604 0.885 0.709 0.000 0.728 0.554
2026/08/08 23:04:20 - mmengine - INFO - Evaluating segm...
2026/08/08 23:04:20 - mmengine - INFO - segm_mAP_copypaste: 0.622 0.888 0.695 0.009 0.743 0.573
2026/08/08 23:04:22 - mmengine - INFO - val kayip: val_kayip_cls 0.4236  val_kayip_bbox 0.2569  val_kayip_mask 0.1273  val_kayip 0.8077
2026/08/08 23:04:22 - mmengine - INFO - Epoch(val) [67][116/116]    busi/dice_tum: 0.8196  busi/dice_lezyonlu: 0.7821  busi/bos_dogru: 20  busi/esik: 0.5000  val_kayip_cls: 0.4236  val_kayip_bbox: 0.2569  val_kayip_mask: 0.1273  val_kayip: 0.8077  coco/bbox_mAP: 0.6040  coco/bbox_mAP_50: 0.8850  coco/bbox_mAP_75: 0.7090  coco/bbox_mAP_s: 0.0000  coco/bbox_mAP_m: 0.7280  coco/bbox_mAP_l: 0.5540  coco/segm_mAP: 0.6220  coco/segm_mAP_50: 0.8880  coco/segm_mAP_75: 0.6950  coco/segm_mAP_s: 0.0090  coco/segm_mAP_m: 0.7430  coco/segm_mAP_l: 0.5730  data_time: 0.0062  time: 0.0456
2026/08/08 23:04:26 - mmengine - INFO - Epoch(train)  [68][10/68]  base_lr: 9.3795e-05 lr: 9.3795e-05  eta: 0:13:41  time: 0.3761  data_time: 0.1429  memory: 601  grad_norm: 10.6363  loss: 0.4130  loss_cls: 0.0978  loss_bbox: 0.2180  loss_mask: 0.0972
2026/08/08 23:04:30 - mmengine - INFO - Epoch(train)  [68][20/68]  base_lr: 9.3311e-05 lr: 9.3311e-05  eta: 0:13:37  time: 0.3770  data_time: 0.1433  memory: 601  grad_norm: 10.4189  loss: 0.4109  loss_cls: 0.0930  loss_bbox: 0.2207  loss_mask: 0.0972
2026/08/08 23:04:34 - mmengine - INFO - Epoch(train)  [68][30/68]  base_lr: 9.2825e-05 lr: 9.2825e-05  eta: 0:13:33  time: 0.3759  data_time: 0.1431  memory: 602  grad_norm: 10.1077  loss: 0.4005  loss_cls: 0.0876  loss_bbox: 0.2171  loss_mask: 0.0958
2026/08/08 23:04:37 - mmengine - INFO - Epoch(train)  [68][40/68]  base_lr: 9.2336e-05 lr: 9.2336e-05  eta: 0:13:30  time: 0.3738  data_time: 0.1409  memory: 601  grad_norm: 10.3320  loss: 0.4019  loss_cls: 0.0914  loss_bbox: 0.2178  loss_mask: 0.0928
2026/08/08 23:04:41 - mmengine - INFO - Epoch(train)  [68][50/68]  base_lr: 9.1845e-05 lr: 9.1845e-05  eta: 0:13:26  time: 0.3744  data_time: 0.1409  memory: 602  grad_norm: 10.2061  loss: 0.3966  loss_cls: 0.0870  loss_bbox: 0.2146  loss_mask: 0.0949
2026/08/08 23:04:45 - mmengine - INFO - Epoch(train)  [68][60/68]  base_lr: 9.1352e-05 lr: 9.1352e-05  eta: 0:13:22  time: 0.3728  data_time: 0.1411  memory: 601  grad_norm: 10.0873  loss: 0.3896  loss_cls: 0.0863  loss_bbox: 0.2107  loss_mask: 0.0927
2026/08/08 23:04:48 - mmengine - INFO - Exp name: rtmdet_ins_busi_20260808_222414
2026/08/08 23:04:48 - mmengine - INFO - Saving checkpoint at 68 epochs
2026/08/08 23:04:50 - mmengine - INFO - Epoch(val)  [68][ 10/116]    eta: 0:00:04  time: 0.0476  data_time: 0.0065  memory: 599  
2026/08/08 23:04:51 - mmengine - INFO - Epoch(val)  [68][ 20/116]    eta: 0:00:04  time: 0.0473  data_time: 0.0064  memory: 113  
2026/08/08 23:04:51 - mmengine - INFO - Epoch(val)  [68][ 30/116]    eta: 0:00:03  time: 0.0454  data_time: 0.0061  memory: 120  
2026/08/08 23:04:51 - mmengine - INFO - Epoch(val)  [68][ 40/116]    eta: 0:00:03  time: 0.0438  data_time: 0.0058  memory: 116  
2026/08/08 23:04:52 - mmengine - INFO - Epoch(val)  [68][ 50/116]    eta: 0:00:02  time: 0.0433  data_time: 0.0059  memory: 176  
2026/08/08 23:04:52 - mmengine - INFO - Epoch(val)  [68][ 60/116]    eta: 0:00:02  time: 0.0435  data_time: 0.0061  memory: 129  
2026/08/08 23:04:53 - mmengine - INFO - Epoch(val)  [68][ 70/116]    eta: 0:00:02  time: 0.0435  data_time: 0.0061  memory: 121  
2026/08/08 23:04:53 - mmengine - INFO - Epoch(val)  [68][ 80/116]    eta: 0:00:01  time: 0.0440  data_time: 0.0062  memory: 124  
2026/08/08 23:04:54 - mmengine - INFO - Epoch(val)  [68][ 90/116]    eta: 0:00:01  time: 0.0460  data_time: 0.0066  memory: 151  
2026/08/08 23:04:54 - mmengine - INFO - Epoch(val)  [68][100/116]    eta: 0:00:00  time: 0.0457  data_time: 0.0065  memory: 148  
2026/08/08 23:04:55 - mmengine - INFO - Epoch(val)  [68][110/116]    eta: 0:00:00  time: 0.0457  data_time: 0.0063  memory: 127  
2026/08/08 23:04:55 - mmengine - INFO - Evaluating bbox...
2026/08/08 23:04:55 - mmengine - INFO - bbox_mAP_copypaste: 0.609 0.889 0.699 0.000 0.722 0.560
2026/08/08 23:04:55 - mmengine - INFO - Evaluating segm...
2026/08/08 23:04:55 - mmengine - INFO - segm_mAP_copypaste: 0.615 0.894 0.699 0.013 0.728 0.565
2026/08/08 23:04:57 - mmengine - INFO - val kayip: val_kayip_cls 0.3234  val_kayip_bbox 0.2572  val_kayip_mask 0.1278  val_kayip 0.7083
2026/08/08 23:04:57 - mmengine - INFO - Epoch(val) [68][116/116]    busi/dice_tum: 0.8310  busi/dice_lezyonlu: 0.7958  busi/bos_dogru: 20  busi/esik: 0.4000  val_kayip_cls: 0.3234  val_kayip_bbox: 0.2572  val_kayip_mask: 0.1278  val_kayip: 0.7083  coco/bbox_mAP: 0.6090  coco/bbox_mAP_50: 0.8890  coco/bbox_mAP_75: 0.6990  coco/bbox_mAP_s: 0.0000  coco/bbox_mAP_m: 0.7220  coco/bbox_mAP_l: 0.5600  coco/segm_mAP: 0.6150  coco/segm_mAP_50: 0.8940  coco/segm_mAP_75: 0.6990  coco/segm_mAP_s: 0.0130  coco/segm_mAP_m: 0.7280  coco/segm_mAP_l: 0.5650  data_time: 0.0062  time: 0.0450
2026/08/08 23:05:01 - mmengine - INFO - Epoch(train)  [69][10/68]  base_lr: 9.0458e-05 lr: 9.0458e-05  eta: 0:13:16  time: 0.3681  data_time: 0.1387  memory: 600  grad_norm: 10.1834  loss: 0.3954  loss_cls: 0.0865  loss_bbox: 0.2144  loss_mask: 0.0944
2026/08/08 23:05:05 - mmengine - INFO - Epoch(train)  [69][20/68]  base_lr: 8.9959e-05 lr: 8.9959e-05  eta: 0:13:12  time: 0.3665  data_time: 0.1375  memory: 601  grad_norm: 10.0536  loss: 0.4018  loss_cls: 0.0859  loss_bbox: 0.2183  loss_mask: 0.0975
2026/08/08 23:05:08 - mmengine - INFO - Epoch(train)  [69][30/68]  base_lr: 8.9457e-05 lr: 8.9457e-05  eta: 0:13:08  time: 0.3673  data_time: 0.1388  memory: 602  grad_norm: 10.1312  loss: 0.4141  loss_cls: 0.0929  loss_bbox: 0.2225  loss_mask: 0.0987
2026/08/08 23:05:12 - mmengine - INFO - Epoch(train)  [69][40/68]  base_lr: 8.8954e-05 lr: 8.8954e-05  eta: 0:13:05  time: 0.3729  data_time: 0.1416  memory: 601  grad_norm: 9.9862  loss: 0.4120  loss_cls: 0.0912  loss_bbox: 0.2222  loss_mask: 0.0986
2026/08/08 23:05:16 - mmengine - INFO - Epoch(train)  [69][50/68]  base_lr: 8.8448e-05 lr: 8.8448e-05  eta: 0:13:01  time: 0.3777  data_time: 0.1441  memory: 602  grad_norm: 9.7544  loss: 0.4079  loss_cls: 0.0912  loss_bbox: 0.2189  loss_mask: 0.0978
2026/08/08 23:05:20 - mmengine - INFO - Epoch(train)  [69][60/68]  base_lr: 8.7941e-05 lr: 8.7941e-05  eta: 0:12:58  time: 0.3780  data_time: 0.1440  memory: 602  grad_norm: 9.4678  loss: 0.4064  loss_cls: 0.0907  loss_bbox: 0.2195  loss_mask: 0.0961
2026/08/08 23:05:23 - mmengine - INFO - Exp name: rtmdet_ins_busi_20260808_222414
2026/08/08 23:05:23 - mmengine - INFO - Saving checkpoint at 69 epochs
2026/08/08 23:05:25 - mmengine - INFO - Epoch(val)  [69][ 10/116]    eta: 0:00:04  time: 0.0474  data_time: 0.0064  memory: 601  
2026/08/08 23:05:26 - mmengine - INFO - Epoch(val)  [69][ 20/116]    eta: 0:00:04  time: 0.0467  data_time: 0.0064  memory: 118  
2026/08/08 23:05:26 - mmengine - INFO - Epoch(val)  [69][ 30/116]    eta: 0:00:03  time: 0.0448  data_time: 0.0060  memory: 122  
2026/08/08 23:05:26 - mmengine - INFO - Epoch(val)  [69][ 40/116]    eta: 0:00:03  time: 0.0434  data_time: 0.0058  memory: 116  
2026/08/08 23:05:27 - mmengine - INFO - Epoch(val)  [69][ 50/116]    eta: 0:00:02  time: 0.0425  data_time: 0.0058  memory: 170  
2026/08/08 23:05:27 - mmengine - INFO - Epoch(val)  [69][ 60/116]    eta: 0:00:02  time: 0.0428  data_time: 0.0060  memory: 134  
2026/08/08 23:05:28 - mmengine - INFO - Epoch(val)  [69][ 70/116]    eta: 0:00:02  time: 0.0432  data_time: 0.0060  memory: 121  
2026/08/08 23:05:28 - mmengine - INFO - Epoch(val)  [69][ 80/116]    eta: 0:00:01  time: 0.0441  data_time: 0.0062  memory: 115  
2026/08/08 23:05:29 - mmengine - INFO - Epoch(val)  [69][ 90/116]    eta: 0:00:01  time: 0.0458  data_time: 0.0066  memory: 157  
2026/08/08 23:05:29 - mmengine - INFO - Epoch(val)  [69][100/116]    eta: 0:00:00  time: 0.0457  data_time: 0.0065  memory: 148  
2026/08/08 23:05:30 - mmengine - INFO - Epoch(val)  [69][110/116]    eta: 0:00:00  time: 0.0448  data_time: 0.0062  memory: 114  
2026/08/08 23:05:30 - mmengine - INFO - Evaluating bbox...
2026/08/08 23:05:30 - mmengine - INFO - bbox_mAP_copypaste: 0.611 0.887 0.733 0.000 0.717 0.565
2026/08/08 23:05:30 - mmengine - INFO - Evaluating segm...
2026/08/08 23:05:30 - mmengine - INFO - segm_mAP_copypaste: 0.618 0.892 0.705 0.013 0.722 0.571
2026/08/08 23:05:32 - mmengine - INFO - val kayip: val_kayip_cls 0.3232  val_kayip_bbox 0.2624  val_kayip_mask 0.1282  val_kayip 0.7137
2026/08/08 23:05:32 - mmengine - INFO - Epoch(val) [69][116/116]    busi/dice_tum: 0.8296  busi/dice_lezyonlu: 0.7941  busi/bos_dogru: 20  busi/esik: 0.5000  val_kayip_cls: 0.3232  val_kayip_bbox: 0.2624  val_kayip_mask: 0.1282  val_kayip: 0.7137  coco/bbox_mAP: 0.6110  coco/bbox_mAP_50: 0.8870  coco/bbox_mAP_75: 0.7330  coco/bbox_mAP_s: 0.0000  coco/bbox_mAP_m: 0.7170  coco/bbox_mAP_l: 0.5650  coco/segm_mAP: 0.6180  coco/segm_mAP_50: 0.8920  coco/segm_mAP_75: 0.7050  coco/segm_mAP_s: 0.0120  coco/segm_mAP_m: 0.7220  coco/segm_mAP_l: 0.5710  data_time: 0.0061  time: 0.0446
2026/08/08 23:05:36 - mmengine - INFO - Epoch(train)  [70][10/68]  base_lr: 8.7023e-05 lr: 8.7023e-05  eta: 0:12:51  time: 0.3731  data_time: 0.1385  memory: 601  grad_norm: 9.1393  loss: 0.3957  loss_cls: 0.0851  loss_bbox: 0.2146  loss_mask: 0.0961
2026/08/08 23:05:40 - mmengine - INFO - Epoch(train)  [70][20/68]  base_lr: 8.6510e-05 lr: 8.6510e-05  eta: 0:12:47  time: 0.3694  data_time: 0.1357  memory: 602  grad_norm: 9.2833  loss: 0.3971  loss_cls: 0.0896  loss_bbox: 0.2132  loss_mask: 0.0943
2026/08/08 23:05:43 - mmengine - INFO - Epoch(train)  [70][30/68]  base_lr: 8.5995e-05 lr: 8.5995e-05  eta: 0:12:44  time: 0.3676  data_time: 0.1352  memory: 602  grad_norm: 9.4410  loss: 0.4035  loss_cls: 0.0937  loss_bbox: 0.2150  loss_mask: 0.0948
2026/08/08 23:05:47 - mmengine - INFO - Epoch(train)  [70][40/68]  base_lr: 8.5479e-05 lr: 8.5479e-05  eta: 0:12:40  time: 0.3667  data_time: 0.1342  memory: 601  grad_norm: 9.8380  loss: 0.3959  loss_cls: 0.0930  loss_bbox: 0.2078  loss_mask: 0.0951
2026/08/08 23:05:51 - mmengine - INFO - Epoch(train)  [70][50/68]  base_lr: 8.4961e-05 lr: 8.4961e-05  eta: 0:12:36  time: 0.3701  data_time: 0.1380  memory: 601  grad_norm: 9.8844  loss: 0.4025  loss_cls: 0.0974  loss_bbox: 0.2088  loss_mask: 0.0962
2026/08/08 23:05:54 - mmengine - INFO - Epoch(train)  [70][60/68]  base_lr: 8.4442e-05 lr: 8.4442e-05  eta: 0:12:32  time: 0.3665  data_time: 0.1364  memory: 602  grad_norm: 10.3368  loss: 0.4003  loss_cls: 0.0965  loss_bbox: 0.2097  loss_mask: 0.0941
2026/08/08 23:05:57 - mmengine - INFO - Exp name: rtmdet_ins_busi_20260808_222414
2026/08/08 23:05:57 - mmengine - INFO - Saving checkpoint at 70 epochs
2026/08/08 23:06:00 - mmengine - INFO - Epoch(val)  [70][ 10/116]    eta: 0:00:04  time: 0.0467  data_time: 0.0063  memory: 603  
2026/08/08 23:06:00 - mmengine - INFO - Epoch(val)  [70][ 20/116]    eta: 0:00:04  time: 0.0464  data_time: 0.0062  memory: 118  
2026/08/08 23:06:01 - mmengine - INFO - Epoch(val)  [70][ 30/116]    eta: 0:00:03  time: 0.0445  data_time: 0.0059  memory: 120  
2026/08/08 23:06:01 - mmengine - INFO - Epoch(val)  [70][ 40/116]    eta: 0:00:03  time: 0.0441  data_time: 0.0057  memory: 116  
2026/08/08 23:06:02 - mmengine - INFO - Epoch(val)  [70][ 50/116]    eta: 0:00:02  time: 0.0431  data_time: 0.0059  memory: 176  
2026/08/08 23:06:02 - mmengine - INFO - Epoch(val)  [70][ 60/116]    eta: 0:00:02  time: 0.0432  data_time: 0.0062  memory: 116  
2026/08/08 23:06:03 - mmengine - INFO - Epoch(val)  [70][ 70/116]    eta: 0:00:02  time: 0.0434  data_time: 0.0063  memory: 121  
2026/08/08 23:06:03 - mmengine - INFO - Epoch(val)  [70][ 80/116]    eta: 0:00:01  time: 0.0439  data_time: 0.0064  memory: 134  
2026/08/08 23:06:03 - mmengine - INFO - Epoch(val)  [70][ 90/116]    eta: 0:00:01  time: 0.0454  data_time: 0.0067  memory: 163  
2026/08/08 23:06:04 - mmengine - INFO - Epoch(val)  [70][100/116]    eta: 0:00:00  time: 0.0455  data_time: 0.0064  memory: 157  
2026/08/08 23:06:04 - mmengine - INFO - Epoch(val)  [70][110/116]    eta: 0:00:00  time: 0.0452  data_time: 0.0062  memory: 123  
2026/08/08 23:06:05 - mmengine - INFO - Evaluating bbox...
2026/08/08 23:06:05 - mmengine - INFO - bbox_mAP_copypaste: 0.608 0.884 0.723 0.000 0.691 0.569
2026/08/08 23:06:05 - mmengine - INFO - Evaluating segm...
2026/08/08 23:06:05 - mmengine - INFO - segm_mAP_copypaste: 0.616 0.885 0.712 0.011 0.714 0.571
2026/08/08 23:06:07 - mmengine - INFO - val kayip: val_kayip_cls 0.3073  val_kayip_bbox 0.2601  val_kayip_mask 0.1304  val_kayip 0.6979
2026/08/08 23:06:07 - mmengine - INFO - Epoch(val) [70][116/116]    busi/dice_tum: 0.8291  busi/dice_lezyonlu: 0.7935  busi/bos_dogru: 20  busi/esik: 0.5000  val_kayip_cls: 0.3073  val_kayip_bbox: 0.2601  val_kayip_mask: 0.1304  val_kayip: 0.6979  coco/bbox_mAP: 0.6080  coco/bbox_mAP_50: 0.8840  coco/bbox_mAP_75: 0.7230  coco/bbox_mAP_s: 0.0000  coco/bbox_mAP_m: 0.6910  coco/bbox_mAP_l: 0.5690  coco/segm_mAP: 0.6160  coco/segm_mAP_50: 0.8850  coco/segm_mAP_75: 0.7120  coco/segm_mAP_s: 0.0110  coco/segm_mAP_m: 0.7140  coco/segm_mAP_l: 0.5710  data_time: 0.0062  time: 0.0450
2026/08/08 23:06:11 - mmengine - INFO - Epoch(train)  [71][10/68]  base_lr: 8.3503e-05 lr: 8.3503e-05  eta: 0:12:26  time: 0.3734  data_time: 0.1420  memory: 602  grad_norm: 10.4975  loss: 0.3889  loss_cls: 0.0901  loss_bbox: 0.2066  loss_mask: 0.0921
2026/08/08 23:06:15 - mmengine - INFO - Epoch(train)  [71][20/68]  base_lr: 8.2979e-05 lr: 8.2979e-05  eta: 0:12:22  time: 0.3752  data_time: 0.1453  memory: 604  grad_norm: 10.3818  loss: 0.3880  loss_cls: 0.0910  loss_bbox: 0.2057  loss_mask: 0.0913
2026/08/08 23:06:18 - mmengine - INFO - Epoch(train)  [71][30/68]  base_lr: 8.2453e-05 lr: 8.2453e-05  eta: 0:12:19  time: 0.3747  data_time: 0.1438  memory: 602  grad_norm: 10.1672  loss: 0.3804  loss_cls: 0.0864  loss_bbox: 0.2033  loss_mask: 0.0908
2026/08/08 23:06:22 - mmengine - INFO - Epoch(train)  [71][40/68]  base_lr: 8.1927e-05 lr: 8.1927e-05  eta: 0:12:15  time: 0.3723  data_time: 0.1400  memory: 602  grad_norm: 10.4472  loss: 0.3878  loss_cls: 0.0926  loss_bbox: 0.2045  loss_mask: 0.0907
2026/08/08 23:06:26 - mmengine - INFO - Epoch(train)  [71][50/68]  base_lr: 8.1398e-05 lr: 8.1398e-05  eta: 0:12:11  time: 0.3741  data_time: 0.1413  memory: 601  grad_norm: 10.5433  loss: 0.3882  loss_cls: 0.0894  loss_bbox: 0.2055  loss_mask: 0.0933
2026/08/08 23:06:29 - mmengine - INFO - Epoch(train)  [71][60/68]  base_lr: 8.0869e-05 lr: 8.0869e-05  eta: 0:12:08  time: 0.3717  data_time: 0.1402  memory: 601  grad_norm: 10.1516  loss: 0.3919  loss_cls: 0.0918  loss_bbox: 0.2071  loss_mask: 0.0929
2026/08/08 23:06:32 - mmengine - INFO - Exp name: rtmdet_ins_busi_20260808_222414
2026/08/08 23:06:32 - mmengine - INFO - Saving checkpoint at 71 epochs
2026/08/08 23:06:35 - mmengine - INFO - Epoch(val)  [71][ 10/116]    eta: 0:00:05  time: 0.0480  data_time: 0.0064  memory: 602  
2026/08/08 23:06:35 - mmengine - INFO - Epoch(val)  [71][ 20/116]    eta: 0:00:04  time: 0.0476  data_time: 0.0063  memory: 118  
2026/08/08 23:06:36 - mmengine - INFO - Epoch(val)  [71][ 30/116]    eta: 0:00:03  time: 0.0456  data_time: 0.0058  memory: 117  
2026/08/08 23:06:36 - mmengine - INFO - Epoch(val)  [71][ 40/116]    eta: 0:00:03  time: 0.0445  data_time: 0.0057  memory: 122  
2026/08/08 23:06:37 - mmengine - INFO - Epoch(val)  [71][ 50/116]    eta: 0:00:02  time: 0.0432  data_time: 0.0058  memory: 181  
2026/08/08 23:06:37 - mmengine - INFO - Epoch(val)  [71][ 60/116]    eta: 0:00:02  time: 0.0427  data_time: 0.0060  memory: 120  
2026/08/08 23:06:37 - mmengine - INFO - Epoch(val)  [71][ 70/116]    eta: 0:00:02  time: 0.0429  data_time: 0.0060  memory: 121  
2026/08/08 23:06:38 - mmengine - INFO - Epoch(val)  [71][ 80/116]    eta: 0:00:01  time: 0.0439  data_time: 0.0063  memory: 121  
2026/08/08 23:06:38 - mmengine - INFO - Epoch(val)  [71][ 90/116]    eta: 0:00:01  time: 0.0454  data_time: 0.0066  memory: 145  
2026/08/08 23:06:39 - mmengine - INFO - Epoch(val)  [71][100/116]    eta: 0:00:00  time: 0.0452  data_time: 0.0065  memory: 171  
2026/08/08 23:06:39 - mmengine - INFO - Epoch(val)  [71][110/116]    eta: 0:00:00  time: 0.0446  data_time: 0.0062  memory: 115  
2026/08/08 23:06:40 - mmengine - INFO - Evaluating bbox...
2026/08/08 23:06:40 - mmengine - INFO - bbox_mAP_copypaste: 0.607 0.879 0.720 0.000 0.728 0.558
2026/08/08 23:06:40 - mmengine - INFO - Evaluating segm...
2026/08/08 23:06:40 - mmengine - INFO - segm_mAP_copypaste: 0.605 0.877 0.668 0.017 0.713 0.558
2026/08/08 23:06:42 - mmengine - INFO - val kayip: val_kayip_cls 0.2887  val_kayip_bbox 0.2599  val_kayip_mask 0.1334  val_kayip 0.6820
2026/08/08 23:06:42 - mmengine - INFO - Epoch(val) [71][116/116]    busi/dice_tum: 0.8282  busi/dice_lezyonlu: 0.7924  busi/bos_dogru: 20  busi/esik: 0.5000  val_kayip_cls: 0.2887  val_kayip_bbox: 0.2599  val_kayip_mask: 0.1334  val_kayip: 0.6820  coco/bbox_mAP: 0.6070  coco/bbox_mAP_50: 0.8790  coco/bbox_mAP_75: 0.7200  coco/bbox_mAP_s: 0.0000  coco/bbox_mAP_m: 0.7280  coco/bbox_mAP_l: 0.5580  coco/segm_mAP: 0.6050  coco/segm_mAP_50: 0.8770  coco/segm_mAP_75: 0.6680  coco/segm_mAP_s: 0.0170  coco/segm_mAP_m: 0.7130  coco/segm_mAP_l: 0.5580  data_time: 0.0061  time: 0.0442
2026/08/08 23:06:46 - mmengine - INFO - Epoch(train)  [72][10/68]  base_lr: 7.9912e-05 lr: 7.9912e-05  eta: 0:12:01  time: 0.3647  data_time: 0.1337  memory: 601  grad_norm: 10.5102  loss: 0.3913  loss_cls: 0.0891  loss_bbox: 0.2105  loss_mask: 0.0917
2026/08/08 23:06:49 - mmengine - INFO - Epoch(train)  [72][20/68]  base_lr: 7.9379e-05 lr: 7.9379e-05  eta: 0:11:57  time: 0.3650  data_time: 0.1367  memory: 600  grad_norm: 10.2572  loss: 0.3959  loss_cls: 0.0899  loss_bbox: 0.2126  loss_mask: 0.0934
2026/08/08 23:06:53 - mmengine - INFO - Epoch(train)  [72][30/68]  base_lr: 7.8845e-05 lr: 7.8845e-05  eta: 0:11:54  time: 0.3682  data_time: 0.1397  memory: 600  grad_norm: 9.9303  loss: 0.3943  loss_cls: 0.0903  loss_bbox: 0.2120  loss_mask: 0.0920
2026/08/08 23:06:57 - mmengine - INFO - Epoch(train)  [72][40/68]  base_lr: 7.8309e-05 lr: 7.8309e-05  eta: 0:11:50  time: 0.3705  data_time: 0.1401  memory: 603  grad_norm: 9.8486  loss: 0.3943  loss_cls: 0.0913  loss_bbox: 0.2100  loss_mask: 0.0929
2026/08/08 23:07:01 - mmengine - INFO - Epoch(train)  [72][50/68]  base_lr: 7.7773e-05 lr: 7.7773e-05  eta: 0:11:46  time: 0.3754  data_time: 0.1439  memory: 600  grad_norm: 9.6234  loss: 0.3978  loss_cls: 0.0901  loss_bbox: 0.2139  loss_mask: 0.0937
2026/08/08 23:07:04 - mmengine - INFO - Epoch(train)  [72][60/68]  base_lr: 7.7235e-05 lr: 7.7235e-05  eta: 0:11:43  time: 0.3753  data_time: 0.1435  memory: 602  grad_norm: 9.8381  loss: 0.4033  loss_cls: 0.0946  loss_bbox: 0.2138  loss_mask: 0.0948
2026/08/08 23:07:07 - mmengine - INFO - Exp name: rtmdet_ins_busi_20260808_222414
2026/08/08 23:07:07 - mmengine - INFO - Saving checkpoint at 72 epochs
2026/08/08 23:07:10 - mmengine - INFO - Epoch(val)  [72][ 10/116]    eta: 0:00:04  time: 0.0455  data_time: 0.0064  memory: 601  
2026/08/08 23:07:10 - mmengine - INFO - Epoch(val)  [72][ 20/116]    eta: 0:00:04  time: 0.0450  data_time: 0.0063  memory: 118  
2026/08/08 23:07:11 - mmengine - INFO - Epoch(val)  [72][ 30/116]    eta: 0:00:03  time: 0.0431  data_time: 0.0059  memory: 117  
2026/08/08 23:07:11 - mmengine - INFO - Epoch(val)  [72][ 40/116]    eta: 0:00:03  time: 0.0425  data_time: 0.0058  memory: 122  
2026/08/08 23:07:11 - mmengine - INFO - Epoch(val)  [72][ 50/116]    eta: 0:00:02  time: 0.0425  data_time: 0.0059  memory: 170  
2026/08/08 23:07:12 - mmengine - INFO - Epoch(val)  [72][ 60/116]    eta: 0:00:02  time: 0.0432  data_time: 0.0060  memory: 138  
2026/08/08 23:07:12 - mmengine - INFO - Epoch(val)  [72][ 70/116]    eta: 0:00:01  time: 0.0432  data_time: 0.0062  memory: 125  
2026/08/08 23:07:13 - mmengine - INFO - Epoch(val)  [72][ 80/116]    eta: 0:00:01  time: 0.0438  data_time: 0.0062  memory: 118  
2026/08/08 23:07:13 - mmengine - INFO - Epoch(val)  [72][ 90/116]    eta: 0:00:01  time: 0.0458  data_time: 0.0065  memory: 145  
2026/08/08 23:07:14 - mmengine - INFO - Epoch(val)  [72][100/116]    eta: 0:00:00  time: 0.0462  data_time: 0.0064  memory: 148  
2026/08/08 23:07:14 - mmengine - INFO - Epoch(val)  [72][110/116]    eta: 0:00:00  time: 0.0450  data_time: 0.0061  memory: 120  
2026/08/08 23:07:15 - mmengine - INFO - Evaluating bbox...
2026/08/08 23:07:15 - mmengine - INFO - bbox_mAP_copypaste: 0.617 0.889 0.718 0.000 0.709 0.579
2026/08/08 23:07:15 - mmengine - INFO - Evaluating segm...
2026/08/08 23:07:15 - mmengine - INFO - segm_mAP_copypaste: 0.624 0.894 0.728 0.012 0.724 0.582
2026/08/08 23:07:17 - mmengine - INFO - val kayip: val_kayip_cls 0.3505  val_kayip_bbox 0.2564  val_kayip_mask 0.1241  val_kayip 0.7309
2026/08/08 23:07:17 - mmengine - INFO - Epoch(val) [72][116/116]    busi/dice_tum: 0.8261  busi/dice_lezyonlu: 0.7899  busi/bos_dogru: 20  busi/esik: 0.5000  val_kayip_cls: 0.3505  val_kayip_bbox: 0.2564  val_kayip_mask: 0.1241  val_kayip: 0.7309  coco/bbox_mAP: 0.6170  coco/bbox_mAP_50: 0.8890  coco/bbox_mAP_75: 0.7180  coco/bbox_mAP_s: 0.0000  coco/bbox_mAP_m: 0.7090  coco/bbox_mAP_l: 0.5790  coco/segm_mAP: 0.6240  coco/segm_mAP_50: 0.8940  coco/segm_mAP_75: 0.7280  coco/segm_mAP_s: 0.0120  coco/segm_mAP_m: 0.7240  coco/segm_mAP_l: 0.5820  data_time: 0.0061  time: 0.0442
2026/08/08 23:07:20 - mmengine - INFO - Epoch(train)  [73][10/68]  base_lr: 7.6265e-05 lr: 7.6265e-05  eta: 0:11:36  time: 0.3709  data_time: 0.1386  memory: 601  grad_norm: 9.5513  loss: 0.3948  loss_cls: 0.0875  loss_bbox: 0.2106  loss_mask: 0.0967
2026/08/08 23:07:24 - mmengine - INFO - Epoch(train)  [73][20/68]  base_lr: 7.5725e-05 lr: 7.5725e-05  eta: 0:11:32  time: 0.3707  data_time: 0.1383  memory: 601  grad_norm: 9.9798  loss: 0.3981  loss_cls: 0.0863  loss_bbox: 0.2148  loss_mask: 0.0971
2026/08/08 23:07:28 - mmengine - INFO - Epoch(train)  [73][30/68]  base_lr: 7.5184e-05 lr: 7.5184e-05  eta: 0:11:29  time: 0.3708  data_time: 0.1390  memory: 600  grad_norm: 10.2835  loss: 0.3979  loss_cls: 0.0885  loss_bbox: 0.2137  loss_mask: 0.0958
2026/08/08 23:07:32 - mmengine - INFO - Epoch(train)  [73][40/68]  base_lr: 7.4642e-05 lr: 7.4642e-05  eta: 0:11:25  time: 0.3720  data_time: 0.1405  memory: 602  grad_norm: 10.1719  loss: 0.3988  loss_cls: 0.0891  loss_bbox: 0.2137  loss_mask: 0.0959
2026/08/08 23:07:36 - mmengine - INFO - Epoch(train)  [73][50/68]  base_lr: 7.4100e-05 lr: 7.4100e-05  eta: 0:11:22  time: 0.3780  data_time: 0.1438  memory: 602  grad_norm: 9.8231  loss: 0.3963  loss_cls: 0.0902  loss_bbox: 0.2115  loss_mask: 0.0946
2026/08/08 23:07:39 - mmengine - INFO - Epoch(train)  [73][60/68]  base_lr: 7.3556e-05 lr: 7.3556e-05  eta: 0:11:18  time: 0.3793  data_time: 0.1454  memory: 602  grad_norm: 10.2137  loss: 0.3865  loss_cls: 0.0875  loss_bbox: 0.2081  loss_mask: 0.0909
2026/08/08 23:07:42 - mmengine - INFO - Exp name: rtmdet_ins_busi_20260808_222414
2026/08/08 23:07:42 - mmengine - INFO - Saving checkpoint at 73 epochs
2026/08/08 23:07:45 - mmengine - INFO - Epoch(val)  [73][ 10/116]    eta: 0:00:04  time: 0.0465  data_time: 0.0063  memory: 604  
2026/08/08 23:07:46 - mmengine - INFO - Epoch(val)  [73][ 20/116]    eta: 0:00:04  time: 0.0457  data_time: 0.0062  memory: 118  
2026/08/08 23:07:46 - mmengine - INFO - Epoch(val)  [73][ 30/116]    eta: 0:00:03  time: 0.0432  data_time: 0.0058  memory: 122  
2026/08/08 23:07:46 - mmengine - INFO - Epoch(val)  [73][ 40/116]    eta: 0:00:03  time: 0.0425  data_time: 0.0056  memory: 116  
2026/08/08 23:07:47 - mmengine - INFO - Epoch(val)  [73][ 50/116]    eta: 0:00:02  time: 0.0432  data_time: 0.0056  memory: 170  
2026/08/08 23:07:47 - mmengine - INFO - Epoch(val)  [73][ 60/116]    eta: 0:00:02  time: 0.0432  data_time: 0.0058  memory: 129  
2026/08/08 23:07:48 - mmengine - INFO - Epoch(val)  [73][ 70/116]    eta: 0:00:02  time: 0.0439  data_time: 0.0059  memory: 116  
2026/08/08 23:07:48 - mmengine - INFO - Epoch(val)  [73][ 80/116]    eta: 0:00:01  time: 0.0453  data_time: 0.0062  memory: 124  
2026/08/08 23:07:49 - mmengine - INFO - Epoch(val)  [73][ 90/116]    eta: 0:00:01  time: 0.0470  data_time: 0.0066  memory: 151  
2026/08/08 23:07:49 - mmengine - INFO - Epoch(val)  [73][100/116]    eta: 0:00:00  time: 0.0461  data_time: 0.0065  memory: 148  
2026/08/08 23:07:50 - mmengine - INFO - Epoch(val)  [73][110/116]    eta: 0:00:00  time: 0.0454  data_time: 0.0063  memory: 115  
2026/08/08 23:07:50 - mmengine - INFO - Evaluating bbox...
2026/08/08 23:07:50 - mmengine - INFO - bbox_mAP_copypaste: 0.608 0.886 0.729 0.000 0.710 0.560
2026/08/08 23:07:50 - mmengine - INFO - Evaluating segm...
2026/08/08 23:07:50 - mmengine - INFO - segm_mAP_copypaste: 0.619 0.896 0.694 0.011 0.723 0.570
2026/08/08 23:07:52 - mmengine - INFO - val kayip: val_kayip_cls 0.3508  val_kayip_bbox 0.2589  val_kayip_mask 0.1268  val_kayip 0.7366
2026/08/08 23:07:52 - mmengine - INFO - Epoch(val) [73][116/116]    busi/dice_tum: 0.8242  busi/dice_lezyonlu: 0.7876  busi/bos_dogru: 20  busi/esik: 0.4000  val_kayip_cls: 0.3508  val_kayip_bbox: 0.2589  val_kayip_mask: 0.1268  val_kayip: 0.7366  coco/bbox_mAP: 0.6080  coco/bbox_mAP_50: 0.8860  coco/bbox_mAP_75: 0.7290  coco/bbox_mAP_s: 0.0000  coco/bbox_mAP_m: 0.7100  coco/bbox_mAP_l: 0.5600  coco/segm_mAP: 0.6190  coco/segm_mAP_50: 0.8960  coco/segm_mAP_75: 0.6940  coco/segm_mAP_s: 0.0110  coco/segm_mAP_m: 0.7230  coco/segm_mAP_l: 0.5700  data_time: 0.0061  time: 0.0444
2026/08/08 23:07:56 - mmengine - INFO - Epoch(train)  [74][10/68]  base_lr: 7.2577e-05 lr: 7.2577e-05  eta: 0:11:11  time: 0.3771  data_time: 0.1439  memory: 603  grad_norm: 9.7224  loss: 0.3795  loss_cls: 0.0866  loss_bbox: 0.2043  loss_mask: 0.0886
2026/08/08 23:08:00 - mmengine - INFO - Epoch(train)  [74][20/68]  base_lr: 7.2031e-05 lr: 7.2031e-05  eta: 0:11:08  time: 0.3782  data_time: 0.1445  memory: 602  grad_norm: 9.7298  loss: 0.3861  loss_cls: 0.0880  loss_bbox: 0.2058  loss_mask: 0.0923
2026/08/08 23:08:03 - mmengine - INFO - Epoch(train)  [74][30/68]  base_lr: 7.1486e-05 lr: 7.1486e-05  eta: 0:11:04  time: 0.3743  data_time: 0.1410  memory: 603  grad_norm: 9.4270  loss: 0.3841  loss_cls: 0.0861  loss_bbox: 0.2064  loss_mask: 0.0916
2026/08/08 23:08:06 - mmengine - INFO - Exp name: rtmdet_ins_busi_20260808_222414
2026/08/08 23:08:07 - mmengine - INFO - Epoch(train)  [74][40/68]  base_lr: 7.0940e-05 lr: 7.0940e-05  eta: 0:11:00  time: 0.3760  data_time: 0.1442  memory: 601  grad_norm: 9.6975  loss: 0.3849  loss_cls: 0.0863  loss_bbox: 0.2058  loss_mask: 0.0928
2026/08/08 23:08:11 - mmengine - INFO - Epoch(train)  [74][50/68]  base_lr: 7.0393e-05 lr: 7.0393e-05  eta: 0:10:57  time: 0.3755  data_time: 0.1431  memory: 605  grad_norm: 9.5654  loss: 0.3843  loss_cls: 0.0836  loss_bbox: 0.2049  loss_mask: 0.0959
2026/08/08 23:08:15 - mmengine - INFO - Epoch(train)  [74][60/68]  base_lr: 6.9846e-05 lr: 6.9846e-05  eta: 0:10:53  time: 0.3797  data_time: 0.1482  memory: 601  grad_norm: 9.5581  loss: 0.3952  loss_cls: 0.0890  loss_bbox: 0.2090  loss_mask: 0.0971
2026/08/08 23:08:17 - mmengine - INFO - Exp name: rtmdet_ins_busi_20260808_222414
2026/08/08 23:08:17 - mmengine - INFO - Saving checkpoint at 74 epochs
2026/08/08 23:08:20 - mmengine - INFO - Epoch(val)  [74][ 10/116]    eta: 0:00:04  time: 0.0453  data_time: 0.0063  memory: 600  
2026/08/08 23:08:20 - mmengine - INFO - Epoch(val)  [74][ 20/116]    eta: 0:00:04  time: 0.0445  data_time: 0.0060  memory: 113  
2026/08/08 23:08:21 - mmengine - INFO - Epoch(val)  [74][ 30/116]    eta: 0:00:03  time: 0.0427  data_time: 0.0057  memory: 122  
2026/08/08 23:08:21 - mmengine - INFO - Epoch(val)  [74][ 40/116]    eta: 0:00:03  time: 0.0420  data_time: 0.0056  memory: 116  
2026/08/08 23:08:22 - mmengine - INFO - Epoch(val)  [74][ 50/116]    eta: 0:00:02  time: 0.0429  data_time: 0.0058  memory: 170  
2026/08/08 23:08:22 - mmengine - INFO - Epoch(val)  [74][ 60/116]    eta: 0:00:02  time: 0.0435  data_time: 0.0060  memory: 120  
2026/08/08 23:08:23 - mmengine - INFO - Epoch(val)  [74][ 70/116]    eta: 0:00:02  time: 0.0440  data_time: 0.0061  memory: 112  
2026/08/08 23:08:23 - mmengine - INFO - Epoch(val)  [74][ 80/116]    eta: 0:00:01  time: 0.0447  data_time: 0.0063  memory: 112  
2026/08/08 23:08:24 - mmengine - INFO - Epoch(val)  [74][ 90/116]    eta: 0:00:01  time: 0.0466  data_time: 0.0067  memory: 145  
2026/08/08 23:08:24 - mmengine - INFO - Epoch(val)  [74][100/116]    eta: 0:00:00  time: 0.0459  data_time: 0.0065  memory: 148  
2026/08/08 23:08:24 - mmengine - INFO - Epoch(val)  [74][110/116]    eta: 0:00:00  time: 0.0451  data_time: 0.0062  memory: 114  
2026/08/08 23:08:25 - mmengine - INFO - Evaluating bbox...
2026/08/08 23:08:25 - mmengine - INFO - bbox_mAP_copypaste: 0.607 0.886 0.706 0.000 0.700 0.563
2026/08/08 23:08:25 - mmengine - INFO - Evaluating segm...
2026/08/08 23:08:25 - mmengine - INFO - segm_mAP_copypaste: 0.613 0.886 0.717 0.000 0.718 0.566
2026/08/08 23:08:27 - mmengine - INFO - val kayip: val_kayip_cls 0.3598  val_kayip_bbox 0.2597  val_kayip_mask 0.1279  val_kayip 0.7474
2026/08/08 23:08:27 - mmengine - INFO - Epoch(val) [74][116/116]    busi/dice_tum: 0.8243  busi/dice_lezyonlu: 0.7877  busi/bos_dogru: 20  busi/esik: 0.4000  val_kayip_cls: 0.3598  val_kayip_bbox: 0.2597  val_kayip_mask: 0.1279  val_kayip: 0.7474  coco/bbox_mAP: 0.6070  coco/bbox_mAP_50: 0.8860  coco/bbox_mAP_75: 0.7060  coco/bbox_mAP_s: 0.0000  coco/bbox_mAP_m: 0.7000  coco/bbox_mAP_l: 0.5630  coco/segm_mAP: 0.6130  coco/segm_mAP_50: 0.8860  coco/segm_mAP_75: 0.7170  coco/segm_mAP_s: 0.0000  coco/segm_mAP_m: 0.7180  coco/segm_mAP_l: 0.5660  data_time: 0.0061  time: 0.0444
2026/08/08 23:08:31 - mmengine - INFO - Epoch(train)  [75][10/68]  base_lr: 6.8860e-05 lr: 6.8860e-05  eta: 0:10:46  time: 0.3755  data_time: 0.1468  memory: 601  grad_norm: 9.9856  loss: 0.3942  loss_cls: 0.0949  loss_bbox: 0.2072  loss_mask: 0.0921
2026/08/08 23:08:35 - mmengine - INFO - Epoch(train)  [75][20/68]  base_lr: 6.8312e-05 lr: 6.8312e-05  eta: 0:10:43  time: 0.3737  data_time: 0.1436  memory: 601  grad_norm: 9.6853  loss: 0.3999  loss_cls: 0.0979  loss_bbox: 0.2081  loss_mask: 0.0939
2026/08/08 23:08:38 - mmengine - INFO - Epoch(train)  [75][30/68]  base_lr: 6.7764e-05 lr: 6.7764e-05  eta: 0:10:39  time: 0.3762  data_time: 0.1456  memory: 601  grad_norm: 9.6429  loss: 0.3971  loss_cls: 0.0986  loss_bbox: 0.2049  loss_mask: 0.0936
2026/08/08 23:08:42 - mmengine - INFO - Epoch(train)  [75][40/68]  base_lr: 6.7216e-05 lr: 6.7216e-05  eta: 0:10:36  time: 0.3764  data_time: 0.1449  memory: 602  grad_norm: 9.5274  loss: 0.3882  loss_cls: 0.0952  loss_bbox: 0.2008  loss_mask: 0.0921
2026/08/08 23:08:46 - mmengine - INFO - Epoch(train)  [75][50/68]  base_lr: 6.6667e-05 lr: 6.6667e-05  eta: 0:10:32  time: 0.3825  data_time: 0.1484  memory: 603  grad_norm: 9.1309  loss: 0.3839  loss_cls: 0.0904  loss_bbox: 0.2021  loss_mask: 0.0915
2026/08/08 23:08:50 - mmengine - INFO - Epoch(train)  [75][60/68]  base_lr: 6.6119e-05 lr: 6.6119e-05  eta: 0:10:28  time: 0.3802  data_time: 0.1464  memory: 602  grad_norm: 9.0822  loss: 0.3787  loss_cls: 0.0871  loss_bbox: 0.2000  loss_mask: 0.0916
2026/08/08 23:08:53 - mmengine - INFO - Exp name: rtmdet_ins_busi_20260808_222414
2026/08/08 23:08:53 - mmengine - INFO - Saving checkpoint at 75 epochs
2026/08/08 23:08:55 - mmengine - INFO - Epoch(val)  [75][ 10/116]    eta: 0:00:04  time: 0.0456  data_time: 0.0063  memory: 600  
2026/08/08 23:08:56 - mmengine - INFO - Epoch(val)  [75][ 20/116]    eta: 0:00:04  time: 0.0452  data_time: 0.0062  memory: 118  
2026/08/08 23:08:56 - mmengine - INFO - Epoch(val)  [75][ 30/116]    eta: 0:00:03  time: 0.0431  data_time: 0.0058  memory: 115  
2026/08/08 23:08:57 - mmengine - INFO - Epoch(val)  [75][ 40/116]    eta: 0:00:03  time: 0.0427  data_time: 0.0058  memory: 107  
2026/08/08 23:08:57 - mmengine - INFO - Epoch(val)  [75][ 50/116]    eta: 0:00:02  time: 0.0428  data_time: 0.0060  memory: 158  
2026/08/08 23:08:57 - mmengine - INFO - Epoch(val)  [75][ 60/116]    eta: 0:00:02  time: 0.0430  data_time: 0.0063  memory: 125  
2026/08/08 23:08:58 - mmengine - INFO - Epoch(val)  [75][ 70/116]    eta: 0:00:02  time: 0.0434  data_time: 0.0062  memory: 114  
2026/08/08 23:08:58 - mmengine - INFO - Epoch(val)  [75][ 80/116]    eta: 0:00:01  time: 0.0443  data_time: 0.0063  memory: 121  
2026/08/08 23:08:59 - mmengine - INFO - Epoch(val)  [75][ 90/116]    eta: 0:00:01  time: 0.0457  data_time: 0.0067  memory: 139  
2026/08/08 23:08:59 - mmengine - INFO - Epoch(val)  [75][100/116]    eta: 0:00:00  time: 0.0451  data_time: 0.0065  memory: 135  
2026/08/08 23:09:00 - mmengine - INFO - Epoch(val)  [75][110/116]    eta: 0:00:00  time: 0.0446  data_time: 0.0062  memory: 110  
2026/08/08 23:09:00 - mmengine - INFO - Evaluating bbox...
2026/08/08 23:09:00 - mmengine - INFO - bbox_mAP_copypaste: 0.611 0.892 0.677 0.000 0.726 0.556
2026/08/08 23:09:00 - mmengine - INFO - Evaluating segm...
2026/08/08 23:09:00 - mmengine - INFO - segm_mAP_copypaste: 0.617 0.882 0.707 0.007 0.740 0.559
2026/08/08 23:09:02 - mmengine - INFO - val kayip: val_kayip_cls 0.2957  val_kayip_bbox 0.2595  val_kayip_mask 0.1285  val_kayip 0.6836
2026/08/08 23:09:02 - mmengine - INFO - Epoch(val) [75][116/116]    busi/dice_tum: 0.8143  busi/dice_lezyonlu: 0.7860  busi/bos_dogru: 19  busi/esik: 0.4000  val_kayip_cls: 0.2957  val_kayip_bbox: 0.2595  val_kayip_mask: 0.1285  val_kayip: 0.6836  coco/bbox_mAP: 0.6110  coco/bbox_mAP_50: 0.8920  coco/bbox_mAP_75: 0.6770  coco/bbox_mAP_s: 0.0000  coco/bbox_mAP_m: 0.7260  coco/bbox_mAP_l: 0.5560  coco/segm_mAP: 0.6170  coco/segm_mAP_50: 0.8820  coco/segm_mAP_75: 0.7070  coco/segm_mAP_s: 0.0070  coco/segm_mAP_m: 0.7400  coco/segm_mAP_l: 0.5590  data_time: 0.0062  time: 0.0441
2026/08/08 23:09:06 - mmengine - INFO - Epoch(train)  [76][10/68]  base_lr: 6.5131e-05 lr: 6.5131e-05  eta: 0:10:22  time: 0.3756  data_time: 0.1431  memory: 602  grad_norm: 9.2261  loss: 0.3791  loss_cls: 0.0803  loss_bbox: 0.2077  loss_mask: 0.0911
2026/08/08 23:09:10 - mmengine - INFO - Epoch(train)  [76][20/68]  base_lr: 6.4583e-05 lr: 6.4583e-05  eta: 0:10:18  time: 0.3751  data_time: 0.1429  memory: 601  grad_norm: 9.7518  loss: 0.3867  loss_cls: 0.0850  loss_bbox: 0.2105  loss_mask: 0.0912
2026/08/08 23:09:14 - mmengine - INFO - Epoch(train)  [76][30/68]  base_lr: 6.4034e-05 lr: 6.4034e-05  eta: 0:10:14  time: 0.3781  data_time: 0.1448  memory: 603  grad_norm: 9.7007  loss: 0.3839  loss_cls: 0.0820  loss_bbox: 0.2086  loss_mask: 0.0933
2026/08/08 23:09:18 - mmengine - INFO - Epoch(train)  [76][40/68]  base_lr: 6.3486e-05 lr: 6.3486e-05  eta: 0:10:11  time: 0.3814  data_time: 0.1474  memory: 602  grad_norm: 9.9154  loss: 0.3886  loss_cls: 0.0842  loss_bbox: 0.2094  loss_mask: 0.0950
2026/08/08 23:09:21 - mmengine - INFO - Epoch(train)  [76][50/68]  base_lr: 6.2938e-05 lr: 6.2938e-05  eta: 0:10:07  time: 0.3824  data_time: 0.1482  memory: 601  grad_norm: 9.9135  loss: 0.3888  loss_cls: 0.0901  loss_bbox: 0.2049  loss_mask: 0.0938
2026/08/08 23:09:25 - mmengine - INFO - Epoch(train)  [76][60/68]  base_lr: 6.2390e-05 lr: 6.2390e-05  eta: 0:10:03  time: 0.3804  data_time: 0.1480  memory: 602  grad_norm: 9.9040  loss: 0.3844  loss_cls: 0.0893  loss_bbox: 0.2022  loss_mask: 0.0928
2026/08/08 23:09:28 - mmengine - INFO - Exp name: rtmdet_ins_busi_20260808_222414
2026/08/08 23:09:28 - mmengine - INFO - Saving checkpoint at 76 epochs
2026/08/08 23:09:31 - mmengine - INFO - Epoch(val)  [76][ 10/116]    eta: 0:00:04  time: 0.0454  data_time: 0.0064  memory: 602  
2026/08/08 23:09:31 - mmengine - INFO - Epoch(val)  [76][ 20/116]    eta: 0:00:04  time: 0.0446  data_time: 0.0063  memory: 118  
2026/08/08 23:09:32 - mmengine - INFO - Epoch(val)  [76][ 30/116]    eta: 0:00:03  time: 0.0430  data_time: 0.0059  memory: 104  
2026/08/08 23:09:32 - mmengine - INFO - Epoch(val)  [76][ 40/116]    eta: 0:00:03  time: 0.0422  data_time: 0.0057  memory: 111  
2026/08/08 23:09:32 - mmengine - INFO - Epoch(val)  [76][ 50/116]    eta: 0:00:02  time: 0.0424  data_time: 0.0058  memory: 158  
2026/08/08 23:09:33 - mmengine - INFO - Epoch(val)  [76][ 60/116]    eta: 0:00:02  time: 0.0425  data_time: 0.0059  memory: 116  
2026/08/08 23:09:33 - mmengine - INFO - Epoch(val)  [76][ 70/116]    eta: 0:00:01  time: 0.0430  data_time: 0.0059  memory: 114  
2026/08/08 23:09:34 - mmengine - INFO - Epoch(val)  [76][ 80/116]    eta: 0:00:01  time: 0.0437  data_time: 0.0061  memory: 118  
2026/08/08 23:09:34 - mmengine - INFO - Epoch(val)  [76][ 90/116]    eta: 0:00:01  time: 0.0457  data_time: 0.0065  memory: 145  
2026/08/08 23:09:35 - mmengine - INFO - Epoch(val)  [76][100/116]    eta: 0:00:00  time: 0.0451  data_time: 0.0064  memory: 139  
2026/08/08 23:09:35 - mmengine - INFO - Epoch(val)  [76][110/116]    eta: 0:00:00  time: 0.0438  data_time: 0.0061  memory: 100  
2026/08/08 23:09:35 - mmengine - INFO - Evaluating bbox...
2026/08/08 23:09:35 - mmengine - INFO - bbox_mAP_copypaste: 0.615 0.876 0.693 0.000 0.719 0.565
2026/08/08 23:09:35 - mmengine - INFO - Evaluating segm...
2026/08/08 23:09:35 - mmengine - INFO - segm_mAP_copypaste: 0.607 0.876 0.684 0.009 0.712 0.559
2026/08/08 23:09:37 - mmengine - INFO - val kayip: val_kayip_cls 0.2839  val_kayip_bbox 0.2542  val_kayip_mask 0.1282  val_kayip 0.6663
2026/08/08 23:09:37 - mmengine - INFO - Epoch(val) [76][116/116]    busi/dice_tum: 0.8150  busi/dice_lezyonlu: 0.7868  busi/bos_dogru: 19  busi/esik: 0.3000  val_kayip_cls: 0.2839  val_kayip_bbox: 0.2542  val_kayip_mask: 0.1282  val_kayip: 0.6663  coco/bbox_mAP: 0.6150  coco/bbox_mAP_50: 0.8760  coco/bbox_mAP_75: 0.6930  coco/bbox_mAP_s: 0.0000  coco/bbox_mAP_m: 0.7190  coco/bbox_mAP_l: 0.5650  coco/segm_mAP: 0.6070  coco/segm_mAP_50: 0.8760  coco/segm_mAP_75: 0.6840  coco/segm_mAP_s: 0.0090  coco/segm_mAP_m: 0.7120  coco/segm_mAP_l: 0.5590  data_time: 0.0060  time: 0.0436
2026/08/08 23:09:41 - mmengine - INFO - Epoch(train)  [77][10/68]  base_lr: 6.1404e-05 lr: 6.1404e-05  eta: 0:09:57  time: 0.3690  data_time: 0.1385  memory: 604  grad_norm: 9.2781  loss: 0.3708  loss_cls: 0.0799  loss_bbox: 0.1996  loss_mask: 0.0913
2026/08/08 23:09:45 - mmengine - INFO - Epoch(train)  [77][20/68]  base_lr: 6.0857e-05 lr: 6.0857e-05  eta: 0:09:53  time: 0.3672  data_time: 0.1371  memory: 601  grad_norm: 9.3146  loss: 0.3741  loss_cls: 0.0804  loss_bbox: 0.2023  loss_mask: 0.0913
2026/08/08 23:09:49 - mmengine - INFO - Epoch(train)  [77][30/68]  base_lr: 6.0310e-05 lr: 6.0310e-05  eta: 0:09:49  time: 0.3721  data_time: 0.1408  memory: 601  grad_norm: 9.4049  loss: 0.3699  loss_cls: 0.0749  loss_bbox: 0.2027  loss_mask: 0.0923
2026/08/08 23:09:52 - mmengine - INFO - Epoch(train)  [77][40/68]  base_lr: 5.9764e-05 lr: 5.9764e-05  eta: 0:09:46  time: 0.3670  data_time: 0.1356  memory: 599  grad_norm: 9.3782  loss: 0.3774  loss_cls: 0.0809  loss_bbox: 0.2040  loss_mask: 0.0925
2026/08/08 23:09:56 - mmengine - INFO - Epoch(train)  [77][50/68]  base_lr: 5.9219e-05 lr: 5.9219e-05  eta: 0:09:42  time: 0.3680  data_time: 0.1354  memory: 601  grad_norm: 9.5418  loss: 0.3847  loss_cls: 0.0873  loss_bbox: 0.2048  loss_mask: 0.0926
2026/08/08 23:10:00 - mmengine - INFO - Epoch(train)  [77][60/68]  base_lr: 5.8673e-05 lr: 5.8673e-05  eta: 0:09:38  time: 0.3762  data_time: 0.1433  memory: 604  grad_norm: 9.5871  loss: 0.3894  loss_cls: 0.0904  loss_bbox: 0.2074  loss_mask: 0.0916
2026/08/08 23:10:03 - mmengine - INFO - Exp name: rtmdet_ins_busi_20260808_222414
2026/08/08 23:10:03 - mmengine - INFO - Saving checkpoint at 77 epochs
2026/08/08 23:10:05 - mmengine - INFO - Epoch(val)  [77][ 10/116]    eta: 0:00:04  time: 0.0449  data_time: 0.0062  memory: 603  
2026/08/08 23:10:06 - mmengine - INFO - Epoch(val)  [77][ 20/116]    eta: 0:00:04  time: 0.0447  data_time: 0.0061  memory: 118  
2026/08/08 23:10:06 - mmengine - INFO - Epoch(val)  [77][ 30/116]    eta: 0:00:03  time: 0.0431  data_time: 0.0058  memory: 112  
2026/08/08 23:10:07 - mmengine - INFO - Epoch(val)  [77][ 40/116]    eta: 0:00:03  time: 0.0425  data_time: 0.0057  memory: 111  
2026/08/08 23:10:07 - mmengine - INFO - Epoch(val)  [77][ 50/116]    eta: 0:00:02  time: 0.0427  data_time: 0.0058  memory: 158  
2026/08/08 23:10:08 - mmengine - INFO - Epoch(val)  [77][ 60/116]    eta: 0:00:02  time: 0.0428  data_time: 0.0060  memory: 107  
2026/08/08 23:10:08 - mmengine - INFO - Epoch(val)  [77][ 70/116]    eta: 0:00:02  time: 0.0429  data_time: 0.0060  memory: 112  
2026/08/08 23:10:09 - mmengine - INFO - Epoch(val)  [77][ 80/116]    eta: 0:00:01  time: 0.0437  data_time: 0.0061  memory: 115  
2026/08/08 23:10:09 - mmengine - INFO - Epoch(val)  [77][ 90/116]    eta: 0:00:01  time: 0.0457  data_time: 0.0066  memory: 139  
2026/08/08 23:10:09 - mmengine - INFO - Epoch(val)  [77][100/116]    eta: 0:00:00  time: 0.0452  data_time: 0.0064  memory: 133  
2026/08/08 23:10:10 - mmengine - INFO - Epoch(val)  [77][110/116]    eta: 0:00:00  time: 0.0444  data_time: 0.0062  memory: 103  
2026/08/08 23:10:10 - mmengine - INFO - Evaluating bbox...
2026/08/08 23:10:10 - mmengine - INFO - bbox_mAP_copypaste: 0.611 0.883 0.707 0.000 0.722 0.559
2026/08/08 23:10:10 - mmengine - INFO - Evaluating segm...
2026/08/08 23:10:10 - mmengine - INFO - segm_mAP_copypaste: 0.614 0.885 0.733 0.007 0.720 0.563
2026/08/08 23:10:12 - mmengine - INFO - val kayip: val_kayip_cls 0.2716  val_kayip_bbox 0.2548  val_kayip_mask 0.1286  val_kayip 0.6551
2026/08/08 23:10:12 - mmengine - INFO - Epoch(val) [77][116/116]    busi/dice_tum: 0.8165  busi/dice_lezyonlu: 0.7887  busi/bos_dogru: 19  busi/esik: 0.3000  val_kayip_cls: 0.2716  val_kayip_bbox: 0.2548  val_kayip_mask: 0.1286  val_kayip: 0.6551  coco/bbox_mAP: 0.6110  coco/bbox_mAP_50: 0.8830  coco/bbox_mAP_75: 0.7070  coco/bbox_mAP_s: 0.0000  coco/bbox_mAP_m: 0.7220  coco/bbox_mAP_l: 0.5590  coco/segm_mAP: 0.6140  coco/segm_mAP_50: 0.8850  coco/segm_mAP_75: 0.7330  coco/segm_mAP_s: 0.0070  coco/segm_mAP_m: 0.7200  coco/segm_mAP_l: 0.5630  data_time: 0.0061  time: 0.0441
2026/08/08 23:10:16 - mmengine - INFO - Epoch(train)  [78][10/68]  base_lr: 5.7694e-05 lr: 5.7694e-05  eta: 0:09:32  time: 0.3718  data_time: 0.1402  memory: 602  grad_norm: 9.5798  loss: 0.3930  loss_cls: 0.0903  loss_bbox: 0.2107  loss_mask: 0.0920
2026/08/08 23:10:20 - mmengine - INFO - Epoch(train)  [78][20/68]  base_lr: 5.7150e-05 lr: 5.7150e-05  eta: 0:09:28  time: 0.3770  data_time: 0.1446  memory: 603  grad_norm: 9.6221  loss: 0.3848  loss_cls: 0.0886  loss_bbox: 0.2067  loss_mask: 0.0894
2026/08/08 23:10:24 - mmengine - INFO - Epoch(train)  [78][30/68]  base_lr: 5.6608e-05 lr: 5.6608e-05  eta: 0:09:25  time: 0.3820  data_time: 0.1484  memory: 601  grad_norm: 9.4792  loss: 0.3780  loss_cls: 0.0841  loss_bbox: 0.2045  loss_mask: 0.0895
2026/08/08 23:10:28 - mmengine - INFO - Epoch(train)  [78][40/68]  base_lr: 5.6066e-05 lr: 5.6066e-05  eta: 0:09:21  time: 0.3812  data_time: 0.1490  memory: 603  grad_norm: 9.5175  loss: 0.3770  loss_cls: 0.0831  loss_bbox: 0.2027  loss_mask: 0.0912
2026/08/08 23:10:32 - mmengine - INFO - Epoch(train)  [78][50/68]  base_lr: 5.5525e-05 lr: 5.5525e-05  eta: 0:09:17  time: 0.3847  data_time: 0.1511  memory: 600  grad_norm: 9.5153  loss: 0.3860  loss_cls: 0.0886  loss_bbox: 0.2037  loss_mask: 0.0937
2026/08/08 23:10:35 - mmengine - INFO - Epoch(train)  [78][60/68]  base_lr: 5.4985e-05 lr: 5.4985e-05  eta: 0:09:14  time: 0.3826  data_time: 0.1509  memory: 601  grad_norm: 9.7780  loss: 0.3795  loss_cls: 0.0896  loss_bbox: 0.1997  loss_mask: 0.0902
2026/08/08 23:10:38 - mmengine - INFO - Exp name: rtmdet_ins_busi_20260808_222414
2026/08/08 23:10:38 - mmengine - INFO - Saving checkpoint at 78 epochs
2026/08/08 23:10:41 - mmengine - INFO - Epoch(val)  [78][ 10/116]    eta: 0:00:04  time: 0.0453  data_time: 0.0064  memory: 602  
2026/08/08 23:10:41 - mmengine - INFO - Epoch(val)  [78][ 20/116]    eta: 0:00:04  time: 0.0446  data_time: 0.0062  memory: 112  
2026/08/08 23:10:41 - mmengine - INFO - Epoch(val)  [78][ 30/116]    eta: 0:00:03  time: 0.0431  data_time: 0.0058  memory: 117  
2026/08/08 23:10:42 - mmengine - INFO - Epoch(val)  [78][ 40/116]    eta: 0:00:03  time: 0.0426  data_time: 0.0056  memory: 111  
2026/08/08 23:10:42 - mmengine - INFO - Epoch(val)  [78][ 50/116]    eta: 0:00:02  time: 0.0430  data_time: 0.0058  memory: 170  
2026/08/08 23:10:43 - mmengine - INFO - Epoch(val)  [78][ 60/116]    eta: 0:00:02  time: 0.0433  data_time: 0.0060  memory: 125  
2026/08/08 23:10:43 - mmengine - INFO - Epoch(val)  [78][ 70/116]    eta: 0:00:02  time: 0.0437  data_time: 0.0060  memory: 114  
2026/08/08 23:10:44 - mmengine - INFO - Epoch(val)  [78][ 80/116]    eta: 0:00:01  time: 0.0444  data_time: 0.0062  memory: 108  
2026/08/08 23:10:44 - mmengine - INFO - Epoch(val)  [78][ 90/116]    eta: 0:00:01  time: 0.0460  data_time: 0.0066  memory: 133  
2026/08/08 23:10:44 - mmengine - INFO - Epoch(val)  [78][100/116]    eta: 0:00:00  time: 0.0448  data_time: 0.0064  memory: 135  
2026/08/08 23:10:45 - mmengine - INFO - Epoch(val)  [78][110/116]    eta: 0:00:00  time: 0.0440  data_time: 0.0062  memory: 110  
2026/08/08 23:10:45 - mmengine - INFO - Evaluating bbox...
2026/08/08 23:10:45 - mmengine - INFO - bbox_mAP_copypaste: 0.609 0.889 0.708 0.000 0.715 0.557
2026/08/08 23:10:45 - mmengine - INFO - Evaluating segm...
2026/08/08 23:10:45 - mmengine - INFO - segm_mAP_copypaste: 0.607 0.889 0.660 0.000 0.715 0.554
2026/08/08 23:10:47 - mmengine - INFO - val kayip: val_kayip_cls 0.2905  val_kayip_bbox 0.2607  val_kayip_mask 0.1309  val_kayip 0.6821
2026/08/08 23:10:47 - mmengine - INFO - Epoch(val) [78][116/116]    busi/dice_tum: 0.8205  busi/dice_lezyonlu: 0.7831  busi/bos_dogru: 20  busi/esik: 0.5000  val_kayip_cls: 0.2905  val_kayip_bbox: 0.2607  val_kayip_mask: 0.1309  val_kayip: 0.6821  coco/bbox_mAP: 0.6090  coco/bbox_mAP_50: 0.8890  coco/bbox_mAP_75: 0.7080  coco/bbox_mAP_s: 0.0000  coco/bbox_mAP_m: 0.7150  coco/bbox_mAP_l: 0.5570  coco/segm_mAP: 0.6070  coco/segm_mAP_50: 0.8890  coco/segm_mAP_75: 0.6600  coco/segm_mAP_s: 0.0000  coco/segm_mAP_m: 0.7150  coco/segm_mAP_l: 0.5540  data_time: 0.0061  time: 0.0441
2026/08/08 23:10:51 - mmengine - INFO - Epoch(train)  [79][10/68]  base_lr: 5.4015e-05 lr: 5.4015e-05  eta: 0:09:07  time: 0.3772  data_time: 0.1453  memory: 600  grad_norm: 9.9058  loss: 0.3994  loss_cls: 0.0948  loss_bbox: 0.2086  loss_mask: 0.0960
2026/08/08 23:10:55 - mmengine - INFO - Epoch(train)  [79][20/68]  base_lr: 5.3477e-05 lr: 5.3477e-05  eta: 0:09:03  time: 0.3693  data_time: 0.1372  memory: 601  grad_norm: 9.7784  loss: 0.4053  loss_cls: 0.0975  loss_bbox: 0.2113  loss_mask: 0.0965
2026/08/08 23:10:59 - mmengine - INFO - Epoch(train)  [79][30/68]  base_lr: 5.2941e-05 lr: 5.2941e-05  eta: 0:09:00  time: 0.3667  data_time: 0.1349  memory: 601  grad_norm: 9.5493  loss: 0.3904  loss_cls: 0.0914  loss_bbox: 0.2059  loss_mask: 0.0932
2026/08/08 23:11:02 - mmengine - INFO - Epoch(train)  [79][40/68]  base_lr: 5.2405e-05 lr: 5.2405e-05  eta: 0:08:56  time: 0.3674  data_time: 0.1351  memory: 602  grad_norm: 9.2201  loss: 0.3881  loss_cls: 0.0893  loss_bbox: 0.2053  loss_mask: 0.0936
2026/08/08 23:11:06 - mmengine - INFO - Epoch(train)  [79][50/68]  base_lr: 5.1871e-05 lr: 5.1871e-05  eta: 0:08:52  time: 0.3758  data_time: 0.1425  memory: 602  grad_norm: 9.2772  loss: 0.3833  loss_cls: 0.0875  loss_bbox: 0.2060  loss_mask: 0.0898
2026/08/08 23:11:10 - mmengine - INFO - Epoch(train)  [79][60/68]  base_lr: 5.1338e-05 lr: 5.1338e-05  eta: 0:08:49  time: 0.3716  data_time: 0.1392  memory: 602  grad_norm: 9.2659  loss: 0.3780  loss_cls: 0.0835  loss_bbox: 0.2044  loss_mask: 0.0902
2026/08/08 23:11:13 - mmengine - INFO - Exp name: rtmdet_ins_busi_20260808_222414
2026/08/08 23:11:13 - mmengine - INFO - Saving checkpoint at 79 epochs
2026/08/08 23:11:15 - mmengine - INFO - Epoch(val)  [79][ 10/116]    eta: 0:00:04  time: 0.0453  data_time: 0.0064  memory: 604  
2026/08/08 23:11:16 - mmengine - INFO - Epoch(val)  [79][ 20/116]    eta: 0:00:04  time: 0.0454  data_time: 0.0063  memory: 118  
2026/08/08 23:11:16 - mmengine - INFO - Epoch(val)  [79][ 30/116]    eta: 0:00:03  time: 0.0441  data_time: 0.0059  memory: 112  
2026/08/08 23:11:17 - mmengine - INFO - Epoch(val)  [79][ 40/116]    eta: 0:00:03  time: 0.0432  data_time: 0.0057  memory: 111  
2026/08/08 23:11:17 - mmengine - INFO - Epoch(val)  [79][ 50/116]    eta: 0:00:02  time: 0.0427  data_time: 0.0058  memory: 164  
2026/08/08 23:11:18 - mmengine - INFO - Epoch(val)  [79][ 60/116]    eta: 0:00:02  time: 0.0425  data_time: 0.0060  memory: 125  
2026/08/08 23:11:18 - mmengine - INFO - Epoch(val)  [79][ 70/116]    eta: 0:00:01  time: 0.0424  data_time: 0.0061  memory: 112  
2026/08/08 23:11:18 - mmengine - INFO - Epoch(val)  [79][ 80/116]    eta: 0:00:01  time: 0.0439  data_time: 0.0063  memory: 118  
2026/08/08 23:11:19 - mmengine - INFO - Epoch(val)  [79][ 90/116]    eta: 0:00:01  time: 0.0457  data_time: 0.0066  memory: 139  
2026/08/08 23:11:19 - mmengine - INFO - Epoch(val)  [79][100/116]    eta: 0:00:00  time: 0.0455  data_time: 0.0066  memory: 140  
2026/08/08 23:11:20 - mmengine - INFO - Epoch(val)  [79][110/116]    eta: 0:00:00  time: 0.0450  data_time: 0.0064  memory: 104  
2026/08/08 23:11:20 - mmengine - INFO - Evaluating bbox...
2026/08/08 23:11:20 - mmengine - INFO - bbox_mAP_copypaste: 0.613 0.882 0.706 0.000 0.721 0.563
2026/08/08 23:11:20 - mmengine - INFO - Evaluating segm...
2026/08/08 23:11:20 - mmengine - INFO - segm_mAP_copypaste: 0.615 0.890 0.680 0.000 0.720 0.566
2026/08/08 23:11:22 - mmengine - INFO - val kayip: val_kayip_cls 0.2698  val_kayip_bbox 0.2526  val_kayip_mask 0.1289  val_kayip 0.6514
2026/08/08 23:11:22 - mmengine - INFO - Epoch(val) [79][116/116]    busi/dice_tum: 0.8214  busi/dice_lezyonlu: 0.7946  busi/bos_dogru: 19  busi/esik: 0.3000  val_kayip_cls: 0.2698  val_kayip_bbox: 0.2526  val_kayip_mask: 0.1289  val_kayip: 0.6514  coco/bbox_mAP: 0.6130  coco/bbox_mAP_50: 0.8820  coco/bbox_mAP_75: 0.7060  coco/bbox_mAP_s: 0.0000  coco/bbox_mAP_m: 0.7210  coco/bbox_mAP_l: 0.5630  coco/segm_mAP: 0.6150  coco/segm_mAP_50: 0.8900  coco/segm_mAP_75: 0.6800  coco/segm_mAP_s: 0.0000  coco/segm_mAP_m: 0.7200  coco/segm_mAP_l: 0.5660  data_time: 0.0062  time: 0.0439
2026/08/08 23:11:26 - mmengine - INFO - Epoch(train)  [80][10/68]  base_lr: 5.0381e-05 lr: 5.0381e-05  eta: 0:08:42  time: 0.3752  data_time: 0.1444  memory: 601  grad_norm: 9.8917  loss: 0.3693  loss_cls: 0.0808  loss_bbox: 0.2000  loss_mask: 0.0885
2026/08/08 23:11:30 - mmengine - INFO - Epoch(train)  [80][20/68]  base_lr: 4.9852e-05 lr: 4.9852e-05  eta: 0:08:38  time: 0.3779  data_time: 0.1452  memory: 601  grad_norm: 10.0310  loss: 0.3679  loss_cls: 0.0788  loss_bbox: 0.2009  loss_mask: 0.0882
2026/08/08 23:11:34 - mmengine - INFO - Epoch(train)  [80][30/68]  base_lr: 4.9323e-05 lr: 4.9323e-05  eta: 0:08:35  time: 0.3771  data_time: 0.1441  memory: 602  grad_norm: 10.1062  loss: 0.3623  loss_cls: 0.0774  loss_bbox: 0.1957  loss_mask: 0.0893
2026/08/08 23:11:38 - mmengine - INFO - Epoch(train)  [80][40/68]  base_lr: 4.8797e-05 lr: 4.8797e-05  eta: 0:08:31  time: 0.3781  data_time: 0.1455  memory: 602  grad_norm: 10.1059  loss: 0.3632  loss_cls: 0.0811  loss_bbox: 0.1947  loss_mask: 0.0873
2026/08/08 23:11:42 - mmengine - INFO - Epoch(train)  [80][50/68]  base_lr: 4.8271e-05 lr: 4.8271e-05  eta: 0:08:27  time: 0.3872  data_time: 0.1524  memory: 602  grad_norm: 10.2191  loss: 0.3621  loss_cls: 0.0819  loss_bbox: 0.1925  loss_mask: 0.0876
2026/08/08 23:11:45 - mmengine - INFO - Epoch(train)  [80][60/68]  base_lr: 4.7747e-05 lr: 4.7747e-05  eta: 0:08:24  time: 0.3835  data_time: 0.1481  memory: 601  grad_norm: 10.2863  loss: 0.3669  loss_cls: 0.0807  loss_bbox: 0.1961  loss_mask: 0.0901
2026/08/08 23:11:48 - mmengine - INFO - Exp name: rtmdet_ins_busi_20260808_222414
2026/08/08 23:11:48 - mmengine - INFO - Saving checkpoint at 80 epochs
2026/08/08 23:11:51 - mmengine - INFO - Epoch(val)  [80][ 10/116]    eta: 0:00:05  time: 0.0460  data_time: 0.0065  memory: 601  
2026/08/08 23:11:51 - mmengine - INFO - Epoch(val)  [80][ 20/116]    eta: 0:00:04  time: 0.0456  data_time: 0.0063  memory: 118  
2026/08/08 23:11:52 - mmengine - INFO - Epoch(val)  [80][ 30/116]    eta: 0:00:03  time: 0.0438  data_time: 0.0059  memory: 112  
2026/08/08 23:11:52 - mmengine - INFO - Epoch(val)  [80][ 40/116]    eta: 0:00:03  time: 0.0432  data_time: 0.0056  memory: 116  
2026/08/08 23:11:53 - mmengine - INFO - Epoch(val)  [80][ 50/116]    eta: 0:00:02  time: 0.0434  data_time: 0.0057  memory: 164  
2026/08/08 23:11:53 - mmengine - INFO - Epoch(val)  [80][ 60/116]    eta: 0:00:02  time: 0.0428  data_time: 0.0060  memory: 125  
2026/08/08 23:11:54 - mmengine - INFO - Epoch(val)  [80][ 70/116]    eta: 0:00:02  time: 0.0426  data_time: 0.0060  memory: 114  
2026/08/08 23:11:54 - mmengine - INFO - Epoch(val)  [80][ 80/116]    eta: 0:00:01  time: 0.0435  data_time: 0.0062  memory: 124  
2026/08/08 23:11:54 - mmengine - INFO - Epoch(val)  [80][ 90/116]    eta: 0:00:01  time: 0.0451  data_time: 0.0065  memory: 139  
2026/08/08 23:11:55 - mmengine - INFO - Epoch(val)  [80][100/116]    eta: 0:00:00  time: 0.0447  data_time: 0.0063  memory: 153  
2026/08/08 23:11:55 - mmengine - INFO - Epoch(val)  [80][110/116]    eta: 0:00:00  time: 0.0438  data_time: 0.0061  memory: 104  
2026/08/08 23:11:56 - mmengine - INFO - Evaluating bbox...
2026/08/08 23:11:56 - mmengine - INFO - bbox_mAP_copypaste: 0.621 0.885 0.727 0.000 0.727 0.574
2026/08/08 23:11:56 - mmengine - INFO - Evaluating segm...
2026/08/08 23:11:56 - mmengine - INFO - segm_mAP_copypaste: 0.619 0.891 0.721 0.000 0.721 0.571
2026/08/08 23:11:58 - mmengine - INFO - val kayip: val_kayip_cls 0.2764  val_kayip_bbox 0.2525  val_kayip_mask 0.1300  val_kayip 0.6590
2026/08/08 23:11:58 - mmengine - INFO - Epoch(val) [80][116/116]    busi/dice_tum: 0.8299  busi/dice_lezyonlu: 0.7945  busi/bos_dogru: 20  busi/esik: 0.5000  val_kayip_cls: 0.2764  val_kayip_bbox: 0.2525  val_kayip_mask: 0.1300  val_kayip: 0.6590  coco/bbox_mAP: 0.6210  coco/bbox_mAP_50: 0.8850  coco/bbox_mAP_75: 0.7270  coco/bbox_mAP_s: 0.0000  coco/bbox_mAP_m: 0.7270  coco/bbox_mAP_l: 0.5740  coco/segm_mAP: 0.6190  coco/segm_mAP_50: 0.8910  coco/segm_mAP_75: 0.7210  coco/segm_mAP_s: 0.0000  coco/segm_mAP_m: 0.7210  coco/segm_mAP_l: 0.5710  data_time: 0.0060  time: 0.0440
2026/08/08 23:12:02 - mmengine - INFO - Epoch(train)  [81][10/68]  base_lr: 4.6808e-05 lr: 4.6808e-05  eta: 0:08:17  time: 0.3770  data_time: 0.1443  memory: 601  grad_norm: 10.4412  loss: 0.3727  loss_cls: 0.0811  loss_bbox: 0.2009  loss_mask: 0.0907
2026/08/08 23:12:05 - mmengine - INFO - Epoch(train)  [81][20/68]  base_lr: 4.6289e-05 lr: 4.6289e-05  eta: 0:08:13  time: 0.3741  data_time: 0.1423  memory: 601  grad_norm: 10.5551  loss: 0.3777  loss_cls: 0.0800  loss_bbox: 0.2068  loss_mask: 0.0910
2026/08/08 23:12:09 - mmengine - INFO - Epoch(train)  [81][30/68]  base_lr: 4.5771e-05 lr: 4.5771e-05  eta: 0:08:10  time: 0.3754  data_time: 0.1440  memory: 603  grad_norm: 10.4138  loss: 0.3808  loss_cls: 0.0804  loss_bbox: 0.2091  loss_mask: 0.0913
2026/08/08 23:12:13 - mmengine - INFO - Epoch(train)  [81][40/68]  base_lr: 4.5255e-05 lr: 4.5255e-05  eta: 0:08:06  time: 0.3730  data_time: 0.1414  memory: 602  grad_norm: 10.5564  loss: 0.3924  loss_cls: 0.0902  loss_bbox: 0.2111  loss_mask: 0.0910
2026/08/08 23:12:17 - mmengine - INFO - Epoch(train)  [81][50/68]  base_lr: 4.4740e-05 lr: 4.4740e-05  eta: 0:08:03  time: 0.3816  data_time: 0.1475  memory: 602  grad_norm: 9.9904  loss: 0.3794  loss_cls: 0.0883  loss_bbox: 0.2014  loss_mask: 0.0897
2026/08/08 23:12:21 - mmengine - INFO - Epoch(train)  [81][60/68]  base_lr: 4.4227e-05 lr: 4.4227e-05  eta: 0:07:59  time: 0.3840  data_time: 0.1519  memory: 600  grad_norm: 10.2134  loss: 0.3767  loss_cls: 0.0887  loss_bbox: 0.2005  loss_mask: 0.0875
2026/08/08 23:12:23 - mmengine - INFO - Exp name: rtmdet_ins_busi_20260808_222414
2026/08/08 23:12:23 - mmengine - INFO - Saving checkpoint at 81 epochs
2026/08/08 23:12:26 - mmengine - INFO - Epoch(val)  [81][ 10/116]    eta: 0:00:04  time: 0.0447  data_time: 0.0061  memory: 602  
2026/08/08 23:12:27 - mmengine - INFO - Epoch(val)  [81][ 20/116]    eta: 0:00:04  time: 0.0444  data_time: 0.0061  memory: 110  
2026/08/08 23:12:27 - mmengine - INFO - Epoch(val)  [81][ 30/116]    eta: 0:00:03  time: 0.0427  data_time: 0.0058  memory: 117  
2026/08/08 23:12:27 - mmengine - INFO - Epoch(val)  [81][ 40/116]    eta: 0:00:03  time: 0.0420  data_time: 0.0056  memory: 118  
2026/08/08 23:12:28 - mmengine - INFO - Epoch(val)  [81][ 50/116]    eta: 0:00:02  time: 0.0426  data_time: 0.0057  memory: 170  
2026/08/08 23:12:28 - mmengine - INFO - Epoch(val)  [81][ 60/116]    eta: 0:00:02  time: 0.0430  data_time: 0.0059  memory: 107  
2026/08/08 23:12:29 - mmengine - INFO - Epoch(val)  [81][ 70/116]    eta: 0:00:01  time: 0.0434  data_time: 0.0060  memory: 114  
2026/08/08 23:12:29 - mmengine - INFO - Epoch(val)  [81][ 80/116]    eta: 0:00:01  time: 0.0443  data_time: 0.0062  memory: 118  
2026/08/08 23:12:30 - mmengine - INFO - Epoch(val)  [81][ 90/116]    eta: 0:00:01  time: 0.0461  data_time: 0.0066  memory: 139  
2026/08/08 23:12:30 - mmengine - INFO - Epoch(val)  [81][100/116]    eta: 0:00:00  time: 0.0455  data_time: 0.0065  memory: 148  
2026/08/08 23:12:31 - mmengine - INFO - Epoch(val)  [81][110/116]    eta: 0:00:00  time: 0.0448  data_time: 0.0063  memory: 107  
2026/08/08 23:12:31 - mmengine - INFO - Evaluating bbox...
2026/08/08 23:12:31 - mmengine - INFO - bbox_mAP_copypaste: 0.613 0.885 0.712 0.000 0.710 0.569
2026/08/08 23:12:31 - mmengine - INFO - Evaluating segm...
2026/08/08 23:12:31 - mmengine - INFO - segm_mAP_copypaste: 0.622 0.889 0.726 0.000 0.721 0.574
2026/08/08 23:12:33 - mmengine - INFO - val kayip: val_kayip_cls 0.2995  val_kayip_bbox 0.2519  val_kayip_mask 0.1276  val_kayip 0.6789
2026/08/08 23:12:33 - mmengine - INFO - Epoch(val) [81][116/116]    busi/dice_tum: 0.8223  busi/dice_lezyonlu: 0.7957  busi/bos_dogru: 19  busi/esik: 0.3000  val_kayip_cls: 0.2995  val_kayip_bbox: 0.2519  val_kayip_mask: 0.1276  val_kayip: 0.6789  coco/bbox_mAP: 0.6130  coco/bbox_mAP_50: 0.8850  coco/bbox_mAP_75: 0.7120  coco/bbox_mAP_s: 0.0000  coco/bbox_mAP_m: 0.7100  coco/bbox_mAP_l: 0.5690  coco/segm_mAP: 0.6220  coco/segm_mAP_50: 0.8890  coco/segm_mAP_75: 0.7260  coco/segm_mAP_s: 0.0000  coco/segm_mAP_m: 0.7210  coco/segm_mAP_l: 0.5740  data_time: 0.0061  time: 0.0442
2026/08/08 23:12:37 - mmengine - INFO - Epoch(train)  [82][10/68]  base_lr: 4.3309e-05 lr: 4.3309e-05  eta: 0:07:52  time: 0.3748  data_time: 0.1414  memory: 602  grad_norm: 9.8115  loss: 0.3707  loss_cls: 0.0877  loss_bbox: 0.1935  loss_mask: 0.0895
2026/08/08 23:12:40 - mmengine - INFO - Epoch(train)  [82][20/68]  base_lr: 4.2802e-05 lr: 4.2802e-05  eta: 0:07:48  time: 0.3683  data_time: 0.1359  memory: 600  grad_norm: 9.7775  loss: 0.3719  loss_cls: 0.0844  loss_bbox: 0.1972  loss_mask: 0.0904
2026/08/08 23:12:44 - mmengine - INFO - Epoch(train)  [82][30/68]  base_lr: 4.2296e-05 lr: 4.2296e-05  eta: 0:07:45  time: 0.3699  data_time: 0.1386  memory: 604  grad_norm: 9.6869  loss: 0.3740  loss_cls: 0.0844  loss_bbox: 0.2005  loss_mask: 0.0891
2026/08/08 23:12:48 - mmengine - INFO - Epoch(train)  [82][40/68]  base_lr: 4.1793e-05 lr: 4.1793e-05  eta: 0:07:41  time: 0.3680  data_time: 0.1359  memory: 601  grad_norm: 9.4334  loss: 0.3759  loss_cls: 0.0824  loss_bbox: 0.2021  loss_mask: 0.0915
2026/08/08 23:12:52 - mmengine - INFO - Epoch(train)  [82][50/68]  base_lr: 4.1291e-05 lr: 4.1291e-05  eta: 0:07:37  time: 0.3721  data_time: 0.1396  memory: 601  grad_norm: 9.4767  loss: 0.3776  loss_cls: 0.0843  loss_bbox: 0.2023  loss_mask: 0.0909
2026/08/08 23:12:56 - mmengine - INFO - Epoch(train)  [82][60/68]  base_lr: 4.0792e-05 lr: 4.0792e-05  eta: 0:07:34  time: 0.3779  data_time: 0.1456  memory: 601  grad_norm: 9.9757  loss: 0.3836  loss_cls: 0.0856  loss_bbox: 0.2061  loss_mask: 0.0919
2026/08/08 23:12:58 - mmengine - INFO - Exp name: rtmdet_ins_busi_20260808_222414
2026/08/08 23:12:59 - mmengine - INFO - Saving checkpoint at 82 epochs
2026/08/08 23:13:01 - mmengine - INFO - Epoch(val)  [82][ 10/116]    eta: 0:00:05  time: 0.0468  data_time: 0.0066  memory: 602  
2026/08/08 23:13:02 - mmengine - INFO - Epoch(val)  [82][ 20/116]    eta: 0:00:04  time: 0.0462  data_time: 0.0065  memory: 110  
2026/08/08 23:13:02 - mmengine - INFO - Epoch(val)  [82][ 30/116]    eta: 0:00:03  time: 0.0446  data_time: 0.0060  memory: 115  
2026/08/08 23:13:02 - mmengine - INFO - Epoch(val)  [82][ 40/116]    eta: 0:00:03  time: 0.0437  data_time: 0.0058  memory: 107  
2026/08/08 23:13:03 - mmengine - INFO - Epoch(val)  [82][ 50/116]    eta: 0:00:02  time: 0.0441  data_time: 0.0059  memory: 176  
2026/08/08 23:13:03 - mmengine - INFO - Epoch(val)  [82][ 60/116]    eta: 0:00:02  time: 0.0437  data_time: 0.0060  memory: 112  
2026/08/08 23:13:04 - mmengine - INFO - Epoch(val)  [82][ 70/116]    eta: 0:00:02  time: 0.0436  data_time: 0.0059  memory: 118  
2026/08/08 23:13:04 - mmengine - INFO - Epoch(val)  [82][ 80/116]    eta: 0:00:01  time: 0.0444  data_time: 0.0061  memory: 127  
2026/08/08 23:13:05 - mmengine - INFO - Epoch(val)  [82][ 90/116]    eta: 0:00:01  time: 0.0464  data_time: 0.0065  memory: 145  
2026/08/08 23:13:05 - mmengine - INFO - Epoch(val)  [82][100/116]    eta: 0:00:00  time: 0.0467  data_time: 0.0064  memory: 139  
2026/08/08 23:13:06 - mmengine - INFO - Epoch(val)  [82][110/116]    eta: 0:00:00  time: 0.0456  data_time: 0.0062  memory: 104  
2026/08/08 23:13:06 - mmengine - INFO - Evaluating bbox...
2026/08/08 23:13:06 - mmengine - INFO - bbox_mAP_copypaste: 0.614 0.894 0.710 0.000 0.717 0.565
2026/08/08 23:13:06 - mmengine - INFO - Evaluating segm...
2026/08/08 23:13:06 - mmengine - INFO - segm_mAP_copypaste: 0.621 0.896 0.731 0.005 0.720 0.574
2026/08/08 23:13:08 - mmengine - INFO - val kayip: val_kayip_cls 0.2911  val_kayip_bbox 0.2520  val_kayip_mask 0.1273  val_kayip 0.6705
2026/08/08 23:13:08 - mmengine - INFO - Epoch(val) [82][116/116]    busi/dice_tum: 0.8298  busi/dice_lezyonlu: 0.8047  busi/bos_dogru: 19  busi/esik: 0.3000  val_kayip_cls: 0.2911  val_kayip_bbox: 0.2520  val_kayip_mask: 0.1273  val_kayip: 0.6705  coco/bbox_mAP: 0.6140  coco/bbox_mAP_50: 0.8940  coco/bbox_mAP_75: 0.7100  coco/bbox_mAP_s: 0.0000  coco/bbox_mAP_m: 0.7170  coco/bbox_mAP_l: 0.5650  coco/segm_mAP: 0.6210  coco/segm_mAP_50: 0.8960  coco/segm_mAP_75: 0.7310  coco/segm_mAP_s: 0.0050  coco/segm_mAP_m: 0.7200  coco/segm_mAP_l: 0.5740  data_time: 0.0062  time: 0.0450
2026/08/08 23:13:12 - mmengine - INFO - Epoch(train)  [83][10/68]  base_lr: 3.9898e-05 lr: 3.9898e-05  eta: 0:07:27  time: 0.3746  data_time: 0.1417  memory: 601  grad_norm: 10.0087  loss: 0.3736  loss_cls: 0.0822  loss_bbox: 0.2009  loss_mask: 0.0905
2026/08/08 23:13:15 - mmengine - INFO - Epoch(train)  [83][20/68]  base_lr: 3.9405e-05 lr: 3.9405e-05  eta: 0:07:23  time: 0.3730  data_time: 0.1403  memory: 602  grad_norm: 10.1317  loss: 0.3732  loss_cls: 0.0819  loss_bbox: 0.2001  loss_mask: 0.0912
2026/08/08 23:13:19 - mmengine - INFO - Epoch(train)  [83][30/68]  base_lr: 3.8914e-05 lr: 3.8914e-05  eta: 0:07:20  time: 0.3734  data_time: 0.1409  memory: 600  grad_norm: 10.0888  loss: 0.3720  loss_cls: 0.0815  loss_bbox: 0.1994  loss_mask: 0.0911
2026/08/08 23:13:23 - mmengine - INFO - Epoch(train)  [83][40/68]  base_lr: 3.8425e-05 lr: 3.8425e-05  eta: 0:07:16  time: 0.3727  data_time: 0.1413  memory: 601  grad_norm: 9.6835  loss: 0.3610  loss_cls: 0.0786  loss_bbox: 0.1943  loss_mask: 0.0881
2026/08/08 23:13:27 - mmengine - INFO - Epoch(train)  [83][50/68]  base_lr: 3.7939e-05 lr: 3.7939e-05  eta: 0:07:13  time: 0.3755  data_time: 0.1432  memory: 600  grad_norm: 9.5667  loss: 0.3563  loss_cls: 0.0745  loss_bbox: 0.1944  loss_mask: 0.0875
2026/08/08 23:13:30 - mmengine - INFO - Epoch(train)  [83][60/68]  base_lr: 3.7455e-05 lr: 3.7455e-05  eta: 0:07:09  time: 0.3772  data_time: 0.1451  memory: 602  grad_norm: 9.2675  loss: 0.3585  loss_cls: 0.0751  loss_bbox: 0.1952  loss_mask: 0.0882
2026/08/08 23:13:33 - mmengine - INFO - Exp name: rtmdet_ins_busi_20260808_222414
2026/08/08 23:13:33 - mmengine - INFO - Saving checkpoint at 83 epochs
2026/08/08 23:13:36 - mmengine - INFO - Epoch(val)  [83][ 10/116]    eta: 0:00:04  time: 0.0466  data_time: 0.0065  memory: 603  
2026/08/08 23:13:36 - mmengine - INFO - Epoch(val)  [83][ 20/116]    eta: 0:00:04  time: 0.0456  data_time: 0.0064  memory: 113  
2026/08/08 23:13:37 - mmengine - INFO - Epoch(val)  [83][ 30/116]    eta: 0:00:03  time: 0.0426  data_time: 0.0060  memory: 117  
2026/08/08 23:13:37 - mmengine - INFO - Epoch(val)  [83][ 40/116]    eta: 0:00:03  time: 0.0414  data_time: 0.0057  memory: 122  
2026/08/08 23:13:38 - mmengine - INFO - Epoch(val)  [83][ 50/116]    eta: 0:00:02  time: 0.0420  data_time: 0.0058  memory: 176  
2026/08/08 23:13:38 - mmengine - INFO - Epoch(val)  [83][ 60/116]    eta: 0:00:02  time: 0.0424  data_time: 0.0060  memory: 116  
2026/08/08 23:13:39 - mmengine - INFO - Epoch(val)  [83][ 70/116]    eta: 0:00:01  time: 0.0425  data_time: 0.0059  memory: 112  
2026/08/08 23:13:39 - mmengine - INFO - Epoch(val)  [83][ 80/116]    eta: 0:00:01  time: 0.0437  data_time: 0.0061  memory: 121  
2026/08/08 23:13:39 - mmengine - INFO - Epoch(val)  [83][ 90/116]    eta: 0:00:01  time: 0.0459  data_time: 0.0066  memory: 145  
2026/08/08 23:13:40 - mmengine - INFO - Epoch(val)  [83][100/116]    eta: 0:00:00  time: 0.0459  data_time: 0.0064  memory: 148  
2026/08/08 23:13:40 - mmengine - INFO - Epoch(val)  [83][110/116]    eta: 0:00:00  time: 0.0447  data_time: 0.0061  memory: 107  
2026/08/08 23:13:41 - mmengine - INFO - Evaluating bbox...
2026/08/08 23:13:41 - mmengine - INFO - bbox_mAP_copypaste: 0.615 0.891 0.685 0.000 0.713 0.570
2026/08/08 23:13:41 - mmengine - INFO - Evaluating segm...
2026/08/08 23:13:41 - mmengine - INFO - segm_mAP_copypaste: 0.612 0.894 0.702 0.008 0.718 0.564
2026/08/08 23:13:43 - mmengine - INFO - val kayip: val_kayip_cls 0.2928  val_kayip_bbox 0.2552  val_kayip_mask 0.1286  val_kayip 0.6766
2026/08/08 23:13:43 - mmengine - INFO - Epoch(val) [83][116/116]    busi/dice_tum: 0.8284  busi/dice_lezyonlu: 0.8031  busi/bos_dogru: 19  busi/esik: 0.3000  val_kayip_cls: 0.2928  val_kayip_bbox: 0.2552  val_kayip_mask: 0.1286  val_kayip: 0.6766  coco/bbox_mAP: 0.6150  coco/bbox_mAP_50: 0.8910  coco/bbox_mAP_75: 0.6850  coco/bbox_mAP_s: 0.0000  coco/bbox_mAP_m: 0.7130  coco/bbox_mAP_l: 0.5700  coco/segm_mAP: 0.6120  coco/segm_mAP_50: 0.8940  coco/segm_mAP_75: 0.7020  coco/segm_mAP_s: 0.0080  coco/segm_mAP_m: 0.7180  coco/segm_mAP_l: 0.5640  data_time: 0.0061  time: 0.0437
2026/08/08 23:13:46 - mmengine - INFO - Epoch(train)  [84][10/68]  base_lr: 3.6589e-05 lr: 3.6589e-05  eta: 0:07:02  time: 0.3733  data_time: 0.1415  memory: 602  grad_norm: 9.7465  loss: 0.3684  loss_cls: 0.0810  loss_bbox: 0.1983  loss_mask: 0.0891
2026/08/08 23:13:50 - mmengine - INFO - Epoch(train)  [84][20/68]  base_lr: 3.6112e-05 lr: 3.6112e-05  eta: 0:06:58  time: 0.3671  data_time: 0.1356  memory: 601  grad_norm: 9.8559  loss: 0.3654  loss_cls: 0.0781  loss_bbox: 0.1975  loss_mask: 0.0897
2026/08/08 23:13:54 - mmengine - INFO - Epoch(train)  [84][30/68]  base_lr: 3.5637e-05 lr: 3.5637e-05  eta: 0:06:55  time: 0.3651  data_time: 0.1332  memory: 600  grad_norm: 9.9827  loss: 0.3572  loss_cls: 0.0760  loss_bbox: 0.1922  loss_mask: 0.0890
2026/08/08 23:13:57 - mmengine - INFO - Epoch(train)  [84][40/68]  base_lr: 3.5165e-05 lr: 3.5165e-05  eta: 0:06:51  time: 0.3634  data_time: 0.1302  memory: 603  grad_norm: 9.8295  loss: 0.3628  loss_cls: 0.0807  loss_bbox: 0.1913  loss_mask: 0.0908
2026/08/08 23:14:01 - mmengine - INFO - Epoch(train)  [84][50/68]  base_lr: 3.4695e-05 lr: 3.4695e-05  eta: 0:06:47  time: 0.3697  data_time: 0.1357  memory: 601  grad_norm: 9.5396  loss: 0.3686  loss_cls: 0.0810  loss_bbox: 0.1959  loss_mask: 0.0918
2026/08/08 23:14:05 - mmengine - INFO - Epoch(train)  [84][60/68]  base_lr: 3.4228e-05 lr: 3.4228e-05  eta: 0:06:44  time: 0.3740  data_time: 0.1381  memory: 599  grad_norm: 9.5054  loss: 0.3676  loss_cls: 0.0784  loss_bbox: 0.1990  loss_mask: 0.0902
2026/08/08 23:14:08 - mmengine - INFO - Exp name: rtmdet_ins_busi_20260808_222414
2026/08/08 23:14:08 - mmengine - INFO - Saving checkpoint at 84 epochs
2026/08/08 23:14:11 - mmengine - INFO - Epoch(val)  [84][ 10/116]    eta: 0:00:05  time: 0.0461  data_time: 0.0064  memory: 601  
2026/08/08 23:14:11 - mmengine - INFO - Epoch(val)  [84][ 20/116]    eta: 0:00:04  time: 0.0455  data_time: 0.0062  memory: 118  
2026/08/08 23:14:11 - mmengine - INFO - Epoch(val)  [84][ 30/116]    eta: 0:00:03  time: 0.0429  data_time: 0.0058  memory: 117  
2026/08/08 23:14:12 - mmengine - INFO - Epoch(val)  [84][ 40/116]    eta: 0:00:03  time: 0.0422  data_time: 0.0057  memory: 118  
2026/08/08 23:14:12 - mmengine - INFO - Epoch(val)  [84][ 50/116]    eta: 0:00:02  time: 0.0426  data_time: 0.0058  memory: 176  
2026/08/08 23:14:13 - mmengine - INFO - Epoch(val)  [84][ 60/116]    eta: 0:00:02  time: 0.0434  data_time: 0.0060  memory: 120  
2026/08/08 23:14:13 - mmengine - INFO - Epoch(val)  [84][ 70/116]    eta: 0:00:02  time: 0.0432  data_time: 0.0061  memory: 112  
2026/08/08 23:14:14 - mmengine - INFO - Epoch(val)  [84][ 80/116]    eta: 0:00:01  time: 0.0441  data_time: 0.0062  memory: 118  
2026/08/08 23:14:14 - mmengine - INFO - Epoch(val)  [84][ 90/116]    eta: 0:00:01  time: 0.0460  data_time: 0.0066  memory: 145  
2026/08/08 23:14:15 - mmengine - INFO - Epoch(val)  [84][100/116]    eta: 0:00:00  time: 0.0460  data_time: 0.0064  memory: 148  
2026/08/08 23:14:15 - mmengine - INFO - Epoch(val)  [84][110/116]    eta: 0:00:00  time: 0.0443  data_time: 0.0061  memory: 103  
2026/08/08 23:14:15 - mmengine - INFO - Evaluating bbox...
2026/08/08 23:14:15 - mmengine - INFO - bbox_mAP_copypaste: 0.618 0.889 0.710 0.000 0.714 0.574
2026/08/08 23:14:15 - mmengine - INFO - Evaluating segm...
2026/08/08 23:14:15 - mmengine - INFO - segm_mAP_copypaste: 0.619 0.892 0.738 0.006 0.717 0.574
2026/08/08 23:14:17 - mmengine - INFO - val kayip: val_kayip_cls 0.2920  val_kayip_bbox 0.2511  val_kayip_mask 0.1286  val_kayip 0.6717
2026/08/08 23:14:17 - mmengine - INFO - Epoch(val) [84][116/116]    busi/dice_tum: 0.8277  busi/dice_lezyonlu: 0.7919  busi/bos_dogru: 20  busi/esik: 0.5000  val_kayip_cls: 0.2920  val_kayip_bbox: 0.2511  val_kayip_mask: 0.1286  val_kayip: 0.6717  coco/bbox_mAP: 0.6180  coco/bbox_mAP_50: 0.8890  coco/bbox_mAP_75: 0.7100  coco/bbox_mAP_s: 0.0000  coco/bbox_mAP_m: 0.7140  coco/bbox_mAP_l: 0.5740  coco/segm_mAP: 0.6190  coco/segm_mAP_50: 0.8920  coco/segm_mAP_75: 0.7380  coco/segm_mAP_s: 0.0060  coco/segm_mAP_m: 0.7170  coco/segm_mAP_l: 0.5740  data_time: 0.0061  time: 0.0443
2026/08/08 23:14:21 - mmengine - INFO - Epoch(train)  [85][10/68]  base_lr: 3.3394e-05 lr: 3.3394e-05  eta: 0:06:37  time: 0.3791  data_time: 0.1428  memory: 602  grad_norm: 9.3186  loss: 0.3918  loss_cls: 0.0892  loss_bbox: 0.2065  loss_mask: 0.0961
2026/08/08 23:14:25 - mmengine - INFO - Epoch(train)  [85][20/68]  base_lr: 3.2935e-05 lr: 3.2935e-05  eta: 0:06:33  time: 0.3796  data_time: 0.1442  memory: 601  grad_norm: 9.5903  loss: 0.3853  loss_cls: 0.0844  loss_bbox: 0.2060  loss_mask: 0.0948
2026/08/08 23:14:29 - mmengine - INFO - Epoch(train)  [85][30/68]  base_lr: 3.2479e-05 lr: 3.2479e-05  eta: 0:06:30  time: 0.3788  data_time: 0.1432  memory: 603  grad_norm: 9.3860  loss: 0.3816  loss_cls: 0.0831  loss_bbox: 0.2040  loss_mask: 0.0944
2026/08/08 23:14:33 - mmengine - INFO - Epoch(train)  [85][40/68]  base_lr: 3.2025e-05 lr: 3.2025e-05  eta: 0:06:26  time: 0.3767  data_time: 0.1447  memory: 604  grad_norm: 9.4474  loss: 0.3746  loss_cls: 0.0820  loss_bbox: 0.1989  loss_mask: 0.0937
2026/08/08 23:14:36 - mmengine - INFO - Epoch(train)  [85][50/68]  base_lr: 3.1574e-05 lr: 3.1574e-05  eta: 0:06:22  time: 0.3784  data_time: 0.1446  memory: 602  grad_norm: 9.1443  loss: 0.3675  loss_cls: 0.0740  loss_bbox: 0.1973  loss_mask: 0.0962
2026/08/08 23:14:40 - mmengine - INFO - Epoch(train)  [85][60/68]  base_lr: 3.1126e-05 lr: 3.1126e-05  eta: 0:06:19  time: 0.3788  data_time: 0.1463  memory: 602  grad_norm: 9.5450  loss: 0.3677  loss_cls: 0.0783  loss_bbox: 0.1972  loss_mask: 0.0923
2026/08/08 23:14:43 - mmengine - INFO - Exp name: rtmdet_ins_busi_20260808_222414
2026/08/08 23:14:43 - mmengine - INFO - Saving checkpoint at 85 epochs
2026/08/08 23:14:46 - mmengine - INFO - Epoch(val)  [85][ 10/116]    eta: 0:00:04  time: 0.0454  data_time: 0.0062  memory: 601  
2026/08/08 23:14:46 - mmengine - INFO - Epoch(val)  [85][ 20/116]    eta: 0:00:04  time: 0.0443  data_time: 0.0062  memory: 118  
2026/08/08 23:14:47 - mmengine - INFO - Epoch(val)  [85][ 30/116]    eta: 0:00:03  time: 0.0419  data_time: 0.0059  memory: 112  
2026/08/08 23:14:47 - mmengine - INFO - Epoch(val)  [85][ 40/116]    eta: 0:00:03  time: 0.0408  data_time: 0.0057  memory: 116  
2026/08/08 23:14:48 - mmengine - INFO - Epoch(val)  [85][ 50/116]    eta: 0:00:02  time: 0.0417  data_time: 0.0059  memory: 170  
2026/08/08 23:14:48 - mmengine - INFO - Epoch(val)  [85][ 60/116]    eta: 0:00:02  time: 0.0422  data_time: 0.0062  memory: 116  
2026/08/08 23:14:48 - mmengine - INFO - Epoch(val)  [85][ 70/116]    eta: 0:00:01  time: 0.0427  data_time: 0.0062  memory: 118  
2026/08/08 23:14:49 - mmengine - INFO - Epoch(val)  [85][ 80/116]    eta: 0:00:01  time: 0.0439  data_time: 0.0063  memory: 124  
2026/08/08 23:14:49 - mmengine - INFO - Epoch(val)  [85][ 90/116]    eta: 0:00:01  time: 0.0459  data_time: 0.0067  memory: 145  
2026/08/08 23:14:50 - mmengine - INFO - Epoch(val)  [85][100/116]    eta: 0:00:00  time: 0.0453  data_time: 0.0065  memory: 140  
2026/08/08 23:14:50 - mmengine - INFO - Epoch(val)  [85][110/116]    eta: 0:00:00  time: 0.0447  data_time: 0.0063  memory: 107  
2026/08/08 23:14:51 - mmengine - INFO - Evaluating bbox...
2026/08/08 23:14:51 - mmengine - INFO - bbox_mAP_copypaste: 0.618 0.886 0.709 0.000 0.707 0.577
2026/08/08 23:14:51 - mmengine - INFO - Evaluating segm...
2026/08/08 23:14:51 - mmengine - INFO - segm_mAP_copypaste: 0.615 0.890 0.727 0.006 0.715 0.568
2026/08/08 23:14:53 - mmengine - INFO - val kayip: val_kayip_cls 0.2980  val_kayip_bbox 0.2515  val_kayip_mask 0.1292  val_kayip 0.6787
2026/08/08 23:14:53 - mmengine - INFO - Epoch(val) [85][116/116]    busi/dice_tum: 0.8278  busi/dice_lezyonlu: 0.7920  busi/bos_dogru: 20  busi/esik: 0.4000  val_kayip_cls: 0.2980  val_kayip_bbox: 0.2515  val_kayip_mask: 0.1292  val_kayip: 0.6787  coco/bbox_mAP: 0.6180  coco/bbox_mAP_50: 0.8860  coco/bbox_mAP_75: 0.7090  coco/bbox_mAP_s: 0.0000  coco/bbox_mAP_m: 0.7070  coco/bbox_mAP_l: 0.5770  coco/segm_mAP: 0.6150  coco/segm_mAP_50: 0.8900  coco/segm_mAP_75: 0.7270  coco/segm_mAP_s: 0.0060  coco/segm_mAP_m: 0.7150  coco/segm_mAP_l: 0.5680  data_time: 0.0062  time: 0.0435
2026/08/08 23:14:56 - mmengine - INFO - Epoch(train)  [86][10/68]  base_lr: 3.0327e-05 lr: 3.0327e-05  eta: 0:06:12  time: 0.3747  data_time: 0.1445  memory: 604  grad_norm: 9.7468  loss: 0.3704  loss_cls: 0.0840  loss_bbox: 0.1952  loss_mask: 0.0912
2026/08/08 23:15:00 - mmengine - INFO - Epoch(train)  [86][20/68]  base_lr: 2.9887e-05 lr: 2.9887e-05  eta: 0:06:08  time: 0.3763  data_time: 0.1461  memory: 601  grad_norm: 9.6502  loss: 0.3693  loss_cls: 0.0869  loss_bbox: 0.1941  loss_mask: 0.0883
2026/08/08 23:15:04 - mmengine - INFO - Epoch(train)  [86][30/68]  base_lr: 2.9451e-05 lr: 2.9451e-05  eta: 0:06:05  time: 0.3746  data_time: 0.1446  memory: 603  grad_norm: 9.4883  loss: 0.3652  loss_cls: 0.0881  loss_bbox: 0.1917  loss_mask: 0.0855
2026/08/08 23:15:08 - mmengine - INFO - Epoch(train)  [86][40/68]  base_lr: 2.9017e-05 lr: 2.9017e-05  eta: 0:06:01  time: 0.3686  data_time: 0.1375  memory: 601  grad_norm: 9.2492  loss: 0.3616  loss_cls: 0.0855  loss_bbox: 0.1905  loss_mask: 0.0856
2026/08/08 23:15:11 - mmengine - INFO - Epoch(train)  [86][50/68]  base_lr: 2.8587e-05 lr: 2.8587e-05  eta: 0:05:57  time: 0.3750  data_time: 0.1406  memory: 601  grad_norm: 9.3180  loss: 0.3701  loss_cls: 0.0886  loss_bbox: 0.1934  loss_mask: 0.0881
2026/08/08 23:15:15 - mmengine - INFO - Epoch(train)  [86][60/68]  base_lr: 2.8160e-05 lr: 2.8160e-05  eta: 0:05:54  time: 0.3801  data_time: 0.1443  memory: 602  grad_norm: 9.4088  loss: 0.3723  loss_cls: 0.0896  loss_bbox: 0.1951  loss_mask: 0.0875
2026/08/08 23:15:18 - mmengine - INFO - Exp name: rtmdet_ins_busi_20260808_222414
2026/08/08 23:15:18 - mmengine - INFO - Saving checkpoint at 86 epochs
2026/08/08 23:15:21 - mmengine - INFO - Epoch(val)  [86][ 10/116]    eta: 0:00:04  time: 0.0450  data_time: 0.0064  memory: 601  
2026/08/08 23:15:21 - mmengine - INFO - Epoch(val)  [86][ 20/116]    eta: 0:00:04  time: 0.0442  data_time: 0.0063  memory: 118  
2026/08/08 23:15:22 - mmengine - INFO - Epoch(val)  [86][ 30/116]    eta: 0:00:03  time: 0.0429  data_time: 0.0061  memory: 115  
2026/08/08 23:15:22 - mmengine - INFO - Epoch(val)  [86][ 40/116]    eta: 0:00:03  time: 0.0426  data_time: 0.0059  memory: 116  
2026/08/08 23:15:23 - mmengine - INFO - Epoch(val)  [86][ 50/116]    eta: 0:00:02  time: 0.0434  data_time: 0.0061  memory: 164  
2026/08/08 23:15:23 - mmengine - INFO - Epoch(val)  [86][ 60/116]    eta: 0:00:02  time: 0.0441  data_time: 0.0063  memory: 125  
2026/08/08 23:15:23 - mmengine - INFO - Epoch(val)  [86][ 70/116]    eta: 0:00:02  time: 0.0441  data_time: 0.0063  memory: 118  
2026/08/08 23:15:24 - mmengine - INFO - Epoch(val)  [86][ 80/116]    eta: 0:00:01  time: 0.0442  data_time: 0.0063  memory: 124  
2026/08/08 23:15:24 - mmengine - INFO - Epoch(val)  [86][ 90/116]    eta: 0:00:01  time: 0.0456  data_time: 0.0067  memory: 145  
2026/08/08 23:15:25 - mmengine - INFO - Epoch(val)  [86][100/116]    eta: 0:00:00  time: 0.0453  data_time: 0.0066  memory: 148  
2026/08/08 23:15:25 - mmengine - INFO - Epoch(val)  [86][110/116]    eta: 0:00:00  time: 0.0449  data_time: 0.0064  memory: 103  
2026/08/08 23:15:26 - mmengine - INFO - Evaluating bbox...
2026/08/08 23:15:26 - mmengine - INFO - bbox_mAP_copypaste: 0.621 0.886 0.715 0.000 0.724 0.575
2026/08/08 23:15:26 - mmengine - INFO - Evaluating segm...
2026/08/08 23:15:26 - mmengine - INFO - segm_mAP_copypaste: 0.615 0.891 0.707 0.000 0.709 0.573
2026/08/08 23:15:28 - mmengine - INFO - val kayip: val_kayip_cls 0.2917  val_kayip_bbox 0.2500  val_kayip_mask 0.1287  val_kayip 0.6704
2026/08/08 23:15:28 - mmengine - INFO - Epoch(val) [86][116/116]    busi/dice_tum: 0.8346  busi/dice_lezyonlu: 0.8001  busi/bos_dogru: 20  busi/esik: 0.4000  val_kayip_cls: 0.2917  val_kayip_bbox: 0.2500  val_kayip_mask: 0.1287  val_kayip: 0.6704  coco/bbox_mAP: 0.6210  coco/bbox_mAP_50: 0.8860  coco/bbox_mAP_75: 0.7150  coco/bbox_mAP_s: 0.0000  coco/bbox_mAP_m: 0.7240  coco/bbox_mAP_l: 0.5750  coco/segm_mAP: 0.6150  coco/segm_mAP_50: 0.8910  coco/segm_mAP_75: 0.7070  coco/segm_mAP_s: 0.0000  coco/segm_mAP_m: 0.7090  coco/segm_mAP_l: 0.5730  data_time: 0.0063  time: 0.0443
2026/08/08 23:15:28 - mmengine - INFO - The previous best checkpoint d:\mamografi\real_time_segmentasyon\rtmdet\calisma\rtmdet_ins_tiny_256_orta_s44\best_busi_dice_tum_epoch_54.pth is removed
2026/08/08 23:15:30 - mmengine - INFO - The best checkpoint with 0.8346 busi/dice_tum at 86 epoch is saved to best_busi_dice_tum_epoch_86.pth.
2026/08/08 23:15:36 - mmengine - INFO - Epoch(train)  [87][10/68]  base_lr: 2.7399e-05 lr: 2.7399e-05  eta: 0:05:47  time: 0.3784  data_time: 0.1416  memory: 602  grad_norm: 9.4497  loss: 0.3686  loss_cls: 0.0830  loss_bbox: 0.1981  loss_mask: 0.0876
2026/08/08 23:15:40 - mmengine - INFO - Epoch(train)  [87][20/68]  base_lr: 2.6981e-05 lr: 2.6981e-05  eta: 0:05:43  time: 0.3828  data_time: 0.1462  memory: 601  grad_norm: 9.3966  loss: 0.3598  loss_cls: 0.0788  loss_bbox: 0.1937  loss_mask: 0.0874
2026/08/08 23:15:44 - mmengine - INFO - Epoch(train)  [87][30/68]  base_lr: 2.6566e-05 lr: 2.6566e-05  eta: 0:05:40  time: 0.3770  data_time: 0.1428  memory: 601  grad_norm: 9.0627  loss: 0.3480  loss_cls: 0.0725  loss_bbox: 0.1908  loss_mask: 0.0847
2026/08/08 23:15:47 - mmengine - INFO - Epoch(train)  [87][40/68]  base_lr: 2.6154e-05 lr: 2.6154e-05  eta: 0:05:36  time: 0.3765  data_time: 0.1446  memory: 601  grad_norm: 8.9138  loss: 0.3466  loss_cls: 0.0714  loss_bbox: 0.1902  loss_mask: 0.0850
2026/08/08 23:15:51 - mmengine - INFO - Epoch(train)  [87][50/68]  base_lr: 2.5746e-05 lr: 2.5746e-05  eta: 0:05:32  time: 0.3754  data_time: 0.1429  memory: 602  grad_norm: 9.1871  loss: 0.3586  loss_cls: 0.0817  loss_bbox: 0.1901  loss_mask: 0.0868
2026/08/08 23:15:55 - mmengine - INFO - Epoch(train)  [87][60/68]  base_lr: 2.5341e-05 lr: 2.5341e-05  eta: 0:05:29  time: 0.3749  data_time: 0.1437  memory: 600  grad_norm: 9.4003  loss: 0.3575  loss_cls: 0.0838  loss_bbox: 0.1876  loss_mask: 0.0861
2026/08/08 23:15:58 - mmengine - INFO - Exp name: rtmdet_ins_busi_20260808_222414
2026/08/08 23:15:58 - mmengine - INFO - Saving checkpoint at 87 epochs
2026/08/08 23:16:00 - mmengine - INFO - Epoch(val)  [87][ 10/116]    eta: 0:00:04  time: 0.0456  data_time: 0.0065  memory: 604  
2026/08/08 23:16:01 - mmengine - INFO - Epoch(val)  [87][ 20/116]    eta: 0:00:04  time: 0.0453  data_time: 0.0063  memory: 110  
2026/08/08 23:16:01 - mmengine - INFO - Epoch(val)  [87][ 30/116]    eta: 0:00:03  time: 0.0429  data_time: 0.0059  memory: 107  
2026/08/08 23:16:02 - mmengine - INFO - Epoch(val)  [87][ 40/116]    eta: 0:00:03  time: 0.0423  data_time: 0.0059  memory: 116  
2026/08/08 23:16:02 - mmengine - INFO - Epoch(val)  [87][ 50/116]    eta: 0:00:02  time: 0.0427  data_time: 0.0059  memory: 158  
2026/08/08 23:16:02 - mmengine - INFO - Epoch(val)  [87][ 60/116]    eta: 0:00:02  time: 0.0431  data_time: 0.0060  memory: 112  
2026/08/08 23:16:03 - mmengine - INFO - Epoch(val)  [87][ 70/116]    eta: 0:00:01  time: 0.0429  data_time: 0.0061  memory: 118  
2026/08/08 23:16:03 - mmengine - INFO - Epoch(val)  [87][ 80/116]    eta: 0:00:01  time: 0.0436  data_time: 0.0062  memory: 115  
2026/08/08 23:16:04 - mmengine - INFO - Epoch(val)  [87][ 90/116]    eta: 0:00:01  time: 0.0449  data_time: 0.0064  memory: 145  
2026/08/08 23:16:04 - mmengine - INFO - Epoch(val)  [87][100/116]    eta: 0:00:00  time: 0.0445  data_time: 0.0063  memory: 140  
2026/08/08 23:16:05 - mmengine - INFO - Epoch(val)  [87][110/116]    eta: 0:00:00  time: 0.0439  data_time: 0.0062  memory: 103  
2026/08/08 23:16:05 - mmengine - INFO - Evaluating bbox...
2026/08/08 23:16:05 - mmengine - INFO - bbox_mAP_copypaste: 0.623 0.893 0.716 0.000 0.718 0.580
2026/08/08 23:16:05 - mmengine - INFO - Evaluating segm...
2026/08/08 23:16:05 - mmengine - INFO - segm_mAP_copypaste: 0.614 0.894 0.691 0.000 0.707 0.575
2026/08/08 23:16:07 - mmengine - INFO - val kayip: val_kayip_cls 0.2809  val_kayip_bbox 0.2529  val_kayip_mask 0.1280  val_kayip 0.6617
2026/08/08 23:16:07 - mmengine - INFO - Epoch(val) [87][116/116]    busi/dice_tum: 0.8275  busi/dice_lezyonlu: 0.7915  busi/bos_dogru: 20  busi/esik: 0.4000  val_kayip_cls: 0.2809  val_kayip_bbox: 0.2529  val_kayip_mask: 0.1280  val_kayip: 0.6617  coco/bbox_mAP: 0.6230  coco/bbox_mAP_50: 0.8930  coco/bbox_mAP_75: 0.7160  coco/bbox_mAP_s: 0.0000  coco/bbox_mAP_m: 0.7180  coco/bbox_mAP_l: 0.5800  coco/segm_mAP: 0.6140  coco/segm_mAP_50: 0.8940  coco/segm_mAP_75: 0.6910  coco/segm_mAP_s: 0.0000  coco/segm_mAP_m: 0.7070  coco/segm_mAP_l: 0.5750  data_time: 0.0061  time: 0.0438
2026/08/08 23:16:11 - mmengine - INFO - Epoch(train)  [88][10/68]  base_lr: 2.4621e-05 lr: 2.4621e-05  eta: 0:05:22  time: 0.3765  data_time: 0.1463  memory: 601  grad_norm: 9.9111  loss: 0.3669  loss_cls: 0.0869  loss_bbox: 0.1922  loss_mask: 0.0878
2026/08/08 23:16:15 - mmengine - INFO - Epoch(train)  [88][20/68]  base_lr: 2.4226e-05 lr: 2.4226e-05  eta: 0:05:18  time: 0.3767  data_time: 0.1473  memory: 599  grad_norm: 10.1364  loss: 0.3695  loss_cls: 0.0894  loss_bbox: 0.1922  loss_mask: 0.0879
2026/08/08 23:16:19 - mmengine - INFO - Epoch(train)  [88][30/68]  base_lr: 2.3835e-05 lr: 2.3835e-05  eta: 0:05:15  time: 0.3772  data_time: 0.1480  memory: 603  grad_norm: 10.1325  loss: 0.3718  loss_cls: 0.0879  loss_bbox: 0.1953  loss_mask: 0.0886
2026/08/08 23:16:22 - mmengine - INFO - Epoch(train)  [88][40/68]  base_lr: 2.3447e-05 lr: 2.3447e-05  eta: 0:05:11  time: 0.3786  data_time: 0.1498  memory: 602  grad_norm: 10.0724  loss: 0.3674  loss_cls: 0.0820  loss_bbox: 0.1962  loss_mask: 0.0892
2026/08/08 23:16:26 - mmengine - INFO - Epoch(train)  [88][50/68]  base_lr: 2.3063e-05 lr: 2.3063e-05  eta: 0:05:07  time: 0.3831  data_time: 0.1518  memory: 602  grad_norm: 9.8539  loss: 0.3687  loss_cls: 0.0809  loss_bbox: 0.1997  loss_mask: 0.0882
2026/08/08 23:16:30 - mmengine - INFO - Epoch(train)  [88][60/68]  base_lr: 2.2682e-05 lr: 2.2682e-05  eta: 0:05:04  time: 0.3772  data_time: 0.1450  memory: 602  grad_norm: 9.8248  loss: 0.3655  loss_cls: 0.0783  loss_bbox: 0.1979  loss_mask: 0.0893
2026/08/08 23:16:33 - mmengine - INFO - Exp name: rtmdet_ins_busi_20260808_222414
2026/08/08 23:16:33 - mmengine - INFO - Saving checkpoint at 88 epochs
2026/08/08 23:16:36 - mmengine - INFO - Epoch(val)  [88][ 10/116]    eta: 0:00:04  time: 0.0456  data_time: 0.0064  memory: 600  
2026/08/08 23:16:36 - mmengine - INFO - Epoch(val)  [88][ 20/116]    eta: 0:00:04  time: 0.0452  data_time: 0.0063  memory: 113  
2026/08/08 23:16:36 - mmengine - INFO - Epoch(val)  [88][ 30/116]    eta: 0:00:03  time: 0.0441  data_time: 0.0060  memory: 115  
2026/08/08 23:16:37 - mmengine - INFO - Epoch(val)  [88][ 40/116]    eta: 0:00:03  time: 0.0432  data_time: 0.0059  memory: 116  
2026/08/08 23:16:37 - mmengine - INFO - Epoch(val)  [88][ 50/116]    eta: 0:00:02  time: 0.0431  data_time: 0.0059  memory: 158  
2026/08/08 23:16:38 - mmengine - INFO - Epoch(val)  [88][ 60/116]    eta: 0:00:02  time: 0.0434  data_time: 0.0061  memory: 120  
2026/08/08 23:16:38 - mmengine - INFO - Epoch(val)  [88][ 70/116]    eta: 0:00:02  time: 0.0437  data_time: 0.0062  memory: 118  
2026/08/08 23:16:39 - mmengine - INFO - Epoch(val)  [88][ 80/116]    eta: 0:00:01  time: 0.0441  data_time: 0.0063  memory: 127  
2026/08/08 23:16:39 - mmengine - INFO - Epoch(val)  [88][ 90/116]    eta: 0:00:01  time: 0.0458  data_time: 0.0066  memory: 145  
2026/08/08 23:16:40 - mmengine - INFO - Epoch(val)  [88][100/116]    eta: 0:00:00  time: 0.0455  data_time: 0.0065  memory: 145  
2026/08/08 23:16:40 - mmengine - INFO - Epoch(val)  [88][110/116]    eta: 0:00:00  time: 0.0446  data_time: 0.0063  memory: 104  
2026/08/08 23:16:40 - mmengine - INFO - Evaluating bbox...
2026/08/08 23:16:40 - mmengine - INFO - bbox_mAP_copypaste: 0.621 0.892 0.717 0.000 0.724 0.577
2026/08/08 23:16:40 - mmengine - INFO - Evaluating segm...
2026/08/08 23:16:40 - mmengine - INFO - segm_mAP_copypaste: 0.619 0.894 0.720 0.005 0.717 0.576
2026/08/08 23:16:42 - mmengine - INFO - val kayip: val_kayip_cls 0.3021  val_kayip_bbox 0.2503  val_kayip_mask 0.1285  val_kayip 0.6809
2026/08/08 23:16:42 - mmengine - INFO - Epoch(val) [88][116/116]    busi/dice_tum: 0.8255  busi/dice_lezyonlu: 0.7996  busi/bos_dogru: 19  busi/esik: 0.4000  val_kayip_cls: 0.3021  val_kayip_bbox: 0.2503  val_kayip_mask: 0.1285  val_kayip: 0.6809  coco/bbox_mAP: 0.6210  coco/bbox_mAP_50: 0.8920  coco/bbox_mAP_75: 0.7170  coco/bbox_mAP_s: 0.0000  coco/bbox_mAP_m: 0.7240  coco/bbox_mAP_l: 0.5770  coco/segm_mAP: 0.6190  coco/segm_mAP_50: 0.8940  coco/segm_mAP_75: 0.7200  coco/segm_mAP_s: 0.0050  coco/segm_mAP_m: 0.7170  coco/segm_mAP_l: 0.5760  data_time: 0.0062  time: 0.0443
2026/08/08 23:16:46 - mmengine - INFO - Epoch(train)  [89][10/68]  base_lr: 2.2006e-05 lr: 2.2006e-05  eta: 0:04:57  time: 0.3733  data_time: 0.1399  memory: 601  grad_norm: 10.0314  loss: 0.3611  loss_cls: 0.0771  loss_bbox: 0.1934  loss_mask: 0.0905
2026/08/08 23:16:48 - mmengine - INFO - Exp name: rtmdet_ins_busi_20260808_222414
2026/08/08 23:16:50 - mmengine - INFO - Epoch(train)  [89][20/68]  base_lr: 2.1636e-05 lr: 2.1636e-05  eta: 0:04:53  time: 0.3747  data_time: 0.1406  memory: 599  grad_norm: 9.5841  loss: 0.3572  loss_cls: 0.0745  loss_bbox: 0.1922  loss_mask: 0.0906
2026/08/08 23:16:53 - mmengine - INFO - Epoch(train)  [89][30/68]  base_lr: 2.1269e-05 lr: 2.1269e-05  eta: 0:04:50  time: 0.3702  data_time: 0.1371  memory: 602  grad_norm: 9.7858  loss: 0.3505  loss_cls: 0.0728  loss_bbox: 0.1878  loss_mask: 0.0899
2026/08/08 23:16:57 - mmengine - INFO - Epoch(train)  [89][40/68]  base_lr: 2.0906e-05 lr: 2.0906e-05  eta: 0:04:46  time: 0.3702  data_time: 0.1365  memory: 601  grad_norm: 9.6985  loss: 0.3496  loss_cls: 0.0716  loss_bbox: 0.1876  loss_mask: 0.0903
2026/08/08 23:17:01 - mmengine - INFO - Epoch(train)  [89][50/68]  base_lr: 2.0547e-05 lr: 2.0547e-05  eta: 0:04:42  time: 0.3705  data_time: 0.1370  memory: 602  grad_norm: 9.5215  loss: 0.3472  loss_cls: 0.0687  loss_bbox: 0.1904  loss_mask: 0.0881
2026/08/08 23:17:05 - mmengine - INFO - Epoch(train)  [89][60/68]  base_lr: 2.0192e-05 lr: 2.0192e-05  eta: 0:04:39  time: 0.3725  data_time: 0.1388  memory: 600  grad_norm: 9.6291  loss: 0.3468  loss_cls: 0.0742  loss_bbox: 0.1866  loss_mask: 0.0860
2026/08/08 23:17:08 - mmengine - INFO - Exp name: rtmdet_ins_busi_20260808_222414
2026/08/08 23:17:08 - mmengine - INFO - Saving checkpoint at 89 epochs
2026/08/08 23:17:10 - mmengine - INFO - Epoch(val)  [89][ 10/116]    eta: 0:00:04  time: 0.0456  data_time: 0.0065  memory: 601  
2026/08/08 23:17:11 - mmengine - INFO - Epoch(val)  [89][ 20/116]    eta: 0:00:04  time: 0.0446  data_time: 0.0063  memory: 113  
2026/08/08 23:17:11 - mmengine - INFO - Epoch(val)  [89][ 30/116]    eta: 0:00:03  time: 0.0427  data_time: 0.0059  memory: 110  
2026/08/08 23:17:11 - mmengine - INFO - Epoch(val)  [89][ 40/116]    eta: 0:00:03  time: 0.0420  data_time: 0.0057  memory: 116  
2026/08/08 23:17:12 - mmengine - INFO - Epoch(val)  [89][ 50/116]    eta: 0:00:02  time: 0.0419  data_time: 0.0058  memory: 153  
2026/08/08 23:17:12 - mmengine - INFO - Epoch(val)  [89][ 60/116]    eta: 0:00:02  time: 0.0424  data_time: 0.0060  memory: 116  
2026/08/08 23:17:13 - mmengine - INFO - Epoch(val)  [89][ 70/116]    eta: 0:00:01  time: 0.0431  data_time: 0.0061  memory: 118  
2026/08/08 23:17:13 - mmengine - INFO - Epoch(val)  [89][ 80/116]    eta: 0:00:01  time: 0.0438  data_time: 0.0062  memory: 121  
2026/08/08 23:17:14 - mmengine - INFO - Epoch(val)  [89][ 90/116]    eta: 0:00:01  time: 0.0457  data_time: 0.0066  memory: 145  
2026/08/08 23:17:14 - mmengine - INFO - Epoch(val)  [89][100/116]    eta: 0:00:00  time: 0.0452  data_time: 0.0065  memory: 131  
2026/08/08 23:17:15 - mmengine - INFO - Epoch(val)  [89][110/116]    eta: 0:00:00  time: 0.0441  data_time: 0.0063  memory: 105  
2026/08/08 23:17:15 - mmengine - INFO - Evaluating bbox...
2026/08/08 23:17:15 - mmengine - INFO - bbox_mAP_copypaste: 0.620 0.887 0.707 0.000 0.726 0.573
2026/08/08 23:17:15 - mmengine - INFO - Evaluating segm...
2026/08/08 23:17:15 - mmengine - INFO - segm_mAP_copypaste: 0.613 0.891 0.685 0.000 0.715 0.567
2026/08/08 23:17:17 - mmengine - INFO - val kayip: val_kayip_cls 0.2935  val_kayip_bbox 0.2511  val_kayip_mask 0.1287  val_kayip 0.6734
2026/08/08 23:17:17 - mmengine - INFO - Epoch(val) [89][116/116]    busi/dice_tum: 0.8283  busi/dice_lezyonlu: 0.8030  busi/bos_dogru: 19  busi/esik: 0.3000  val_kayip_cls: 0.2935  val_kayip_bbox: 0.2511  val_kayip_mask: 0.1287  val_kayip: 0.6734  coco/bbox_mAP: 0.6200  coco/bbox_mAP_50: 0.8870  coco/bbox_mAP_75: 0.7070  coco/bbox_mAP_s: 0.0000  coco/bbox_mAP_m: 0.7260  coco/bbox_mAP_l: 0.5730  coco/segm_mAP: 0.6130  coco/segm_mAP_50: 0.8910  coco/segm_mAP_75: 0.6850  coco/segm_mAP_s: 0.0000  coco/segm_mAP_m: 0.7150  coco/segm_mAP_l: 0.5670  data_time: 0.0062  time: 0.0436
2026/08/08 23:17:21 - mmengine - INFO - Epoch(train)  [90][10/68]  base_lr: 1.9563e-05 lr: 1.9563e-05  eta: 0:04:32  time: 0.3772  data_time: 0.1432  memory: 603  grad_norm: 9.7359  loss: 0.3529  loss_cls: 0.0795  loss_bbox: 0.1859  loss_mask: 0.0875
2026/08/08 23:17:25 - mmengine - INFO - Epoch(train)  [90][20/68]  base_lr: 1.9218e-05 lr: 1.9218e-05  eta: 0:04:28  time: 0.3752  data_time: 0.1434  memory: 602  grad_norm: 9.7440  loss: 0.3535  loss_cls: 0.0816  loss_bbox: 0.1842  loss_mask: 0.0877
2026/08/08 23:17:28 - mmengine - INFO - Epoch(train)  [90][30/68]  base_lr: 1.8878e-05 lr: 1.8878e-05  eta: 0:04:25  time: 0.3753  data_time: 0.1430  memory: 602  grad_norm: 9.6098  loss: 0.3505  loss_cls: 0.0805  loss_bbox: 0.1828  loss_mask: 0.0872
2026/08/08 23:17:32 - mmengine - INFO - Epoch(train)  [90][40/68]  base_lr: 1.8542e-05 lr: 1.8542e-05  eta: 0:04:21  time: 0.3737  data_time: 0.1419  memory: 602  grad_norm: 9.5501  loss: 0.3466  loss_cls: 0.0744  loss_bbox: 0.1848  loss_mask: 0.0874
2026/08/08 23:17:36 - mmengine - INFO - Epoch(train)  [90][50/68]  base_lr: 1.8210e-05 lr: 1.8210e-05  eta: 0:04:17  time: 0.3827  data_time: 0.1496  memory: 602  grad_norm: 9.3104  loss: 0.3419  loss_cls: 0.0701  loss_bbox: 0.1854  loss_mask: 0.0864
2026/08/08 23:17:40 - mmengine - INFO - Epoch(train)  [90][60/68]  base_lr: 1.7881e-05 lr: 1.7881e-05  eta: 0:04:14  time: 0.3777  data_time: 0.1472  memory: 599  grad_norm: 9.4531  loss: 0.3477  loss_cls: 0.0718  loss_bbox: 0.1893  loss_mask: 0.0866
2026/08/08 23:17:43 - mmengine - INFO - Exp name: rtmdet_ins_busi_20260808_222414
2026/08/08 23:17:43 - mmengine - INFO - Saving checkpoint at 90 epochs
2026/08/08 23:17:46 - mmengine - INFO - Epoch(val)  [90][ 10/116]    eta: 0:00:04  time: 0.0452  data_time: 0.0064  memory: 599  
2026/08/08 23:17:46 - mmengine - INFO - Epoch(val)  [90][ 20/116]    eta: 0:00:04  time: 0.0447  data_time: 0.0063  memory: 118  
2026/08/08 23:17:46 - mmengine - INFO - Epoch(val)  [90][ 30/116]    eta: 0:00:03  time: 0.0432  data_time: 0.0059  memory: 110  
2026/08/08 23:17:47 - mmengine - INFO - Epoch(val)  [90][ 40/116]    eta: 0:00:03  time: 0.0426  data_time: 0.0058  memory: 111  
2026/08/08 23:17:47 - mmengine - INFO - Epoch(val)  [90][ 50/116]    eta: 0:00:02  time: 0.0425  data_time: 0.0058  memory: 164  
2026/08/08 23:17:48 - mmengine - INFO - Epoch(val)  [90][ 60/116]    eta: 0:00:02  time: 0.0427  data_time: 0.0060  memory: 116  
2026/08/08 23:17:48 - mmengine - INFO - Epoch(val)  [90][ 70/116]    eta: 0:00:01  time: 0.0425  data_time: 0.0060  memory: 114  
2026/08/08 23:17:49 - mmengine - INFO - Epoch(val)  [90][ 80/116]    eta: 0:00:01  time: 0.0433  data_time: 0.0062  memory: 115  
2026/08/08 23:17:49 - mmengine - INFO - Epoch(val)  [90][ 90/116]    eta: 0:00:01  time: 0.0447  data_time: 0.0065  memory: 139  
2026/08/08 23:17:50 - mmengine - INFO - Epoch(val)  [90][100/116]    eta: 0:00:00  time: 0.0447  data_time: 0.0063  memory: 140  
2026/08/08 23:17:50 - mmengine - INFO - Epoch(val)  [90][110/116]    eta: 0:00:00  time: 0.0438  data_time: 0.0060  memory: 105  
2026/08/08 23:17:50 - mmengine - INFO - Evaluating bbox...
2026/08/08 23:17:50 - mmengine - INFO - bbox_mAP_copypaste: 0.614 0.889 0.714 0.000 0.718 0.568
2026/08/08 23:17:50 - mmengine - INFO - Evaluating segm...
2026/08/08 23:17:50 - mmengine - INFO - segm_mAP_copypaste: 0.613 0.891 0.701 0.000 0.718 0.567
2026/08/08 23:17:52 - mmengine - INFO - val kayip: val_kayip_cls 0.2859  val_kayip_bbox 0.2539  val_kayip_mask 0.1309  val_kayip 0.6707
2026/08/08 23:17:52 - mmengine - INFO - Epoch(val) [90][116/116]    busi/dice_tum: 0.8284  busi/dice_lezyonlu: 0.7927  busi/bos_dogru: 20  busi/esik: 0.4000  val_kayip_cls: 0.2859  val_kayip_bbox: 0.2539  val_kayip_mask: 0.1309  val_kayip: 0.6707  coco/bbox_mAP: 0.6140  coco/bbox_mAP_50: 0.8890  coco/bbox_mAP_75: 0.7140  coco/bbox_mAP_s: 0.0000  coco/bbox_mAP_m: 0.7180  coco/bbox_mAP_l: 0.5680  coco/segm_mAP: 0.6130  coco/segm_mAP_50: 0.8910  coco/segm_mAP_75: 0.7010  coco/segm_mAP_s: 0.0000  coco/segm_mAP_m: 0.7180  coco/segm_mAP_l: 0.5670  data_time: 0.0060  time: 0.0439
2026/08/08 23:17:56 - mmengine - INFO - Epoch(train)  [91][10/68]  base_lr: 1.7301e-05 lr: 1.7301e-05  eta: 0:04:07  time: 0.3802  data_time: 0.1483  memory: 601  grad_norm: 9.4919  loss: 0.3587  loss_cls: 0.0734  loss_bbox: 0.1965  loss_mask: 0.0887
2026/08/08 23:18:00 - mmengine - INFO - Epoch(train)  [91][20/68]  base_lr: 1.6984e-05 lr: 1.6984e-05  eta: 0:04:03  time: 0.3814  data_time: 0.1490  memory: 601  grad_norm: 9.4140  loss: 0.3600  loss_cls: 0.0763  loss_bbox: 0.1954  loss_mask: 0.0883
2026/08/08 23:18:04 - mmengine - INFO - Epoch(train)  [91][30/68]  base_lr: 1.6672e-05 lr: 1.6672e-05  eta: 0:04:00  time: 0.3750  data_time: 0.1429  memory: 602  grad_norm: 9.5109  loss: 0.3597  loss_cls: 0.0768  loss_bbox: 0.1948  loss_mask: 0.0881
2026/08/08 23:18:07 - mmengine - INFO - Epoch(train)  [91][40/68]  base_lr: 1.6363e-05 lr: 1.6363e-05  eta: 0:03:56  time: 0.3743  data_time: 0.1414  memory: 601  grad_norm: 9.6050  loss: 0.3538  loss_cls: 0.0738  loss_bbox: 0.1931  loss_mask: 0.0869
2026/08/08 23:18:11 - mmengine - INFO - Epoch(train)  [91][50/68]  base_lr: 1.6059e-05 lr: 1.6059e-05  eta: 0:03:52  time: 0.3729  data_time: 0.1418  memory: 601  grad_norm: 9.3255  loss: 0.3521  loss_cls: 0.0735  loss_bbox: 0.1902  loss_mask: 0.0883
2026/08/08 23:18:15 - mmengine - INFO - Epoch(train)  [91][60/68]  base_lr: 1.5759e-05 lr: 1.5759e-05  eta: 0:03:48  time: 0.3712  data_time: 0.1427  memory: 602  grad_norm: 9.2751  loss: 0.3534  loss_cls: 0.0750  loss_bbox: 0.1904  loss_mask: 0.0879
2026/08/08 23:18:18 - mmengine - INFO - Exp name: rtmdet_ins_busi_20260808_222414
2026/08/08 23:18:18 - mmengine - INFO - Saving checkpoint at 91 epochs
2026/08/08 23:18:21 - mmengine - INFO - Epoch(val)  [91][ 10/116]    eta: 0:00:04  time: 0.0460  data_time: 0.0062  memory: 604  
2026/08/08 23:18:21 - mmengine - INFO - Epoch(val)  [91][ 20/116]    eta: 0:00:04  time: 0.0459  data_time: 0.0061  memory: 118  
2026/08/08 23:18:21 - mmengine - INFO - Epoch(val)  [91][ 30/116]    eta: 0:00:03  time: 0.0447  data_time: 0.0058  memory: 110  
2026/08/08 23:18:22 - mmengine - INFO - Epoch(val)  [91][ 40/116]    eta: 0:00:03  time: 0.0438  data_time: 0.0057  memory: 111  
2026/08/08 23:18:22 - mmengine - INFO - Epoch(val)  [91][ 50/116]    eta: 0:00:02  time: 0.0432  data_time: 0.0058  memory: 164  
2026/08/08 23:18:23 - mmengine - INFO - Epoch(val)  [91][ 60/116]    eta: 0:00:02  time: 0.0434  data_time: 0.0060  memory: 116  
2026/08/08 23:18:23 - mmengine - INFO - Epoch(val)  [91][ 70/116]    eta: 0:00:02  time: 0.0436  data_time: 0.0060  memory: 114  
2026/08/08 23:18:24 - mmengine - INFO - Epoch(val)  [91][ 80/116]    eta: 0:00:01  time: 0.0441  data_time: 0.0063  memory: 124  
2026/08/08 23:18:24 - mmengine - INFO - Epoch(val)  [91][ 90/116]    eta: 0:00:01  time: 0.0458  data_time: 0.0067  memory: 139  
2026/08/08 23:18:24 - mmengine - INFO - Epoch(val)  [91][100/116]    eta: 0:00:00  time: 0.0455  data_time: 0.0066  memory: 135  
2026/08/08 23:18:25 - mmengine - INFO - Epoch(val)  [91][110/116]    eta: 0:00:00  time: 0.0442  data_time: 0.0063  memory: 105  
2026/08/08 23:18:25 - mmengine - INFO - Evaluating bbox...
2026/08/08 23:18:25 - mmengine - INFO - bbox_mAP_copypaste: 0.617 0.888 0.697 0.000 0.729 0.568
2026/08/08 23:18:25 - mmengine - INFO - Evaluating segm...
2026/08/08 23:18:25 - mmengine - INFO - segm_mAP_copypaste: 0.612 0.893 0.696 0.006 0.715 0.566
2026/08/08 23:18:27 - mmengine - INFO - val kayip: val_kayip_cls 0.2926  val_kayip_bbox 0.2513  val_kayip_mask 0.1294  val_kayip 0.6733
2026/08/08 23:18:27 - mmengine - INFO - Epoch(val) [91][116/116]    busi/dice_tum: 0.8344  busi/dice_lezyonlu: 0.7999  busi/bos_dogru: 20  busi/esik: 0.4000  val_kayip_cls: 0.2926  val_kayip_bbox: 0.2513  val_kayip_mask: 0.1294  val_kayip: 0.6733  coco/bbox_mAP: 0.6170  coco/bbox_mAP_50: 0.8880  coco/bbox_mAP_75: 0.6970  coco/bbox_mAP_s: 0.0000  coco/bbox_mAP_m: 0.7290  coco/bbox_mAP_l: 0.5680  coco/segm_mAP: 0.6120  coco/segm_mAP_50: 0.8930  coco/segm_mAP_75: 0.6960  coco/segm_mAP_s: 0.0060  coco/segm_mAP_m: 0.7150  coco/segm_mAP_l: 0.5660  data_time: 0.0062  time: 0.0444
2026/08/08 23:18:31 - mmengine - INFO - Epoch(train)  [92][10/68]  base_lr: 1.5230e-05 lr: 1.5230e-05  eta: 0:03:42  time: 0.3715  data_time: 0.1429  memory: 602  grad_norm: 9.0591  loss: 0.3475  loss_cls: 0.0701  loss_bbox: 0.1900  loss_mask: 0.0874
2026/08/08 23:18:35 - mmengine - INFO - Epoch(train)  [92][20/68]  base_lr: 1.4942e-05 lr: 1.4942e-05  eta: 0:03:38  time: 0.3689  data_time: 0.1410  memory: 601  grad_norm: 8.8393  loss: 0.3481  loss_cls: 0.0673  loss_bbox: 0.1915  loss_mask: 0.0894
2026/08/08 23:18:39 - mmengine - INFO - Epoch(train)  [92][30/68]  base_lr: 1.4659e-05 lr: 1.4659e-05  eta: 0:03:34  time: 0.3703  data_time: 0.1407  memory: 601  grad_norm: 9.0141  loss: 0.3518  loss_cls: 0.0688  loss_bbox: 0.1928  loss_mask: 0.0903
2026/08/08 23:18:42 - mmengine - INFO - Epoch(train)  [92][40/68]  base_lr: 1.4379e-05 lr: 1.4379e-05  eta: 0:03:31  time: 0.3729  data_time: 0.1395  memory: 602  grad_norm: 8.8988  loss: 0.3504  loss_cls: 0.0698  loss_bbox: 0.1904  loss_mask: 0.0901
2026/08/08 23:18:46 - mmengine - INFO - Epoch(train)  [92][50/68]  base_lr: 1.4104e-05 lr: 1.4104e-05  eta: 0:03:27  time: 0.3726  data_time: 0.1378  memory: 601  grad_norm: 8.8764  loss: 0.3509  loss_cls: 0.0718  loss_bbox: 0.1881  loss_mask: 0.0910
2026/08/08 23:18:50 - mmengine - INFO - Epoch(train)  [92][60/68]  base_lr: 1.3834e-05 lr: 1.3834e-05  eta: 0:03:23  time: 0.3687  data_time: 0.1357  memory: 600  grad_norm: 8.6446  loss: 0.3524  loss_cls: 0.0731  loss_bbox: 0.1871  loss_mask: 0.0921
2026/08/08 23:18:53 - mmengine - INFO - Exp name: rtmdet_ins_busi_20260808_222414
2026/08/08 23:18:53 - mmengine - INFO - Saving checkpoint at 92 epochs
2026/08/08 23:18:55 - mmengine - INFO - Epoch(val)  [92][ 10/116]    eta: 0:00:04  time: 0.0452  data_time: 0.0063  memory: 601  
2026/08/08 23:18:56 - mmengine - INFO - Epoch(val)  [92][ 20/116]    eta: 0:00:04  time: 0.0445  data_time: 0.0061  memory: 118  
2026/08/08 23:18:56 - mmengine - INFO - Epoch(val)  [92][ 30/116]    eta: 0:00:03  time: 0.0430  data_time: 0.0057  memory: 107  
2026/08/08 23:18:56 - mmengine - INFO - Epoch(val)  [92][ 40/116]    eta: 0:00:03  time: 0.0423  data_time: 0.0056  memory: 116  
2026/08/08 23:18:57 - mmengine - INFO - Epoch(val)  [92][ 50/116]    eta: 0:00:02  time: 0.0422  data_time: 0.0057  memory: 170  
2026/08/08 23:18:57 - mmengine - INFO - Epoch(val)  [92][ 60/116]    eta: 0:00:02  time: 0.0426  data_time: 0.0059  memory: 116  
2026/08/08 23:18:58 - mmengine - INFO - Epoch(val)  [92][ 70/116]    eta: 0:00:01  time: 0.0431  data_time: 0.0060  memory: 114  
2026/08/08 23:18:58 - mmengine - INFO - Epoch(val)  [92][ 80/116]    eta: 0:00:01  time: 0.0442  data_time: 0.0062  memory: 130  
2026/08/08 23:18:59 - mmengine - INFO - Epoch(val)  [92][ 90/116]    eta: 0:00:01  time: 0.0455  data_time: 0.0065  memory: 139  
2026/08/08 23:18:59 - mmengine - INFO - Epoch(val)  [92][100/116]    eta: 0:00:00  time: 0.0452  data_time: 0.0065  memory: 135  
2026/08/08 23:19:00 - mmengine - INFO - Epoch(val)  [92][110/116]    eta: 0:00:00  time: 0.0441  data_time: 0.0063  memory: 105  
2026/08/08 23:19:00 - mmengine - INFO - Evaluating bbox...
2026/08/08 23:19:00 - mmengine - INFO - bbox_mAP_copypaste: 0.615 0.887 0.711 0.000 0.720 0.566
2026/08/08 23:19:00 - mmengine - INFO - Evaluating segm...
2026/08/08 23:19:00 - mmengine - INFO - segm_mAP_copypaste: 0.620 0.889 0.701 0.000 0.716 0.578
2026/08/08 23:19:02 - mmengine - INFO - val kayip: val_kayip_cls 0.2923  val_kayip_bbox 0.2514  val_kayip_mask 0.1291  val_kayip 0.6728
2026/08/08 23:19:02 - mmengine - INFO - Epoch(val) [92][116/116]    busi/dice_tum: 0.8263  busi/dice_lezyonlu: 0.8005  busi/bos_dogru: 19  busi/esik: 0.3000  val_kayip_cls: 0.2923  val_kayip_bbox: 0.2514  val_kayip_mask: 0.1291  val_kayip: 0.6728  coco/bbox_mAP: 0.6150  coco/bbox_mAP_50: 0.8870  coco/bbox_mAP_75: 0.7110  coco/bbox_mAP_s: 0.0000  coco/bbox_mAP_m: 0.7200  coco/bbox_mAP_l: 0.5660  coco/segm_mAP: 0.6200  coco/segm_mAP_50: 0.8890  coco/segm_mAP_75: 0.7010  coco/segm_mAP_s: 0.0000  coco/segm_mAP_m: 0.7160  coco/segm_mAP_l: 0.5780  data_time: 0.0061  time: 0.0437
2026/08/08 23:19:06 - mmengine - INFO - Epoch(train)  [93][10/68]  base_lr: 1.3358e-05 lr: 1.3358e-05  eta: 0:03:17  time: 0.3729  data_time: 0.1383  memory: 601  grad_norm: 8.7588  loss: 0.3556  loss_cls: 0.0837  loss_bbox: 0.1825  loss_mask: 0.0894
2026/08/08 23:19:10 - mmengine - INFO - Epoch(train)  [93][20/68]  base_lr: 1.3100e-05 lr: 1.3100e-05  eta: 0:03:13  time: 0.3746  data_time: 0.1411  memory: 602  grad_norm: 8.8531  loss: 0.3542  loss_cls: 0.0817  loss_bbox: 0.1828  loss_mask: 0.0896
2026/08/08 23:19:14 - mmengine - INFO - Epoch(train)  [93][30/68]  base_lr: 1.2847e-05 lr: 1.2847e-05  eta: 0:03:09  time: 0.3779  data_time: 0.1465  memory: 601  grad_norm: 9.1761  loss: 0.3530  loss_cls: 0.0794  loss_bbox: 0.1851  loss_mask: 0.0885
2026/08/08 23:19:17 - mmengine - INFO - Epoch(train)  [93][40/68]  base_lr: 1.2598e-05 lr: 1.2598e-05  eta: 0:03:06  time: 0.3826  data_time: 0.1508  memory: 601  grad_norm: 9.2957  loss: 0.3486  loss_cls: 0.0786  loss_bbox: 0.1844  loss_mask: 0.0856
2026/08/08 23:19:21 - mmengine - INFO - Epoch(train)  [93][50/68]  base_lr: 1.2353e-05 lr: 1.2353e-05  eta: 0:03:02  time: 0.3805  data_time: 0.1470  memory: 602  grad_norm: 9.1803  loss: 0.3405  loss_cls: 0.0739  loss_bbox: 0.1815  loss_mask: 0.0852
2026/08/08 23:19:25 - mmengine - INFO - Epoch(train)  [93][60/68]  base_lr: 1.2113e-05 lr: 1.2113e-05  eta: 0:02:58  time: 0.3787  data_time: 0.1467  memory: 601  grad_norm: 9.2503  loss: 0.3371  loss_cls: 0.0711  loss_bbox: 0.1813  loss_mask: 0.0847
2026/08/08 23:19:28 - mmengine - INFO - Exp name: rtmdet_ins_busi_20260808_222414
2026/08/08 23:19:28 - mmengine - INFO - Saving checkpoint at 93 epochs
2026/08/08 23:19:30 - mmengine - INFO - Epoch(val)  [93][ 10/116]    eta: 0:00:04  time: 0.0452  data_time: 0.0065  memory: 603  
2026/08/08 23:19:31 - mmengine - INFO - Epoch(val)  [93][ 20/116]    eta: 0:00:04  time: 0.0450  data_time: 0.0065  memory: 118  
2026/08/08 23:19:31 - mmengine - INFO - Epoch(val)  [93][ 30/116]    eta: 0:00:03  time: 0.0433  data_time: 0.0059  memory: 110  
2026/08/08 23:19:32 - mmengine - INFO - Epoch(val)  [93][ 40/116]    eta: 0:00:03  time: 0.0426  data_time: 0.0058  memory: 116  
2026/08/08 23:19:32 - mmengine - INFO - Epoch(val)  [93][ 50/116]    eta: 0:00:02  time: 0.0426  data_time: 0.0058  memory: 158  
2026/08/08 23:19:32 - mmengine - INFO - Epoch(val)  [93][ 60/116]    eta: 0:00:02  time: 0.0425  data_time: 0.0060  memory: 125  
2026/08/08 23:19:33 - mmengine - INFO - Epoch(val)  [93][ 70/116]    eta: 0:00:01  time: 0.0428  data_time: 0.0060  memory: 121  
2026/08/08 23:19:33 - mmengine - INFO - Epoch(val)  [93][ 80/116]    eta: 0:00:01  time: 0.0442  data_time: 0.0062  memory: 124  
2026/08/08 23:19:34 - mmengine - INFO - Epoch(val)  [93][ 90/116]    eta: 0:00:01  time: 0.0464  data_time: 0.0066  memory: 145  
2026/08/08 23:19:34 - mmengine - INFO - Epoch(val)  [93][100/116]    eta: 0:00:00  time: 0.0461  data_time: 0.0064  memory: 135  
2026/08/08 23:19:35 - mmengine - INFO - Epoch(val)  [93][110/116]    eta: 0:00:00  time: 0.0453  data_time: 0.0062  memory: 105  
2026/08/08 23:19:35 - mmengine - INFO - Evaluating bbox...
2026/08/08 23:19:35 - mmengine - INFO - bbox_mAP_copypaste: 0.617 0.887 0.722 0.000 0.713 0.573
2026/08/08 23:19:35 - mmengine - INFO - Evaluating segm...
2026/08/08 23:19:35 - mmengine - INFO - segm_mAP_copypaste: 0.616 0.896 0.701 0.005 0.716 0.573
2026/08/08 23:19:37 - mmengine - INFO - val kayip: val_kayip_cls 0.2886  val_kayip_bbox 0.2525  val_kayip_mask 0.1295  val_kayip 0.6707
2026/08/08 23:19:37 - mmengine - INFO - Epoch(val) [93][116/116]    busi/dice_tum: 0.8366  busi/dice_lezyonlu: 0.8026  busi/bos_dogru: 20  busi/esik: 0.4000  val_kayip_cls: 0.2886  val_kayip_bbox: 0.2525  val_kayip_mask: 0.1295  val_kayip: 0.6707  coco/bbox_mAP: 0.6170  coco/bbox_mAP_50: 0.8870  coco/bbox_mAP_75: 0.7220  coco/bbox_mAP_s: 0.0000  coco/bbox_mAP_m: 0.7130  coco/bbox_mAP_l: 0.5730  coco/segm_mAP: 0.6160  coco/segm_mAP_50: 0.8960  coco/segm_mAP_75: 0.7010  coco/segm_mAP_s: 0.0050  coco/segm_mAP_m: 0.7160  coco/segm_mAP_l: 0.5730  data_time: 0.0061  time: 0.0442
2026/08/08 23:19:37 - mmengine - INFO - The previous best checkpoint d:\mamografi\real_time_segmentasyon\rtmdet\calisma\rtmdet_ins_tiny_256_orta_s44\best_busi_dice_tum_epoch_86.pth is removed
2026/08/08 23:19:39 - mmengine - INFO - The best checkpoint with 0.8366 busi/dice_tum at 93 epoch is saved to best_busi_dice_tum_epoch_93.pth.
2026/08/08 23:19:45 - mmengine - INFO - Epoch(train)  [94][10/68]  base_lr: 1.1693e-05 lr: 1.1693e-05  eta: 0:02:52  time: 0.3729  data_time: 0.1392  memory: 601  grad_norm: 9.2140  loss: 0.3471  loss_cls: 0.0765  loss_bbox: 0.1845  loss_mask: 0.0861
2026/08/08 23:19:49 - mmengine - INFO - Epoch(train)  [94][20/68]  base_lr: 1.1465e-05 lr: 1.1465e-05  eta: 0:02:48  time: 0.3690  data_time: 0.1362  memory: 604  grad_norm: 9.3998  loss: 0.3476  loss_cls: 0.0748  loss_bbox: 0.1851  loss_mask: 0.0877
2026/08/08 23:19:53 - mmengine - INFO - Epoch(train)  [94][30/68]  base_lr: 1.1243e-05 lr: 1.1243e-05  eta: 0:02:44  time: 0.3738  data_time: 0.1406  memory: 602  grad_norm: 9.6824  loss: 0.3548  loss_cls: 0.0754  loss_bbox: 0.1907  loss_mask: 0.0887
2026/08/08 23:19:57 - mmengine - INFO - Epoch(train)  [94][40/68]  base_lr: 1.1025e-05 lr: 1.1025e-05  eta: 0:02:41  time: 0.3777  data_time: 0.1437  memory: 602  grad_norm: 9.7497  loss: 0.3524  loss_cls: 0.0729  loss_bbox: 0.1915  loss_mask: 0.0880
2026/08/08 23:20:00 - mmengine - INFO - Epoch(train)  [94][50/68]  base_lr: 1.0812e-05 lr: 1.0812e-05  eta: 0:02:37  time: 0.3794  data_time: 0.1438  memory: 602  grad_norm: 9.6739  loss: 0.3417  loss_cls: 0.0716  loss_bbox: 0.1857  loss_mask: 0.0843
2026/08/08 23:20:04 - mmengine - INFO - Epoch(train)  [94][60/68]  base_lr: 1.0603e-05 lr: 1.0603e-05  eta: 0:02:33  time: 0.3736  data_time: 0.1421  memory: 602  grad_norm: 9.7697  loss: 0.3355  loss_cls: 0.0691  loss_bbox: 0.1822  loss_mask: 0.0842
2026/08/08 23:20:07 - mmengine - INFO - Exp name: rtmdet_ins_busi_20260808_222414
2026/08/08 23:20:07 - mmengine - INFO - Saving checkpoint at 94 epochs
2026/08/08 23:20:09 - mmengine - INFO - Epoch(val)  [94][ 10/116]    eta: 0:00:04  time: 0.0453  data_time: 0.0064  memory: 602  
2026/08/08 23:20:10 - mmengine - INFO - Epoch(val)  [94][ 20/116]    eta: 0:00:04  time: 0.0448  data_time: 0.0063  memory: 118  
2026/08/08 23:20:10 - mmengine - INFO - Epoch(val)  [94][ 30/116]    eta: 0:00:03  time: 0.0429  data_time: 0.0060  memory: 110  
2026/08/08 23:20:11 - mmengine - INFO - Epoch(val)  [94][ 40/116]    eta: 0:00:03  time: 0.0423  data_time: 0.0058  memory: 116  
2026/08/08 23:20:11 - mmengine - INFO - Epoch(val)  [94][ 50/116]    eta: 0:00:02  time: 0.0426  data_time: 0.0059  memory: 164  
2026/08/08 23:20:11 - mmengine - INFO - Epoch(val)  [94][ 60/116]    eta: 0:00:02  time: 0.0428  data_time: 0.0060  memory: 116  
2026/08/08 23:20:12 - mmengine - INFO - Epoch(val)  [94][ 70/116]    eta: 0:00:01  time: 0.0430  data_time: 0.0060  memory: 114  
2026/08/08 23:20:12 - mmengine - INFO - Epoch(val)  [94][ 80/116]    eta: 0:00:01  time: 0.0439  data_time: 0.0061  memory: 121  
2026/08/08 23:20:13 - mmengine - INFO - Epoch(val)  [94][ 90/116]    eta: 0:00:01  time: 0.0457  data_time: 0.0065  memory: 139  
2026/08/08 23:20:13 - mmengine - INFO - Epoch(val)  [94][100/116]    eta: 0:00:00  time: 0.0451  data_time: 0.0063  memory: 135  
2026/08/08 23:20:14 - mmengine - INFO - Epoch(val)  [94][110/116]    eta: 0:00:00  time: 0.0446  data_time: 0.0062  memory: 103  
2026/08/08 23:20:14 - mmengine - INFO - Evaluating bbox...
2026/08/08 23:20:14 - mmengine - INFO - bbox_mAP_copypaste: 0.621 0.884 0.738 0.000 0.725 0.574
2026/08/08 23:20:14 - mmengine - INFO - Evaluating segm...
2026/08/08 23:20:14 - mmengine - INFO - segm_mAP_copypaste: 0.617 0.891 0.712 0.000 0.717 0.572
2026/08/08 23:20:16 - mmengine - INFO - val kayip: val_kayip_cls 0.2839  val_kayip_bbox 0.2512  val_kayip_mask 0.1299  val_kayip 0.6650
2026/08/08 23:20:16 - mmengine - INFO - Epoch(val) [94][116/116]    busi/dice_tum: 0.8294  busi/dice_lezyonlu: 0.8043  busi/bos_dogru: 19  busi/esik: 0.3000  val_kayip_cls: 0.2839  val_kayip_bbox: 0.2512  val_kayip_mask: 0.1299  val_kayip: 0.6650  coco/bbox_mAP: 0.6210  coco/bbox_mAP_50: 0.8840  coco/bbox_mAP_75: 0.7380  coco/bbox_mAP_s: 0.0000  coco/bbox_mAP_m: 0.7250  coco/bbox_mAP_l: 0.5740  coco/segm_mAP: 0.6170  coco/segm_mAP_50: 0.8910  coco/segm_mAP_75: 0.7120  coco/segm_mAP_s: 0.0000  coco/segm_mAP_m: 0.7170  coco/segm_mAP_l: 0.5720  data_time: 0.0062  time: 0.0439
2026/08/08 23:20:20 - mmengine - INFO - Epoch(train)  [95][10/68]  base_lr: 1.0240e-05 lr: 1.0240e-05  eta: 0:02:27  time: 0.3676  data_time: 0.1357  memory: 601  grad_norm: 9.7744  loss: 0.3506  loss_cls: 0.0779  loss_bbox: 0.1851  loss_mask: 0.0876
2026/08/08 23:20:24 - mmengine - INFO - Epoch(train)  [95][20/68]  base_lr: 1.0044e-05 lr: 1.0044e-05  eta: 0:02:23  time: 0.3661  data_time: 0.1354  memory: 600  grad_norm: 9.7287  loss: 0.3579  loss_cls: 0.0796  loss_bbox: 0.1876  loss_mask: 0.0907
2026/08/08 23:20:27 - mmengine - INFO - Epoch(train)  [95][30/68]  base_lr: 9.8537e-06 lr: 9.8537e-06  eta: 0:02:19  time: 0.3686  data_time: 0.1385  memory: 602  grad_norm: 9.9495  loss: 0.3580  loss_cls: 0.0808  loss_bbox: 0.1860  loss_mask: 0.0912
2026/08/08 23:20:31 - mmengine - INFO - Epoch(train)  [95][40/68]  base_lr: 9.6679e-06 lr: 9.6679e-06  eta: 0:02:15  time: 0.3710  data_time: 0.1408  memory: 602  grad_norm: 9.4712  loss: 0.3491  loss_cls: 0.0782  loss_bbox: 0.1828  loss_mask: 0.0881
2026/08/08 23:20:35 - mmengine - INFO - Epoch(train)  [95][50/68]  base_lr: 9.4868e-06 lr: 9.4868e-06  eta: 0:02:12  time: 0.3784  data_time: 0.1469  memory: 602  grad_norm: 9.4704  loss: 0.3454  loss_cls: 0.0743  loss_bbox: 0.1848  loss_mask: 0.0863
2026/08/08 23:20:39 - mmengine - INFO - Epoch(train)  [95][60/68]  base_lr: 9.3106e-06 lr: 9.3106e-06  eta: 0:02:08  time: 0.3813  data_time: 0.1493  memory: 601  grad_norm: 9.5790  loss: 0.3332  loss_cls: 0.0691  loss_bbox: 0.1807  loss_mask: 0.0834
2026/08/08 23:20:42 - mmengine - INFO - Exp name: rtmdet_ins_busi_20260808_222414
2026/08/08 23:20:42 - mmengine - INFO - Saving checkpoint at 95 epochs
2026/08/08 23:20:44 - mmengine - INFO - Epoch(val)  [95][ 10/116]    eta: 0:00:04  time: 0.0455  data_time: 0.0064  memory: 604  
2026/08/08 23:20:45 - mmengine - INFO - Epoch(val)  [95][ 20/116]    eta: 0:00:04  time: 0.0447  data_time: 0.0062  memory: 118  
2026/08/08 23:20:45 - mmengine - INFO - Epoch(val)  [95][ 30/116]    eta: 0:00:03  time: 0.0430  data_time: 0.0059  memory: 110  
2026/08/08 23:20:46 - mmengine - INFO - Epoch(val)  [95][ 40/116]    eta: 0:00:03  time: 0.0421  data_time: 0.0056  memory: 116  
2026/08/08 23:20:46 - mmengine - INFO - Epoch(val)  [95][ 50/116]    eta: 0:00:02  time: 0.0425  data_time: 0.0057  memory: 164  
2026/08/08 23:20:46 - mmengine - INFO - Epoch(val)  [95][ 60/116]    eta: 0:00:02  time: 0.0429  data_time: 0.0060  memory: 116  
2026/08/08 23:20:47 - mmengine - INFO - Epoch(val)  [95][ 70/116]    eta: 0:00:01  time: 0.0430  data_time: 0.0060  memory: 114  
2026/08/08 23:20:47 - mmengine - INFO - Epoch(val)  [95][ 80/116]    eta: 0:00:01  time: 0.0439  data_time: 0.0061  memory: 121  
2026/08/08 23:20:48 - mmengine - INFO - Epoch(val)  [95][ 90/116]    eta: 0:00:01  time: 0.0455  data_time: 0.0066  memory: 139  
2026/08/08 23:20:48 - mmengine - INFO - Epoch(val)  [95][100/116]    eta: 0:00:00  time: 0.0446  data_time: 0.0064  memory: 131  
2026/08/08 23:20:49 - mmengine - INFO - Epoch(val)  [95][110/116]    eta: 0:00:00  time: 0.0435  data_time: 0.0061  memory: 103  
2026/08/08 23:20:49 - mmengine - INFO - Evaluating bbox...
2026/08/08 23:20:49 - mmengine - INFO - bbox_mAP_copypaste: 0.625 0.888 0.734 0.000 0.733 0.577
2026/08/08 23:20:49 - mmengine - INFO - Evaluating segm...
2026/08/08 23:20:49 - mmengine - INFO - segm_mAP_copypaste: 0.613 0.890 0.671 0.000 0.720 0.565
2026/08/08 23:20:51 - mmengine - INFO - val kayip: val_kayip_cls 0.2857  val_kayip_bbox 0.2518  val_kayip_mask 0.1291  val_kayip 0.6666
2026/08/08 23:20:51 - mmengine - INFO - Epoch(val) [95][116/116]    busi/dice_tum: 0.8263  busi/dice_lezyonlu: 0.7901  busi/bos_dogru: 20  busi/esik: 0.4000  val_kayip_cls: 0.2857  val_kayip_bbox: 0.2518  val_kayip_mask: 0.1291  val_kayip: 0.6666  coco/bbox_mAP: 0.6250  coco/bbox_mAP_50: 0.8880  coco/bbox_mAP_75: 0.7340  coco/bbox_mAP_s: 0.0000  coco/bbox_mAP_m: 0.7330  coco/bbox_mAP_l: 0.5770  coco/segm_mAP: 0.6130  coco/segm_mAP_50: 0.8900  coco/segm_mAP_75: 0.6710  coco/segm_mAP_s: 0.0000  coco/segm_mAP_m: 0.7200  coco/segm_mAP_l: 0.5650  data_time: 0.0061  time: 0.0436
2026/08/08 23:20:55 - mmengine - INFO - Epoch(train)  [96][10/68]  base_lr: 9.0054e-06 lr: 9.0054e-06  eta: 0:02:01  time: 0.3782  data_time: 0.1467  memory: 601  grad_norm: 9.2778  loss: 0.3269  loss_cls: 0.0711  loss_bbox: 0.1749  loss_mask: 0.0808
2026/08/08 23:20:59 - mmengine - INFO - Epoch(train)  [96][20/68]  base_lr: 8.8426e-06 lr: 8.8426e-06  eta: 0:01:58  time: 0.3772  data_time: 0.1457  memory: 602  grad_norm: 9.4380  loss: 0.3379  loss_cls: 0.0760  loss_bbox: 0.1797  loss_mask: 0.0821
2026/08/08 23:21:03 - mmengine - INFO - Epoch(train)  [96][30/68]  base_lr: 8.6847e-06 lr: 8.6847e-06  eta: 0:01:54  time: 0.3759  data_time: 0.1440  memory: 602  grad_norm: 9.4015  loss: 0.3442  loss_cls: 0.0806  loss_bbox: 0.1804  loss_mask: 0.0832
2026/08/08 23:21:06 - mmengine - INFO - Epoch(train)  [96][40/68]  base_lr: 8.5316e-06 lr: 8.5316e-06  eta: 0:01:50  time: 0.3737  data_time: 0.1427  memory: 601  grad_norm: 9.7347  loss: 0.3566  loss_cls: 0.0851  loss_bbox: 0.1864  loss_mask: 0.0851
2026/08/08 23:21:10 - mmengine - INFO - Epoch(train)  [96][50/68]  base_lr: 8.3835e-06 lr: 8.3835e-06  eta: 0:01:47  time: 0.3795  data_time: 0.1469  memory: 600  grad_norm: 9.7545  loss: 0.3653  loss_cls: 0.0871  loss_bbox: 0.1913  loss_mask: 0.0869
2026/08/08 23:21:14 - mmengine - INFO - Epoch(train)  [96][60/68]  base_lr: 8.2402e-06 lr: 8.2402e-06  eta: 0:01:43  time: 0.3732  data_time: 0.1421  memory: 600  grad_norm: 9.7011  loss: 0.3589  loss_cls: 0.0867  loss_bbox: 0.1868  loss_mask: 0.0855
2026/08/08 23:21:17 - mmengine - INFO - Exp name: rtmdet_ins_busi_20260808_222414
2026/08/08 23:21:17 - mmengine - INFO - Saving checkpoint at 96 epochs
2026/08/08 23:21:19 - mmengine - INFO - Epoch(val)  [96][ 10/116]    eta: 0:00:04  time: 0.0449  data_time: 0.0063  memory: 602  
2026/08/08 23:21:20 - mmengine - INFO - Epoch(val)  [96][ 20/116]    eta: 0:00:04  time: 0.0443  data_time: 0.0062  memory: 118  
2026/08/08 23:21:20 - mmengine - INFO - Epoch(val)  [96][ 30/116]    eta: 0:00:03  time: 0.0428  data_time: 0.0058  memory: 110  
2026/08/08 23:21:20 - mmengine - INFO - Epoch(val)  [96][ 40/116]    eta: 0:00:03  time: 0.0423  data_time: 0.0058  memory: 116  
2026/08/08 23:21:21 - mmengine - INFO - Epoch(val)  [96][ 50/116]    eta: 0:00:02  time: 0.0423  data_time: 0.0059  memory: 164  
2026/08/08 23:21:21 - mmengine - INFO - Epoch(val)  [96][ 60/116]    eta: 0:00:02  time: 0.0422  data_time: 0.0060  memory: 112  
2026/08/08 23:21:22 - mmengine - INFO - Epoch(val)  [96][ 70/116]    eta: 0:00:01  time: 0.0428  data_time: 0.0060  memory: 118  
2026/08/08 23:21:22 - mmengine - INFO - Epoch(val)  [96][ 80/116]    eta: 0:00:01  time: 0.0438  data_time: 0.0061  memory: 115  
2026/08/08 23:21:23 - mmengine - INFO - Epoch(val)  [96][ 90/116]    eta: 0:00:01  time: 0.0457  data_time: 0.0065  memory: 139  
2026/08/08 23:21:23 - mmengine - INFO - Epoch(val)  [96][100/116]    eta: 0:00:00  time: 0.0452  data_time: 0.0064  memory: 131  
2026/08/08 23:21:24 - mmengine - INFO - Epoch(val)  [96][110/116]    eta: 0:00:00  time: 0.0443  data_time: 0.0062  memory: 104  
2026/08/08 23:21:24 - mmengine - INFO - Evaluating bbox...
2026/08/08 23:21:24 - mmengine - INFO - bbox_mAP_copypaste: 0.615 0.887 0.709 0.000 0.725 0.567
2026/08/08 23:21:24 - mmengine - INFO - Evaluating segm...
2026/08/08 23:21:24 - mmengine - INFO - segm_mAP_copypaste: 0.612 0.889 0.682 0.000 0.715 0.566
2026/08/08 23:21:26 - mmengine - INFO - val kayip: val_kayip_cls 0.2835  val_kayip_bbox 0.2524  val_kayip_mask 0.1288  val_kayip 0.6647
2026/08/08 23:21:26 - mmengine - INFO - Epoch(val) [96][116/116]    busi/dice_tum: 0.8291  busi/dice_lezyonlu: 0.8039  busi/bos_dogru: 19  busi/esik: 0.3000  val_kayip_cls: 0.2835  val_kayip_bbox: 0.2524  val_kayip_mask: 0.1288  val_kayip: 0.6647  coco/bbox_mAP: 0.6150  coco/bbox_mAP_50: 0.8870  coco/bbox_mAP_75: 0.7090  coco/bbox_mAP_s: 0.0000  coco/bbox_mAP_m: 0.7250  coco/bbox_mAP_l: 0.5670  coco/segm_mAP: 0.6120  coco/segm_mAP_50: 0.8890  coco/segm_mAP_75: 0.6820  coco/segm_mAP_s: 0.0000  coco/segm_mAP_m: 0.7150  coco/segm_mAP_l: 0.5660  data_time: 0.0062  time: 0.0440
2026/08/08 23:21:30 - mmengine - INFO - Epoch(train)  [97][10/68]  base_lr: 7.9946e-06 lr: 7.9946e-06  eta: 0:01:36  time: 0.3672  data_time: 0.1368  memory: 602  grad_norm: 9.5840  loss: 0.3551  loss_cls: 0.0805  loss_bbox: 0.1878  loss_mask: 0.0867
2026/08/08 23:21:34 - mmengine - INFO - Epoch(train)  [97][20/68]  base_lr: 7.8650e-06 lr: 7.8650e-06  eta: 0:01:33  time: 0.3706  data_time: 0.1386  memory: 602  grad_norm: 9.5842  loss: 0.3433  loss_cls: 0.0768  loss_bbox: 0.1819  loss_mask: 0.0846
2026/08/08 23:21:37 - mmengine - INFO - Epoch(train)  [97][30/68]  base_lr: 7.7404e-06 lr: 7.7404e-06  eta: 0:01:29  time: 0.3691  data_time: 0.1382  memory: 602  grad_norm: 9.3487  loss: 0.3363  loss_cls: 0.0726  loss_bbox: 0.1788  loss_mask: 0.0849
2026/08/08 23:21:41 - mmengine - INFO - Epoch(train)  [97][40/68]  base_lr: 7.6207e-06 lr: 7.6207e-06  eta: 0:01:25  time: 0.3726  data_time: 0.1420  memory: 602  grad_norm: 9.4065  loss: 0.3433  loss_cls: 0.0748  loss_bbox: 0.1845  loss_mask: 0.0839
2026/08/08 23:21:45 - mmengine - INFO - Epoch(train)  [97][50/68]  base_lr: 7.5060e-06 lr: 7.5060e-06  eta: 0:01:22  time: 0.3703  data_time: 0.1401  memory: 602  grad_norm: 9.4748  loss: 0.3465  loss_cls: 0.0785  loss_bbox: 0.1827  loss_mask: 0.0852
2026/08/08 23:21:48 - mmengine - INFO - Epoch(train)  [97][60/68]  base_lr: 7.3962e-06 lr: 7.3962e-06  eta: 0:01:18  time: 0.3716  data_time: 0.1419  memory: 602  grad_norm: 9.7693  loss: 0.3490  loss_cls: 0.0771  loss_bbox: 0.1858  loss_mask: 0.0861
2026/08/08 23:21:51 - mmengine - INFO - Exp name: rtmdet_ins_busi_20260808_222414
2026/08/08 23:21:51 - mmengine - INFO - Saving checkpoint at 97 epochs
2026/08/08 23:21:54 - mmengine - INFO - Epoch(val)  [97][ 10/116]    eta: 0:00:04  time: 0.0457  data_time: 0.0065  memory: 605  
2026/08/08 23:21:54 - mmengine - INFO - Epoch(val)  [97][ 20/116]    eta: 0:00:04  time: 0.0451  data_time: 0.0064  memory: 118  
2026/08/08 23:21:55 - mmengine - INFO - Epoch(val)  [97][ 30/116]    eta: 0:00:03  time: 0.0434  data_time: 0.0059  memory: 110  
2026/08/08 23:21:55 - mmengine - INFO - Epoch(val)  [97][ 40/116]    eta: 0:00:03  time: 0.0430  data_time: 0.0058  memory: 116  
2026/08/08 23:21:55 - mmengine - INFO - Epoch(val)  [97][ 50/116]    eta: 0:00:02  time: 0.0427  data_time: 0.0058  memory: 164  
2026/08/08 23:21:56 - mmengine - INFO - Epoch(val)  [97][ 60/116]    eta: 0:00:02  time: 0.0427  data_time: 0.0060  memory: 112  
2026/08/08 23:21:56 - mmengine - INFO - Epoch(val)  [97][ 70/116]    eta: 0:00:01  time: 0.0425  data_time: 0.0060  memory: 114  
2026/08/08 23:21:57 - mmengine - INFO - Epoch(val)  [97][ 80/116]    eta: 0:00:01  time: 0.0433  data_time: 0.0061  memory: 121  
2026/08/08 23:21:57 - mmengine - INFO - Epoch(val)  [97][ 90/116]    eta: 0:00:01  time: 0.0448  data_time: 0.0064  memory: 139  
2026/08/08 23:21:58 - mmengine - INFO - Epoch(val)  [97][100/116]    eta: 0:00:00  time: 0.0442  data_time: 0.0062  memory: 131  
2026/08/08 23:21:58 - mmengine - INFO - Epoch(val)  [97][110/116]    eta: 0:00:00  time: 0.0433  data_time: 0.0060  memory: 104  
2026/08/08 23:21:58 - mmengine - INFO - Evaluating bbox...
2026/08/08 23:21:58 - mmengine - INFO - bbox_mAP_copypaste: 0.612 0.887 0.722 0.000 0.714 0.567
2026/08/08 23:21:58 - mmengine - INFO - Evaluating segm...
2026/08/08 23:21:59 - mmengine - INFO - segm_mAP_copypaste: 0.606 0.891 0.639 0.000 0.717 0.558
2026/08/08 23:22:01 - mmengine - INFO - val kayip: val_kayip_cls 0.2791  val_kayip_bbox 0.2528  val_kayip_mask 0.1288  val_kayip 0.6607
2026/08/08 23:22:01 - mmengine - INFO - Epoch(val) [97][116/116]    busi/dice_tum: 0.8285  busi/dice_lezyonlu: 0.8032  busi/bos_dogru: 19  busi/esik: 0.3000  val_kayip_cls: 0.2791  val_kayip_bbox: 0.2528  val_kayip_mask: 0.1288  val_kayip: 0.6607  coco/bbox_mAP: 0.6120  coco/bbox_mAP_50: 0.8870  coco/bbox_mAP_75: 0.7220  coco/bbox_mAP_s: 0.0000  coco/bbox_mAP_m: 0.7140  coco/bbox_mAP_l: 0.5670  coco/segm_mAP: 0.6060  coco/segm_mAP_50: 0.8910  coco/segm_mAP_75: 0.6390  coco/segm_mAP_s: 0.0000  coco/segm_mAP_m: 0.7170  coco/segm_mAP_l: 0.5580  data_time: 0.0061  time: 0.0432
2026/08/08 23:22:05 - mmengine - INFO - Epoch(train)  [98][10/68]  base_lr: 7.2112e-06 lr: 7.2112e-06  eta: 0:01:11  time: 0.3697  data_time: 0.1400  memory: 602  grad_norm: 9.5268  loss: 0.3551  loss_cls: 0.0778  loss_bbox: 0.1894  loss_mask: 0.0879
2026/08/08 23:22:09 - mmengine - INFO - Epoch(train)  [98][20/68]  base_lr: 7.1154e-06 lr: 7.1154e-06  eta: 0:01:08  time: 0.3727  data_time: 0.1406  memory: 601  grad_norm: 9.9875  loss: 0.3496  loss_cls: 0.0749  loss_bbox: 0.1854  loss_mask: 0.0893
2026/08/08 23:22:12 - mmengine - INFO - Epoch(train)  [98][30/68]  base_lr: 7.0245e-06 lr: 7.0245e-06  eta: 0:01:04  time: 0.3795  data_time: 0.1462  memory: 602  grad_norm: 9.7204  loss: 0.3519  loss_cls: 0.0752  loss_bbox: 0.1849  loss_mask: 0.0918
2026/08/08 23:22:16 - mmengine - INFO - Epoch(train)  [98][40/68]  base_lr: 6.9387e-06 lr: 6.9387e-06  eta: 0:01:00  time: 0.3867  data_time: 0.1516  memory: 603  grad_norm: 9.7381  loss: 0.3519  loss_cls: 0.0761  loss_bbox: 0.1862  loss_mask: 0.0897
2026/08/08 23:22:20 - mmengine - INFO - Epoch(train)  [98][50/68]  base_lr: 6.8579e-06 lr: 6.8579e-06  eta: 0:00:56  time: 0.3905  data_time: 0.1540  memory: 600  grad_norm: 9.7969  loss: 0.3496  loss_cls: 0.0771  loss_bbox: 0.1849  loss_mask: 0.0876
2026/08/08 23:22:24 - mmengine - INFO - Epoch(train)  [98][60/68]  base_lr: 6.7821e-06 lr: 6.7821e-06  eta: 0:00:53  time: 0.3870  data_time: 0.1495  memory: 602  grad_norm: 10.0648  loss: 0.3465  loss_cls: 0.0783  loss_bbox: 0.1828  loss_mask: 0.0854
2026/08/08 23:22:27 - mmengine - INFO - Exp name: rtmdet_ins_busi_20260808_222414
2026/08/08 23:22:27 - mmengine - INFO - Saving checkpoint at 98 epochs
2026/08/08 23:22:29 - mmengine - INFO - Epoch(val)  [98][ 10/116]    eta: 0:00:03  time: 0.0427  data_time: 0.0063  memory: 600  
2026/08/08 23:22:29 - mmengine - INFO - Epoch(val)  [98][ 20/116]    eta: 0:00:03  time: 0.0408  data_time: 0.0064  memory: 118  
2026/08/08 23:22:30 - mmengine - INFO - Epoch(val)  [98][ 30/116]    eta: 0:00:03  time: 0.0383  data_time: 0.0062  memory: 110  
2026/08/08 23:22:30 - mmengine - INFO - Epoch(val)  [98][ 40/116]    eta: 0:00:02  time: 0.0371  data_time: 0.0058  memory: 116  
2026/08/08 23:22:30 - mmengine - INFO - Epoch(val)  [98][ 50/116]    eta: 0:00:02  time: 0.0372  data_time: 0.0058  memory: 158  
2026/08/08 23:22:31 - mmengine - INFO - Epoch(val)  [98][ 60/116]    eta: 0:00:02  time: 0.0382  data_time: 0.0059  memory: 116  
2026/08/08 23:22:31 - mmengine - INFO - Epoch(val)  [98][ 70/116]    eta: 0:00:01  time: 0.0383  data_time: 0.0056  memory: 114  
2026/08/08 23:22:32 - mmengine - INFO - Epoch(val)  [98][ 80/116]    eta: 0:00:01  time: 0.0389  data_time: 0.0053  memory: 127  
2026/08/08 23:22:32 - mmengine - INFO - Epoch(val)  [98][ 90/116]    eta: 0:00:00  time: 0.0403  data_time: 0.0059  memory: 139  
2026/08/08 23:22:32 - mmengine - INFO - Epoch(val)  [98][100/116]    eta: 0:00:00  time: 0.0391  data_time: 0.0056  memory: 131  
2026/08/08 23:22:33 - mmengine - INFO - Epoch(val)  [98][110/116]    eta: 0:00:00  time: 0.0382  data_time: 0.0054  memory: 103  
2026/08/08 23:22:33 - mmengine - INFO - Evaluating bbox...
2026/08/08 23:22:33 - mmengine - INFO - bbox_mAP_copypaste: 0.617 0.886 0.725 0.000 0.726 0.569
2026/08/08 23:22:33 - mmengine - INFO - Evaluating segm...
2026/08/08 23:22:33 - mmengine - INFO - segm_mAP_copypaste: 0.613 0.891 0.672 0.000 0.720 0.565
2026/08/08 23:22:35 - mmengine - INFO - val kayip: val_kayip_cls 0.2763  val_kayip_bbox 0.2517  val_kayip_mask 0.1288  val_kayip 0.6568
2026/08/08 23:22:35 - mmengine - INFO - Epoch(val) [98][116/116]    busi/dice_tum: 0.8297  busi/dice_lezyonlu: 0.8047  busi/bos_dogru: 19  busi/esik: 0.3000  val_kayip_cls: 0.2763  val_kayip_bbox: 0.2517  val_kayip_mask: 0.1288  val_kayip: 0.6568  coco/bbox_mAP: 0.6170  coco/bbox_mAP_50: 0.8860  coco/bbox_mAP_75: 0.7250  coco/bbox_mAP_s: 0.0000  coco/bbox_mAP_m: 0.7260  coco/bbox_mAP_l: 0.5690  coco/segm_mAP: 0.6130  coco/segm_mAP_50: 0.8910  coco/segm_mAP_75: 0.6720  coco/segm_mAP_s: 0.0000  coco/segm_mAP_m: 0.7200  coco/segm_mAP_l: 0.5650  data_time: 0.0057  time: 0.0379
2026/08/08 23:22:39 - mmengine - INFO - Epoch(train)  [99][10/68]  base_lr: 6.6583e-06 lr: 6.6583e-06  eta: 0:00:46  time: 0.3715  data_time: 0.1373  memory: 603  grad_norm: 9.7448  loss: 0.3470  loss_cls: 0.0800  loss_bbox: 0.1832  loss_mask: 0.0838
2026/08/08 23:22:42 - mmengine - INFO - Epoch(train)  [99][20/68]  base_lr: 6.5966e-06 lr: 6.5966e-06  eta: 0:00:42  time: 0.3599  data_time: 0.1302  memory: 603  grad_norm: 9.2568  loss: 0.3373  loss_cls: 0.0775  loss_bbox: 0.1785  loss_mask: 0.0814
2026/08/08 23:22:46 - mmengine - INFO - Epoch(train)  [99][30/68]  base_lr: 6.5400e-06 lr: 6.5400e-06  eta: 0:00:39  time: 0.3551  data_time: 0.1282  memory: 602  grad_norm: 9.0046  loss: 0.3394  loss_cls: 0.0786  loss_bbox: 0.1774  loss_mask: 0.0834
2026/08/08 23:22:49 - mmengine - INFO - Epoch(train)  [99][40/68]  base_lr: 6.4883e-06 lr: 6.4883e-06  eta: 0:00:35  time: 0.3531  data_time: 0.1277  memory: 601  grad_norm: 9.0191  loss: 0.3449  loss_cls: 0.0818  loss_bbox: 0.1795  loss_mask: 0.0836
2026/08/08 23:22:52 - mmengine - INFO - Epoch(train)  [99][50/68]  base_lr: 6.4417e-06 lr: 6.4417e-06  eta: 0:00:31  time: 0.3494  data_time: 0.1269  memory: 601  grad_norm: 9.2765  loss: 0.3462  loss_cls: 0.0778  loss_bbox: 0.1836  loss_mask: 0.0848
2026/08/08 23:22:56 - mmengine - INFO - Epoch(train)  [99][60/68]  base_lr: 6.4002e-06 lr: 6.4002e-06  eta: 0:00:28  time: 0.3472  data_time: 0.1262  memory: 601  grad_norm: 8.8774  loss: 0.3458  loss_cls: 0.0747  loss_bbox: 0.1849  loss_mask: 0.0862
2026/08/08 23:22:59 - mmengine - INFO - Exp name: rtmdet_ins_busi_20260808_222414
2026/08/08 23:22:59 - mmengine - INFO - Saving checkpoint at 99 epochs
2026/08/08 23:23:01 - mmengine - INFO - Epoch(val)  [99][ 10/116]    eta: 0:00:03  time: 0.0383  data_time: 0.0058  memory: 600  
2026/08/08 23:23:01 - mmengine - INFO - Epoch(val)  [99][ 20/116]    eta: 0:00:03  time: 0.0369  data_time: 0.0055  memory: 118  
2026/08/08 23:23:02 - mmengine - INFO - Epoch(val)  [99][ 30/116]    eta: 0:00:03  time: 0.0358  data_time: 0.0048  memory: 110  
2026/08/08 23:23:02 - mmengine - INFO - Epoch(val)  [99][ 40/116]    eta: 0:00:02  time: 0.0361  data_time: 0.0046  memory: 111  
2026/08/08 23:23:03 - mmengine - INFO - Epoch(val)  [99][ 50/116]    eta: 0:00:02  time: 0.0369  data_time: 0.0048  memory: 170  
2026/08/08 23:23:03 - mmengine - INFO - Epoch(val)  [99][ 60/116]    eta: 0:00:02  time: 0.0372  data_time: 0.0049  memory: 120  
2026/08/08 23:23:03 - mmengine - INFO - Epoch(val)  [99][ 70/116]    eta: 0:00:01  time: 0.0374  data_time: 0.0050  memory: 118  
2026/08/08 23:23:04 - mmengine - INFO - Epoch(val)  [99][ 80/116]    eta: 0:00:01  time: 0.0378  data_time: 0.0055  memory: 127  
2026/08/08 23:23:04 - mmengine - INFO - Epoch(val)  [99][ 90/116]    eta: 0:00:00  time: 0.0385  data_time: 0.0062  memory: 139  
2026/08/08 23:23:04 - mmengine - INFO - Epoch(val)  [99][100/116]    eta: 0:00:00  time: 0.0374  data_time: 0.0057  memory: 131  
2026/08/08 23:23:05 - mmengine - INFO - Epoch(val)  [99][110/116]    eta: 0:00:00  time: 0.0378  data_time: 0.0058  memory: 104  
2026/08/08 23:23:05 - mmengine - INFO - Evaluating bbox...
2026/08/08 23:23:05 - mmengine - INFO - bbox_mAP_copypaste: 0.619 0.885 0.721 0.000 0.729 0.569
2026/08/08 23:23:05 - mmengine - INFO - Evaluating segm...
2026/08/08 23:23:05 - mmengine - INFO - segm_mAP_copypaste: 0.615 0.891 0.704 0.000 0.720 0.567
2026/08/08 23:23:07 - mmengine - INFO - val kayip: val_kayip_cls 0.2791  val_kayip_bbox 0.2504  val_kayip_mask 0.1289  val_kayip 0.6584
2026/08/08 23:23:07 - mmengine - INFO - Epoch(val) [99][116/116]    busi/dice_tum: 0.8302  busi/dice_lezyonlu: 0.8053  busi/bos_dogru: 19  busi/esik: 0.3000  val_kayip_cls: 0.2791  val_kayip_bbox: 0.2504  val_kayip_mask: 0.1289  val_kayip: 0.6584  coco/bbox_mAP: 0.6190  coco/bbox_mAP_50: 0.8850  coco/bbox_mAP_75: 0.7210  coco/bbox_mAP_s: 0.0000  coco/bbox_mAP_m: 0.7290  coco/bbox_mAP_l: 0.5690  coco/segm_mAP: 0.6150  coco/segm_mAP_50: 0.8910  coco/segm_mAP_75: 0.7040  coco/segm_mAP_s: 0.0000  coco/segm_mAP_m: 0.7200  coco/segm_mAP_l: 0.5670  data_time: 0.0053  time: 0.0373
2026/08/08 23:23:11 - mmengine - INFO - Epoch(train) [100][10/68]  base_lr: 6.3382e-06 lr: 6.3382e-06  eta: 0:00:21  time: 0.3487  data_time: 0.1265  memory: 602  grad_norm: 9.6105  loss: 0.3506  loss_cls: 0.0748  loss_bbox: 0.1900  loss_mask: 0.0857
2026/08/08 23:23:14 - mmengine - INFO - Epoch(train) [100][20/68]  base_lr: 6.3108e-06 lr: 6.3108e-06  eta: 0:00:17  time: 0.3459  data_time: 0.1244  memory: 603  grad_norm: 9.6172  loss: 0.3584  loss_cls: 0.0794  loss_bbox: 0.1918  loss_mask: 0.0872
2026/08/08 23:23:17 - mmengine - INFO - Epoch(train) [100][30/68]  base_lr: 6.2885e-06 lr: 6.2885e-06  eta: 0:00:14  time: 0.3472  data_time: 0.1264  memory: 603  grad_norm: 9.6926  loss: 0.3558  loss_cls: 0.0792  loss_bbox: 0.1895  loss_mask: 0.0871
2026/08/08 23:23:21 - mmengine - INFO - Epoch(train) [100][40/68]  base_lr: 6.2713e-06 lr: 6.2713e-06  eta: 0:00:10  time: 0.3506  data_time: 0.1300  memory: 601  grad_norm: 9.8038  loss: 0.3567  loss_cls: 0.0796  loss_bbox: 0.1914  loss_mask: 0.0857
2026/08/08 23:23:25 - mmengine - INFO - Epoch(train) [100][50/68]  base_lr: 6.2591e-06 lr: 6.2591e-06  eta: 0:00:06  time: 0.3506  data_time: 0.1319  memory: 600  grad_norm: 9.6623  loss: 0.3528  loss_cls: 0.0806  loss_bbox: 0.1868  loss_mask: 0.0855
2026/08/08 23:23:28 - mmengine - INFO - Epoch(train) [100][60/68]  base_lr: 6.2521e-06 lr: 6.2521e-06  eta: 0:00:02  time: 0.3435  data_time: 0.1274  memory: 603  grad_norm: 9.5245  loss: 0.3510  loss_cls: 0.0787  loss_bbox: 0.1865  loss_mask: 0.0857
2026/08/08 23:23:30 - mmengine - INFO - Exp name: rtmdet_ins_busi_20260808_222414
2026/08/08 23:23:30 - mmengine - INFO - Saving checkpoint at 100 epochs
2026/08/08 23:23:33 - mmengine - INFO - Epoch(val) [100][ 10/116]    eta: 0:00:03  time: 0.0379  data_time: 0.0059  memory: 601  
2026/08/08 23:23:33 - mmengine - INFO - Epoch(val) [100][ 20/116]    eta: 0:00:03  time: 0.0375  data_time: 0.0053  memory: 118  
2026/08/08 23:23:33 - mmengine - INFO - Epoch(val) [100][ 30/116]    eta: 0:00:03  time: 0.0361  data_time: 0.0051  memory: 110  
2026/08/08 23:23:34 - mmengine - INFO - Epoch(val) [100][ 40/116]    eta: 0:00:02  time: 0.0351  data_time: 0.0047  memory: 107  
2026/08/08 23:23:34 - mmengine - INFO - Epoch(val) [100][ 50/116]    eta: 0:00:02  time: 0.0360  data_time: 0.0048  memory: 158  
2026/08/08 23:23:34 - mmengine - INFO - Epoch(val) [100][ 60/116]    eta: 0:00:02  time: 0.0368  data_time: 0.0049  memory: 112  
2026/08/08 23:23:35 - mmengine - INFO - Epoch(val) [100][ 70/116]    eta: 0:00:01  time: 0.0363  data_time: 0.0051  memory: 114  
2026/08/08 23:23:35 - mmengine - INFO - Epoch(val) [100][ 80/116]    eta: 0:00:01  time: 0.0374  data_time: 0.0053  memory: 124  
2026/08/08 23:23:36 - mmengine - INFO - Epoch(val) [100][ 90/116]    eta: 0:00:00  time: 0.0387  data_time: 0.0054  memory: 139  
2026/08/08 23:23:36 - mmengine - INFO - Epoch(val) [100][100/116]    eta: 0:00:00  time: 0.0385  data_time: 0.0052  memory: 131  
2026/08/08 23:23:36 - mmengine - INFO - Epoch(val) [100][110/116]    eta: 0:00:00  time: 0.0382  data_time: 0.0048  memory: 104  
2026/08/08 23:23:37 - mmengine - INFO - Evaluating bbox...
2026/08/08 23:23:37 - mmengine - INFO - bbox_mAP_copypaste: 0.617 0.888 0.718 0.000 0.726 0.567
2026/08/08 23:23:37 - mmengine - INFO - Evaluating segm...
2026/08/08 23:23:37 - mmengine - INFO - segm_mAP_copypaste: 0.609 0.890 0.661 0.000 0.722 0.559
2026/08/08 23:23:39 - mmengine - INFO - val kayip: val_kayip_cls 0.2904  val_kayip_bbox 0.2505  val_kayip_mask 0.1286  val_kayip 0.6695
2026/08/08 23:23:39 - mmengine - INFO - Epoch(val) [100][116/116]    busi/dice_tum: 0.8297  busi/dice_lezyonlu: 0.8046  busi/bos_dogru: 19  busi/esik: 0.3000  val_kayip_cls: 0.2904  val_kayip_bbox: 0.2505  val_kayip_mask: 0.1286  val_kayip: 0.6695  coco/bbox_mAP: 0.6170  coco/bbox_mAP_50: 0.8880  coco/bbox_mAP_75: 0.7180  coco/bbox_mAP_s: 0.0000  coco/bbox_mAP_m: 0.7260  coco/bbox_mAP_l: 0.5670  coco/segm_mAP: 0.6090  coco/segm_mAP_50: 0.8900  coco/segm_mAP_75: 0.6610  coco/segm_mAP_s: 0.0000  coco/segm_mAP_m: 0.7220  coco/segm_mAP_l: 0.5590  data_time: 0.0048  time: 0.0373
