2026/08/06 23:40:41 - mmengine - INFO - 
------------------------------------------------------------
System environment:
    sys.platform: win32
    Python: 3.10.0 (tags/v3.10.0:b494f59, Oct  4 2021, 19:00:18) [MSC v.1929 64 bit (AMD64)]
    CUDA available: True
    MUSA available: False
    numpy_random_seed: 42
    GPU 0: NVIDIA GeForce RTX 2060
    CUDA_HOME: C:\Program Files\NVIDIA GPU Computing Toolkit\CUDA\v12.8
    NVCC: Cuda compilation tools, release 12.8, V12.8.93
    GCC: n/a
    PyTorch: 2.6.0+cu124
    PyTorch compiling details: PyTorch built with:
  - C++ Version: 201703
  - MSVC 192930157
  - Intel(R) oneAPI Math Kernel Library Version 2025.0.1-Product Build 20241031 for Intel(R) 64 architecture applications
  - Intel(R) MKL-DNN v3.5.3 (Git Hash 66f0cb9eb66affd2da3bf5f8d897376f04aae6af)
  - OpenMP 2019
  - LAPACK is enabled (usually provided by MKL)
  - CPU capability usage: AVX2
  - CUDA Runtime 12.4
  - NVCC architecture flags: -gencode;arch=compute_50,code=sm_50;-gencode;arch=compute_60,code=sm_60;-gencode;arch=compute_61,code=sm_61;-gencode;arch=compute_70,code=sm_70;-gencode;arch=compute_75,code=sm_75;-gencode;arch=compute_80,code=sm_80;-gencode;arch=compute_86,code=sm_86;-gencode;arch=compute_90,code=sm_90
  - CuDNN 90.1
  - Magma 2.5.4
  - Build settings: BLAS_INFO=mkl, BUILD_TYPE=Release, COMMIT_SHA=2236df1770800ffea5697b11b0bb0d910b2e59e1, CUDA_VERSION=12.4, CUDNN_VERSION=9.1.0, CXX_COMPILER=C:/actions-runner/_work/pytorch/pytorch/pytorch/.ci/pytorch/windows/tmp_bin/sccache-cl.exe, CXX_FLAGS=/DWIN32 /D_WINDOWS /GR /EHsc /Zc:__cplusplus /bigobj /FS /utf-8 -DUSE_PTHREADPOOL -DNDEBUG -DUSE_KINETO -DLIBKINETO_NOCUPTI -DLIBKINETO_NOROCTRACER -DLIBKINETO_NOXPUPTI=ON -DUSE_FBGEMM -DUSE_XNNPACK -DSYMBOLICATE_MOBILE_DEBUG_HANDLE /wd4624 /wd4068 /wd4067 /wd4267 /wd4661 /wd4717 /wd4244 /wd4804 /wd4273, LAPACK_INFO=mkl, PERF_WITH_AVX=1, PERF_WITH_AVX2=1, TORCH_VERSION=2.6.0, USE_CUDA=ON, USE_CUDNN=ON, USE_CUSPARSELT=OFF, USE_EXCEPTION_PTR=1, USE_GFLAGS=OFF, USE_GLOG=OFF, USE_GLOO=ON, USE_MKL=ON, USE_MKLDNN=ON, USE_MPI=OFF, USE_NCCL=OFF, USE_NNPACK=OFF, USE_OPENMP=ON, USE_ROCM=OFF, USE_ROCM_KERNEL_ASSERT=OFF, 

    TorchVision: 0.21.0+cu124
    OpenCV: 5.0.0
    MMEngine: 0.10.7

Runtime environment:
    cudnn_benchmark: False
    mp_cfg: {'mp_start_method': 'fork', 'opencv_num_threads': 0}
    dist_cfg: {'backend': 'nccl'}
    seed: 42
    deterministic: False
    Distributed launcher: none
    Distributed training: False
    GPU number: 1
------------------------------------------------------------

2026/08/06 23:40:42 - mmengine - INFO - Config:
ALBU = [
    dict(p=0.5, type='HorizontalFlip'),
    dict(
        p=0.7,
        rotate=(
            -15,
            15,
        ),
        scale=(
            0.85,
            1.15,
        ),
        translate_percent=(
            -0.1,
            0.1,
        ),
        type='Affine'),
    dict(alpha=30, p=0.25, sigma=6, type='ElasticTransform'),
    dict(
        brightness_limit=0.2,
        contrast_limit=0.2,
        p=0.5,
        type='RandomBrightnessContrast'),
    dict(gamma_limit=(
        80,
        120,
    ), p=0.3, type='RandomGamma'),
    dict(
        elementwise=True,
        multiplier=(
            0.85,
            1.15,
        ),
        p=0.3,
        type='MultiplicativeNoise'),
    dict(blur_limit=7, p=0.2, type='MotionBlur'),
]
ANN = 'd:/mamografi/real_time_segmentasyon/veri/coco'
AUG_SEVIYE = 'orta'
BATCH = 8
GIRDI = 256
KOK = 'd:/mamografi/real_time_segmentasyon'
MAX_EPOCH = 100
TOHUM = 42
albu_sarmalayici = dict(
    bbox_params=dict(
        filter_lost_elements=True,
        format='pascal_voc',
        label_fields=[
            'gt_bboxes_labels',
        ],
        min_visibility=0.0,
        type='BboxParams'),
    keymap=dict(gt_bboxes='bboxes', gt_masks='masks', img='image'),
    transforms=[
        dict(p=0.5, type='HorizontalFlip'),
        dict(
            p=0.7,
            rotate=(
                -15,
                15,
            ),
            scale=(
                0.85,
                1.15,
            ),
            translate_percent=(
                -0.1,
                0.1,
            ),
            type='Affine'),
        dict(alpha=30, p=0.25, sigma=6, type='ElasticTransform'),
        dict(
            brightness_limit=0.2,
            contrast_limit=0.2,
            p=0.5,
            type='RandomBrightnessContrast'),
        dict(gamma_limit=(
            80,
            120,
        ), p=0.3, type='RandomGamma'),
        dict(
            elementwise=True,
            multiplier=(
                0.85,
                1.15,
            ),
            p=0.3,
            type='MultiplicativeNoise'),
        dict(blur_limit=7, p=0.2, type='MotionBlur'),
    ],
    type='AlbuBosGuvenli')
auto_scale_lr = dict(base_batch_size=16, enable=False)
backend_args = None
base_lr = 0.000125
checkpoint = 'https://download.openmmlab.com/mmdetection/v3.0/rtmdet/cspnext_rsb_pretrain/cspnext-tiny_imagenet_600e.pth'
custom_hooks = [
    dict(
        ema_type='ExpMomentumEMA',
        momentum=0.0002,
        priority=49,
        type='EMAHook',
        update_buffers=True),
    dict(
        dataloader=dict(
            batch_size=8,
            dataset=dict(
                ann_file=
                'd:/mamografi/real_time_segmentasyon/veri/coco/busi_val.json',
                data_prefix=dict(img=''),
                data_root=
                'd:/mamografi/real_time_segmentasyon/Dataset_BUSI_with_GT/',
                filter_cfg=dict(filter_empty_gt=False, min_size=0),
                metainfo=dict(
                    classes=('lezyon', ), palette=[
                        (
                            220,
                            20,
                            60,
                        ),
                    ]),
                pipeline=[
                    dict(backend_args=None, type='LoadImageFromFile'),
                    dict(
                        poly2mask=True,
                        type='LoadAnnotations',
                        with_bbox=True,
                        with_mask=True),
                    dict(keep_ratio=True, scale=(
                        256,
                        256,
                    ), type='Resize'),
                    dict(
                        pad_val=dict(img=(
                            114,
                            114,
                            114,
                        ), masks=0),
                        size=(
                            256,
                            256,
                        ),
                        type='Pad'),
                    dict(type='PackDetInputs'),
                ],
                type='CocoDataset'),
            drop_last=False,
            num_workers=0,
            persistent_workers=False,
            sampler=dict(shuffle=False, type='DefaultSampler')),
        type='ValLossHook'),
]
custom_imports = dict(
    allow_failed_imports=False,
    imports=[
        'ozel_transformlar',
        'ozel_metrikler',
    ])
data_root = 'd:/mamografi/real_time_segmentasyon/Dataset_BUSI_with_GT/'
dataset_type = 'CocoDataset'
default_hooks = dict(
    checkpoint=dict(
        _scope_='mmdet',
        interval=1,
        max_keep_ckpts=1,
        rule='greater',
        save_best='busi/dice_tum',
        type='CheckpointHook'),
    logger=dict(_scope_='mmdet', interval=10, type='LoggerHook'),
    param_scheduler=dict(_scope_='mmdet', type='ParamSchedulerHook'),
    sampler_seed=dict(_scope_='mmdet', type='DistSamplerSeedHook'),
    timer=dict(_scope_='mmdet', type='IterTimerHook'),
    visualization=dict(_scope_='mmdet', type='DetVisualizationHook'))
default_scope = 'mmdet'
env_cfg = dict(
    cudnn_benchmark=False,
    dist_cfg=dict(backend='nccl'),
    mp_cfg=dict(mp_start_method='fork', opencv_num_threads=0))
img_scales = [
    (
        640,
        640,
    ),
    (
        320,
        320,
    ),
    (
        960,
        960,
    ),
]
interval = 10
load_from = 'https://download.openmmlab.com/mmdetection/v3.0/rtmdet/rtmdet-ins_tiny_8xb32-300e_coco/rtmdet-ins_tiny_8xb32-300e_coco_20221130_151727-ec670f7e.pth'
log_level = 'INFO'
log_processor = dict(
    _scope_='mmdet', by_epoch=True, type='LogProcessor', window_size=50)
max_epochs = 300
metainfo = dict(
    classes=('lezyon', ), palette=[
        (
            220,
            20,
            60,
        ),
    ])
model = dict(
    _scope_='mmdet',
    backbone=dict(
        act_cfg=dict(inplace=True, type='SiLU'),
        arch='P5',
        channel_attention=True,
        deepen_factor=0.167,
        expand_ratio=0.5,
        init_cfg=dict(
            checkpoint=
            'https://download.openmmlab.com/mmdetection/v3.0/rtmdet/cspnext_rsb_pretrain/cspnext-tiny_imagenet_600e.pth',
            prefix='backbone.',
            type='Pretrained'),
        norm_cfg=dict(type='SyncBN'),
        type='CSPNeXt',
        widen_factor=0.375),
    bbox_head=dict(
        act_cfg=dict(inplace=True, type='SiLU'),
        anchor_generator=dict(
            offset=0, strides=[
                8,
                16,
                32,
            ], type='MlvlPointGenerator'),
        bbox_coder=dict(type='DistancePointBBoxCoder'),
        feat_channels=96,
        in_channels=96,
        loss_bbox=dict(loss_weight=2.0, type='GIoULoss'),
        loss_cls=dict(
            beta=2.0,
            loss_weight=1.0,
            type='QualityFocalLoss',
            use_sigmoid=True),
        loss_mask=dict(
            eps=5e-06, loss_weight=2.0, reduction='mean', type='DiceLoss'),
        norm_cfg=dict(requires_grad=True, type='SyncBN'),
        num_classes=1,
        pred_kernel_size=1,
        share_conv=True,
        stacked_convs=2,
        type='RTMDetInsSepBNHead'),
    data_preprocessor=dict(
        batch_augments=None,
        bgr_to_rgb=False,
        mean=[
            103.53,
            116.28,
            123.675,
        ],
        std=[
            57.375,
            57.12,
            58.395,
        ],
        type='DetDataPreprocessor'),
    neck=dict(
        act_cfg=dict(inplace=True, type='SiLU'),
        expand_ratio=0.5,
        in_channels=[
            96,
            192,
            384,
        ],
        norm_cfg=dict(type='SyncBN'),
        num_csp_blocks=1,
        out_channels=96,
        type='CSPNeXtPAFPN'),
    test_cfg=dict(
        mask_thr_binary=0.5,
        max_per_img=100,
        min_bbox_size=0,
        nms=dict(iou_threshold=0.6, type='nms'),
        nms_pre=1000,
        score_thr=0.05),
    train_cfg=dict(
        allowed_border=-1,
        assigner=dict(topk=13, type='DynamicSoftLabelAssigner'),
        debug=False,
        pos_weight=-1),
    type='RTMDet')
optim_wrapper = dict(
    _scope_='mmdet',
    clip_grad=dict(max_norm=1.0),
    optimizer=dict(lr=0.000125, type='AdamW', weight_decay=0.05),
    paramwise_cfg=dict(
        bias_decay_mult=0, bypass_duplicate=True, norm_decay_mult=0),
    type='OptimWrapper')
param_scheduler = [
    dict(
        begin=0, by_epoch=False, end=200, start_factor=0.001, type='LinearLR'),
    dict(
        T_max=50,
        begin=50,
        by_epoch=True,
        convert_to_iter_based=True,
        end=100,
        eta_min=6.25e-06,
        type='CosineAnnealingLR'),
]
randomness = dict(deterministic=False, seed=42)
resume = False
stage2_num_epochs = 20
test_cfg = dict(_scope_='mmdet', type='TestLoop')
test_dataloader = dict(
    batch_size=1,
    dataset=dict(
        _scope_='mmdet',
        ann_file='d:/mamografi/real_time_segmentasyon/veri/coco/busi_test.json',
        backend_args=None,
        data_prefix=dict(img=''),
        data_root='d:/mamografi/real_time_segmentasyon/Dataset_BUSI_with_GT/',
        metainfo=dict(classes=('lezyon', ), palette=[
            (
                220,
                20,
                60,
            ),
        ]),
        pipeline=[
            dict(backend_args=None, type='LoadImageFromFile'),
            dict(keep_ratio=True, scale=(
                256,
                256,
            ), type='Resize'),
            dict(
                pad_val=dict(img=(
                    114,
                    114,
                    114,
                ), masks=0),
                size=(
                    256,
                    256,
                ),
                type='Pad'),
            dict(
                poly2mask=True,
                type='LoadAnnotations',
                with_bbox=True,
                with_mask=True),
            dict(
                meta_keys=(
                    'img_id',
                    'img_path',
                    'ori_shape',
                    'img_shape',
                    'scale_factor',
                ),
                type='PackDetInputs'),
        ],
        test_mode=True,
        type='CocoDataset'),
    drop_last=False,
    num_workers=2,
    persistent_workers=True,
    sampler=dict(_scope_='mmdet', shuffle=False, type='DefaultSampler'))
test_evaluator = dict(
    _scope_='mmdet',
    ann_file='d:/mamografi/real_time_segmentasyon/veri/coco/busi_test.json',
    backend_args=None,
    format_only=False,
    metric=[
        'bbox',
        'segm',
    ],
    proposal_nums=(
        100,
        1,
        10,
    ),
    type='CocoMetricHizali')
test_pipeline = [
    dict(backend_args=None, type='LoadImageFromFile'),
    dict(keep_ratio=True, scale=(
        256,
        256,
    ), type='Resize'),
    dict(
        pad_val=dict(img=(
            114,
            114,
            114,
        ), masks=0),
        size=(
            256,
            256,
        ),
        type='Pad'),
    dict(
        poly2mask=True, type='LoadAnnotations', with_bbox=True,
        with_mask=True),
    dict(
        meta_keys=(
            'img_id',
            'img_path',
            'ori_shape',
            'img_shape',
            'scale_factor',
        ),
        type='PackDetInputs'),
]
train_cfg = dict(
    _scope_='mmdet',
    dynamic_intervals=None,
    max_epochs=100,
    type='EpochBasedTrainLoop',
    val_interval=1)
train_dataloader = dict(
    batch_sampler=None,
    batch_size=8,
    dataset=dict(
        ann_file=
        'd:/mamografi/real_time_segmentasyon/veri/coco/busi_train.json',
        data_prefix=dict(img=''),
        data_root='d:/mamografi/real_time_segmentasyon/Dataset_BUSI_with_GT/',
        filter_cfg=dict(filter_empty_gt=False, min_size=0),
        metainfo=dict(classes=('lezyon', ), palette=[
            (
                220,
                20,
                60,
            ),
        ]),
        pipeline=[
            dict(backend_args=None, type='LoadImageFromFile'),
            dict(
                poly2mask=True,
                type='LoadAnnotations',
                with_bbox=True,
                with_mask=True),
            dict(
                bbox_params=dict(
                    filter_lost_elements=True,
                    format='pascal_voc',
                    label_fields=[
                        'gt_bboxes_labels',
                    ],
                    min_visibility=0.0,
                    type='BboxParams'),
                keymap=dict(gt_bboxes='bboxes', gt_masks='masks', img='image'),
                transforms=[
                    dict(p=0.5, type='HorizontalFlip'),
                    dict(
                        p=0.7,
                        rotate=(
                            -15,
                            15,
                        ),
                        scale=(
                            0.85,
                            1.15,
                        ),
                        translate_percent=(
                            -0.1,
                            0.1,
                        ),
                        type='Affine'),
                    dict(alpha=30, p=0.25, sigma=6, type='ElasticTransform'),
                    dict(
                        brightness_limit=0.2,
                        contrast_limit=0.2,
                        p=0.5,
                        type='RandomBrightnessContrast'),
                    dict(gamma_limit=(
                        80,
                        120,
                    ), p=0.3, type='RandomGamma'),
                    dict(
                        elementwise=True,
                        multiplier=(
                            0.85,
                            1.15,
                        ),
                        p=0.3,
                        type='MultiplicativeNoise'),
                    dict(blur_limit=7, p=0.2, type='MotionBlur'),
                ],
                type='AlbuBosGuvenli'),
            dict(keep_ratio=True, scale=(
                256,
                256,
            ), type='Resize'),
            dict(
                pad_val=dict(img=(
                    114,
                    114,
                    114,
                ), masks=0),
                size=(
                    256,
                    256,
                ),
                type='Pad'),
            dict(type='PackDetInputs'),
        ],
        type='CocoDataset'),
    num_workers=0,
    persistent_workers=False,
    pin_memory=True,
    sampler=dict(_scope_='mmdet', shuffle=True, type='DefaultSampler'))
train_pipeline = [
    dict(backend_args=None, type='LoadImageFromFile'),
    dict(
        poly2mask=True, type='LoadAnnotations', with_bbox=True,
        with_mask=True),
    dict(
        bbox_params=dict(
            filter_lost_elements=True,
            format='pascal_voc',
            label_fields=[
                'gt_bboxes_labels',
            ],
            min_visibility=0.0,
            type='BboxParams'),
        keymap=dict(gt_bboxes='bboxes', gt_masks='masks', img='image'),
        transforms=[
            dict(p=0.5, type='HorizontalFlip'),
            dict(
                p=0.7,
                rotate=(
                    -15,
                    15,
                ),
                scale=(
                    0.85,
                    1.15,
                ),
                translate_percent=(
                    -0.1,
                    0.1,
                ),
                type='Affine'),
            dict(alpha=30, p=0.25, sigma=6, type='ElasticTransform'),
            dict(
                brightness_limit=0.2,
                contrast_limit=0.2,
                p=0.5,
                type='RandomBrightnessContrast'),
            dict(gamma_limit=(
                80,
                120,
            ), p=0.3, type='RandomGamma'),
            dict(
                elementwise=True,
                multiplier=(
                    0.85,
                    1.15,
                ),
                p=0.3,
                type='MultiplicativeNoise'),
            dict(blur_limit=7, p=0.2, type='MotionBlur'),
        ],
        type='AlbuBosGuvenli'),
    dict(keep_ratio=True, scale=(
        256,
        256,
    ), type='Resize'),
    dict(
        pad_val=dict(img=(
            114,
            114,
            114,
        ), masks=0),
        size=(
            256,
            256,
        ),
        type='Pad'),
    dict(type='PackDetInputs'),
]
train_pipeline_stage2 = [
    dict(_scope_='mmdet', backend_args=None, type='LoadImageFromFile'),
    dict(
        _scope_='mmdet',
        poly2mask=False,
        type='LoadAnnotations',
        with_bbox=True,
        with_mask=True),
    dict(
        _scope_='mmdet',
        keep_ratio=True,
        ratio_range=(
            0.5,
            2.0,
        ),
        scale=(
            640,
            640,
        ),
        type='RandomResize'),
    dict(
        _scope_='mmdet',
        allow_negative_crop=True,
        crop_size=(
            640,
            640,
        ),
        recompute_bbox=True,
        type='RandomCrop'),
    dict(_scope_='mmdet', min_gt_bbox_wh=(
        1,
        1,
    ), type='FilterAnnotations'),
    dict(_scope_='mmdet', type='YOLOXHSVRandomAug'),
    dict(_scope_='mmdet', prob=0.5, type='RandomFlip'),
    dict(
        _scope_='mmdet',
        pad_val=dict(img=(
            114,
            114,
            114,
        )),
        size=(
            640,
            640,
        ),
        type='Pad'),
    dict(_scope_='mmdet', type='PackDetInputs'),
]
tta_model = dict(
    _scope_='mmdet',
    tta_cfg=dict(max_per_img=100, nms=dict(iou_threshold=0.6, type='nms')),
    type='DetTTAModel')
tta_pipeline = [
    dict(_scope_='mmdet', backend_args=None, type='LoadImageFromFile'),
    dict(
        _scope_='mmdet',
        transforms=[
            [
                dict(keep_ratio=True, scale=(
                    640,
                    640,
                ), type='Resize'),
                dict(keep_ratio=True, scale=(
                    320,
                    320,
                ), type='Resize'),
                dict(keep_ratio=True, scale=(
                    960,
                    960,
                ), type='Resize'),
            ],
            [
                dict(prob=1.0, type='RandomFlip'),
                dict(prob=0.0, type='RandomFlip'),
            ],
            [
                dict(
                    pad_val=dict(img=(
                        114,
                        114,
                        114,
                    )),
                    size=(
                        960,
                        960,
                    ),
                    type='Pad'),
            ],
            [
                dict(type='LoadAnnotations', with_bbox=True),
            ],
            [
                dict(
                    meta_keys=(
                        'img_id',
                        'img_path',
                        'ori_shape',
                        'img_shape',
                        'scale_factor',
                        'flip',
                        'flip_direction',
                    ),
                    type='PackDetInputs'),
            ],
        ],
        type='TestTimeAug'),
]
val_cfg = dict(_scope_='mmdet', type='ValLoop')
val_dataloader = dict(
    batch_size=1,
    dataset=dict(
        _scope_='mmdet',
        ann_file='d:/mamografi/real_time_segmentasyon/veri/coco/busi_val.json',
        backend_args=None,
        data_prefix=dict(img=''),
        data_root='d:/mamografi/real_time_segmentasyon/Dataset_BUSI_with_GT/',
        metainfo=dict(classes=('lezyon', ), palette=[
            (
                220,
                20,
                60,
            ),
        ]),
        pipeline=[
            dict(backend_args=None, type='LoadImageFromFile'),
            dict(keep_ratio=True, scale=(
                256,
                256,
            ), type='Resize'),
            dict(
                pad_val=dict(img=(
                    114,
                    114,
                    114,
                ), masks=0),
                size=(
                    256,
                    256,
                ),
                type='Pad'),
            dict(
                poly2mask=True,
                type='LoadAnnotations',
                with_bbox=True,
                with_mask=True),
            dict(
                meta_keys=(
                    'img_id',
                    'img_path',
                    'ori_shape',
                    'img_shape',
                    'scale_factor',
                ),
                type='PackDetInputs'),
        ],
        test_mode=True,
        type='CocoDataset'),
    drop_last=False,
    num_workers=0,
    persistent_workers=False,
    sampler=dict(_scope_='mmdet', shuffle=False, type='DefaultSampler'))
val_evaluator = [
    dict(
        ann_file='d:/mamografi/real_time_segmentasyon/veri/coco/busi_val.json',
        format_only=False,
        metric=[
            'bbox',
            'segm',
        ],
        type='CocoMetricHizali'),
    dict(
        manifest='d:/mamografi/real_time_segmentasyon/veri/veri_manifest.csv',
        type='BusiDiceMetric'),
]
val_loss_dataloader = dict(
    batch_size=8,
    dataset=dict(
        ann_file='d:/mamografi/real_time_segmentasyon/veri/coco/busi_val.json',
        data_prefix=dict(img=''),
        data_root='d:/mamografi/real_time_segmentasyon/Dataset_BUSI_with_GT/',
        filter_cfg=dict(filter_empty_gt=False, min_size=0),
        metainfo=dict(classes=('lezyon', ), palette=[
            (
                220,
                20,
                60,
            ),
        ]),
        pipeline=[
            dict(backend_args=None, type='LoadImageFromFile'),
            dict(
                poly2mask=True,
                type='LoadAnnotations',
                with_bbox=True,
                with_mask=True),
            dict(keep_ratio=True, scale=(
                256,
                256,
            ), type='Resize'),
            dict(
                pad_val=dict(img=(
                    114,
                    114,
                    114,
                ), masks=0),
                size=(
                    256,
                    256,
                ),
                type='Pad'),
            dict(type='PackDetInputs'),
        ],
        type='CocoDataset'),
    drop_last=False,
    num_workers=0,
    persistent_workers=False,
    sampler=dict(shuffle=False, type='DefaultSampler'))
val_loss_pipeline = [
    dict(backend_args=None, type='LoadImageFromFile'),
    dict(
        poly2mask=True, type='LoadAnnotations', with_bbox=True,
        with_mask=True),
    dict(keep_ratio=True, scale=(
        256,
        256,
    ), type='Resize'),
    dict(
        pad_val=dict(img=(
            114,
            114,
            114,
        ), masks=0),
        size=(
            256,
            256,
        ),
        type='Pad'),
    dict(type='PackDetInputs'),
]
vis_backends = [
    dict(_scope_='mmdet', type='LocalVisBackend'),
]
visualizer = dict(
    _scope_='mmdet',
    name='visualizer',
    type='DetLocalVisualizer',
    vis_backends=[
        dict(type='LocalVisBackend'),
    ])
work_dir = 'd:/mamografi/real_time_segmentasyon/rtmdet/calisma/rtmdet_ins_tiny_256_orta_s42'

2026/08/06 23:40:44 - mmengine - INFO - Distributed training is not used, all SyncBatchNorm (SyncBN) layers in the model will be automatically reverted to BatchNormXd layers if they are used.
2026/08/06 23:40:44 - mmengine - INFO - Hooks will be executed in the following order:
before_run:
(VERY_HIGH   ) RuntimeInfoHook                    
(49          ) EMAHook                            
(BELOW_NORMAL) LoggerHook                         
 -------------------- 
after_load_checkpoint:
(49          ) EMAHook                            
 -------------------- 
before_train:
(VERY_HIGH   ) RuntimeInfoHook                    
(49          ) EMAHook                            
(NORMAL      ) IterTimerHook                      
(VERY_LOW    ) CheckpointHook                     
 -------------------- 
before_train_epoch:
(VERY_HIGH   ) RuntimeInfoHook                    
(NORMAL      ) IterTimerHook                      
(NORMAL      ) DistSamplerSeedHook                
 -------------------- 
before_train_iter:
(VERY_HIGH   ) RuntimeInfoHook                    
(NORMAL      ) IterTimerHook                      
 -------------------- 
after_train_iter:
(VERY_HIGH   ) RuntimeInfoHook                    
(49          ) EMAHook                            
(NORMAL      ) IterTimerHook                      
(BELOW_NORMAL) LoggerHook                         
(LOW         ) ParamSchedulerHook                 
(VERY_LOW    ) CheckpointHook                     
 -------------------- 
after_train_epoch:
(NORMAL      ) IterTimerHook                      
(LOW         ) ParamSchedulerHook                 
(VERY_LOW    ) CheckpointHook                     
 -------------------- 
before_val:
(VERY_HIGH   ) RuntimeInfoHook                    
 -------------------- 
before_val_epoch:
(49          ) EMAHook                            
(NORMAL      ) IterTimerHook                      
 -------------------- 
before_val_iter:
(NORMAL      ) IterTimerHook                      
 -------------------- 
after_val_iter:
(NORMAL      ) IterTimerHook                      
(NORMAL      ) DetVisualizationHook               
(BELOW_NORMAL) LoggerHook                         
 -------------------- 
after_val_epoch:
(9           ) ValLossHook                        
(VERY_HIGH   ) RuntimeInfoHook                    
(49          ) EMAHook                            
(NORMAL      ) IterTimerHook                      
(BELOW_NORMAL) LoggerHook                         
(LOW         ) ParamSchedulerHook                 
(VERY_LOW    ) CheckpointHook                     
 -------------------- 
after_val:
(VERY_HIGH   ) RuntimeInfoHook                    
 -------------------- 
before_save_checkpoint:
(49          ) EMAHook                            
 -------------------- 
after_train:
(VERY_HIGH   ) RuntimeInfoHook                    
(VERY_LOW    ) CheckpointHook                     
 -------------------- 
before_test:
(VERY_HIGH   ) RuntimeInfoHook                    
 -------------------- 
before_test_epoch:
(49          ) EMAHook                            
(NORMAL      ) IterTimerHook                      
 -------------------- 
before_test_iter:
(NORMAL      ) IterTimerHook                      
 -------------------- 
after_test_iter:
(NORMAL      ) IterTimerHook                      
(NORMAL      ) DetVisualizationHook               
(BELOW_NORMAL) LoggerHook                         
 -------------------- 
after_test_epoch:
(VERY_HIGH   ) RuntimeInfoHook                    
(49          ) EMAHook                            
(NORMAL      ) IterTimerHook                      
(BELOW_NORMAL) LoggerHook                         
 -------------------- 
after_test:
(VERY_HIGH   ) RuntimeInfoHook                    
 -------------------- 
after_run:
(BELOW_NORMAL) LoggerHook                         
 -------------------- 
2026/08/06 23:40:45 - mmengine - INFO - paramwise_options -- backbone.stem.0.bn.weight:weight_decay=0.0
2026/08/06 23:40:45 - mmengine - INFO - paramwise_options -- backbone.stem.0.bn.bias:weight_decay=0.0
2026/08/06 23:40:45 - mmengine - INFO - paramwise_options -- backbone.stem.1.bn.weight:weight_decay=0.0
2026/08/06 23:40:45 - mmengine - INFO - paramwise_options -- backbone.stem.1.bn.bias:weight_decay=0.0
2026/08/06 23:40:45 - mmengine - INFO - paramwise_options -- backbone.stem.2.bn.weight:weight_decay=0.0
2026/08/06 23:40:45 - mmengine - INFO - paramwise_options -- backbone.stem.2.bn.bias:weight_decay=0.0
2026/08/06 23:40:45 - mmengine - INFO - paramwise_options -- backbone.stage1.0.bn.weight:weight_decay=0.0
2026/08/06 23:40:45 - mmengine - INFO - paramwise_options -- backbone.stage1.0.bn.bias:weight_decay=0.0
2026/08/06 23:40:45 - mmengine - INFO - paramwise_options -- backbone.stage1.1.main_conv.bn.weight:weight_decay=0.0
2026/08/06 23:40:45 - mmengine - INFO - paramwise_options -- backbone.stage1.1.main_conv.bn.bias:weight_decay=0.0
2026/08/06 23:40:45 - mmengine - INFO - paramwise_options -- backbone.stage1.1.short_conv.bn.weight:weight_decay=0.0
2026/08/06 23:40:45 - mmengine - INFO - paramwise_options -- backbone.stage1.1.short_conv.bn.bias:weight_decay=0.0
2026/08/06 23:40:45 - mmengine - INFO - paramwise_options -- backbone.stage1.1.final_conv.bn.weight:weight_decay=0.0
2026/08/06 23:40:45 - mmengine - INFO - paramwise_options -- backbone.stage1.1.final_conv.bn.bias:weight_decay=0.0
2026/08/06 23:40:45 - mmengine - INFO - paramwise_options -- backbone.stage1.1.blocks.0.conv1.bn.weight:weight_decay=0.0
2026/08/06 23:40:45 - mmengine - INFO - paramwise_options -- backbone.stage1.1.blocks.0.conv1.bn.bias:weight_decay=0.0
2026/08/06 23:40:45 - mmengine - INFO - paramwise_options -- backbone.stage1.1.blocks.0.conv2.depthwise_conv.bn.weight:weight_decay=0.0
2026/08/06 23:40:45 - mmengine - INFO - paramwise_options -- backbone.stage1.1.blocks.0.conv2.depthwise_conv.bn.bias:weight_decay=0.0
2026/08/06 23:40:45 - mmengine - INFO - paramwise_options -- backbone.stage1.1.blocks.0.conv2.pointwise_conv.bn.weight:weight_decay=0.0
2026/08/06 23:40:45 - mmengine - INFO - paramwise_options -- backbone.stage1.1.blocks.0.conv2.pointwise_conv.bn.bias:weight_decay=0.0
2026/08/06 23:40:45 - mmengine - INFO - paramwise_options -- backbone.stage1.1.attention.fc.bias:weight_decay=0.0
2026/08/06 23:40:45 - mmengine - INFO - paramwise_options -- backbone.stage2.0.bn.weight:weight_decay=0.0
2026/08/06 23:40:45 - mmengine - INFO - paramwise_options -- backbone.stage2.0.bn.bias:weight_decay=0.0
2026/08/06 23:40:45 - mmengine - INFO - paramwise_options -- backbone.stage2.1.main_conv.bn.weight:weight_decay=0.0
2026/08/06 23:40:45 - mmengine - INFO - paramwise_options -- backbone.stage2.1.main_conv.bn.bias:weight_decay=0.0
2026/08/06 23:40:45 - mmengine - INFO - paramwise_options -- backbone.stage2.1.short_conv.bn.weight:weight_decay=0.0
2026/08/06 23:40:45 - mmengine - INFO - paramwise_options -- backbone.stage2.1.short_conv.bn.bias:weight_decay=0.0
2026/08/06 23:40:45 - mmengine - INFO - paramwise_options -- backbone.stage2.1.final_conv.bn.weight:weight_decay=0.0
2026/08/06 23:40:45 - mmengine - INFO - paramwise_options -- backbone.stage2.1.final_conv.bn.bias:weight_decay=0.0
2026/08/06 23:40:45 - mmengine - INFO - paramwise_options -- backbone.stage2.1.blocks.0.conv1.bn.weight:weight_decay=0.0
2026/08/06 23:40:45 - mmengine - INFO - paramwise_options -- backbone.stage2.1.blocks.0.conv1.bn.bias:weight_decay=0.0
2026/08/06 23:40:45 - mmengine - INFO - paramwise_options -- backbone.stage2.1.blocks.0.conv2.depthwise_conv.bn.weight:weight_decay=0.0
2026/08/06 23:40:45 - mmengine - INFO - paramwise_options -- backbone.stage2.1.blocks.0.conv2.depthwise_conv.bn.bias:weight_decay=0.0
2026/08/06 23:40:45 - mmengine - INFO - paramwise_options -- backbone.stage2.1.blocks.0.conv2.pointwise_conv.bn.weight:weight_decay=0.0
2026/08/06 23:40:45 - mmengine - INFO - paramwise_options -- backbone.stage2.1.blocks.0.conv2.pointwise_conv.bn.bias:weight_decay=0.0
2026/08/06 23:40:45 - mmengine - INFO - paramwise_options -- backbone.stage2.1.attention.fc.bias:weight_decay=0.0
2026/08/06 23:40:45 - mmengine - INFO - paramwise_options -- backbone.stage3.0.bn.weight:weight_decay=0.0
2026/08/06 23:40:45 - mmengine - INFO - paramwise_options -- backbone.stage3.0.bn.bias:weight_decay=0.0
2026/08/06 23:40:45 - mmengine - INFO - paramwise_options -- backbone.stage3.1.main_conv.bn.weight:weight_decay=0.0
2026/08/06 23:40:45 - mmengine - INFO - paramwise_options -- backbone.stage3.1.main_conv.bn.bias:weight_decay=0.0
2026/08/06 23:40:45 - mmengine - INFO - paramwise_options -- backbone.stage3.1.short_conv.bn.weight:weight_decay=0.0
2026/08/06 23:40:45 - mmengine - INFO - paramwise_options -- backbone.stage3.1.short_conv.bn.bias:weight_decay=0.0
2026/08/06 23:40:45 - mmengine - INFO - paramwise_options -- backbone.stage3.1.final_conv.bn.weight:weight_decay=0.0
2026/08/06 23:40:45 - mmengine - INFO - paramwise_options -- backbone.stage3.1.final_conv.bn.bias:weight_decay=0.0
2026/08/06 23:40:45 - mmengine - INFO - paramwise_options -- backbone.stage3.1.blocks.0.conv1.bn.weight:weight_decay=0.0
2026/08/06 23:40:45 - mmengine - INFO - paramwise_options -- backbone.stage3.1.blocks.0.conv1.bn.bias:weight_decay=0.0
2026/08/06 23:40:45 - mmengine - INFO - paramwise_options -- backbone.stage3.1.blocks.0.conv2.depthwise_conv.bn.weight:weight_decay=0.0
2026/08/06 23:40:45 - mmengine - INFO - paramwise_options -- backbone.stage3.1.blocks.0.conv2.depthwise_conv.bn.bias:weight_decay=0.0
2026/08/06 23:40:45 - mmengine - INFO - paramwise_options -- backbone.stage3.1.blocks.0.conv2.pointwise_conv.bn.weight:weight_decay=0.0
2026/08/06 23:40:45 - mmengine - INFO - paramwise_options -- backbone.stage3.1.blocks.0.conv2.pointwise_conv.bn.bias:weight_decay=0.0
2026/08/06 23:40:45 - mmengine - INFO - paramwise_options -- backbone.stage3.1.attention.fc.bias:weight_decay=0.0
2026/08/06 23:40:45 - mmengine - INFO - paramwise_options -- backbone.stage4.0.bn.weight:weight_decay=0.0
2026/08/06 23:40:45 - mmengine - INFO - paramwise_options -- backbone.stage4.0.bn.bias:weight_decay=0.0
2026/08/06 23:40:45 - mmengine - INFO - paramwise_options -- backbone.stage4.1.conv1.bn.weight:weight_decay=0.0
2026/08/06 23:40:45 - mmengine - INFO - paramwise_options -- backbone.stage4.1.conv1.bn.bias:weight_decay=0.0
2026/08/06 23:40:45 - mmengine - INFO - paramwise_options -- backbone.stage4.1.conv2.bn.weight:weight_decay=0.0
2026/08/06 23:40:45 - mmengine - INFO - paramwise_options -- backbone.stage4.1.conv2.bn.bias:weight_decay=0.0
2026/08/06 23:40:45 - mmengine - INFO - paramwise_options -- backbone.stage4.2.main_conv.bn.weight:weight_decay=0.0
2026/08/06 23:40:45 - mmengine - INFO - paramwise_options -- backbone.stage4.2.main_conv.bn.bias:weight_decay=0.0
2026/08/06 23:40:45 - mmengine - INFO - paramwise_options -- backbone.stage4.2.short_conv.bn.weight:weight_decay=0.0
2026/08/06 23:40:45 - mmengine - INFO - paramwise_options -- backbone.stage4.2.short_conv.bn.bias:weight_decay=0.0
2026/08/06 23:40:45 - mmengine - INFO - paramwise_options -- backbone.stage4.2.final_conv.bn.weight:weight_decay=0.0
2026/08/06 23:40:45 - mmengine - INFO - paramwise_options -- backbone.stage4.2.final_conv.bn.bias:weight_decay=0.0
2026/08/06 23:40:45 - mmengine - INFO - paramwise_options -- backbone.stage4.2.blocks.0.conv1.bn.weight:weight_decay=0.0
2026/08/06 23:40:45 - mmengine - INFO - paramwise_options -- backbone.stage4.2.blocks.0.conv1.bn.bias:weight_decay=0.0
2026/08/06 23:40:45 - mmengine - INFO - paramwise_options -- backbone.stage4.2.blocks.0.conv2.depthwise_conv.bn.weight:weight_decay=0.0
2026/08/06 23:40:45 - mmengine - INFO - paramwise_options -- backbone.stage4.2.blocks.0.conv2.depthwise_conv.bn.bias:weight_decay=0.0
2026/08/06 23:40:45 - mmengine - INFO - paramwise_options -- backbone.stage4.2.blocks.0.conv2.pointwise_conv.bn.weight:weight_decay=0.0
2026/08/06 23:40:45 - mmengine - INFO - paramwise_options -- backbone.stage4.2.blocks.0.conv2.pointwise_conv.bn.bias:weight_decay=0.0
2026/08/06 23:40:45 - mmengine - INFO - paramwise_options -- backbone.stage4.2.attention.fc.bias:weight_decay=0.0
2026/08/06 23:40:45 - mmengine - INFO - paramwise_options -- neck.reduce_layers.0.bn.weight:weight_decay=0.0
2026/08/06 23:40:45 - mmengine - INFO - paramwise_options -- neck.reduce_layers.0.bn.bias:weight_decay=0.0
2026/08/06 23:40:45 - mmengine - INFO - paramwise_options -- neck.reduce_layers.1.bn.weight:weight_decay=0.0
2026/08/06 23:40:45 - mmengine - INFO - paramwise_options -- neck.reduce_layers.1.bn.bias:weight_decay=0.0
2026/08/06 23:40:45 - mmengine - INFO - paramwise_options -- neck.top_down_blocks.0.main_conv.bn.weight:weight_decay=0.0
2026/08/06 23:40:45 - mmengine - INFO - paramwise_options -- neck.top_down_blocks.0.main_conv.bn.bias:weight_decay=0.0
2026/08/06 23:40:45 - mmengine - INFO - paramwise_options -- neck.top_down_blocks.0.short_conv.bn.weight:weight_decay=0.0
2026/08/06 23:40:45 - mmengine - INFO - paramwise_options -- neck.top_down_blocks.0.short_conv.bn.bias:weight_decay=0.0
2026/08/06 23:40:45 - mmengine - INFO - paramwise_options -- neck.top_down_blocks.0.final_conv.bn.weight:weight_decay=0.0
2026/08/06 23:40:45 - mmengine - INFO - paramwise_options -- neck.top_down_blocks.0.final_conv.bn.bias:weight_decay=0.0
2026/08/06 23:40:45 - mmengine - INFO - paramwise_options -- neck.top_down_blocks.0.blocks.0.conv1.bn.weight:weight_decay=0.0
2026/08/06 23:40:45 - mmengine - INFO - paramwise_options -- neck.top_down_blocks.0.blocks.0.conv1.bn.bias:weight_decay=0.0
2026/08/06 23:40:45 - mmengine - INFO - paramwise_options -- neck.top_down_blocks.0.blocks.0.conv2.depthwise_conv.bn.weight:weight_decay=0.0
2026/08/06 23:40:45 - mmengine - INFO - paramwise_options -- neck.top_down_blocks.0.blocks.0.conv2.depthwise_conv.bn.bias:weight_decay=0.0
2026/08/06 23:40:45 - mmengine - INFO - paramwise_options -- neck.top_down_blocks.0.blocks.0.conv2.pointwise_conv.bn.weight:weight_decay=0.0
2026/08/06 23:40:45 - mmengine - INFO - paramwise_options -- neck.top_down_blocks.0.blocks.0.conv2.pointwise_conv.bn.bias:weight_decay=0.0
2026/08/06 23:40:45 - mmengine - INFO - paramwise_options -- neck.top_down_blocks.1.main_conv.bn.weight:weight_decay=0.0
2026/08/06 23:40:45 - mmengine - INFO - paramwise_options -- neck.top_down_blocks.1.main_conv.bn.bias:weight_decay=0.0
2026/08/06 23:40:45 - mmengine - INFO - paramwise_options -- neck.top_down_blocks.1.short_conv.bn.weight:weight_decay=0.0
2026/08/06 23:40:45 - mmengine - INFO - paramwise_options -- neck.top_down_blocks.1.short_conv.bn.bias:weight_decay=0.0
2026/08/06 23:40:45 - mmengine - INFO - paramwise_options -- neck.top_down_blocks.1.final_conv.bn.weight:weight_decay=0.0
2026/08/06 23:40:45 - mmengine - INFO - paramwise_options -- neck.top_down_blocks.1.final_conv.bn.bias:weight_decay=0.0
2026/08/06 23:40:45 - mmengine - INFO - paramwise_options -- neck.top_down_blocks.1.blocks.0.conv1.bn.weight:weight_decay=0.0
2026/08/06 23:40:45 - mmengine - INFO - paramwise_options -- neck.top_down_blocks.1.blocks.0.conv1.bn.bias:weight_decay=0.0
2026/08/06 23:40:45 - mmengine - INFO - paramwise_options -- neck.top_down_blocks.1.blocks.0.conv2.depthwise_conv.bn.weight:weight_decay=0.0
2026/08/06 23:40:45 - mmengine - INFO - paramwise_options -- neck.top_down_blocks.1.blocks.0.conv2.depthwise_conv.bn.bias:weight_decay=0.0
2026/08/06 23:40:45 - mmengine - INFO - paramwise_options -- neck.top_down_blocks.1.blocks.0.conv2.pointwise_conv.bn.weight:weight_decay=0.0
2026/08/06 23:40:45 - mmengine - INFO - paramwise_options -- neck.top_down_blocks.1.blocks.0.conv2.pointwise_conv.bn.bias:weight_decay=0.0
2026/08/06 23:40:45 - mmengine - INFO - paramwise_options -- neck.downsamples.0.bn.weight:weight_decay=0.0
2026/08/06 23:40:45 - mmengine - INFO - paramwise_options -- neck.downsamples.0.bn.bias:weight_decay=0.0
2026/08/06 23:40:45 - mmengine - INFO - paramwise_options -- neck.downsamples.1.bn.weight:weight_decay=0.0
2026/08/06 23:40:45 - mmengine - INFO - paramwise_options -- neck.downsamples.1.bn.bias:weight_decay=0.0
2026/08/06 23:40:45 - mmengine - INFO - paramwise_options -- neck.bottom_up_blocks.0.main_conv.bn.weight:weight_decay=0.0
2026/08/06 23:40:45 - mmengine - INFO - paramwise_options -- neck.bottom_up_blocks.0.main_conv.bn.bias:weight_decay=0.0
2026/08/06 23:40:45 - mmengine - INFO - paramwise_options -- neck.bottom_up_blocks.0.short_conv.bn.weight:weight_decay=0.0
2026/08/06 23:40:45 - mmengine - INFO - paramwise_options -- neck.bottom_up_blocks.0.short_conv.bn.bias:weight_decay=0.0
2026/08/06 23:40:45 - mmengine - INFO - paramwise_options -- neck.bottom_up_blocks.0.final_conv.bn.weight:weight_decay=0.0
2026/08/06 23:40:45 - mmengine - INFO - paramwise_options -- neck.bottom_up_blocks.0.final_conv.bn.bias:weight_decay=0.0
2026/08/06 23:40:45 - mmengine - INFO - paramwise_options -- neck.bottom_up_blocks.0.blocks.0.conv1.bn.weight:weight_decay=0.0
2026/08/06 23:40:45 - mmengine - INFO - paramwise_options -- neck.bottom_up_blocks.0.blocks.0.conv1.bn.bias:weight_decay=0.0
2026/08/06 23:40:45 - mmengine - INFO - paramwise_options -- neck.bottom_up_blocks.0.blocks.0.conv2.depthwise_conv.bn.weight:weight_decay=0.0
2026/08/06 23:40:45 - mmengine - INFO - paramwise_options -- neck.bottom_up_blocks.0.blocks.0.conv2.depthwise_conv.bn.bias:weight_decay=0.0
2026/08/06 23:40:45 - mmengine - INFO - paramwise_options -- neck.bottom_up_blocks.0.blocks.0.conv2.pointwise_conv.bn.weight:weight_decay=0.0
2026/08/06 23:40:45 - mmengine - INFO - paramwise_options -- neck.bottom_up_blocks.0.blocks.0.conv2.pointwise_conv.bn.bias:weight_decay=0.0
2026/08/06 23:40:45 - mmengine - INFO - paramwise_options -- neck.bottom_up_blocks.1.main_conv.bn.weight:weight_decay=0.0
2026/08/06 23:40:45 - mmengine - INFO - paramwise_options -- neck.bottom_up_blocks.1.main_conv.bn.bias:weight_decay=0.0
2026/08/06 23:40:45 - mmengine - INFO - paramwise_options -- neck.bottom_up_blocks.1.short_conv.bn.weight:weight_decay=0.0
2026/08/06 23:40:45 - mmengine - INFO - paramwise_options -- neck.bottom_up_blocks.1.short_conv.bn.bias:weight_decay=0.0
2026/08/06 23:40:45 - mmengine - INFO - paramwise_options -- neck.bottom_up_blocks.1.final_conv.bn.weight:weight_decay=0.0
2026/08/06 23:40:45 - mmengine - INFO - paramwise_options -- neck.bottom_up_blocks.1.final_conv.bn.bias:weight_decay=0.0
2026/08/06 23:40:45 - mmengine - INFO - paramwise_options -- neck.bottom_up_blocks.1.blocks.0.conv1.bn.weight:weight_decay=0.0
2026/08/06 23:40:45 - mmengine - INFO - paramwise_options -- neck.bottom_up_blocks.1.blocks.0.conv1.bn.bias:weight_decay=0.0
2026/08/06 23:40:45 - mmengine - INFO - paramwise_options -- neck.bottom_up_blocks.1.blocks.0.conv2.depthwise_conv.bn.weight:weight_decay=0.0
2026/08/06 23:40:45 - mmengine - INFO - paramwise_options -- neck.bottom_up_blocks.1.blocks.0.conv2.depthwise_conv.bn.bias:weight_decay=0.0
2026/08/06 23:40:45 - mmengine - INFO - paramwise_options -- neck.bottom_up_blocks.1.blocks.0.conv2.pointwise_conv.bn.weight:weight_decay=0.0
2026/08/06 23:40:45 - mmengine - INFO - paramwise_options -- neck.bottom_up_blocks.1.blocks.0.conv2.pointwise_conv.bn.bias:weight_decay=0.0
2026/08/06 23:40:45 - mmengine - INFO - paramwise_options -- neck.out_convs.0.bn.weight:weight_decay=0.0
2026/08/06 23:40:45 - mmengine - INFO - paramwise_options -- neck.out_convs.0.bn.bias:weight_decay=0.0
2026/08/06 23:40:45 - mmengine - INFO - paramwise_options -- neck.out_convs.1.bn.weight:weight_decay=0.0
2026/08/06 23:40:45 - mmengine - INFO - paramwise_options -- neck.out_convs.1.bn.bias:weight_decay=0.0
2026/08/06 23:40:45 - mmengine - INFO - paramwise_options -- neck.out_convs.2.bn.weight:weight_decay=0.0
2026/08/06 23:40:45 - mmengine - INFO - paramwise_options -- neck.out_convs.2.bn.bias:weight_decay=0.0
2026/08/06 23:40:45 - mmengine - INFO - paramwise_options -- bbox_head.cls_convs.0.0.bn.weight:weight_decay=0.0
2026/08/06 23:40:45 - mmengine - INFO - paramwise_options -- bbox_head.cls_convs.0.0.bn.bias:weight_decay=0.0
2026/08/06 23:40:45 - mmengine - INFO - paramwise_options -- bbox_head.cls_convs.0.1.bn.weight:weight_decay=0.0
2026/08/06 23:40:45 - mmengine - INFO - paramwise_options -- bbox_head.cls_convs.0.1.bn.bias:weight_decay=0.0
2026/08/06 23:40:45 - mmengine - WARNING - bbox_head.cls_convs.1.0.conv is duplicate. It is skipped since bypass_duplicate=True
2026/08/06 23:40:45 - mmengine - INFO - paramwise_options -- bbox_head.cls_convs.1.0.bn.weight:weight_decay=0.0
2026/08/06 23:40:45 - mmengine - INFO - paramwise_options -- bbox_head.cls_convs.1.0.bn.bias:weight_decay=0.0
2026/08/06 23:40:45 - mmengine - WARNING - bbox_head.cls_convs.1.1.conv is duplicate. It is skipped since bypass_duplicate=True
2026/08/06 23:40:45 - mmengine - INFO - paramwise_options -- bbox_head.cls_convs.1.1.bn.weight:weight_decay=0.0
2026/08/06 23:40:45 - mmengine - INFO - paramwise_options -- bbox_head.cls_convs.1.1.bn.bias:weight_decay=0.0
2026/08/06 23:40:45 - mmengine - WARNING - bbox_head.cls_convs.2.0.conv is duplicate. It is skipped since bypass_duplicate=True
2026/08/06 23:40:45 - mmengine - INFO - paramwise_options -- bbox_head.cls_convs.2.0.bn.weight:weight_decay=0.0
2026/08/06 23:40:45 - mmengine - INFO - paramwise_options -- bbox_head.cls_convs.2.0.bn.bias:weight_decay=0.0
2026/08/06 23:40:45 - mmengine - WARNING - bbox_head.cls_convs.2.1.conv is duplicate. It is skipped since bypass_duplicate=True
2026/08/06 23:40:45 - mmengine - INFO - paramwise_options -- bbox_head.cls_convs.2.1.bn.weight:weight_decay=0.0
2026/08/06 23:40:45 - mmengine - INFO - paramwise_options -- bbox_head.cls_convs.2.1.bn.bias:weight_decay=0.0
2026/08/06 23:40:45 - mmengine - WARNING - bbox_head.reg_convs.0.0.conv is duplicate. It is skipped since bypass_duplicate=True
2026/08/06 23:40:45 - mmengine - WARNING - bbox_head.reg_convs.0.0.bn is duplicate. It is skipped since bypass_duplicate=True
2026/08/06 23:40:45 - mmengine - WARNING - bbox_head.reg_convs.0.1.conv is duplicate. It is skipped since bypass_duplicate=True
2026/08/06 23:40:45 - mmengine - WARNING - bbox_head.reg_convs.0.1.bn is duplicate. It is skipped since bypass_duplicate=True
2026/08/06 23:40:45 - mmengine - WARNING - bbox_head.reg_convs.1.0.conv is duplicate. It is skipped since bypass_duplicate=True
2026/08/06 23:40:45 - mmengine - WARNING - bbox_head.reg_convs.1.0.bn is duplicate. It is skipped since bypass_duplicate=True
2026/08/06 23:40:45 - mmengine - WARNING - bbox_head.reg_convs.1.1.conv is duplicate. It is skipped since bypass_duplicate=True
2026/08/06 23:40:45 - mmengine - WARNING - bbox_head.reg_convs.1.1.bn is duplicate. It is skipped since bypass_duplicate=True
2026/08/06 23:40:45 - mmengine - WARNING - bbox_head.reg_convs.2.0.conv is duplicate. It is skipped since bypass_duplicate=True
2026/08/06 23:40:45 - mmengine - WARNING - bbox_head.reg_convs.2.0.bn is duplicate. It is skipped since bypass_duplicate=True
2026/08/06 23:40:45 - mmengine - WARNING - bbox_head.reg_convs.2.1.conv is duplicate. It is skipped since bypass_duplicate=True
2026/08/06 23:40:45 - mmengine - WARNING - bbox_head.reg_convs.2.1.bn is duplicate. It is skipped since bypass_duplicate=True
2026/08/06 23:40:45 - mmengine - INFO - paramwise_options -- bbox_head.kernel_convs.0.0.bn.weight:weight_decay=0.0
2026/08/06 23:40:45 - mmengine - INFO - paramwise_options -- bbox_head.kernel_convs.0.0.bn.bias:weight_decay=0.0
2026/08/06 23:40:45 - mmengine - INFO - paramwise_options -- bbox_head.kernel_convs.0.1.bn.weight:weight_decay=0.0
2026/08/06 23:40:45 - mmengine - INFO - paramwise_options -- bbox_head.kernel_convs.0.1.bn.bias:weight_decay=0.0
2026/08/06 23:40:45 - mmengine - INFO - paramwise_options -- bbox_head.kernel_convs.1.0.bn.weight:weight_decay=0.0
2026/08/06 23:40:45 - mmengine - INFO - paramwise_options -- bbox_head.kernel_convs.1.0.bn.bias:weight_decay=0.0
2026/08/06 23:40:45 - mmengine - INFO - paramwise_options -- bbox_head.kernel_convs.1.1.bn.weight:weight_decay=0.0
2026/08/06 23:40:45 - mmengine - INFO - paramwise_options -- bbox_head.kernel_convs.1.1.bn.bias:weight_decay=0.0
2026/08/06 23:40:45 - mmengine - INFO - paramwise_options -- bbox_head.kernel_convs.2.0.bn.weight:weight_decay=0.0
2026/08/06 23:40:45 - mmengine - INFO - paramwise_options -- bbox_head.kernel_convs.2.0.bn.bias:weight_decay=0.0
2026/08/06 23:40:45 - mmengine - INFO - paramwise_options -- bbox_head.kernel_convs.2.1.bn.weight:weight_decay=0.0
2026/08/06 23:40:45 - mmengine - INFO - paramwise_options -- bbox_head.kernel_convs.2.1.bn.bias:weight_decay=0.0
2026/08/06 23:40:45 - mmengine - INFO - paramwise_options -- bbox_head.rtm_cls.0.bias:weight_decay=0.0
2026/08/06 23:40:45 - mmengine - INFO - paramwise_options -- bbox_head.rtm_cls.1.bias:weight_decay=0.0
2026/08/06 23:40:45 - mmengine - INFO - paramwise_options -- bbox_head.rtm_cls.2.bias:weight_decay=0.0
2026/08/06 23:40:45 - mmengine - INFO - paramwise_options -- bbox_head.rtm_reg.0.bias:weight_decay=0.0
2026/08/06 23:40:45 - mmengine - INFO - paramwise_options -- bbox_head.rtm_reg.1.bias:weight_decay=0.0
2026/08/06 23:40:45 - mmengine - INFO - paramwise_options -- bbox_head.rtm_reg.2.bias:weight_decay=0.0
2026/08/06 23:40:45 - mmengine - INFO - paramwise_options -- bbox_head.rtm_kernel.0.bias:weight_decay=0.0
2026/08/06 23:40:45 - mmengine - INFO - paramwise_options -- bbox_head.rtm_kernel.1.bias:weight_decay=0.0
2026/08/06 23:40:45 - mmengine - INFO - paramwise_options -- bbox_head.rtm_kernel.2.bias:weight_decay=0.0
2026/08/06 23:40:45 - mmengine - INFO - paramwise_options -- bbox_head.mask_head.fusion_conv.bias:weight_decay=0.0
2026/08/06 23:40:45 - mmengine - INFO - paramwise_options -- bbox_head.mask_head.stacked_convs.0.bn.weight:weight_decay=0.0
2026/08/06 23:40:45 - mmengine - INFO - paramwise_options -- bbox_head.mask_head.stacked_convs.0.bn.bias:weight_decay=0.0
2026/08/06 23:40:45 - mmengine - INFO - paramwise_options -- bbox_head.mask_head.stacked_convs.1.bn.weight:weight_decay=0.0
2026/08/06 23:40:45 - mmengine - INFO - paramwise_options -- bbox_head.mask_head.stacked_convs.1.bn.bias:weight_decay=0.0
2026/08/06 23:40:45 - mmengine - INFO - paramwise_options -- bbox_head.mask_head.stacked_convs.2.bn.weight:weight_decay=0.0
2026/08/06 23:40:45 - mmengine - INFO - paramwise_options -- bbox_head.mask_head.stacked_convs.2.bn.bias:weight_decay=0.0
2026/08/06 23:40:45 - mmengine - INFO - paramwise_options -- bbox_head.mask_head.stacked_convs.3.bn.weight:weight_decay=0.0
2026/08/06 23:40:45 - mmengine - INFO - paramwise_options -- bbox_head.mask_head.stacked_convs.3.bn.bias:weight_decay=0.0
2026/08/06 23:40:45 - mmengine - INFO - paramwise_options -- bbox_head.mask_head.projection.bias:weight_decay=0.0
2026/08/06 23:40:47 - mmengine - INFO - load backbone. in model from: https://download.openmmlab.com/mmdetection/v3.0/rtmdet/cspnext_rsb_pretrain/cspnext-tiny_imagenet_600e.pth
Name of parameter - Initialization information

backbone.stem.0.conv.weight - torch.Size([12, 3, 3, 3]): 
PretrainedInit: load from https://download.openmmlab.com/mmdetection/v3.0/rtmdet/cspnext_rsb_pretrain/cspnext-tiny_imagenet_600e.pth 

backbone.stem.0.bn.weight - torch.Size([12]): 
PretrainedInit: load from https://download.openmmlab.com/mmdetection/v3.0/rtmdet/cspnext_rsb_pretrain/cspnext-tiny_imagenet_600e.pth 

backbone.stem.0.bn.bias - torch.Size([12]): 
PretrainedInit: load from https://download.openmmlab.com/mmdetection/v3.0/rtmdet/cspnext_rsb_pretrain/cspnext-tiny_imagenet_600e.pth 

backbone.stem.1.conv.weight - torch.Size([12, 12, 3, 3]): 
PretrainedInit: load from https://download.openmmlab.com/mmdetection/v3.0/rtmdet/cspnext_rsb_pretrain/cspnext-tiny_imagenet_600e.pth 

backbone.stem.1.bn.weight - torch.Size([12]): 
PretrainedInit: load from https://download.openmmlab.com/mmdetection/v3.0/rtmdet/cspnext_rsb_pretrain/cspnext-tiny_imagenet_600e.pth 

backbone.stem.1.bn.bias - torch.Size([12]): 
PretrainedInit: load from https://download.openmmlab.com/mmdetection/v3.0/rtmdet/cspnext_rsb_pretrain/cspnext-tiny_imagenet_600e.pth 

backbone.stem.2.conv.weight - torch.Size([24, 12, 3, 3]): 
PretrainedInit: load from https://download.openmmlab.com/mmdetection/v3.0/rtmdet/cspnext_rsb_pretrain/cspnext-tiny_imagenet_600e.pth 

backbone.stem.2.bn.weight - torch.Size([24]): 
PretrainedInit: load from https://download.openmmlab.com/mmdetection/v3.0/rtmdet/cspnext_rsb_pretrain/cspnext-tiny_imagenet_600e.pth 

backbone.stem.2.bn.bias - torch.Size([24]): 
PretrainedInit: load from https://download.openmmlab.com/mmdetection/v3.0/rtmdet/cspnext_rsb_pretrain/cspnext-tiny_imagenet_600e.pth 

backbone.stage1.0.conv.weight - torch.Size([48, 24, 3, 3]): 
PretrainedInit: load from https://download.openmmlab.com/mmdetection/v3.0/rtmdet/cspnext_rsb_pretrain/cspnext-tiny_imagenet_600e.pth 

backbone.stage1.0.bn.weight - torch.Size([48]): 
PretrainedInit: load from https://download.openmmlab.com/mmdetection/v3.0/rtmdet/cspnext_rsb_pretrain/cspnext-tiny_imagenet_600e.pth 

backbone.stage1.0.bn.bias - torch.Size([48]): 
PretrainedInit: load from https://download.openmmlab.com/mmdetection/v3.0/rtmdet/cspnext_rsb_pretrain/cspnext-tiny_imagenet_600e.pth 

backbone.stage1.1.main_conv.conv.weight - torch.Size([24, 48, 1, 1]): 
PretrainedInit: load from https://download.openmmlab.com/mmdetection/v3.0/rtmdet/cspnext_rsb_pretrain/cspnext-tiny_imagenet_600e.pth 

backbone.stage1.1.main_conv.bn.weight - torch.Size([24]): 
PretrainedInit: load from https://download.openmmlab.com/mmdetection/v3.0/rtmdet/cspnext_rsb_pretrain/cspnext-tiny_imagenet_600e.pth 

backbone.stage1.1.main_conv.bn.bias - torch.Size([24]): 
PretrainedInit: load from https://download.openmmlab.com/mmdetection/v3.0/rtmdet/cspnext_rsb_pretrain/cspnext-tiny_imagenet_600e.pth 

backbone.stage1.1.short_conv.conv.weight - torch.Size([24, 48, 1, 1]): 
PretrainedInit: load from https://download.openmmlab.com/mmdetection/v3.0/rtmdet/cspnext_rsb_pretrain/cspnext-tiny_imagenet_600e.pth 

backbone.stage1.1.short_conv.bn.weight - torch.Size([24]): 
PretrainedInit: load from https://download.openmmlab.com/mmdetection/v3.0/rtmdet/cspnext_rsb_pretrain/cspnext-tiny_imagenet_600e.pth 

backbone.stage1.1.short_conv.bn.bias - torch.Size([24]): 
PretrainedInit: load from https://download.openmmlab.com/mmdetection/v3.0/rtmdet/cspnext_rsb_pretrain/cspnext-tiny_imagenet_600e.pth 

backbone.stage1.1.final_conv.conv.weight - torch.Size([48, 48, 1, 1]): 
PretrainedInit: load from https://download.openmmlab.com/mmdetection/v3.0/rtmdet/cspnext_rsb_pretrain/cspnext-tiny_imagenet_600e.pth 

backbone.stage1.1.final_conv.bn.weight - torch.Size([48]): 
PretrainedInit: load from https://download.openmmlab.com/mmdetection/v3.0/rtmdet/cspnext_rsb_pretrain/cspnext-tiny_imagenet_600e.pth 

backbone.stage1.1.final_conv.bn.bias - torch.Size([48]): 
PretrainedInit: load from https://download.openmmlab.com/mmdetection/v3.0/rtmdet/cspnext_rsb_pretrain/cspnext-tiny_imagenet_600e.pth 

backbone.stage1.1.blocks.0.conv1.conv.weight - torch.Size([24, 24, 3, 3]): 
PretrainedInit: load from https://download.openmmlab.com/mmdetection/v3.0/rtmdet/cspnext_rsb_pretrain/cspnext-tiny_imagenet_600e.pth 

backbone.stage1.1.blocks.0.conv1.bn.weight - torch.Size([24]): 
PretrainedInit: load from https://download.openmmlab.com/mmdetection/v3.0/rtmdet/cspnext_rsb_pretrain/cspnext-tiny_imagenet_600e.pth 

backbone.stage1.1.blocks.0.conv1.bn.bias - torch.Size([24]): 
PretrainedInit: load from https://download.openmmlab.com/mmdetection/v3.0/rtmdet/cspnext_rsb_pretrain/cspnext-tiny_imagenet_600e.pth 

backbone.stage1.1.blocks.0.conv2.depthwise_conv.conv.weight - torch.Size([24, 1, 5, 5]): 
PretrainedInit: load from https://download.openmmlab.com/mmdetection/v3.0/rtmdet/cspnext_rsb_pretrain/cspnext-tiny_imagenet_600e.pth 

backbone.stage1.1.blocks.0.conv2.depthwise_conv.bn.weight - torch.Size([24]): 
PretrainedInit: load from https://download.openmmlab.com/mmdetection/v3.0/rtmdet/cspnext_rsb_pretrain/cspnext-tiny_imagenet_600e.pth 

backbone.stage1.1.blocks.0.conv2.depthwise_conv.bn.bias - torch.Size([24]): 
PretrainedInit: load from https://download.openmmlab.com/mmdetection/v3.0/rtmdet/cspnext_rsb_pretrain/cspnext-tiny_imagenet_600e.pth 

backbone.stage1.1.blocks.0.conv2.pointwise_conv.conv.weight - torch.Size([24, 24, 1, 1]): 
PretrainedInit: load from https://download.openmmlab.com/mmdetection/v3.0/rtmdet/cspnext_rsb_pretrain/cspnext-tiny_imagenet_600e.pth 

backbone.stage1.1.blocks.0.conv2.pointwise_conv.bn.weight - torch.Size([24]): 
PretrainedInit: load from https://download.openmmlab.com/mmdetection/v3.0/rtmdet/cspnext_rsb_pretrain/cspnext-tiny_imagenet_600e.pth 

backbone.stage1.1.blocks.0.conv2.pointwise_conv.bn.bias - torch.Size([24]): 
PretrainedInit: load from https://download.openmmlab.com/mmdetection/v3.0/rtmdet/cspnext_rsb_pretrain/cspnext-tiny_imagenet_600e.pth 

backbone.stage1.1.attention.fc.weight - torch.Size([48, 48, 1, 1]): 
PretrainedInit: load from https://download.openmmlab.com/mmdetection/v3.0/rtmdet/cspnext_rsb_pretrain/cspnext-tiny_imagenet_600e.pth 

backbone.stage1.1.attention.fc.bias - torch.Size([48]): 
PretrainedInit: load from https://download.openmmlab.com/mmdetection/v3.0/rtmdet/cspnext_rsb_pretrain/cspnext-tiny_imagenet_600e.pth 

backbone.stage2.0.conv.weight - torch.Size([96, 48, 3, 3]): 
PretrainedInit: load from https://download.openmmlab.com/mmdetection/v3.0/rtmdet/cspnext_rsb_pretrain/cspnext-tiny_imagenet_600e.pth 

backbone.stage2.0.bn.weight - torch.Size([96]): 
PretrainedInit: load from https://download.openmmlab.com/mmdetection/v3.0/rtmdet/cspnext_rsb_pretrain/cspnext-tiny_imagenet_600e.pth 

backbone.stage2.0.bn.bias - torch.Size([96]): 
PretrainedInit: load from https://download.openmmlab.com/mmdetection/v3.0/rtmdet/cspnext_rsb_pretrain/cspnext-tiny_imagenet_600e.pth 

backbone.stage2.1.main_conv.conv.weight - torch.Size([48, 96, 1, 1]): 
PretrainedInit: load from https://download.openmmlab.com/mmdetection/v3.0/rtmdet/cspnext_rsb_pretrain/cspnext-tiny_imagenet_600e.pth 

backbone.stage2.1.main_conv.bn.weight - torch.Size([48]): 
PretrainedInit: load from https://download.openmmlab.com/mmdetection/v3.0/rtmdet/cspnext_rsb_pretrain/cspnext-tiny_imagenet_600e.pth 

backbone.stage2.1.main_conv.bn.bias - torch.Size([48]): 
PretrainedInit: load from https://download.openmmlab.com/mmdetection/v3.0/rtmdet/cspnext_rsb_pretrain/cspnext-tiny_imagenet_600e.pth 

backbone.stage2.1.short_conv.conv.weight - torch.Size([48, 96, 1, 1]): 
PretrainedInit: load from https://download.openmmlab.com/mmdetection/v3.0/rtmdet/cspnext_rsb_pretrain/cspnext-tiny_imagenet_600e.pth 

backbone.stage2.1.short_conv.bn.weight - torch.Size([48]): 
PretrainedInit: load from https://download.openmmlab.com/mmdetection/v3.0/rtmdet/cspnext_rsb_pretrain/cspnext-tiny_imagenet_600e.pth 

backbone.stage2.1.short_conv.bn.bias - torch.Size([48]): 
PretrainedInit: load from https://download.openmmlab.com/mmdetection/v3.0/rtmdet/cspnext_rsb_pretrain/cspnext-tiny_imagenet_600e.pth 

backbone.stage2.1.final_conv.conv.weight - torch.Size([96, 96, 1, 1]): 
PretrainedInit: load from https://download.openmmlab.com/mmdetection/v3.0/rtmdet/cspnext_rsb_pretrain/cspnext-tiny_imagenet_600e.pth 

backbone.stage2.1.final_conv.bn.weight - torch.Size([96]): 
PretrainedInit: load from https://download.openmmlab.com/mmdetection/v3.0/rtmdet/cspnext_rsb_pretrain/cspnext-tiny_imagenet_600e.pth 

backbone.stage2.1.final_conv.bn.bias - torch.Size([96]): 
PretrainedInit: load from https://download.openmmlab.com/mmdetection/v3.0/rtmdet/cspnext_rsb_pretrain/cspnext-tiny_imagenet_600e.pth 

backbone.stage2.1.blocks.0.conv1.conv.weight - torch.Size([48, 48, 3, 3]): 
PretrainedInit: load from https://download.openmmlab.com/mmdetection/v3.0/rtmdet/cspnext_rsb_pretrain/cspnext-tiny_imagenet_600e.pth 

backbone.stage2.1.blocks.0.conv1.bn.weight - torch.Size([48]): 
PretrainedInit: load from https://download.openmmlab.com/mmdetection/v3.0/rtmdet/cspnext_rsb_pretrain/cspnext-tiny_imagenet_600e.pth 

backbone.stage2.1.blocks.0.conv1.bn.bias - torch.Size([48]): 
PretrainedInit: load from https://download.openmmlab.com/mmdetection/v3.0/rtmdet/cspnext_rsb_pretrain/cspnext-tiny_imagenet_600e.pth 

backbone.stage2.1.blocks.0.conv2.depthwise_conv.conv.weight - torch.Size([48, 1, 5, 5]): 
PretrainedInit: load from https://download.openmmlab.com/mmdetection/v3.0/rtmdet/cspnext_rsb_pretrain/cspnext-tiny_imagenet_600e.pth 

backbone.stage2.1.blocks.0.conv2.depthwise_conv.bn.weight - torch.Size([48]): 
PretrainedInit: load from https://download.openmmlab.com/mmdetection/v3.0/rtmdet/cspnext_rsb_pretrain/cspnext-tiny_imagenet_600e.pth 

backbone.stage2.1.blocks.0.conv2.depthwise_conv.bn.bias - torch.Size([48]): 
PretrainedInit: load from https://download.openmmlab.com/mmdetection/v3.0/rtmdet/cspnext_rsb_pretrain/cspnext-tiny_imagenet_600e.pth 

backbone.stage2.1.blocks.0.conv2.pointwise_conv.conv.weight - torch.Size([48, 48, 1, 1]): 
PretrainedInit: load from https://download.openmmlab.com/mmdetection/v3.0/rtmdet/cspnext_rsb_pretrain/cspnext-tiny_imagenet_600e.pth 

backbone.stage2.1.blocks.0.conv2.pointwise_conv.bn.weight - torch.Size([48]): 
PretrainedInit: load from https://download.openmmlab.com/mmdetection/v3.0/rtmdet/cspnext_rsb_pretrain/cspnext-tiny_imagenet_600e.pth 

backbone.stage2.1.blocks.0.conv2.pointwise_conv.bn.bias - torch.Size([48]): 
PretrainedInit: load from https://download.openmmlab.com/mmdetection/v3.0/rtmdet/cspnext_rsb_pretrain/cspnext-tiny_imagenet_600e.pth 

backbone.stage2.1.attention.fc.weight - torch.Size([96, 96, 1, 1]): 
PretrainedInit: load from https://download.openmmlab.com/mmdetection/v3.0/rtmdet/cspnext_rsb_pretrain/cspnext-tiny_imagenet_600e.pth 

backbone.stage2.1.attention.fc.bias - torch.Size([96]): 
PretrainedInit: load from https://download.openmmlab.com/mmdetection/v3.0/rtmdet/cspnext_rsb_pretrain/cspnext-tiny_imagenet_600e.pth 

backbone.stage3.0.conv.weight - torch.Size([192, 96, 3, 3]): 
PretrainedInit: load from https://download.openmmlab.com/mmdetection/v3.0/rtmdet/cspnext_rsb_pretrain/cspnext-tiny_imagenet_600e.pth 

backbone.stage3.0.bn.weight - torch.Size([192]): 
PretrainedInit: load from https://download.openmmlab.com/mmdetection/v3.0/rtmdet/cspnext_rsb_pretrain/cspnext-tiny_imagenet_600e.pth 

backbone.stage3.0.bn.bias - torch.Size([192]): 
PretrainedInit: load from https://download.openmmlab.com/mmdetection/v3.0/rtmdet/cspnext_rsb_pretrain/cspnext-tiny_imagenet_600e.pth 

backbone.stage3.1.main_conv.conv.weight - torch.Size([96, 192, 1, 1]): 
PretrainedInit: load from https://download.openmmlab.com/mmdetection/v3.0/rtmdet/cspnext_rsb_pretrain/cspnext-tiny_imagenet_600e.pth 

backbone.stage3.1.main_conv.bn.weight - torch.Size([96]): 
PretrainedInit: load from https://download.openmmlab.com/mmdetection/v3.0/rtmdet/cspnext_rsb_pretrain/cspnext-tiny_imagenet_600e.pth 

backbone.stage3.1.main_conv.bn.bias - torch.Size([96]): 
PretrainedInit: load from https://download.openmmlab.com/mmdetection/v3.0/rtmdet/cspnext_rsb_pretrain/cspnext-tiny_imagenet_600e.pth 

backbone.stage3.1.short_conv.conv.weight - torch.Size([96, 192, 1, 1]): 
PretrainedInit: load from https://download.openmmlab.com/mmdetection/v3.0/rtmdet/cspnext_rsb_pretrain/cspnext-tiny_imagenet_600e.pth 

backbone.stage3.1.short_conv.bn.weight - torch.Size([96]): 
PretrainedInit: load from https://download.openmmlab.com/mmdetection/v3.0/rtmdet/cspnext_rsb_pretrain/cspnext-tiny_imagenet_600e.pth 

backbone.stage3.1.short_conv.bn.bias - torch.Size([96]): 
PretrainedInit: load from https://download.openmmlab.com/mmdetection/v3.0/rtmdet/cspnext_rsb_pretrain/cspnext-tiny_imagenet_600e.pth 

backbone.stage3.1.final_conv.conv.weight - torch.Size([192, 192, 1, 1]): 
PretrainedInit: load from https://download.openmmlab.com/mmdetection/v3.0/rtmdet/cspnext_rsb_pretrain/cspnext-tiny_imagenet_600e.pth 

backbone.stage3.1.final_conv.bn.weight - torch.Size([192]): 
PretrainedInit: load from https://download.openmmlab.com/mmdetection/v3.0/rtmdet/cspnext_rsb_pretrain/cspnext-tiny_imagenet_600e.pth 

backbone.stage3.1.final_conv.bn.bias - torch.Size([192]): 
PretrainedInit: load from https://download.openmmlab.com/mmdetection/v3.0/rtmdet/cspnext_rsb_pretrain/cspnext-tiny_imagenet_600e.pth 

backbone.stage3.1.blocks.0.conv1.conv.weight - torch.Size([96, 96, 3, 3]): 
PretrainedInit: load from https://download.openmmlab.com/mmdetection/v3.0/rtmdet/cspnext_rsb_pretrain/cspnext-tiny_imagenet_600e.pth 

backbone.stage3.1.blocks.0.conv1.bn.weight - torch.Size([96]): 
PretrainedInit: load from https://download.openmmlab.com/mmdetection/v3.0/rtmdet/cspnext_rsb_pretrain/cspnext-tiny_imagenet_600e.pth 

backbone.stage3.1.blocks.0.conv1.bn.bias - torch.Size([96]): 
PretrainedInit: load from https://download.openmmlab.com/mmdetection/v3.0/rtmdet/cspnext_rsb_pretrain/cspnext-tiny_imagenet_600e.pth 

backbone.stage3.1.blocks.0.conv2.depthwise_conv.conv.weight - torch.Size([96, 1, 5, 5]): 
PretrainedInit: load from https://download.openmmlab.com/mmdetection/v3.0/rtmdet/cspnext_rsb_pretrain/cspnext-tiny_imagenet_600e.pth 

backbone.stage3.1.blocks.0.conv2.depthwise_conv.bn.weight - torch.Size([96]): 
PretrainedInit: load from https://download.openmmlab.com/mmdetection/v3.0/rtmdet/cspnext_rsb_pretrain/cspnext-tiny_imagenet_600e.pth 

backbone.stage3.1.blocks.0.conv2.depthwise_conv.bn.bias - torch.Size([96]): 
PretrainedInit: load from https://download.openmmlab.com/mmdetection/v3.0/rtmdet/cspnext_rsb_pretrain/cspnext-tiny_imagenet_600e.pth 

backbone.stage3.1.blocks.0.conv2.pointwise_conv.conv.weight - torch.Size([96, 96, 1, 1]): 
PretrainedInit: load from https://download.openmmlab.com/mmdetection/v3.0/rtmdet/cspnext_rsb_pretrain/cspnext-tiny_imagenet_600e.pth 

backbone.stage3.1.blocks.0.conv2.pointwise_conv.bn.weight - torch.Size([96]): 
PretrainedInit: load from https://download.openmmlab.com/mmdetection/v3.0/rtmdet/cspnext_rsb_pretrain/cspnext-tiny_imagenet_600e.pth 

backbone.stage3.1.blocks.0.conv2.pointwise_conv.bn.bias - torch.Size([96]): 
PretrainedInit: load from https://download.openmmlab.com/mmdetection/v3.0/rtmdet/cspnext_rsb_pretrain/cspnext-tiny_imagenet_600e.pth 

backbone.stage3.1.attention.fc.weight - torch.Size([192, 192, 1, 1]): 
PretrainedInit: load from https://download.openmmlab.com/mmdetection/v3.0/rtmdet/cspnext_rsb_pretrain/cspnext-tiny_imagenet_600e.pth 

backbone.stage3.1.attention.fc.bias - torch.Size([192]): 
PretrainedInit: load from https://download.openmmlab.com/mmdetection/v3.0/rtmdet/cspnext_rsb_pretrain/cspnext-tiny_imagenet_600e.pth 

backbone.stage4.0.conv.weight - torch.Size([384, 192, 3, 3]): 
PretrainedInit: load from https://download.openmmlab.com/mmdetection/v3.0/rtmdet/cspnext_rsb_pretrain/cspnext-tiny_imagenet_600e.pth 

backbone.stage4.0.bn.weight - torch.Size([384]): 
PretrainedInit: load from https://download.openmmlab.com/mmdetection/v3.0/rtmdet/cspnext_rsb_pretrain/cspnext-tiny_imagenet_600e.pth 

backbone.stage4.0.bn.bias - torch.Size([384]): 
PretrainedInit: load from https://download.openmmlab.com/mmdetection/v3.0/rtmdet/cspnext_rsb_pretrain/cspnext-tiny_imagenet_600e.pth 

backbone.stage4.1.conv1.conv.weight - torch.Size([192, 384, 1, 1]): 
PretrainedInit: load from https://download.openmmlab.com/mmdetection/v3.0/rtmdet/cspnext_rsb_pretrain/cspnext-tiny_imagenet_600e.pth 

backbone.stage4.1.conv1.bn.weight - torch.Size([192]): 
PretrainedInit: load from https://download.openmmlab.com/mmdetection/v3.0/rtmdet/cspnext_rsb_pretrain/cspnext-tiny_imagenet_600e.pth 

backbone.stage4.1.conv1.bn.bias - torch.Size([192]): 
PretrainedInit: load from https://download.openmmlab.com/mmdetection/v3.0/rtmdet/cspnext_rsb_pretrain/cspnext-tiny_imagenet_600e.pth 

backbone.stage4.1.conv2.conv.weight - torch.Size([384, 768, 1, 1]): 
PretrainedInit: load from https://download.openmmlab.com/mmdetection/v3.0/rtmdet/cspnext_rsb_pretrain/cspnext-tiny_imagenet_600e.pth 

backbone.stage4.1.conv2.bn.weight - torch.Size([384]): 
PretrainedInit: load from https://download.openmmlab.com/mmdetection/v3.0/rtmdet/cspnext_rsb_pretrain/cspnext-tiny_imagenet_600e.pth 

backbone.stage4.1.conv2.bn.bias - torch.Size([384]): 
PretrainedInit: load from https://download.openmmlab.com/mmdetection/v3.0/rtmdet/cspnext_rsb_pretrain/cspnext-tiny_imagenet_600e.pth 

backbone.stage4.2.main_conv.conv.weight - torch.Size([192, 384, 1, 1]): 
PretrainedInit: load from https://download.openmmlab.com/mmdetection/v3.0/rtmdet/cspnext_rsb_pretrain/cspnext-tiny_imagenet_600e.pth 

backbone.stage4.2.main_conv.bn.weight - torch.Size([192]): 
PretrainedInit: load from https://download.openmmlab.com/mmdetection/v3.0/rtmdet/cspnext_rsb_pretrain/cspnext-tiny_imagenet_600e.pth 

backbone.stage4.2.main_conv.bn.bias - torch.Size([192]): 
PretrainedInit: load from https://download.openmmlab.com/mmdetection/v3.0/rtmdet/cspnext_rsb_pretrain/cspnext-tiny_imagenet_600e.pth 

backbone.stage4.2.short_conv.conv.weight - torch.Size([192, 384, 1, 1]): 
PretrainedInit: load from https://download.openmmlab.com/mmdetection/v3.0/rtmdet/cspnext_rsb_pretrain/cspnext-tiny_imagenet_600e.pth 

backbone.stage4.2.short_conv.bn.weight - torch.Size([192]): 
PretrainedInit: load from https://download.openmmlab.com/mmdetection/v3.0/rtmdet/cspnext_rsb_pretrain/cspnext-tiny_imagenet_600e.pth 

backbone.stage4.2.short_conv.bn.bias - torch.Size([192]): 
PretrainedInit: load from https://download.openmmlab.com/mmdetection/v3.0/rtmdet/cspnext_rsb_pretrain/cspnext-tiny_imagenet_600e.pth 

backbone.stage4.2.final_conv.conv.weight - torch.Size([384, 384, 1, 1]): 
PretrainedInit: load from https://download.openmmlab.com/mmdetection/v3.0/rtmdet/cspnext_rsb_pretrain/cspnext-tiny_imagenet_600e.pth 

backbone.stage4.2.final_conv.bn.weight - torch.Size([384]): 
PretrainedInit: load from https://download.openmmlab.com/mmdetection/v3.0/rtmdet/cspnext_rsb_pretrain/cspnext-tiny_imagenet_600e.pth 

backbone.stage4.2.final_conv.bn.bias - torch.Size([384]): 
PretrainedInit: load from https://download.openmmlab.com/mmdetection/v3.0/rtmdet/cspnext_rsb_pretrain/cspnext-tiny_imagenet_600e.pth 

backbone.stage4.2.blocks.0.conv1.conv.weight - torch.Size([192, 192, 3, 3]): 
PretrainedInit: load from https://download.openmmlab.com/mmdetection/v3.0/rtmdet/cspnext_rsb_pretrain/cspnext-tiny_imagenet_600e.pth 

backbone.stage4.2.blocks.0.conv1.bn.weight - torch.Size([192]): 
PretrainedInit: load from https://download.openmmlab.com/mmdetection/v3.0/rtmdet/cspnext_rsb_pretrain/cspnext-tiny_imagenet_600e.pth 

backbone.stage4.2.blocks.0.conv1.bn.bias - torch.Size([192]): 
PretrainedInit: load from https://download.openmmlab.com/mmdetection/v3.0/rtmdet/cspnext_rsb_pretrain/cspnext-tiny_imagenet_600e.pth 

backbone.stage4.2.blocks.0.conv2.depthwise_conv.conv.weight - torch.Size([192, 1, 5, 5]): 
PretrainedInit: load from https://download.openmmlab.com/mmdetection/v3.0/rtmdet/cspnext_rsb_pretrain/cspnext-tiny_imagenet_600e.pth 

backbone.stage4.2.blocks.0.conv2.depthwise_conv.bn.weight - torch.Size([192]): 
PretrainedInit: load from https://download.openmmlab.com/mmdetection/v3.0/rtmdet/cspnext_rsb_pretrain/cspnext-tiny_imagenet_600e.pth 

backbone.stage4.2.blocks.0.conv2.depthwise_conv.bn.bias - torch.Size([192]): 
PretrainedInit: load from https://download.openmmlab.com/mmdetection/v3.0/rtmdet/cspnext_rsb_pretrain/cspnext-tiny_imagenet_600e.pth 

backbone.stage4.2.blocks.0.conv2.pointwise_conv.conv.weight - torch.Size([192, 192, 1, 1]): 
PretrainedInit: load from https://download.openmmlab.com/mmdetection/v3.0/rtmdet/cspnext_rsb_pretrain/cspnext-tiny_imagenet_600e.pth 

backbone.stage4.2.blocks.0.conv2.pointwise_conv.bn.weight - torch.Size([192]): 
PretrainedInit: load from https://download.openmmlab.com/mmdetection/v3.0/rtmdet/cspnext_rsb_pretrain/cspnext-tiny_imagenet_600e.pth 

backbone.stage4.2.blocks.0.conv2.pointwise_conv.bn.bias - torch.Size([192]): 
PretrainedInit: load from https://download.openmmlab.com/mmdetection/v3.0/rtmdet/cspnext_rsb_pretrain/cspnext-tiny_imagenet_600e.pth 

backbone.stage4.2.attention.fc.weight - torch.Size([384, 384, 1, 1]): 
PretrainedInit: load from https://download.openmmlab.com/mmdetection/v3.0/rtmdet/cspnext_rsb_pretrain/cspnext-tiny_imagenet_600e.pth 

backbone.stage4.2.attention.fc.bias - torch.Size([384]): 
PretrainedInit: load from https://download.openmmlab.com/mmdetection/v3.0/rtmdet/cspnext_rsb_pretrain/cspnext-tiny_imagenet_600e.pth 

neck.reduce_layers.0.conv.weight - torch.Size([192, 384, 1, 1]): 
KaimingInit: a=2.23606797749979, mode=fan_in, nonlinearity=leaky_relu, distribution =uniform, bias=0 

neck.reduce_layers.0.bn.weight - torch.Size([192]): 
The value is the same before and after calling `init_weights` of RTMDet  

neck.reduce_layers.0.bn.bias - torch.Size([192]): 
The value is the same before and after calling `init_weights` of RTMDet  

neck.reduce_layers.1.conv.weight - torch.Size([96, 192, 1, 1]): 
KaimingInit: a=2.23606797749979, mode=fan_in, nonlinearity=leaky_relu, distribution =uniform, bias=0 

neck.reduce_layers.1.bn.weight - torch.Size([96]): 
The value is the same before and after calling `init_weights` of RTMDet  

neck.reduce_layers.1.bn.bias - torch.Size([96]): 
The value is the same before and after calling `init_weights` of RTMDet  

neck.top_down_blocks.0.main_conv.conv.weight - torch.Size([96, 384, 1, 1]): 
KaimingInit: a=2.23606797749979, mode=fan_in, nonlinearity=leaky_relu, distribution =uniform, bias=0 

neck.top_down_blocks.0.main_conv.bn.weight - torch.Size([96]): 
The value is the same before and after calling `init_weights` of RTMDet  

neck.top_down_blocks.0.main_conv.bn.bias - torch.Size([96]): 
The value is the same before and after calling `init_weights` of RTMDet  

neck.top_down_blocks.0.short_conv.conv.weight - torch.Size([96, 384, 1, 1]): 
KaimingInit: a=2.23606797749979, mode=fan_in, nonlinearity=leaky_relu, distribution =uniform, bias=0 

neck.top_down_blocks.0.short_conv.bn.weight - torch.Size([96]): 
The value is the same before and after calling `init_weights` of RTMDet  

neck.top_down_blocks.0.short_conv.bn.bias - torch.Size([96]): 
The value is the same before and after calling `init_weights` of RTMDet  

neck.top_down_blocks.0.final_conv.conv.weight - torch.Size([192, 192, 1, 1]): 
KaimingInit: a=2.23606797749979, mode=fan_in, nonlinearity=leaky_relu, distribution =uniform, bias=0 

neck.top_down_blocks.0.final_conv.bn.weight - torch.Size([192]): 
The value is the same before and after calling `init_weights` of RTMDet  

neck.top_down_blocks.0.final_conv.bn.bias - torch.Size([192]): 
The value is the same before and after calling `init_weights` of RTMDet  

neck.top_down_blocks.0.blocks.0.conv1.conv.weight - torch.Size([96, 96, 3, 3]): 
KaimingInit: a=2.23606797749979, mode=fan_in, nonlinearity=leaky_relu, distribution =uniform, bias=0 

neck.top_down_blocks.0.blocks.0.conv1.bn.weight - torch.Size([96]): 
The value is the same before and after calling `init_weights` of RTMDet  

neck.top_down_blocks.0.blocks.0.conv1.bn.bias - torch.Size([96]): 
The value is the same before and after calling `init_weights` of RTMDet  

neck.top_down_blocks.0.blocks.0.conv2.depthwise_conv.conv.weight - torch.Size([96, 1, 5, 5]): 
KaimingInit: a=2.23606797749979, mode=fan_in, nonlinearity=leaky_relu, distribution =uniform, bias=0 

neck.top_down_blocks.0.blocks.0.conv2.depthwise_conv.bn.weight - torch.Size([96]): 
The value is the same before and after calling `init_weights` of RTMDet  

neck.top_down_blocks.0.blocks.0.conv2.depthwise_conv.bn.bias - torch.Size([96]): 
The value is the same before and after calling `init_weights` of RTMDet  

neck.top_down_blocks.0.blocks.0.conv2.pointwise_conv.conv.weight - torch.Size([96, 96, 1, 1]): 
KaimingInit: a=2.23606797749979, mode=fan_in, nonlinearity=leaky_relu, distribution =uniform, bias=0 

neck.top_down_blocks.0.blocks.0.conv2.pointwise_conv.bn.weight - torch.Size([96]): 
The value is the same before and after calling `init_weights` of RTMDet  

neck.top_down_blocks.0.blocks.0.conv2.pointwise_conv.bn.bias - torch.Size([96]): 
The value is the same before and after calling `init_weights` of RTMDet  

neck.top_down_blocks.1.main_conv.conv.weight - torch.Size([48, 192, 1, 1]): 
KaimingInit: a=2.23606797749979, mode=fan_in, nonlinearity=leaky_relu, distribution =uniform, bias=0 

neck.top_down_blocks.1.main_conv.bn.weight - torch.Size([48]): 
The value is the same before and after calling `init_weights` of RTMDet  

neck.top_down_blocks.1.main_conv.bn.bias - torch.Size([48]): 
The value is the same before and after calling `init_weights` of RTMDet  

neck.top_down_blocks.1.short_conv.conv.weight - torch.Size([48, 192, 1, 1]): 
KaimingInit: a=2.23606797749979, mode=fan_in, nonlinearity=leaky_relu, distribution =uniform, bias=0 

neck.top_down_blocks.1.short_conv.bn.weight - torch.Size([48]): 
The value is the same before and after calling `init_weights` of RTMDet  

neck.top_down_blocks.1.short_conv.bn.bias - torch.Size([48]): 
The value is the same before and after calling `init_weights` of RTMDet  

neck.top_down_blocks.1.final_conv.conv.weight - torch.Size([96, 96, 1, 1]): 
KaimingInit: a=2.23606797749979, mode=fan_in, nonlinearity=leaky_relu, distribution =uniform, bias=0 

neck.top_down_blocks.1.final_conv.bn.weight - torch.Size([96]): 
The value is the same before and after calling `init_weights` of RTMDet  

neck.top_down_blocks.1.final_conv.bn.bias - torch.Size([96]): 
The value is the same before and after calling `init_weights` of RTMDet  

neck.top_down_blocks.1.blocks.0.conv1.conv.weight - torch.Size([48, 48, 3, 3]): 
KaimingInit: a=2.23606797749979, mode=fan_in, nonlinearity=leaky_relu, distribution =uniform, bias=0 

neck.top_down_blocks.1.blocks.0.conv1.bn.weight - torch.Size([48]): 
The value is the same before and after calling `init_weights` of RTMDet  

neck.top_down_blocks.1.blocks.0.conv1.bn.bias - torch.Size([48]): 
The value is the same before and after calling `init_weights` of RTMDet  

neck.top_down_blocks.1.blocks.0.conv2.depthwise_conv.conv.weight - torch.Size([48, 1, 5, 5]): 
KaimingInit: a=2.23606797749979, mode=fan_in, nonlinearity=leaky_relu, distribution =uniform, bias=0 

neck.top_down_blocks.1.blocks.0.conv2.depthwise_conv.bn.weight - torch.Size([48]): 
The value is the same before and after calling `init_weights` of RTMDet  

neck.top_down_blocks.1.blocks.0.conv2.depthwise_conv.bn.bias - torch.Size([48]): 
The value is the same before and after calling `init_weights` of RTMDet  

neck.top_down_blocks.1.blocks.0.conv2.pointwise_conv.conv.weight - torch.Size([48, 48, 1, 1]): 
KaimingInit: a=2.23606797749979, mode=fan_in, nonlinearity=leaky_relu, distribution =uniform, bias=0 

neck.top_down_blocks.1.blocks.0.conv2.pointwise_conv.bn.weight - torch.Size([48]): 
The value is the same before and after calling `init_weights` of RTMDet  

neck.top_down_blocks.1.blocks.0.conv2.pointwise_conv.bn.bias - torch.Size([48]): 
The value is the same before and after calling `init_weights` of RTMDet  

neck.downsamples.0.conv.weight - torch.Size([96, 96, 3, 3]): 
KaimingInit: a=2.23606797749979, mode=fan_in, nonlinearity=leaky_relu, distribution =uniform, bias=0 

neck.downsamples.0.bn.weight - torch.Size([96]): 
The value is the same before and after calling `init_weights` of RTMDet  

neck.downsamples.0.bn.bias - torch.Size([96]): 
The value is the same before and after calling `init_weights` of RTMDet  

neck.downsamples.1.conv.weight - torch.Size([192, 192, 3, 3]): 
KaimingInit: a=2.23606797749979, mode=fan_in, nonlinearity=leaky_relu, distribution =uniform, bias=0 

neck.downsamples.1.bn.weight - torch.Size([192]): 
The value is the same before and after calling `init_weights` of RTMDet  

neck.downsamples.1.bn.bias - torch.Size([192]): 
The value is the same before and after calling `init_weights` of RTMDet  

neck.bottom_up_blocks.0.main_conv.conv.weight - torch.Size([96, 192, 1, 1]): 
KaimingInit: a=2.23606797749979, mode=fan_in, nonlinearity=leaky_relu, distribution =uniform, bias=0 

neck.bottom_up_blocks.0.main_conv.bn.weight - torch.Size([96]): 
The value is the same before and after calling `init_weights` of RTMDet  

neck.bottom_up_blocks.0.main_conv.bn.bias - torch.Size([96]): 
The value is the same before and after calling `init_weights` of RTMDet  

neck.bottom_up_blocks.0.short_conv.conv.weight - torch.Size([96, 192, 1, 1]): 
KaimingInit: a=2.23606797749979, mode=fan_in, nonlinearity=leaky_relu, distribution =uniform, bias=0 

neck.bottom_up_blocks.0.short_conv.bn.weight - torch.Size([96]): 
The value is the same before and after calling `init_weights` of RTMDet  

neck.bottom_up_blocks.0.short_conv.bn.bias - torch.Size([96]): 
The value is the same before and after calling `init_weights` of RTMDet  

neck.bottom_up_blocks.0.final_conv.conv.weight - torch.Size([192, 192, 1, 1]): 
KaimingInit: a=2.23606797749979, mode=fan_in, nonlinearity=leaky_relu, distribution =uniform, bias=0 

neck.bottom_up_blocks.0.final_conv.bn.weight - torch.Size([192]): 
The value is the same before and after calling `init_weights` of RTMDet  

neck.bottom_up_blocks.0.final_conv.bn.bias - torch.Size([192]): 
The value is the same before and after calling `init_weights` of RTMDet  

neck.bottom_up_blocks.0.blocks.0.conv1.conv.weight - torch.Size([96, 96, 3, 3]): 
KaimingInit: a=2.23606797749979, mode=fan_in, nonlinearity=leaky_relu, distribution =uniform, bias=0 

neck.bottom_up_blocks.0.blocks.0.conv1.bn.weight - torch.Size([96]): 
The value is the same before and after calling `init_weights` of RTMDet  

neck.bottom_up_blocks.0.blocks.0.conv1.bn.bias - torch.Size([96]): 
The value is the same before and after calling `init_weights` of RTMDet  

neck.bottom_up_blocks.0.blocks.0.conv2.depthwise_conv.conv.weight - torch.Size([96, 1, 5, 5]): 
KaimingInit: a=2.23606797749979, mode=fan_in, nonlinearity=leaky_relu, distribution =uniform, bias=0 

neck.bottom_up_blocks.0.blocks.0.conv2.depthwise_conv.bn.weight - torch.Size([96]): 
The value is the same before and after calling `init_weights` of RTMDet  

neck.bottom_up_blocks.0.blocks.0.conv2.depthwise_conv.bn.bias - torch.Size([96]): 
The value is the same before and after calling `init_weights` of RTMDet  

neck.bottom_up_blocks.0.blocks.0.conv2.pointwise_conv.conv.weight - torch.Size([96, 96, 1, 1]): 
KaimingInit: a=2.23606797749979, mode=fan_in, nonlinearity=leaky_relu, distribution =uniform, bias=0 

neck.bottom_up_blocks.0.blocks.0.conv2.pointwise_conv.bn.weight - torch.Size([96]): 
The value is the same before and after calling `init_weights` of RTMDet  

neck.bottom_up_blocks.0.blocks.0.conv2.pointwise_conv.bn.bias - torch.Size([96]): 
The value is the same before and after calling `init_weights` of RTMDet  

neck.bottom_up_blocks.1.main_conv.conv.weight - torch.Size([192, 384, 1, 1]): 
KaimingInit: a=2.23606797749979, mode=fan_in, nonlinearity=leaky_relu, distribution =uniform, bias=0 

neck.bottom_up_blocks.1.main_conv.bn.weight - torch.Size([192]): 
The value is the same before and after calling `init_weights` of RTMDet  

neck.bottom_up_blocks.1.main_conv.bn.bias - torch.Size([192]): 
The value is the same before and after calling `init_weights` of RTMDet  

neck.bottom_up_blocks.1.short_conv.conv.weight - torch.Size([192, 384, 1, 1]): 
KaimingInit: a=2.23606797749979, mode=fan_in, nonlinearity=leaky_relu, distribution =uniform, bias=0 

neck.bottom_up_blocks.1.short_conv.bn.weight - torch.Size([192]): 
The value is the same before and after calling `init_weights` of RTMDet  

neck.bottom_up_blocks.1.short_conv.bn.bias - torch.Size([192]): 
The value is the same before and after calling `init_weights` of RTMDet  

neck.bottom_up_blocks.1.final_conv.conv.weight - torch.Size([384, 384, 1, 1]): 
KaimingInit: a=2.23606797749979, mode=fan_in, nonlinearity=leaky_relu, distribution =uniform, bias=0 

neck.bottom_up_blocks.1.final_conv.bn.weight - torch.Size([384]): 
The value is the same before and after calling `init_weights` of RTMDet  

neck.bottom_up_blocks.1.final_conv.bn.bias - torch.Size([384]): 
The value is the same before and after calling `init_weights` of RTMDet  

neck.bottom_up_blocks.1.blocks.0.conv1.conv.weight - torch.Size([192, 192, 3, 3]): 
KaimingInit: a=2.23606797749979, mode=fan_in, nonlinearity=leaky_relu, distribution =uniform, bias=0 

neck.bottom_up_blocks.1.blocks.0.conv1.bn.weight - torch.Size([192]): 
The value is the same before and after calling `init_weights` of RTMDet  

neck.bottom_up_blocks.1.blocks.0.conv1.bn.bias - torch.Size([192]): 
The value is the same before and after calling `init_weights` of RTMDet  

neck.bottom_up_blocks.1.blocks.0.conv2.depthwise_conv.conv.weight - torch.Size([192, 1, 5, 5]): 
KaimingInit: a=2.23606797749979, mode=fan_in, nonlinearity=leaky_relu, distribution =uniform, bias=0 

neck.bottom_up_blocks.1.blocks.0.conv2.depthwise_conv.bn.weight - torch.Size([192]): 
The value is the same before and after calling `init_weights` of RTMDet  

neck.bottom_up_blocks.1.blocks.0.conv2.depthwise_conv.bn.bias - torch.Size([192]): 
The value is the same before and after calling `init_weights` of RTMDet  

neck.bottom_up_blocks.1.blocks.0.conv2.pointwise_conv.conv.weight - torch.Size([192, 192, 1, 1]): 
KaimingInit: a=2.23606797749979, mode=fan_in, nonlinearity=leaky_relu, distribution =uniform, bias=0 

neck.bottom_up_blocks.1.blocks.0.conv2.pointwise_conv.bn.weight - torch.Size([192]): 
The value is the same before and after calling `init_weights` of RTMDet  

neck.bottom_up_blocks.1.blocks.0.conv2.pointwise_conv.bn.bias - torch.Size([192]): 
The value is the same before and after calling `init_weights` of RTMDet  

neck.out_convs.0.conv.weight - torch.Size([96, 96, 3, 3]): 
KaimingInit: a=2.23606797749979, mode=fan_in, nonlinearity=leaky_relu, distribution =uniform, bias=0 

neck.out_convs.0.bn.weight - torch.Size([96]): 
The value is the same before and after calling `init_weights` of RTMDet  

neck.out_convs.0.bn.bias - torch.Size([96]): 
The value is the same before and after calling `init_weights` of RTMDet  

neck.out_convs.1.conv.weight - torch.Size([96, 192, 3, 3]): 
KaimingInit: a=2.23606797749979, mode=fan_in, nonlinearity=leaky_relu, distribution =uniform, bias=0 

neck.out_convs.1.bn.weight - torch.Size([96]): 
The value is the same before and after calling `init_weights` of RTMDet  

neck.out_convs.1.bn.bias - torch.Size([96]): 
The value is the same before and after calling `init_weights` of RTMDet  

neck.out_convs.2.conv.weight - torch.Size([96, 384, 3, 3]): 
KaimingInit: a=2.23606797749979, mode=fan_in, nonlinearity=leaky_relu, distribution =uniform, bias=0 

neck.out_convs.2.bn.weight - torch.Size([96]): 
The value is the same before and after calling `init_weights` of RTMDet  

neck.out_convs.2.bn.bias - torch.Size([96]): 
The value is the same before and after calling `init_weights` of RTMDet  

bbox_head.cls_convs.0.0.conv.weight - torch.Size([96, 96, 3, 3]): 
Initialized by user-defined `init_weights` in RTMDetInsSepBNHead  

bbox_head.cls_convs.0.0.bn.weight - torch.Size([96]): 
The value is the same before and after calling `init_weights` of RTMDet  

bbox_head.cls_convs.0.0.bn.bias - torch.Size([96]): 
The value is the same before and after calling `init_weights` of RTMDet  

bbox_head.cls_convs.0.1.conv.weight - torch.Size([96, 96, 3, 3]): 
Initialized by user-defined `init_weights` in RTMDetInsSepBNHead  

bbox_head.cls_convs.0.1.bn.weight - torch.Size([96]): 
The value is the same before and after calling `init_weights` of RTMDet  

bbox_head.cls_convs.0.1.bn.bias - torch.Size([96]): 
The value is the same before and after calling `init_weights` of RTMDet  

bbox_head.cls_convs.1.0.bn.weight - torch.Size([96]): 
The value is the same before and after calling `init_weights` of RTMDet  

bbox_head.cls_convs.1.0.bn.bias - torch.Size([96]): 
The value is the same before and after calling `init_weights` of RTMDet  

bbox_head.cls_convs.1.1.bn.weight - torch.Size([96]): 
The value is the same before and after calling `init_weights` of RTMDet  

bbox_head.cls_convs.1.1.bn.bias - torch.Size([96]): 
The value is the same before and after calling `init_weights` of RTMDet  

bbox_head.cls_convs.2.0.bn.weight - torch.Size([96]): 
The value is the same before and after calling `init_weights` of RTMDet  

bbox_head.cls_convs.2.0.bn.bias - torch.Size([96]): 
The value is the same before and after calling `init_weights` of RTMDet  

bbox_head.cls_convs.2.1.bn.weight - torch.Size([96]): 
The value is the same before and after calling `init_weights` of RTMDet  

bbox_head.cls_convs.2.1.bn.bias - torch.Size([96]): 
The value is the same before and after calling `init_weights` of RTMDet  

bbox_head.kernel_convs.0.0.conv.weight - torch.Size([96, 96, 3, 3]): 
Initialized by user-defined `init_weights` in RTMDetInsSepBNHead  

bbox_head.kernel_convs.0.0.bn.weight - torch.Size([96]): 
The value is the same before and after calling `init_weights` of RTMDet  

bbox_head.kernel_convs.0.0.bn.bias - torch.Size([96]): 
The value is the same before and after calling `init_weights` of RTMDet  

bbox_head.kernel_convs.0.1.conv.weight - torch.Size([96, 96, 3, 3]): 
Initialized by user-defined `init_weights` in RTMDetInsSepBNHead  

bbox_head.kernel_convs.0.1.bn.weight - torch.Size([96]): 
The value is the same before and after calling `init_weights` of RTMDet  

bbox_head.kernel_convs.0.1.bn.bias - torch.Size([96]): 
The value is the same before and after calling `init_weights` of RTMDet  

bbox_head.kernel_convs.1.0.conv.weight - torch.Size([96, 96, 3, 3]): 
Initialized by user-defined `init_weights` in RTMDetInsSepBNHead  

bbox_head.kernel_convs.1.0.bn.weight - torch.Size([96]): 
The value is the same before and after calling `init_weights` of RTMDet  

bbox_head.kernel_convs.1.0.bn.bias - torch.Size([96]): 
The value is the same before and after calling `init_weights` of RTMDet  

bbox_head.kernel_convs.1.1.conv.weight - torch.Size([96, 96, 3, 3]): 
Initialized by user-defined `init_weights` in RTMDetInsSepBNHead  

bbox_head.kernel_convs.1.1.bn.weight - torch.Size([96]): 
The value is the same before and after calling `init_weights` of RTMDet  

bbox_head.kernel_convs.1.1.bn.bias - torch.Size([96]): 
The value is the same before and after calling `init_weights` of RTMDet  

bbox_head.kernel_convs.2.0.conv.weight - torch.Size([96, 96, 3, 3]): 
Initialized by user-defined `init_weights` in RTMDetInsSepBNHead  

bbox_head.kernel_convs.2.0.bn.weight - torch.Size([96]): 
The value is the same before and after calling `init_weights` of RTMDet  

bbox_head.kernel_convs.2.0.bn.bias - torch.Size([96]): 
The value is the same before and after calling `init_weights` of RTMDet  

bbox_head.kernel_convs.2.1.conv.weight - torch.Size([96, 96, 3, 3]): 
Initialized by user-defined `init_weights` in RTMDetInsSepBNHead  

bbox_head.kernel_convs.2.1.bn.weight - torch.Size([96]): 
The value is the same before and after calling `init_weights` of RTMDet  

bbox_head.kernel_convs.2.1.bn.bias - torch.Size([96]): 
The value is the same before and after calling `init_weights` of RTMDet  

bbox_head.rtm_cls.0.weight - torch.Size([1, 96, 1, 1]): 
Initialized by user-defined `init_weights` in RTMDetInsSepBNHead  

bbox_head.rtm_cls.0.bias - torch.Size([1]): 
Initialized by user-defined `init_weights` in RTMDetInsSepBNHead  

bbox_head.rtm_cls.1.weight - torch.Size([1, 96, 1, 1]): 
Initialized by user-defined `init_weights` in RTMDetInsSepBNHead  

bbox_head.rtm_cls.1.bias - torch.Size([1]): 
Initialized by user-defined `init_weights` in RTMDetInsSepBNHead  

bbox_head.rtm_cls.2.weight - torch.Size([1, 96, 1, 1]): 
Initialized by user-defined `init_weights` in RTMDetInsSepBNHead  

bbox_head.rtm_cls.2.bias - torch.Size([1]): 
Initialized by user-defined `init_weights` in RTMDetInsSepBNHead  

bbox_head.rtm_reg.0.weight - torch.Size([4, 96, 1, 1]): 
Initialized by user-defined `init_weights` in RTMDetInsSepBNHead  

bbox_head.rtm_reg.0.bias - torch.Size([4]): 
Initialized by user-defined `init_weights` in RTMDetInsSepBNHead  

bbox_head.rtm_reg.1.weight - torch.Size([4, 96, 1, 1]): 
Initialized by user-defined `init_weights` in RTMDetInsSepBNHead  

bbox_head.rtm_reg.1.bias - torch.Size([4]): 
Initialized by user-defined `init_weights` in RTMDetInsSepBNHead  

bbox_head.rtm_reg.2.weight - torch.Size([4, 96, 1, 1]): 
Initialized by user-defined `init_weights` in RTMDetInsSepBNHead  

bbox_head.rtm_reg.2.bias - torch.Size([4]): 
Initialized by user-defined `init_weights` in RTMDetInsSepBNHead  

bbox_head.rtm_kernel.0.weight - torch.Size([169, 96, 1, 1]): 
Initialized by user-defined `init_weights` in RTMDetInsSepBNHead  

bbox_head.rtm_kernel.0.bias - torch.Size([169]): 
Initialized by user-defined `init_weights` in RTMDetInsSepBNHead  

bbox_head.rtm_kernel.1.weight - torch.Size([169, 96, 1, 1]): 
Initialized by user-defined `init_weights` in RTMDetInsSepBNHead  

bbox_head.rtm_kernel.1.bias - torch.Size([169]): 
Initialized by user-defined `init_weights` in RTMDetInsSepBNHead  

bbox_head.rtm_kernel.2.weight - torch.Size([169, 96, 1, 1]): 
Initialized by user-defined `init_weights` in RTMDetInsSepBNHead  

bbox_head.rtm_kernel.2.bias - torch.Size([169]): 
Initialized by user-defined `init_weights` in RTMDetInsSepBNHead  

bbox_head.mask_head.fusion_conv.weight - torch.Size([96, 288, 1, 1]): 
Initialized by user-defined `init_weights` in RTMDetInsSepBNHead  

bbox_head.mask_head.fusion_conv.bias - torch.Size([96]): 
Initialized by user-defined `init_weights` in RTMDetInsSepBNHead  

bbox_head.mask_head.stacked_convs.0.conv.weight - torch.Size([96, 96, 3, 3]): 
Initialized by user-defined `init_weights` in RTMDetInsSepBNHead  

bbox_head.mask_head.stacked_convs.0.bn.weight - torch.Size([96]): 
The value is the same before and after calling `init_weights` of RTMDet  

bbox_head.mask_head.stacked_convs.0.bn.bias - torch.Size([96]): 
The value is the same before and after calling `init_weights` of RTMDet  

bbox_head.mask_head.stacked_convs.1.conv.weight - torch.Size([96, 96, 3, 3]): 
Initialized by user-defined `init_weights` in RTMDetInsSepBNHead  

bbox_head.mask_head.stacked_convs.1.bn.weight - torch.Size([96]): 
The value is the same before and after calling `init_weights` of RTMDet  

bbox_head.mask_head.stacked_convs.1.bn.bias - torch.Size([96]): 
The value is the same before and after calling `init_weights` of RTMDet  

bbox_head.mask_head.stacked_convs.2.conv.weight - torch.Size([96, 96, 3, 3]): 
Initialized by user-defined `init_weights` in RTMDetInsSepBNHead  

bbox_head.mask_head.stacked_convs.2.bn.weight - torch.Size([96]): 
The value is the same before and after calling `init_weights` of RTMDet  

bbox_head.mask_head.stacked_convs.2.bn.bias - torch.Size([96]): 
The value is the same before and after calling `init_weights` of RTMDet  

bbox_head.mask_head.stacked_convs.3.conv.weight - torch.Size([96, 96, 3, 3]): 
Initialized by user-defined `init_weights` in RTMDetInsSepBNHead  

bbox_head.mask_head.stacked_convs.3.bn.weight - torch.Size([96]): 
The value is the same before and after calling `init_weights` of RTMDet  

bbox_head.mask_head.stacked_convs.3.bn.bias - torch.Size([96]): 
The value is the same before and after calling `init_weights` of RTMDet  

bbox_head.mask_head.projection.weight - torch.Size([8, 96, 1, 1]): 
Initialized by user-defined `init_weights` in RTMDetInsSepBNHead  

bbox_head.mask_head.projection.bias - torch.Size([8]): 
Initialized by user-defined `init_weights` in RTMDetInsSepBNHead  
2026/08/06 23:40:47 - mmengine - INFO - Load checkpoint from https://download.openmmlab.com/mmdetection/v3.0/rtmdet/rtmdet-ins_tiny_8xb32-300e_coco/rtmdet-ins_tiny_8xb32-300e_coco_20221130_151727-ec670f7e.pth
2026/08/06 23:40:47 - mmengine - WARNING - "FileClient" will be deprecated in future. Please use io functions in https://mmengine.readthedocs.io/en/latest/api/fileio.html#file-io
2026/08/06 23:40:47 - mmengine - WARNING - "HardDiskBackend" is the alias of "LocalBackend" and the former will be deprecated in future.
2026/08/06 23:40:47 - mmengine - INFO - Checkpoints will be saved to d:\mamografi\real_time_segmentasyon\rtmdet\calisma\rtmdet_ins_tiny_256_orta_s42.
2026/08/06 23:40:51 - mmengine - INFO - Epoch(train)   [1][10/68]  base_lr: 5.7726e-06 lr: 5.7726e-06  eta: 0:45:19  time: 0.4006  data_time: 0.1349  memory: 598  grad_norm: 68.9499  loss: 3.0245  loss_cls: 1.8433  loss_bbox: 0.7623  loss_mask: 0.4189
2026/08/06 23:40:55 - mmengine - INFO - Epoch(train)   [1][20/68]  base_lr: 1.2048e-05 lr: 1.2048e-05  eta: 0:42:58  time: 0.3804  data_time: 0.1354  memory: 593  grad_norm: 69.0504  loss: 3.0357  loss_cls: 1.8510  loss_bbox: 0.7562  loss_mask: 0.4285
2026/08/06 23:40:59 - mmengine - INFO - Epoch(train)   [1][30/68]  base_lr: 1.8323e-05 lr: 1.8323e-05  eta: 0:41:51  time: 0.3710  data_time: 0.1352  memory: 597  grad_norm: 82.3831  loss: 3.0275  loss_cls: 1.8465  loss_bbox: 0.7582  loss_mask: 0.4227
2026/08/06 23:41:02 - mmengine - INFO - Epoch(train)   [1][40/68]  base_lr: 2.4598e-05 lr: 2.4598e-05  eta: 0:41:00  time: 0.3639  data_time: 0.1345  memory: 592  grad_norm: 92.2697  loss: 3.0190  loss_cls: 1.8408  loss_bbox: 0.7608  loss_mask: 0.4174
2026/08/06 23:41:05 - mmengine - INFO - Epoch(train)   [1][50/68]  base_lr: 3.0873e-05 lr: 3.0873e-05  eta: 0:39:58  time: 0.3554  data_time: 0.1294  memory: 593  grad_norm: 90.6078  loss: 3.0108  loss_cls: 1.8472  loss_bbox: 0.7561  loss_mask: 0.4075
2026/08/06 23:41:09 - mmengine - INFO - Epoch(train)   [1][60/68]  base_lr: 3.7148e-05 lr: 3.7148e-05  eta: 0:39:44  time: 0.3445  data_time: 0.1281  memory: 597  grad_norm: 87.4303  loss: 3.0114  loss_cls: 1.8643  loss_bbox: 0.7483  loss_mask: 0.3987
2026/08/06 23:41:11 - mmengine - INFO - Exp name: rtmdet_ins_busi_20260806_234040
2026/08/06 23:41:11 - mmengine - INFO - Saving checkpoint at 1 epochs
2026/08/06 23:41:13 - mmengine - INFO - Epoch(val)   [1][ 10/116]    eta: 0:00:03  time: 0.0360  data_time: 0.0071  memory: 599  
2026/08/06 23:41:14 - mmengine - INFO - Epoch(val)   [1][ 20/116]    eta: 0:00:03  time: 0.0324  data_time: 0.0054  memory: 94  
2026/08/06 23:41:14 - mmengine - INFO - Epoch(val)   [1][ 30/116]    eta: 0:00:02  time: 0.0312  data_time: 0.0057  memory: 94  
2026/08/06 23:41:14 - mmengine - INFO - Epoch(val)   [1][ 40/116]    eta: 0:00:02  time: 0.0306  data_time: 0.0052  memory: 94  
2026/08/06 23:41:15 - mmengine - INFO - Epoch(val)   [1][ 50/116]    eta: 0:00:02  time: 0.0312  data_time: 0.0056  memory: 94  
2026/08/06 23:41:15 - mmengine - INFO - Epoch(val)   [1][ 60/116]    eta: 0:00:01  time: 0.0312  data_time: 0.0057  memory: 94  
2026/08/06 23:41:15 - mmengine - INFO - Epoch(val)   [1][ 70/116]    eta: 0:00:01  time: 0.0322  data_time: 0.0058  memory: 94  
2026/08/06 23:41:16 - mmengine - INFO - Epoch(val)   [1][ 80/116]    eta: 0:00:01  time: 0.0327  data_time: 0.0055  memory: 94  
2026/08/06 23:41:16 - mmengine - INFO - Epoch(val)   [1][ 90/116]    eta: 0:00:00  time: 0.0339  data_time: 0.0061  memory: 94  
2026/08/06 23:41:16 - mmengine - INFO - Epoch(val)   [1][100/116]    eta: 0:00:00  time: 0.0331  data_time: 0.0060  memory: 94  
2026/08/06 23:41:17 - mmengine - INFO - Epoch(val)   [1][110/116]    eta: 0:00:00  time: 0.0328  data_time: 0.0055  memory: 94  
2026/08/06 23:41:17 - mmengine - INFO - Evaluating bbox...
2026/08/06 23:41:17 - mmengine - ERROR - D:\mamografi\.venv_mmdet\lib\site-packages\mmdet\evaluation\metrics\coco_metric.py - compute_metrics - 465 - The testing results of the whole dataset is empty.
2026/08/06 23:41:19 - mmengine - INFO - val kayip: val_kayip_cls 1.6416  val_kayip_bbox 0.5450  val_kayip_mask 0.2677  val_kayip 2.4543
2026/08/06 23:41:19 - mmengine - INFO - Epoch(val) [1][116/116]    busi/dice_tum: 0.1724  busi/dice_lezyonlu: 0.0000  busi/bos_dogru: 20  busi/esik: 0.1000  val_kayip_cls: 1.6416  val_kayip_bbox: 0.5450  val_kayip_mask: 0.2677  val_kayip: 2.4543  data_time: 0.0057  time: 0.0325
2026/08/06 23:41:20 - mmengine - INFO - The best checkpoint with 0.1724 busi/dice_tum at 1 epoch is saved to best_busi_dice_tum_epoch_1.pth.
2026/08/06 23:41:26 - mmengine - INFO - Epoch(train)   [2][10/68]  base_lr: 4.8443e-05 lr: 4.8443e-05  eta: 0:39:03  time: 0.3346  data_time: 0.1205  memory: 598  grad_norm: 76.7732  loss: 3.0002  loss_cls: 1.9043  loss_bbox: 0.7286  loss_mask: 0.3674
2026/08/06 23:41:29 - mmengine - INFO - Epoch(train)   [2][20/68]  base_lr: 5.4719e-05 lr: 5.4719e-05  eta: 0:39:02  time: 0.3355  data_time: 0.1220  memory: 598  grad_norm: 60.4605  loss: 3.0138  loss_cls: 1.9581  loss_bbox: 0.7046  loss_mask: 0.3512
2026/08/06 23:41:33 - mmengine - INFO - Epoch(train)   [2][30/68]  base_lr: 6.0994e-05 lr: 6.0994e-05  eta: 0:38:46  time: 0.3383  data_time: 0.1236  memory: 599  grad_norm: 75.2629  loss: 3.0160  loss_cls: 1.9821  loss_bbox: 0.6919  loss_mask: 0.3421
2026/08/06 23:41:36 - mmengine - INFO - Epoch(train)   [2][40/68]  base_lr: 6.7269e-05 lr: 6.7269e-05  eta: 0:38:48  time: 0.3403  data_time: 0.1234  memory: 600  grad_norm: 82.1829  loss: 3.0005  loss_cls: 1.9981  loss_bbox: 0.6783  loss_mask: 0.3241
2026/08/06 23:41:40 - mmengine - INFO - Epoch(train)   [2][50/68]  base_lr: 7.3544e-05 lr: 7.3544e-05  eta: 0:38:29  time: 0.3416  data_time: 0.1270  memory: 598  grad_norm: 88.2858  loss: 2.9816  loss_cls: 2.0084  loss_bbox: 0.6656  loss_mask: 0.3076
2026/08/06 23:41:43 - mmengine - INFO - Epoch(train)   [2][60/68]  base_lr: 7.9819e-05 lr: 7.9819e-05  eta: 0:38:23  time: 0.3400  data_time: 0.1258  memory: 599  grad_norm: 96.6245  loss: 2.9599  loss_cls: 1.9876  loss_bbox: 0.6636  loss_mask: 0.3087
2026/08/06 23:41:46 - mmengine - INFO - Exp name: rtmdet_ins_busi_20260806_234040
2026/08/06 23:41:46 - mmengine - INFO - Saving checkpoint at 2 epochs
2026/08/06 23:41:48 - mmengine - INFO - Epoch(val)   [2][ 10/116]    eta: 0:00:03  time: 0.0323  data_time: 0.0055  memory: 598  
2026/08/06 23:41:48 - mmengine - INFO - Epoch(val)   [2][ 20/116]    eta: 0:00:02  time: 0.0314  data_time: 0.0047  memory: 94  
2026/08/06 23:41:48 - mmengine - INFO - Epoch(val)   [2][ 30/116]    eta: 0:00:02  time: 0.0305  data_time: 0.0043  memory: 94  
2026/08/06 23:41:49 - mmengine - INFO - Epoch(val)   [2][ 40/116]    eta: 0:00:02  time: 0.0287  data_time: 0.0047  memory: 94  
2026/08/06 23:41:49 - mmengine - INFO - Epoch(val)   [2][ 50/116]    eta: 0:00:01  time: 0.0281  data_time: 0.0047  memory: 94  
2026/08/06 23:41:49 - mmengine - INFO - Epoch(val)   [2][ 60/116]    eta: 0:00:01  time: 0.0284  data_time: 0.0046  memory: 94  
2026/08/06 23:41:50 - mmengine - INFO - Epoch(val)   [2][ 70/116]    eta: 0:00:01  time: 0.0284  data_time: 0.0046  memory: 94  
2026/08/06 23:41:50 - mmengine - INFO - Epoch(val)   [2][ 80/116]    eta: 0:00:01  time: 0.0293  data_time: 0.0047  memory: 94  
2026/08/06 23:41:50 - mmengine - INFO - Epoch(val)   [2][ 90/116]    eta: 0:00:00  time: 0.0308  data_time: 0.0044  memory: 94  
2026/08/06 23:41:50 - mmengine - INFO - Epoch(val)   [2][100/116]    eta: 0:00:00  time: 0.0298  data_time: 0.0041  memory: 94  
2026/08/06 23:41:51 - mmengine - INFO - Epoch(val)   [2][110/116]    eta: 0:00:00  time: 0.0300  data_time: 0.0053  memory: 94  
2026/08/06 23:41:51 - mmengine - INFO - Evaluating bbox...
2026/08/06 23:41:51 - mmengine - INFO - bbox_mAP_copypaste: 0.023 0.030 0.030 0.000 0.000 0.030
2026/08/06 23:41:51 - mmengine - INFO - Evaluating segm...
2026/08/06 23:41:51 - mmengine - INFO - segm_mAP_copypaste: 0.029 0.030 0.030 0.000 0.000 0.038
2026/08/06 23:41:53 - mmengine - INFO - val kayip: val_kayip_cls 1.5670  val_kayip_bbox 0.4765  val_kayip_mask 0.2028  val_kayip 2.2463
2026/08/06 23:41:53 - mmengine - INFO - Epoch(val) [2][116/116]    busi/dice_tum: 0.1724  busi/dice_lezyonlu: 0.0000  busi/bos_dogru: 20  busi/esik: 0.1000  val_kayip_cls: 1.5670  val_kayip_bbox: 0.4765  val_kayip_mask: 0.2028  val_kayip: 2.2463  coco/bbox_mAP: 0.0230  coco/bbox_mAP_50: 0.0300  coco/bbox_mAP_75: 0.0300  coco/bbox_mAP_s: 0.0000  coco/bbox_mAP_m: 0.0000  coco/bbox_mAP_l: 0.0300  coco/segm_mAP: 0.0290  coco/segm_mAP_50: 0.0300  coco/segm_mAP_75: 0.0300  coco/segm_mAP_s: 0.0000  coco/segm_mAP_m: 0.0000  coco/segm_mAP_l: 0.0380  data_time: 0.0046  time: 0.0294
2026/08/06 23:41:56 - mmengine - INFO - Epoch(train)   [3][10/68]  base_lr: 9.1114e-05 lr: 9.1114e-05  eta: 0:38:11  time: 0.3380  data_time: 0.1215  memory: 599  grad_norm: 88.2647  loss: 2.8855  loss_cls: 1.9482  loss_bbox: 0.6492  loss_mask: 0.2881
2026/08/06 23:42:00 - mmengine - INFO - Epoch(train)   [3][20/68]  base_lr: 9.7389e-05 lr: 9.7389e-05  eta: 0:37:57  time: 0.3314  data_time: 0.1189  memory: 599  grad_norm: 76.9631  loss: 2.8302  loss_cls: 1.9206  loss_bbox: 0.6290  loss_mask: 0.2805
2026/08/06 23:42:03 - mmengine - INFO - Epoch(train)   [3][30/68]  base_lr: 1.0366e-04 lr: 1.0366e-04  eta: 0:37:48  time: 0.3328  data_time: 0.1202  memory: 599  grad_norm: 67.7599  loss: 2.7384  loss_cls: 1.8593  loss_bbox: 0.6042  loss_mask: 0.2749
2026/08/06 23:42:06 - mmengine - INFO - Epoch(train)   [3][40/68]  base_lr: 1.0994e-04 lr: 1.0994e-04  eta: 0:37:44  time: 0.3336  data_time: 0.1209  memory: 599  grad_norm: 60.3310  loss: 2.5551  loss_cls: 1.7321  loss_bbox: 0.5684  loss_mask: 0.2546
2026/08/06 23:42:10 - mmengine - INFO - Epoch(train)   [3][50/68]  base_lr: 1.1621e-04 lr: 1.1621e-04  eta: 0:37:37  time: 0.3347  data_time: 0.1225  memory: 601  grad_norm: 58.7863  loss: 2.3044  loss_cls: 1.5400  loss_bbox: 0.5333  loss_mask: 0.2310
2026/08/06 23:42:13 - mmengine - INFO - Epoch(train)   [3][60/68]  base_lr: 1.2249e-04 lr: 1.2249e-04  eta: 0:37:26  time: 0.3281  data_time: 0.1190  memory: 601  grad_norm: 49.6022  loss: 2.0357  loss_cls: 1.2899  loss_bbox: 0.5193  loss_mask: 0.2265
2026/08/06 23:42:15 - mmengine - INFO - Exp name: rtmdet_ins_busi_20260806_234040
2026/08/06 23:42:15 - mmengine - INFO - Saving checkpoint at 3 epochs
2026/08/06 23:42:18 - mmengine - INFO - Epoch(val)   [3][ 10/116]    eta: 0:00:04  time: 0.0332  data_time: 0.0055  memory: 598  
2026/08/06 23:42:18 - mmengine - INFO - Epoch(val)   [3][ 20/116]    eta: 0:00:03  time: 0.0345  data_time: 0.0043  memory: 161  
2026/08/06 23:42:19 - mmengine - INFO - Epoch(val)   [3][ 30/116]    eta: 0:00:03  time: 0.0365  data_time: 0.0050  memory: 122  
2026/08/06 23:42:19 - mmengine - INFO - Epoch(val)   [3][ 40/116]    eta: 0:00:02  time: 0.0377  data_time: 0.0050  memory: 116  
2026/08/06 23:42:19 - mmengine - INFO - Epoch(val)   [3][ 50/116]    eta: 0:00:02  time: 0.0400  data_time: 0.0054  memory: 127  
2026/08/06 23:42:20 - mmengine - INFO - Epoch(val)   [3][ 60/116]    eta: 0:00:02  time: 0.0400  data_time: 0.0057  memory: 138  
2026/08/06 23:42:20 - mmengine - INFO - Epoch(val)   [3][ 70/116]    eta: 0:00:01  time: 0.0403  data_time: 0.0059  memory: 145  
2026/08/06 23:42:21 - mmengine - INFO - Epoch(val)   [3][ 80/116]    eta: 0:00:01  time: 0.0402  data_time: 0.0053  memory: 127  
2026/08/06 23:42:21 - mmengine - INFO - Epoch(val)   [3][ 90/116]    eta: 0:00:01  time: 0.0429  data_time: 0.0049  memory: 151  
2026/08/06 23:42:21 - mmengine - INFO - Epoch(val)   [3][100/116]    eta: 0:00:00  time: 0.0429  data_time: 0.0050  memory: 165  
2026/08/06 23:42:22 - mmengine - INFO - Epoch(val)   [3][110/116]    eta: 0:00:00  time: 0.0413  data_time: 0.0042  memory: 148  
2026/08/06 23:42:22 - mmengine - INFO - Evaluating bbox...
2026/08/06 23:42:22 - mmengine - INFO - bbox_mAP_copypaste: 0.358 0.715 0.242 0.000 0.436 0.325
2026/08/06 23:42:22 - mmengine - INFO - Evaluating segm...
2026/08/06 23:42:22 - mmengine - INFO - segm_mAP_copypaste: 0.456 0.710 0.522 0.000 0.604 0.389
2026/08/06 23:42:24 - mmengine - INFO - val kayip: val_kayip_cls 0.5468  val_kayip_bbox 0.4070  val_kayip_mask 0.1556  val_kayip 1.1094
2026/08/06 23:42:24 - mmengine - INFO - Epoch(val) [3][116/116]    busi/dice_tum: 0.6695  busi/dice_lezyonlu: 0.6632  busi/bos_dogru: 14  busi/esik: 0.2000  val_kayip_cls: 0.5468  val_kayip_bbox: 0.4070  val_kayip_mask: 0.1556  val_kayip: 1.1094  coco/bbox_mAP: 0.3580  coco/bbox_mAP_50: 0.7150  coco/bbox_mAP_75: 0.2420  coco/bbox_mAP_s: 0.0000  coco/bbox_mAP_m: 0.4360  coco/bbox_mAP_l: 0.3250  coco/segm_mAP: 0.4560  coco/segm_mAP_50: 0.7100  coco/segm_mAP_75: 0.5220  coco/segm_mAP_s: 0.0000  coco/segm_mAP_m: 0.6040  coco/segm_mAP_l: 0.3890  data_time: 0.0050  time: 0.0408
2026/08/06 23:42:24 - mmengine - INFO - The previous best checkpoint d:\mamografi\real_time_segmentasyon\rtmdet\calisma\rtmdet_ins_tiny_256_orta_s42\best_busi_dice_tum_epoch_1.pth is removed
2026/08/06 23:42:26 - mmengine - INFO - The best checkpoint with 0.6695 busi/dice_tum at 3 epoch is saved to best_busi_dice_tum_epoch_3.pth.
2026/08/06 23:42:31 - mmengine - INFO - Epoch(train)   [4][10/68]  base_lr: 1.2500e-04 lr: 1.2500e-04  eta: 0:37:12  time: 0.3279  data_time: 0.1169  memory: 600  grad_norm: 49.5444  loss: 1.5954  loss_cls: 0.8782  loss_bbox: 0.5024  loss_mask: 0.2148
2026/08/06 23:42:35 - mmengine - INFO - Epoch(train)   [4][20/68]  base_lr: 1.2500e-04 lr: 1.2500e-04  eta: 0:37:06  time: 0.3273  data_time: 0.1182  memory: 598  grad_norm: 47.3388  loss: 1.4191  loss_cls: 0.7149  loss_bbox: 0.4918  loss_mask: 0.2124
2026/08/06 23:42:38 - mmengine - INFO - Epoch(train)   [4][30/68]  base_lr: 1.2500e-04 lr: 1.2500e-04  eta: 0:37:00  time: 0.3245  data_time: 0.1150  memory: 600  grad_norm: 40.9583  loss: 1.3190  loss_cls: 0.6127  loss_bbox: 0.4942  loss_mask: 0.2121
2026/08/06 23:42:41 - mmengine - INFO - Epoch(train)   [4][40/68]  base_lr: 1.2500e-04 lr: 1.2500e-04  eta: 0:36:57  time: 0.3290  data_time: 0.1196  memory: 599  grad_norm: 35.7625  loss: 1.2273  loss_cls: 0.5358  loss_bbox: 0.4851  loss_mask: 0.2064
2026/08/06 23:42:45 - mmengine - INFO - Epoch(train)   [4][50/68]  base_lr: 1.2500e-04 lr: 1.2500e-04  eta: 0:36:49  time: 0.3336  data_time: 0.1250  memory: 598  grad_norm: 31.6953  loss: 1.1675  loss_cls: 0.4855  loss_bbox: 0.4795  loss_mask: 0.2025
2026/08/06 23:42:48 - mmengine - INFO - Epoch(train)   [4][60/68]  base_lr: 1.2500e-04 lr: 1.2500e-04  eta: 0:36:45  time: 0.3305  data_time: 0.1257  memory: 599  grad_norm: 28.5475  loss: 1.1283  loss_cls: 0.4610  loss_bbox: 0.4687  loss_mask: 0.1986
2026/08/06 23:42:50 - mmengine - INFO - Exp name: rtmdet_ins_busi_20260806_234040
2026/08/06 23:42:50 - mmengine - INFO - Saving checkpoint at 4 epochs
2026/08/06 23:42:53 - mmengine - INFO - Epoch(val)   [4][ 10/116]    eta: 0:00:04  time: 0.0424  data_time: 0.0049  memory: 599  
2026/08/06 23:42:53 - mmengine - INFO - Epoch(val)   [4][ 20/116]    eta: 0:00:04  time: 0.0419  data_time: 0.0049  memory: 153  
2026/08/06 23:42:53 - mmengine - INFO - Epoch(val)   [4][ 30/116]    eta: 0:00:03  time: 0.0398  data_time: 0.0051  memory: 131  
2026/08/06 23:42:54 - mmengine - INFO - Epoch(val)   [4][ 40/116]    eta: 0:00:03  time: 0.0399  data_time: 0.0047  memory: 138  
2026/08/06 23:42:54 - mmengine - INFO - Epoch(val)   [4][ 50/116]    eta: 0:00:02  time: 0.0412  data_time: 0.0042  memory: 148  
2026/08/06 23:42:55 - mmengine - INFO - Epoch(val)   [4][ 60/116]    eta: 0:00:02  time: 0.0431  data_time: 0.0041  memory: 161  
2026/08/06 23:42:55 - mmengine - INFO - Epoch(val)   [4][ 70/116]    eta: 0:00:01  time: 0.0436  data_time: 0.0044  memory: 148  
2026/08/06 23:42:56 - mmengine - INFO - Epoch(val)   [4][ 80/116]    eta: 0:00:01  time: 0.0454  data_time: 0.0052  memory: 157  
2026/08/06 23:42:56 - mmengine - INFO - Epoch(val)   [4][ 90/116]    eta: 0:00:01  time: 0.0478  data_time: 0.0059  memory: 175  
2026/08/06 23:42:57 - mmengine - INFO - Epoch(val)   [4][100/116]    eta: 0:00:00  time: 0.0484  data_time: 0.0060  memory: 155  
2026/08/06 23:42:57 - mmengine - INFO - Epoch(val)   [4][110/116]    eta: 0:00:00  time: 0.0468  data_time: 0.0057  memory: 157  
2026/08/06 23:42:57 - mmengine - INFO - Evaluating bbox...
2026/08/06 23:42:57 - mmengine - INFO - bbox_mAP_copypaste: 0.364 0.779 0.232 0.000 0.463 0.314
2026/08/06 23:42:57 - mmengine - INFO - Evaluating segm...
2026/08/06 23:42:57 - mmengine - INFO - segm_mAP_copypaste: 0.491 0.788 0.566 0.000 0.605 0.444
2026/08/06 23:42:59 - mmengine - INFO - val kayip: val_kayip_cls 0.5725  val_kayip_bbox 0.4244  val_kayip_mask 0.1456  val_kayip 1.1425
2026/08/06 23:42:59 - mmengine - INFO - Epoch(val) [4][116/116]    busi/dice_tum: 0.7190  busi/dice_lezyonlu: 0.6604  busi/bos_dogru: 20  busi/esik: 0.4000  val_kayip_cls: 0.5725  val_kayip_bbox: 0.4244  val_kayip_mask: 0.1456  val_kayip: 1.1425  coco/bbox_mAP: 0.3640  coco/bbox_mAP_50: 0.7790  coco/bbox_mAP_75: 0.2320  coco/bbox_mAP_s: 0.0000  coco/bbox_mAP_m: 0.4630  coco/bbox_mAP_l: 0.3140  coco/segm_mAP: 0.4910  coco/segm_mAP_50: 0.7880  coco/segm_mAP_75: 0.5660  coco/segm_mAP_s: 0.0000  coco/segm_mAP_m: 0.6050  coco/segm_mAP_l: 0.4440  data_time: 0.0056  time: 0.0445
2026/08/06 23:42:59 - mmengine - INFO - The previous best checkpoint d:\mamografi\real_time_segmentasyon\rtmdet\calisma\rtmdet_ins_tiny_256_orta_s42\best_busi_dice_tum_epoch_3.pth is removed
2026/08/06 23:43:01 - mmengine - INFO - The best checkpoint with 0.7190 busi/dice_tum at 4 epoch is saved to best_busi_dice_tum_epoch_4.pth.
2026/08/06 23:43:07 - mmengine - INFO - Epoch(train)   [5][10/68]  base_lr: 1.2500e-04 lr: 1.2500e-04  eta: 0:36:35  time: 0.3305  data_time: 0.1222  memory: 598  grad_norm: 32.2125  loss: 1.1072  loss_cls: 0.4518  loss_bbox: 0.4658  loss_mask: 0.1897
2026/08/06 23:43:10 - mmengine - INFO - Epoch(train)   [5][20/68]  base_lr: 1.2500e-04 lr: 1.2500e-04  eta: 0:36:29  time: 0.3277  data_time: 0.1194  memory: 600  grad_norm: 32.2103  loss: 1.1066  loss_cls: 0.4590  loss_bbox: 0.4608  loss_mask: 0.1869
2026/08/06 23:43:13 - mmengine - INFO - Epoch(train)   [5][30/68]  base_lr: 1.2500e-04 lr: 1.2500e-04  eta: 0:36:26  time: 0.3295  data_time: 0.1208  memory: 600  grad_norm: 29.3790  loss: 1.0752  loss_cls: 0.4488  loss_bbox: 0.4464  loss_mask: 0.1800
2026/08/06 23:43:17 - mmengine - INFO - Epoch(train)   [5][40/68]  base_lr: 1.2500e-04 lr: 1.2500e-04  eta: 0:36:20  time: 0.3290  data_time: 0.1200  memory: 603  grad_norm: 28.0410  loss: 1.0524  loss_cls: 0.4316  loss_bbox: 0.4428  loss_mask: 0.1780
2026/08/06 23:43:20 - mmengine - INFO - Epoch(train)   [5][50/68]  base_lr: 1.2500e-04 lr: 1.2500e-04  eta: 0:36:19  time: 0.3399  data_time: 0.1260  memory: 601  grad_norm: 23.4732  loss: 1.0507  loss_cls: 0.4294  loss_bbox: 0.4387  loss_mask: 0.1825
2026/08/06 23:43:23 - mmengine - INFO - Epoch(train)   [5][60/68]  base_lr: 1.2500e-04 lr: 1.2500e-04  eta: 0:36:14  time: 0.3325  data_time: 0.1254  memory: 599  grad_norm: 19.6130  loss: 1.0485  loss_cls: 0.4212  loss_bbox: 0.4434  loss_mask: 0.1839
2026/08/06 23:43:26 - mmengine - INFO - Exp name: rtmdet_ins_busi_20260806_234040
2026/08/06 23:43:26 - mmengine - INFO - Saving checkpoint at 5 epochs
2026/08/06 23:43:28 - mmengine - INFO - Epoch(val)   [5][ 10/116]    eta: 0:00:04  time: 0.0466  data_time: 0.0057  memory: 601  
2026/08/06 23:43:29 - mmengine - INFO - Epoch(val)   [5][ 20/116]    eta: 0:00:04  time: 0.0450  data_time: 0.0045  memory: 149  
2026/08/06 23:43:29 - mmengine - INFO - Epoch(val)   [5][ 30/116]    eta: 0:00:03  time: 0.0424  data_time: 0.0051  memory: 134  
2026/08/06 23:43:30 - mmengine - INFO - Epoch(val)   [5][ 40/116]    eta: 0:00:03  time: 0.0417  data_time: 0.0045  memory: 158  
2026/08/06 23:43:30 - mmengine - INFO - Epoch(val)   [5][ 50/116]    eta: 0:00:02  time: 0.0433  data_time: 0.0038  memory: 163  
2026/08/06 23:43:31 - mmengine - INFO - Epoch(val)   [5][ 60/116]    eta: 0:00:02  time: 0.0459  data_time: 0.0049  memory: 189  
2026/08/06 23:43:31 - mmengine - INFO - Epoch(val)   [5][ 70/116]    eta: 0:00:02  time: 0.0461  data_time: 0.0057  memory: 156  
2026/08/06 23:43:32 - mmengine - INFO - Epoch(val)   [5][ 80/116]    eta: 0:00:01  time: 0.0477  data_time: 0.0051  memory: 158  
2026/08/06 23:43:32 - mmengine - INFO - Epoch(val)   [5][ 90/116]    eta: 0:00:01  time: 0.0495  data_time: 0.0058  memory: 190  
2026/08/06 23:43:33 - mmengine - INFO - Epoch(val)   [5][100/116]    eta: 0:00:00  time: 0.0495  data_time: 0.0063  memory: 194  
2026/08/06 23:43:33 - mmengine - INFO - Epoch(val)   [5][110/116]    eta: 0:00:00  time: 0.0481  data_time: 0.0053  memory: 171  
2026/08/06 23:43:33 - mmengine - INFO - Evaluating bbox...
2026/08/06 23:43:33 - mmengine - INFO - bbox_mAP_copypaste: 0.436 0.788 0.417 0.000 0.522 0.387
2026/08/06 23:43:33 - mmengine - INFO - Evaluating segm...
2026/08/06 23:43:34 - mmengine - INFO - segm_mAP_copypaste: 0.516 0.785 0.614 0.000 0.622 0.477
2026/08/06 23:43:35 - mmengine - INFO - val kayip: val_kayip_cls 0.5716  val_kayip_bbox 0.3519  val_kayip_mask 0.1402  val_kayip 1.0637
2026/08/06 23:43:35 - mmengine - INFO - Epoch(val) [5][116/116]    busi/dice_tum: 0.6892  busi/dice_lezyonlu: 0.6557  busi/bos_dogru: 17  busi/esik: 0.3000  val_kayip_cls: 0.5716  val_kayip_bbox: 0.3519  val_kayip_mask: 0.1402  val_kayip: 1.0637  coco/bbox_mAP: 0.4360  coco/bbox_mAP_50: 0.7880  coco/bbox_mAP_75: 0.4170  coco/bbox_mAP_s: 0.0000  coco/bbox_mAP_m: 0.5220  coco/bbox_mAP_l: 0.3870  coco/segm_mAP: 0.5160  coco/segm_mAP_50: 0.7850  coco/segm_mAP_75: 0.6140  coco/segm_mAP_s: 0.0000  coco/segm_mAP_m: 0.6220  coco/segm_mAP_l: 0.4770  data_time: 0.0050  time: 0.0467
2026/08/06 23:43:39 - mmengine - INFO - Epoch(train)   [6][10/68]  base_lr: 1.2500e-04 lr: 1.2500e-04  eta: 0:36:05  time: 0.3306  data_time: 0.1237  memory: 602  grad_norm: 19.0509  loss: 1.0008  loss_cls: 0.3877  loss_bbox: 0.4346  loss_mask: 0.1784
2026/08/06 23:43:42 - mmengine - INFO - Epoch(train)   [6][20/68]  base_lr: 1.2500e-04 lr: 1.2500e-04  eta: 0:36:00  time: 0.3318  data_time: 0.1249  memory: 599  grad_norm: 20.9150  loss: 1.0008  loss_cls: 0.3915  loss_bbox: 0.4276  loss_mask: 0.1817
2026/08/06 23:43:45 - mmengine - INFO - Epoch(train)   [6][30/68]  base_lr: 1.2500e-04 lr: 1.2500e-04  eta: 0:35:57  time: 0.3287  data_time: 0.1232  memory: 600  grad_norm: 21.8003  loss: 0.9801  loss_cls: 0.3761  loss_bbox: 0.4243  loss_mask: 0.1797
2026/08/06 23:43:49 - mmengine - INFO - Epoch(train)   [6][40/68]  base_lr: 1.2500e-04 lr: 1.2500e-04  eta: 0:35:57  time: 0.3338  data_time: 0.1260  memory: 600  grad_norm: 20.7186  loss: 0.9397  loss_cls: 0.3627  loss_bbox: 0.4060  loss_mask: 0.1710
2026/08/06 23:43:52 - mmengine - INFO - Epoch(train)   [6][50/68]  base_lr: 1.2500e-04 lr: 1.2500e-04  eta: 0:35:49  time: 0.3327  data_time: 0.1226  memory: 601  grad_norm: 20.0783  loss: 0.9524  loss_cls: 0.3673  loss_bbox: 0.4143  loss_mask: 0.1708
2026/08/06 23:43:55 - mmengine - INFO - Epoch(train)   [6][60/68]  base_lr: 1.2500e-04 lr: 1.2500e-04  eta: 0:35:44  time: 0.3313  data_time: 0.1211  memory: 600  grad_norm: 19.8180  loss: 0.9838  loss_cls: 0.3884  loss_bbox: 0.4190  loss_mask: 0.1764
2026/08/06 23:43:58 - mmengine - INFO - Exp name: rtmdet_ins_busi_20260806_234040
2026/08/06 23:43:58 - mmengine - INFO - Saving checkpoint at 6 epochs
2026/08/06 23:44:00 - mmengine - INFO - Epoch(val)   [6][ 10/116]    eta: 0:00:04  time: 0.0487  data_time: 0.0056  memory: 599  
2026/08/06 23:44:01 - mmengine - INFO - Epoch(val)   [6][ 20/116]    eta: 0:00:03  time: 0.0463  data_time: 0.0057  memory: 153  
2026/08/06 23:44:01 - mmengine - INFO - Epoch(val)   [6][ 30/116]    eta: 0:00:03  time: 0.0438  data_time: 0.0054  memory: 150  
2026/08/06 23:44:02 - mmengine - INFO - Epoch(val)   [6][ 40/116]    eta: 0:00:03  time: 0.0422  data_time: 0.0048  memory: 143  
2026/08/06 23:44:02 - mmengine - INFO - Epoch(val)   [6][ 50/116]    eta: 0:00:02  time: 0.0431  data_time: 0.0056  memory: 188  
2026/08/06 23:44:03 - mmengine - INFO - Epoch(val)   [6][ 60/116]    eta: 0:00:02  time: 0.0447  data_time: 0.0056  memory: 170  
2026/08/06 23:44:03 - mmengine - INFO - Epoch(val)   [6][ 70/116]    eta: 0:00:02  time: 0.0476  data_time: 0.0058  memory: 148  
2026/08/06 23:44:04 - mmengine - INFO - Epoch(val)   [6][ 80/116]    eta: 0:00:01  time: 0.0487  data_time: 0.0058  memory: 161  
2026/08/06 23:44:04 - mmengine - INFO - Epoch(val)   [6][ 90/116]    eta: 0:00:01  time: 0.0507  data_time: 0.0062  memory: 185  
2026/08/06 23:44:05 - mmengine - INFO - Epoch(val)   [6][100/116]    eta: 0:00:00  time: 0.0499  data_time: 0.0055  memory: 169  
2026/08/06 23:44:05 - mmengine - INFO - Epoch(val)   [6][110/116]    eta: 0:00:00  time: 0.0492  data_time: 0.0052  memory: 158  
2026/08/06 23:44:06 - mmengine - INFO - Evaluating bbox...
2026/08/06 23:44:06 - mmengine - INFO - bbox_mAP_copypaste: 0.484 0.841 0.502 0.000 0.609 0.407
2026/08/06 23:44:06 - mmengine - INFO - Evaluating segm...
2026/08/06 23:44:06 - mmengine - INFO - segm_mAP_copypaste: 0.556 0.842 0.650 0.000 0.653 0.509
2026/08/06 23:44:08 - mmengine - INFO - val kayip: val_kayip_cls 0.6068  val_kayip_bbox 0.3286  val_kayip_mask 0.1369  val_kayip 1.0724
2026/08/06 23:44:08 - mmengine - INFO - Epoch(val) [6][116/116]    busi/dice_tum: 0.7187  busi/dice_lezyonlu: 0.7017  busi/bos_dogru: 16  busi/esik: 0.3000  val_kayip_cls: 0.6068  val_kayip_bbox: 0.3286  val_kayip_mask: 0.1369  val_kayip: 1.0724  coco/bbox_mAP: 0.4840  coco/bbox_mAP_50: 0.8410  coco/bbox_mAP_75: 0.5020  coco/bbox_mAP_s: 0.0000  coco/bbox_mAP_m: 0.6090  coco/bbox_mAP_l: 0.4070  coco/segm_mAP: 0.5560  coco/segm_mAP_50: 0.8420  coco/segm_mAP_75: 0.6500  coco/segm_mAP_s: 0.0000  coco/segm_mAP_m: 0.6530  coco/segm_mAP_l: 0.5090  data_time: 0.0051  time: 0.0469
2026/08/06 23:44:11 - mmengine - INFO - Epoch(train)   [7][10/68]  base_lr: 1.2500e-04 lr: 1.2500e-04  eta: 0:35:42  time: 0.3358  data_time: 0.1232  memory: 602  grad_norm: 18.4721  loss: 0.9372  loss_cls: 0.3640  loss_bbox: 0.4089  loss_mask: 0.1643
2026/08/06 23:44:15 - mmengine - INFO - Epoch(train)   [7][20/68]  base_lr: 1.2500e-04 lr: 1.2500e-04  eta: 0:35:43  time: 0.3395  data_time: 0.1230  memory: 599  grad_norm: 17.2699  loss: 0.9417  loss_cls: 0.3590  loss_bbox: 0.4199  loss_mask: 0.1628
2026/08/06 23:44:19 - mmengine - INFO - Epoch(train)   [7][30/68]  base_lr: 1.2500e-04 lr: 1.2500e-04  eta: 0:35:41  time: 0.3458  data_time: 0.1296  memory: 600  grad_norm: 17.1224  loss: 0.9346  loss_cls: 0.3548  loss_bbox: 0.4164  loss_mask: 0.1633
2026/08/06 23:44:22 - mmengine - INFO - Epoch(train)   [7][40/68]  base_lr: 1.2500e-04 lr: 1.2500e-04  eta: 0:35:39  time: 0.3504  data_time: 0.1327  memory: 598  grad_norm: 16.4866  loss: 0.9358  loss_cls: 0.3534  loss_bbox: 0.4187  loss_mask: 0.1637
2026/08/06 23:44:25 - mmengine - INFO - Epoch(train)   [7][50/68]  base_lr: 1.2500e-04 lr: 1.2500e-04  eta: 0:35:37  time: 0.3537  data_time: 0.1328  memory: 601  grad_norm: 14.1114  loss: 0.9225  loss_cls: 0.3391  loss_bbox: 0.4210  loss_mask: 0.1625
2026/08/06 23:44:29 - mmengine - INFO - Epoch(train)   [7][60/68]  base_lr: 1.2500e-04 lr: 1.2500e-04  eta: 0:35:33  time: 0.3469  data_time: 0.1293  memory: 599  grad_norm: 14.2842  loss: 0.9673  loss_cls: 0.3645  loss_bbox: 0.4311  loss_mask: 0.1716
2026/08/06 23:44:31 - mmengine - INFO - Exp name: rtmdet_ins_busi_20260806_234040
2026/08/06 23:44:31 - mmengine - INFO - Saving checkpoint at 7 epochs
2026/08/06 23:44:34 - mmengine - INFO - Epoch(val)   [7][ 10/116]    eta: 0:00:04  time: 0.0490  data_time: 0.0047  memory: 599  
2026/08/06 23:44:34 - mmengine - INFO - Epoch(val)   [7][ 20/116]    eta: 0:00:04  time: 0.0481  data_time: 0.0048  memory: 153  
2026/08/06 23:44:35 - mmengine - INFO - Epoch(val)   [7][ 30/116]    eta: 0:00:04  time: 0.0475  data_time: 0.0043  memory: 171  
2026/08/06 23:44:35 - mmengine - INFO - Epoch(val)   [7][ 40/116]    eta: 0:00:03  time: 0.0474  data_time: 0.0049  memory: 170  
2026/08/06 23:44:36 - mmengine - INFO - Epoch(val)   [7][ 50/116]    eta: 0:00:03  time: 0.0474  data_time: 0.0056  memory: 176  
2026/08/06 23:44:36 - mmengine - INFO - Epoch(val)   [7][ 60/116]    eta: 0:00:02  time: 0.0493  data_time: 0.0059  memory: 157  
2026/08/06 23:44:37 - mmengine - INFO - Epoch(val)   [7][ 70/116]    eta: 0:00:02  time: 0.0508  data_time: 0.0061  memory: 168  
2026/08/06 23:44:37 - mmengine - INFO - Epoch(val)   [7][ 80/116]    eta: 0:00:01  time: 0.0516  data_time: 0.0062  memory: 175  
2026/08/06 23:44:38 - mmengine - INFO - Epoch(val)   [7][ 90/116]    eta: 0:00:01  time: 0.0537  data_time: 0.0065  memory: 176  
2026/08/06 23:44:38 - mmengine - INFO - Epoch(val)   [7][100/116]    eta: 0:00:00  time: 0.0541  data_time: 0.0064  memory: 178  
2026/08/06 23:44:39 - mmengine - INFO - Epoch(val)   [7][110/116]    eta: 0:00:00  time: 0.0530  data_time: 0.0060  memory: 174  
2026/08/06 23:44:39 - mmengine - INFO - Evaluating bbox...
2026/08/06 23:44:39 - mmengine - INFO - bbox_mAP_copypaste: 0.446 0.827 0.415 0.000 0.553 0.389
2026/08/06 23:44:39 - mmengine - INFO - Evaluating segm...
2026/08/06 23:44:40 - mmengine - INFO - segm_mAP_copypaste: 0.544 0.838 0.631 0.000 0.656 0.498
2026/08/06 23:44:41 - mmengine - INFO - val kayip: val_kayip_cls 0.6980  val_kayip_bbox 0.3458  val_kayip_mask 0.1294  val_kayip 1.1732
2026/08/06 23:44:42 - mmengine - INFO - Epoch(val) [7][116/116]    busi/dice_tum: 0.7185  busi/dice_lezyonlu: 0.6911  busi/bos_dogru: 17  busi/esik: 0.3000  val_kayip_cls: 0.6980  val_kayip_bbox: 0.3458  val_kayip_mask: 0.1294  val_kayip: 1.1732  coco/bbox_mAP: 0.4460  coco/bbox_mAP_50: 0.8270  coco/bbox_mAP_75: 0.4150  coco/bbox_mAP_s: 0.0000  coco/bbox_mAP_m: 0.5530  coco/bbox_mAP_l: 0.3890  coco/segm_mAP: 0.5440  coco/segm_mAP_50: 0.8380  coco/segm_mAP_75: 0.6310  coco/segm_mAP_s: 0.0000  coco/segm_mAP_m: 0.6560  coco/segm_mAP_l: 0.4980  data_time: 0.0059  time: 0.0510
2026/08/06 23:44:45 - mmengine - INFO - Epoch(train)   [8][10/68]  base_lr: 1.2500e-04 lr: 1.2500e-04  eta: 0:35:29  time: 0.3434  data_time: 0.1286  memory: 600  grad_norm: 14.3604  loss: 0.9474  loss_cls: 0.3595  loss_bbox: 0.4211  loss_mask: 0.1669
2026/08/06 23:44:49 - mmengine - INFO - Epoch(train)   [8][20/68]  base_lr: 1.2500e-04 lr: 1.2500e-04  eta: 0:35:29  time: 0.3489  data_time: 0.1319  memory: 600  grad_norm: 14.6408  loss: 0.9607  loss_cls: 0.3679  loss_bbox: 0.4232  loss_mask: 0.1696
2026/08/06 23:44:52 - mmengine - INFO - Epoch(train)   [8][30/68]  base_lr: 1.2500e-04 lr: 1.2500e-04  eta: 0:35:24  time: 0.3441  data_time: 0.1270  memory: 599  grad_norm: 15.2738  loss: 0.9443  loss_cls: 0.3683  loss_bbox: 0.4103  loss_mask: 0.1657
2026/08/06 23:44:56 - mmengine - INFO - Epoch(train)   [8][40/68]  base_lr: 1.2500e-04 lr: 1.2500e-04  eta: 0:35:22  time: 0.3460  data_time: 0.1281  memory: 600  grad_norm: 15.5091  loss: 0.9381  loss_cls: 0.3631  loss_bbox: 0.4100  loss_mask: 0.1650
2026/08/06 23:44:59 - mmengine - INFO - Epoch(train)   [8][50/68]  base_lr: 1.2500e-04 lr: 1.2500e-04  eta: 0:35:24  time: 0.3570  data_time: 0.1371  memory: 600  grad_norm: 14.6432  loss: 0.9066  loss_cls: 0.3445  loss_bbox: 0.4005  loss_mask: 0.1616
2026/08/06 23:45:03 - mmengine - INFO - Epoch(train)   [8][60/68]  base_lr: 1.2500e-04 lr: 1.2500e-04  eta: 0:35:23  time: 0.3549  data_time: 0.1365  memory: 600  grad_norm: 15.4543  loss: 0.9324  loss_cls: 0.3512  loss_bbox: 0.4127  loss_mask: 0.1685
2026/08/06 23:45:06 - mmengine - INFO - Exp name: rtmdet_ins_busi_20260806_234040
2026/08/06 23:45:06 - mmengine - INFO - Saving checkpoint at 8 epochs
2026/08/06 23:45:08 - mmengine - INFO - Epoch(val)   [8][ 10/116]    eta: 0:00:05  time: 0.0533  data_time: 0.0062  memory: 600  
2026/08/06 23:45:09 - mmengine - INFO - Epoch(val)   [8][ 20/116]    eta: 0:00:04  time: 0.0516  data_time: 0.0059  memory: 177  
2026/08/06 23:45:09 - mmengine - INFO - Epoch(val)   [8][ 30/116]    eta: 0:00:04  time: 0.0493  data_time: 0.0055  memory: 163  
2026/08/06 23:45:10 - mmengine - INFO - Epoch(val)   [8][ 40/116]    eta: 0:00:03  time: 0.0481  data_time: 0.0052  memory: 163  
2026/08/06 23:45:10 - mmengine - INFO - Epoch(val)   [8][ 50/116]    eta: 0:00:03  time: 0.0473  data_time: 0.0054  memory: 206  
2026/08/06 23:45:11 - mmengine - INFO - Epoch(val)   [8][ 60/116]    eta: 0:00:02  time: 0.0476  data_time: 0.0055  memory: 162  
2026/08/06 23:45:11 - mmengine - INFO - Epoch(val)   [8][ 70/116]    eta: 0:00:02  time: 0.0475  data_time: 0.0059  memory: 153  
2026/08/06 23:45:12 - mmengine - INFO - Epoch(val)   [8][ 80/116]    eta: 0:00:01  time: 0.0487  data_time: 0.0060  memory: 171  
2026/08/06 23:45:12 - mmengine - INFO - Epoch(val)   [8][ 90/116]    eta: 0:00:01  time: 0.0506  data_time: 0.0065  memory: 168  
2026/08/06 23:45:13 - mmengine - INFO - Epoch(val)   [8][100/116]    eta: 0:00:00  time: 0.0506  data_time: 0.0064  memory: 194  
2026/08/06 23:45:13 - mmengine - INFO - Epoch(val)   [8][110/116]    eta: 0:00:00  time: 0.0511  data_time: 0.0062  memory: 186  
2026/08/06 23:45:14 - mmengine - INFO - Evaluating bbox...
2026/08/06 23:45:14 - mmengine - INFO - bbox_mAP_copypaste: 0.502 0.827 0.514 0.000 0.605 0.440
2026/08/06 23:45:14 - mmengine - INFO - Evaluating segm...
2026/08/06 23:45:14 - mmengine - INFO - segm_mAP_copypaste: 0.573 0.844 0.658 0.000 0.692 0.509
2026/08/06 23:45:16 - mmengine - INFO - val kayip: val_kayip_cls 0.5782  val_kayip_bbox 0.3102  val_kayip_mask 0.1328  val_kayip 1.0211
2026/08/06 23:45:16 - mmengine - INFO - Epoch(val) [8][116/116]    busi/dice_tum: 0.7247  busi/dice_lezyonlu: 0.6778  busi/bos_dogru: 19  busi/esik: 0.4000  val_kayip_cls: 0.5782  val_kayip_bbox: 0.3102  val_kayip_mask: 0.1328  val_kayip: 1.0211  coco/bbox_mAP: 0.5020  coco/bbox_mAP_50: 0.8270  coco/bbox_mAP_75: 0.5140  coco/bbox_mAP_s: 0.0000  coco/bbox_mAP_m: 0.6050  coco/bbox_mAP_l: 0.4400  coco/segm_mAP: 0.5730  coco/segm_mAP_50: 0.8440  coco/segm_mAP_75: 0.6580  coco/segm_mAP_s: 0.0000  coco/segm_mAP_m: 0.6920  coco/segm_mAP_l: 0.5090  data_time: 0.0059  time: 0.0498
2026/08/06 23:45:16 - mmengine - INFO - The previous best checkpoint d:\mamografi\real_time_segmentasyon\rtmdet\calisma\rtmdet_ins_tiny_256_orta_s42\best_busi_dice_tum_epoch_4.pth is removed
2026/08/06 23:45:18 - mmengine - INFO - The best checkpoint with 0.7247 busi/dice_tum at 8 epoch is saved to best_busi_dice_tum_epoch_8.pth.
2026/08/06 23:45:23 - mmengine - INFO - Epoch(train)   [9][10/68]  base_lr: 1.2500e-04 lr: 1.2500e-04  eta: 0:35:19  time: 0.3567  data_time: 0.1415  memory: 601  grad_norm: 14.3130  loss: 0.8687  loss_cls: 0.3128  loss_bbox: 0.4009  loss_mask: 0.1549
2026/08/06 23:45:27 - mmengine - INFO - Epoch(train)   [9][20/68]  base_lr: 1.2500e-04 lr: 1.2500e-04  eta: 0:35:16  time: 0.3562  data_time: 0.1412  memory: 602  grad_norm: 14.3654  loss: 0.8601  loss_cls: 0.3105  loss_bbox: 0.3956  loss_mask: 0.1540
2026/08/06 23:45:30 - mmengine - INFO - Epoch(train)   [9][30/68]  base_lr: 1.2500e-04 lr: 1.2500e-04  eta: 0:35:14  time: 0.3521  data_time: 0.1357  memory: 601  grad_norm: 14.4915  loss: 0.8669  loss_cls: 0.3196  loss_bbox: 0.3941  loss_mask: 0.1531
2026/08/06 23:45:34 - mmengine - INFO - Epoch(train)   [9][40/68]  base_lr: 1.2500e-04 lr: 1.2500e-04  eta: 0:35:14  time: 0.3552  data_time: 0.1382  memory: 603  grad_norm: 13.9422  loss: 0.8527  loss_cls: 0.3115  loss_bbox: 0.3868  loss_mask: 0.1544
2026/08/06 23:45:38 - mmengine - INFO - Epoch(train)   [9][50/68]  base_lr: 1.2500e-04 lr: 1.2500e-04  eta: 0:35:14  time: 0.3602  data_time: 0.1409  memory: 601  grad_norm: 13.8925  loss: 0.8568  loss_cls: 0.3153  loss_bbox: 0.3859  loss_mask: 0.1556
2026/08/06 23:45:41 - mmengine - INFO - Epoch(train)   [9][60/68]  base_lr: 1.2500e-04 lr: 1.2500e-04  eta: 0:35:11  time: 0.3564  data_time: 0.1373  memory: 598  grad_norm: 14.3804  loss: 0.8599  loss_cls: 0.3247  loss_bbox: 0.3818  loss_mask: 0.1534
2026/08/06 23:45:44 - mmengine - INFO - Exp name: rtmdet_ins_busi_20260806_234040
2026/08/06 23:45:44 - mmengine - INFO - Saving checkpoint at 9 epochs
2026/08/06 23:45:47 - mmengine - INFO - Epoch(val)   [9][ 10/116]    eta: 0:00:04  time: 0.0523  data_time: 0.0058  memory: 599  
2026/08/06 23:45:47 - mmengine - INFO - Epoch(val)   [9][ 20/116]    eta: 0:00:04  time: 0.0502  data_time: 0.0059  memory: 161  
2026/08/06 23:45:47 - mmengine - INFO - Epoch(val)   [9][ 30/116]    eta: 0:00:03  time: 0.0481  data_time: 0.0055  memory: 144  
2026/08/06 23:45:48 - mmengine - INFO - Epoch(val)   [9][ 40/116]    eta: 0:00:03  time: 0.0471  data_time: 0.0055  memory: 166  
2026/08/06 23:45:48 - mmengine - INFO - Epoch(val)   [9][ 50/116]    eta: 0:00:03  time: 0.0460  data_time: 0.0056  memory: 217  
2026/08/06 23:45:49 - mmengine - INFO - Epoch(val)   [9][ 60/116]    eta: 0:00:02  time: 0.0464  data_time: 0.0062  memory: 143  
2026/08/06 23:45:49 - mmengine - INFO - Epoch(val)   [9][ 70/116]    eta: 0:00:02  time: 0.0474  data_time: 0.0061  memory: 169  
2026/08/06 23:45:50 - mmengine - INFO - Epoch(val)   [9][ 80/116]    eta: 0:00:01  time: 0.0476  data_time: 0.0062  memory: 153  
2026/08/06 23:45:50 - mmengine - INFO - Epoch(val)   [9][ 90/116]    eta: 0:00:01  time: 0.0493  data_time: 0.0064  memory: 172  
2026/08/06 23:45:51 - mmengine - INFO - Epoch(val)   [9][100/116]    eta: 0:00:00  time: 0.0497  data_time: 0.0063  memory: 178  
2026/08/06 23:45:51 - mmengine - INFO - Epoch(val)   [9][110/116]    eta: 0:00:00  time: 0.0505  data_time: 0.0060  memory: 209  
2026/08/06 23:45:52 - mmengine - INFO - Evaluating bbox...
2026/08/06 23:45:52 - mmengine - INFO - bbox_mAP_copypaste: 0.533 0.842 0.631 0.000 0.640 0.471
2026/08/06 23:45:52 - mmengine - INFO - Evaluating segm...
2026/08/06 23:45:52 - mmengine - INFO - segm_mAP_copypaste: 0.570 0.851 0.654 0.000 0.695 0.511
2026/08/06 23:45:54 - mmengine - INFO - val kayip: val_kayip_cls 0.5502  val_kayip_bbox 0.2934  val_kayip_mask 0.1285  val_kayip 0.9721
2026/08/06 23:45:54 - mmengine - INFO - Epoch(val) [9][116/116]    busi/dice_tum: 0.7527  busi/dice_lezyonlu: 0.7220  busi/bos_dogru: 18  busi/esik: 0.3000  val_kayip_cls: 0.5502  val_kayip_bbox: 0.2934  val_kayip_mask: 0.1285  val_kayip: 0.9721  coco/bbox_mAP: 0.5330  coco/bbox_mAP_50: 0.8420  coco/bbox_mAP_75: 0.6310  coco/bbox_mAP_s: 0.0000  coco/bbox_mAP_m: 0.6400  coco/bbox_mAP_l: 0.4710  coco/segm_mAP: 0.5700  coco/segm_mAP_50: 0.8510  coco/segm_mAP_75: 0.6540  coco/segm_mAP_s: 0.0000  coco/segm_mAP_m: 0.6950  coco/segm_mAP_l: 0.5110  data_time: 0.0060  time: 0.0485
2026/08/06 23:45:54 - mmengine - INFO - The previous best checkpoint d:\mamografi\real_time_segmentasyon\rtmdet\calisma\rtmdet_ins_tiny_256_orta_s42\best_busi_dice_tum_epoch_8.pth is removed
2026/08/06 23:45:56 - mmengine - INFO - The best checkpoint with 0.7527 busi/dice_tum at 9 epoch is saved to best_busi_dice_tum_epoch_9.pth.
2026/08/06 23:46:01 - mmengine - INFO - Epoch(train)  [10][10/68]  base_lr: 1.2500e-04 lr: 1.2500e-04  eta: 0:35:08  time: 0.3604  data_time: 0.1388  memory: 601  grad_norm: 15.3302  loss: 0.8372  loss_cls: 0.3079  loss_bbox: 0.3803  loss_mask: 0.1489
2026/08/06 23:46:05 - mmengine - INFO - Epoch(train)  [10][20/68]  base_lr: 1.2500e-04 lr: 1.2500e-04  eta: 0:35:05  time: 0.3580  data_time: 0.1359  memory: 602  grad_norm: 14.8837  loss: 0.8406  loss_cls: 0.3157  loss_bbox: 0.3787  loss_mask: 0.1461
2026/08/06 23:46:08 - mmengine - INFO - Epoch(train)  [10][30/68]  base_lr: 1.2500e-04 lr: 1.2500e-04  eta: 0:35:05  time: 0.3567  data_time: 0.1341  memory: 603  grad_norm: 14.5716  loss: 0.8285  loss_cls: 0.3147  loss_bbox: 0.3718  loss_mask: 0.1419
2026/08/06 23:46:12 - mmengine - INFO - Epoch(train)  [10][40/68]  base_lr: 1.2500e-04 lr: 1.2500e-04  eta: 0:35:01  time: 0.3535  data_time: 0.1309  memory: 600  grad_norm: 14.0354  loss: 0.8115  loss_cls: 0.3009  loss_bbox: 0.3679  loss_mask: 0.1426
2026/08/06 23:46:15 - mmengine - INFO - Epoch(train)  [10][50/68]  base_lr: 1.2500e-04 lr: 1.2500e-04  eta: 0:35:00  time: 0.3562  data_time: 0.1302  memory: 600  grad_norm: 13.3173  loss: 0.8103  loss_cls: 0.3068  loss_bbox: 0.3579  loss_mask: 0.1455
2026/08/06 23:46:19 - mmengine - INFO - Epoch(train)  [10][60/68]  base_lr: 1.2500e-04 lr: 1.2500e-04  eta: 0:34:58  time: 0.3556  data_time: 0.1309  memory: 600  grad_norm: 13.4698  loss: 0.8326  loss_cls: 0.3181  loss_bbox: 0.3650  loss_mask: 0.1494
2026/08/06 23:46:22 - mmengine - INFO - Exp name: rtmdet_ins_busi_20260806_234040
2026/08/06 23:46:22 - mmengine - INFO - Saving checkpoint at 10 epochs
2026/08/06 23:46:24 - mmengine - INFO - Epoch(val)  [10][ 10/116]    eta: 0:00:04  time: 0.0504  data_time: 0.0061  memory: 597  
2026/08/06 23:46:24 - mmengine - INFO - Epoch(val)  [10][ 20/116]    eta: 0:00:03  time: 0.0482  data_time: 0.0051  memory: 157  
2026/08/06 23:46:25 - mmengine - INFO - Epoch(val)  [10][ 30/116]    eta: 0:00:03  time: 0.0451  data_time: 0.0047  memory: 173  
2026/08/06 23:46:25 - mmengine - INFO - Epoch(val)  [10][ 40/116]    eta: 0:00:03  time: 0.0437  data_time: 0.0045  memory: 160  
2026/08/06 23:46:26 - mmengine - INFO - Epoch(val)  [10][ 50/116]    eta: 0:00:02  time: 0.0424  data_time: 0.0045  memory: 199  
2026/08/06 23:46:26 - mmengine - INFO - Epoch(val)  [10][ 60/116]    eta: 0:00:02  time: 0.0435  data_time: 0.0048  memory: 170  
2026/08/06 23:46:27 - mmengine - INFO - Epoch(val)  [10][ 70/116]    eta: 0:00:01  time: 0.0443  data_time: 0.0058  memory: 141  
2026/08/06 23:46:27 - mmengine - INFO - Epoch(val)  [10][ 80/116]    eta: 0:00:01  time: 0.0453  data_time: 0.0059  memory: 167  
2026/08/06 23:46:28 - mmengine - INFO - Epoch(val)  [10][ 90/116]    eta: 0:00:01  time: 0.0463  data_time: 0.0061  memory: 182  
2026/08/06 23:46:28 - mmengine - INFO - Epoch(val)  [10][100/116]    eta: 0:00:00  time: 0.0464  data_time: 0.0062  memory: 183  
2026/08/06 23:46:29 - mmengine - INFO - Epoch(val)  [10][110/116]    eta: 0:00:00  time: 0.0477  data_time: 0.0065  memory: 174  
2026/08/06 23:46:29 - mmengine - INFO - Evaluating bbox...
2026/08/06 23:46:29 - mmengine - INFO - bbox_mAP_copypaste: 0.530 0.881 0.609 0.000 0.623 0.485
2026/08/06 23:46:29 - mmengine - INFO - Evaluating segm...
2026/08/06 23:46:29 - mmengine - INFO - segm_mAP_copypaste: 0.583 0.872 0.680 0.000 0.681 0.535
2026/08/06 23:46:31 - mmengine - INFO - val kayip: val_kayip_cls 0.5329  val_kayip_bbox 0.2886  val_kayip_mask 0.1293  val_kayip 0.9508
2026/08/06 23:46:31 - mmengine - INFO - Epoch(val) [10][116/116]    busi/dice_tum: 0.7777  busi/dice_lezyonlu: 0.7314  busi/bos_dogru: 20  busi/esik: 0.4000  val_kayip_cls: 0.5329  val_kayip_bbox: 0.2886  val_kayip_mask: 0.1293  val_kayip: 0.9508  coco/bbox_mAP: 0.5300  coco/bbox_mAP_50: 0.8810  coco/bbox_mAP_75: 0.6090  coco/bbox_mAP_s: 0.0000  coco/bbox_mAP_m: 0.6230  coco/bbox_mAP_l: 0.4850  coco/segm_mAP: 0.5830  coco/segm_mAP_50: 0.8720  coco/segm_mAP_75: 0.6800  coco/segm_mAP_s: 0.0000  coco/segm_mAP_m: 0.6810  coco/segm_mAP_l: 0.5350  data_time: 0.0057  time: 0.0456
2026/08/06 23:46:31 - mmengine - INFO - The previous best checkpoint d:\mamografi\real_time_segmentasyon\rtmdet\calisma\rtmdet_ins_tiny_256_orta_s42\best_busi_dice_tum_epoch_9.pth is removed
2026/08/06 23:46:33 - mmengine - INFO - The best checkpoint with 0.7777 busi/dice_tum at 10 epoch is saved to best_busi_dice_tum_epoch_10.pth.
2026/08/06 23:46:39 - mmengine - INFO - Epoch(train)  [11][10/68]  base_lr: 1.2500e-04 lr: 1.2500e-04  eta: 0:34:52  time: 0.3532  data_time: 0.1281  memory: 602  grad_norm: 14.4984  loss: 0.8400  loss_cls: 0.3251  loss_bbox: 0.3649  loss_mask: 0.1501
2026/08/06 23:46:42 - mmengine - INFO - Epoch(train)  [11][20/68]  base_lr: 1.2500e-04 lr: 1.2500e-04  eta: 0:34:52  time: 0.3590  data_time: 0.1323  memory: 600  grad_norm: 14.9480  loss: 0.8419  loss_cls: 0.3291  loss_bbox: 0.3646  loss_mask: 0.1481
2026/08/06 23:46:46 - mmengine - INFO - Epoch(train)  [11][30/68]  base_lr: 1.2500e-04 lr: 1.2500e-04  eta: 0:34:50  time: 0.3560  data_time: 0.1358  memory: 600  grad_norm: 14.8452  loss: 0.8395  loss_cls: 0.3290  loss_bbox: 0.3633  loss_mask: 0.1472
2026/08/06 23:46:49 - mmengine - INFO - Epoch(train)  [11][40/68]  base_lr: 1.2500e-04 lr: 1.2500e-04  eta: 0:34:48  time: 0.3581  data_time: 0.1383  memory: 600  grad_norm: 14.1954  loss: 0.8274  loss_cls: 0.3193  loss_bbox: 0.3593  loss_mask: 0.1488
2026/08/06 23:46:53 - mmengine - INFO - Epoch(train)  [11][50/68]  base_lr: 1.2500e-04 lr: 1.2500e-04  eta: 0:34:47  time: 0.3679  data_time: 0.1476  memory: 599  grad_norm: 14.1788  loss: 0.8295  loss_cls: 0.3229  loss_bbox: 0.3574  loss_mask: 0.1492
2026/08/06 23:46:57 - mmengine - INFO - Epoch(train)  [11][60/68]  base_lr: 1.2500e-04 lr: 1.2500e-04  eta: 0:34:47  time: 0.3705  data_time: 0.1509  memory: 602  grad_norm: 14.2078  loss: 0.8123  loss_cls: 0.3087  loss_bbox: 0.3540  loss_mask: 0.1496
2026/08/06 23:47:00 - mmengine - INFO - Exp name: rtmdet_ins_busi_20260806_234040
2026/08/06 23:47:00 - mmengine - INFO - Saving checkpoint at 11 epochs
2026/08/06 23:47:02 - mmengine - INFO - Epoch(val)  [11][ 10/116]    eta: 0:00:04  time: 0.0493  data_time: 0.0066  memory: 599  
2026/08/06 23:47:03 - mmengine - INFO - Epoch(val)  [11][ 20/116]    eta: 0:00:03  time: 0.0471  data_time: 0.0064  memory: 161  
2026/08/06 23:47:03 - mmengine - INFO - Epoch(val)  [11][ 30/116]    eta: 0:00:03  time: 0.0460  data_time: 0.0058  memory: 176  
2026/08/06 23:47:04 - mmengine - INFO - Epoch(val)  [11][ 40/116]    eta: 0:00:03  time: 0.0446  data_time: 0.0048  memory: 165  
2026/08/06 23:47:04 - mmengine - INFO - Epoch(val)  [11][ 50/116]    eta: 0:00:02  time: 0.0415  data_time: 0.0041  memory: 199  
2026/08/06 23:47:04 - mmengine - INFO - Epoch(val)  [11][ 60/116]    eta: 0:00:02  time: 0.0425  data_time: 0.0044  memory: 146  
2026/08/06 23:47:05 - mmengine - INFO - Epoch(val)  [11][ 70/116]    eta: 0:00:02  time: 0.0445  data_time: 0.0046  memory: 147  
2026/08/06 23:47:05 - mmengine - INFO - Epoch(val)  [11][ 80/116]    eta: 0:00:01  time: 0.0442  data_time: 0.0049  memory: 149  
2026/08/06 23:47:06 - mmengine - INFO - Epoch(val)  [11][ 90/116]    eta: 0:00:01  time: 0.0451  data_time: 0.0051  memory: 182  
2026/08/06 23:47:06 - mmengine - INFO - Epoch(val)  [11][100/116]    eta: 0:00:00  time: 0.0474  data_time: 0.0055  memory: 157  
2026/08/06 23:47:07 - mmengine - INFO - Epoch(val)  [11][110/116]    eta: 0:00:00  time: 0.0480  data_time: 0.0052  memory: 197  
2026/08/06 23:47:07 - mmengine - INFO - Evaluating bbox...
2026/08/06 23:47:07 - mmengine - INFO - bbox_mAP_copypaste: 0.550 0.877 0.652 0.000 0.632 0.501
2026/08/06 23:47:07 - mmengine - INFO - Evaluating segm...
2026/08/06 23:47:07 - mmengine - INFO - segm_mAP_copypaste: 0.601 0.885 0.702 0.000 0.711 0.542
2026/08/06 23:47:09 - mmengine - INFO - val kayip: val_kayip_cls 0.5117  val_kayip_bbox 0.2952  val_kayip_mask 0.1240  val_kayip 0.9309
2026/08/06 23:47:09 - mmengine - INFO - Epoch(val) [11][116/116]    busi/dice_tum: 0.8119  busi/dice_lezyonlu: 0.7936  busi/bos_dogru: 18  busi/esik: 0.3000  val_kayip_cls: 0.5117  val_kayip_bbox: 0.2952  val_kayip_mask: 0.1240  val_kayip: 0.9309  coco/bbox_mAP: 0.5500  coco/bbox_mAP_50: 0.8770  coco/bbox_mAP_75: 0.6520  coco/bbox_mAP_s: 0.0000  coco/bbox_mAP_m: 0.6320  coco/bbox_mAP_l: 0.5010  coco/segm_mAP: 0.6010  coco/segm_mAP_50: 0.8850  coco/segm_mAP_75: 0.7020  coco/segm_mAP_s: 0.0000  coco/segm_mAP_m: 0.7110  coco/segm_mAP_l: 0.5420  data_time: 0.0049  time: 0.0455
2026/08/06 23:47:09 - mmengine - INFO - The previous best checkpoint d:\mamografi\real_time_segmentasyon\rtmdet\calisma\rtmdet_ins_tiny_256_orta_s42\best_busi_dice_tum_epoch_10.pth is removed
2026/08/06 23:47:11 - mmengine - INFO - The best checkpoint with 0.8119 busi/dice_tum at 11 epoch is saved to best_busi_dice_tum_epoch_11.pth.
2026/08/06 23:47:16 - mmengine - INFO - Epoch(train)  [12][10/68]  base_lr: 1.2500e-04 lr: 1.2500e-04  eta: 0:34:39  time: 0.3573  data_time: 0.1403  memory: 600  grad_norm: 13.8726  loss: 0.7985  loss_cls: 0.2980  loss_bbox: 0.3506  loss_mask: 0.1499
2026/08/06 23:47:19 - mmengine - INFO - Epoch(train)  [12][20/68]  base_lr: 1.2500e-04 lr: 1.2500e-04  eta: 0:34:35  time: 0.3547  data_time: 0.1370  memory: 600  grad_norm: 14.2790  loss: 0.8131  loss_cls: 0.3098  loss_bbox: 0.3515  loss_mask: 0.1518
2026/08/06 23:47:23 - mmengine - INFO - Epoch(train)  [12][30/68]  base_lr: 1.2500e-04 lr: 1.2500e-04  eta: 0:34:30  time: 0.3436  data_time: 0.1274  memory: 602  grad_norm: 14.2329  loss: 0.8009  loss_cls: 0.3011  loss_bbox: 0.3496  loss_mask: 0.1501
2026/08/06 23:47:26 - mmengine - INFO - Epoch(train)  [12][40/68]  base_lr: 1.2500e-04 lr: 1.2500e-04  eta: 0:34:27  time: 0.3366  data_time: 0.1205  memory: 600  grad_norm: 13.9176  loss: 0.8032  loss_cls: 0.3059  loss_bbox: 0.3475  loss_mask: 0.1498
2026/08/06 23:47:30 - mmengine - INFO - Epoch(train)  [12][50/68]  base_lr: 1.2500e-04 lr: 1.2500e-04  eta: 0:34:24  time: 0.3360  data_time: 0.1197  memory: 601  grad_norm: 13.8494  loss: 0.7851  loss_cls: 0.2952  loss_bbox: 0.3436  loss_mask: 0.1463
2026/08/06 23:47:34 - mmengine - INFO - Epoch(train)  [12][60/68]  base_lr: 1.2500e-04 lr: 1.2500e-04  eta: 0:34:23  time: 0.3479  data_time: 0.1269  memory: 599  grad_norm: 14.2480  loss: 0.7876  loss_cls: 0.3013  loss_bbox: 0.3417  loss_mask: 0.1447
2026/08/06 23:47:36 - mmengine - INFO - Exp name: rtmdet_ins_busi_20260806_234040
2026/08/06 23:47:36 - mmengine - INFO - Saving checkpoint at 12 epochs
2026/08/06 23:47:39 - mmengine - INFO - Epoch(val)  [12][ 10/116]    eta: 0:00:04  time: 0.0479  data_time: 0.0049  memory: 601  
2026/08/06 23:47:39 - mmengine - INFO - Epoch(val)  [12][ 20/116]    eta: 0:00:04  time: 0.0478  data_time: 0.0048  memory: 153  
2026/08/06 23:47:40 - mmengine - INFO - Epoch(val)  [12][ 30/116]    eta: 0:00:03  time: 0.0466  data_time: 0.0048  memory: 163  
2026/08/06 23:47:40 - mmengine - INFO - Epoch(val)  [12][ 40/116]    eta: 0:00:03  time: 0.0448  data_time: 0.0042  memory: 162  
2026/08/06 23:47:40 - mmengine - INFO - Epoch(val)  [12][ 50/116]    eta: 0:00:02  time: 0.0437  data_time: 0.0046  memory: 182  
2026/08/06 23:47:41 - mmengine - INFO - Epoch(val)  [12][ 60/116]    eta: 0:00:02  time: 0.0446  data_time: 0.0054  memory: 151  
2026/08/06 23:47:41 - mmengine - INFO - Epoch(val)  [12][ 70/116]    eta: 0:00:02  time: 0.0453  data_time: 0.0054  memory: 151  
2026/08/06 23:47:42 - mmengine - INFO - Epoch(val)  [12][ 80/116]    eta: 0:00:01  time: 0.0451  data_time: 0.0056  memory: 144  
2026/08/06 23:47:42 - mmengine - INFO - Epoch(val)  [12][ 90/116]    eta: 0:00:01  time: 0.0469  data_time: 0.0064  memory: 195  
2026/08/06 23:47:43 - mmengine - INFO - Epoch(val)  [12][100/116]    eta: 0:00:00  time: 0.0473  data_time: 0.0064  memory: 193  
2026/08/06 23:47:43 - mmengine - INFO - Epoch(val)  [12][110/116]    eta: 0:00:00  time: 0.0470  data_time: 0.0058  memory: 206  
2026/08/06 23:47:44 - mmengine - INFO - Evaluating bbox...
2026/08/06 23:47:44 - mmengine - INFO - bbox_mAP_copypaste: 0.586 0.876 0.669 0.000 0.707 0.515
2026/08/06 23:47:44 - mmengine - INFO - Evaluating segm...
2026/08/06 23:47:44 - mmengine - INFO - segm_mAP_copypaste: 0.597 0.868 0.687 0.000 0.708 0.541
2026/08/06 23:47:46 - mmengine - INFO - val kayip: val_kayip_cls 0.5126  val_kayip_bbox 0.2662  val_kayip_mask 0.1257  val_kayip 0.9045
2026/08/06 23:47:46 - mmengine - INFO - Epoch(val) [12][116/116]    busi/dice_tum: 0.8012  busi/dice_lezyonlu: 0.7702  busi/bos_dogru: 19  busi/esik: 0.4000  val_kayip_cls: 0.5126  val_kayip_bbox: 0.2662  val_kayip_mask: 0.1257  val_kayip: 0.9045  coco/bbox_mAP: 0.5860  coco/bbox_mAP_50: 0.8760  coco/bbox_mAP_75: 0.6690  coco/bbox_mAP_s: 0.0000  coco/bbox_mAP_m: 0.7070  coco/bbox_mAP_l: 0.5150  coco/segm_mAP: 0.5970  coco/segm_mAP_50: 0.8680  coco/segm_mAP_75: 0.6870  coco/segm_mAP_s: 0.0000  coco/segm_mAP_m: 0.7080  coco/segm_mAP_l: 0.5410  data_time: 0.0055  time: 0.0456
2026/08/06 23:47:49 - mmengine - INFO - Epoch(train)  [13][10/68]  base_lr: 1.2500e-04 lr: 1.2500e-04  eta: 0:34:15  time: 0.3488  data_time: 0.1269  memory: 601  grad_norm: 14.2037  loss: 0.7859  loss_cls: 0.3063  loss_bbox: 0.3378  loss_mask: 0.1418
2026/08/06 23:47:53 - mmengine - INFO - Epoch(train)  [13][20/68]  base_lr: 1.2500e-04 lr: 1.2500e-04  eta: 0:34:13  time: 0.3512  data_time: 0.1296  memory: 599  grad_norm: 14.4668  loss: 0.7785  loss_cls: 0.3039  loss_bbox: 0.3352  loss_mask: 0.1394
2026/08/06 23:47:56 - mmengine - INFO - Epoch(train)  [13][30/68]  base_lr: 1.2500e-04 lr: 1.2500e-04  eta: 0:34:10  time: 0.3509  data_time: 0.1284  memory: 600  grad_norm: 14.6068  loss: 0.7929  loss_cls: 0.3159  loss_bbox: 0.3343  loss_mask: 0.1426
2026/08/06 23:48:00 - mmengine - INFO - Epoch(train)  [13][40/68]  base_lr: 1.2500e-04 lr: 1.2500e-04  eta: 0:34:08  time: 0.3501  data_time: 0.1274  memory: 602  grad_norm: 14.1476  loss: 0.7958  loss_cls: 0.3133  loss_bbox: 0.3351  loss_mask: 0.1473
2026/08/06 23:48:03 - mmengine - INFO - Epoch(train)  [13][50/68]  base_lr: 1.2500e-04 lr: 1.2500e-04  eta: 0:34:05  time: 0.3520  data_time: 0.1301  memory: 600  grad_norm: 14.0681  loss: 0.7881  loss_cls: 0.3089  loss_bbox: 0.3342  loss_mask: 0.1451
2026/08/06 23:48:07 - mmengine - INFO - Epoch(train)  [13][60/68]  base_lr: 1.2500e-04 lr: 1.2500e-04  eta: 0:34:02  time: 0.3556  data_time: 0.1343  memory: 601  grad_norm: 13.8759  loss: 0.7684  loss_cls: 0.2951  loss_bbox: 0.3314  loss_mask: 0.1420
2026/08/06 23:48:09 - mmengine - INFO - Exp name: rtmdet_ins_busi_20260806_234040
2026/08/06 23:48:09 - mmengine - INFO - Saving checkpoint at 13 epochs
2026/08/06 23:48:12 - mmengine - INFO - Epoch(val)  [13][ 10/116]    eta: 0:00:04  time: 0.0467  data_time: 0.0064  memory: 600  
2026/08/06 23:48:12 - mmengine - INFO - Epoch(val)  [13][ 20/116]    eta: 0:00:03  time: 0.0446  data_time: 0.0054  memory: 145  
2026/08/06 23:48:13 - mmengine - INFO - Epoch(val)  [13][ 30/116]    eta: 0:00:03  time: 0.0429  data_time: 0.0047  memory: 164  
2026/08/06 23:48:13 - mmengine - INFO - Epoch(val)  [13][ 40/116]    eta: 0:00:03  time: 0.0420  data_time: 0.0045  memory: 162  
2026/08/06 23:48:14 - mmengine - INFO - Epoch(val)  [13][ 50/116]    eta: 0:00:02  time: 0.0411  data_time: 0.0047  memory: 170  
2026/08/06 23:48:14 - mmengine - INFO - Epoch(val)  [13][ 60/116]    eta: 0:00:02  time: 0.0420  data_time: 0.0047  memory: 146  
2026/08/06 23:48:14 - mmengine - INFO - Epoch(val)  [13][ 70/116]    eta: 0:00:01  time: 0.0430  data_time: 0.0057  memory: 150  
2026/08/06 23:48:15 - mmengine - INFO - Epoch(val)  [13][ 80/116]    eta: 0:00:01  time: 0.0422  data_time: 0.0068  memory: 142  
2026/08/06 23:48:15 - mmengine - INFO - Epoch(val)  [13][ 90/116]    eta: 0:00:01  time: 0.0437  data_time: 0.0068  memory: 190  
2026/08/06 23:48:16 - mmengine - INFO - Epoch(val)  [13][100/116]    eta: 0:00:00  time: 0.0456  data_time: 0.0067  memory: 216  
2026/08/06 23:48:16 - mmengine - INFO - Epoch(val)  [13][110/116]    eta: 0:00:00  time: 0.0464  data_time: 0.0067  memory: 209  
2026/08/06 23:48:17 - mmengine - INFO - Evaluating bbox...
2026/08/06 23:48:17 - mmengine - INFO - bbox_mAP_copypaste: 0.539 0.881 0.617 0.000 0.631 0.486
2026/08/06 23:48:17 - mmengine - INFO - Evaluating segm...
2026/08/06 23:48:17 - mmengine - INFO - segm_mAP_copypaste: 0.586 0.879 0.651 0.000 0.700 0.526
2026/08/06 23:48:19 - mmengine - INFO - val kayip: val_kayip_cls 0.5733  val_kayip_bbox 0.2901  val_kayip_mask 0.1272  val_kayip 0.9907
2026/08/06 23:48:19 - mmengine - INFO - Epoch(val) [13][116/116]    busi/dice_tum: 0.7972  busi/dice_lezyonlu: 0.7966  busi/bos_dogru: 16  busi/esik: 0.3000  val_kayip_cls: 0.5733  val_kayip_bbox: 0.2901  val_kayip_mask: 0.1272  val_kayip: 0.9907  coco/bbox_mAP: 0.5390  coco/bbox_mAP_50: 0.8810  coco/bbox_mAP_75: 0.6170  coco/bbox_mAP_s: 0.0000  coco/bbox_mAP_m: 0.6310  coco/bbox_mAP_l: 0.4860  coco/segm_mAP: 0.5860  coco/segm_mAP_50: 0.8790  coco/segm_mAP_75: 0.6510  coco/segm_mAP_s: 0.0000  coco/segm_mAP_m: 0.7000  coco/segm_mAP_l: 0.5260  data_time: 0.0058  time: 0.0443
2026/08/06 23:48:22 - mmengine - INFO - Epoch(train)  [14][10/68]  base_lr: 1.2500e-04 lr: 1.2500e-04  eta: 0:33:54  time: 0.3464  data_time: 0.1249  memory: 600  grad_norm: 13.5312  loss: 0.7366  loss_cls: 0.2764  loss_bbox: 0.3211  loss_mask: 0.1391
2026/08/06 23:48:25 - mmengine - INFO - Epoch(train)  [14][20/68]  base_lr: 1.2500e-04 lr: 1.2500e-04  eta: 0:33:49  time: 0.3384  data_time: 0.1209  memory: 600  grad_norm: 13.7724  loss: 0.7188  loss_cls: 0.2659  loss_bbox: 0.3193  loss_mask: 0.1337
2026/08/06 23:48:29 - mmengine - INFO - Epoch(train)  [14][30/68]  base_lr: 1.2500e-04 lr: 1.2500e-04  eta: 0:33:46  time: 0.3380  data_time: 0.1201  memory: 600  grad_norm: 14.2906  loss: 0.7314  loss_cls: 0.2681  loss_bbox: 0.3234  loss_mask: 0.1400
2026/08/06 23:48:32 - mmengine - INFO - Epoch(train)  [14][40/68]  base_lr: 1.2500e-04 lr: 1.2500e-04  eta: 0:33:44  time: 0.3392  data_time: 0.1188  memory: 600  grad_norm: 15.5207  loss: 0.7442  loss_cls: 0.2771  loss_bbox: 0.3253  loss_mask: 0.1418
2026/08/06 23:48:36 - mmengine - INFO - Epoch(train)  [14][50/68]  base_lr: 1.2500e-04 lr: 1.2500e-04  eta: 0:33:42  time: 0.3505  data_time: 0.1280  memory: 602  grad_norm: 15.2135  loss: 0.7451  loss_cls: 0.2787  loss_bbox: 0.3232  loss_mask: 0.1432
2026/08/06 23:48:40 - mmengine - INFO - Epoch(train)  [14][60/68]  base_lr: 1.2500e-04 lr: 1.2500e-04  eta: 0:33:39  time: 0.3501  data_time: 0.1289  memory: 601  grad_norm: 15.1723  loss: 0.7403  loss_cls: 0.2727  loss_bbox: 0.3251  loss_mask: 0.1426
2026/08/06 23:48:42 - mmengine - INFO - Exp name: rtmdet_ins_busi_20260806_234040
2026/08/06 23:48:42 - mmengine - INFO - Saving checkpoint at 14 epochs
2026/08/06 23:48:45 - mmengine - INFO - Epoch(val)  [14][ 10/116]    eta: 0:00:04  time: 0.0481  data_time: 0.0062  memory: 598  
2026/08/06 23:48:45 - mmengine - INFO - Epoch(val)  [14][ 20/116]    eta: 0:00:03  time: 0.0460  data_time: 0.0076  memory: 138  
2026/08/06 23:48:45 - mmengine - INFO - Epoch(val)  [14][ 30/116]    eta: 0:00:03  time: 0.0424  data_time: 0.0073  memory: 167  
2026/08/06 23:48:46 - mmengine - INFO - Epoch(val)  [14][ 40/116]    eta: 0:00:02  time: 0.0408  data_time: 0.0071  memory: 144  
2026/08/06 23:48:46 - mmengine - INFO - Epoch(val)  [14][ 50/116]    eta: 0:00:02  time: 0.0394  data_time: 0.0068  memory: 176  
2026/08/06 23:48:47 - mmengine - INFO - Epoch(val)  [14][ 60/116]    eta: 0:00:02  time: 0.0402  data_time: 0.0073  memory: 147  
2026/08/06 23:48:47 - mmengine - INFO - Epoch(val)  [14][ 70/116]    eta: 0:00:01  time: 0.0414  data_time: 0.0060  memory: 142  
2026/08/06 23:48:48 - mmengine - INFO - Epoch(val)  [14][ 80/116]    eta: 0:00:01  time: 0.0439  data_time: 0.0059  memory: 148  
2026/08/06 23:48:48 - mmengine - INFO - Epoch(val)  [14][ 90/116]    eta: 0:00:01  time: 0.0458  data_time: 0.0062  memory: 218  
2026/08/06 23:48:49 - mmengine - INFO - Epoch(val)  [14][100/116]    eta: 0:00:00  time: 0.0461  data_time: 0.0061  memory: 197  
2026/08/06 23:48:49 - mmengine - INFO - Epoch(val)  [14][110/116]    eta: 0:00:00  time: 0.0462  data_time: 0.0055  memory: 192  
2026/08/06 23:48:49 - mmengine - INFO - Evaluating bbox...
2026/08/06 23:48:49 - mmengine - INFO - bbox_mAP_copypaste: 0.574 0.869 0.691 0.000 0.640 0.540
2026/08/06 23:48:49 - mmengine - INFO - Evaluating segm...
2026/08/06 23:48:50 - mmengine - INFO - segm_mAP_copypaste: 0.598 0.884 0.692 0.000 0.700 0.552
2026/08/06 23:48:51 - mmengine - INFO - val kayip: val_kayip_cls 0.4713  val_kayip_bbox 0.2641  val_kayip_mask 0.1229  val_kayip 0.8582
2026/08/06 23:48:51 - mmengine - INFO - Epoch(val) [14][116/116]    busi/dice_tum: 0.8160  busi/dice_lezyonlu: 0.7777  busi/bos_dogru: 20  busi/esik: 0.4000  val_kayip_cls: 0.4713  val_kayip_bbox: 0.2641  val_kayip_mask: 0.1229  val_kayip: 0.8582  coco/bbox_mAP: 0.5740  coco/bbox_mAP_50: 0.8690  coco/bbox_mAP_75: 0.6910  coco/bbox_mAP_s: 0.0000  coco/bbox_mAP_m: 0.6400  coco/bbox_mAP_l: 0.5400  coco/segm_mAP: 0.5980  coco/segm_mAP_50: 0.8840  coco/segm_mAP_75: 0.6920  coco/segm_mAP_s: 0.0000  coco/segm_mAP_m: 0.7000  coco/segm_mAP_l: 0.5520  data_time: 0.0063  time: 0.0435
2026/08/06 23:48:51 - mmengine - INFO - The previous best checkpoint d:\mamografi\real_time_segmentasyon\rtmdet\calisma\rtmdet_ins_tiny_256_orta_s42\best_busi_dice_tum_epoch_11.pth is removed
2026/08/06 23:48:53 - mmengine - INFO - The best checkpoint with 0.8160 busi/dice_tum at 14 epoch is saved to best_busi_dice_tum_epoch_14.pth.
2026/08/06 23:48:59 - mmengine - INFO - Epoch(train)  [15][10/68]  base_lr: 1.2500e-04 lr: 1.2500e-04  eta: 0:33:31  time: 0.3493  data_time: 0.1249  memory: 602  grad_norm: 14.3486  loss: 0.7585  loss_cls: 0.2803  loss_bbox: 0.3341  loss_mask: 0.1441
2026/08/06 23:49:03 - mmengine - INFO - Epoch(train)  [15][20/68]  base_lr: 1.2500e-04 lr: 1.2500e-04  eta: 0:33:29  time: 0.3518  data_time: 0.1267  memory: 598  grad_norm: 13.5844  loss: 0.7484  loss_cls: 0.2640  loss_bbox: 0.3392  loss_mask: 0.1452
2026/08/06 23:49:06 - mmengine - INFO - Epoch(train)  [15][30/68]  base_lr: 1.2500e-04 lr: 1.2500e-04  eta: 0:33:27  time: 0.3509  data_time: 0.1264  memory: 600  grad_norm: 13.6789  loss: 0.7369  loss_cls: 0.2600  loss_bbox: 0.3350  loss_mask: 0.1419
2026/08/06 23:49:10 - mmengine - INFO - Epoch(train)  [15][40/68]  base_lr: 1.2500e-04 lr: 1.2500e-04  eta: 0:33:26  time: 0.3573  data_time: 0.1288  memory: 600  grad_norm: 13.3187  loss: 0.7292  loss_cls: 0.2590  loss_bbox: 0.3276  loss_mask: 0.1425
2026/08/06 23:49:13 - mmengine - INFO - Exp name: rtmdet_ins_busi_20260806_234040
2026/08/06 23:49:14 - mmengine - INFO - Epoch(train)  [15][50/68]  base_lr: 1.2500e-04 lr: 1.2500e-04  eta: 0:33:25  time: 0.3698  data_time: 0.1376  memory: 598  grad_norm: 13.6186  loss: 0.7200  loss_cls: 0.2583  loss_bbox: 0.3200  loss_mask: 0.1417
2026/08/06 23:49:17 - mmengine - INFO - Epoch(train)  [15][60/68]  base_lr: 1.2500e-04 lr: 1.2500e-04  eta: 0:33:22  time: 0.3719  data_time: 0.1413  memory: 600  grad_norm: 14.0466  loss: 0.7239  loss_cls: 0.2644  loss_bbox: 0.3158  loss_mask: 0.1437
2026/08/06 23:49:20 - mmengine - INFO - Exp name: rtmdet_ins_busi_20260806_234040
2026/08/06 23:49:20 - mmengine - INFO - Saving checkpoint at 15 epochs
2026/08/06 23:49:23 - mmengine - INFO - Epoch(val)  [15][ 10/116]    eta: 0:00:04  time: 0.0474  data_time: 0.0056  memory: 601  
2026/08/06 23:49:23 - mmengine - INFO - Epoch(val)  [15][ 20/116]    eta: 0:00:04  time: 0.0458  data_time: 0.0054  memory: 161  
2026/08/06 23:49:24 - mmengine - INFO - Epoch(val)  [15][ 30/116]    eta: 0:00:03  time: 0.0444  data_time: 0.0055  memory: 176  
2026/08/06 23:49:24 - mmengine - INFO - Epoch(val)  [15][ 40/116]    eta: 0:00:03  time: 0.0441  data_time: 0.0055  memory: 172  
2026/08/06 23:49:25 - mmengine - INFO - Epoch(val)  [15][ 50/116]    eta: 0:00:02  time: 0.0432  data_time: 0.0054  memory: 188  
2026/08/06 23:49:25 - mmengine - INFO - Epoch(val)  [15][ 60/116]    eta: 0:00:02  time: 0.0444  data_time: 0.0057  memory: 146  
2026/08/06 23:49:25 - mmengine - INFO - Epoch(val)  [15][ 70/116]    eta: 0:00:02  time: 0.0454  data_time: 0.0056  memory: 153  
2026/08/06 23:49:26 - mmengine - INFO - Epoch(val)  [15][ 80/116]    eta: 0:00:01  time: 0.0462  data_time: 0.0057  memory: 142  
2026/08/06 23:49:26 - mmengine - INFO - Epoch(val)  [15][ 90/116]    eta: 0:00:01  time: 0.0485  data_time: 0.0063  memory: 202  
2026/08/06 23:49:27 - mmengine - INFO - Epoch(val)  [15][100/116]    eta: 0:00:00  time: 0.0498  data_time: 0.0066  memory: 214  
2026/08/06 23:49:28 - mmengine - INFO - Epoch(val)  [15][110/116]    eta: 0:00:00  time: 0.0508  data_time: 0.0067  memory: 227  
2026/08/06 23:49:28 - mmengine - INFO - Evaluating bbox...
2026/08/06 23:49:28 - mmengine - INFO - bbox_mAP_copypaste: 0.573 0.888 0.678 0.000 0.671 0.519
2026/08/06 23:49:28 - mmengine - INFO - Evaluating segm...
2026/08/06 23:49:28 - mmengine - INFO - segm_mAP_copypaste: 0.594 0.882 0.675 0.000 0.692 0.562
2026/08/06 23:49:30 - mmengine - INFO - val kayip: val_kayip_cls 0.4699  val_kayip_bbox 0.2750  val_kayip_mask 0.1231  val_kayip 0.8680
2026/08/06 23:49:30 - mmengine - INFO - Epoch(val) [15][116/116]    busi/dice_tum: 0.7984  busi/dice_lezyonlu: 0.7876  busi/bos_dogru: 17  busi/esik: 0.3000  val_kayip_cls: 0.4699  val_kayip_bbox: 0.2750  val_kayip_mask: 0.1231  val_kayip: 0.8680  coco/bbox_mAP: 0.5730  coco/bbox_mAP_50: 0.8880  coco/bbox_mAP_75: 0.6780  coco/bbox_mAP_s: 0.0000  coco/bbox_mAP_m: 0.6710  coco/bbox_mAP_l: 0.5190  coco/segm_mAP: 0.5940  coco/segm_mAP_50: 0.8820  coco/segm_mAP_75: 0.6750  coco/segm_mAP_s: 0.0000  coco/segm_mAP_m: 0.6920  coco/segm_mAP_l: 0.5620  data_time: 0.0061  time: 0.0476
2026/08/06 23:49:34 - mmengine - INFO - Epoch(train)  [16][10/68]  base_lr: 1.2500e-04 lr: 1.2500e-04  eta: 0:33:17  time: 0.3699  data_time: 0.1392  memory: 601  grad_norm: 13.8705  loss: 0.7229  loss_cls: 0.2774  loss_bbox: 0.3105  loss_mask: 0.1349
2026/08/06 23:49:37 - mmengine - INFO - Epoch(train)  [16][20/68]  base_lr: 1.2500e-04 lr: 1.2500e-04  eta: 0:33:15  time: 0.3681  data_time: 0.1413  memory: 600  grad_norm: 13.2869  loss: 0.7371  loss_cls: 0.2829  loss_bbox: 0.3171  loss_mask: 0.1371
2026/08/06 23:49:41 - mmengine - INFO - Epoch(train)  [16][30/68]  base_lr: 1.2500e-04 lr: 1.2500e-04  eta: 0:33:13  time: 0.3636  data_time: 0.1347  memory: 601  grad_norm: 13.0775  loss: 0.7337  loss_cls: 0.2782  loss_bbox: 0.3230  loss_mask: 0.1326
2026/08/06 23:49:45 - mmengine - INFO - Epoch(train)  [16][40/68]  base_lr: 1.2500e-04 lr: 1.2500e-04  eta: 0:33:10  time: 0.3643  data_time: 0.1355  memory: 602  grad_norm: 13.4309  loss: 0.7441  loss_cls: 0.2801  loss_bbox: 0.3276  loss_mask: 0.1364
2026/08/06 23:49:48 - mmengine - INFO - Epoch(train)  [16][50/68]  base_lr: 1.2500e-04 lr: 1.2500e-04  eta: 0:33:07  time: 0.3666  data_time: 0.1381  memory: 601  grad_norm: 13.5266  loss: 0.7412  loss_cls: 0.2771  loss_bbox: 0.3249  loss_mask: 0.1392
2026/08/06 23:49:52 - mmengine - INFO - Epoch(train)  [16][60/68]  base_lr: 1.2500e-04 lr: 1.2500e-04  eta: 0:33:05  time: 0.3684  data_time: 0.1388  memory: 601  grad_norm: 13.4481  loss: 0.7171  loss_cls: 0.2616  loss_bbox: 0.3166  loss_mask: 0.1389
2026/08/06 23:49:55 - mmengine - INFO - Exp name: rtmdet_ins_busi_20260806_234040
2026/08/06 23:49:55 - mmengine - INFO - Saving checkpoint at 16 epochs
2026/08/06 23:49:57 - mmengine - INFO - Epoch(val)  [16][ 10/116]    eta: 0:00:04  time: 0.0511  data_time: 0.0066  memory: 598  
2026/08/06 23:49:58 - mmengine - INFO - Epoch(val)  [16][ 20/116]    eta: 0:00:03  time: 0.0484  data_time: 0.0060  memory: 149  
2026/08/06 23:49:58 - mmengine - INFO - Epoch(val)  [16][ 30/116]    eta: 0:00:03  time: 0.0453  data_time: 0.0058  memory: 200  
2026/08/06 23:49:59 - mmengine - INFO - Epoch(val)  [16][ 40/116]    eta: 0:00:03  time: 0.0439  data_time: 0.0054  memory: 184  
2026/08/06 23:49:59 - mmengine - INFO - Epoch(val)  [16][ 50/116]    eta: 0:00:02  time: 0.0421  data_time: 0.0053  memory: 182  
2026/08/06 23:50:00 - mmengine - INFO - Epoch(val)  [16][ 60/116]    eta: 0:00:02  time: 0.0439  data_time: 0.0058  memory: 161  
2026/08/06 23:50:00 - mmengine - INFO - Epoch(val)  [16][ 70/116]    eta: 0:00:01  time: 0.0446  data_time: 0.0060  memory: 142  
2026/08/06 23:50:00 - mmengine - INFO - Epoch(val)  [16][ 80/116]    eta: 0:00:01  time: 0.0447  data_time: 0.0058  memory: 146  
2026/08/06 23:50:01 - mmengine - INFO - Epoch(val)  [16][ 90/116]    eta: 0:00:01  time: 0.0460  data_time: 0.0062  memory: 204  
2026/08/06 23:50:01 - mmengine - INFO - Epoch(val)  [16][100/116]    eta: 0:00:00  time: 0.0461  data_time: 0.0060  memory: 211  
2026/08/06 23:50:02 - mmengine - INFO - Epoch(val)  [16][110/116]    eta: 0:00:00  time: 0.0462  data_time: 0.0057  memory: 189  
2026/08/06 23:50:02 - mmengine - INFO - Evaluating bbox...
2026/08/06 23:50:02 - mmengine - INFO - bbox_mAP_copypaste: 0.587 0.909 0.667 0.000 0.685 0.533
2026/08/06 23:50:02 - mmengine - INFO - Evaluating segm...
2026/08/06 23:50:02 - mmengine - INFO - segm_mAP_copypaste: 0.608 0.897 0.697 0.000 0.711 0.552
2026/08/06 23:50:04 - mmengine - INFO - val kayip: val_kayip_cls 0.6810  val_kayip_bbox 0.2702  val_kayip_mask 0.1230  val_kayip 1.0741
2026/08/06 23:50:04 - mmengine - INFO - Epoch(val) [16][116/116]    busi/dice_tum: 0.7854  busi/dice_lezyonlu: 0.7616  busi/bos_dogru: 18  busi/esik: 0.4000  val_kayip_cls: 0.6810  val_kayip_bbox: 0.2702  val_kayip_mask: 0.1230  val_kayip: 1.0741  coco/bbox_mAP: 0.5870  coco/bbox_mAP_50: 0.9090  coco/bbox_mAP_75: 0.6670  coco/bbox_mAP_s: 0.0000  coco/bbox_mAP_m: 0.6850  coco/bbox_mAP_l: 0.5330  coco/segm_mAP: 0.6080  coco/segm_mAP_50: 0.8970  coco/segm_mAP_75: 0.6970  coco/segm_mAP_s: 0.0000  coco/segm_mAP_m: 0.7110  coco/segm_mAP_l: 0.5520  data_time: 0.0057  time: 0.0450
2026/08/06 23:50:08 - mmengine - INFO - Epoch(train)  [17][10/68]  base_lr: 1.2500e-04 lr: 1.2500e-04  eta: 0:32:59  time: 0.3558  data_time: 0.1320  memory: 600  grad_norm: 15.3744  loss: 0.7294  loss_cls: 0.2703  loss_bbox: 0.3166  loss_mask: 0.1426
2026/08/06 23:50:11 - mmengine - INFO - Epoch(train)  [17][20/68]  base_lr: 1.2500e-04 lr: 1.2500e-04  eta: 0:32:55  time: 0.3515  data_time: 0.1293  memory: 601  grad_norm: 14.7132  loss: 0.7007  loss_cls: 0.2567  loss_bbox: 0.3058  loss_mask: 0.1382
2026/08/06 23:50:15 - mmengine - INFO - Epoch(train)  [17][30/68]  base_lr: 1.2500e-04 lr: 1.2500e-04  eta: 0:32:52  time: 0.3517  data_time: 0.1300  memory: 600  grad_norm: 14.7639  loss: 0.6986  loss_cls: 0.2597  loss_bbox: 0.3030  loss_mask: 0.1358
2026/08/06 23:50:18 - mmengine - INFO - Epoch(train)  [17][40/68]  base_lr: 1.2500e-04 lr: 1.2500e-04  eta: 0:32:48  time: 0.3476  data_time: 0.1262  memory: 603  grad_norm: 15.1871  loss: 0.7006  loss_cls: 0.2576  loss_bbox: 0.3061  loss_mask: 0.1369
2026/08/06 23:50:22 - mmengine - INFO - Epoch(train)  [17][50/68]  base_lr: 1.2500e-04 lr: 1.2500e-04  eta: 0:32:45  time: 0.3473  data_time: 0.1241  memory: 602  grad_norm: 14.9855  loss: 0.6941  loss_cls: 0.2475  loss_bbox: 0.3085  loss_mask: 0.1381
2026/08/06 23:50:25 - mmengine - INFO - Epoch(train)  [17][60/68]  base_lr: 1.2500e-04 lr: 1.2500e-04  eta: 0:32:42  time: 0.3511  data_time: 0.1238  memory: 600  grad_norm: 14.6195  loss: 0.6684  loss_cls: 0.2382  loss_bbox: 0.2973  loss_mask: 0.1329
2026/08/06 23:50:28 - mmengine - INFO - Exp name: rtmdet_ins_busi_20260806_234040
2026/08/06 23:50:28 - mmengine - INFO - Saving checkpoint at 17 epochs
2026/08/06 23:50:31 - mmengine - INFO - Epoch(val)  [17][ 10/116]    eta: 0:00:04  time: 0.0471  data_time: 0.0058  memory: 600  
2026/08/06 23:50:31 - mmengine - INFO - Epoch(val)  [17][ 20/116]    eta: 0:00:03  time: 0.0458  data_time: 0.0056  memory: 133  
2026/08/06 23:50:31 - mmengine - INFO - Epoch(val)  [17][ 30/116]    eta: 0:00:03  time: 0.0441  data_time: 0.0051  memory: 202  
2026/08/06 23:50:32 - mmengine - INFO - Epoch(val)  [17][ 40/116]    eta: 0:00:03  time: 0.0427  data_time: 0.0048  memory: 183  
2026/08/06 23:50:32 - mmengine - INFO - Epoch(val)  [17][ 50/116]    eta: 0:00:02  time: 0.0413  data_time: 0.0048  memory: 193  
2026/08/06 23:50:33 - mmengine - INFO - Epoch(val)  [17][ 60/116]    eta: 0:00:02  time: 0.0438  data_time: 0.0052  memory: 182  
2026/08/06 23:50:33 - mmengine - INFO - Epoch(val)  [17][ 70/116]    eta: 0:00:02  time: 0.0456  data_time: 0.0053  memory: 140  
2026/08/06 23:50:34 - mmengine - INFO - Epoch(val)  [17][ 80/116]    eta: 0:00:01  time: 0.0461  data_time: 0.0054  memory: 150  
2026/08/06 23:50:34 - mmengine - INFO - Epoch(val)  [17][ 90/116]    eta: 0:00:01  time: 0.0476  data_time: 0.0057  memory: 195  
2026/08/06 23:50:35 - mmengine - INFO - Epoch(val)  [17][100/116]    eta: 0:00:00  time: 0.0493  data_time: 0.0055  memory: 222  
2026/08/06 23:50:35 - mmengine - INFO - Epoch(val)  [17][110/116]    eta: 0:00:00  time: 0.0490  data_time: 0.0051  memory: 224  
2026/08/06 23:50:36 - mmengine - INFO - Evaluating bbox...
2026/08/06 23:50:36 - mmengine - INFO - bbox_mAP_copypaste: 0.566 0.886 0.667 0.000 0.659 0.519
2026/08/06 23:50:36 - mmengine - INFO - Evaluating segm...
2026/08/06 23:50:36 - mmengine - INFO - segm_mAP_copypaste: 0.608 0.887 0.679 0.000 0.700 0.564
2026/08/06 23:50:38 - mmengine - INFO - val kayip: val_kayip_cls 0.5678  val_kayip_bbox 0.2813  val_kayip_mask 0.1206  val_kayip 0.9697
2026/08/06 23:50:38 - mmengine - INFO - Epoch(val) [17][116/116]    busi/dice_tum: 0.8016  busi/dice_lezyonlu: 0.7603  busi/bos_dogru: 20  busi/esik: 0.5000  val_kayip_cls: 0.5678  val_kayip_bbox: 0.2813  val_kayip_mask: 0.1206  val_kayip: 0.9697  coco/bbox_mAP: 0.5660  coco/bbox_mAP_50: 0.8860  coco/bbox_mAP_75: 0.6670  coco/bbox_mAP_s: 0.0000  coco/bbox_mAP_m: 0.6590  coco/bbox_mAP_l: 0.5190  coco/segm_mAP: 0.6080  coco/segm_mAP_50: 0.8870  coco/segm_mAP_75: 0.6790  coco/segm_mAP_s: 0.0000  coco/segm_mAP_m: 0.7000  coco/segm_mAP_l: 0.5640  data_time: 0.0052  time: 0.0466
2026/08/06 23:50:41 - mmengine - INFO - Epoch(train)  [18][10/68]  base_lr: 1.2500e-04 lr: 1.2500e-04  eta: 0:32:37  time: 0.3546  data_time: 0.1266  memory: 601  grad_norm: 15.3434  loss: 0.6852  loss_cls: 0.2414  loss_bbox: 0.3065  loss_mask: 0.1374
2026/08/06 23:50:45 - mmengine - INFO - Epoch(train)  [18][20/68]  base_lr: 1.2500e-04 lr: 1.2500e-04  eta: 0:32:35  time: 0.3625  data_time: 0.1322  memory: 600  grad_norm: 15.2106  loss: 0.6948  loss_cls: 0.2462  loss_bbox: 0.3112  loss_mask: 0.1374
2026/08/06 23:50:49 - mmengine - INFO - Epoch(train)  [18][30/68]  base_lr: 1.2500e-04 lr: 1.2500e-04  eta: 0:32:31  time: 0.3609  data_time: 0.1318  memory: 599  grad_norm: 14.4752  loss: 0.6839  loss_cls: 0.2468  loss_bbox: 0.3041  loss_mask: 0.1331
2026/08/06 23:50:52 - mmengine - INFO - Epoch(train)  [18][40/68]  base_lr: 1.2500e-04 lr: 1.2500e-04  eta: 0:32:29  time: 0.3614  data_time: 0.1351  memory: 603  grad_norm: 13.8371  loss: 0.7113  loss_cls: 0.2583  loss_bbox: 0.3135  loss_mask: 0.1395
2026/08/06 23:50:56 - mmengine - INFO - Epoch(train)  [18][50/68]  base_lr: 1.2500e-04 lr: 1.2500e-04  eta: 0:32:25  time: 0.3631  data_time: 0.1343  memory: 599  grad_norm: 13.3127  loss: 0.7034  loss_cls: 0.2561  loss_bbox: 0.3096  loss_mask: 0.1377
2026/08/06 23:50:59 - mmengine - INFO - Epoch(train)  [18][60/68]  base_lr: 1.2500e-04 lr: 1.2500e-04  eta: 0:32:21  time: 0.3562  data_time: 0.1315  memory: 602  grad_norm: 13.4197  loss: 0.7018  loss_cls: 0.2578  loss_bbox: 0.3066  loss_mask: 0.1374
2026/08/06 23:51:02 - mmengine - INFO - Exp name: rtmdet_ins_busi_20260806_234040
2026/08/06 23:51:02 - mmengine - INFO - Saving checkpoint at 18 epochs
2026/08/06 23:51:04 - mmengine - INFO - Epoch(val)  [18][ 10/116]    eta: 0:00:04  time: 0.0511  data_time: 0.0055  memory: 600  
2026/08/06 23:51:05 - mmengine - INFO - Epoch(val)  [18][ 20/116]    eta: 0:00:04  time: 0.0501  data_time: 0.0055  memory: 145  
2026/08/06 23:51:05 - mmengine - INFO - Epoch(val)  [18][ 30/116]    eta: 0:00:03  time: 0.0475  data_time: 0.0051  memory: 181  
2026/08/06 23:51:06 - mmengine - INFO - Epoch(val)  [18][ 40/116]    eta: 0:00:03  time: 0.0463  data_time: 0.0058  memory: 202  
2026/08/06 23:51:06 - mmengine - INFO - Epoch(val)  [18][ 50/116]    eta: 0:00:02  time: 0.0431  data_time: 0.0057  memory: 206  
2026/08/06 23:51:07 - mmengine - INFO - Epoch(val)  [18][ 60/116]    eta: 0:00:02  time: 0.0425  data_time: 0.0057  memory: 160  
2026/08/06 23:51:07 - mmengine - INFO - Epoch(val)  [18][ 70/116]    eta: 0:00:01  time: 0.0432  data_time: 0.0059  memory: 142  
2026/08/06 23:51:08 - mmengine - INFO - Epoch(val)  [18][ 80/116]    eta: 0:00:01  time: 0.0443  data_time: 0.0059  memory: 164  
2026/08/06 23:51:08 - mmengine - INFO - Epoch(val)  [18][ 90/116]    eta: 0:00:01  time: 0.0461  data_time: 0.0059  memory: 215  
2026/08/06 23:51:09 - mmengine - INFO - Epoch(val)  [18][100/116]    eta: 0:00:00  time: 0.0477  data_time: 0.0059  memory: 240  
2026/08/06 23:51:09 - mmengine - INFO - Epoch(val)  [18][110/116]    eta: 0:00:00  time: 0.0507  data_time: 0.0060  memory: 214  
2026/08/06 23:51:10 - mmengine - INFO - Evaluating bbox...
2026/08/06 23:51:10 - mmengine - INFO - bbox_mAP_copypaste: 0.579 0.892 0.630 0.000 0.651 0.538
2026/08/06 23:51:10 - mmengine - INFO - Evaluating segm...
2026/08/06 23:51:10 - mmengine - INFO - segm_mAP_copypaste: 0.611 0.895 0.712 0.000 0.711 0.558
2026/08/06 23:51:12 - mmengine - INFO - val kayip: val_kayip_cls 0.5614  val_kayip_bbox 0.2693  val_kayip_mask 0.1185  val_kayip 0.9492
2026/08/06 23:51:12 - mmengine - INFO - Epoch(val) [18][116/116]    busi/dice_tum: 0.7924  busi/dice_lezyonlu: 0.7908  busi/bos_dogru: 16  busi/esik: 0.3000  val_kayip_cls: 0.5614  val_kayip_bbox: 0.2693  val_kayip_mask: 0.1185  val_kayip: 0.9492  coco/bbox_mAP: 0.5790  coco/bbox_mAP_50: 0.8920  coco/bbox_mAP_75: 0.6300  coco/bbox_mAP_s: 0.0000  coco/bbox_mAP_m: 0.6510  coco/bbox_mAP_l: 0.5380  coco/segm_mAP: 0.6110  coco/segm_mAP_50: 0.8950  coco/segm_mAP_75: 0.7120  coco/segm_mAP_s: 0.0000  coco/segm_mAP_m: 0.7110  coco/segm_mAP_l: 0.5580  data_time: 0.0058  time: 0.0471
2026/08/06 23:51:15 - mmengine - INFO - Epoch(train)  [19][10/68]  base_lr: 1.2500e-04 lr: 1.2500e-04  eta: 0:32:16  time: 0.3519  data_time: 0.1324  memory: 601  grad_norm: 13.4307  loss: 0.6970  loss_cls: 0.2578  loss_bbox: 0.3024  loss_mask: 0.1368
2026/08/06 23:51:19 - mmengine - INFO - Epoch(train)  [19][20/68]  base_lr: 1.2500e-04 lr: 1.2500e-04  eta: 0:32:13  time: 0.3544  data_time: 0.1362  memory: 602  grad_norm: 13.8495  loss: 0.7011  loss_cls: 0.2576  loss_bbox: 0.3083  loss_mask: 0.1352
2026/08/06 23:51:22 - mmengine - INFO - Epoch(train)  [19][30/68]  base_lr: 1.2500e-04 lr: 1.2500e-04  eta: 0:32:10  time: 0.3551  data_time: 0.1379  memory: 600  grad_norm: 14.0404  loss: 0.7092  loss_cls: 0.2584  loss_bbox: 0.3136  loss_mask: 0.1373
2026/08/06 23:51:26 - mmengine - INFO - Epoch(train)  [19][40/68]  base_lr: 1.2500e-04 lr: 1.2500e-04  eta: 0:32:06  time: 0.3569  data_time: 0.1375  memory: 602  grad_norm: 13.8670  loss: 0.6945  loss_cls: 0.2475  loss_bbox: 0.3104  loss_mask: 0.1366
2026/08/06 23:51:30 - mmengine - INFO - Epoch(train)  [19][50/68]  base_lr: 1.2500e-04 lr: 1.2500e-04  eta: 0:32:03  time: 0.3586  data_time: 0.1367  memory: 599  grad_norm: 13.5764  loss: 0.6815  loss_cls: 0.2413  loss_bbox: 0.3078  loss_mask: 0.1325
2026/08/06 23:51:33 - mmengine - INFO - Epoch(train)  [19][60/68]  base_lr: 1.2500e-04 lr: 1.2500e-04  eta: 0:32:01  time: 0.3582  data_time: 0.1342  memory: 600  grad_norm: 13.5084  loss: 0.6863  loss_cls: 0.2382  loss_bbox: 0.3135  loss_mask: 0.1346
2026/08/06 23:51:36 - mmengine - INFO - Exp name: rtmdet_ins_busi_20260806_234040
2026/08/06 23:51:36 - mmengine - INFO - Saving checkpoint at 19 epochs
2026/08/06 23:51:38 - mmengine - INFO - Epoch(val)  [19][ 10/116]    eta: 0:00:04  time: 0.0510  data_time: 0.0059  memory: 600  
2026/08/06 23:51:39 - mmengine - INFO - Epoch(val)  [19][ 20/116]    eta: 0:00:03  time: 0.0489  data_time: 0.0059  memory: 138  
2026/08/06 23:51:39 - mmengine - INFO - Epoch(val)  [19][ 30/116]    eta: 0:00:03  time: 0.0458  data_time: 0.0055  memory: 170  
2026/08/06 23:51:40 - mmengine - INFO - Epoch(val)  [19][ 40/116]    eta: 0:00:03  time: 0.0433  data_time: 0.0049  memory: 168  
2026/08/06 23:51:40 - mmengine - INFO - Epoch(val)  [19][ 50/116]    eta: 0:00:02  time: 0.0418  data_time: 0.0051  memory: 170  
2026/08/06 23:51:41 - mmengine - INFO - Epoch(val)  [19][ 60/116]    eta: 0:00:02  time: 0.0429  data_time: 0.0051  memory: 160  
2026/08/06 23:51:41 - mmengine - INFO - Epoch(val)  [19][ 70/116]    eta: 0:00:01  time: 0.0443  data_time: 0.0051  memory: 148  
2026/08/06 23:51:42 - mmengine - INFO - Epoch(val)  [19][ 80/116]    eta: 0:00:01  time: 0.0452  data_time: 0.0051  memory: 135  
2026/08/06 23:51:42 - mmengine - INFO - Epoch(val)  [19][ 90/116]    eta: 0:00:01  time: 0.0466  data_time: 0.0059  memory: 163  
2026/08/06 23:51:42 - mmengine - INFO - Epoch(val)  [19][100/116]    eta: 0:00:00  time: 0.0459  data_time: 0.0060  memory: 236  
2026/08/06 23:51:43 - mmengine - INFO - Epoch(val)  [19][110/116]    eta: 0:00:00  time: 0.0452  data_time: 0.0059  memory: 179  
2026/08/06 23:51:43 - mmengine - INFO - Evaluating bbox...
2026/08/06 23:51:43 - mmengine - INFO - bbox_mAP_copypaste: 0.595 0.892 0.715 0.000 0.686 0.548
2026/08/06 23:51:43 - mmengine - INFO - Evaluating segm...
2026/08/06 23:51:43 - mmengine - INFO - segm_mAP_copypaste: 0.614 0.887 0.710 0.000 0.720 0.558
2026/08/06 23:51:45 - mmengine - INFO - val kayip: val_kayip_cls 0.3905  val_kayip_bbox 0.2670  val_kayip_mask 0.1210  val_kayip 0.7784
2026/08/06 23:51:45 - mmengine - INFO - Epoch(val) [19][116/116]    busi/dice_tum: 0.8079  busi/dice_lezyonlu: 0.7679  busi/bos_dogru: 20  busi/esik: 0.4000  val_kayip_cls: 0.3905  val_kayip_bbox: 0.2670  val_kayip_mask: 0.1210  val_kayip: 0.7784  coco/bbox_mAP: 0.5950  coco/bbox_mAP_50: 0.8920  coco/bbox_mAP_75: 0.7150  coco/bbox_mAP_s: 0.0000  coco/bbox_mAP_m: 0.6860  coco/bbox_mAP_l: 0.5480  coco/segm_mAP: 0.6140  coco/segm_mAP_50: 0.8870  coco/segm_mAP_75: 0.7100  coco/segm_mAP_s: 0.0000  coco/segm_mAP_m: 0.7200  coco/segm_mAP_l: 0.5580  data_time: 0.0053  time: 0.0439
2026/08/06 23:51:49 - mmengine - INFO - Epoch(train)  [20][10/68]  base_lr: 1.2500e-04 lr: 1.2500e-04  eta: 0:31:55  time: 0.3575  data_time: 0.1319  memory: 601  grad_norm: 13.3395  loss: 0.6706  loss_cls: 0.2289  loss_bbox: 0.3049  loss_mask: 0.1367
2026/08/06 23:51:53 - mmengine - INFO - Epoch(train)  [20][20/68]  base_lr: 1.2500e-04 lr: 1.2500e-04  eta: 0:31:52  time: 0.3606  data_time: 0.1338  memory: 601  grad_norm: 12.6664  loss: 0.6584  loss_cls: 0.2199  loss_bbox: 0.3041  loss_mask: 0.1344
2026/08/06 23:51:57 - mmengine - INFO - Epoch(train)  [20][30/68]  base_lr: 1.2500e-04 lr: 1.2500e-04  eta: 0:31:50  time: 0.3651  data_time: 0.1393  memory: 600  grad_norm: 13.0377  loss: 0.6590  loss_cls: 0.2151  loss_bbox: 0.3073  loss_mask: 0.1366
2026/08/06 23:52:00 - mmengine - INFO - Epoch(train)  [20][40/68]  base_lr: 1.2500e-04 lr: 1.2500e-04  eta: 0:31:47  time: 0.3619  data_time: 0.1362  memory: 601  grad_norm: 12.9137  loss: 0.6508  loss_cls: 0.2178  loss_bbox: 0.2996  loss_mask: 0.1334
2026/08/06 23:52:03 - mmengine - INFO - Epoch(train)  [20][50/68]  base_lr: 1.2500e-04 lr: 1.2500e-04  eta: 0:31:43  time: 0.3655  data_time: 0.1385  memory: 603  grad_norm: 13.0520  loss: 0.6585  loss_cls: 0.2224  loss_bbox: 0.3033  loss_mask: 0.1328
2026/08/06 23:52:07 - mmengine - INFO - Epoch(train)  [20][60/68]  base_lr: 1.2500e-04 lr: 1.2500e-04  eta: 0:31:41  time: 0.3662  data_time: 0.1390  memory: 601  grad_norm: 13.1661  loss: 0.6435  loss_cls: 0.2172  loss_bbox: 0.2986  loss_mask: 0.1277
2026/08/06 23:52:10 - mmengine - INFO - Exp name: rtmdet_ins_busi_20260806_234040
2026/08/06 23:52:10 - mmengine - INFO - Saving checkpoint at 20 epochs
2026/08/06 23:52:13 - mmengine - INFO - Epoch(val)  [20][ 10/116]    eta: 0:00:04  time: 0.0448  data_time: 0.0059  memory: 600  
2026/08/06 23:52:13 - mmengine - INFO - Epoch(val)  [20][ 20/116]    eta: 0:00:03  time: 0.0435  data_time: 0.0050  memory: 129  
2026/08/06 23:52:13 - mmengine - INFO - Epoch(val)  [20][ 30/116]    eta: 0:00:03  time: 0.0408  data_time: 0.0038  memory: 184  
2026/08/06 23:52:14 - mmengine - INFO - Epoch(val)  [20][ 40/116]    eta: 0:00:03  time: 0.0411  data_time: 0.0033  memory: 251  
2026/08/06 23:52:14 - mmengine - INFO - Epoch(val)  [20][ 50/116]    eta: 0:00:02  time: 0.0400  data_time: 0.0034  memory: 176  
2026/08/06 23:52:15 - mmengine - INFO - Epoch(val)  [20][ 60/116]    eta: 0:00:02  time: 0.0410  data_time: 0.0033  memory: 187  
2026/08/06 23:52:15 - mmengine - INFO - Epoch(val)  [20][ 70/116]    eta: 0:00:01  time: 0.0416  data_time: 0.0044  memory: 163  
2026/08/06 23:52:15 - mmengine - INFO - Epoch(val)  [20][ 80/116]    eta: 0:00:01  time: 0.0416  data_time: 0.0049  memory: 151  
2026/08/06 23:52:16 - mmengine - INFO - Epoch(val)  [20][ 90/116]    eta: 0:00:01  time: 0.0436  data_time: 0.0053  memory: 188  
2026/08/06 23:52:17 - mmengine - INFO - Epoch(val)  [20][100/116]    eta: 0:00:00  time: 0.0463  data_time: 0.0058  memory: 269  
2026/08/06 23:52:17 - mmengine - INFO - Epoch(val)  [20][110/116]    eta: 0:00:00  time: 0.0474  data_time: 0.0053  memory: 202  
2026/08/06 23:52:17 - mmengine - INFO - Evaluating bbox...
2026/08/06 23:52:17 - mmengine - INFO - bbox_mAP_copypaste: 0.570 0.899 0.667 0.000 0.669 0.522
2026/08/06 23:52:17 - mmengine - INFO - Evaluating segm...
2026/08/06 23:52:18 - mmengine - INFO - segm_mAP_copypaste: 0.613 0.894 0.711 0.000 0.718 0.562
2026/08/06 23:52:19 - mmengine - INFO - val kayip: val_kayip_cls 0.5729  val_kayip_bbox 0.2894  val_kayip_mask 0.1243  val_kayip 0.9865
2026/08/06 23:52:19 - mmengine - INFO - Epoch(val) [20][116/116]    busi/dice_tum: 0.8039  busi/dice_lezyonlu: 0.7735  busi/bos_dogru: 19  busi/esik: 0.4000  val_kayip_cls: 0.5729  val_kayip_bbox: 0.2894  val_kayip_mask: 0.1243  val_kayip: 0.9865  coco/bbox_mAP: 0.5700  coco/bbox_mAP_50: 0.8990  coco/bbox_mAP_75: 0.6670  coco/bbox_mAP_s: 0.0000  coco/bbox_mAP_m: 0.6690  coco/bbox_mAP_l: 0.5220  coco/segm_mAP: 0.6130  coco/segm_mAP_50: 0.8940  coco/segm_mAP_75: 0.7110  coco/segm_mAP_s: 0.0000  coco/segm_mAP_m: 0.7180  coco/segm_mAP_l: 0.5620  data_time: 0.0045  time: 0.0445
2026/08/06 23:52:23 - mmengine - INFO - Epoch(train)  [21][10/68]  base_lr: 1.2500e-04 lr: 1.2500e-04  eta: 0:31:35  time: 0.3603  data_time: 0.1340  memory: 601  grad_norm: 14.0525  loss: 0.6734  loss_cls: 0.2405  loss_bbox: 0.3031  loss_mask: 0.1298
2026/08/06 23:52:27 - mmengine - INFO - Epoch(train)  [21][20/68]  base_lr: 1.2500e-04 lr: 1.2500e-04  eta: 0:31:31  time: 0.3541  data_time: 0.1305  memory: 600  grad_norm: 13.8779  loss: 0.6731  loss_cls: 0.2343  loss_bbox: 0.3064  loss_mask: 0.1324
2026/08/06 23:52:30 - mmengine - INFO - Epoch(train)  [21][30/68]  base_lr: 1.2500e-04 lr: 1.2500e-04  eta: 0:31:27  time: 0.3536  data_time: 0.1301  memory: 601  grad_norm: 13.7664  loss: 0.6732  loss_cls: 0.2286  loss_bbox: 0.3094  loss_mask: 0.1352
2026/08/06 23:52:34 - mmengine - INFO - Epoch(train)  [21][40/68]  base_lr: 1.2500e-04 lr: 1.2500e-04  eta: 0:31:24  time: 0.3508  data_time: 0.1271  memory: 600  grad_norm: 14.1378  loss: 0.6744  loss_cls: 0.2268  loss_bbox: 0.3129  loss_mask: 0.1347
2026/08/06 23:52:37 - mmengine - INFO - Epoch(train)  [21][50/68]  base_lr: 1.2500e-04 lr: 1.2500e-04  eta: 0:31:21  time: 0.3540  data_time: 0.1264  memory: 602  grad_norm: 12.9053  loss: 0.6375  loss_cls: 0.2004  loss_bbox: 0.3071  loss_mask: 0.1300
2026/08/06 23:52:41 - mmengine - INFO - Epoch(train)  [21][60/68]  base_lr: 1.2500e-04 lr: 1.2500e-04  eta: 0:31:17  time: 0.3492  data_time: 0.1228  memory: 599  grad_norm: 13.6430  loss: 0.6441  loss_cls: 0.1992  loss_bbox: 0.3123  loss_mask: 0.1326
2026/08/06 23:52:43 - mmengine - INFO - Exp name: rtmdet_ins_busi_20260806_234040
2026/08/06 23:52:43 - mmengine - INFO - Saving checkpoint at 21 epochs
2026/08/06 23:52:46 - mmengine - INFO - Epoch(val)  [21][ 10/116]    eta: 0:00:04  time: 0.0495  data_time: 0.0052  memory: 600  
2026/08/06 23:52:46 - mmengine - INFO - Epoch(val)  [21][ 20/116]    eta: 0:00:03  time: 0.0482  data_time: 0.0050  memory: 133  
2026/08/06 23:52:47 - mmengine - INFO - Epoch(val)  [21][ 30/116]    eta: 0:00:03  time: 0.0436  data_time: 0.0050  memory: 170  
2026/08/06 23:52:47 - mmengine - INFO - Epoch(val)  [21][ 40/116]    eta: 0:00:02  time: 0.0418  data_time: 0.0049  memory: 168  
2026/08/06 23:52:47 - mmengine - INFO - Epoch(val)  [21][ 50/116]    eta: 0:00:02  time: 0.0394  data_time: 0.0055  memory: 153  
2026/08/06 23:52:48 - mmengine - INFO - Epoch(val)  [21][ 60/116]    eta: 0:00:02  time: 0.0400  data_time: 0.0055  memory: 146  
2026/08/06 23:52:48 - mmengine - INFO - Epoch(val)  [21][ 70/116]    eta: 0:00:01  time: 0.0401  data_time: 0.0049  memory: 128  
2026/08/06 23:52:49 - mmengine - INFO - Epoch(val)  [21][ 80/116]    eta: 0:00:01  time: 0.0402  data_time: 0.0047  memory: 121  
2026/08/06 23:52:49 - mmengine - INFO - Epoch(val)  [21][ 90/116]    eta: 0:00:01  time: 0.0410  data_time: 0.0047  memory: 183  
2026/08/06 23:52:49 - mmengine - INFO - Epoch(val)  [21][100/116]    eta: 0:00:00  time: 0.0407  data_time: 0.0044  memory: 278  
2026/08/06 23:52:50 - mmengine - INFO - Epoch(val)  [21][110/116]    eta: 0:00:00  time: 0.0401  data_time: 0.0040  memory: 168  
2026/08/06 23:52:50 - mmengine - INFO - Evaluating bbox...
2026/08/06 23:52:50 - mmengine - INFO - bbox_mAP_copypaste: 0.577 0.895 0.673 0.000 0.655 0.535
2026/08/06 23:52:50 - mmengine - INFO - Evaluating segm...
2026/08/06 23:52:50 - mmengine - INFO - segm_mAP_copypaste: 0.615 0.886 0.743 0.000 0.710 0.565
2026/08/06 23:52:52 - mmengine - INFO - val kayip: val_kayip_cls 0.3226  val_kayip_bbox 0.2804  val_kayip_mask 0.1222  val_kayip 0.7252
2026/08/06 23:52:52 - mmengine - INFO - Epoch(val) [21][116/116]    busi/dice_tum: 0.8059  busi/dice_lezyonlu: 0.7863  busi/bos_dogru: 18  busi/esik: 0.3000  val_kayip_cls: 0.3226  val_kayip_bbox: 0.2804  val_kayip_mask: 0.1222  val_kayip: 0.7252  coco/bbox_mAP: 0.5770  coco/bbox_mAP_50: 0.8950  coco/bbox_mAP_75: 0.6730  coco/bbox_mAP_s: 0.0000  coco/bbox_mAP_m: 0.6550  coco/bbox_mAP_l: 0.5350  coco/segm_mAP: 0.6150  coco/segm_mAP_50: 0.8860  coco/segm_mAP_75: 0.7430  coco/segm_mAP_s: 0.0000  coco/segm_mAP_m: 0.7100  coco/segm_mAP_l: 0.5650  data_time: 0.0047  time: 0.0404
2026/08/06 23:52:56 - mmengine - INFO - Epoch(train)  [22][10/68]  base_lr: 1.2500e-04 lr: 1.2500e-04  eta: 0:31:12  time: 0.3563  data_time: 0.1298  memory: 599  grad_norm: 13.8768  loss: 0.6279  loss_cls: 0.1966  loss_bbox: 0.3027  loss_mask: 0.1286
2026/08/06 23:52:59 - mmengine - INFO - Epoch(train)  [22][20/68]  base_lr: 1.2500e-04 lr: 1.2500e-04  eta: 0:31:09  time: 0.3575  data_time: 0.1294  memory: 600  grad_norm: 13.5096  loss: 0.6230  loss_cls: 0.1940  loss_bbox: 0.2988  loss_mask: 0.1302
2026/08/06 23:53:03 - mmengine - INFO - Epoch(train)  [22][30/68]  base_lr: 1.2500e-04 lr: 1.2500e-04  eta: 0:31:06  time: 0.3564  data_time: 0.1301  memory: 600  grad_norm: 13.4286  loss: 0.6401  loss_cls: 0.2014  loss_bbox: 0.3043  loss_mask: 0.1345
2026/08/06 23:53:07 - mmengine - INFO - Epoch(train)  [22][40/68]  base_lr: 1.2500e-04 lr: 1.2500e-04  eta: 0:31:03  time: 0.3611  data_time: 0.1360  memory: 602  grad_norm: 13.3108  loss: 0.6482  loss_cls: 0.2102  loss_bbox: 0.3024  loss_mask: 0.1356
2026/08/06 23:53:10 - mmengine - INFO - Epoch(train)  [22][50/68]  base_lr: 1.2500e-04 lr: 1.2500e-04  eta: 0:31:00  time: 0.3658  data_time: 0.1391  memory: 600  grad_norm: 13.0358  loss: 0.6423  loss_cls: 0.2090  loss_bbox: 0.2975  loss_mask: 0.1358
2026/08/06 23:53:14 - mmengine - INFO - Epoch(train)  [22][60/68]  base_lr: 1.2500e-04 lr: 1.2500e-04  eta: 0:30:57  time: 0.3604  data_time: 0.1343  memory: 601  grad_norm: 12.6261  loss: 0.6453  loss_cls: 0.2157  loss_bbox: 0.2940  loss_mask: 0.1356
2026/08/06 23:53:17 - mmengine - INFO - Exp name: rtmdet_ins_busi_20260806_234040
2026/08/06 23:53:17 - mmengine - INFO - Saving checkpoint at 22 epochs
2026/08/06 23:53:19 - mmengine - INFO - Epoch(val)  [22][ 10/116]    eta: 0:00:04  time: 0.0430  data_time: 0.0045  memory: 605  
2026/08/06 23:53:20 - mmengine - INFO - Epoch(val)  [22][ 20/116]    eta: 0:00:04  time: 0.0431  data_time: 0.0048  memory: 145  
2026/08/06 23:53:20 - mmengine - INFO - Epoch(val)  [22][ 30/116]    eta: 0:00:03  time: 0.0417  data_time: 0.0047  memory: 184  
2026/08/06 23:53:20 - mmengine - INFO - Epoch(val)  [22][ 40/116]    eta: 0:00:03  time: 0.0424  data_time: 0.0053  memory: 202  
2026/08/06 23:53:21 - mmengine - INFO - Epoch(val)  [22][ 50/116]    eta: 0:00:02  time: 0.0411  data_time: 0.0058  memory: 164  
2026/08/06 23:53:21 - mmengine - INFO - Epoch(val)  [22][ 60/116]    eta: 0:00:02  time: 0.0412  data_time: 0.0058  memory: 160  
2026/08/06 23:53:22 - mmengine - INFO - Epoch(val)  [22][ 70/116]    eta: 0:00:01  time: 0.0411  data_time: 0.0059  memory: 143  
2026/08/06 23:53:22 - mmengine - INFO - Epoch(val)  [22][ 80/116]    eta: 0:00:01  time: 0.0410  data_time: 0.0059  memory: 124  
2026/08/06 23:53:23 - mmengine - INFO - Epoch(val)  [22][ 90/116]    eta: 0:00:01  time: 0.0420  data_time: 0.0055  memory: 226  
2026/08/06 23:53:23 - mmengine - INFO - Epoch(val)  [22][100/116]    eta: 0:00:00  time: 0.0436  data_time: 0.0055  memory: 272  
2026/08/06 23:53:23 - mmengine - INFO - Epoch(val)  [22][110/116]    eta: 0:00:00  time: 0.0440  data_time: 0.0053  memory: 209  
2026/08/06 23:53:24 - mmengine - INFO - Evaluating bbox...
2026/08/06 23:53:24 - mmengine - INFO - bbox_mAP_copypaste: 0.603 0.896 0.712 0.000 0.693 0.552
2026/08/06 23:53:24 - mmengine - INFO - Evaluating segm...
2026/08/06 23:53:24 - mmengine - INFO - segm_mAP_copypaste: 0.610 0.890 0.720 0.000 0.695 0.567
2026/08/06 23:53:26 - mmengine - INFO - val kayip: val_kayip_cls 0.4831  val_kayip_bbox 0.2626  val_kayip_mask 0.1214  val_kayip 0.8671
2026/08/06 23:53:26 - mmengine - INFO - Epoch(val) [22][116/116]    busi/dice_tum: 0.8140  busi/dice_lezyonlu: 0.7961  busi/bos_dogru: 18  busi/esik: 0.3000  val_kayip_cls: 0.4831  val_kayip_bbox: 0.2626  val_kayip_mask: 0.1214  val_kayip: 0.8671  coco/bbox_mAP: 0.6030  coco/bbox_mAP_50: 0.8960  coco/bbox_mAP_75: 0.7120  coco/bbox_mAP_s: 0.0000  coco/bbox_mAP_m: 0.6930  coco/bbox_mAP_l: 0.5520  coco/segm_mAP: 0.6100  coco/segm_mAP_50: 0.8900  coco/segm_mAP_75: 0.7200  coco/segm_mAP_s: 0.0000  coco/segm_mAP_m: 0.6950  coco/segm_mAP_l: 0.5670  data_time: 0.0055  time: 0.0434
2026/08/06 23:53:29 - mmengine - INFO - Epoch(train)  [23][10/68]  base_lr: 1.2500e-04 lr: 1.2500e-04  eta: 0:30:50  time: 0.3549  data_time: 0.1340  memory: 601  grad_norm: 12.7092  loss: 0.6219  loss_cls: 0.2132  loss_bbox: 0.2805  loss_mask: 0.1283
2026/08/06 23:53:33 - mmengine - INFO - Epoch(train)  [23][20/68]  base_lr: 1.2500e-04 lr: 1.2500e-04  eta: 0:30:47  time: 0.3571  data_time: 0.1352  memory: 602  grad_norm: 12.1643  loss: 0.5928  loss_cls: 0.1959  loss_bbox: 0.2751  loss_mask: 0.1217
2026/08/06 23:53:37 - mmengine - INFO - Epoch(train)  [23][30/68]  base_lr: 1.2500e-04 lr: 1.2500e-04  eta: 0:30:44  time: 0.3559  data_time: 0.1334  memory: 599  grad_norm: 12.7238  loss: 0.6051  loss_cls: 0.1988  loss_bbox: 0.2803  loss_mask: 0.1260
2026/08/06 23:53:40 - mmengine - INFO - Epoch(train)  [23][40/68]  base_lr: 1.2500e-04 lr: 1.2500e-04  eta: 0:30:41  time: 0.3540  data_time: 0.1339  memory: 600  grad_norm: 12.9118  loss: 0.5993  loss_cls: 0.1922  loss_bbox: 0.2829  loss_mask: 0.1241
2026/08/06 23:53:44 - mmengine - INFO - Epoch(train)  [23][50/68]  base_lr: 1.2500e-04 lr: 1.2500e-04  eta: 0:30:38  time: 0.3606  data_time: 0.1355  memory: 600  grad_norm: 12.9297  loss: 0.6177  loss_cls: 0.2011  loss_bbox: 0.2878  loss_mask: 0.1287
2026/08/06 23:53:48 - mmengine - INFO - Epoch(train)  [23][60/68]  base_lr: 1.2500e-04 lr: 1.2500e-04  eta: 0:30:35  time: 0.3639  data_time: 0.1382  memory: 600  grad_norm: 13.1020  loss: 0.6380  loss_cls: 0.2102  loss_bbox: 0.2961  loss_mask: 0.1317
2026/08/06 23:53:50 - mmengine - INFO - Exp name: rtmdet_ins_busi_20260806_234040
2026/08/06 23:53:50 - mmengine - INFO - Saving checkpoint at 23 epochs
2026/08/06 23:53:53 - mmengine - INFO - Epoch(val)  [23][ 10/116]    eta: 0:00:04  time: 0.0461  data_time: 0.0056  memory: 601  
2026/08/06 23:53:53 - mmengine - INFO - Epoch(val)  [23][ 20/116]    eta: 0:00:03  time: 0.0453  data_time: 0.0057  memory: 133  
2026/08/06 23:53:53 - mmengine - INFO - Epoch(val)  [23][ 30/116]    eta: 0:00:03  time: 0.0430  data_time: 0.0051  memory: 164  
2026/08/06 23:53:54 - mmengine - INFO - Epoch(val)  [23][ 40/116]    eta: 0:00:03  time: 0.0426  data_time: 0.0050  memory: 183  
2026/08/06 23:53:54 - mmengine - INFO - Epoch(val)  [23][ 50/116]    eta: 0:00:02  time: 0.0400  data_time: 0.0053  memory: 145  
2026/08/06 23:53:55 - mmengine - INFO - Epoch(val)  [23][ 60/116]    eta: 0:00:02  time: 0.0404  data_time: 0.0052  memory: 143  
2026/08/06 23:53:55 - mmengine - INFO - Epoch(val)  [23][ 70/116]    eta: 0:00:01  time: 0.0410  data_time: 0.0052  memory: 133  
2026/08/06 23:53:55 - mmengine - INFO - Epoch(val)  [23][ 80/116]    eta: 0:00:01  time: 0.0413  data_time: 0.0060  memory: 136  
2026/08/06 23:53:56 - mmengine - INFO - Epoch(val)  [23][ 90/116]    eta: 0:00:01  time: 0.0418  data_time: 0.0059  memory: 169  
2026/08/06 23:53:56 - mmengine - INFO - Epoch(val)  [23][100/116]    eta: 0:00:00  time: 0.0429  data_time: 0.0053  memory: 207  
2026/08/06 23:53:57 - mmengine - INFO - Epoch(val)  [23][110/116]    eta: 0:00:00  time: 0.0434  data_time: 0.0051  memory: 195  
2026/08/06 23:53:57 - mmengine - INFO - Evaluating bbox...
2026/08/06 23:53:57 - mmengine - INFO - bbox_mAP_copypaste: 0.592 0.891 0.732 0.000 0.691 0.543
2026/08/06 23:53:57 - mmengine - INFO - Evaluating segm...
2026/08/06 23:53:57 - mmengine - INFO - segm_mAP_copypaste: 0.619 0.891 0.714 0.000 0.703 0.574
2026/08/06 23:53:59 - mmengine - INFO - val kayip: val_kayip_cls 0.4501  val_kayip_bbox 0.2647  val_kayip_mask 0.1229  val_kayip 0.8376
2026/08/06 23:53:59 - mmengine - INFO - Epoch(val) [23][116/116]    busi/dice_tum: 0.8003  busi/dice_lezyonlu: 0.7691  busi/bos_dogru: 19  busi/esik: 0.4000  val_kayip_cls: 0.4501  val_kayip_bbox: 0.2647  val_kayip_mask: 0.1229  val_kayip: 0.8376  coco/bbox_mAP: 0.5920  coco/bbox_mAP_50: 0.8910  coco/bbox_mAP_75: 0.7320  coco/bbox_mAP_s: 0.0000  coco/bbox_mAP_m: 0.6910  coco/bbox_mAP_l: 0.5430  coco/segm_mAP: 0.6190  coco/segm_mAP_50: 0.8910  coco/segm_mAP_75: 0.7140  coco/segm_mAP_s: 0.0000  coco/segm_mAP_m: 0.7030  coco/segm_mAP_l: 0.5740  data_time: 0.0054  time: 0.0423
2026/08/06 23:54:03 - mmengine - INFO - Epoch(train)  [24][10/68]  base_lr: 1.2500e-04 lr: 1.2500e-04  eta: 0:30:28  time: 0.3575  data_time: 0.1312  memory: 601  grad_norm: 13.2208  loss: 0.6317  loss_cls: 0.2125  loss_bbox: 0.2926  loss_mask: 0.1267
2026/08/06 23:54:06 - mmengine - INFO - Epoch(train)  [24][20/68]  base_lr: 1.2500e-04 lr: 1.2500e-04  eta: 0:30:25  time: 0.3557  data_time: 0.1267  memory: 600  grad_norm: 13.1621  loss: 0.6244  loss_cls: 0.2102  loss_bbox: 0.2873  loss_mask: 0.1270
2026/08/06 23:54:10 - mmengine - INFO - Epoch(train)  [24][30/68]  base_lr: 1.2500e-04 lr: 1.2500e-04  eta: 0:30:22  time: 0.3579  data_time: 0.1308  memory: 601  grad_norm: 12.8124  loss: 0.6265  loss_cls: 0.2066  loss_bbox: 0.2886  loss_mask: 0.1313
2026/08/06 23:54:14 - mmengine - INFO - Epoch(train)  [24][40/68]  base_lr: 1.2500e-04 lr: 1.2500e-04  eta: 0:30:18  time: 0.3549  data_time: 0.1270  memory: 598  grad_norm: 12.8949  loss: 0.6113  loss_cls: 0.2011  loss_bbox: 0.2852  loss_mask: 0.1250
2026/08/06 23:54:17 - mmengine - INFO - Epoch(train)  [24][50/68]  base_lr: 1.2500e-04 lr: 1.2500e-04  eta: 0:30:15  time: 0.3629  data_time: 0.1339  memory: 600  grad_norm: 13.0227  loss: 0.6068  loss_cls: 0.1905  loss_bbox: 0.2895  loss_mask: 0.1267
2026/08/06 23:54:21 - mmengine - INFO - Epoch(train)  [24][60/68]  base_lr: 1.2500e-04 lr: 1.2500e-04  eta: 0:30:12  time: 0.3560  data_time: 0.1323  memory: 601  grad_norm: 13.3706  loss: 0.6282  loss_cls: 0.2045  loss_bbox: 0.2950  loss_mask: 0.1287
2026/08/06 23:54:24 - mmengine - INFO - Exp name: rtmdet_ins_busi_20260806_234040
2026/08/06 23:54:24 - mmengine - INFO - Saving checkpoint at 24 epochs
2026/08/06 23:54:26 - mmengine - INFO - Epoch(val)  [24][ 10/116]    eta: 0:00:04  time: 0.0445  data_time: 0.0048  memory: 600  
2026/08/06 23:54:26 - mmengine - INFO - Epoch(val)  [24][ 20/116]    eta: 0:00:03  time: 0.0440  data_time: 0.0051  memory: 129  
2026/08/06 23:54:27 - mmengine - INFO - Epoch(val)  [24][ 30/116]    eta: 0:00:03  time: 0.0433  data_time: 0.0050  memory: 176  
2026/08/06 23:54:27 - mmengine - INFO - Epoch(val)  [24][ 40/116]    eta: 0:00:03  time: 0.0430  data_time: 0.0051  memory: 251  
2026/08/06 23:54:28 - mmengine - INFO - Epoch(val)  [24][ 50/116]    eta: 0:00:02  time: 0.0416  data_time: 0.0051  memory: 178  
2026/08/06 23:54:28 - mmengine - INFO - Epoch(val)  [24][ 60/116]    eta: 0:00:02  time: 0.0425  data_time: 0.0049  memory: 178  
2026/08/06 23:54:29 - mmengine - INFO - Epoch(val)  [24][ 70/116]    eta: 0:00:01  time: 0.0434  data_time: 0.0050  memory: 146  
2026/08/06 23:54:29 - mmengine - INFO - Epoch(val)  [24][ 80/116]    eta: 0:00:01  time: 0.0430  data_time: 0.0055  memory: 162  
2026/08/06 23:54:30 - mmengine - INFO - Epoch(val)  [24][ 90/116]    eta: 0:00:01  time: 0.0443  data_time: 0.0067  memory: 231  
2026/08/06 23:54:30 - mmengine - INFO - Epoch(val)  [24][100/116]    eta: 0:00:00  time: 0.0453  data_time: 0.0070  memory: 255  
2026/08/06 23:54:30 - mmengine - INFO - Epoch(val)  [24][110/116]    eta: 0:00:00  time: 0.0450  data_time: 0.0072  memory: 195  
2026/08/06 23:54:31 - mmengine - INFO - Evaluating bbox...
2026/08/06 23:54:31 - mmengine - INFO - bbox_mAP_copypaste: 0.593 0.897 0.704 0.000 0.697 0.545
2026/08/06 23:54:31 - mmengine - INFO - Evaluating segm...
2026/08/06 23:54:31 - mmengine - INFO - segm_mAP_copypaste: 0.619 0.899 0.732 0.000 0.716 0.573
2026/08/06 23:54:33 - mmengine - INFO - val kayip: val_kayip_cls 0.4726  val_kayip_bbox 0.2690  val_kayip_mask 0.1239  val_kayip 0.8655
2026/08/06 23:54:33 - mmengine - INFO - Epoch(val) [24][116/116]    busi/dice_tum: 0.8136  busi/dice_lezyonlu: 0.7852  busi/bos_dogru: 19  busi/esik: 0.3000  val_kayip_cls: 0.4726  val_kayip_bbox: 0.2690  val_kayip_mask: 0.1239  val_kayip: 0.8655  coco/bbox_mAP: 0.5930  coco/bbox_mAP_50: 0.8970  coco/bbox_mAP_75: 0.7040  coco/bbox_mAP_s: 0.0000  coco/bbox_mAP_m: 0.6970  coco/bbox_mAP_l: 0.5450  coco/segm_mAP: 0.6190  coco/segm_mAP_50: 0.8990  coco/segm_mAP_75: 0.7320  coco/segm_mAP_s: 0.0000  coco/segm_mAP_m: 0.7160  coco/segm_mAP_l: 0.5730  data_time: 0.0060  time: 0.0440
2026/08/06 23:54:37 - mmengine - INFO - Epoch(train)  [25][10/68]  base_lr: 1.2500e-04 lr: 1.2500e-04  eta: 0:30:07  time: 0.3585  data_time: 0.1351  memory: 603  grad_norm: 13.2337  loss: 0.6151  loss_cls: 0.1965  loss_bbox: 0.2971  loss_mask: 0.1216
2026/08/06 23:54:40 - mmengine - INFO - Epoch(train)  [25][20/68]  base_lr: 1.2500e-04 lr: 1.2500e-04  eta: 0:30:03  time: 0.3591  data_time: 0.1363  memory: 601  grad_norm: 13.3812  loss: 0.6030  loss_cls: 0.1883  loss_bbox: 0.2944  loss_mask: 0.1203
2026/08/06 23:54:44 - mmengine - INFO - Epoch(train)  [25][30/68]  base_lr: 1.2500e-04 lr: 1.2500e-04  eta: 0:30:00  time: 0.3615  data_time: 0.1378  memory: 599  grad_norm: 13.2542  loss: 0.6237  loss_cls: 0.2028  loss_bbox: 0.2948  loss_mask: 0.1261
2026/08/06 23:54:47 - mmengine - INFO - Epoch(train)  [25][40/68]  base_lr: 1.2500e-04 lr: 1.2500e-04  eta: 0:29:56  time: 0.3575  data_time: 0.1327  memory: 601  grad_norm: 13.1920  loss: 0.6179  loss_cls: 0.2020  loss_bbox: 0.2910  loss_mask: 0.1250
2026/08/06 23:54:51 - mmengine - INFO - Epoch(train)  [25][50/68]  base_lr: 1.2500e-04 lr: 1.2500e-04  eta: 0:29:53  time: 0.3612  data_time: 0.1342  memory: 603  grad_norm: 12.8694  loss: 0.6227  loss_cls: 0.2055  loss_bbox: 0.2902  loss_mask: 0.1270
2026/08/06 23:54:54 - mmengine - INFO - Epoch(train)  [25][60/68]  base_lr: 1.2500e-04 lr: 1.2500e-04  eta: 0:29:50  time: 0.3553  data_time: 0.1291  memory: 601  grad_norm: 13.0212  loss: 0.6277  loss_cls: 0.2048  loss_bbox: 0.2942  loss_mask: 0.1287
2026/08/06 23:54:57 - mmengine - INFO - Exp name: rtmdet_ins_busi_20260806_234040
2026/08/06 23:54:57 - mmengine - INFO - Saving checkpoint at 25 epochs
2026/08/06 23:55:00 - mmengine - INFO - Epoch(val)  [25][ 10/116]    eta: 0:00:04  time: 0.0471  data_time: 0.0072  memory: 599  
2026/08/06 23:55:00 - mmengine - INFO - Epoch(val)  [25][ 20/116]    eta: 0:00:03  time: 0.0458  data_time: 0.0060  memory: 133  
2026/08/06 23:55:00 - mmengine - INFO - Epoch(val)  [25][ 30/116]    eta: 0:00:03  time: 0.0430  data_time: 0.0059  memory: 154  
2026/08/06 23:55:01 - mmengine - INFO - Epoch(val)  [25][ 40/116]    eta: 0:00:03  time: 0.0428  data_time: 0.0047  memory: 197  
2026/08/06 23:55:01 - mmengine - INFO - Epoch(val)  [25][ 50/116]    eta: 0:00:02  time: 0.0405  data_time: 0.0054  memory: 148  
2026/08/06 23:55:02 - mmengine - INFO - Epoch(val)  [25][ 60/116]    eta: 0:00:02  time: 0.0405  data_time: 0.0052  memory: 182  
2026/08/06 23:55:02 - mmengine - INFO - Epoch(val)  [25][ 70/116]    eta: 0:00:01  time: 0.0410  data_time: 0.0047  memory: 146  
2026/08/06 23:55:02 - mmengine - INFO - Epoch(val)  [25][ 80/116]    eta: 0:00:01  time: 0.0419  data_time: 0.0049  memory: 134  
2026/08/06 23:55:03 - mmengine - INFO - Epoch(val)  [25][ 90/116]    eta: 0:00:01  time: 0.0428  data_time: 0.0056  memory: 169  
2026/08/06 23:55:03 - mmengine - INFO - Epoch(val)  [25][100/116]    eta: 0:00:00  time: 0.0440  data_time: 0.0049  memory: 236  
2026/08/06 23:55:04 - mmengine - INFO - Epoch(val)  [25][110/116]    eta: 0:00:00  time: 0.0449  data_time: 0.0048  memory: 198  
2026/08/06 23:55:04 - mmengine - INFO - Evaluating bbox...
2026/08/06 23:55:04 - mmengine - INFO - bbox_mAP_copypaste: 0.565 0.880 0.650 0.000 0.682 0.506
2026/08/06 23:55:04 - mmengine - INFO - Evaluating segm...
2026/08/06 23:55:04 - mmengine - INFO - segm_mAP_copypaste: 0.605 0.886 0.695 0.000 0.719 0.549
2026/08/06 23:55:06 - mmengine - INFO - val kayip: val_kayip_cls 0.5591  val_kayip_bbox 0.2757  val_kayip_mask 0.1260  val_kayip 0.9608
2026/08/06 23:55:06 - mmengine - INFO - Epoch(val) [25][116/116]    busi/dice_tum: 0.8006  busi/dice_lezyonlu: 0.7799  busi/bos_dogru: 18  busi/esik: 0.4000  val_kayip_cls: 0.5591  val_kayip_bbox: 0.2757  val_kayip_mask: 0.1260  val_kayip: 0.9608  coco/bbox_mAP: 0.5650  coco/bbox_mAP_50: 0.8800  coco/bbox_mAP_75: 0.6500  coco/bbox_mAP_s: 0.0000  coco/bbox_mAP_m: 0.6820  coco/bbox_mAP_l: 0.5060  coco/segm_mAP: 0.6050  coco/segm_mAP_50: 0.8860  coco/segm_mAP_75: 0.6950  coco/segm_mAP_s: 0.0000  coco/segm_mAP_m: 0.7190  coco/segm_mAP_l: 0.5490  data_time: 0.0051  time: 0.0428
2026/08/06 23:55:10 - mmengine - INFO - Epoch(train)  [26][10/68]  base_lr: 1.2500e-04 lr: 1.2500e-04  eta: 0:29:43  time: 0.3488  data_time: 0.1238  memory: 601  grad_norm: 12.9072  loss: 0.6315  loss_cls: 0.2061  loss_bbox: 0.2957  loss_mask: 0.1298
2026/08/06 23:55:13 - mmengine - INFO - Epoch(train)  [26][20/68]  base_lr: 1.2500e-04 lr: 1.2500e-04  eta: 0:29:39  time: 0.3446  data_time: 0.1207  memory: 601  grad_norm: 12.7912  loss: 0.6227  loss_cls: 0.2019  loss_bbox: 0.2925  loss_mask: 0.1283
2026/08/06 23:55:17 - mmengine - INFO - Epoch(train)  [26][30/68]  base_lr: 1.2500e-04 lr: 1.2500e-04  eta: 0:29:36  time: 0.3498  data_time: 0.1248  memory: 600  grad_norm: 12.9039  loss: 0.6203  loss_cls: 0.1956  loss_bbox: 0.2944  loss_mask: 0.1303
2026/08/06 23:55:20 - mmengine - INFO - Epoch(train)  [26][40/68]  base_lr: 1.2500e-04 lr: 1.2500e-04  eta: 0:29:32  time: 0.3430  data_time: 0.1217  memory: 600  grad_norm: 13.1695  loss: 0.6187  loss_cls: 0.1971  loss_bbox: 0.2923  loss_mask: 0.1293
2026/08/06 23:55:24 - mmengine - INFO - Epoch(train)  [26][50/68]  base_lr: 1.2500e-04 lr: 1.2500e-04  eta: 0:29:29  time: 0.3487  data_time: 0.1265  memory: 601  grad_norm: 12.8998  loss: 0.6017  loss_cls: 0.1853  loss_bbox: 0.2895  loss_mask: 0.1268
2026/08/06 23:55:27 - mmengine - INFO - Epoch(train)  [26][60/68]  base_lr: 1.2500e-04 lr: 1.2500e-04  eta: 0:29:26  time: 0.3542  data_time: 0.1293  memory: 601  grad_norm: 12.8660  loss: 0.5940  loss_cls: 0.1799  loss_bbox: 0.2900  loss_mask: 0.1241
2026/08/06 23:55:30 - mmengine - INFO - Exp name: rtmdet_ins_busi_20260806_234040
2026/08/06 23:55:30 - mmengine - INFO - Saving checkpoint at 26 epochs
2026/08/06 23:55:33 - mmengine - INFO - Epoch(val)  [26][ 10/116]    eta: 0:00:04  time: 0.0457  data_time: 0.0055  memory: 599  
2026/08/06 23:55:33 - mmengine - INFO - Epoch(val)  [26][ 20/116]    eta: 0:00:04  time: 0.0458  data_time: 0.0055  memory: 129  
2026/08/06 23:55:34 - mmengine - INFO - Epoch(val)  [26][ 30/116]    eta: 0:00:03  time: 0.0443  data_time: 0.0050  memory: 183  
2026/08/06 23:55:34 - mmengine - INFO - Epoch(val)  [26][ 40/116]    eta: 0:00:03  time: 0.0443  data_time: 0.0050  memory: 194  
2026/08/06 23:55:34 - mmengine - INFO - Epoch(val)  [26][ 50/116]    eta: 0:00:02  time: 0.0438  data_time: 0.0051  memory: 159  
2026/08/06 23:55:35 - mmengine - INFO - Epoch(val)  [26][ 60/116]    eta: 0:00:02  time: 0.0443  data_time: 0.0054  memory: 138  
2026/08/06 23:55:35 - mmengine - INFO - Epoch(val)  [26][ 70/116]    eta: 0:00:02  time: 0.0454  data_time: 0.0054  memory: 134  
2026/08/06 23:55:36 - mmengine - INFO - Epoch(val)  [26][ 80/116]    eta: 0:00:01  time: 0.0453  data_time: 0.0054  memory: 158  
2026/08/06 23:55:36 - mmengine - INFO - Epoch(val)  [26][ 90/116]    eta: 0:00:01  time: 0.0466  data_time: 0.0059  memory: 175  
2026/08/06 23:55:37 - mmengine - INFO - Epoch(val)  [26][100/116]    eta: 0:00:00  time: 0.0465  data_time: 0.0058  memory: 228  
2026/08/06 23:55:37 - mmengine - INFO - Epoch(val)  [26][110/116]    eta: 0:00:00  time: 0.0474  data_time: 0.0056  memory: 198  
2026/08/06 23:55:38 - mmengine - INFO - Evaluating bbox...
2026/08/06 23:55:38 - mmengine - INFO - bbox_mAP_copypaste: 0.557 0.894 0.619 0.000 0.635 0.516
2026/08/06 23:55:38 - mmengine - INFO - Evaluating segm...
2026/08/06 23:55:38 - mmengine - INFO - segm_mAP_copypaste: 0.616 0.892 0.723 0.000 0.704 0.568
2026/08/06 23:55:40 - mmengine - INFO - val kayip: val_kayip_cls 0.5981  val_kayip_bbox 0.2869  val_kayip_mask 0.1243  val_kayip 1.0094
2026/08/06 23:55:40 - mmengine - INFO - Epoch(val) [26][116/116]    busi/dice_tum: 0.8017  busi/dice_lezyonlu: 0.7604  busi/bos_dogru: 20  busi/esik: 0.5000  val_kayip_cls: 0.5981  val_kayip_bbox: 0.2869  val_kayip_mask: 0.1243  val_kayip: 1.0094  coco/bbox_mAP: 0.5570  coco/bbox_mAP_50: 0.8940  coco/bbox_mAP_75: 0.6190  coco/bbox_mAP_s: 0.0000  coco/bbox_mAP_m: 0.6350  coco/bbox_mAP_l: 0.5160  coco/segm_mAP: 0.6160  coco/segm_mAP_50: 0.8920  coco/segm_mAP_75: 0.7230  coco/segm_mAP_s: 0.0000  coco/segm_mAP_m: 0.7040  coco/segm_mAP_l: 0.5680  data_time: 0.0056  time: 0.0458
2026/08/06 23:55:43 - mmengine - INFO - Epoch(train)  [27][10/68]  base_lr: 1.2500e-04 lr: 1.2500e-04  eta: 0:29:19  time: 0.3514  data_time: 0.1302  memory: 604  grad_norm: 13.2687  loss: 0.5954  loss_cls: 0.1795  loss_bbox: 0.2926  loss_mask: 0.1233
2026/08/06 23:55:47 - mmengine - INFO - Epoch(train)  [27][20/68]  base_lr: 1.2500e-04 lr: 1.2500e-04  eta: 0:29:16  time: 0.3559  data_time: 0.1324  memory: 601  grad_norm: 13.5637  loss: 0.5892  loss_cls: 0.1785  loss_bbox: 0.2875  loss_mask: 0.1232
2026/08/06 23:55:50 - mmengine - INFO - Epoch(train)  [27][30/68]  base_lr: 1.2500e-04 lr: 1.2500e-04  eta: 0:29:12  time: 0.3560  data_time: 0.1337  memory: 600  grad_norm: 13.9109  loss: 0.6006  loss_cls: 0.1870  loss_bbox: 0.2915  loss_mask: 0.1221
2026/08/06 23:55:54 - mmengine - INFO - Epoch(train)  [27][40/68]  base_lr: 1.2500e-04 lr: 1.2500e-04  eta: 0:29:09  time: 0.3507  data_time: 0.1321  memory: 600  grad_norm: 13.7275  loss: 0.5846  loss_cls: 0.1797  loss_bbox: 0.2843  loss_mask: 0.1207
2026/08/06 23:55:58 - mmengine - INFO - Epoch(train)  [27][50/68]  base_lr: 1.2500e-04 lr: 1.2500e-04  eta: 0:29:06  time: 0.3581  data_time: 0.1353  memory: 601  grad_norm: 12.8482  loss: 0.5753  loss_cls: 0.1810  loss_bbox: 0.2736  loss_mask: 0.1207
2026/08/06 23:56:01 - mmengine - INFO - Epoch(train)  [27][60/68]  base_lr: 1.2500e-04 lr: 1.2500e-04  eta: 0:29:03  time: 0.3571  data_time: 0.1330  memory: 600  grad_norm: 12.8958  loss: 0.5751  loss_cls: 0.1819  loss_bbox: 0.2732  loss_mask: 0.1200
2026/08/06 23:56:03 - mmengine - INFO - Exp name: rtmdet_ins_busi_20260806_234040
2026/08/06 23:56:03 - mmengine - INFO - Saving checkpoint at 27 epochs
2026/08/06 23:56:06 - mmengine - INFO - Epoch(val)  [27][ 10/116]    eta: 0:00:04  time: 0.0471  data_time: 0.0061  memory: 601  
2026/08/06 23:56:06 - mmengine - INFO - Epoch(val)  [27][ 20/116]    eta: 0:00:03  time: 0.0456  data_time: 0.0061  memory: 129  
2026/08/06 23:56:07 - mmengine - INFO - Epoch(val)  [27][ 30/116]    eta: 0:00:03  time: 0.0430  data_time: 0.0053  memory: 200  
2026/08/06 23:56:07 - mmengine - INFO - Epoch(val)  [27][ 40/116]    eta: 0:00:02  time: 0.0419  data_time: 0.0052  memory: 179  
2026/08/06 23:56:08 - mmengine - INFO - Epoch(val)  [27][ 50/116]    eta: 0:00:02  time: 0.0400  data_time: 0.0051  memory: 164  
2026/08/06 23:56:08 - mmengine - INFO - Epoch(val)  [27][ 60/116]    eta: 0:00:02  time: 0.0411  data_time: 0.0052  memory: 143  
2026/08/06 23:56:08 - mmengine - INFO - Epoch(val)  [27][ 70/116]    eta: 0:00:01  time: 0.0423  data_time: 0.0055  memory: 147  
2026/08/06 23:56:09 - mmengine - INFO - Epoch(val)  [27][ 80/116]    eta: 0:00:01  time: 0.0432  data_time: 0.0059  memory: 149  
2026/08/06 23:56:09 - mmengine - INFO - Epoch(val)  [27][ 90/116]    eta: 0:00:01  time: 0.0442  data_time: 0.0059  memory: 168  
2026/08/06 23:56:10 - mmengine - INFO - Epoch(val)  [27][100/116]    eta: 0:00:00  time: 0.0451  data_time: 0.0059  memory: 189  
2026/08/06 23:56:10 - mmengine - INFO - Epoch(val)  [27][110/116]    eta: 0:00:00  time: 0.0449  data_time: 0.0058  memory: 186  
2026/08/06 23:56:11 - mmengine - INFO - Evaluating bbox...
2026/08/06 23:56:11 - mmengine - INFO - bbox_mAP_copypaste: 0.580 0.877 0.644 0.000 0.695 0.514
2026/08/06 23:56:11 - mmengine - INFO - Evaluating segm...
2026/08/06 23:56:11 - mmengine - INFO - segm_mAP_copypaste: 0.598 0.872 0.675 0.000 0.736 0.524
2026/08/06 23:56:13 - mmengine - INFO - val kayip: val_kayip_cls 0.4891  val_kayip_bbox 0.2690  val_kayip_mask 0.1243  val_kayip 0.8823
2026/08/06 23:56:13 - mmengine - INFO - Epoch(val) [27][116/116]    busi/dice_tum: 0.7928  busi/dice_lezyonlu: 0.7496  busi/bos_dogru: 20  busi/esik: 0.4000  val_kayip_cls: 0.4891  val_kayip_bbox: 0.2690  val_kayip_mask: 0.1243  val_kayip: 0.8823  coco/bbox_mAP: 0.5800  coco/bbox_mAP_50: 0.8770  coco/bbox_mAP_75: 0.6440  coco/bbox_mAP_s: 0.0000  coco/bbox_mAP_m: 0.6950  coco/bbox_mAP_l: 0.5140  coco/segm_mAP: 0.5980  coco/segm_mAP_50: 0.8720  coco/segm_mAP_75: 0.6750  coco/segm_mAP_s: 0.0000  coco/segm_mAP_m: 0.7360  coco/segm_mAP_l: 0.5240  data_time: 0.0055  time: 0.0432
2026/08/06 23:56:16 - mmengine - INFO - Epoch(train)  [28][10/68]  base_lr: 1.2500e-04 lr: 1.2500e-04  eta: 0:28:56  time: 0.3531  data_time: 0.1266  memory: 600  grad_norm: 12.9493  loss: 0.5989  loss_cls: 0.1871  loss_bbox: 0.2863  loss_mask: 0.1254
2026/08/06 23:56:20 - mmengine - INFO - Epoch(train)  [28][20/68]  base_lr: 1.2500e-04 lr: 1.2500e-04  eta: 0:28:52  time: 0.3520  data_time: 0.1258  memory: 604  grad_norm: 12.6052  loss: 0.5978  loss_cls: 0.1913  loss_bbox: 0.2833  loss_mask: 0.1232
2026/08/06 23:56:23 - mmengine - INFO - Epoch(train)  [28][30/68]  base_lr: 1.2500e-04 lr: 1.2500e-04  eta: 0:28:48  time: 0.3423  data_time: 0.1214  memory: 601  grad_norm: 12.3416  loss: 0.5985  loss_cls: 0.1899  loss_bbox: 0.2868  loss_mask: 0.1217
2026/08/06 23:56:26 - mmengine - INFO - Epoch(train)  [28][40/68]  base_lr: 1.2500e-04 lr: 1.2500e-04  eta: 0:28:44  time: 0.3399  data_time: 0.1206  memory: 600  grad_norm: 12.1840  loss: 0.6066  loss_cls: 0.1907  loss_bbox: 0.2913  loss_mask: 0.1246
2026/08/06 23:56:30 - mmengine - INFO - Epoch(train)  [28][50/68]  base_lr: 1.2500e-04 lr: 1.2500e-04  eta: 0:28:41  time: 0.3455  data_time: 0.1257  memory: 599  grad_norm: 11.9821  loss: 0.5946  loss_cls: 0.1824  loss_bbox: 0.2904  loss_mask: 0.1218
2026/08/06 23:56:33 - mmengine - INFO - Epoch(train)  [28][60/68]  base_lr: 1.2500e-04 lr: 1.2500e-04  eta: 0:28:37  time: 0.3394  data_time: 0.1259  memory: 600  grad_norm: 12.0556  loss: 0.6006  loss_cls: 0.1859  loss_bbox: 0.2915  loss_mask: 0.1232
2026/08/06 23:56:36 - mmengine - INFO - Exp name: rtmdet_ins_busi_20260806_234040
2026/08/06 23:56:36 - mmengine - INFO - Saving checkpoint at 28 epochs
2026/08/06 23:56:38 - mmengine - INFO - Epoch(val)  [28][ 10/116]    eta: 0:00:04  time: 0.0452  data_time: 0.0048  memory: 601  
2026/08/06 23:56:39 - mmengine - INFO - Epoch(val)  [28][ 20/116]    eta: 0:00:03  time: 0.0434  data_time: 0.0041  memory: 138  
2026/08/06 23:56:39 - mmengine - INFO - Epoch(val)  [28][ 30/116]    eta: 0:00:03  time: 0.0417  data_time: 0.0038  memory: 138  
2026/08/06 23:56:40 - mmengine - INFO - Epoch(val)  [28][ 40/116]    eta: 0:00:02  time: 0.0398  data_time: 0.0032  memory: 149  
2026/08/06 23:56:40 - mmengine - INFO - Epoch(val)  [28][ 50/116]    eta: 0:00:02  time: 0.0377  data_time: 0.0032  memory: 153  
2026/08/06 23:56:40 - mmengine - INFO - Epoch(val)  [28][ 60/116]    eta: 0:00:02  time: 0.0381  data_time: 0.0039  memory: 143  
2026/08/06 23:56:41 - mmengine - INFO - Epoch(val)  [28][ 70/116]    eta: 0:00:01  time: 0.0389  data_time: 0.0042  memory: 136  
2026/08/06 23:56:41 - mmengine - INFO - Epoch(val)  [28][ 80/116]    eta: 0:00:01  time: 0.0388  data_time: 0.0047  memory: 145  
2026/08/06 23:56:42 - mmengine - INFO - Epoch(val)  [28][ 90/116]    eta: 0:00:01  time: 0.0399  data_time: 0.0048  memory: 169  
2026/08/06 23:56:42 - mmengine - INFO - Epoch(val)  [28][100/116]    eta: 0:00:00  time: 0.0407  data_time: 0.0048  memory: 230  
2026/08/06 23:56:42 - mmengine - INFO - Epoch(val)  [28][110/116]    eta: 0:00:00  time: 0.0402  data_time: 0.0047  memory: 198  
2026/08/06 23:56:43 - mmengine - INFO - Evaluating bbox...
2026/08/06 23:56:43 - mmengine - INFO - bbox_mAP_copypaste: 0.580 0.888 0.658 0.000 0.685 0.525
2026/08/06 23:56:43 - mmengine - INFO - Evaluating segm...
2026/08/06 23:56:43 - mmengine - INFO - segm_mAP_copypaste: 0.616 0.889 0.695 0.000 0.734 0.556
2026/08/06 23:56:45 - mmengine - INFO - val kayip: val_kayip_cls 0.4028  val_kayip_bbox 0.2679  val_kayip_mask 0.1203  val_kayip 0.7910
2026/08/06 23:56:45 - mmengine - INFO - Epoch(val) [28][116/116]    busi/dice_tum: 0.7927  busi/dice_lezyonlu: 0.7807  busi/bos_dogru: 17  busi/esik: 0.3000  val_kayip_cls: 0.4028  val_kayip_bbox: 0.2679  val_kayip_mask: 0.1203  val_kayip: 0.7910  coco/bbox_mAP: 0.5800  coco/bbox_mAP_50: 0.8880  coco/bbox_mAP_75: 0.6580  coco/bbox_mAP_s: 0.0000  coco/bbox_mAP_m: 0.6850  coco/bbox_mAP_l: 0.5250  coco/segm_mAP: 0.6160  coco/segm_mAP_50: 0.8890  coco/segm_mAP_75: 0.6950  coco/segm_mAP_s: 0.0000  coco/segm_mAP_m: 0.7340  coco/segm_mAP_l: 0.5560  data_time: 0.0043  time: 0.0393
2026/08/06 23:56:48 - mmengine - INFO - Epoch(train)  [29][10/68]  base_lr: 1.2500e-04 lr: 1.2500e-04  eta: 0:28:30  time: 0.3406  data_time: 0.1293  memory: 602  grad_norm: 13.0792  loss: 0.6122  loss_cls: 0.1938  loss_bbox: 0.2926  loss_mask: 0.1258
2026/08/06 23:56:52 - mmengine - INFO - Epoch(train)  [29][20/68]  base_lr: 1.2500e-04 lr: 1.2500e-04  eta: 0:28:27  time: 0.3439  data_time: 0.1311  memory: 599  grad_norm: 13.3145  loss: 0.6089  loss_cls: 0.1891  loss_bbox: 0.2928  loss_mask: 0.1270
2026/08/06 23:56:55 - mmengine - INFO - Epoch(train)  [29][30/68]  base_lr: 1.2500e-04 lr: 1.2500e-04  eta: 0:28:23  time: 0.3419  data_time: 0.1307  memory: 601  grad_norm: 13.1673  loss: 0.5872  loss_cls: 0.1799  loss_bbox: 0.2842  loss_mask: 0.1232
2026/08/06 23:56:58 - mmengine - INFO - Epoch(train)  [29][40/68]  base_lr: 1.2500e-04 lr: 1.2500e-04  eta: 0:28:20  time: 0.3451  data_time: 0.1312  memory: 601  grad_norm: 12.6698  loss: 0.5505  loss_cls: 0.1621  loss_bbox: 0.2694  loss_mask: 0.1190
2026/08/06 23:57:02 - mmengine - INFO - Epoch(train)  [29][50/68]  base_lr: 1.2500e-04 lr: 1.2500e-04  eta: 0:28:16  time: 0.3470  data_time: 0.1295  memory: 603  grad_norm: 12.3418  loss: 0.5573  loss_cls: 0.1625  loss_bbox: 0.2742  loss_mask: 0.1206
2026/08/06 23:57:05 - mmengine - INFO - Epoch(train)  [29][60/68]  base_lr: 1.2500e-04 lr: 1.2500e-04  eta: 0:28:12  time: 0.3468  data_time: 0.1305  memory: 599  grad_norm: 12.3532  loss: 0.5428  loss_cls: 0.1511  loss_bbox: 0.2724  loss_mask: 0.1194
2026/08/06 23:57:08 - mmengine - INFO - Exp name: rtmdet_ins_busi_20260806_234040
2026/08/06 23:57:08 - mmengine - INFO - Saving checkpoint at 29 epochs
2026/08/06 23:57:10 - mmengine - INFO - Epoch(val)  [29][ 10/116]    eta: 0:00:04  time: 0.0422  data_time: 0.0060  memory: 601  
2026/08/06 23:57:11 - mmengine - INFO - Epoch(val)  [29][ 20/116]    eta: 0:00:04  time: 0.0422  data_time: 0.0059  memory: 133  
2026/08/06 23:57:11 - mmengine - INFO - Epoch(val)  [29][ 30/116]    eta: 0:00:03  time: 0.0406  data_time: 0.0056  memory: 171  
2026/08/06 23:57:12 - mmengine - INFO - Epoch(val)  [29][ 40/116]    eta: 0:00:03  time: 0.0409  data_time: 0.0068  memory: 154  
2026/08/06 23:57:12 - mmengine - INFO - Epoch(val)  [29][ 50/116]    eta: 0:00:02  time: 0.0416  data_time: 0.0065  memory: 164  
2026/08/06 23:57:13 - mmengine - INFO - Epoch(val)  [29][ 60/116]    eta: 0:00:02  time: 0.0419  data_time: 0.0058  memory: 146  
2026/08/06 23:57:13 - mmengine - INFO - Epoch(val)  [29][ 70/116]    eta: 0:00:01  time: 0.0426  data_time: 0.0057  memory: 134  
2026/08/06 23:57:13 - mmengine - INFO - Epoch(val)  [29][ 80/116]    eta: 0:00:01  time: 0.0431  data_time: 0.0055  memory: 153  
2026/08/06 23:57:14 - mmengine - INFO - Epoch(val)  [29][ 90/116]    eta: 0:00:01  time: 0.0443  data_time: 0.0047  memory: 163  
2026/08/06 23:57:14 - mmengine - INFO - Epoch(val)  [29][100/116]    eta: 0:00:00  time: 0.0459  data_time: 0.0045  memory: 234  
2026/08/06 23:57:15 - mmengine - INFO - Epoch(val)  [29][110/116]    eta: 0:00:00  time: 0.0456  data_time: 0.0036  memory: 221  
2026/08/06 23:57:15 - mmengine - INFO - Evaluating bbox...
2026/08/06 23:57:15 - mmengine - INFO - bbox_mAP_copypaste: 0.600 0.888 0.677 0.000 0.714 0.551
2026/08/06 23:57:15 - mmengine - INFO - Evaluating segm...
2026/08/06 23:57:15 - mmengine - INFO - segm_mAP_copypaste: 0.619 0.885 0.726 0.000 0.723 0.572
2026/08/06 23:57:17 - mmengine - INFO - val kayip: val_kayip_cls 0.4197  val_kayip_bbox 0.2636  val_kayip_mask 0.1217  val_kayip 0.8051
2026/08/06 23:57:17 - mmengine - INFO - Epoch(val) [29][116/116]    busi/dice_tum: 0.8136  busi/dice_lezyonlu: 0.7852  busi/bos_dogru: 19  busi/esik: 0.4000  val_kayip_cls: 0.4197  val_kayip_bbox: 0.2636  val_kayip_mask: 0.1217  val_kayip: 0.8051  coco/bbox_mAP: 0.6000  coco/bbox_mAP_50: 0.8880  coco/bbox_mAP_75: 0.6770  coco/bbox_mAP_s: 0.0000  coco/bbox_mAP_m: 0.7140  coco/bbox_mAP_l: 0.5510  coco/segm_mAP: 0.6190  coco/segm_mAP_50: 0.8850  coco/segm_mAP_75: 0.7260  coco/segm_mAP_s: 0.0000  coco/segm_mAP_m: 0.7230  coco/segm_mAP_l: 0.5720  data_time: 0.0053  time: 0.0445
2026/08/06 23:57:20 - mmengine - INFO - Epoch(train)  [30][10/68]  base_lr: 1.2500e-04 lr: 1.2500e-04  eta: 0:28:05  time: 0.3384  data_time: 0.1236  memory: 599  grad_norm: 12.5553  loss: 0.5720  loss_cls: 0.1638  loss_bbox: 0.2854  loss_mask: 0.1228
2026/08/06 23:57:24 - mmengine - INFO - Epoch(train)  [30][20/68]  base_lr: 1.2500e-04 lr: 1.2500e-04  eta: 0:28:01  time: 0.3377  data_time: 0.1239  memory: 601  grad_norm: 12.7836  loss: 0.5774  loss_cls: 0.1705  loss_bbox: 0.2844  loss_mask: 0.1225
2026/08/06 23:57:27 - mmengine - INFO - Exp name: rtmdet_ins_busi_20260806_234040
2026/08/06 23:57:27 - mmengine - INFO - Epoch(train)  [30][30/68]  base_lr: 1.2500e-04 lr: 1.2500e-04  eta: 0:27:57  time: 0.3339  data_time: 0.1208  memory: 601  grad_norm: 12.9093  loss: 0.5818  loss_cls: 0.1768  loss_bbox: 0.2814  loss_mask: 0.1237
2026/08/06 23:57:30 - mmengine - INFO - Epoch(train)  [30][40/68]  base_lr: 1.2500e-04 lr: 1.2500e-04  eta: 0:27:53  time: 0.3299  data_time: 0.1147  memory: 602  grad_norm: 12.4829  loss: 0.5881  loss_cls: 0.1790  loss_bbox: 0.2821  loss_mask: 0.1270
2026/08/06 23:57:34 - mmengine - INFO - Epoch(train)  [30][50/68]  base_lr: 1.2500e-04 lr: 1.2500e-04  eta: 0:27:50  time: 0.3347  data_time: 0.1197  memory: 604  grad_norm: 12.4288  loss: 0.5676  loss_cls: 0.1745  loss_bbox: 0.2719  loss_mask: 0.1212
2026/08/06 23:57:37 - mmengine - INFO - Epoch(train)  [30][60/68]  base_lr: 1.2500e-04 lr: 1.2500e-04  eta: 0:27:46  time: 0.3372  data_time: 0.1232  memory: 602  grad_norm: 12.3715  loss: 0.5633  loss_cls: 0.1682  loss_bbox: 0.2737  loss_mask: 0.1214
2026/08/06 23:57:40 - mmengine - INFO - Exp name: rtmdet_ins_busi_20260806_234040
2026/08/06 23:57:40 - mmengine - INFO - Saving checkpoint at 30 epochs
2026/08/06 23:57:42 - mmengine - INFO - Epoch(val)  [30][ 10/116]    eta: 0:00:03  time: 0.0464  data_time: 0.0036  memory: 601  
2026/08/06 23:57:43 - mmengine - INFO - Epoch(val)  [30][ 20/116]    eta: 0:00:03  time: 0.0452  data_time: 0.0033  memory: 125  
2026/08/06 23:57:43 - mmengine - INFO - Epoch(val)  [30][ 30/116]    eta: 0:00:03  time: 0.0427  data_time: 0.0031  memory: 141  
2026/08/06 23:57:44 - mmengine - INFO - Epoch(val)  [30][ 40/116]    eta: 0:00:02  time: 0.0404  data_time: 0.0030  memory: 167  
2026/08/06 23:57:44 - mmengine - INFO - Epoch(val)  [30][ 50/116]    eta: 0:00:02  time: 0.0387  data_time: 0.0028  memory: 145  
2026/08/06 23:57:44 - mmengine - INFO - Epoch(val)  [30][ 60/116]    eta: 0:00:02  time: 0.0407  data_time: 0.0038  memory: 141  
2026/08/06 23:57:45 - mmengine - INFO - Epoch(val)  [30][ 70/116]    eta: 0:00:01  time: 0.0420  data_time: 0.0040  memory: 140  
2026/08/06 23:57:45 - mmengine - INFO - Epoch(val)  [30][ 80/116]    eta: 0:00:01  time: 0.0435  data_time: 0.0042  memory: 171  
2026/08/06 23:57:46 - mmengine - INFO - Epoch(val)  [30][ 90/116]    eta: 0:00:01  time: 0.0449  data_time: 0.0047  memory: 175  
2026/08/06 23:57:46 - mmengine - INFO - Epoch(val)  [30][100/116]    eta: 0:00:00  time: 0.0449  data_time: 0.0051  memory: 216  
2026/08/06 23:57:47 - mmengine - INFO - Epoch(val)  [30][110/116]    eta: 0:00:00  time: 0.0441  data_time: 0.0043  memory: 179  
2026/08/06 23:57:47 - mmengine - INFO - Evaluating bbox...
2026/08/06 23:57:47 - mmengine - INFO - bbox_mAP_copypaste: 0.580 0.900 0.648 0.000 0.708 0.521
2026/08/06 23:57:47 - mmengine - INFO - Evaluating segm...
2026/08/06 23:57:47 - mmengine - INFO - segm_mAP_copypaste: 0.610 0.894 0.723 0.000 0.722 0.556
2026/08/06 23:57:49 - mmengine - INFO - val kayip: val_kayip_cls 0.4574  val_kayip_bbox 0.2690  val_kayip_mask 0.1227  val_kayip 0.8492
2026/08/06 23:57:49 - mmengine - INFO - Epoch(val) [30][116/116]    busi/dice_tum: 0.8181  busi/dice_lezyonlu: 0.8010  busi/bos_dogru: 18  busi/esik: 0.3000  val_kayip_cls: 0.4574  val_kayip_bbox: 0.2690  val_kayip_mask: 0.1227  val_kayip: 0.8492  coco/bbox_mAP: 0.5800  coco/bbox_mAP_50: 0.9000  coco/bbox_mAP_75: 0.6480  coco/bbox_mAP_s: 0.0000  coco/bbox_mAP_m: 0.7080  coco/bbox_mAP_l: 0.5210  coco/segm_mAP: 0.6100  coco/segm_mAP_50: 0.8940  coco/segm_mAP_75: 0.7230  coco/segm_mAP_s: 0.0000  coco/segm_mAP_m: 0.7220  coco/segm_mAP_l: 0.5560  data_time: 0.0038  time: 0.0425
2026/08/06 23:57:49 - mmengine - INFO - The previous best checkpoint d:\mamografi\real_time_segmentasyon\rtmdet\calisma\rtmdet_ins_tiny_256_orta_s42\best_busi_dice_tum_epoch_14.pth is removed
2026/08/06 23:57:51 - mmengine - INFO - The best checkpoint with 0.8181 busi/dice_tum at 30 epoch is saved to best_busi_dice_tum_epoch_30.pth.
2026/08/06 23:57:56 - mmengine - INFO - Epoch(train)  [31][10/68]  base_lr: 1.2500e-04 lr: 1.2500e-04  eta: 0:27:39  time: 0.3361  data_time: 0.1223  memory: 600  grad_norm: 12.9772  loss: 0.5610  loss_cls: 0.1657  loss_bbox: 0.2761  loss_mask: 0.1192
2026/08/06 23:58:00 - mmengine - INFO - Epoch(train)  [31][20/68]  base_lr: 1.2500e-04 lr: 1.2500e-04  eta: 0:27:35  time: 0.3390  data_time: 0.1250  memory: 601  grad_norm: 12.8845  loss: 0.5654  loss_cls: 0.1664  loss_bbox: 0.2797  loss_mask: 0.1193
2026/08/06 23:58:03 - mmengine - INFO - Epoch(train)  [31][30/68]  base_lr: 1.2500e-04 lr: 1.2500e-04  eta: 0:27:31  time: 0.3393  data_time: 0.1246  memory: 601  grad_norm: 12.4897  loss: 0.5815  loss_cls: 0.1780  loss_bbox: 0.2839  loss_mask: 0.1196
2026/08/06 23:58:06 - mmengine - INFO - Epoch(train)  [31][40/68]  base_lr: 1.2500e-04 lr: 1.2500e-04  eta: 0:27:27  time: 0.3338  data_time: 0.1195  memory: 602  grad_norm: 12.5173  loss: 0.5884  loss_cls: 0.1849  loss_bbox: 0.2826  loss_mask: 0.1210
2026/08/06 23:58:10 - mmengine - INFO - Epoch(train)  [31][50/68]  base_lr: 1.2500e-04 lr: 1.2500e-04  eta: 0:27:24  time: 0.3392  data_time: 0.1226  memory: 600  grad_norm: 12.5239  loss: 0.5970  loss_cls: 0.1881  loss_bbox: 0.2868  loss_mask: 0.1221
2026/08/06 23:58:13 - mmengine - INFO - Epoch(train)  [31][60/68]  base_lr: 1.2500e-04 lr: 1.2500e-04  eta: 0:27:20  time: 0.3387  data_time: 0.1227  memory: 602  grad_norm: 12.1295  loss: 0.5995  loss_cls: 0.1886  loss_bbox: 0.2880  loss_mask: 0.1229
2026/08/06 23:58:16 - mmengine - INFO - Exp name: rtmdet_ins_busi_20260806_234040
2026/08/06 23:58:16 - mmengine - INFO - Saving checkpoint at 31 epochs
2026/08/06 23:58:18 - mmengine - INFO - Epoch(val)  [31][ 10/116]    eta: 0:00:04  time: 0.0451  data_time: 0.0049  memory: 599  
2026/08/06 23:58:18 - mmengine - INFO - Epoch(val)  [31][ 20/116]    eta: 0:00:03  time: 0.0430  data_time: 0.0050  memory: 125  
2026/08/06 23:58:19 - mmengine - INFO - Epoch(val)  [31][ 30/116]    eta: 0:00:03  time: 0.0414  data_time: 0.0048  memory: 149  
2026/08/06 23:58:19 - mmengine - INFO - Epoch(val)  [31][ 40/116]    eta: 0:00:02  time: 0.0403  data_time: 0.0044  memory: 150  
2026/08/06 23:58:20 - mmengine - INFO - Epoch(val)  [31][ 50/116]    eta: 0:00:02  time: 0.0389  data_time: 0.0046  memory: 188  
2026/08/06 23:58:20 - mmengine - INFO - Epoch(val)  [31][ 60/116]    eta: 0:00:02  time: 0.0398  data_time: 0.0049  memory: 138  
2026/08/06 23:58:21 - mmengine - INFO - Epoch(val)  [31][ 70/116]    eta: 0:00:01  time: 0.0408  data_time: 0.0047  memory: 131  
2026/08/06 23:58:21 - mmengine - INFO - Epoch(val)  [31][ 80/116]    eta: 0:00:01  time: 0.0423  data_time: 0.0052  memory: 175  
2026/08/06 23:58:21 - mmengine - INFO - Epoch(val)  [31][ 90/116]    eta: 0:00:01  time: 0.0448  data_time: 0.0055  memory: 165  
2026/08/06 23:58:22 - mmengine - INFO - Epoch(val)  [31][100/116]    eta: 0:00:00  time: 0.0463  data_time: 0.0058  memory: 199  
2026/08/06 23:58:22 - mmengine - INFO - Epoch(val)  [31][110/116]    eta: 0:00:00  time: 0.0463  data_time: 0.0056  memory: 179  
2026/08/06 23:58:23 - mmengine - INFO - Evaluating bbox...
2026/08/06 23:58:23 - mmengine - INFO - bbox_mAP_copypaste: 0.594 0.887 0.736 0.000 0.707 0.533
2026/08/06 23:58:23 - mmengine - INFO - Evaluating segm...
2026/08/06 23:58:23 - mmengine - INFO - segm_mAP_copypaste: 0.619 0.885 0.737 0.000 0.735 0.558
2026/08/06 23:58:25 - mmengine - INFO - val kayip: val_kayip_cls 0.3321  val_kayip_bbox 0.2668  val_kayip_mask 0.1211  val_kayip 0.7200
2026/08/06 23:58:25 - mmengine - INFO - Epoch(val) [31][116/116]    busi/dice_tum: 0.8111  busi/dice_lezyonlu: 0.8134  busi/bos_dogru: 16  busi/esik: 0.3000  val_kayip_cls: 0.3321  val_kayip_bbox: 0.2668  val_kayip_mask: 0.1211  val_kayip: 0.7200  coco/bbox_mAP: 0.5940  coco/bbox_mAP_50: 0.8870  coco/bbox_mAP_75: 0.7360  coco/bbox_mAP_s: 0.0000  coco/bbox_mAP_m: 0.7070  coco/bbox_mAP_l: 0.5330  coco/segm_mAP: 0.6190  coco/segm_mAP_50: 0.8850  coco/segm_mAP_75: 0.7370  coco/segm_mAP_s: 0.0000  coco/segm_mAP_m: 0.7350  coco/segm_mAP_l: 0.5580  data_time: 0.0051  time: 0.0429
2026/08/06 23:58:28 - mmengine - INFO - Epoch(train)  [32][10/68]  base_lr: 1.2500e-04 lr: 1.2500e-04  eta: 0:27:13  time: 0.3366  data_time: 0.1233  memory: 602  grad_norm: 13.0908  loss: 0.5940  loss_cls: 0.1803  loss_bbox: 0.2893  loss_mask: 0.1244
2026/08/06 23:58:32 - mmengine - INFO - Epoch(train)  [32][20/68]  base_lr: 1.2500e-04 lr: 1.2500e-04  eta: 0:27:10  time: 0.3469  data_time: 0.1295  memory: 601  grad_norm: 12.7946  loss: 0.5763  loss_cls: 0.1671  loss_bbox: 0.2867  loss_mask: 0.1226
2026/08/06 23:58:35 - mmengine - INFO - Epoch(train)  [32][30/68]  base_lr: 1.2500e-04 lr: 1.2500e-04  eta: 0:27:07  time: 0.3441  data_time: 0.1275  memory: 600  grad_norm: 13.0408  loss: 0.5623  loss_cls: 0.1634  loss_bbox: 0.2792  loss_mask: 0.1198
2026/08/06 23:58:39 - mmengine - INFO - Epoch(train)  [32][40/68]  base_lr: 1.2500e-04 lr: 1.2500e-04  eta: 0:27:03  time: 0.3450  data_time: 0.1292  memory: 599  grad_norm: 12.4762  loss: 0.5542  loss_cls: 0.1550  loss_bbox: 0.2770  loss_mask: 0.1222
2026/08/06 23:58:42 - mmengine - INFO - Epoch(train)  [32][50/68]  base_lr: 1.2500e-04 lr: 1.2500e-04  eta: 0:26:59  time: 0.3475  data_time: 0.1294  memory: 601  grad_norm: 12.2295  loss: 0.5606  loss_cls: 0.1607  loss_bbox: 0.2773  loss_mask: 0.1226
2026/08/06 23:58:46 - mmengine - INFO - Epoch(train)  [32][60/68]  base_lr: 1.2500e-04 lr: 1.2500e-04  eta: 0:26:55  time: 0.3447  data_time: 0.1285  memory: 602  grad_norm: 12.0429  loss: 0.5428  loss_cls: 0.1601  loss_bbox: 0.2648  loss_mask: 0.1179
2026/08/06 23:58:48 - mmengine - INFO - Exp name: rtmdet_ins_busi_20260806_234040
2026/08/06 23:58:48 - mmengine - INFO - Saving checkpoint at 32 epochs
2026/08/06 23:58:51 - mmengine - INFO - Epoch(val)  [32][ 10/116]    eta: 0:00:04  time: 0.0470  data_time: 0.0050  memory: 600  
2026/08/06 23:58:51 - mmengine - INFO - Epoch(val)  [32][ 20/116]    eta: 0:00:03  time: 0.0447  data_time: 0.0046  memory: 125  
2026/08/06 23:58:51 - mmengine - INFO - Epoch(val)  [32][ 30/116]    eta: 0:00:03  time: 0.0414  data_time: 0.0043  memory: 141  
2026/08/06 23:58:52 - mmengine - INFO - Epoch(val)  [32][ 40/116]    eta: 0:00:02  time: 0.0409  data_time: 0.0042  memory: 140  
2026/08/06 23:58:52 - mmengine - INFO - Epoch(val)  [32][ 50/116]    eta: 0:00:02  time: 0.0395  data_time: 0.0049  memory: 147  
2026/08/06 23:58:53 - mmengine - INFO - Epoch(val)  [32][ 60/116]    eta: 0:00:02  time: 0.0404  data_time: 0.0050  memory: 124  
2026/08/06 23:58:53 - mmengine - INFO - Epoch(val)  [32][ 70/116]    eta: 0:00:01  time: 0.0409  data_time: 0.0051  memory: 121  
2026/08/06 23:58:53 - mmengine - INFO - Epoch(val)  [32][ 80/116]    eta: 0:00:01  time: 0.0412  data_time: 0.0058  memory: 134  
2026/08/06 23:58:54 - mmengine - INFO - Epoch(val)  [32][ 90/116]    eta: 0:00:01  time: 0.0437  data_time: 0.0060  memory: 163  
2026/08/06 23:58:54 - mmengine - INFO - Epoch(val)  [32][100/116]    eta: 0:00:00  time: 0.0435  data_time: 0.0051  memory: 186  
2026/08/06 23:58:55 - mmengine - INFO - Epoch(val)  [32][110/116]    eta: 0:00:00  time: 0.0430  data_time: 0.0046  memory: 198  
2026/08/06 23:58:55 - mmengine - INFO - Evaluating bbox...
2026/08/06 23:58:55 - mmengine - INFO - bbox_mAP_copypaste: 0.598 0.894 0.674 0.000 0.718 0.539
2026/08/06 23:58:55 - mmengine - INFO - Evaluating segm...
2026/08/06 23:58:55 - mmengine - INFO - segm_mAP_copypaste: 0.620 0.894 0.698 0.000 0.713 0.577
2026/08/06 23:58:57 - mmengine - INFO - val kayip: val_kayip_cls 0.4463  val_kayip_bbox 0.2694  val_kayip_mask 0.1242  val_kayip 0.8399
2026/08/06 23:58:57 - mmengine - INFO - Epoch(val) [32][116/116]    busi/dice_tum: 0.7962  busi/dice_lezyonlu: 0.7642  busi/bos_dogru: 19  busi/esik: 0.4000  val_kayip_cls: 0.4463  val_kayip_bbox: 0.2694  val_kayip_mask: 0.1242  val_kayip: 0.8399  coco/bbox_mAP: 0.5980  coco/bbox_mAP_50: 0.8940  coco/bbox_mAP_75: 0.6740  coco/bbox_mAP_s: 0.0000  coco/bbox_mAP_m: 0.7180  coco/bbox_mAP_l: 0.5390  coco/segm_mAP: 0.6200  coco/segm_mAP_50: 0.8940  coco/segm_mAP_75: 0.6980  coco/segm_mAP_s: 0.0000  coco/segm_mAP_m: 0.7130  coco/segm_mAP_l: 0.5770  data_time: 0.0047  time: 0.0417
2026/08/06 23:59:00 - mmengine - INFO - Epoch(train)  [33][10/68]  base_lr: 1.2500e-04 lr: 1.2500e-04  eta: 0:26:48  time: 0.3308  data_time: 0.1196  memory: 601  grad_norm: 12.2233  loss: 0.5402  loss_cls: 0.1527  loss_bbox: 0.2682  loss_mask: 0.1193
2026/08/06 23:59:04 - mmengine - INFO - Epoch(train)  [33][20/68]  base_lr: 1.2500e-04 lr: 1.2500e-04  eta: 0:26:44  time: 0.3243  data_time: 0.1157  memory: 601  grad_norm: 12.4373  loss: 0.5433  loss_cls: 0.1582  loss_bbox: 0.2669  loss_mask: 0.1182
2026/08/06 23:59:07 - mmengine - INFO - Epoch(train)  [33][30/68]  base_lr: 1.2500e-04 lr: 1.2500e-04  eta: 0:26:40  time: 0.3242  data_time: 0.1137  memory: 604  grad_norm: 12.6010  loss: 0.5549  loss_cls: 0.1614  loss_bbox: 0.2728  loss_mask: 0.1207
2026/08/06 23:59:10 - mmengine - INFO - Epoch(train)  [33][40/68]  base_lr: 1.2500e-04 lr: 1.2500e-04  eta: 0:26:36  time: 0.3251  data_time: 0.1157  memory: 601  grad_norm: 12.9269  loss: 0.5479  loss_cls: 0.1577  loss_bbox: 0.2715  loss_mask: 0.1187
2026/08/06 23:59:14 - mmengine - INFO - Epoch(train)  [33][50/68]  base_lr: 1.2500e-04 lr: 1.2500e-04  eta: 0:26:33  time: 0.3311  data_time: 0.1197  memory: 600  grad_norm: 13.3928  loss: 0.5511  loss_cls: 0.1625  loss_bbox: 0.2716  loss_mask: 0.1171
2026/08/06 23:59:17 - mmengine - INFO - Epoch(train)  [33][60/68]  base_lr: 1.2500e-04 lr: 1.2500e-04  eta: 0:26:29  time: 0.3375  data_time: 0.1246  memory: 601  grad_norm: 12.9856  loss: 0.5569  loss_cls: 0.1668  loss_bbox: 0.2723  loss_mask: 0.1178
2026/08/06 23:59:20 - mmengine - INFO - Exp name: rtmdet_ins_busi_20260806_234040
2026/08/06 23:59:20 - mmengine - INFO - Saving checkpoint at 33 epochs
2026/08/06 23:59:22 - mmengine - INFO - Epoch(val)  [33][ 10/116]    eta: 0:00:04  time: 0.0437  data_time: 0.0040  memory: 601  
2026/08/06 23:59:22 - mmengine - INFO - Epoch(val)  [33][ 20/116]    eta: 0:00:03  time: 0.0429  data_time: 0.0032  memory: 122  
2026/08/06 23:59:23 - mmengine - INFO - Epoch(val)  [33][ 30/116]    eta: 0:00:03  time: 0.0406  data_time: 0.0035  memory: 162  
2026/08/06 23:59:23 - mmengine - INFO - Epoch(val)  [33][ 40/116]    eta: 0:00:02  time: 0.0407  data_time: 0.0037  memory: 183  
2026/08/06 23:59:24 - mmengine - INFO - Epoch(val)  [33][ 50/116]    eta: 0:00:02  time: 0.0398  data_time: 0.0045  memory: 153  
2026/08/06 23:59:24 - mmengine - INFO - Epoch(val)  [33][ 60/116]    eta: 0:00:02  time: 0.0418  data_time: 0.0056  memory: 164  
2026/08/06 23:59:25 - mmengine - INFO - Epoch(val)  [33][ 70/116]    eta: 0:00:01  time: 0.0435  data_time: 0.0058  memory: 142  
2026/08/06 23:59:25 - mmengine - INFO - Epoch(val)  [33][ 80/116]    eta: 0:00:01  time: 0.0445  data_time: 0.0060  memory: 171  
2026/08/06 23:59:26 - mmengine - INFO - Epoch(val)  [33][ 90/116]    eta: 0:00:01  time: 0.0470  data_time: 0.0072  memory: 202  
2026/08/06 23:59:26 - mmengine - INFO - Epoch(val)  [33][100/116]    eta: 0:00:00  time: 0.0483  data_time: 0.0061  memory: 221  
2026/08/06 23:59:27 - mmengine - INFO - Epoch(val)  [33][110/116]    eta: 0:00:00  time: 0.0480  data_time: 0.0060  memory: 214  
2026/08/06 23:59:27 - mmengine - INFO - Evaluating bbox...
2026/08/06 23:59:27 - mmengine - INFO - bbox_mAP_copypaste: 0.599 0.895 0.740 0.000 0.697 0.549
2026/08/06 23:59:27 - mmengine - INFO - Evaluating segm...
2026/08/06 23:59:27 - mmengine - INFO - segm_mAP_copypaste: 0.618 0.890 0.723 0.000 0.721 0.563
2026/08/06 23:59:29 - mmengine - INFO - val kayip: val_kayip_cls 0.5315  val_kayip_bbox 0.2667  val_kayip_mask 0.1240  val_kayip 0.9223
2026/08/06 23:59:29 - mmengine - INFO - Epoch(val) [33][116/116]    busi/dice_tum: 0.8006  busi/dice_lezyonlu: 0.7903  busi/bos_dogru: 17  busi/esik: 0.3000  val_kayip_cls: 0.5315  val_kayip_bbox: 0.2667  val_kayip_mask: 0.1240  val_kayip: 0.9223  coco/bbox_mAP: 0.5990  coco/bbox_mAP_50: 0.8950  coco/bbox_mAP_75: 0.7400  coco/bbox_mAP_s: 0.0000  coco/bbox_mAP_m: 0.6970  coco/bbox_mAP_l: 0.5490  coco/segm_mAP: 0.6180  coco/segm_mAP_50: 0.8900  coco/segm_mAP_75: 0.7230  coco/segm_mAP_s: 0.0000  coco/segm_mAP_m: 0.7210  coco/segm_mAP_l: 0.5630  data_time: 0.0054  time: 0.0449
2026/08/06 23:59:32 - mmengine - INFO - Epoch(train)  [34][10/68]  base_lr: 1.2500e-04 lr: 1.2500e-04  eta: 0:26:22  time: 0.3387  data_time: 0.1258  memory: 601  grad_norm: 13.1704  loss: 0.5308  loss_cls: 0.1498  loss_bbox: 0.2693  loss_mask: 0.1117
2026/08/06 23:59:36 - mmengine - INFO - Epoch(train)  [34][20/68]  base_lr: 1.2500e-04 lr: 1.2500e-04  eta: 0:26:19  time: 0.3367  data_time: 0.1237  memory: 603  grad_norm: 12.6864  loss: 0.5253  loss_cls: 0.1482  loss_bbox: 0.2683  loss_mask: 0.1088
2026/08/06 23:59:39 - mmengine - INFO - Epoch(train)  [34][30/68]  base_lr: 1.2500e-04 lr: 1.2500e-04  eta: 0:26:15  time: 0.3342  data_time: 0.1226  memory: 600  grad_norm: 12.6742  loss: 0.5288  loss_cls: 0.1484  loss_bbox: 0.2695  loss_mask: 0.1108
2026/08/06 23:59:43 - mmengine - INFO - Epoch(train)  [34][40/68]  base_lr: 1.2500e-04 lr: 1.2500e-04  eta: 0:26:11  time: 0.3317  data_time: 0.1204  memory: 601  grad_norm: 12.3914  loss: 0.5310  loss_cls: 0.1529  loss_bbox: 0.2662  loss_mask: 0.1118
2026/08/06 23:59:46 - mmengine - INFO - Epoch(train)  [34][50/68]  base_lr: 1.2500e-04 lr: 1.2500e-04  eta: 0:26:07  time: 0.3358  data_time: 0.1237  memory: 600  grad_norm: 11.8512  loss: 0.5237  loss_cls: 0.1487  loss_bbox: 0.2636  loss_mask: 0.1113
2026/08/06 23:59:49 - mmengine - INFO - Epoch(train)  [34][60/68]  base_lr: 1.2500e-04 lr: 1.2500e-04  eta: 0:26:04  time: 0.3328  data_time: 0.1234  memory: 599  grad_norm: 11.8179  loss: 0.5399  loss_cls: 0.1562  loss_bbox: 0.2672  loss_mask: 0.1165
2026/08/06 23:59:52 - mmengine - INFO - Exp name: rtmdet_ins_busi_20260806_234040
2026/08/06 23:59:52 - mmengine - INFO - Saving checkpoint at 34 epochs
2026/08/06 23:59:54 - mmengine - INFO - Epoch(val)  [34][ 10/116]    eta: 0:00:04  time: 0.0488  data_time: 0.0052  memory: 602  
2026/08/06 23:59:55 - mmengine - INFO - Epoch(val)  [34][ 20/116]    eta: 0:00:03  time: 0.0459  data_time: 0.0038  memory: 122  
2026/08/06 23:59:55 - mmengine - INFO - Epoch(val)  [34][ 30/116]    eta: 0:00:03  time: 0.0427  data_time: 0.0032  memory: 144  
2026/08/06 23:59:55 - mmengine - INFO - Epoch(val)  [34][ 40/116]    eta: 0:00:02  time: 0.0415  data_time: 0.0030  memory: 179  
2026/08/06 23:59:56 - mmengine - INFO - Epoch(val)  [34][ 50/116]    eta: 0:00:02  time: 0.0388  data_time: 0.0031  memory: 164  
2026/08/06 23:59:56 - mmengine - INFO - Epoch(val)  [34][ 60/116]    eta: 0:00:02  time: 0.0401  data_time: 0.0039  memory: 164  
2026/08/06 23:59:57 - mmengine - INFO - Epoch(val)  [34][ 70/116]    eta: 0:00:01  time: 0.0410  data_time: 0.0045  memory: 129  
2026/08/06 23:59:57 - mmengine - INFO - Epoch(val)  [34][ 80/116]    eta: 0:00:01  time: 0.0418  data_time: 0.0045  memory: 140  
2026/08/06 23:59:57 - mmengine - INFO - Epoch(val)  [34][ 90/116]    eta: 0:00:01  time: 0.0425  data_time: 0.0057  memory: 133  
2026/08/06 23:59:58 - mmengine - INFO - Epoch(val)  [34][100/116]    eta: 0:00:00  time: 0.0432  data_time: 0.0056  memory: 207  
2026/08/06 23:59:58 - mmengine - INFO - Epoch(val)  [34][110/116]    eta: 0:00:00  time: 0.0429  data_time: 0.0056  memory: 195  
2026/08/06 23:59:59 - mmengine - INFO - Evaluating bbox...
2026/08/06 23:59:59 - mmengine - INFO - bbox_mAP_copypaste: 0.601 0.885 0.700 0.000 0.680 0.566
2026/08/06 23:59:59 - mmengine - INFO - Evaluating segm...
2026/08/06 23:59:59 - mmengine - INFO - segm_mAP_copypaste: 0.618 0.881 0.723 0.000 0.711 0.577
2026/08/07 00:00:01 - mmengine - INFO - val kayip: val_kayip_cls 0.5065  val_kayip_bbox 0.2570  val_kayip_mask 0.1200  val_kayip 0.8835
2026/08/07 00:00:01 - mmengine - INFO - Epoch(val) [34][116/116]    busi/dice_tum: 0.8059  busi/dice_lezyonlu: 0.7758  busi/bos_dogru: 19  busi/esik: 0.4000  val_kayip_cls: 0.5065  val_kayip_bbox: 0.2570  val_kayip_mask: 0.1200  val_kayip: 0.8835  coco/bbox_mAP: 0.6010  coco/bbox_mAP_50: 0.8850  coco/bbox_mAP_75: 0.7000  coco/bbox_mAP_s: 0.0000  coco/bbox_mAP_m: 0.6800  coco/bbox_mAP_l: 0.5660  coco/segm_mAP: 0.6180  coco/segm_mAP_50: 0.8810  coco/segm_mAP_75: 0.7230  coco/segm_mAP_s: 0.0000  coco/segm_mAP_m: 0.7110  coco/segm_mAP_l: 0.5770  data_time: 0.0046  time: 0.0417
2026/08/07 00:00:04 - mmengine - INFO - Epoch(train)  [35][10/68]  base_lr: 1.2500e-04 lr: 1.2500e-04  eta: 0:25:57  time: 0.3352  data_time: 0.1254  memory: 600  grad_norm: 12.4328  loss: 0.5675  loss_cls: 0.1703  loss_bbox: 0.2745  loss_mask: 0.1227
2026/08/07 00:00:07 - mmengine - INFO - Epoch(train)  [35][20/68]  base_lr: 1.2500e-04 lr: 1.2500e-04  eta: 0:25:53  time: 0.3329  data_time: 0.1235  memory: 601  grad_norm: 12.3807  loss: 0.5554  loss_cls: 0.1617  loss_bbox: 0.2699  loss_mask: 0.1238
2026/08/07 00:00:11 - mmengine - INFO - Epoch(train)  [35][30/68]  base_lr: 1.2500e-04 lr: 1.2500e-04  eta: 0:25:49  time: 0.3337  data_time: 0.1238  memory: 602  grad_norm: 12.3509  loss: 0.5683  loss_cls: 0.1687  loss_bbox: 0.2715  loss_mask: 0.1280
2026/08/07 00:00:14 - mmengine - INFO - Epoch(train)  [35][40/68]  base_lr: 1.2500e-04 lr: 1.2500e-04  eta: 0:25:46  time: 0.3373  data_time: 0.1244  memory: 601  grad_norm: 12.6319  loss: 0.5699  loss_cls: 0.1713  loss_bbox: 0.2729  loss_mask: 0.1256
2026/08/07 00:00:18 - mmengine - INFO - Epoch(train)  [35][50/68]  base_lr: 1.2500e-04 lr: 1.2500e-04  eta: 0:25:42  time: 0.3388  data_time: 0.1250  memory: 603  grad_norm: 11.9765  loss: 0.5434  loss_cls: 0.1556  loss_bbox: 0.2693  loss_mask: 0.1185
2026/08/07 00:00:21 - mmengine - INFO - Epoch(train)  [35][60/68]  base_lr: 1.2500e-04 lr: 1.2500e-04  eta: 0:25:39  time: 0.3411  data_time: 0.1274  memory: 600  grad_norm: 12.0664  loss: 0.5375  loss_cls: 0.1540  loss_bbox: 0.2665  loss_mask: 0.1170
2026/08/07 00:00:24 - mmengine - INFO - Exp name: rtmdet_ins_busi_20260806_234040
2026/08/07 00:00:24 - mmengine - INFO - Saving checkpoint at 35 epochs
2026/08/07 00:00:26 - mmengine - INFO - Epoch(val)  [35][ 10/116]    eta: 0:00:04  time: 0.0445  data_time: 0.0052  memory: 601  
2026/08/07 00:00:27 - mmengine - INFO - Epoch(val)  [35][ 20/116]    eta: 0:00:03  time: 0.0431  data_time: 0.0052  memory: 133  
2026/08/07 00:00:27 - mmengine - INFO - Epoch(val)  [35][ 30/116]    eta: 0:00:03  time: 0.0408  data_time: 0.0039  memory: 168  
2026/08/07 00:00:27 - mmengine - INFO - Epoch(val)  [35][ 40/116]    eta: 0:00:02  time: 0.0409  data_time: 0.0035  memory: 188  
2026/08/07 00:00:28 - mmengine - INFO - Epoch(val)  [35][ 50/116]    eta: 0:00:02  time: 0.0405  data_time: 0.0039  memory: 164  
2026/08/07 00:00:28 - mmengine - INFO - Epoch(val)  [35][ 60/116]    eta: 0:00:02  time: 0.0407  data_time: 0.0045  memory: 151  
2026/08/07 00:00:29 - mmengine - INFO - Epoch(val)  [35][ 70/116]    eta: 0:00:01  time: 0.0421  data_time: 0.0039  memory: 131  
2026/08/07 00:00:29 - mmengine - INFO - Epoch(val)  [35][ 80/116]    eta: 0:00:01  time: 0.0426  data_time: 0.0051  memory: 146  
2026/08/07 00:00:30 - mmengine - INFO - Epoch(val)  [35][ 90/116]    eta: 0:00:01  time: 0.0432  data_time: 0.0047  memory: 165  
2026/08/07 00:00:30 - mmengine - INFO - Epoch(val)  [35][100/116]    eta: 0:00:00  time: 0.0431  data_time: 0.0047  memory: 234  
2026/08/07 00:00:31 - mmengine - INFO - Epoch(val)  [35][110/116]    eta: 0:00:00  time: 0.0432  data_time: 0.0048  memory: 164  
2026/08/07 00:00:31 - mmengine - INFO - Evaluating bbox...
2026/08/07 00:00:31 - mmengine - INFO - bbox_mAP_copypaste: 0.597 0.894 0.726 0.000 0.697 0.547
2026/08/07 00:00:31 - mmengine - INFO - Evaluating segm...
2026/08/07 00:00:31 - mmengine - INFO - segm_mAP_copypaste: 0.611 0.892 0.701 0.000 0.717 0.559
2026/08/07 00:00:33 - mmengine - INFO - val kayip: val_kayip_cls 0.3951  val_kayip_bbox 0.2648  val_kayip_mask 0.1227  val_kayip 0.7827
2026/08/07 00:00:33 - mmengine - INFO - Epoch(val) [35][116/116]    busi/dice_tum: 0.8070  busi/dice_lezyonlu: 0.7876  busi/bos_dogru: 18  busi/esik: 0.3000  val_kayip_cls: 0.3951  val_kayip_bbox: 0.2648  val_kayip_mask: 0.1227  val_kayip: 0.7827  coco/bbox_mAP: 0.5970  coco/bbox_mAP_50: 0.8940  coco/bbox_mAP_75: 0.7260  coco/bbox_mAP_s: 0.0000  coco/bbox_mAP_m: 0.6970  coco/bbox_mAP_l: 0.5470  coco/segm_mAP: 0.6110  coco/segm_mAP_50: 0.8920  coco/segm_mAP_75: 0.7010  coco/segm_mAP_s: 0.0000  coco/segm_mAP_m: 0.7170  coco/segm_mAP_l: 0.5590  data_time: 0.0046  time: 0.0425
2026/08/07 00:00:36 - mmengine - INFO - Epoch(train)  [36][10/68]  base_lr: 1.2500e-04 lr: 1.2500e-04  eta: 0:25:32  time: 0.3379  data_time: 0.1244  memory: 602  grad_norm: 12.2719  loss: 0.5231  loss_cls: 0.1493  loss_bbox: 0.2615  loss_mask: 0.1123
2026/08/07 00:00:40 - mmengine - INFO - Epoch(train)  [36][20/68]  base_lr: 1.2500e-04 lr: 1.2500e-04  eta: 0:25:28  time: 0.3363  data_time: 0.1238  memory: 601  grad_norm: 12.2569  loss: 0.5123  loss_cls: 0.1428  loss_bbox: 0.2605  loss_mask: 0.1090
2026/08/07 00:00:43 - mmengine - INFO - Epoch(train)  [36][30/68]  base_lr: 1.2500e-04 lr: 1.2500e-04  eta: 0:25:25  time: 0.3371  data_time: 0.1252  memory: 601  grad_norm: 12.3137  loss: 0.5041  loss_cls: 0.1385  loss_bbox: 0.2560  loss_mask: 0.1096
2026/08/07 00:00:46 - mmengine - INFO - Epoch(train)  [36][40/68]  base_lr: 1.2500e-04 lr: 1.2500e-04  eta: 0:25:21  time: 0.3349  data_time: 0.1217  memory: 601  grad_norm: 12.2544  loss: 0.4926  loss_cls: 0.1336  loss_bbox: 0.2503  loss_mask: 0.1087
2026/08/07 00:00:50 - mmengine - INFO - Epoch(train)  [36][50/68]  base_lr: 1.2500e-04 lr: 1.2500e-04  eta: 0:25:17  time: 0.3365  data_time: 0.1227  memory: 599  grad_norm: 12.2364  loss: 0.4986  loss_cls: 0.1353  loss_bbox: 0.2535  loss_mask: 0.1099
2026/08/07 00:00:53 - mmengine - INFO - Epoch(train)  [36][60/68]  base_lr: 1.2500e-04 lr: 1.2500e-04  eta: 0:25:14  time: 0.3379  data_time: 0.1240  memory: 604  grad_norm: 12.1804  loss: 0.5037  loss_cls: 0.1377  loss_bbox: 0.2543  loss_mask: 0.1117
2026/08/07 00:00:56 - mmengine - INFO - Exp name: rtmdet_ins_busi_20260806_234040
2026/08/07 00:00:56 - mmengine - INFO - Saving checkpoint at 36 epochs
2026/08/07 00:00:59 - mmengine - INFO - Epoch(val)  [36][ 10/116]    eta: 0:00:04  time: 0.0450  data_time: 0.0051  memory: 600  
2026/08/07 00:00:59 - mmengine - INFO - Epoch(val)  [36][ 20/116]    eta: 0:00:03  time: 0.0447  data_time: 0.0054  memory: 129  
2026/08/07 00:00:59 - mmengine - INFO - Epoch(val)  [36][ 30/116]    eta: 0:00:03  time: 0.0427  data_time: 0.0055  memory: 138  
2026/08/07 00:01:00 - mmengine - INFO - Epoch(val)  [36][ 40/116]    eta: 0:00:03  time: 0.0420  data_time: 0.0052  memory: 139  
2026/08/07 00:01:00 - mmengine - INFO - Epoch(val)  [36][ 50/116]    eta: 0:00:02  time: 0.0404  data_time: 0.0051  memory: 153  
2026/08/07 00:01:01 - mmengine - INFO - Epoch(val)  [36][ 60/116]    eta: 0:00:02  time: 0.0418  data_time: 0.0056  memory: 125  
2026/08/07 00:01:01 - mmengine - INFO - Epoch(val)  [36][ 70/116]    eta: 0:00:01  time: 0.0417  data_time: 0.0055  memory: 129  
2026/08/07 00:01:01 - mmengine - INFO - Epoch(val)  [36][ 80/116]    eta: 0:00:01  time: 0.0412  data_time: 0.0059  memory: 138  
2026/08/07 00:01:02 - mmengine - INFO - Epoch(val)  [36][ 90/116]    eta: 0:00:01  time: 0.0421  data_time: 0.0069  memory: 169  
2026/08/07 00:01:02 - mmengine - INFO - Epoch(val)  [36][100/116]    eta: 0:00:00  time: 0.0429  data_time: 0.0070  memory: 230  
2026/08/07 00:01:03 - mmengine - INFO - Epoch(val)  [36][110/116]    eta: 0:00:00  time: 0.0415  data_time: 0.0066  memory: 149  
2026/08/07 00:01:03 - mmengine - INFO - Evaluating bbox...
2026/08/07 00:01:03 - mmengine - INFO - bbox_mAP_copypaste: 0.597 0.900 0.743 0.000 0.690 0.550
2026/08/07 00:01:03 - mmengine - INFO - Evaluating segm...
2026/08/07 00:01:03 - mmengine - INFO - segm_mAP_copypaste: 0.609 0.888 0.687 0.000 0.721 0.556
2026/08/07 00:01:05 - mmengine - INFO - val kayip: val_kayip_cls 0.3693  val_kayip_bbox 0.2663  val_kayip_mask 0.1234  val_kayip 0.7589
2026/08/07 00:01:05 - mmengine - INFO - Epoch(val) [36][116/116]    busi/dice_tum: 0.8197  busi/dice_lezyonlu: 0.7926  busi/bos_dogru: 19  busi/esik: 0.3000  val_kayip_cls: 0.3693  val_kayip_bbox: 0.2663  val_kayip_mask: 0.1234  val_kayip: 0.7589  coco/bbox_mAP: 0.5970  coco/bbox_mAP_50: 0.9000  coco/bbox_mAP_75: 0.7430  coco/bbox_mAP_s: 0.0000  coco/bbox_mAP_m: 0.6900  coco/bbox_mAP_l: 0.5500  coco/segm_mAP: 0.6090  coco/segm_mAP_50: 0.8880  coco/segm_mAP_75: 0.6870  coco/segm_mAP_s: 0.0000  coco/segm_mAP_m: 0.7210  coco/segm_mAP_l: 0.5560  data_time: 0.0061  time: 0.0420
2026/08/07 00:01:05 - mmengine - INFO - The previous best checkpoint d:\mamografi\real_time_segmentasyon\rtmdet\calisma\rtmdet_ins_tiny_256_orta_s42\best_busi_dice_tum_epoch_30.pth is removed
2026/08/07 00:01:07 - mmengine - INFO - The best checkpoint with 0.8197 busi/dice_tum at 36 epoch is saved to best_busi_dice_tum_epoch_36.pth.
2026/08/07 00:01:12 - mmengine - INFO - Epoch(train)  [37][10/68]  base_lr: 1.2500e-04 lr: 1.2500e-04  eta: 0:25:07  time: 0.3409  data_time: 0.1223  memory: 602  grad_norm: 12.8003  loss: 0.5343  loss_cls: 0.1589  loss_bbox: 0.2589  loss_mask: 0.1165
2026/08/07 00:01:16 - mmengine - INFO - Epoch(train)  [37][20/68]  base_lr: 1.2500e-04 lr: 1.2500e-04  eta: 0:25:04  time: 0.3456  data_time: 0.1250  memory: 601  grad_norm: 13.1437  loss: 0.5451  loss_cls: 0.1675  loss_bbox: 0.2597  loss_mask: 0.1178
2026/08/07 00:01:19 - mmengine - INFO - Epoch(train)  [37][30/68]  base_lr: 1.2500e-04 lr: 1.2500e-04  eta: 0:25:01  time: 0.3525  data_time: 0.1256  memory: 601  grad_norm: 13.2672  loss: 0.5343  loss_cls: 0.1624  loss_bbox: 0.2548  loss_mask: 0.1171
2026/08/07 00:01:23 - mmengine - INFO - Epoch(train)  [37][40/68]  base_lr: 1.2500e-04 lr: 1.2500e-04  eta: 0:24:57  time: 0.3524  data_time: 0.1254  memory: 601  grad_norm: 12.9795  loss: 0.5468  loss_cls: 0.1695  loss_bbox: 0.2576  loss_mask: 0.1197
2026/08/07 00:01:27 - mmengine - INFO - Epoch(train)  [37][50/68]  base_lr: 1.2500e-04 lr: 1.2500e-04  eta: 0:24:54  time: 0.3573  data_time: 0.1316  memory: 601  grad_norm: 12.5281  loss: 0.5378  loss_cls: 0.1662  loss_bbox: 0.2532  loss_mask: 0.1184
2026/08/07 00:01:30 - mmengine - INFO - Epoch(train)  [37][60/68]  base_lr: 1.2500e-04 lr: 1.2500e-04  eta: 0:24:51  time: 0.3594  data_time: 0.1329  memory: 600  grad_norm: 12.3759  loss: 0.5224  loss_cls: 0.1510  loss_bbox: 0.2556  loss_mask: 0.1158
2026/08/07 00:01:33 - mmengine - INFO - Exp name: rtmdet_ins_busi_20260806_234040
2026/08/07 00:01:33 - mmengine - INFO - Saving checkpoint at 37 epochs
2026/08/07 00:01:35 - mmengine - INFO - Epoch(val)  [37][ 10/116]    eta: 0:00:04  time: 0.0432  data_time: 0.0069  memory: 602  
2026/08/07 00:01:36 - mmengine - INFO - Epoch(val)  [37][ 20/116]    eta: 0:00:03  time: 0.0424  data_time: 0.0061  memory: 133  
2026/08/07 00:01:36 - mmengine - INFO - Epoch(val)  [37][ 30/116]    eta: 0:00:03  time: 0.0405  data_time: 0.0051  memory: 144  
2026/08/07 00:01:37 - mmengine - INFO - Epoch(val)  [37][ 40/116]    eta: 0:00:02  time: 0.0400  data_time: 0.0047  memory: 162  
2026/08/07 00:01:37 - mmengine - INFO - Epoch(val)  [37][ 50/116]    eta: 0:00:02  time: 0.0407  data_time: 0.0049  memory: 181  
2026/08/07 00:01:38 - mmengine - INFO - Epoch(val)  [37][ 60/116]    eta: 0:00:02  time: 0.0424  data_time: 0.0054  memory: 147  
2026/08/07 00:01:38 - mmengine - INFO - Epoch(val)  [37][ 70/116]    eta: 0:00:01  time: 0.0432  data_time: 0.0052  memory: 148  
2026/08/07 00:01:38 - mmengine - INFO - Epoch(val)  [37][ 80/116]    eta: 0:00:01  time: 0.0448  data_time: 0.0052  memory: 162  
2026/08/07 00:01:39 - mmengine - INFO - Epoch(val)  [37][ 90/116]    eta: 0:00:01  time: 0.0468  data_time: 0.0058  memory: 182  
2026/08/07 00:01:39 - mmengine - INFO - Epoch(val)  [37][100/116]    eta: 0:00:00  time: 0.0465  data_time: 0.0057  memory: 211  
2026/08/07 00:01:40 - mmengine - INFO - Epoch(val)  [37][110/116]    eta: 0:00:00  time: 0.0449  data_time: 0.0053  memory: 149  
2026/08/07 00:01:40 - mmengine - INFO - Evaluating bbox...
2026/08/07 00:01:40 - mmengine - INFO - bbox_mAP_copypaste: 0.599 0.893 0.669 0.000 0.699 0.550
2026/08/07 00:01:40 - mmengine - INFO - Evaluating segm...
2026/08/07 00:01:40 - mmengine - INFO - segm_mAP_copypaste: 0.620 0.890 0.706 0.000 0.723 0.572
2026/08/07 00:01:42 - mmengine - INFO - val kayip: val_kayip_cls 0.5182  val_kayip_bbox 0.2662  val_kayip_mask 0.1202  val_kayip 0.9047
2026/08/07 00:01:42 - mmengine - INFO - Epoch(val) [37][116/116]    busi/dice_tum: 0.8043  busi/dice_lezyonlu: 0.7740  busi/bos_dogru: 19  busi/esik: 0.4000  val_kayip_cls: 0.5182  val_kayip_bbox: 0.2662  val_kayip_mask: 0.1202  val_kayip: 0.9047  coco/bbox_mAP: 0.5990  coco/bbox_mAP_50: 0.8930  coco/bbox_mAP_75: 0.6690  coco/bbox_mAP_s: 0.0000  coco/bbox_mAP_m: 0.6990  coco/bbox_mAP_l: 0.5500  coco/segm_mAP: 0.6200  coco/segm_mAP_50: 0.8900  coco/segm_mAP_75: 0.7060  coco/segm_mAP_s: 0.0000  coco/segm_mAP_m: 0.7230  coco/segm_mAP_l: 0.5720  data_time: 0.0055  time: 0.0437
2026/08/07 00:01:46 - mmengine - INFO - Epoch(train)  [38][10/68]  base_lr: 1.2500e-04 lr: 1.2500e-04  eta: 0:24:45  time: 0.3571  data_time: 0.1354  memory: 603  grad_norm: 11.9078  loss: 0.5263  loss_cls: 0.1542  loss_bbox: 0.2579  loss_mask: 0.1142
2026/08/07 00:01:50 - mmengine - INFO - Epoch(train)  [38][20/68]  base_lr: 1.2500e-04 lr: 1.2500e-04  eta: 0:24:42  time: 0.3643  data_time: 0.1419  memory: 600  grad_norm: 12.0708  loss: 0.5136  loss_cls: 0.1450  loss_bbox: 0.2575  loss_mask: 0.1112
2026/08/07 00:01:53 - mmengine - INFO - Epoch(train)  [38][30/68]  base_lr: 1.2500e-04 lr: 1.2500e-04  eta: 0:24:39  time: 0.3632  data_time: 0.1394  memory: 601  grad_norm: 12.1621  loss: 0.5080  loss_cls: 0.1399  loss_bbox: 0.2577  loss_mask: 0.1104
2026/08/07 00:01:57 - mmengine - INFO - Epoch(train)  [38][40/68]  base_lr: 1.2500e-04 lr: 1.2500e-04  eta: 0:24:35  time: 0.3613  data_time: 0.1383  memory: 601  grad_norm: 12.1248  loss: 0.5127  loss_cls: 0.1423  loss_bbox: 0.2587  loss_mask: 0.1118
2026/08/07 00:02:00 - mmengine - INFO - Epoch(train)  [38][50/68]  base_lr: 1.2500e-04 lr: 1.2500e-04  eta: 0:24:32  time: 0.3640  data_time: 0.1383  memory: 601  grad_norm: 11.7769  loss: 0.5223  loss_cls: 0.1388  loss_bbox: 0.2659  loss_mask: 0.1177
2026/08/07 00:02:04 - mmengine - INFO - Epoch(train)  [38][60/68]  base_lr: 1.2500e-04 lr: 1.2500e-04  eta: 0:24:30  time: 0.3674  data_time: 0.1416  memory: 603  grad_norm: 11.6440  loss: 0.5183  loss_cls: 0.1341  loss_bbox: 0.2662  loss_mask: 0.1180
2026/08/07 00:02:07 - mmengine - INFO - Exp name: rtmdet_ins_busi_20260806_234040
2026/08/07 00:02:07 - mmengine - INFO - Saving checkpoint at 38 epochs
2026/08/07 00:02:10 - mmengine - INFO - Epoch(val)  [38][ 10/116]    eta: 0:00:04  time: 0.0460  data_time: 0.0062  memory: 600  
2026/08/07 00:02:10 - mmengine - INFO - Epoch(val)  [38][ 20/116]    eta: 0:00:03  time: 0.0429  data_time: 0.0057  memory: 125  
2026/08/07 00:02:11 - mmengine - INFO - Epoch(val)  [38][ 30/116]    eta: 0:00:03  time: 0.0410  data_time: 0.0054  memory: 147  
2026/08/07 00:02:11 - mmengine - INFO - Epoch(val)  [38][ 40/116]    eta: 0:00:02  time: 0.0398  data_time: 0.0050  memory: 158  
2026/08/07 00:02:12 - mmengine - INFO - Epoch(val)  [38][ 50/116]    eta: 0:00:02  time: 0.0397  data_time: 0.0054  memory: 170  
2026/08/07 00:02:12 - mmengine - INFO - Epoch(val)  [38][ 60/116]    eta: 0:00:02  time: 0.0411  data_time: 0.0057  memory: 147  
2026/08/07 00:02:13 - mmengine - INFO - Epoch(val)  [38][ 70/116]    eta: 0:00:01  time: 0.0433  data_time: 0.0064  memory: 126  
2026/08/07 00:02:13 - mmengine - INFO - Epoch(val)  [38][ 80/116]    eta: 0:00:01  time: 0.0434  data_time: 0.0062  memory: 140  
2026/08/07 00:02:13 - mmengine - INFO - Epoch(val)  [38][ 90/116]    eta: 0:00:01  time: 0.0455  data_time: 0.0064  memory: 175  
2026/08/07 00:02:14 - mmengine - INFO - Epoch(val)  [38][100/116]    eta: 0:00:00  time: 0.0463  data_time: 0.0057  memory: 201  
2026/08/07 00:02:14 - mmengine - INFO - Epoch(val)  [38][110/116]    eta: 0:00:00  time: 0.0451  data_time: 0.0055  memory: 175  
2026/08/07 00:02:15 - mmengine - INFO - Evaluating bbox...
2026/08/07 00:02:15 - mmengine - INFO - bbox_mAP_copypaste: 0.608 0.889 0.739 0.000 0.702 0.560
2026/08/07 00:02:15 - mmengine - INFO - Evaluating segm...
2026/08/07 00:02:15 - mmengine - INFO - segm_mAP_copypaste: 0.619 0.895 0.749 0.000 0.724 0.567
2026/08/07 00:02:17 - mmengine - INFO - val kayip: val_kayip_cls 0.4656  val_kayip_bbox 0.2523  val_kayip_mask 0.1169  val_kayip 0.8349
2026/08/07 00:02:17 - mmengine - INFO - Epoch(val) [38][116/116]    busi/dice_tum: 0.8072  busi/dice_lezyonlu: 0.7879  busi/bos_dogru: 18  busi/esik: 0.4000  val_kayip_cls: 0.4656  val_kayip_bbox: 0.2523  val_kayip_mask: 0.1169  val_kayip: 0.8349  coco/bbox_mAP: 0.6080  coco/bbox_mAP_50: 0.8890  coco/bbox_mAP_75: 0.7390  coco/bbox_mAP_s: 0.0000  coco/bbox_mAP_m: 0.7020  coco/bbox_mAP_l: 0.5600  coco/segm_mAP: 0.6190  coco/segm_mAP_50: 0.8950  coco/segm_mAP_75: 0.7490  coco/segm_mAP_s: 0.0000  coco/segm_mAP_m: 0.7240  coco/segm_mAP_l: 0.5670  data_time: 0.0055  time: 0.0436
2026/08/07 00:02:20 - mmengine - INFO - Epoch(train)  [39][10/68]  base_lr: 1.2500e-04 lr: 1.2500e-04  eta: 0:24:24  time: 0.3666  data_time: 0.1409  memory: 602  grad_norm: 12.0307  loss: 0.5248  loss_cls: 0.1424  loss_bbox: 0.2662  loss_mask: 0.1162
2026/08/07 00:02:24 - mmengine - INFO - Epoch(train)  [39][20/68]  base_lr: 1.2500e-04 lr: 1.2500e-04  eta: 0:24:20  time: 0.3708  data_time: 0.1449  memory: 601  grad_norm: 11.7234  loss: 0.5044  loss_cls: 0.1347  loss_bbox: 0.2583  loss_mask: 0.1114
2026/08/07 00:02:28 - mmengine - INFO - Epoch(train)  [39][30/68]  base_lr: 1.2500e-04 lr: 1.2500e-04  eta: 0:24:17  time: 0.3706  data_time: 0.1456  memory: 603  grad_norm: 11.7566  loss: 0.5028  loss_cls: 0.1372  loss_bbox: 0.2558  loss_mask: 0.1098
2026/08/07 00:02:31 - mmengine - INFO - Epoch(train)  [39][40/68]  base_lr: 1.2500e-04 lr: 1.2500e-04  eta: 0:24:14  time: 0.3674  data_time: 0.1409  memory: 599  grad_norm: 12.2915  loss: 0.5106  loss_cls: 0.1436  loss_bbox: 0.2570  loss_mask: 0.1101
2026/08/07 00:02:35 - mmengine - INFO - Epoch(train)  [39][50/68]  base_lr: 1.2500e-04 lr: 1.2500e-04  eta: 0:24:11  time: 0.3645  data_time: 0.1355  memory: 601  grad_norm: 11.8222  loss: 0.5070  loss_cls: 0.1378  loss_bbox: 0.2576  loss_mask: 0.1116
2026/08/07 00:02:39 - mmengine - INFO - Epoch(train)  [39][60/68]  base_lr: 1.2500e-04 lr: 1.2500e-04  eta: 0:24:08  time: 0.3645  data_time: 0.1359  memory: 601  grad_norm: 11.6448  loss: 0.5053  loss_cls: 0.1350  loss_bbox: 0.2574  loss_mask: 0.1129
2026/08/07 00:02:42 - mmengine - INFO - Exp name: rtmdet_ins_busi_20260806_234040
2026/08/07 00:02:42 - mmengine - INFO - Saving checkpoint at 39 epochs
2026/08/07 00:02:44 - mmengine - INFO - Epoch(val)  [39][ 10/116]    eta: 0:00:04  time: 0.0476  data_time: 0.0052  memory: 601  
2026/08/07 00:02:45 - mmengine - INFO - Epoch(val)  [39][ 20/116]    eta: 0:00:04  time: 0.0480  data_time: 0.0057  memory: 125  
2026/08/07 00:02:45 - mmengine - INFO - Epoch(val)  [39][ 30/116]    eta: 0:00:03  time: 0.0458  data_time: 0.0054  memory: 138  
2026/08/07 00:02:46 - mmengine - INFO - Epoch(val)  [39][ 40/116]    eta: 0:00:03  time: 0.0458  data_time: 0.0055  memory: 158  
2026/08/07 00:02:46 - mmengine - INFO - Epoch(val)  [39][ 50/116]    eta: 0:00:02  time: 0.0448  data_time: 0.0059  memory: 181  
2026/08/07 00:02:47 - mmengine - INFO - Epoch(val)  [39][ 60/116]    eta: 0:00:02  time: 0.0442  data_time: 0.0061  memory: 117  
2026/08/07 00:02:47 - mmengine - INFO - Epoch(val)  [39][ 70/116]    eta: 0:00:02  time: 0.0442  data_time: 0.0059  memory: 126  
2026/08/07 00:02:47 - mmengine - INFO - Epoch(val)  [39][ 80/116]    eta: 0:00:01  time: 0.0437  data_time: 0.0058  memory: 134  
2026/08/07 00:02:48 - mmengine - INFO - Epoch(val)  [39][ 90/116]    eta: 0:00:01  time: 0.0461  data_time: 0.0063  memory: 157  
2026/08/07 00:02:48 - mmengine - INFO - Epoch(val)  [39][100/116]    eta: 0:00:00  time: 0.0454  data_time: 0.0060  memory: 177  
2026/08/07 00:02:49 - mmengine - INFO - Epoch(val)  [39][110/116]    eta: 0:00:00  time: 0.0461  data_time: 0.0057  memory: 149  
2026/08/07 00:02:49 - mmengine - INFO - Evaluating bbox...
2026/08/07 00:02:49 - mmengine - INFO - bbox_mAP_copypaste: 0.596 0.895 0.677 0.000 0.694 0.542
2026/08/07 00:02:49 - mmengine - INFO - Evaluating segm...
2026/08/07 00:02:49 - mmengine - INFO - segm_mAP_copypaste: 0.619 0.893 0.778 0.000 0.715 0.569
2026/08/07 00:02:51 - mmengine - INFO - val kayip: val_kayip_cls 0.4057  val_kayip_bbox 0.2633  val_kayip_mask 0.1182  val_kayip 0.7872
2026/08/07 00:02:51 - mmengine - INFO - Epoch(val) [39][116/116]    busi/dice_tum: 0.8052  busi/dice_lezyonlu: 0.7855  busi/bos_dogru: 18  busi/esik: 0.3000  val_kayip_cls: 0.4057  val_kayip_bbox: 0.2633  val_kayip_mask: 0.1182  val_kayip: 0.7872  coco/bbox_mAP: 0.5960  coco/bbox_mAP_50: 0.8950  coco/bbox_mAP_75: 0.6770  coco/bbox_mAP_s: 0.0000  coco/bbox_mAP_m: 0.6940  coco/bbox_mAP_l: 0.5420  coco/segm_mAP: 0.6190  coco/segm_mAP_50: 0.8930  coco/segm_mAP_75: 0.7780  coco/segm_mAP_s: 0.0000  coco/segm_mAP_m: 0.7150  coco/segm_mAP_l: 0.5690  data_time: 0.0059  time: 0.0454
2026/08/07 00:02:55 - mmengine - INFO - Epoch(train)  [40][10/68]  base_lr: 1.2500e-04 lr: 1.2500e-04  eta: 0:24:02  time: 0.3633  data_time: 0.1326  memory: 602  grad_norm: 12.2679  loss: 0.5094  loss_cls: 0.1410  loss_bbox: 0.2546  loss_mask: 0.1138
2026/08/07 00:02:58 - mmengine - INFO - Epoch(train)  [40][20/68]  base_lr: 1.2500e-04 lr: 1.2500e-04  eta: 0:23:59  time: 0.3628  data_time: 0.1351  memory: 603  grad_norm: 12.0868  loss: 0.5020  loss_cls: 0.1426  loss_bbox: 0.2479  loss_mask: 0.1115
2026/08/07 00:03:02 - mmengine - INFO - Epoch(train)  [40][30/68]  base_lr: 1.2500e-04 lr: 1.2500e-04  eta: 0:23:55  time: 0.3623  data_time: 0.1382  memory: 601  grad_norm: 12.6563  loss: 0.5013  loss_cls: 0.1446  loss_bbox: 0.2492  loss_mask: 0.1075
2026/08/07 00:03:06 - mmengine - INFO - Epoch(train)  [40][40/68]  base_lr: 1.2500e-04 lr: 1.2500e-04  eta: 0:23:52  time: 0.3613  data_time: 0.1366  memory: 601  grad_norm: 12.3458  loss: 0.5054  loss_cls: 0.1414  loss_bbox: 0.2537  loss_mask: 0.1103
2026/08/07 00:03:09 - mmengine - INFO - Epoch(train)  [40][50/68]  base_lr: 1.2500e-04 lr: 1.2500e-04  eta: 0:23:48  time: 0.3588  data_time: 0.1326  memory: 603  grad_norm: 12.3956  loss: 0.5074  loss_cls: 0.1430  loss_bbox: 0.2555  loss_mask: 0.1088
2026/08/07 00:03:13 - mmengine - INFO - Epoch(train)  [40][60/68]  base_lr: 1.2500e-04 lr: 1.2500e-04  eta: 0:23:45  time: 0.3554  data_time: 0.1311  memory: 601  grad_norm: 12.5254  loss: 0.5123  loss_cls: 0.1392  loss_bbox: 0.2599  loss_mask: 0.1131
2026/08/07 00:03:15 - mmengine - INFO - Exp name: rtmdet_ins_busi_20260806_234040
2026/08/07 00:03:15 - mmengine - INFO - Saving checkpoint at 40 epochs
2026/08/07 00:03:18 - mmengine - INFO - Epoch(val)  [40][ 10/116]    eta: 0:00:04  time: 0.0462  data_time: 0.0058  memory: 601  
2026/08/07 00:03:18 - mmengine - INFO - Epoch(val)  [40][ 20/116]    eta: 0:00:04  time: 0.0464  data_time: 0.0060  memory: 122  
2026/08/07 00:03:19 - mmengine - INFO - Epoch(val)  [40][ 30/116]    eta: 0:00:03  time: 0.0447  data_time: 0.0055  memory: 122  
2026/08/07 00:03:19 - mmengine - INFO - Epoch(val)  [40][ 40/116]    eta: 0:00:03  time: 0.0461  data_time: 0.0059  memory: 147  
2026/08/07 00:03:20 - mmengine - INFO - Epoch(val)  [40][ 50/116]    eta: 0:00:03  time: 0.0464  data_time: 0.0059  memory: 159  
2026/08/07 00:03:20 - mmengine - INFO - Epoch(val)  [40][ 60/116]    eta: 0:00:02  time: 0.0478  data_time: 0.0063  memory: 124  
2026/08/07 00:03:21 - mmengine - INFO - Epoch(val)  [40][ 70/116]    eta: 0:00:02  time: 0.0466  data_time: 0.0063  memory: 129  
2026/08/07 00:03:21 - mmengine - INFO - Epoch(val)  [40][ 80/116]    eta: 0:00:01  time: 0.0460  data_time: 0.0063  memory: 132  
2026/08/07 00:03:22 - mmengine - INFO - Epoch(val)  [40][ 90/116]    eta: 0:00:01  time: 0.0454  data_time: 0.0060  memory: 157  
2026/08/07 00:03:22 - mmengine - INFO - Epoch(val)  [40][100/116]    eta: 0:00:00  time: 0.0441  data_time: 0.0058  memory: 162  
2026/08/07 00:03:22 - mmengine - INFO - Epoch(val)  [40][110/116]    eta: 0:00:00  time: 0.0432  data_time: 0.0056  memory: 124  
2026/08/07 00:03:23 - mmengine - INFO - Evaluating bbox...
2026/08/07 00:03:23 - mmengine - INFO - bbox_mAP_copypaste: 0.605 0.898 0.692 0.000 0.700 0.555
2026/08/07 00:03:23 - mmengine - INFO - Evaluating segm...
2026/08/07 00:03:23 - mmengine - INFO - segm_mAP_copypaste: 0.615 0.890 0.706 0.000 0.714 0.565
2026/08/07 00:03:25 - mmengine - INFO - val kayip: val_kayip_cls 0.4127  val_kayip_bbox 0.2653  val_kayip_mask 0.1244  val_kayip 0.8024
2026/08/07 00:03:25 - mmengine - INFO - Epoch(val) [40][116/116]    busi/dice_tum: 0.7972  busi/dice_lezyonlu: 0.7862  busi/bos_dogru: 17  busi/esik: 0.3000  val_kayip_cls: 0.4127  val_kayip_bbox: 0.2653  val_kayip_mask: 0.1244  val_kayip: 0.8024  coco/bbox_mAP: 0.6050  coco/bbox_mAP_50: 0.8980  coco/bbox_mAP_75: 0.6920  coco/bbox_mAP_s: 0.0000  coco/bbox_mAP_m: 0.7000  coco/bbox_mAP_l: 0.5550  coco/segm_mAP: 0.6150  coco/segm_mAP_50: 0.8900  coco/segm_mAP_75: 0.7060  coco/segm_mAP_s: 0.0000  coco/segm_mAP_m: 0.7140  coco/segm_mAP_l: 0.5650  data_time: 0.0060  time: 0.0451
2026/08/07 00:03:29 - mmengine - INFO - Epoch(train)  [41][10/68]  base_lr: 1.2500e-04 lr: 1.2500e-04  eta: 0:23:39  time: 0.3585  data_time: 0.1281  memory: 603  grad_norm: 12.4593  loss: 0.5011  loss_cls: 0.1244  loss_bbox: 0.2605  loss_mask: 0.1163
2026/08/07 00:03:32 - mmengine - INFO - Epoch(train)  [41][20/68]  base_lr: 1.2500e-04 lr: 1.2500e-04  eta: 0:23:35  time: 0.3524  data_time: 0.1242  memory: 599  grad_norm: 12.8660  loss: 0.5032  loss_cls: 0.1290  loss_bbox: 0.2595  loss_mask: 0.1147
2026/08/07 00:03:36 - mmengine - INFO - Epoch(train)  [41][30/68]  base_lr: 1.2500e-04 lr: 1.2500e-04  eta: 0:23:32  time: 0.3534  data_time: 0.1260  memory: 601  grad_norm: 12.7859  loss: 0.4920  loss_cls: 0.1240  loss_bbox: 0.2552  loss_mask: 0.1128
2026/08/07 00:03:39 - mmengine - INFO - Epoch(train)  [41][40/68]  base_lr: 1.2500e-04 lr: 1.2500e-04  eta: 0:23:29  time: 0.3583  data_time: 0.1311  memory: 603  grad_norm: 12.5909  loss: 0.4950  loss_cls: 0.1314  loss_bbox: 0.2525  loss_mask: 0.1110
2026/08/07 00:03:43 - mmengine - INFO - Epoch(train)  [41][50/68]  base_lr: 1.2500e-04 lr: 1.2500e-04  eta: 0:23:26  time: 0.3613  data_time: 0.1368  memory: 598  grad_norm: 12.4441  loss: 0.5085  loss_cls: 0.1363  loss_bbox: 0.2600  loss_mask: 0.1122
2026/08/07 00:03:47 - mmengine - INFO - Epoch(train)  [41][60/68]  base_lr: 1.2500e-04 lr: 1.2500e-04  eta: 0:23:22  time: 0.3564  data_time: 0.1350  memory: 601  grad_norm: 12.2188  loss: 0.5164  loss_cls: 0.1427  loss_bbox: 0.2611  loss_mask: 0.1126
2026/08/07 00:03:49 - mmengine - INFO - Exp name: rtmdet_ins_busi_20260806_234040
2026/08/07 00:03:49 - mmengine - INFO - Saving checkpoint at 41 epochs
2026/08/07 00:03:52 - mmengine - INFO - Epoch(val)  [41][ 10/116]    eta: 0:00:04  time: 0.0439  data_time: 0.0058  memory: 601  
2026/08/07 00:03:52 - mmengine - INFO - Epoch(val)  [41][ 20/116]    eta: 0:00:03  time: 0.0426  data_time: 0.0059  memory: 118  
2026/08/07 00:03:52 - mmengine - INFO - Epoch(val)  [41][ 30/116]    eta: 0:00:03  time: 0.0402  data_time: 0.0056  memory: 131  
2026/08/07 00:03:53 - mmengine - INFO - Epoch(val)  [41][ 40/116]    eta: 0:00:02  time: 0.0394  data_time: 0.0055  memory: 168  
2026/08/07 00:03:53 - mmengine - INFO - Epoch(val)  [41][ 50/116]    eta: 0:00:02  time: 0.0386  data_time: 0.0056  memory: 159  
2026/08/07 00:03:53 - mmengine - INFO - Epoch(val)  [41][ 60/116]    eta: 0:00:02  time: 0.0388  data_time: 0.0058  memory: 116  
2026/08/07 00:03:54 - mmengine - INFO - Epoch(val)  [41][ 70/116]    eta: 0:00:01  time: 0.0390  data_time: 0.0059  memory: 121  
2026/08/07 00:03:54 - mmengine - INFO - Epoch(val)  [41][ 80/116]    eta: 0:00:01  time: 0.0399  data_time: 0.0062  memory: 130  
2026/08/07 00:03:55 - mmengine - INFO - Epoch(val)  [41][ 90/116]    eta: 0:00:01  time: 0.0406  data_time: 0.0064  memory: 139  
2026/08/07 00:03:55 - mmengine - INFO - Epoch(val)  [41][100/116]    eta: 0:00:00  time: 0.0419  data_time: 0.0063  memory: 184  
2026/08/07 00:03:56 - mmengine - INFO - Epoch(val)  [41][110/116]    eta: 0:00:00  time: 0.0425  data_time: 0.0060  memory: 149  
2026/08/07 00:03:56 - mmengine - INFO - Evaluating bbox...
2026/08/07 00:03:56 - mmengine - INFO - bbox_mAP_copypaste: 0.602 0.894 0.717 0.000 0.719 0.547
2026/08/07 00:03:56 - mmengine - INFO - Evaluating segm...
2026/08/07 00:03:56 - mmengine - INFO - segm_mAP_copypaste: 0.610 0.890 0.679 0.000 0.727 0.554
2026/08/07 00:03:58 - mmengine - INFO - val kayip: val_kayip_cls 0.5936  val_kayip_bbox 0.2634  val_kayip_mask 0.1210  val_kayip 0.9780
2026/08/07 00:03:58 - mmengine - INFO - Epoch(val) [41][116/116]    busi/dice_tum: 0.8132  busi/dice_lezyonlu: 0.7847  busi/bos_dogru: 19  busi/esik: 0.4000  val_kayip_cls: 0.5936  val_kayip_bbox: 0.2634  val_kayip_mask: 0.1210  val_kayip: 0.9780  coco/bbox_mAP: 0.6020  coco/bbox_mAP_50: 0.8940  coco/bbox_mAP_75: 0.7170  coco/bbox_mAP_s: 0.0000  coco/bbox_mAP_m: 0.7190  coco/bbox_mAP_l: 0.5470  coco/segm_mAP: 0.6100  coco/segm_mAP_50: 0.8900  coco/segm_mAP_75: 0.6790  coco/segm_mAP_s: 0.0000  coco/segm_mAP_m: 0.7270  coco/segm_mAP_l: 0.5540  data_time: 0.0060  time: 0.0408
2026/08/07 00:04:01 - mmengine - INFO - Epoch(train)  [42][10/68]  base_lr: 1.2500e-04 lr: 1.2500e-04  eta: 0:23:15  time: 0.3493  data_time: 0.1321  memory: 600  grad_norm: 12.4461  loss: 0.5241  loss_cls: 0.1414  loss_bbox: 0.2682  loss_mask: 0.1145
2026/08/07 00:04:05 - mmengine - INFO - Epoch(train)  [42][20/68]  base_lr: 1.2500e-04 lr: 1.2500e-04  eta: 0:23:12  time: 0.3416  data_time: 0.1247  memory: 602  grad_norm: 12.7064  loss: 0.5303  loss_cls: 0.1415  loss_bbox: 0.2730  loss_mask: 0.1158
2026/08/07 00:04:08 - mmengine - INFO - Epoch(train)  [42][30/68]  base_lr: 1.2500e-04 lr: 1.2500e-04  eta: 0:23:08  time: 0.3350  data_time: 0.1184  memory: 602  grad_norm: 12.7048  loss: 0.5044  loss_cls: 0.1276  loss_bbox: 0.2644  loss_mask: 0.1124
2026/08/07 00:04:11 - mmengine - INFO - Epoch(train)  [42][40/68]  base_lr: 1.2500e-04 lr: 1.2500e-04  eta: 0:23:04  time: 0.3339  data_time: 0.1171  memory: 601  grad_norm: 12.6787  loss: 0.5008  loss_cls: 0.1303  loss_bbox: 0.2590  loss_mask: 0.1115
2026/08/07 00:04:15 - mmengine - INFO - Epoch(train)  [42][50/68]  base_lr: 1.2500e-04 lr: 1.2500e-04  eta: 0:23:01  time: 0.3371  data_time: 0.1188  memory: 602  grad_norm: 12.6001  loss: 0.4940  loss_cls: 0.1298  loss_bbox: 0.2548  loss_mask: 0.1094
2026/08/07 00:04:18 - mmengine - INFO - Epoch(train)  [42][60/68]  base_lr: 1.2500e-04 lr: 1.2500e-04  eta: 0:22:57  time: 0.3400  data_time: 0.1215  memory: 601  grad_norm: 12.6951  loss: 0.4930  loss_cls: 0.1285  loss_bbox: 0.2543  loss_mask: 0.1103
2026/08/07 00:04:21 - mmengine - INFO - Exp name: rtmdet_ins_busi_20260806_234040
2026/08/07 00:04:21 - mmengine - INFO - Saving checkpoint at 42 epochs
2026/08/07 00:04:23 - mmengine - INFO - Epoch(val)  [42][ 10/116]    eta: 0:00:04  time: 0.0453  data_time: 0.0060  memory: 601  
2026/08/07 00:04:24 - mmengine - INFO - Epoch(val)  [42][ 20/116]    eta: 0:00:04  time: 0.0443  data_time: 0.0057  memory: 118  
2026/08/07 00:04:24 - mmengine - INFO - Epoch(val)  [42][ 30/116]    eta: 0:00:03  time: 0.0422  data_time: 0.0049  memory: 138  
2026/08/07 00:04:24 - mmengine - INFO - Epoch(val)  [42][ 40/116]    eta: 0:00:03  time: 0.0409  data_time: 0.0050  memory: 147  
2026/08/07 00:04:25 - mmengine - INFO - Epoch(val)  [42][ 50/116]    eta: 0:00:02  time: 0.0405  data_time: 0.0048  memory: 147  
2026/08/07 00:04:25 - mmengine - INFO - Epoch(val)  [42][ 60/116]    eta: 0:00:02  time: 0.0393  data_time: 0.0051  memory: 120  
2026/08/07 00:04:26 - mmengine - INFO - Epoch(val)  [42][ 70/116]    eta: 0:00:01  time: 0.0397  data_time: 0.0053  memory: 136  
2026/08/07 00:04:26 - mmengine - INFO - Epoch(val)  [42][ 80/116]    eta: 0:00:01  time: 0.0400  data_time: 0.0059  memory: 127  
2026/08/07 00:04:26 - mmengine - INFO - Epoch(val)  [42][ 90/116]    eta: 0:00:01  time: 0.0410  data_time: 0.0062  memory: 151  
2026/08/07 00:04:27 - mmengine - INFO - Epoch(val)  [42][100/116]    eta: 0:00:00  time: 0.0408  data_time: 0.0060  memory: 230  
2026/08/07 00:04:27 - mmengine - INFO - Epoch(val)  [42][110/116]    eta: 0:00:00  time: 0.0407  data_time: 0.0058  memory: 161  
2026/08/07 00:04:28 - mmengine - INFO - Evaluating bbox...
2026/08/07 00:04:28 - mmengine - INFO - bbox_mAP_copypaste: 0.610 0.882 0.681 0.000 0.737 0.543
2026/08/07 00:04:28 - mmengine - INFO - Evaluating segm...
2026/08/07 00:04:28 - mmengine - INFO - segm_mAP_copypaste: 0.611 0.880 0.715 0.000 0.723 0.553
2026/08/07 00:04:29 - mmengine - INFO - val kayip: val_kayip_cls 0.3797  val_kayip_bbox 0.2616  val_kayip_mask 0.1220  val_kayip 0.7633
2026/08/07 00:04:30 - mmengine - INFO - Epoch(val) [42][116/116]    busi/dice_tum: 0.8255  busi/dice_lezyonlu: 0.7995  busi/bos_dogru: 19  busi/esik: 0.3000  val_kayip_cls: 0.3797  val_kayip_bbox: 0.2616  val_kayip_mask: 0.1220  val_kayip: 0.7633  coco/bbox_mAP: 0.6100  coco/bbox_mAP_50: 0.8820  coco/bbox_mAP_75: 0.6810  coco/bbox_mAP_s: 0.0000  coco/bbox_mAP_m: 0.7370  coco/bbox_mAP_l: 0.5430  coco/segm_mAP: 0.6110  coco/segm_mAP_50: 0.8800  coco/segm_mAP_75: 0.7150  coco/segm_mAP_s: 0.0000  coco/segm_mAP_m: 0.7230  coco/segm_mAP_l: 0.5530  data_time: 0.0054  time: 0.0408
2026/08/07 00:04:30 - mmengine - INFO - The previous best checkpoint d:\mamografi\real_time_segmentasyon\rtmdet\calisma\rtmdet_ins_tiny_256_orta_s42\best_busi_dice_tum_epoch_36.pth is removed
2026/08/07 00:04:31 - mmengine - INFO - The best checkpoint with 0.8255 busi/dice_tum at 42 epoch is saved to best_busi_dice_tum_epoch_42.pth.
2026/08/07 00:04:37 - mmengine - INFO - Epoch(train)  [43][10/68]  base_lr: 1.2500e-04 lr: 1.2500e-04  eta: 0:22:50  time: 0.3319  data_time: 0.1142  memory: 601  grad_norm: 12.2685  loss: 0.4885  loss_cls: 0.1278  loss_bbox: 0.2495  loss_mask: 0.1112
2026/08/07 00:04:40 - mmengine - INFO - Epoch(train)  [43][20/68]  base_lr: 1.2500e-04 lr: 1.2500e-04  eta: 0:22:47  time: 0.3346  data_time: 0.1179  memory: 601  grad_norm: 12.6337  loss: 0.4984  loss_cls: 0.1326  loss_bbox: 0.2542  loss_mask: 0.1117
2026/08/07 00:04:43 - mmengine - INFO - Epoch(train)  [43][30/68]  base_lr: 1.2500e-04 lr: 1.2500e-04  eta: 0:22:43  time: 0.3346  data_time: 0.1182  memory: 601  grad_norm: 12.4597  loss: 0.4790  loss_cls: 0.1222  loss_bbox: 0.2485  loss_mask: 0.1083
2026/08/07 00:04:47 - mmengine - INFO - Epoch(train)  [43][40/68]  base_lr: 1.2500e-04 lr: 1.2500e-04  eta: 0:22:40  time: 0.3397  data_time: 0.1206  memory: 601  grad_norm: 12.1991  loss: 0.4726  loss_cls: 0.1195  loss_bbox: 0.2474  loss_mask: 0.1057
2026/08/07 00:04:51 - mmengine - INFO - Epoch(train)  [43][50/68]  base_lr: 1.2500e-04 lr: 1.2500e-04  eta: 0:22:37  time: 0.3488  data_time: 0.1272  memory: 601  grad_norm: 12.1083  loss: 0.4766  loss_cls: 0.1218  loss_bbox: 0.2504  loss_mask: 0.1044
2026/08/07 00:04:54 - mmengine - INFO - Epoch(train)  [43][60/68]  base_lr: 1.2500e-04 lr: 1.2500e-04  eta: 0:22:33  time: 0.3498  data_time: 0.1304  memory: 601  grad_norm: 12.7998  loss: 0.4919  loss_cls: 0.1287  loss_bbox: 0.2567  loss_mask: 0.1065
2026/08/07 00:04:57 - mmengine - INFO - Exp name: rtmdet_ins_busi_20260806_234040
2026/08/07 00:04:57 - mmengine - INFO - Saving checkpoint at 43 epochs
2026/08/07 00:04:59 - mmengine - INFO - Epoch(val)  [43][ 10/116]    eta: 0:00:04  time: 0.0420  data_time: 0.0060  memory: 601  
2026/08/07 00:05:00 - mmengine - INFO - Epoch(val)  [43][ 20/116]    eta: 0:00:03  time: 0.0413  data_time: 0.0057  memory: 112  
2026/08/07 00:05:00 - mmengine - INFO - Epoch(val)  [43][ 30/116]    eta: 0:00:03  time: 0.0398  data_time: 0.0052  memory: 129  
2026/08/07 00:05:00 - mmengine - INFO - Epoch(val)  [43][ 40/116]    eta: 0:00:02  time: 0.0396  data_time: 0.0052  memory: 138  
2026/08/07 00:05:01 - mmengine - INFO - Epoch(val)  [43][ 50/116]    eta: 0:00:02  time: 0.0393  data_time: 0.0054  memory: 159  
2026/08/07 00:05:01 - mmengine - INFO - Epoch(val)  [43][ 60/116]    eta: 0:00:02  time: 0.0401  data_time: 0.0054  memory: 116  
2026/08/07 00:05:02 - mmengine - INFO - Epoch(val)  [43][ 70/116]    eta: 0:00:01  time: 0.0405  data_time: 0.0058  memory: 131  
2026/08/07 00:05:02 - mmengine - INFO - Epoch(val)  [43][ 80/116]    eta: 0:00:01  time: 0.0415  data_time: 0.0059  memory: 134  
2026/08/07 00:05:03 - mmengine - INFO - Epoch(val)  [43][ 90/116]    eta: 0:00:01  time: 0.0422  data_time: 0.0062  memory: 133  
2026/08/07 00:05:03 - mmengine - INFO - Epoch(val)  [43][100/116]    eta: 0:00:00  time: 0.0422  data_time: 0.0057  memory: 216  
2026/08/07 00:05:03 - mmengine - INFO - Epoch(val)  [43][110/116]    eta: 0:00:00  time: 0.0408  data_time: 0.0055  memory: 112  
2026/08/07 00:05:04 - mmengine - INFO - Evaluating bbox...
2026/08/07 00:05:04 - mmengine - INFO - bbox_mAP_copypaste: 0.595 0.884 0.683 0.000 0.702 0.539
2026/08/07 00:05:04 - mmengine - INFO - Evaluating segm...
2026/08/07 00:05:04 - mmengine - INFO - segm_mAP_copypaste: 0.615 0.887 0.707 0.000 0.710 0.566
2026/08/07 00:05:06 - mmengine - INFO - val kayip: val_kayip_cls 0.3676  val_kayip_bbox 0.2631  val_kayip_mask 0.1221  val_kayip 0.7528
2026/08/07 00:05:06 - mmengine - INFO - Epoch(val) [43][116/116]    busi/dice_tum: 0.8136  busi/dice_lezyonlu: 0.7956  busi/bos_dogru: 18  busi/esik: 0.3000  val_kayip_cls: 0.3676  val_kayip_bbox: 0.2631  val_kayip_mask: 0.1221  val_kayip: 0.7528  coco/bbox_mAP: 0.5950  coco/bbox_mAP_50: 0.8840  coco/bbox_mAP_75: 0.6830  coco/bbox_mAP_s: 0.0000  coco/bbox_mAP_m: 0.7020  coco/bbox_mAP_l: 0.5390  coco/segm_mAP: 0.6150  coco/segm_mAP_50: 0.8870  coco/segm_mAP_75: 0.7070  coco/segm_mAP_s: 0.0000  coco/segm_mAP_m: 0.7100  coco/segm_mAP_l: 0.5660  data_time: 0.0056  time: 0.0406
2026/08/07 00:05:09 - mmengine - INFO - Epoch(train)  [44][10/68]  base_lr: 1.2500e-04 lr: 1.2500e-04  eta: 0:22:27  time: 0.3528  data_time: 0.1325  memory: 601  grad_norm: 12.5339  loss: 0.4897  loss_cls: 0.1240  loss_bbox: 0.2560  loss_mask: 0.1097
2026/08/07 00:05:13 - mmengine - INFO - Epoch(train)  [44][20/68]  base_lr: 1.2500e-04 lr: 1.2500e-04  eta: 0:22:23  time: 0.3480  data_time: 0.1303  memory: 602  grad_norm: 12.2312  loss: 0.4918  loss_cls: 0.1251  loss_bbox: 0.2557  loss_mask: 0.1111
2026/08/07 00:05:16 - mmengine - INFO - Epoch(train)  [44][30/68]  base_lr: 1.2500e-04 lr: 1.2500e-04  eta: 0:22:20  time: 0.3477  data_time: 0.1304  memory: 603  grad_norm: 12.4780  loss: 0.4896  loss_cls: 0.1230  loss_bbox: 0.2541  loss_mask: 0.1125
2026/08/07 00:05:20 - mmengine - INFO - Epoch(train)  [44][40/68]  base_lr: 1.2500e-04 lr: 1.2500e-04  eta: 0:22:16  time: 0.3460  data_time: 0.1294  memory: 601  grad_norm: 12.5264  loss: 0.4766  loss_cls: 0.1147  loss_bbox: 0.2504  loss_mask: 0.1114
2026/08/07 00:05:23 - mmengine - INFO - Epoch(train)  [44][50/68]  base_lr: 1.2500e-04 lr: 1.2500e-04  eta: 0:22:13  time: 0.3503  data_time: 0.1328  memory: 601  grad_norm: 12.0345  loss: 0.4773  loss_cls: 0.1161  loss_bbox: 0.2516  loss_mask: 0.1096
2026/08/07 00:05:27 - mmengine - INFO - Epoch(train)  [44][60/68]  base_lr: 1.2500e-04 lr: 1.2500e-04  eta: 0:22:09  time: 0.3481  data_time: 0.1310  memory: 601  grad_norm: 12.2057  loss: 0.4811  loss_cls: 0.1172  loss_bbox: 0.2528  loss_mask: 0.1111
2026/08/07 00:05:29 - mmengine - INFO - Exp name: rtmdet_ins_busi_20260806_234040
2026/08/07 00:05:29 - mmengine - INFO - Saving checkpoint at 44 epochs
2026/08/07 00:05:32 - mmengine - INFO - Epoch(val)  [44][ 10/116]    eta: 0:00:04  time: 0.0420  data_time: 0.0053  memory: 601  
2026/08/07 00:05:32 - mmengine - INFO - Epoch(val)  [44][ 20/116]    eta: 0:00:03  time: 0.0415  data_time: 0.0051  memory: 122  
2026/08/07 00:05:33 - mmengine - INFO - Epoch(val)  [44][ 30/116]    eta: 0:00:03  time: 0.0403  data_time: 0.0052  memory: 131  
2026/08/07 00:05:33 - mmengine - INFO - Epoch(val)  [44][ 40/116]    eta: 0:00:02  time: 0.0396  data_time: 0.0050  memory: 123  
2026/08/07 00:05:33 - mmengine - INFO - Epoch(val)  [44][ 50/116]    eta: 0:00:02  time: 0.0393  data_time: 0.0050  memory: 159  
2026/08/07 00:05:34 - mmengine - INFO - Epoch(val)  [44][ 60/116]    eta: 0:00:02  time: 0.0392  data_time: 0.0055  memory: 116  
2026/08/07 00:05:34 - mmengine - INFO - Epoch(val)  [44][ 70/116]    eta: 0:00:01  time: 0.0391  data_time: 0.0056  memory: 123  
2026/08/07 00:05:35 - mmengine - INFO - Epoch(val)  [44][ 80/116]    eta: 0:00:01  time: 0.0391  data_time: 0.0055  memory: 119  
2026/08/07 00:05:35 - mmengine - INFO - Epoch(val)  [44][ 90/116]    eta: 0:00:01  time: 0.0407  data_time: 0.0060  memory: 139  
2026/08/07 00:05:35 - mmengine - INFO - Epoch(val)  [44][100/116]    eta: 0:00:00  time: 0.0409  data_time: 0.0055  memory: 175  
2026/08/07 00:05:36 - mmengine - INFO - Epoch(val)  [44][110/116]    eta: 0:00:00  time: 0.0415  data_time: 0.0054  memory: 120  
2026/08/07 00:05:36 - mmengine - INFO - Evaluating bbox...
2026/08/07 00:05:36 - mmengine - INFO - bbox_mAP_copypaste: 0.599 0.885 0.676 0.000 0.697 0.551
2026/08/07 00:05:36 - mmengine - INFO - Evaluating segm...
2026/08/07 00:05:36 - mmengine - INFO - segm_mAP_copypaste: 0.614 0.883 0.707 0.000 0.724 0.560
2026/08/07 00:05:38 - mmengine - INFO - val kayip: val_kayip_cls 0.3630  val_kayip_bbox 0.2774  val_kayip_mask 0.1248  val_kayip 0.7652
2026/08/07 00:05:38 - mmengine - INFO - Epoch(val) [44][116/116]    busi/dice_tum: 0.7997  busi/dice_lezyonlu: 0.7788  busi/bos_dogru: 18  busi/esik: 0.3000  val_kayip_cls: 0.3630  val_kayip_bbox: 0.2774  val_kayip_mask: 0.1248  val_kayip: 0.7652  coco/bbox_mAP: 0.5990  coco/bbox_mAP_50: 0.8850  coco/bbox_mAP_75: 0.6760  coco/bbox_mAP_s: 0.0000  coco/bbox_mAP_m: 0.6970  coco/bbox_mAP_l: 0.5510  coco/segm_mAP: 0.6140  coco/segm_mAP_50: 0.8830  coco/segm_mAP_75: 0.7070  coco/segm_mAP_s: 0.0000  coco/segm_mAP_m: 0.7240  coco/segm_mAP_l: 0.5600  data_time: 0.0053  time: 0.0407
2026/08/07 00:05:41 - mmengine - INFO - Exp name: rtmdet_ins_busi_20260806_234040
2026/08/07 00:05:42 - mmengine - INFO - Epoch(train)  [45][10/68]  base_lr: 1.2500e-04 lr: 1.2500e-04  eta: 0:22:03  time: 0.3475  data_time: 0.1320  memory: 600  grad_norm: 12.5577  loss: 0.4938  loss_cls: 0.1227  loss_bbox: 0.2596  loss_mask: 0.1115
2026/08/07 00:05:45 - mmengine - INFO - Epoch(train)  [45][20/68]  base_lr: 1.2500e-04 lr: 1.2500e-04  eta: 0:21:59  time: 0.3471  data_time: 0.1315  memory: 602  grad_norm: 12.2385  loss: 0.4931  loss_cls: 0.1251  loss_bbox: 0.2554  loss_mask: 0.1125
2026/08/07 00:05:49 - mmengine - INFO - Epoch(train)  [45][30/68]  base_lr: 1.2500e-04 lr: 1.2500e-04  eta: 0:21:56  time: 0.3433  data_time: 0.1275  memory: 602  grad_norm: 12.8909  loss: 0.5105  loss_cls: 0.1346  loss_bbox: 0.2601  loss_mask: 0.1158
2026/08/07 00:05:52 - mmengine - INFO - Epoch(train)  [45][40/68]  base_lr: 1.2500e-04 lr: 1.2500e-04  eta: 0:21:52  time: 0.3434  data_time: 0.1266  memory: 602  grad_norm: 12.9647  loss: 0.5150  loss_cls: 0.1400  loss_bbox: 0.2631  loss_mask: 0.1118
2026/08/07 00:05:55 - mmengine - INFO - Epoch(train)  [45][50/68]  base_lr: 1.2500e-04 lr: 1.2500e-04  eta: 0:21:49  time: 0.3473  data_time: 0.1280  memory: 602  grad_norm: 12.8638  loss: 0.5054  loss_cls: 0.1349  loss_bbox: 0.2587  loss_mask: 0.1118
2026/08/07 00:05:59 - mmengine - INFO - Epoch(train)  [45][60/68]  base_lr: 1.2500e-04 lr: 1.2500e-04  eta: 0:21:45  time: 0.3450  data_time: 0.1256  memory: 601  grad_norm: 12.3806  loss: 0.5032  loss_cls: 0.1355  loss_bbox: 0.2564  loss_mask: 0.1112
2026/08/07 00:06:02 - mmengine - INFO - Exp name: rtmdet_ins_busi_20260806_234040
2026/08/07 00:06:02 - mmengine - INFO - Saving checkpoint at 45 epochs
2026/08/07 00:06:04 - mmengine - INFO - Epoch(val)  [45][ 10/116]    eta: 0:00:04  time: 0.0424  data_time: 0.0054  memory: 602  
2026/08/07 00:06:04 - mmengine - INFO - Epoch(val)  [45][ 20/116]    eta: 0:00:03  time: 0.0416  data_time: 0.0050  memory: 125  
2026/08/07 00:06:05 - mmengine - INFO - Epoch(val)  [45][ 30/116]    eta: 0:00:03  time: 0.0397  data_time: 0.0047  memory: 131  
2026/08/07 00:06:05 - mmengine - INFO - Epoch(val)  [45][ 40/116]    eta: 0:00:02  time: 0.0386  data_time: 0.0046  memory: 143  
2026/08/07 00:06:05 - mmengine - INFO - Epoch(val)  [45][ 50/116]    eta: 0:00:02  time: 0.0376  data_time: 0.0049  memory: 159  
2026/08/07 00:06:06 - mmengine - INFO - Epoch(val)  [45][ 60/116]    eta: 0:00:02  time: 0.0396  data_time: 0.0049  memory: 133  
2026/08/07 00:06:06 - mmengine - INFO - Epoch(val)  [45][ 70/116]    eta: 0:00:01  time: 0.0407  data_time: 0.0054  memory: 121  
2026/08/07 00:06:07 - mmengine - INFO - Epoch(val)  [45][ 80/116]    eta: 0:00:01  time: 0.0428  data_time: 0.0058  memory: 151  
2026/08/07 00:06:07 - mmengine - INFO - Epoch(val)  [45][ 90/116]    eta: 0:00:01  time: 0.0444  data_time: 0.0063  memory: 151  
2026/08/07 00:06:08 - mmengine - INFO - Epoch(val)  [45][100/116]    eta: 0:00:00  time: 0.0448  data_time: 0.0059  memory: 193  
2026/08/07 00:06:08 - mmengine - INFO - Epoch(val)  [45][110/116]    eta: 0:00:00  time: 0.0435  data_time: 0.0059  memory: 134  
2026/08/07 00:06:08 - mmengine - INFO - Evaluating bbox...
2026/08/07 00:06:08 - mmengine - INFO - bbox_mAP_copypaste: 0.613 0.879 0.736 0.000 0.723 0.561
2026/08/07 00:06:08 - mmengine - INFO - Evaluating segm...
2026/08/07 00:06:09 - mmengine - INFO - segm_mAP_copypaste: 0.614 0.873 0.742 0.000 0.716 0.567
2026/08/07 00:06:10 - mmengine - INFO - val kayip: val_kayip_cls 0.4076  val_kayip_bbox 0.2619  val_kayip_mask 0.1203  val_kayip 0.7898
2026/08/07 00:06:10 - mmengine - INFO - Epoch(val) [45][116/116]    busi/dice_tum: 0.8082  busi/dice_lezyonlu: 0.7787  busi/bos_dogru: 19  busi/esik: 0.4000  val_kayip_cls: 0.4076  val_kayip_bbox: 0.2619  val_kayip_mask: 0.1203  val_kayip: 0.7898  coco/bbox_mAP: 0.6130  coco/bbox_mAP_50: 0.8790  coco/bbox_mAP_75: 0.7360  coco/bbox_mAP_s: 0.0000  coco/bbox_mAP_m: 0.7230  coco/bbox_mAP_l: 0.5610  coco/segm_mAP: 0.6140  coco/segm_mAP_50: 0.8730  coco/segm_mAP_75: 0.7420  coco/segm_mAP_s: 0.0000  coco/segm_mAP_m: 0.7160  coco/segm_mAP_l: 0.5670  data_time: 0.0055  time: 0.0413
2026/08/07 00:06:14 - mmengine - INFO - Epoch(train)  [46][10/68]  base_lr: 1.2500e-04 lr: 1.2500e-04  eta: 0:21:39  time: 0.3438  data_time: 0.1232  memory: 601  grad_norm: 11.5908  loss: 0.4838  loss_cls: 0.1252  loss_bbox: 0.2502  loss_mask: 0.1083
2026/08/07 00:06:17 - mmengine - INFO - Epoch(train)  [46][20/68]  base_lr: 1.2500e-04 lr: 1.2500e-04  eta: 0:21:35  time: 0.3433  data_time: 0.1228  memory: 601  grad_norm: 11.7004  loss: 0.4662  loss_cls: 0.1176  loss_bbox: 0.2410  loss_mask: 0.1076
2026/08/07 00:06:21 - mmengine - INFO - Epoch(train)  [46][30/68]  base_lr: 1.2500e-04 lr: 1.2500e-04  eta: 0:21:32  time: 0.3411  data_time: 0.1211  memory: 602  grad_norm: 11.7154  loss: 0.4724  loss_cls: 0.1205  loss_bbox: 0.2453  loss_mask: 0.1066
2026/08/07 00:06:24 - mmengine - INFO - Epoch(train)  [46][40/68]  base_lr: 1.2500e-04 lr: 1.2500e-04  eta: 0:21:28  time: 0.3445  data_time: 0.1250  memory: 601  grad_norm: 11.6677  loss: 0.4729  loss_cls: 0.1200  loss_bbox: 0.2447  loss_mask: 0.1081
2026/08/07 00:06:28 - mmengine - INFO - Epoch(train)  [46][50/68]  base_lr: 1.2500e-04 lr: 1.2500e-04  eta: 0:21:25  time: 0.3508  data_time: 0.1294  memory: 601  grad_norm: 11.7330  loss: 0.4838  loss_cls: 0.1240  loss_bbox: 0.2514  loss_mask: 0.1084
2026/08/07 00:06:31 - mmengine - INFO - Epoch(train)  [46][60/68]  base_lr: 1.2500e-04 lr: 1.2500e-04  eta: 0:21:21  time: 0.3487  data_time: 0.1282  memory: 600  grad_norm: 12.1744  loss: 0.4795  loss_cls: 0.1210  loss_bbox: 0.2521  loss_mask: 0.1063
2026/08/07 00:06:34 - mmengine - INFO - Exp name: rtmdet_ins_busi_20260806_234040
2026/08/07 00:06:34 - mmengine - INFO - Saving checkpoint at 46 epochs
2026/08/07 00:06:36 - mmengine - INFO - Epoch(val)  [46][ 10/116]    eta: 0:00:04  time: 0.0432  data_time: 0.0059  memory: 601  
2026/08/07 00:06:37 - mmengine - INFO - Epoch(val)  [46][ 20/116]    eta: 0:00:03  time: 0.0408  data_time: 0.0054  memory: 113  
2026/08/07 00:06:37 - mmengine - INFO - Epoch(val)  [46][ 30/116]    eta: 0:00:03  time: 0.0396  data_time: 0.0052  memory: 122  
2026/08/07 00:06:38 - mmengine - INFO - Epoch(val)  [46][ 40/116]    eta: 0:00:02  time: 0.0381  data_time: 0.0049  memory: 140  
2026/08/07 00:06:38 - mmengine - INFO - Epoch(val)  [46][ 50/116]    eta: 0:00:02  time: 0.0382  data_time: 0.0051  memory: 125  
2026/08/07 00:06:38 - mmengine - INFO - Epoch(val)  [46][ 60/116]    eta: 0:00:02  time: 0.0388  data_time: 0.0057  memory: 112  
2026/08/07 00:06:39 - mmengine - INFO - Epoch(val)  [46][ 70/116]    eta: 0:00:01  time: 0.0390  data_time: 0.0061  memory: 121  
2026/08/07 00:06:39 - mmengine - INFO - Epoch(val)  [46][ 80/116]    eta: 0:00:01  time: 0.0392  data_time: 0.0060  memory: 140  
2026/08/07 00:06:40 - mmengine - INFO - Epoch(val)  [46][ 90/116]    eta: 0:00:01  time: 0.0403  data_time: 0.0062  memory: 151  
2026/08/07 00:06:40 - mmengine - INFO - Epoch(val)  [46][100/116]    eta: 0:00:00  time: 0.0402  data_time: 0.0058  memory: 157  
2026/08/07 00:06:40 - mmengine - INFO - Epoch(val)  [46][110/116]    eta: 0:00:00  time: 0.0395  data_time: 0.0052  memory: 115  
2026/08/07 00:06:41 - mmengine - INFO - Evaluating bbox...
2026/08/07 00:06:41 - mmengine - INFO - bbox_mAP_copypaste: 0.587 0.880 0.684 0.000 0.682 0.538
2026/08/07 00:06:41 - mmengine - INFO - Evaluating segm...
2026/08/07 00:06:41 - mmengine - INFO - segm_mAP_copypaste: 0.618 0.878 0.724 0.000 0.725 0.562
2026/08/07 00:06:43 - mmengine - INFO - val kayip: val_kayip_cls 0.3181  val_kayip_bbox 0.2711  val_kayip_mask 0.1221  val_kayip 0.7113
2026/08/07 00:06:43 - mmengine - INFO - Epoch(val) [46][116/116]    busi/dice_tum: 0.8091  busi/dice_lezyonlu: 0.7901  busi/bos_dogru: 18  busi/esik: 0.3000  val_kayip_cls: 0.3181  val_kayip_bbox: 0.2711  val_kayip_mask: 0.1221  val_kayip: 0.7113  coco/bbox_mAP: 0.5870  coco/bbox_mAP_50: 0.8800  coco/bbox_mAP_75: 0.6840  coco/bbox_mAP_s: 0.0000  coco/bbox_mAP_m: 0.6820  coco/bbox_mAP_l: 0.5380  coco/segm_mAP: 0.6180  coco/segm_mAP_50: 0.8780  coco/segm_mAP_75: 0.7240  coco/segm_mAP_s: 0.0000  coco/segm_mAP_m: 0.7250  coco/segm_mAP_l: 0.5620  data_time: 0.0054  time: 0.0393
2026/08/07 00:06:46 - mmengine - INFO - Epoch(train)  [47][10/68]  base_lr: 1.2500e-04 lr: 1.2500e-04  eta: 0:21:15  time: 0.3526  data_time: 0.1361  memory: 601  grad_norm: 12.3473  loss: 0.4867  loss_cls: 0.1235  loss_bbox: 0.2535  loss_mask: 0.1098
2026/08/07 00:06:50 - mmengine - INFO - Epoch(train)  [47][20/68]  base_lr: 1.2500e-04 lr: 1.2500e-04  eta: 0:21:12  time: 0.3498  data_time: 0.1322  memory: 603  grad_norm: 12.4912  loss: 0.4824  loss_cls: 0.1234  loss_bbox: 0.2512  loss_mask: 0.1077
2026/08/07 00:06:53 - mmengine - INFO - Epoch(train)  [47][30/68]  base_lr: 1.2500e-04 lr: 1.2500e-04  eta: 0:21:08  time: 0.3487  data_time: 0.1329  memory: 603  grad_norm: 12.2344  loss: 0.4762  loss_cls: 0.1194  loss_bbox: 0.2502  loss_mask: 0.1066
2026/08/07 00:06:57 - mmengine - INFO - Epoch(train)  [47][40/68]  base_lr: 1.2500e-04 lr: 1.2500e-04  eta: 0:21:05  time: 0.3522  data_time: 0.1364  memory: 599  grad_norm: 12.1819  loss: 0.4734  loss_cls: 0.1197  loss_bbox: 0.2467  loss_mask: 0.1069
2026/08/07 00:07:00 - mmengine - INFO - Epoch(train)  [47][50/68]  base_lr: 1.2500e-04 lr: 1.2500e-04  eta: 0:21:01  time: 0.3544  data_time: 0.1333  memory: 601  grad_norm: 11.5674  loss: 0.4724  loss_cls: 0.1218  loss_bbox: 0.2443  loss_mask: 0.1063
2026/08/07 00:07:04 - mmengine - INFO - Epoch(train)  [47][60/68]  base_lr: 1.2500e-04 lr: 1.2500e-04  eta: 0:20:58  time: 0.3548  data_time: 0.1317  memory: 601  grad_norm: 11.6086  loss: 0.4648  loss_cls: 0.1194  loss_bbox: 0.2411  loss_mask: 0.1042
2026/08/07 00:07:06 - mmengine - INFO - Exp name: rtmdet_ins_busi_20260806_234040
2026/08/07 00:07:06 - mmengine - INFO - Saving checkpoint at 47 epochs
2026/08/07 00:07:09 - mmengine - INFO - Epoch(val)  [47][ 10/116]    eta: 0:00:04  time: 0.0415  data_time: 0.0053  memory: 601  
2026/08/07 00:07:09 - mmengine - INFO - Epoch(val)  [47][ 20/116]    eta: 0:00:03  time: 0.0407  data_time: 0.0060  memory: 113  
2026/08/07 00:07:10 - mmengine - INFO - Epoch(val)  [47][ 30/116]    eta: 0:00:03  time: 0.0395  data_time: 0.0060  memory: 129  
2026/08/07 00:07:10 - mmengine - INFO - Epoch(val)  [47][ 40/116]    eta: 0:00:02  time: 0.0389  data_time: 0.0059  memory: 139  
2026/08/07 00:07:10 - mmengine - INFO - Epoch(val)  [47][ 50/116]    eta: 0:00:02  time: 0.0389  data_time: 0.0057  memory: 147  
2026/08/07 00:07:11 - mmengine - INFO - Epoch(val)  [47][ 60/116]    eta: 0:00:02  time: 0.0393  data_time: 0.0062  memory: 120  
2026/08/07 00:07:11 - mmengine - INFO - Epoch(val)  [47][ 70/116]    eta: 0:00:01  time: 0.0400  data_time: 0.0057  memory: 116  
2026/08/07 00:07:12 - mmengine - INFO - Epoch(val)  [47][ 80/116]    eta: 0:00:01  time: 0.0411  data_time: 0.0054  memory: 144  
2026/08/07 00:07:12 - mmengine - INFO - Epoch(val)  [47][ 90/116]    eta: 0:00:01  time: 0.0435  data_time: 0.0058  memory: 133  
2026/08/07 00:07:12 - mmengine - INFO - Epoch(val)  [47][100/116]    eta: 0:00:00  time: 0.0437  data_time: 0.0060  memory: 142  
2026/08/07 00:07:13 - mmengine - INFO - Epoch(val)  [47][110/116]    eta: 0:00:00  time: 0.0425  data_time: 0.0056  memory: 127  
2026/08/07 00:07:13 - mmengine - INFO - Evaluating bbox...
2026/08/07 00:07:13 - mmengine - INFO - bbox_mAP_copypaste: 0.588 0.882 0.677 0.000 0.688 0.530
2026/08/07 00:07:13 - mmengine - INFO - Evaluating segm...
2026/08/07 00:07:13 - mmengine - INFO - segm_mAP_copypaste: 0.600 0.886 0.701 0.000 0.685 0.555
2026/08/07 00:07:15 - mmengine - INFO - val kayip: val_kayip_cls 0.6350  val_kayip_bbox 0.2658  val_kayip_mask 0.1251  val_kayip 1.0260
2026/08/07 00:07:15 - mmengine - INFO - Epoch(val) [47][116/116]    busi/dice_tum: 0.7956  busi/dice_lezyonlu: 0.7843  busi/bos_dogru: 17  busi/esik: 0.4000  val_kayip_cls: 0.6350  val_kayip_bbox: 0.2658  val_kayip_mask: 0.1251  val_kayip: 1.0260  coco/bbox_mAP: 0.5880  coco/bbox_mAP_50: 0.8820  coco/bbox_mAP_75: 0.6770  coco/bbox_mAP_s: 0.0000  coco/bbox_mAP_m: 0.6880  coco/bbox_mAP_l: 0.5300  coco/segm_mAP: 0.6000  coco/segm_mAP_50: 0.8860  coco/segm_mAP_75: 0.7010  coco/segm_mAP_s: 0.0000  coco/segm_mAP_m: 0.6850  coco/segm_mAP_l: 0.5550  data_time: 0.0058  time: 0.0413
2026/08/07 00:07:19 - mmengine - INFO - Epoch(train)  [48][10/68]  base_lr: 1.2500e-04 lr: 1.2500e-04  eta: 0:20:51  time: 0.3462  data_time: 0.1248  memory: 603  grad_norm: 11.9087  loss: 0.4787  loss_cls: 0.1248  loss_bbox: 0.2469  loss_mask: 0.1069
2026/08/07 00:07:22 - mmengine - INFO - Epoch(train)  [48][20/68]  base_lr: 1.2500e-04 lr: 1.2500e-04  eta: 0:20:48  time: 0.3476  data_time: 0.1239  memory: 602  grad_norm: 11.9285  loss: 0.4729  loss_cls: 0.1239  loss_bbox: 0.2443  loss_mask: 0.1046
2026/08/07 00:07:26 - mmengine - INFO - Epoch(train)  [48][30/68]  base_lr: 1.2500e-04 lr: 1.2500e-04  eta: 0:20:45  time: 0.3480  data_time: 0.1275  memory: 599  grad_norm: 12.4567  loss: 0.4811  loss_cls: 0.1259  loss_bbox: 0.2487  loss_mask: 0.1065
2026/08/07 00:07:29 - mmengine - INFO - Epoch(train)  [48][40/68]  base_lr: 1.2500e-04 lr: 1.2500e-04  eta: 0:20:41  time: 0.3421  data_time: 0.1229  memory: 603  grad_norm: 12.2263  loss: 0.4818  loss_cls: 0.1222  loss_bbox: 0.2537  loss_mask: 0.1059
2026/08/07 00:07:33 - mmengine - INFO - Epoch(train)  [48][50/68]  base_lr: 1.2500e-04 lr: 1.2500e-04  eta: 0:20:38  time: 0.3522  data_time: 0.1293  memory: 601  grad_norm: 11.6212  loss: 0.4668  loss_cls: 0.1145  loss_bbox: 0.2474  loss_mask: 0.1048
2026/08/07 00:07:36 - mmengine - INFO - Epoch(train)  [48][60/68]  base_lr: 1.2500e-04 lr: 1.2500e-04  eta: 0:20:34  time: 0.3495  data_time: 0.1274  memory: 599  grad_norm: 12.2246  loss: 0.4756  loss_cls: 0.1196  loss_bbox: 0.2500  loss_mask: 0.1060
2026/08/07 00:07:39 - mmengine - INFO - Exp name: rtmdet_ins_busi_20260806_234040
2026/08/07 00:07:39 - mmengine - INFO - Saving checkpoint at 48 epochs
2026/08/07 00:07:41 - mmengine - INFO - Epoch(val)  [48][ 10/116]    eta: 0:00:04  time: 0.0433  data_time: 0.0057  memory: 602  
2026/08/07 00:07:42 - mmengine - INFO - Epoch(val)  [48][ 20/116]    eta: 0:00:03  time: 0.0412  data_time: 0.0055  memory: 118  
2026/08/07 00:07:42 - mmengine - INFO - Epoch(val)  [48][ 30/116]    eta: 0:00:03  time: 0.0387  data_time: 0.0057  memory: 129  
2026/08/07 00:07:42 - mmengine - INFO - Epoch(val)  [48][ 40/116]    eta: 0:00:02  time: 0.0387  data_time: 0.0053  memory: 151  
2026/08/07 00:07:43 - mmengine - INFO - Epoch(val)  [48][ 50/116]    eta: 0:00:02  time: 0.0381  data_time: 0.0057  memory: 130  
2026/08/07 00:07:43 - mmengine - INFO - Epoch(val)  [48][ 60/116]    eta: 0:00:02  time: 0.0387  data_time: 0.0059  memory: 120  
2026/08/07 00:07:44 - mmengine - INFO - Epoch(val)  [48][ 70/116]    eta: 0:00:01  time: 0.0393  data_time: 0.0057  memory: 116  
2026/08/07 00:07:44 - mmengine - INFO - Epoch(val)  [48][ 80/116]    eta: 0:00:01  time: 0.0404  data_time: 0.0054  memory: 143  
2026/08/07 00:07:44 - mmengine - INFO - Epoch(val)  [48][ 90/116]    eta: 0:00:01  time: 0.0414  data_time: 0.0055  memory: 133  
2026/08/07 00:07:45 - mmengine - INFO - Epoch(val)  [48][100/116]    eta: 0:00:00  time: 0.0412  data_time: 0.0052  memory: 140  
2026/08/07 00:07:45 - mmengine - INFO - Epoch(val)  [48][110/116]    eta: 0:00:00  time: 0.0403  data_time: 0.0052  memory: 123  
2026/08/07 00:07:45 - mmengine - INFO - Evaluating bbox...
2026/08/07 00:07:46 - mmengine - INFO - bbox_mAP_copypaste: 0.603 0.891 0.692 0.000 0.711 0.546
2026/08/07 00:07:46 - mmengine - INFO - Evaluating segm...
2026/08/07 00:07:46 - mmengine - INFO - segm_mAP_copypaste: 0.620 0.891 0.696 0.000 0.717 0.570
2026/08/07 00:07:47 - mmengine - INFO - val kayip: val_kayip_cls 0.4049  val_kayip_bbox 0.2554  val_kayip_mask 0.1244  val_kayip 0.7846
2026/08/07 00:07:47 - mmengine - INFO - Epoch(val) [48][116/116]    busi/dice_tum: 0.8140  busi/dice_lezyonlu: 0.7856  busi/bos_dogru: 19  busi/esik: 0.4000  val_kayip_cls: 0.4049  val_kayip_bbox: 0.2554  val_kayip_mask: 0.1244  val_kayip: 0.7846  coco/bbox_mAP: 0.6030  coco/bbox_mAP_50: 0.8910  coco/bbox_mAP_75: 0.6920  coco/bbox_mAP_s: 0.0000  coco/bbox_mAP_m: 0.7110  coco/bbox_mAP_l: 0.5460  coco/segm_mAP: 0.6200  coco/segm_mAP_50: 0.8910  coco/segm_mAP_75: 0.6960  coco/segm_mAP_s: 0.0000  coco/segm_mAP_m: 0.7170  coco/segm_mAP_l: 0.5700  data_time: 0.0055  time: 0.0398
2026/08/07 00:07:51 - mmengine - INFO - Epoch(train)  [49][10/68]  base_lr: 1.2500e-04 lr: 1.2500e-04  eta: 0:20:28  time: 0.3490  data_time: 0.1276  memory: 601  grad_norm: 12.4304  loss: 0.4816  loss_cls: 0.1303  loss_bbox: 0.2463  loss_mask: 0.1051
2026/08/07 00:07:55 - mmengine - INFO - Epoch(train)  [49][20/68]  base_lr: 1.2500e-04 lr: 1.2500e-04  eta: 0:20:24  time: 0.3503  data_time: 0.1279  memory: 603  grad_norm: 12.7987  loss: 0.4871  loss_cls: 0.1351  loss_bbox: 0.2459  loss_mask: 0.1060
2026/08/07 00:07:58 - mmengine - INFO - Epoch(train)  [49][30/68]  base_lr: 1.2500e-04 lr: 1.2500e-04  eta: 0:20:21  time: 0.3536  data_time: 0.1334  memory: 601  grad_norm: 12.9526  loss: 0.4898  loss_cls: 0.1355  loss_bbox: 0.2470  loss_mask: 0.1073
2026/08/07 00:08:02 - mmengine - INFO - Epoch(train)  [49][40/68]  base_lr: 1.2500e-04 lr: 1.2500e-04  eta: 0:20:18  time: 0.3521  data_time: 0.1329  memory: 603  grad_norm: 12.5786  loss: 0.4753  loss_cls: 0.1293  loss_bbox: 0.2398  loss_mask: 0.1062
2026/08/07 00:08:05 - mmengine - INFO - Epoch(train)  [49][50/68]  base_lr: 1.2500e-04 lr: 1.2500e-04  eta: 0:20:14  time: 0.3541  data_time: 0.1329  memory: 601  grad_norm: 12.0539  loss: 0.4681  loss_cls: 0.1225  loss_bbox: 0.2411  loss_mask: 0.1045
2026/08/07 00:08:08 - mmengine - INFO - Epoch(train)  [49][60/68]  base_lr: 1.2500e-04 lr: 1.2500e-04  eta: 0:20:10  time: 0.3486  data_time: 0.1297  memory: 601  grad_norm: 11.8887  loss: 0.4778  loss_cls: 0.1220  loss_bbox: 0.2477  loss_mask: 0.1081
2026/08/07 00:08:11 - mmengine - INFO - Exp name: rtmdet_ins_busi_20260806_234040
2026/08/07 00:08:11 - mmengine - INFO - Saving checkpoint at 49 epochs
2026/08/07 00:08:14 - mmengine - INFO - Epoch(val)  [49][ 10/116]    eta: 0:00:04  time: 0.0418  data_time: 0.0055  memory: 599  
2026/08/07 00:08:14 - mmengine - INFO - Epoch(val)  [49][ 20/116]    eta: 0:00:03  time: 0.0414  data_time: 0.0055  memory: 122  
2026/08/07 00:08:14 - mmengine - INFO - Epoch(val)  [49][ 30/116]    eta: 0:00:03  time: 0.0404  data_time: 0.0053  memory: 138  
2026/08/07 00:08:15 - mmengine - INFO - Epoch(val)  [49][ 40/116]    eta: 0:00:03  time: 0.0408  data_time: 0.0052  memory: 142  
2026/08/07 00:08:15 - mmengine - INFO - Epoch(val)  [49][ 50/116]    eta: 0:00:02  time: 0.0410  data_time: 0.0055  memory: 135  
2026/08/07 00:08:16 - mmengine - INFO - Epoch(val)  [49][ 60/116]    eta: 0:00:02  time: 0.0410  data_time: 0.0058  memory: 129  
2026/08/07 00:08:16 - mmengine - INFO - Epoch(val)  [49][ 70/116]    eta: 0:00:01  time: 0.0403  data_time: 0.0060  memory: 116  
2026/08/07 00:08:16 - mmengine - INFO - Epoch(val)  [49][ 80/116]    eta: 0:00:01  time: 0.0407  data_time: 0.0061  memory: 136  
2026/08/07 00:08:17 - mmengine - INFO - Epoch(val)  [49][ 90/116]    eta: 0:00:01  time: 0.0409  data_time: 0.0067  memory: 157  
2026/08/07 00:08:17 - mmengine - INFO - Epoch(val)  [49][100/116]    eta: 0:00:00  time: 0.0403  data_time: 0.0064  memory: 151  
2026/08/07 00:08:18 - mmengine - INFO - Epoch(val)  [49][110/116]    eta: 0:00:00  time: 0.0398  data_time: 0.0059  memory: 131  
2026/08/07 00:08:18 - mmengine - INFO - Evaluating bbox...
2026/08/07 00:08:18 - mmengine - INFO - bbox_mAP_copypaste: 0.586 0.883 0.669 0.000 0.696 0.535
2026/08/07 00:08:18 - mmengine - INFO - Evaluating segm...
2026/08/07 00:08:18 - mmengine - INFO - segm_mAP_copypaste: 0.613 0.883 0.719 0.000 0.702 0.571
2026/08/07 00:08:20 - mmengine - INFO - val kayip: val_kayip_cls 0.5025  val_kayip_bbox 0.2666  val_kayip_mask 0.1254  val_kayip 0.8945
2026/08/07 00:08:20 - mmengine - INFO - Epoch(val) [49][116/116]    busi/dice_tum: 0.8074  busi/dice_lezyonlu: 0.7881  busi/bos_dogru: 18  busi/esik: 0.4000  val_kayip_cls: 0.5025  val_kayip_bbox: 0.2666  val_kayip_mask: 0.1254  val_kayip: 0.8945  coco/bbox_mAP: 0.5860  coco/bbox_mAP_50: 0.8830  coco/bbox_mAP_75: 0.6690  coco/bbox_mAP_s: 0.0000  coco/bbox_mAP_m: 0.6960  coco/bbox_mAP_l: 0.5350  coco/segm_mAP: 0.6130  coco/segm_mAP_50: 0.8830  coco/segm_mAP_75: 0.7190  coco/segm_mAP_s: 0.0000  coco/segm_mAP_m: 0.7020  coco/segm_mAP_l: 0.5710  data_time: 0.0058  time: 0.0409
2026/08/07 00:08:24 - mmengine - INFO - Epoch(train)  [50][10/68]  base_lr: 1.2500e-04 lr: 1.2500e-04  eta: 0:20:04  time: 0.3466  data_time: 0.1283  memory: 601  grad_norm: 11.2778  loss: 0.4809  loss_cls: 0.1255  loss_bbox: 0.2481  loss_mask: 0.1073
2026/08/07 00:08:27 - mmengine - INFO - Epoch(train)  [50][20/68]  base_lr: 1.2500e-04 lr: 1.2500e-04  eta: 0:20:01  time: 0.3461  data_time: 0.1235  memory: 601  grad_norm: 11.4741  loss: 0.4889  loss_cls: 0.1263  loss_bbox: 0.2534  loss_mask: 0.1092
2026/08/07 00:08:31 - mmengine - INFO - Epoch(train)  [50][30/68]  base_lr: 1.2500e-04 lr: 1.2500e-04  eta: 0:19:57  time: 0.3478  data_time: 0.1242  memory: 601  grad_norm: 11.3696  loss: 0.4948  loss_cls: 0.1284  loss_bbox: 0.2552  loss_mask: 0.1113
2026/08/07 00:08:34 - mmengine - INFO - Epoch(train)  [50][40/68]  base_lr: 1.2500e-04 lr: 1.2500e-04  eta: 0:19:54  time: 0.3529  data_time: 0.1254  memory: 601  grad_norm: 11.3479  loss: 0.4942  loss_cls: 0.1279  loss_bbox: 0.2542  loss_mask: 0.1121
2026/08/07 00:08:38 - mmengine - INFO - Epoch(train)  [50][50/68]  base_lr: 1.2500e-04 lr: 1.2500e-04  eta: 0:19:50  time: 0.3563  data_time: 0.1264  memory: 601  grad_norm: 11.0180  loss: 0.4862  loss_cls: 0.1233  loss_bbox: 0.2540  loss_mask: 0.1089
2026/08/07 00:08:41 - mmengine - INFO - Epoch(train)  [50][60/68]  base_lr: 1.2500e-04 lr: 1.2500e-04  eta: 0:19:47  time: 0.3542  data_time: 0.1254  memory: 601  grad_norm: 11.4522  loss: 0.4859  loss_cls: 0.1227  loss_bbox: 0.2538  loss_mask: 0.1094
2026/08/07 00:08:44 - mmengine - INFO - Exp name: rtmdet_ins_busi_20260806_234040
2026/08/07 00:08:44 - mmengine - INFO - Saving checkpoint at 50 epochs
2026/08/07 00:08:46 - mmengine - INFO - Epoch(val)  [50][ 10/116]    eta: 0:00:04  time: 0.0412  data_time: 0.0059  memory: 602  
2026/08/07 00:08:47 - mmengine - INFO - Epoch(val)  [50][ 20/116]    eta: 0:00:03  time: 0.0403  data_time: 0.0055  memory: 122  
2026/08/07 00:08:47 - mmengine - INFO - Epoch(val)  [50][ 30/116]    eta: 0:00:03  time: 0.0388  data_time: 0.0046  memory: 127  
2026/08/07 00:08:47 - mmengine - INFO - Epoch(val)  [50][ 40/116]    eta: 0:00:02  time: 0.0383  data_time: 0.0047  memory: 128  
2026/08/07 00:08:48 - mmengine - INFO - Epoch(val)  [50][ 50/116]    eta: 0:00:02  time: 0.0378  data_time: 0.0048  memory: 147  
2026/08/07 00:08:48 - mmengine - INFO - Epoch(val)  [50][ 60/116]    eta: 0:00:02  time: 0.0383  data_time: 0.0051  memory: 124  
2026/08/07 00:08:49 - mmengine - INFO - Epoch(val)  [50][ 70/116]    eta: 0:00:01  time: 0.0384  data_time: 0.0051  memory: 116  
2026/08/07 00:08:49 - mmengine - INFO - Epoch(val)  [50][ 80/116]    eta: 0:00:01  time: 0.0392  data_time: 0.0054  memory: 132  
2026/08/07 00:08:50 - mmengine - INFO - Epoch(val)  [50][ 90/116]    eta: 0:00:01  time: 0.0409  data_time: 0.0060  memory: 169  
2026/08/07 00:08:50 - mmengine - INFO - Epoch(val)  [50][100/116]    eta: 0:00:00  time: 0.0409  data_time: 0.0057  memory: 189  
2026/08/07 00:08:50 - mmengine - INFO - Epoch(val)  [50][110/116]    eta: 0:00:00  time: 0.0405  data_time: 0.0053  memory: 122  
2026/08/07 00:08:51 - mmengine - INFO - Evaluating bbox...
2026/08/07 00:08:51 - mmengine - INFO - bbox_mAP_copypaste: 0.585 0.872 0.677 0.000 0.709 0.523
2026/08/07 00:08:51 - mmengine - INFO - Evaluating segm...
2026/08/07 00:08:51 - mmengine - INFO - segm_mAP_copypaste: 0.609 0.878 0.709 0.000 0.717 0.556
2026/08/07 00:08:53 - mmengine - INFO - val kayip: val_kayip_cls 0.4021  val_kayip_bbox 0.2727  val_kayip_mask 0.1236  val_kayip 0.7984
2026/08/07 00:08:53 - mmengine - INFO - Epoch(val) [50][116/116]    busi/dice_tum: 0.8105  busi/dice_lezyonlu: 0.7815  busi/bos_dogru: 19  busi/esik: 0.3000  val_kayip_cls: 0.4021  val_kayip_bbox: 0.2727  val_kayip_mask: 0.1236  val_kayip: 0.7984  coco/bbox_mAP: 0.5850  coco/bbox_mAP_50: 0.8720  coco/bbox_mAP_75: 0.6770  coco/bbox_mAP_s: 0.0000  coco/bbox_mAP_m: 0.7090  coco/bbox_mAP_l: 0.5230  coco/segm_mAP: 0.6090  coco/segm_mAP_50: 0.8780  coco/segm_mAP_75: 0.7090  coco/segm_mAP_s: 0.0000  coco/segm_mAP_m: 0.7170  coco/segm_mAP_l: 0.5560  data_time: 0.0053  time: 0.0395
2026/08/07 00:08:56 - mmengine - INFO - Epoch(train)  [51][10/68]  base_lr: 1.2500e-04 lr: 1.2500e-04  eta: 0:19:41  time: 0.3505  data_time: 0.1282  memory: 601  grad_norm: 11.0933  loss: 0.4716  loss_cls: 0.1198  loss_bbox: 0.2469  loss_mask: 0.1049
2026/08/07 00:08:59 - mmengine - INFO - Epoch(train)  [51][20/68]  base_lr: 1.2499e-04 lr: 1.2499e-04  eta: 0:19:37  time: 0.3420  data_time: 0.1236  memory: 601  grad_norm: 11.3597  loss: 0.4650  loss_cls: 0.1195  loss_bbox: 0.2434  loss_mask: 0.1022
2026/08/07 00:09:03 - mmengine - INFO - Epoch(train)  [51][30/68]  base_lr: 1.2498e-04 lr: 1.2498e-04  eta: 0:19:33  time: 0.3399  data_time: 0.1230  memory: 601  grad_norm: 11.3414  loss: 0.4714  loss_cls: 0.1251  loss_bbox: 0.2421  loss_mask: 0.1042
2026/08/07 00:09:06 - mmengine - INFO - Epoch(train)  [51][40/68]  base_lr: 1.2496e-04 lr: 1.2496e-04  eta: 0:19:30  time: 0.3366  data_time: 0.1193  memory: 601  grad_norm: 11.1435  loss: 0.4628  loss_cls: 0.1215  loss_bbox: 0.2382  loss_mask: 0.1031
2026/08/07 00:09:10 - mmengine - INFO - Epoch(train)  [51][50/68]  base_lr: 1.2494e-04 lr: 1.2494e-04  eta: 0:19:26  time: 0.3435  data_time: 0.1246  memory: 600  grad_norm: 11.6021  loss: 0.4615  loss_cls: 0.1203  loss_bbox: 0.2365  loss_mask: 0.1047
2026/08/07 00:09:13 - mmengine - INFO - Epoch(train)  [51][60/68]  base_lr: 1.2491e-04 lr: 1.2491e-04  eta: 0:19:23  time: 0.3440  data_time: 0.1239  memory: 601  grad_norm: 11.7217  loss: 0.4677  loss_cls: 0.1213  loss_bbox: 0.2412  loss_mask: 0.1052
2026/08/07 00:09:16 - mmengine - INFO - Exp name: rtmdet_ins_busi_20260806_234040
2026/08/07 00:09:16 - mmengine - INFO - Saving checkpoint at 51 epochs
2026/08/07 00:09:18 - mmengine - INFO - Epoch(val)  [51][ 10/116]    eta: 0:00:04  time: 0.0422  data_time: 0.0060  memory: 602  
2026/08/07 00:09:19 - mmengine - INFO - Epoch(val)  [51][ 20/116]    eta: 0:00:03  time: 0.0408  data_time: 0.0056  memory: 113  
2026/08/07 00:09:19 - mmengine - INFO - Epoch(val)  [51][ 30/116]    eta: 0:00:03  time: 0.0391  data_time: 0.0054  memory: 120  
2026/08/07 00:09:19 - mmengine - INFO - Epoch(val)  [51][ 40/116]    eta: 0:00:02  time: 0.0383  data_time: 0.0050  memory: 124  
2026/08/07 00:09:20 - mmengine - INFO - Epoch(val)  [51][ 50/116]    eta: 0:00:02  time: 0.0380  data_time: 0.0048  memory: 119  
2026/08/07 00:09:20 - mmengine - INFO - Epoch(val)  [51][ 60/116]    eta: 0:00:02  time: 0.0379  data_time: 0.0047  memory: 120  
2026/08/07 00:09:21 - mmengine - INFO - Epoch(val)  [51][ 70/116]    eta: 0:00:01  time: 0.0382  data_time: 0.0051  memory: 110  
2026/08/07 00:09:21 - mmengine - INFO - Epoch(val)  [51][ 80/116]    eta: 0:00:01  time: 0.0384  data_time: 0.0051  memory: 118  
2026/08/07 00:09:21 - mmengine - INFO - Epoch(val)  [51][ 90/116]    eta: 0:00:01  time: 0.0395  data_time: 0.0058  memory: 133  
2026/08/07 00:09:22 - mmengine - INFO - Epoch(val)  [51][100/116]    eta: 0:00:00  time: 0.0398  data_time: 0.0058  memory: 177  
2026/08/07 00:09:22 - mmengine - INFO - Epoch(val)  [51][110/116]    eta: 0:00:00  time: 0.0394  data_time: 0.0058  memory: 115  
2026/08/07 00:09:22 - mmengine - INFO - Evaluating bbox...
2026/08/07 00:09:23 - mmengine - INFO - bbox_mAP_copypaste: 0.606 0.880 0.703 0.000 0.725 0.551
2026/08/07 00:09:23 - mmengine - INFO - Evaluating segm...
2026/08/07 00:09:23 - mmengine - INFO - segm_mAP_copypaste: 0.609 0.880 0.726 0.000 0.714 0.559
2026/08/07 00:09:24 - mmengine - INFO - val kayip: val_kayip_cls 0.3574  val_kayip_bbox 0.2675  val_kayip_mask 0.1239  val_kayip 0.7488
2026/08/07 00:09:24 - mmengine - INFO - Epoch(val) [51][116/116]    busi/dice_tum: 0.8159  busi/dice_lezyonlu: 0.7879  busi/bos_dogru: 19  busi/esik: 0.3000  val_kayip_cls: 0.3574  val_kayip_bbox: 0.2675  val_kayip_mask: 0.1239  val_kayip: 0.7488  coco/bbox_mAP: 0.6060  coco/bbox_mAP_50: 0.8800  coco/bbox_mAP_75: 0.7030  coco/bbox_mAP_s: 0.0000  coco/bbox_mAP_m: 0.7250  coco/bbox_mAP_l: 0.5510  coco/segm_mAP: 0.6090  coco/segm_mAP_50: 0.8800  coco/segm_mAP_75: 0.7260  coco/segm_mAP_s: 0.0000  coco/segm_mAP_m: 0.7140  coco/segm_mAP_l: 0.5590  data_time: 0.0055  time: 0.0392
2026/08/07 00:09:28 - mmengine - INFO - Epoch(train)  [52][10/68]  base_lr: 1.2485e-04 lr: 1.2485e-04  eta: 0:19:17  time: 0.3490  data_time: 0.1260  memory: 601  grad_norm: 12.2465  loss: 0.4667  loss_cls: 0.1126  loss_bbox: 0.2459  loss_mask: 0.1081
2026/08/07 00:09:32 - mmengine - INFO - Epoch(train)  [52][20/68]  base_lr: 1.2481e-04 lr: 1.2481e-04  eta: 0:19:13  time: 0.3516  data_time: 0.1293  memory: 600  grad_norm: 12.1620  loss: 0.4654  loss_cls: 0.1170  loss_bbox: 0.2424  loss_mask: 0.1060
2026/08/07 00:09:35 - mmengine - INFO - Epoch(train)  [52][30/68]  base_lr: 1.2476e-04 lr: 1.2476e-04  eta: 0:19:10  time: 0.3498  data_time: 0.1288  memory: 601  grad_norm: 12.0459  loss: 0.4734  loss_cls: 0.1204  loss_bbox: 0.2460  loss_mask: 0.1070
2026/08/07 00:09:39 - mmengine - INFO - Epoch(train)  [52][40/68]  base_lr: 1.2471e-04 lr: 1.2471e-04  eta: 0:19:06  time: 0.3503  data_time: 0.1303  memory: 603  grad_norm: 12.1184  loss: 0.4675  loss_cls: 0.1170  loss_bbox: 0.2430  loss_mask: 0.1075
2026/08/07 00:09:42 - mmengine - INFO - Epoch(train)  [52][50/68]  base_lr: 1.2465e-04 lr: 1.2465e-04  eta: 0:19:03  time: 0.3496  data_time: 0.1310  memory: 601  grad_norm: 11.8439  loss: 0.4435  loss_cls: 0.1116  loss_bbox: 0.2307  loss_mask: 0.1012
2026/08/07 00:09:45 - mmengine - INFO - Epoch(train)  [52][60/68]  base_lr: 1.2459e-04 lr: 1.2459e-04  eta: 0:18:59  time: 0.3464  data_time: 0.1302  memory: 601  grad_norm: 12.1750  loss: 0.4507  loss_cls: 0.1147  loss_bbox: 0.2334  loss_mask: 0.1026
2026/08/07 00:09:48 - mmengine - INFO - Exp name: rtmdet_ins_busi_20260806_234040
2026/08/07 00:09:48 - mmengine - INFO - Saving checkpoint at 52 epochs
2026/08/07 00:09:51 - mmengine - INFO - Epoch(val)  [52][ 10/116]    eta: 0:00:04  time: 0.0408  data_time: 0.0064  memory: 604  
2026/08/07 00:09:51 - mmengine - INFO - Epoch(val)  [52][ 20/116]    eta: 0:00:03  time: 0.0401  data_time: 0.0063  memory: 116  
2026/08/07 00:09:51 - mmengine - INFO - Epoch(val)  [52][ 30/116]    eta: 0:00:03  time: 0.0381  data_time: 0.0058  memory: 122  
2026/08/07 00:09:52 - mmengine - INFO - Epoch(val)  [52][ 40/116]    eta: 0:00:02  time: 0.0374  data_time: 0.0057  memory: 125  
2026/08/07 00:09:52 - mmengine - INFO - Epoch(val)  [52][ 50/116]    eta: 0:00:02  time: 0.0374  data_time: 0.0055  memory: 135  
2026/08/07 00:09:52 - mmengine - INFO - Epoch(val)  [52][ 60/116]    eta: 0:00:02  time: 0.0379  data_time: 0.0053  memory: 112  
2026/08/07 00:09:53 - mmengine - INFO - Epoch(val)  [52][ 70/116]    eta: 0:00:01  time: 0.0381  data_time: 0.0052  memory: 103  
2026/08/07 00:09:53 - mmengine - INFO - Epoch(val)  [52][ 80/116]    eta: 0:00:01  time: 0.0396  data_time: 0.0051  memory: 123  
2026/08/07 00:09:54 - mmengine - INFO - Epoch(val)  [52][ 90/116]    eta: 0:00:01  time: 0.0412  data_time: 0.0052  memory: 133  
2026/08/07 00:09:54 - mmengine - INFO - Epoch(val)  [52][100/116]    eta: 0:00:00  time: 0.0408  data_time: 0.0052  memory: 154  
2026/08/07 00:09:54 - mmengine - INFO - Epoch(val)  [52][110/116]    eta: 0:00:00  time: 0.0404  data_time: 0.0053  memory: 131  
2026/08/07 00:09:55 - mmengine - INFO - Evaluating bbox...
2026/08/07 00:09:55 - mmengine - INFO - bbox_mAP_copypaste: 0.589 0.872 0.714 0.000 0.704 0.531
2026/08/07 00:09:55 - mmengine - INFO - Evaluating segm...
2026/08/07 00:09:55 - mmengine - INFO - segm_mAP_copypaste: 0.600 0.873 0.669 0.000 0.716 0.542
2026/08/07 00:09:57 - mmengine - INFO - val kayip: val_kayip_cls 0.4108  val_kayip_bbox 0.2649  val_kayip_mask 0.1264  val_kayip 0.8022
2026/08/07 00:09:57 - mmengine - INFO - Epoch(val) [52][116/116]    busi/dice_tum: 0.8096  busi/dice_lezyonlu: 0.7803  busi/bos_dogru: 19  busi/esik: 0.3000  val_kayip_cls: 0.4108  val_kayip_bbox: 0.2649  val_kayip_mask: 0.1264  val_kayip: 0.8022  coco/bbox_mAP: 0.5890  coco/bbox_mAP_50: 0.8720  coco/bbox_mAP_75: 0.7140  coco/bbox_mAP_s: 0.0000  coco/bbox_mAP_m: 0.7040  coco/bbox_mAP_l: 0.5310  coco/segm_mAP: 0.6000  coco/segm_mAP_50: 0.8730  coco/segm_mAP_75: 0.6690  coco/segm_mAP_s: 0.0000  coco/segm_mAP_m: 0.7160  coco/segm_mAP_l: 0.5420  data_time: 0.0054  time: 0.0392
2026/08/07 00:10:00 - mmengine - INFO - Epoch(train)  [53][10/68]  base_lr: 1.2447e-04 lr: 1.2447e-04  eta: 0:18:53  time: 0.3456  data_time: 0.1280  memory: 601  grad_norm: 12.5522  loss: 0.4499  loss_cls: 0.1104  loss_bbox: 0.2374  loss_mask: 0.1021
2026/08/07 00:10:04 - mmengine - INFO - Epoch(train)  [53][20/68]  base_lr: 1.2439e-04 lr: 1.2439e-04  eta: 0:18:49  time: 0.3458  data_time: 0.1283  memory: 601  grad_norm: 12.5886  loss: 0.4530  loss_cls: 0.1116  loss_bbox: 0.2402  loss_mask: 0.1011
2026/08/07 00:10:07 - mmengine - INFO - Epoch(train)  [53][30/68]  base_lr: 1.2431e-04 lr: 1.2431e-04  eta: 0:18:46  time: 0.3474  data_time: 0.1286  memory: 601  grad_norm: 12.5862  loss: 0.4548  loss_cls: 0.1116  loss_bbox: 0.2404  loss_mask: 0.1028
2026/08/07 00:10:11 - mmengine - INFO - Epoch(train)  [53][40/68]  base_lr: 1.2423e-04 lr: 1.2423e-04  eta: 0:18:42  time: 0.3473  data_time: 0.1277  memory: 602  grad_norm: 12.2324  loss: 0.4558  loss_cls: 0.1103  loss_bbox: 0.2412  loss_mask: 0.1042
2026/08/07 00:10:14 - mmengine - INFO - Epoch(train)  [53][50/68]  base_lr: 1.2413e-04 lr: 1.2413e-04  eta: 0:18:39  time: 0.3553  data_time: 0.1343  memory: 600  grad_norm: 11.9846  loss: 0.4557  loss_cls: 0.1099  loss_bbox: 0.2420  loss_mask: 0.1037
2026/08/07 00:10:18 - mmengine - INFO - Epoch(train)  [53][60/68]  base_lr: 1.2404e-04 lr: 1.2404e-04  eta: 0:18:36  time: 0.3580  data_time: 0.1362  memory: 600  grad_norm: 11.5681  loss: 0.4481  loss_cls: 0.1099  loss_bbox: 0.2365  loss_mask: 0.1017
2026/08/07 00:10:21 - mmengine - INFO - Exp name: rtmdet_ins_busi_20260806_234040
2026/08/07 00:10:21 - mmengine - INFO - Saving checkpoint at 53 epochs
2026/08/07 00:10:23 - mmengine - INFO - Epoch(val)  [53][ 10/116]    eta: 0:00:04  time: 0.0413  data_time: 0.0057  memory: 601  
2026/08/07 00:10:24 - mmengine - INFO - Epoch(val)  [53][ 20/116]    eta: 0:00:03  time: 0.0397  data_time: 0.0056  memory: 107  
2026/08/07 00:10:24 - mmengine - INFO - Epoch(val)  [53][ 30/116]    eta: 0:00:03  time: 0.0383  data_time: 0.0054  memory: 115  
2026/08/07 00:10:24 - mmengine - INFO - Epoch(val)  [53][ 40/116]    eta: 0:00:02  time: 0.0378  data_time: 0.0053  memory: 129  
2026/08/07 00:10:25 - mmengine - INFO - Epoch(val)  [53][ 50/116]    eta: 0:00:02  time: 0.0378  data_time: 0.0051  memory: 142  
2026/08/07 00:10:25 - mmengine - INFO - Epoch(val)  [53][ 60/116]    eta: 0:00:02  time: 0.0391  data_time: 0.0050  memory: 151  
2026/08/07 00:10:26 - mmengine - INFO - Epoch(val)  [53][ 70/116]    eta: 0:00:01  time: 0.0392  data_time: 0.0047  memory: 112  
2026/08/07 00:10:26 - mmengine - INFO - Epoch(val)  [53][ 80/116]    eta: 0:00:01  time: 0.0404  data_time: 0.0049  memory: 134  
2026/08/07 00:10:27 - mmengine - INFO - Epoch(val)  [53][ 90/116]    eta: 0:00:01  time: 0.0417  data_time: 0.0054  memory: 151  
2026/08/07 00:10:27 - mmengine - INFO - Epoch(val)  [53][100/116]    eta: 0:00:00  time: 0.0421  data_time: 0.0055  memory: 180  
2026/08/07 00:10:27 - mmengine - INFO - Epoch(val)  [53][110/116]    eta: 0:00:00  time: 0.0417  data_time: 0.0056  memory: 172  
2026/08/07 00:10:28 - mmengine - INFO - Evaluating bbox...
2026/08/07 00:10:28 - mmengine - INFO - bbox_mAP_copypaste: 0.585 0.867 0.694 0.000 0.672 0.539
2026/08/07 00:10:28 - mmengine - INFO - Evaluating segm...
2026/08/07 00:10:28 - mmengine - INFO - segm_mAP_copypaste: 0.611 0.877 0.709 0.000 0.716 0.557
2026/08/07 00:10:30 - mmengine - INFO - val kayip: val_kayip_cls 0.4841  val_kayip_bbox 0.2679  val_kayip_mask 0.1265  val_kayip 0.8785
2026/08/07 00:10:30 - mmengine - INFO - Epoch(val) [53][116/116]    busi/dice_tum: 0.8079  busi/dice_lezyonlu: 0.7784  busi/bos_dogru: 19  busi/esik: 0.4000  val_kayip_cls: 0.4841  val_kayip_bbox: 0.2679  val_kayip_mask: 0.1265  val_kayip: 0.8785  coco/bbox_mAP: 0.5850  coco/bbox_mAP_50: 0.8670  coco/bbox_mAP_75: 0.6940  coco/bbox_mAP_s: 0.0000  coco/bbox_mAP_m: 0.6720  coco/bbox_mAP_l: 0.5390  coco/segm_mAP: 0.6110  coco/segm_mAP_50: 0.8770  coco/segm_mAP_75: 0.7090  coco/segm_mAP_s: 0.0000  coco/segm_mAP_m: 0.7160  coco/segm_mAP_l: 0.5570  data_time: 0.0053  time: 0.0403
2026/08/07 00:10:33 - mmengine - INFO - Epoch(train)  [54][10/68]  base_lr: 1.2385e-04 lr: 1.2385e-04  eta: 0:18:30  time: 0.3582  data_time: 0.1369  memory: 601  grad_norm: 11.5286  loss: 0.4473  loss_cls: 0.1141  loss_bbox: 0.2307  loss_mask: 0.1025
2026/08/07 00:10:37 - mmengine - INFO - Epoch(train)  [54][20/68]  base_lr: 1.2374e-04 lr: 1.2374e-04  eta: 0:18:26  time: 0.3590  data_time: 0.1368  memory: 601  grad_norm: 11.4163  loss: 0.4485  loss_cls: 0.1152  loss_bbox: 0.2323  loss_mask: 0.1011
2026/08/07 00:10:40 - mmengine - INFO - Epoch(train)  [54][30/68]  base_lr: 1.2363e-04 lr: 1.2363e-04  eta: 0:18:23  time: 0.3560  data_time: 0.1329  memory: 601  grad_norm: 11.2971  loss: 0.4552  loss_cls: 0.1150  loss_bbox: 0.2381  loss_mask: 0.1021
2026/08/07 00:10:44 - mmengine - INFO - Epoch(train)  [54][40/68]  base_lr: 1.2351e-04 lr: 1.2351e-04  eta: 0:18:19  time: 0.3472  data_time: 0.1266  memory: 599  grad_norm: 11.6611  loss: 0.4490  loss_cls: 0.1095  loss_bbox: 0.2372  loss_mask: 0.1023
2026/08/07 00:10:47 - mmengine - INFO - Epoch(train)  [54][50/68]  base_lr: 1.2338e-04 lr: 1.2338e-04  eta: 0:18:16  time: 0.3493  data_time: 0.1265  memory: 601  grad_norm: 12.0731  loss: 0.4436  loss_cls: 0.1101  loss_bbox: 0.2338  loss_mask: 0.0998
2026/08/07 00:10:50 - mmengine - INFO - Epoch(train)  [54][60/68]  base_lr: 1.2326e-04 lr: 1.2326e-04  eta: 0:18:12  time: 0.3450  data_time: 0.1247  memory: 601  grad_norm: 11.8165  loss: 0.4496  loss_cls: 0.1100  loss_bbox: 0.2386  loss_mask: 0.1010
2026/08/07 00:10:53 - mmengine - INFO - Exp name: rtmdet_ins_busi_20260806_234040
2026/08/07 00:10:53 - mmengine - INFO - Saving checkpoint at 54 epochs
2026/08/07 00:10:55 - mmengine - INFO - Epoch(val)  [54][ 10/116]    eta: 0:00:04  time: 0.0425  data_time: 0.0061  memory: 602  
2026/08/07 00:10:56 - mmengine - INFO - Epoch(val)  [54][ 20/116]    eta: 0:00:03  time: 0.0408  data_time: 0.0060  memory: 118  
2026/08/07 00:10:56 - mmengine - INFO - Epoch(val)  [54][ 30/116]    eta: 0:00:03  time: 0.0388  data_time: 0.0053  memory: 120  
2026/08/07 00:10:56 - mmengine - INFO - Epoch(val)  [54][ 40/116]    eta: 0:00:02  time: 0.0374  data_time: 0.0053  memory: 125  
2026/08/07 00:10:57 - mmengine - INFO - Epoch(val)  [54][ 50/116]    eta: 0:00:02  time: 0.0371  data_time: 0.0050  memory: 142  
2026/08/07 00:10:57 - mmengine - INFO - Epoch(val)  [54][ 60/116]    eta: 0:00:02  time: 0.0384  data_time: 0.0051  memory: 120  
2026/08/07 00:10:58 - mmengine - INFO - Epoch(val)  [54][ 70/116]    eta: 0:00:01  time: 0.0393  data_time: 0.0050  memory: 114  
2026/08/07 00:10:58 - mmengine - INFO - Epoch(val)  [54][ 80/116]    eta: 0:00:01  time: 0.0407  data_time: 0.0054  memory: 121  
2026/08/07 00:10:58 - mmengine - INFO - Epoch(val)  [54][ 90/116]    eta: 0:00:01  time: 0.0415  data_time: 0.0057  memory: 163  
2026/08/07 00:10:59 - mmengine - INFO - Epoch(val)  [54][100/116]    eta: 0:00:00  time: 0.0423  data_time: 0.0060  memory: 219  
2026/08/07 00:10:59 - mmengine - INFO - Epoch(val)  [54][110/116]    eta: 0:00:00  time: 0.0419  data_time: 0.0058  memory: 179  
2026/08/07 00:11:00 - mmengine - INFO - Evaluating bbox...
2026/08/07 00:11:00 - mmengine - INFO - bbox_mAP_copypaste: 0.606 0.861 0.713 0.000 0.702 0.556
2026/08/07 00:11:00 - mmengine - INFO - Evaluating segm...
2026/08/07 00:11:00 - mmengine - INFO - segm_mAP_copypaste: 0.606 0.873 0.685 0.000 0.709 0.557
2026/08/07 00:11:01 - mmengine - INFO - val kayip: val_kayip_cls 0.4689  val_kayip_bbox 0.2579  val_kayip_mask 0.1223  val_kayip 0.8491
2026/08/07 00:11:02 - mmengine - INFO - Epoch(val) [54][116/116]    busi/dice_tum: 0.8001  busi/dice_lezyonlu: 0.7689  busi/bos_dogru: 19  busi/esik: 0.4000  val_kayip_cls: 0.4689  val_kayip_bbox: 0.2579  val_kayip_mask: 0.1223  val_kayip: 0.8491  coco/bbox_mAP: 0.6060  coco/bbox_mAP_50: 0.8610  coco/bbox_mAP_75: 0.7130  coco/bbox_mAP_s: 0.0000  coco/bbox_mAP_m: 0.7020  coco/bbox_mAP_l: 0.5560  coco/segm_mAP: 0.6060  coco/segm_mAP_50: 0.8730  coco/segm_mAP_75: 0.6850  coco/segm_mAP_s: 0.0000  coco/segm_mAP_m: 0.7090  coco/segm_mAP_l: 0.5570  data_time: 0.0054  time: 0.0400
2026/08/07 00:11:05 - mmengine - INFO - Epoch(train)  [55][10/68]  base_lr: 1.2301e-04 lr: 1.2301e-04  eta: 0:18:06  time: 0.3419  data_time: 0.1238  memory: 600  grad_norm: 12.0160  loss: 0.4389  loss_cls: 0.1062  loss_bbox: 0.2329  loss_mask: 0.0998
2026/08/07 00:11:09 - mmengine - INFO - Epoch(train)  [55][20/68]  base_lr: 1.2287e-04 lr: 1.2287e-04  eta: 0:18:02  time: 0.3452  data_time: 0.1266  memory: 603  grad_norm: 11.7567  loss: 0.4415  loss_cls: 0.1075  loss_bbox: 0.2321  loss_mask: 0.1019
2026/08/07 00:11:12 - mmengine - INFO - Epoch(train)  [55][30/68]  base_lr: 1.2272e-04 lr: 1.2272e-04  eta: 0:17:59  time: 0.3480  data_time: 0.1296  memory: 601  grad_norm: 11.3674  loss: 0.4493  loss_cls: 0.1061  loss_bbox: 0.2389  loss_mask: 0.1044
2026/08/07 00:11:16 - mmengine - INFO - Epoch(train)  [55][40/68]  base_lr: 1.2257e-04 lr: 1.2257e-04  eta: 0:17:55  time: 0.3459  data_time: 0.1272  memory: 601  grad_norm: 11.4999  loss: 0.4513  loss_cls: 0.1036  loss_bbox: 0.2449  loss_mask: 0.1028
2026/08/07 00:11:19 - mmengine - INFO - Epoch(train)  [55][50/68]  base_lr: 1.2241e-04 lr: 1.2241e-04  eta: 0:17:52  time: 0.3492  data_time: 0.1298  memory: 601  grad_norm: 11.8501  loss: 0.4653  loss_cls: 0.1087  loss_bbox: 0.2510  loss_mask: 0.1056
2026/08/07 00:11:23 - mmengine - INFO - Epoch(train)  [55][60/68]  base_lr: 1.2224e-04 lr: 1.2224e-04  eta: 0:17:48  time: 0.3479  data_time: 0.1281  memory: 601  grad_norm: 11.8508  loss: 0.4774  loss_cls: 0.1128  loss_bbox: 0.2543  loss_mask: 0.1103
2026/08/07 00:11:25 - mmengine - INFO - Exp name: rtmdet_ins_busi_20260806_234040
2026/08/07 00:11:25 - mmengine - INFO - Saving checkpoint at 55 epochs
2026/08/07 00:11:28 - mmengine - INFO - Epoch(val)  [55][ 10/116]    eta: 0:00:04  time: 0.0420  data_time: 0.0053  memory: 603  
2026/08/07 00:11:28 - mmengine - INFO - Epoch(val)  [55][ 20/116]    eta: 0:00:03  time: 0.0413  data_time: 0.0055  memory: 110  
2026/08/07 00:11:28 - mmengine - INFO - Epoch(val)  [55][ 30/116]    eta: 0:00:03  time: 0.0394  data_time: 0.0052  memory: 117  
2026/08/07 00:11:29 - mmengine - INFO - Epoch(val)  [55][ 40/116]    eta: 0:00:02  time: 0.0385  data_time: 0.0052  memory: 118  
2026/08/07 00:11:29 - mmengine - INFO - Epoch(val)  [55][ 50/116]    eta: 0:00:02  time: 0.0378  data_time: 0.0052  memory: 135  
2026/08/07 00:11:30 - mmengine - INFO - Epoch(val)  [55][ 60/116]    eta: 0:00:02  time: 0.0389  data_time: 0.0056  memory: 116  
2026/08/07 00:11:30 - mmengine - INFO - Epoch(val)  [55][ 70/116]    eta: 0:00:01  time: 0.0390  data_time: 0.0057  memory: 103  
2026/08/07 00:11:30 - mmengine - INFO - Epoch(val)  [55][ 80/116]    eta: 0:00:01  time: 0.0395  data_time: 0.0059  memory: 121  
2026/08/07 00:11:31 - mmengine - INFO - Epoch(val)  [55][ 90/116]    eta: 0:00:01  time: 0.0407  data_time: 0.0058  memory: 139  
2026/08/07 00:11:31 - mmengine - INFO - Epoch(val)  [55][100/116]    eta: 0:00:00  time: 0.0412  data_time: 0.0060  memory: 172  
2026/08/07 00:11:32 - mmengine - INFO - Epoch(val)  [55][110/116]    eta: 0:00:00  time: 0.0402  data_time: 0.0060  memory: 127  
2026/08/07 00:11:32 - mmengine - INFO - Evaluating bbox...
2026/08/07 00:11:32 - mmengine - INFO - bbox_mAP_copypaste: 0.598 0.875 0.726 0.000 0.723 0.535
2026/08/07 00:11:32 - mmengine - INFO - Evaluating segm...
2026/08/07 00:11:32 - mmengine - INFO - segm_mAP_copypaste: 0.603 0.884 0.685 0.000 0.728 0.542
2026/08/07 00:11:34 - mmengine - INFO - val kayip: val_kayip_cls 0.4088  val_kayip_bbox 0.2632  val_kayip_mask 0.1240  val_kayip 0.7960
2026/08/07 00:11:34 - mmengine - INFO - Epoch(val) [55][116/116]    busi/dice_tum: 0.7934  busi/dice_lezyonlu: 0.7712  busi/bos_dogru: 18  busi/esik: 0.3000  val_kayip_cls: 0.4088  val_kayip_bbox: 0.2632  val_kayip_mask: 0.1240  val_kayip: 0.7960  coco/bbox_mAP: 0.5980  coco/bbox_mAP_50: 0.8750  coco/bbox_mAP_75: 0.7260  coco/bbox_mAP_s: 0.0000  coco/bbox_mAP_m: 0.7230  coco/bbox_mAP_l: 0.5350  coco/segm_mAP: 0.6030  coco/segm_mAP_50: 0.8840  coco/segm_mAP_75: 0.6850  coco/segm_mAP_s: 0.0000  coco/segm_mAP_m: 0.7280  coco/segm_mAP_l: 0.5420  data_time: 0.0057  time: 0.0395
2026/08/07 00:11:37 - mmengine - INFO - Epoch(train)  [56][10/68]  base_lr: 1.2194e-04 lr: 1.2194e-04  eta: 0:17:42  time: 0.3448  data_time: 0.1266  memory: 601  grad_norm: 12.5452  loss: 0.4743  loss_cls: 0.1209  loss_bbox: 0.2480  loss_mask: 0.1054
2026/08/07 00:11:41 - mmengine - INFO - Epoch(train)  [56][20/68]  base_lr: 1.2176e-04 lr: 1.2176e-04  eta: 0:17:39  time: 0.3493  data_time: 0.1319  memory: 603  grad_norm: 12.1967  loss: 0.4675  loss_cls: 0.1179  loss_bbox: 0.2439  loss_mask: 0.1056
2026/08/07 00:11:45 - mmengine - INFO - Epoch(train)  [56][30/68]  base_lr: 1.2158e-04 lr: 1.2158e-04  eta: 0:17:35  time: 0.3543  data_time: 0.1357  memory: 604  grad_norm: 11.7421  loss: 0.4660  loss_cls: 0.1215  loss_bbox: 0.2385  loss_mask: 0.1060
2026/08/07 00:11:48 - mmengine - INFO - Epoch(train)  [56][40/68]  base_lr: 1.2140e-04 lr: 1.2140e-04  eta: 0:17:32  time: 0.3534  data_time: 0.1361  memory: 599  grad_norm: 11.4708  loss: 0.4598  loss_cls: 0.1207  loss_bbox: 0.2362  loss_mask: 0.1029
2026/08/07 00:11:52 - mmengine - INFO - Epoch(train)  [56][50/68]  base_lr: 1.2121e-04 lr: 1.2121e-04  eta: 0:17:28  time: 0.3580  data_time: 0.1386  memory: 601  grad_norm: 10.7650  loss: 0.4449  loss_cls: 0.1079  loss_bbox: 0.2357  loss_mask: 0.1013
2026/08/07 00:11:55 - mmengine - INFO - Epoch(train)  [56][60/68]  base_lr: 1.2101e-04 lr: 1.2101e-04  eta: 0:17:25  time: 0.3617  data_time: 0.1417  memory: 601  grad_norm: 10.7297  loss: 0.4553  loss_cls: 0.1111  loss_bbox: 0.2401  loss_mask: 0.1041
2026/08/07 00:11:58 - mmengine - INFO - Exp name: rtmdet_ins_busi_20260806_234040
2026/08/07 00:11:58 - mmengine - INFO - Saving checkpoint at 56 epochs
2026/08/07 00:12:00 - mmengine - INFO - Epoch(val)  [56][ 10/116]    eta: 0:00:04  time: 0.0412  data_time: 0.0058  memory: 601  
2026/08/07 00:12:01 - mmengine - INFO - Epoch(val)  [56][ 20/116]    eta: 0:00:03  time: 0.0402  data_time: 0.0061  memory: 112  
2026/08/07 00:12:01 - mmengine - INFO - Epoch(val)  [56][ 30/116]    eta: 0:00:03  time: 0.0385  data_time: 0.0053  memory: 117  
2026/08/07 00:12:02 - mmengine - INFO - Epoch(val)  [56][ 40/116]    eta: 0:00:02  time: 0.0376  data_time: 0.0051  memory: 129  
2026/08/07 00:12:02 - mmengine - INFO - Epoch(val)  [56][ 50/116]    eta: 0:00:02  time: 0.0397  data_time: 0.0049  memory: 127  
2026/08/07 00:12:02 - mmengine - INFO - Epoch(val)  [56][ 60/116]    eta: 0:00:02  time: 0.0403  data_time: 0.0050  memory: 116  
2026/08/07 00:12:03 - mmengine - INFO - Epoch(val)  [56][ 70/116]    eta: 0:00:01  time: 0.0412  data_time: 0.0051  memory: 108  
2026/08/07 00:12:03 - mmengine - INFO - Epoch(val)  [56][ 80/116]    eta: 0:00:01  time: 0.0422  data_time: 0.0053  memory: 118  
2026/08/07 00:12:04 - mmengine - INFO - Epoch(val)  [56][ 90/116]    eta: 0:00:01  time: 0.0436  data_time: 0.0056  memory: 151  
2026/08/07 00:12:04 - mmengine - INFO - Epoch(val)  [56][100/116]    eta: 0:00:00  time: 0.0418  data_time: 0.0055  memory: 177  
2026/08/07 00:12:04 - mmengine - INFO - Epoch(val)  [56][110/116]    eta: 0:00:00  time: 0.0411  data_time: 0.0053  memory: 131  
2026/08/07 00:12:05 - mmengine - INFO - Evaluating bbox...
2026/08/07 00:12:05 - mmengine - INFO - bbox_mAP_copypaste: 0.603 0.884 0.681 0.000 0.723 0.546
2026/08/07 00:12:05 - mmengine - INFO - Evaluating segm...
2026/08/07 00:12:05 - mmengine - INFO - segm_mAP_copypaste: 0.613 0.880 0.709 0.000 0.720 0.561
2026/08/07 00:12:07 - mmengine - INFO - val kayip: val_kayip_cls 0.4357  val_kayip_bbox 0.2599  val_kayip_mask 0.1252  val_kayip 0.8209
2026/08/07 00:12:07 - mmengine - INFO - Epoch(val) [56][116/116]    busi/dice_tum: 0.8152  busi/dice_lezyonlu: 0.7871  busi/bos_dogru: 19  busi/esik: 0.3000  val_kayip_cls: 0.4357  val_kayip_bbox: 0.2599  val_kayip_mask: 0.1252  val_kayip: 0.8209  coco/bbox_mAP: 0.6030  coco/bbox_mAP_50: 0.8840  coco/bbox_mAP_75: 0.6810  coco/bbox_mAP_s: 0.0000  coco/bbox_mAP_m: 0.7230  coco/bbox_mAP_l: 0.5460  coco/segm_mAP: 0.6130  coco/segm_mAP_50: 0.8800  coco/segm_mAP_75: 0.7090  coco/segm_mAP_s: 0.0000  coco/segm_mAP_m: 0.7200  coco/segm_mAP_l: 0.5610  data_time: 0.0053  time: 0.0409
2026/08/07 00:12:10 - mmengine - INFO - Epoch(train)  [57][10/68]  base_lr: 1.2065e-04 lr: 1.2065e-04  eta: 0:17:19  time: 0.3517  data_time: 0.1339  memory: 599  grad_norm: 11.8989  loss: 0.4585  loss_cls: 0.1128  loss_bbox: 0.2422  loss_mask: 0.1035
2026/08/07 00:12:14 - mmengine - INFO - Epoch(train)  [57][20/68]  base_lr: 1.2044e-04 lr: 1.2044e-04  eta: 0:17:15  time: 0.3489  data_time: 0.1309  memory: 603  grad_norm: 11.7900  loss: 0.4596  loss_cls: 0.1143  loss_bbox: 0.2416  loss_mask: 0.1037
2026/08/07 00:12:17 - mmengine - INFO - Epoch(train)  [57][30/68]  base_lr: 1.2023e-04 lr: 1.2023e-04  eta: 0:17:12  time: 0.3460  data_time: 0.1311  memory: 601  grad_norm: 11.8506  loss: 0.4579  loss_cls: 0.1116  loss_bbox: 0.2427  loss_mask: 0.1036
2026/08/07 00:12:21 - mmengine - INFO - Epoch(train)  [57][40/68]  base_lr: 1.2001e-04 lr: 1.2001e-04  eta: 0:17:08  time: 0.3448  data_time: 0.1306  memory: 601  grad_norm: 11.5467  loss: 0.4418  loss_cls: 0.1043  loss_bbox: 0.2358  loss_mask: 0.1017
2026/08/07 00:12:24 - mmengine - INFO - Epoch(train)  [57][50/68]  base_lr: 1.1978e-04 lr: 1.1978e-04  eta: 0:17:05  time: 0.3477  data_time: 0.1339  memory: 600  grad_norm: 11.3491  loss: 0.4611  loss_cls: 0.1176  loss_bbox: 0.2369  loss_mask: 0.1066
2026/08/07 00:12:27 - mmengine - INFO - Epoch(train)  [57][60/68]  base_lr: 1.1956e-04 lr: 1.1956e-04  eta: 0:17:01  time: 0.3422  data_time: 0.1287  memory: 601  grad_norm: 11.2728  loss: 0.4511  loss_cls: 0.1125  loss_bbox: 0.2353  loss_mask: 0.1034
2026/08/07 00:12:30 - mmengine - INFO - Exp name: rtmdet_ins_busi_20260806_234040
2026/08/07 00:12:30 - mmengine - INFO - Saving checkpoint at 57 epochs
2026/08/07 00:12:33 - mmengine - INFO - Epoch(val)  [57][ 10/116]    eta: 0:00:04  time: 0.0428  data_time: 0.0055  memory: 602  
2026/08/07 00:12:33 - mmengine - INFO - Epoch(val)  [57][ 20/116]    eta: 0:00:03  time: 0.0422  data_time: 0.0054  memory: 110  
2026/08/07 00:12:33 - mmengine - INFO - Epoch(val)  [57][ 30/116]    eta: 0:00:03  time: 0.0412  data_time: 0.0052  memory: 109  
2026/08/07 00:12:34 - mmengine - INFO - Epoch(val)  [57][ 40/116]    eta: 0:00:03  time: 0.0407  data_time: 0.0051  memory: 132  
2026/08/07 00:12:34 - mmengine - INFO - Epoch(val)  [57][ 50/116]    eta: 0:00:02  time: 0.0403  data_time: 0.0050  memory: 135  
2026/08/07 00:12:35 - mmengine - INFO - Epoch(val)  [57][ 60/116]    eta: 0:00:02  time: 0.0404  data_time: 0.0051  memory: 116  
2026/08/07 00:12:35 - mmengine - INFO - Epoch(val)  [57][ 70/116]    eta: 0:00:01  time: 0.0402  data_time: 0.0052  memory: 112  
2026/08/07 00:12:35 - mmengine - INFO - Epoch(val)  [57][ 80/116]    eta: 0:00:01  time: 0.0404  data_time: 0.0053  memory: 119  
2026/08/07 00:12:36 - mmengine - INFO - Epoch(val)  [57][ 90/116]    eta: 0:00:01  time: 0.0419  data_time: 0.0056  memory: 151  
2026/08/07 00:12:36 - mmengine - INFO - Epoch(val)  [57][100/116]    eta: 0:00:00  time: 0.0428  data_time: 0.0056  memory: 154  
2026/08/07 00:12:37 - mmengine - INFO - Epoch(val)  [57][110/116]    eta: 0:00:00  time: 0.0420  data_time: 0.0055  memory: 122  
2026/08/07 00:12:37 - mmengine - INFO - Evaluating bbox...
2026/08/07 00:12:37 - mmengine - INFO - bbox_mAP_copypaste: 0.608 0.883 0.693 0.000 0.718 0.551
2026/08/07 00:12:37 - mmengine - INFO - Evaluating segm...
2026/08/07 00:12:37 - mmengine - INFO - segm_mAP_copypaste: 0.611 0.879 0.701 0.000 0.716 0.561
2026/08/07 00:12:39 - mmengine - INFO - val kayip: val_kayip_cls 0.3986  val_kayip_bbox 0.2617  val_kayip_mask 0.1265  val_kayip 0.7868
2026/08/07 00:12:39 - mmengine - INFO - Epoch(val) [57][116/116]    busi/dice_tum: 0.8038  busi/dice_lezyonlu: 0.7733  busi/bos_dogru: 19  busi/esik: 0.3000  val_kayip_cls: 0.3986  val_kayip_bbox: 0.2617  val_kayip_mask: 0.1265  val_kayip: 0.7868  coco/bbox_mAP: 0.6080  coco/bbox_mAP_50: 0.8830  coco/bbox_mAP_75: 0.6930  coco/bbox_mAP_s: 0.0000  coco/bbox_mAP_m: 0.7180  coco/bbox_mAP_l: 0.5510  coco/segm_mAP: 0.6110  coco/segm_mAP_50: 0.8790  coco/segm_mAP_75: 0.7010  coco/segm_mAP_s: 0.0000  coco/segm_mAP_m: 0.7160  coco/segm_mAP_l: 0.5610  data_time: 0.0053  time: 0.0414
2026/08/07 00:12:43 - mmengine - INFO - Epoch(train)  [58][10/68]  base_lr: 1.1914e-04 lr: 1.1914e-04  eta: 0:16:55  time: 0.3475  data_time: 0.1302  memory: 601  grad_norm: 11.9060  loss: 0.4654  loss_cls: 0.1194  loss_bbox: 0.2411  loss_mask: 0.1049
2026/08/07 00:12:46 - mmengine - INFO - Epoch(train)  [58][20/68]  base_lr: 1.1890e-04 lr: 1.1890e-04  eta: 0:16:51  time: 0.3475  data_time: 0.1274  memory: 603  grad_norm: 12.1943  loss: 0.4680  loss_cls: 0.1208  loss_bbox: 0.2416  loss_mask: 0.1055
2026/08/07 00:12:50 - mmengine - INFO - Epoch(train)  [58][30/68]  base_lr: 1.1865e-04 lr: 1.1865e-04  eta: 0:16:48  time: 0.3467  data_time: 0.1264  memory: 602  grad_norm: 12.4442  loss: 0.4651  loss_cls: 0.1214  loss_bbox: 0.2404  loss_mask: 0.1033
2026/08/07 00:12:53 - mmengine - INFO - Epoch(train)  [58][40/68]  base_lr: 1.1840e-04 lr: 1.1840e-04  eta: 0:16:44  time: 0.3472  data_time: 0.1273  memory: 600  grad_norm: 12.6213  loss: 0.4698  loss_cls: 0.1255  loss_bbox: 0.2430  loss_mask: 0.1013
2026/08/07 00:12:56 - mmengine - INFO - Epoch(train)  [58][50/68]  base_lr: 1.1815e-04 lr: 1.1815e-04  eta: 0:16:41  time: 0.3490  data_time: 0.1306  memory: 602  grad_norm: 12.1341  loss: 0.4459  loss_cls: 0.1159  loss_bbox: 0.2321  loss_mask: 0.0979
2026/08/07 00:13:00 - mmengine - INFO - Epoch(train)  [58][60/68]  base_lr: 1.1789e-04 lr: 1.1789e-04  eta: 0:16:37  time: 0.3450  data_time: 0.1289  memory: 600  grad_norm: 11.7535  loss: 0.4402  loss_cls: 0.1131  loss_bbox: 0.2295  loss_mask: 0.0975
2026/08/07 00:13:03 - mmengine - INFO - Exp name: rtmdet_ins_busi_20260806_234040
2026/08/07 00:13:03 - mmengine - INFO - Saving checkpoint at 58 epochs
2026/08/07 00:13:05 - mmengine - INFO - Epoch(val)  [58][ 10/116]    eta: 0:00:04  time: 0.0437  data_time: 0.0056  memory: 599  
2026/08/07 00:13:05 - mmengine - INFO - Epoch(val)  [58][ 20/116]    eta: 0:00:03  time: 0.0428  data_time: 0.0056  memory: 110  
2026/08/07 00:13:06 - mmengine - INFO - Epoch(val)  [58][ 30/116]    eta: 0:00:03  time: 0.0402  data_time: 0.0051  memory: 122  
2026/08/07 00:13:06 - mmengine - INFO - Epoch(val)  [58][ 40/116]    eta: 0:00:02  time: 0.0393  data_time: 0.0050  memory: 129  
2026/08/07 00:13:07 - mmengine - INFO - Epoch(val)  [58][ 50/116]    eta: 0:00:02  time: 0.0391  data_time: 0.0050  memory: 142  
2026/08/07 00:13:07 - mmengine - INFO - Epoch(val)  [58][ 60/116]    eta: 0:00:02  time: 0.0389  data_time: 0.0052  memory: 116  
2026/08/07 00:13:07 - mmengine - INFO - Epoch(val)  [58][ 70/116]    eta: 0:00:01  time: 0.0391  data_time: 0.0053  memory: 111  
2026/08/07 00:13:08 - mmengine - INFO - Epoch(val)  [58][ 80/116]    eta: 0:00:01  time: 0.0397  data_time: 0.0053  memory: 130  
2026/08/07 00:13:08 - mmengine - INFO - Epoch(val)  [58][ 90/116]    eta: 0:00:01  time: 0.0420  data_time: 0.0056  memory: 145  
2026/08/07 00:13:09 - mmengine - INFO - Epoch(val)  [58][100/116]    eta: 0:00:00  time: 0.0426  data_time: 0.0055  memory: 160  
2026/08/07 00:13:09 - mmengine - INFO - Epoch(val)  [58][110/116]    eta: 0:00:00  time: 0.0424  data_time: 0.0054  memory: 108  
2026/08/07 00:13:09 - mmengine - INFO - Evaluating bbox...
2026/08/07 00:13:09 - mmengine - INFO - bbox_mAP_copypaste: 0.612 0.901 0.721 0.000 0.731 0.561
2026/08/07 00:13:09 - mmengine - INFO - Evaluating segm...
2026/08/07 00:13:09 - mmengine - INFO - segm_mAP_copypaste: 0.621 0.896 0.721 0.000 0.716 0.579
2026/08/07 00:13:11 - mmengine - INFO - val kayip: val_kayip_cls 0.5020  val_kayip_bbox 0.2534  val_kayip_mask 0.1243  val_kayip 0.8797
2026/08/07 00:13:11 - mmengine - INFO - Epoch(val) [58][116/116]    busi/dice_tum: 0.8246  busi/dice_lezyonlu: 0.7985  busi/bos_dogru: 19  busi/esik: 0.3000  val_kayip_cls: 0.5020  val_kayip_bbox: 0.2534  val_kayip_mask: 0.1243  val_kayip: 0.8797  coco/bbox_mAP: 0.6120  coco/bbox_mAP_50: 0.9010  coco/bbox_mAP_75: 0.7210  coco/bbox_mAP_s: 0.0000  coco/bbox_mAP_m: 0.7310  coco/bbox_mAP_l: 0.5610  coco/segm_mAP: 0.6210  coco/segm_mAP_50: 0.8960  coco/segm_mAP_75: 0.7210  coco/segm_mAP_s: 0.0000  coco/segm_mAP_m: 0.7160  coco/segm_mAP_l: 0.5790  data_time: 0.0053  time: 0.0411
2026/08/07 00:13:15 - mmengine - INFO - Epoch(train)  [59][10/68]  base_lr: 1.1742e-04 lr: 1.1742e-04  eta: 0:16:31  time: 0.3455  data_time: 0.1309  memory: 605  grad_norm: 11.5166  loss: 0.4413  loss_cls: 0.1103  loss_bbox: 0.2305  loss_mask: 0.1004
2026/08/07 00:13:19 - mmengine - INFO - Epoch(train)  [59][20/68]  base_lr: 1.1715e-04 lr: 1.1715e-04  eta: 0:16:28  time: 0.3498  data_time: 0.1330  memory: 599  grad_norm: 10.6931  loss: 0.4367  loss_cls: 0.1065  loss_bbox: 0.2281  loss_mask: 0.1021
2026/08/07 00:13:22 - mmengine - INFO - Epoch(train)  [59][30/68]  base_lr: 1.1687e-04 lr: 1.1687e-04  eta: 0:16:24  time: 0.3481  data_time: 0.1321  memory: 600  grad_norm: 10.9210  loss: 0.4435  loss_cls: 0.1112  loss_bbox: 0.2302  loss_mask: 0.1021
2026/08/07 00:13:25 - mmengine - INFO - Epoch(train)  [59][40/68]  base_lr: 1.1659e-04 lr: 1.1659e-04  eta: 0:16:20  time: 0.3481  data_time: 0.1300  memory: 603  grad_norm: 11.1923  loss: 0.4513  loss_cls: 0.1106  loss_bbox: 0.2361  loss_mask: 0.1045
2026/08/07 00:13:29 - mmengine - INFO - Epoch(train)  [59][50/68]  base_lr: 1.1631e-04 lr: 1.1631e-04  eta: 0:16:17  time: 0.3505  data_time: 0.1317  memory: 601  grad_norm: 10.9727  loss: 0.4487  loss_cls: 0.1083  loss_bbox: 0.2376  loss_mask: 0.1028
2026/08/07 00:13:31 - mmengine - INFO - Exp name: rtmdet_ins_busi_20260806_234040
2026/08/07 00:13:32 - mmengine - INFO - Epoch(train)  [59][60/68]  base_lr: 1.1602e-04 lr: 1.1602e-04  eta: 0:16:13  time: 0.3425  data_time: 0.1257  memory: 601  grad_norm: 10.7937  loss: 0.4428  loss_cls: 0.1072  loss_bbox: 0.2341  loss_mask: 0.1016
2026/08/07 00:13:35 - mmengine - INFO - Exp name: rtmdet_ins_busi_20260806_234040
2026/08/07 00:13:35 - mmengine - INFO - Saving checkpoint at 59 epochs
2026/08/07 00:13:37 - mmengine - INFO - Epoch(val)  [59][ 10/116]    eta: 0:00:05  time: 0.0456  data_time: 0.0059  memory: 603  
2026/08/07 00:13:38 - mmengine - INFO - Epoch(val)  [59][ 20/116]    eta: 0:00:04  time: 0.0440  data_time: 0.0058  memory: 118  
2026/08/07 00:13:38 - mmengine - INFO - Epoch(val)  [59][ 30/116]    eta: 0:00:03  time: 0.0421  data_time: 0.0055  memory: 107  
2026/08/07 00:13:39 - mmengine - INFO - Epoch(val)  [59][ 40/116]    eta: 0:00:03  time: 0.0409  data_time: 0.0053  memory: 116  
2026/08/07 00:13:39 - mmengine - INFO - Epoch(val)  [59][ 50/116]    eta: 0:00:02  time: 0.0404  data_time: 0.0054  memory: 147  
2026/08/07 00:13:39 - mmengine - INFO - Epoch(val)  [59][ 60/116]    eta: 0:00:02  time: 0.0395  data_time: 0.0054  memory: 116  
2026/08/07 00:13:40 - mmengine - INFO - Epoch(val)  [59][ 70/116]    eta: 0:00:01  time: 0.0388  data_time: 0.0053  memory: 109  
2026/08/07 00:13:40 - mmengine - INFO - Epoch(val)  [59][ 80/116]    eta: 0:00:01  time: 0.0393  data_time: 0.0054  memory: 118  
2026/08/07 00:13:41 - mmengine - INFO - Epoch(val)  [59][ 90/116]    eta: 0:00:01  time: 0.0415  data_time: 0.0057  memory: 163  
2026/08/07 00:13:41 - mmengine - INFO - Epoch(val)  [59][100/116]    eta: 0:00:00  time: 0.0413  data_time: 0.0055  memory: 160  
2026/08/07 00:13:41 - mmengine - INFO - Epoch(val)  [59][110/116]    eta: 0:00:00  time: 0.0406  data_time: 0.0052  memory: 115  
2026/08/07 00:13:42 - mmengine - INFO - Evaluating bbox...
2026/08/07 00:13:42 - mmengine - INFO - bbox_mAP_copypaste: 0.606 0.876 0.703 0.000 0.704 0.562
2026/08/07 00:13:42 - mmengine - INFO - Evaluating segm...
2026/08/07 00:13:42 - mmengine - INFO - segm_mAP_copypaste: 0.619 0.883 0.701 0.000 0.721 0.572
2026/08/07 00:13:44 - mmengine - INFO - val kayip: val_kayip_cls 0.3815  val_kayip_bbox 0.2592  val_kayip_mask 0.1242  val_kayip 0.7650
2026/08/07 00:13:44 - mmengine - INFO - Epoch(val) [59][116/116]    busi/dice_tum: 0.8169  busi/dice_lezyonlu: 0.7891  busi/bos_dogru: 19  busi/esik: 0.3000  val_kayip_cls: 0.3815  val_kayip_bbox: 0.2592  val_kayip_mask: 0.1242  val_kayip: 0.7650  coco/bbox_mAP: 0.6060  coco/bbox_mAP_50: 0.8760  coco/bbox_mAP_75: 0.7030  coco/bbox_mAP_s: 0.0000  coco/bbox_mAP_m: 0.7040  coco/bbox_mAP_l: 0.5620  coco/segm_mAP: 0.6190  coco/segm_mAP_50: 0.8830  coco/segm_mAP_75: 0.7010  coco/segm_mAP_s: 0.0000  coco/segm_mAP_m: 0.7210  coco/segm_mAP_l: 0.5720  data_time: 0.0054  time: 0.0409
2026/08/07 00:13:47 - mmengine - INFO - Epoch(train)  [60][10/68]  base_lr: 1.1549e-04 lr: 1.1549e-04  eta: 0:16:07  time: 0.3428  data_time: 0.1236  memory: 601  grad_norm: 11.7582  loss: 0.4326  loss_cls: 0.1000  loss_bbox: 0.2319  loss_mask: 0.1007
2026/08/07 00:13:51 - mmengine - INFO - Epoch(train)  [60][20/68]  base_lr: 1.1519e-04 lr: 1.1519e-04  eta: 0:16:03  time: 0.3416  data_time: 0.1230  memory: 603  grad_norm: 11.3325  loss: 0.4308  loss_cls: 0.1026  loss_bbox: 0.2279  loss_mask: 0.1003
2026/08/07 00:13:54 - mmengine - INFO - Epoch(train)  [60][30/68]  base_lr: 1.1489e-04 lr: 1.1489e-04  eta: 0:16:00  time: 0.3440  data_time: 0.1248  memory: 601  grad_norm: 11.4027  loss: 0.4254  loss_cls: 0.0994  loss_bbox: 0.2262  loss_mask: 0.0998
2026/08/07 00:13:58 - mmengine - INFO - Epoch(train)  [60][40/68]  base_lr: 1.1458e-04 lr: 1.1458e-04  eta: 0:15:57  time: 0.3488  data_time: 0.1257  memory: 603  grad_norm: 11.0054  loss: 0.4381  loss_cls: 0.1068  loss_bbox: 0.2282  loss_mask: 0.1031
2026/08/07 00:14:01 - mmengine - INFO - Epoch(train)  [60][50/68]  base_lr: 1.1427e-04 lr: 1.1427e-04  eta: 0:15:53  time: 0.3524  data_time: 0.1317  memory: 603  grad_norm: 10.3083  loss: 0.4247  loss_cls: 0.1013  loss_bbox: 0.2221  loss_mask: 0.1013
2026/08/07 00:14:05 - mmengine - INFO - Epoch(train)  [60][60/68]  base_lr: 1.1395e-04 lr: 1.1395e-04  eta: 0:15:50  time: 0.3544  data_time: 0.1342  memory: 603  grad_norm: 10.2513  loss: 0.4379  loss_cls: 0.1081  loss_bbox: 0.2270  loss_mask: 0.1028
2026/08/07 00:14:08 - mmengine - INFO - Exp name: rtmdet_ins_busi_20260806_234040
2026/08/07 00:14:08 - mmengine - INFO - Saving checkpoint at 60 epochs
2026/08/07 00:14:10 - mmengine - INFO - Epoch(val)  [60][ 10/116]    eta: 0:00:04  time: 0.0423  data_time: 0.0054  memory: 599  
2026/08/07 00:14:10 - mmengine - INFO - Epoch(val)  [60][ 20/116]    eta: 0:00:03  time: 0.0418  data_time: 0.0054  memory: 113  
2026/08/07 00:14:11 - mmengine - INFO - Epoch(val)  [60][ 30/116]    eta: 0:00:03  time: 0.0393  data_time: 0.0051  memory: 114  
2026/08/07 00:14:11 - mmengine - INFO - Epoch(val)  [60][ 40/116]    eta: 0:00:02  time: 0.0393  data_time: 0.0051  memory: 115  
2026/08/07 00:14:12 - mmengine - INFO - Epoch(val)  [60][ 50/116]    eta: 0:00:02  time: 0.0388  data_time: 0.0051  memory: 147  
2026/08/07 00:14:12 - mmengine - INFO - Epoch(val)  [60][ 60/116]    eta: 0:00:02  time: 0.0392  data_time: 0.0053  memory: 112  
2026/08/07 00:14:12 - mmengine - INFO - Epoch(val)  [60][ 70/116]    eta: 0:00:01  time: 0.0387  data_time: 0.0052  memory: 112  
2026/08/07 00:14:13 - mmengine - INFO - Epoch(val)  [60][ 80/116]    eta: 0:00:01  time: 0.0400  data_time: 0.0054  memory: 123  
2026/08/07 00:14:13 - mmengine - INFO - Epoch(val)  [60][ 90/116]    eta: 0:00:01  time: 0.0408  data_time: 0.0057  memory: 145  
2026/08/07 00:14:14 - mmengine - INFO - Epoch(val)  [60][100/116]    eta: 0:00:00  time: 0.0411  data_time: 0.0057  memory: 142  
2026/08/07 00:14:14 - mmengine - INFO - Epoch(val)  [60][110/116]    eta: 0:00:00  time: 0.0401  data_time: 0.0054  memory: 108  
2026/08/07 00:14:14 - mmengine - INFO - Evaluating bbox...
2026/08/07 00:14:14 - mmengine - INFO - bbox_mAP_copypaste: 0.607 0.878 0.722 0.000 0.707 0.556
2026/08/07 00:14:14 - mmengine - INFO - Evaluating segm...
2026/08/07 00:14:14 - mmengine - INFO - segm_mAP_copypaste: 0.618 0.877 0.719 0.000 0.718 0.567
2026/08/07 00:14:16 - mmengine - INFO - val kayip: val_kayip_cls 0.3179  val_kayip_bbox 0.2620  val_kayip_mask 0.1265  val_kayip 0.7063
2026/08/07 00:14:16 - mmengine - INFO - Epoch(val) [60][116/116]    busi/dice_tum: 0.8055  busi/dice_lezyonlu: 0.7963  busi/bos_dogru: 17  busi/esik: 0.3000  val_kayip_cls: 0.3179  val_kayip_bbox: 0.2620  val_kayip_mask: 0.1265  val_kayip: 0.7063  coco/bbox_mAP: 0.6070  coco/bbox_mAP_50: 0.8780  coco/bbox_mAP_75: 0.7220  coco/bbox_mAP_s: 0.0000  coco/bbox_mAP_m: 0.7070  coco/bbox_mAP_l: 0.5560  coco/segm_mAP: 0.6180  coco/segm_mAP_50: 0.8770  coco/segm_mAP_75: 0.7190  coco/segm_mAP_s: 0.0000  coco/segm_mAP_m: 0.7180  coco/segm_mAP_l: 0.5670  data_time: 0.0053  time: 0.0400
2026/08/07 00:14:20 - mmengine - INFO - Epoch(train)  [61][10/68]  base_lr: 1.1337e-04 lr: 1.1337e-04  eta: 0:15:43  time: 0.3517  data_time: 0.1328  memory: 605  grad_norm: 10.7469  loss: 0.4288  loss_cls: 0.1014  loss_bbox: 0.2281  loss_mask: 0.0994
2026/08/07 00:14:23 - mmengine - INFO - Epoch(train)  [61][20/68]  base_lr: 1.1304e-04 lr: 1.1304e-04  eta: 0:15:40  time: 0.3490  data_time: 0.1350  memory: 601  grad_norm: 10.6312  loss: 0.4210  loss_cls: 0.0963  loss_bbox: 0.2266  loss_mask: 0.0980
2026/08/07 00:14:26 - mmengine - INFO - Epoch(train)  [61][30/68]  base_lr: 1.1271e-04 lr: 1.1271e-04  eta: 0:15:36  time: 0.3426  data_time: 0.1287  memory: 601  grad_norm: 10.7113  loss: 0.4234  loss_cls: 0.0952  loss_bbox: 0.2291  loss_mask: 0.0992
2026/08/07 00:14:30 - mmengine - INFO - Epoch(train)  [61][40/68]  base_lr: 1.1237e-04 lr: 1.1237e-04  eta: 0:15:33  time: 0.3432  data_time: 0.1286  memory: 601  grad_norm: 11.1105  loss: 0.4308  loss_cls: 0.0987  loss_bbox: 0.2319  loss_mask: 0.1002
2026/08/07 00:14:33 - mmengine - INFO - Epoch(train)  [61][50/68]  base_lr: 1.1203e-04 lr: 1.1203e-04  eta: 0:15:29  time: 0.3435  data_time: 0.1283  memory: 601  grad_norm: 11.2213  loss: 0.4362  loss_cls: 0.1035  loss_bbox: 0.2325  loss_mask: 0.1003
2026/08/07 00:14:37 - mmengine - INFO - Epoch(train)  [61][60/68]  base_lr: 1.1169e-04 lr: 1.1169e-04  eta: 0:15:26  time: 0.3434  data_time: 0.1283  memory: 602  grad_norm: 11.2992  loss: 0.4499  loss_cls: 0.1112  loss_bbox: 0.2352  loss_mask: 0.1036
2026/08/07 00:14:40 - mmengine - INFO - Exp name: rtmdet_ins_busi_20260806_234040
2026/08/07 00:14:40 - mmengine - INFO - Saving checkpoint at 61 epochs
2026/08/07 00:14:42 - mmengine - INFO - Epoch(val)  [61][ 10/116]    eta: 0:00:04  time: 0.0423  data_time: 0.0056  memory: 598  
2026/08/07 00:14:42 - mmengine - INFO - Epoch(val)  [61][ 20/116]    eta: 0:00:04  time: 0.0418  data_time: 0.0055  memory: 107  
2026/08/07 00:14:43 - mmengine - INFO - Epoch(val)  [61][ 30/116]    eta: 0:00:03  time: 0.0402  data_time: 0.0051  memory: 124  
2026/08/07 00:14:43 - mmengine - INFO - Epoch(val)  [61][ 40/116]    eta: 0:00:03  time: 0.0408  data_time: 0.0051  memory: 125  
2026/08/07 00:14:44 - mmengine - INFO - Epoch(val)  [61][ 50/116]    eta: 0:00:02  time: 0.0415  data_time: 0.0054  memory: 142  
2026/08/07 00:14:44 - mmengine - INFO - Epoch(val)  [61][ 60/116]    eta: 0:00:02  time: 0.0409  data_time: 0.0054  memory: 129  
2026/08/07 00:14:44 - mmengine - INFO - Epoch(val)  [61][ 70/116]    eta: 0:00:01  time: 0.0407  data_time: 0.0054  memory: 111  
2026/08/07 00:14:45 - mmengine - INFO - Epoch(val)  [61][ 80/116]    eta: 0:00:01  time: 0.0416  data_time: 0.0055  memory: 121  
2026/08/07 00:14:45 - mmengine - INFO - Epoch(val)  [61][ 90/116]    eta: 0:00:01  time: 0.0421  data_time: 0.0058  memory: 139  
2026/08/07 00:14:46 - mmengine - INFO - Epoch(val)  [61][100/116]    eta: 0:00:00  time: 0.0418  data_time: 0.0055  memory: 183  
2026/08/07 00:14:46 - mmengine - INFO - Epoch(val)  [61][110/116]    eta: 0:00:00  time: 0.0419  data_time: 0.0054  memory: 127  
2026/08/07 00:14:46 - mmengine - INFO - Evaluating bbox...
2026/08/07 00:14:46 - mmengine - INFO - bbox_mAP_copypaste: 0.619 0.889 0.733 0.000 0.716 0.565
2026/08/07 00:14:46 - mmengine - INFO - Evaluating segm...
2026/08/07 00:14:46 - mmengine - INFO - segm_mAP_copypaste: 0.615 0.886 0.703 0.000 0.704 0.569
2026/08/07 00:14:48 - mmengine - INFO - val kayip: val_kayip_cls 0.4157  val_kayip_bbox 0.2503  val_kayip_mask 0.1255  val_kayip 0.7915
2026/08/07 00:14:48 - mmengine - INFO - Epoch(val) [61][116/116]    busi/dice_tum: 0.8290  busi/dice_lezyonlu: 0.8037  busi/bos_dogru: 19  busi/esik: 0.3000  val_kayip_cls: 0.4157  val_kayip_bbox: 0.2503  val_kayip_mask: 0.1255  val_kayip: 0.7915  coco/bbox_mAP: 0.6190  coco/bbox_mAP_50: 0.8890  coco/bbox_mAP_75: 0.7330  coco/bbox_mAP_s: 0.0000  coco/bbox_mAP_m: 0.7160  coco/bbox_mAP_l: 0.5650  coco/segm_mAP: 0.6150  coco/segm_mAP_50: 0.8860  coco/segm_mAP_75: 0.7030  coco/segm_mAP_s: 0.0000  coco/segm_mAP_m: 0.7040  coco/segm_mAP_l: 0.5690  data_time: 0.0055  time: 0.0416
2026/08/07 00:14:48 - mmengine - INFO - The previous best checkpoint d:\mamografi\real_time_segmentasyon\rtmdet\calisma\rtmdet_ins_tiny_256_orta_s42\best_busi_dice_tum_epoch_42.pth is removed
2026/08/07 00:14:50 - mmengine - INFO - The best checkpoint with 0.8290 busi/dice_tum at 61 epoch is saved to best_busi_dice_tum_epoch_61.pth.
2026/08/07 00:14:56 - mmengine - INFO - Epoch(train)  [62][10/68]  base_lr: 1.1106e-04 lr: 1.1106e-04  eta: 0:15:20  time: 0.3506  data_time: 0.1293  memory: 600  grad_norm: 12.4279  loss: 0.4527  loss_cls: 0.1163  loss_bbox: 0.2322  loss_mask: 0.1042
2026/08/07 00:15:00 - mmengine - INFO - Epoch(train)  [62][20/68]  base_lr: 1.1070e-04 lr: 1.1070e-04  eta: 0:15:16  time: 0.3538  data_time: 0.1291  memory: 601  grad_norm: 12.1413  loss: 0.4461  loss_cls: 0.1132  loss_bbox: 0.2322  loss_mask: 0.1007
2026/08/07 00:15:03 - mmengine - INFO - Epoch(train)  [62][30/68]  base_lr: 1.1034e-04 lr: 1.1034e-04  eta: 0:15:13  time: 0.3519  data_time: 0.1275  memory: 603  grad_norm: 11.9508  loss: 0.4432  loss_cls: 0.1116  loss_bbox: 0.2308  loss_mask: 0.1008
2026/08/07 00:15:07 - mmengine - INFO - Epoch(train)  [62][40/68]  base_lr: 1.0998e-04 lr: 1.0998e-04  eta: 0:15:09  time: 0.3547  data_time: 0.1300  memory: 601  grad_norm: 11.9918  loss: 0.4381  loss_cls: 0.1148  loss_bbox: 0.2256  loss_mask: 0.0978
2026/08/07 00:15:10 - mmengine - INFO - Epoch(train)  [62][50/68]  base_lr: 1.0961e-04 lr: 1.0961e-04  eta: 0:15:06  time: 0.3576  data_time: 0.1326  memory: 600  grad_norm: 11.3569  loss: 0.4468  loss_cls: 0.1148  loss_bbox: 0.2336  loss_mask: 0.0984
2026/08/07 00:15:14 - mmengine - INFO - Epoch(train)  [62][60/68]  base_lr: 1.0924e-04 lr: 1.0924e-04  eta: 0:15:02  time: 0.3483  data_time: 0.1298  memory: 605  grad_norm: 11.2349  loss: 0.4467  loss_cls: 0.1140  loss_bbox: 0.2350  loss_mask: 0.0977
2026/08/07 00:15:16 - mmengine - INFO - Exp name: rtmdet_ins_busi_20260806_234040
2026/08/07 00:15:16 - mmengine - INFO - Saving checkpoint at 62 epochs
2026/08/07 00:15:19 - mmengine - INFO - Epoch(val)  [62][ 10/116]    eta: 0:00:04  time: 0.0427  data_time: 0.0056  memory: 601  
2026/08/07 00:15:19 - mmengine - INFO - Epoch(val)  [62][ 20/116]    eta: 0:00:03  time: 0.0419  data_time: 0.0055  memory: 110  
2026/08/07 00:15:19 - mmengine - INFO - Epoch(val)  [62][ 30/116]    eta: 0:00:03  time: 0.0402  data_time: 0.0053  memory: 117  
2026/08/07 00:15:20 - mmengine - INFO - Epoch(val)  [62][ 40/116]    eta: 0:00:02  time: 0.0398  data_time: 0.0051  memory: 116  
2026/08/07 00:15:20 - mmengine - INFO - Epoch(val)  [62][ 50/116]    eta: 0:00:02  time: 0.0395  data_time: 0.0052  memory: 153  
2026/08/07 00:15:21 - mmengine - INFO - Epoch(val)  [62][ 60/116]    eta: 0:00:02  time: 0.0400  data_time: 0.0053  memory: 112  
2026/08/07 00:15:21 - mmengine - INFO - Epoch(val)  [62][ 70/116]    eta: 0:00:01  time: 0.0404  data_time: 0.0054  memory: 110  
2026/08/07 00:15:21 - mmengine - INFO - Epoch(val)  [62][ 80/116]    eta: 0:00:01  time: 0.0407  data_time: 0.0054  memory: 118  
2026/08/07 00:15:22 - mmengine - INFO - Epoch(val)  [62][ 90/116]    eta: 0:00:01  time: 0.0418  data_time: 0.0058  memory: 139  
2026/08/07 00:15:22 - mmengine - INFO - Epoch(val)  [62][100/116]    eta: 0:00:00  time: 0.0417  data_time: 0.0057  memory: 154  
2026/08/07 00:15:23 - mmengine - INFO - Epoch(val)  [62][110/116]    eta: 0:00:00  time: 0.0410  data_time: 0.0055  memory: 115  
2026/08/07 00:15:23 - mmengine - INFO - Evaluating bbox...
2026/08/07 00:15:23 - mmengine - INFO - bbox_mAP_copypaste: 0.610 0.876 0.714 0.000 0.714 0.557
2026/08/07 00:15:23 - mmengine - INFO - Evaluating segm...
2026/08/07 00:15:23 - mmengine - INFO - segm_mAP_copypaste: 0.621 0.884 0.713 0.000 0.733 0.564
2026/08/07 00:15:25 - mmengine - INFO - val kayip: val_kayip_cls 0.3658  val_kayip_bbox 0.2597  val_kayip_mask 0.1271  val_kayip 0.7526
2026/08/07 00:15:25 - mmengine - INFO - Epoch(val) [62][116/116]    busi/dice_tum: 0.8129  busi/dice_lezyonlu: 0.7947  busi/bos_dogru: 18  busi/esik: 0.3000  val_kayip_cls: 0.3658  val_kayip_bbox: 0.2597  val_kayip_mask: 0.1271  val_kayip: 0.7526  coco/bbox_mAP: 0.6100  coco/bbox_mAP_50: 0.8760  coco/bbox_mAP_75: 0.7140  coco/bbox_mAP_s: 0.0000  coco/bbox_mAP_m: 0.7140  coco/bbox_mAP_l: 0.5570  coco/segm_mAP: 0.6210  coco/segm_mAP_50: 0.8840  coco/segm_mAP_75: 0.7130  coco/segm_mAP_s: 0.0000  coco/segm_mAP_m: 0.7330  coco/segm_mAP_l: 0.5640  data_time: 0.0054  time: 0.0404
2026/08/07 00:15:28 - mmengine - INFO - Epoch(train)  [63][10/68]  base_lr: 1.0857e-04 lr: 1.0857e-04  eta: 0:14:56  time: 0.3458  data_time: 0.1286  memory: 599  grad_norm: 11.1313  loss: 0.4280  loss_cls: 0.1041  loss_bbox: 0.2269  loss_mask: 0.0970
2026/08/07 00:15:32 - mmengine - INFO - Epoch(train)  [63][20/68]  base_lr: 1.0819e-04 lr: 1.0819e-04  eta: 0:14:52  time: 0.3431  data_time: 0.1258  memory: 601  grad_norm: 10.9473  loss: 0.4242  loss_cls: 0.0967  loss_bbox: 0.2292  loss_mask: 0.0983
2026/08/07 00:15:35 - mmengine - INFO - Epoch(train)  [63][30/68]  base_lr: 1.0780e-04 lr: 1.0780e-04  eta: 0:14:49  time: 0.3437  data_time: 0.1259  memory: 603  grad_norm: 10.9065  loss: 0.4166  loss_cls: 0.0935  loss_bbox: 0.2239  loss_mask: 0.0993
2026/08/07 00:15:39 - mmengine - INFO - Epoch(train)  [63][40/68]  base_lr: 1.0742e-04 lr: 1.0742e-04  eta: 0:14:46  time: 0.3523  data_time: 0.1318  memory: 601  grad_norm: 10.8382  loss: 0.4142  loss_cls: 0.0927  loss_bbox: 0.2224  loss_mask: 0.0992
2026/08/07 00:15:43 - mmengine - INFO - Epoch(train)  [63][50/68]  base_lr: 1.0702e-04 lr: 1.0702e-04  eta: 0:14:42  time: 0.3558  data_time: 0.1344  memory: 601  grad_norm: 10.9616  loss: 0.4312  loss_cls: 0.1020  loss_bbox: 0.2281  loss_mask: 0.1011
2026/08/07 00:15:46 - mmengine - INFO - Epoch(train)  [63][60/68]  base_lr: 1.0663e-04 lr: 1.0663e-04  eta: 0:14:39  time: 0.3574  data_time: 0.1369  memory: 601  grad_norm: 11.0313  loss: 0.4287  loss_cls: 0.1040  loss_bbox: 0.2230  loss_mask: 0.1017
2026/08/07 00:15:49 - mmengine - INFO - Exp name: rtmdet_ins_busi_20260806_234040
2026/08/07 00:15:49 - mmengine - INFO - Saving checkpoint at 63 epochs
2026/08/07 00:15:52 - mmengine - INFO - Epoch(val)  [63][ 10/116]    eta: 0:00:04  time: 0.0420  data_time: 0.0056  memory: 601  
2026/08/07 00:15:52 - mmengine - INFO - Epoch(val)  [63][ 20/116]    eta: 0:00:03  time: 0.0412  data_time: 0.0055  memory: 116  
2026/08/07 00:15:52 - mmengine - INFO - Epoch(val)  [63][ 30/116]    eta: 0:00:03  time: 0.0405  data_time: 0.0052  memory: 124  
2026/08/07 00:15:53 - mmengine - INFO - Epoch(val)  [63][ 40/116]    eta: 0:00:03  time: 0.0401  data_time: 0.0050  memory: 132  
2026/08/07 00:15:53 - mmengine - INFO - Epoch(val)  [63][ 50/116]    eta: 0:00:02  time: 0.0400  data_time: 0.0052  memory: 147  
2026/08/07 00:15:54 - mmengine - INFO - Epoch(val)  [63][ 60/116]    eta: 0:00:02  time: 0.0396  data_time: 0.0053  memory: 120  
2026/08/07 00:15:54 - mmengine - INFO - Epoch(val)  [63][ 70/116]    eta: 0:00:01  time: 0.0393  data_time: 0.0052  memory: 114  
2026/08/07 00:15:54 - mmengine - INFO - Epoch(val)  [63][ 80/116]    eta: 0:00:01  time: 0.0393  data_time: 0.0053  memory: 127  
2026/08/07 00:15:55 - mmengine - INFO - Epoch(val)  [63][ 90/116]    eta: 0:00:01  time: 0.0406  data_time: 0.0056  memory: 139  
2026/08/07 00:15:55 - mmengine - INFO - Epoch(val)  [63][100/116]    eta: 0:00:00  time: 0.0410  data_time: 0.0055  memory: 148  
2026/08/07 00:15:56 - mmengine - INFO - Epoch(val)  [63][110/116]    eta: 0:00:00  time: 0.0407  data_time: 0.0053  memory: 134  
2026/08/07 00:15:56 - mmengine - INFO - Evaluating bbox...
2026/08/07 00:15:56 - mmengine - INFO - bbox_mAP_copypaste: 0.599 0.881 0.708 0.000 0.696 0.550
2026/08/07 00:15:56 - mmengine - INFO - Evaluating segm...
2026/08/07 00:15:56 - mmengine - INFO - segm_mAP_copypaste: 0.609 0.875 0.717 0.000 0.709 0.560
2026/08/07 00:15:58 - mmengine - INFO - val kayip: val_kayip_cls 0.4248  val_kayip_bbox 0.2600  val_kayip_mask 0.1284  val_kayip 0.8132
2026/08/07 00:15:58 - mmengine - INFO - Epoch(val) [63][116/116]    busi/dice_tum: 0.8001  busi/dice_lezyonlu: 0.7689  busi/bos_dogru: 19  busi/esik: 0.4000  val_kayip_cls: 0.4248  val_kayip_bbox: 0.2600  val_kayip_mask: 0.1284  val_kayip: 0.8132  coco/bbox_mAP: 0.5990  coco/bbox_mAP_50: 0.8810  coco/bbox_mAP_75: 0.7080  coco/bbox_mAP_s: 0.0000  coco/bbox_mAP_m: 0.6960  coco/bbox_mAP_l: 0.5500  coco/segm_mAP: 0.6090  coco/segm_mAP_50: 0.8750  coco/segm_mAP_75: 0.7170  coco/segm_mAP_s: 0.0000  coco/segm_mAP_m: 0.7090  coco/segm_mAP_l: 0.5600  data_time: 0.0053  time: 0.0407
2026/08/07 00:16:01 - mmengine - INFO - Epoch(train)  [64][10/68]  base_lr: 1.0591e-04 lr: 1.0591e-04  eta: 0:14:33  time: 0.3615  data_time: 0.1378  memory: 601  grad_norm: 11.1866  loss: 0.4280  loss_cls: 0.1093  loss_bbox: 0.2204  loss_mask: 0.0983
2026/08/07 00:16:05 - mmengine - INFO - Epoch(train)  [64][20/68]  base_lr: 1.0550e-04 lr: 1.0550e-04  eta: 0:14:29  time: 0.3549  data_time: 0.1326  memory: 602  grad_norm: 11.3457  loss: 0.4210  loss_cls: 0.1052  loss_bbox: 0.2182  loss_mask: 0.0977
2026/08/07 00:16:08 - mmengine - INFO - Epoch(train)  [64][30/68]  base_lr: 1.0510e-04 lr: 1.0510e-04  eta: 0:14:26  time: 0.3559  data_time: 0.1330  memory: 601  grad_norm: 11.4169  loss: 0.4140  loss_cls: 0.1031  loss_bbox: 0.2145  loss_mask: 0.0964
2026/08/07 00:16:12 - mmengine - INFO - Epoch(train)  [64][40/68]  base_lr: 1.0468e-04 lr: 1.0468e-04  eta: 0:14:22  time: 0.3548  data_time: 0.1324  memory: 601  grad_norm: 11.2857  loss: 0.4150  loss_cls: 0.1054  loss_bbox: 0.2150  loss_mask: 0.0946
2026/08/07 00:16:15 - mmengine - INFO - Epoch(train)  [64][50/68]  base_lr: 1.0427e-04 lr: 1.0427e-04  eta: 0:14:19  time: 0.3444  data_time: 0.1254  memory: 602  grad_norm: 11.2018  loss: 0.4226  loss_cls: 0.1068  loss_bbox: 0.2187  loss_mask: 0.0971
2026/08/07 00:16:19 - mmengine - INFO - Epoch(train)  [64][60/68]  base_lr: 1.0385e-04 lr: 1.0385e-04  eta: 0:14:15  time: 0.3461  data_time: 0.1267  memory: 601  grad_norm: 11.2380  loss: 0.4402  loss_cls: 0.1158  loss_bbox: 0.2243  loss_mask: 0.1001
2026/08/07 00:16:21 - mmengine - INFO - Exp name: rtmdet_ins_busi_20260806_234040
2026/08/07 00:16:21 - mmengine - INFO - Saving checkpoint at 64 epochs
2026/08/07 00:16:24 - mmengine - INFO - Epoch(val)  [64][ 10/116]    eta: 0:00:04  time: 0.0431  data_time: 0.0055  memory: 599  
2026/08/07 00:16:24 - mmengine - INFO - Epoch(val)  [64][ 20/116]    eta: 0:00:03  time: 0.0413  data_time: 0.0053  memory: 110  
2026/08/07 00:16:24 - mmengine - INFO - Epoch(val)  [64][ 30/116]    eta: 0:00:03  time: 0.0402  data_time: 0.0051  memory: 124  
2026/08/07 00:16:25 - mmengine - INFO - Epoch(val)  [64][ 40/116]    eta: 0:00:02  time: 0.0398  data_time: 0.0050  memory: 125  
2026/08/07 00:16:25 - mmengine - INFO - Epoch(val)  [64][ 50/116]    eta: 0:00:02  time: 0.0395  data_time: 0.0051  memory: 147  
2026/08/07 00:16:26 - mmengine - INFO - Epoch(val)  [64][ 60/116]    eta: 0:00:02  time: 0.0391  data_time: 0.0053  memory: 112  
2026/08/07 00:16:26 - mmengine - INFO - Epoch(val)  [64][ 70/116]    eta: 0:00:01  time: 0.0400  data_time: 0.0053  memory: 111  
2026/08/07 00:16:26 - mmengine - INFO - Epoch(val)  [64][ 80/116]    eta: 0:00:01  time: 0.0407  data_time: 0.0054  memory: 119  
2026/08/07 00:16:27 - mmengine - INFO - Epoch(val)  [64][ 90/116]    eta: 0:00:01  time: 0.0415  data_time: 0.0057  memory: 126  
2026/08/07 00:16:27 - mmengine - INFO - Epoch(val)  [64][100/116]    eta: 0:00:00  time: 0.0413  data_time: 0.0056  memory: 169  
2026/08/07 00:16:28 - mmengine - INFO - Epoch(val)  [64][110/116]    eta: 0:00:00  time: 0.0413  data_time: 0.0055  memory: 142  
2026/08/07 00:16:28 - mmengine - INFO - Evaluating bbox...
2026/08/07 00:16:28 - mmengine - INFO - bbox_mAP_copypaste: 0.602 0.869 0.713 0.000 0.708 0.562
2026/08/07 00:16:28 - mmengine - INFO - Evaluating segm...
2026/08/07 00:16:28 - mmengine - INFO - segm_mAP_copypaste: 0.617 0.874 0.703 0.000 0.723 0.572
2026/08/07 00:16:30 - mmengine - INFO - val kayip: val_kayip_cls 0.4500  val_kayip_bbox 0.2621  val_kayip_mask 0.1239  val_kayip 0.8360
2026/08/07 00:16:30 - mmengine - INFO - Epoch(val) [64][116/116]    busi/dice_tum: 0.8020  busi/dice_lezyonlu: 0.7712  busi/bos_dogru: 19  busi/esik: 0.4000  val_kayip_cls: 0.4500  val_kayip_bbox: 0.2621  val_kayip_mask: 0.1239  val_kayip: 0.8360  coco/bbox_mAP: 0.6020  coco/bbox_mAP_50: 0.8690  coco/bbox_mAP_75: 0.7130  coco/bbox_mAP_s: 0.0000  coco/bbox_mAP_m: 0.7080  coco/bbox_mAP_l: 0.5620  coco/segm_mAP: 0.6170  coco/segm_mAP_50: 0.8740  coco/segm_mAP_75: 0.7030  coco/segm_mAP_s: 0.0000  coco/segm_mAP_m: 0.7230  coco/segm_mAP_l: 0.5720  data_time: 0.0054  time: 0.0408
2026/08/07 00:16:33 - mmengine - INFO - Epoch(train)  [65][10/68]  base_lr: 1.0309e-04 lr: 1.0309e-04  eta: 0:14:09  time: 0.3405  data_time: 0.1257  memory: 600  grad_norm: 10.9064  loss: 0.4635  loss_cls: 0.1231  loss_bbox: 0.2355  loss_mask: 0.1050
2026/08/07 00:16:37 - mmengine - INFO - Epoch(train)  [65][20/68]  base_lr: 1.0266e-04 lr: 1.0266e-04  eta: 0:14:05  time: 0.3362  data_time: 0.1232  memory: 603  grad_norm: 10.7076  loss: 0.4490  loss_cls: 0.1111  loss_bbox: 0.2338  loss_mask: 0.1041
2026/08/07 00:16:40 - mmengine - INFO - Epoch(train)  [65][30/68]  base_lr: 1.0223e-04 lr: 1.0223e-04  eta: 0:14:02  time: 0.3394  data_time: 0.1263  memory: 601  grad_norm: 10.5641  loss: 0.4558  loss_cls: 0.1149  loss_bbox: 0.2361  loss_mask: 0.1049
2026/08/07 00:16:44 - mmengine - INFO - Epoch(train)  [65][40/68]  base_lr: 1.0180e-04 lr: 1.0180e-04  eta: 0:13:58  time: 0.3359  data_time: 0.1228  memory: 601  grad_norm: 10.5079  loss: 0.4288  loss_cls: 0.1028  loss_bbox: 0.2265  loss_mask: 0.0995
2026/08/07 00:16:47 - mmengine - INFO - Epoch(train)  [65][50/68]  base_lr: 1.0136e-04 lr: 1.0136e-04  eta: 0:13:55  time: 0.3411  data_time: 0.1252  memory: 601  grad_norm: 10.4718  loss: 0.4125  loss_cls: 0.0971  loss_bbox: 0.2208  loss_mask: 0.0947
2026/08/07 00:16:50 - mmengine - INFO - Epoch(train)  [65][60/68]  base_lr: 1.0092e-04 lr: 1.0092e-04  eta: 0:13:51  time: 0.3369  data_time: 0.1214  memory: 599  grad_norm: 10.7398  loss: 0.4014  loss_cls: 0.0934  loss_bbox: 0.2158  loss_mask: 0.0922
2026/08/07 00:16:53 - mmengine - INFO - Exp name: rtmdet_ins_busi_20260806_234040
2026/08/07 00:16:53 - mmengine - INFO - Saving checkpoint at 65 epochs
2026/08/07 00:16:56 - mmengine - INFO - Epoch(val)  [65][ 10/116]    eta: 0:00:04  time: 0.0430  data_time: 0.0058  memory: 602  
2026/08/07 00:16:56 - mmengine - INFO - Epoch(val)  [65][ 20/116]    eta: 0:00:04  time: 0.0432  data_time: 0.0059  memory: 112  
2026/08/07 00:16:57 - mmengine - INFO - Epoch(val)  [65][ 30/116]    eta: 0:00:03  time: 0.0423  data_time: 0.0056  memory: 120  
2026/08/07 00:16:57 - mmengine - INFO - Epoch(val)  [65][ 40/116]    eta: 0:00:03  time: 0.0416  data_time: 0.0055  memory: 111  
2026/08/07 00:16:57 - mmengine - INFO - Epoch(val)  [65][ 50/116]    eta: 0:00:02  time: 0.0409  data_time: 0.0055  memory: 159  
2026/08/07 00:16:58 - mmengine - INFO - Epoch(val)  [65][ 60/116]    eta: 0:00:02  time: 0.0404  data_time: 0.0055  memory: 112  
2026/08/07 00:16:58 - mmengine - INFO - Epoch(val)  [65][ 70/116]    eta: 0:00:01  time: 0.0397  data_time: 0.0053  memory: 111  
2026/08/07 00:16:59 - mmengine - INFO - Epoch(val)  [65][ 80/116]    eta: 0:00:01  time: 0.0395  data_time: 0.0053  memory: 121  
2026/08/07 00:16:59 - mmengine - INFO - Epoch(val)  [65][ 90/116]    eta: 0:00:01  time: 0.0405  data_time: 0.0055  memory: 133  
2026/08/07 00:16:59 - mmengine - INFO - Epoch(val)  [65][100/116]    eta: 0:00:00  time: 0.0405  data_time: 0.0053  memory: 133  
2026/08/07 00:17:00 - mmengine - INFO - Epoch(val)  [65][110/116]    eta: 0:00:00  time: 0.0403  data_time: 0.0052  memory: 131  
2026/08/07 00:17:00 - mmengine - INFO - Evaluating bbox...
2026/08/07 00:17:00 - mmengine - INFO - bbox_mAP_copypaste: 0.597 0.868 0.694 0.000 0.736 0.537
2026/08/07 00:17:00 - mmengine - INFO - Evaluating segm...
2026/08/07 00:17:00 - mmengine - INFO - segm_mAP_copypaste: 0.602 0.877 0.685 0.000 0.715 0.550
2026/08/07 00:17:02 - mmengine - INFO - val kayip: val_kayip_cls 0.3897  val_kayip_bbox 0.2636  val_kayip_mask 0.1301  val_kayip 0.7833
2026/08/07 00:17:02 - mmengine - INFO - Epoch(val) [65][116/116]    busi/dice_tum: 0.8013  busi/dice_lezyonlu: 0.7703  busi/bos_dogru: 19  busi/esik: 0.3000  val_kayip_cls: 0.3897  val_kayip_bbox: 0.2636  val_kayip_mask: 0.1301  val_kayip: 0.7833  coco/bbox_mAP: 0.5970  coco/bbox_mAP_50: 0.8680  coco/bbox_mAP_75: 0.6940  coco/bbox_mAP_s: 0.0000  coco/bbox_mAP_m: 0.7360  coco/bbox_mAP_l: 0.5370  coco/segm_mAP: 0.6020  coco/segm_mAP_50: 0.8770  coco/segm_mAP_75: 0.6850  coco/segm_mAP_s: 0.0000  coco/segm_mAP_m: 0.7150  coco/segm_mAP_l: 0.5500  data_time: 0.0054  time: 0.0408
2026/08/07 00:17:06 - mmengine - INFO - Epoch(train)  [66][10/68]  base_lr: 1.0012e-04 lr: 1.0012e-04  eta: 0:13:45  time: 0.3378  data_time: 0.1206  memory: 601  grad_norm: 10.9035  loss: 0.4045  loss_cls: 0.0956  loss_bbox: 0.2168  loss_mask: 0.0922
2026/08/07 00:17:09 - mmengine - INFO - Epoch(train)  [66][20/68]  base_lr: 9.9676e-05 lr: 9.9676e-05  eta: 0:13:41  time: 0.3424  data_time: 0.1256  memory: 601  grad_norm: 10.8634  loss: 0.3982  loss_cls: 0.0910  loss_bbox: 0.2160  loss_mask: 0.0912
2026/08/07 00:17:13 - mmengine - INFO - Epoch(train)  [66][30/68]  base_lr: 9.9225e-05 lr: 9.9225e-05  eta: 0:13:38  time: 0.3456  data_time: 0.1279  memory: 601  grad_norm: 10.8274  loss: 0.4067  loss_cls: 0.0953  loss_bbox: 0.2199  loss_mask: 0.0915
2026/08/07 00:17:16 - mmengine - INFO - Epoch(train)  [66][40/68]  base_lr: 9.8771e-05 lr: 9.8771e-05  eta: 0:13:34  time: 0.3457  data_time: 0.1280  memory: 601  grad_norm: 10.6327  loss: 0.4147  loss_cls: 0.0977  loss_bbox: 0.2221  loss_mask: 0.0949
2026/08/07 00:17:19 - mmengine - INFO - Epoch(train)  [66][50/68]  base_lr: 9.8315e-05 lr: 9.8315e-05  eta: 0:13:31  time: 0.3467  data_time: 0.1283  memory: 601  grad_norm: 10.3165  loss: 0.4090  loss_cls: 0.0945  loss_bbox: 0.2199  loss_mask: 0.0946
2026/08/07 00:17:23 - mmengine - INFO - Epoch(train)  [66][60/68]  base_lr: 9.7856e-05 lr: 9.7856e-05  eta: 0:13:27  time: 0.3479  data_time: 0.1304  memory: 602  grad_norm: 10.3141  loss: 0.4173  loss_cls: 0.0960  loss_bbox: 0.2249  loss_mask: 0.0964
2026/08/07 00:17:25 - mmengine - INFO - Exp name: rtmdet_ins_busi_20260806_234040
2026/08/07 00:17:25 - mmengine - INFO - Saving checkpoint at 66 epochs
2026/08/07 00:17:28 - mmengine - INFO - Epoch(val)  [66][ 10/116]    eta: 0:00:04  time: 0.0414  data_time: 0.0054  memory: 601  
2026/08/07 00:17:28 - mmengine - INFO - Epoch(val)  [66][ 20/116]    eta: 0:00:03  time: 0.0406  data_time: 0.0054  memory: 113  
2026/08/07 00:17:29 - mmengine - INFO - Epoch(val)  [66][ 30/116]    eta: 0:00:03  time: 0.0395  data_time: 0.0051  memory: 120  
2026/08/07 00:17:29 - mmengine - INFO - Epoch(val)  [66][ 40/116]    eta: 0:00:02  time: 0.0389  data_time: 0.0050  memory: 125  
2026/08/07 00:17:29 - mmengine - INFO - Epoch(val)  [66][ 50/116]    eta: 0:00:02  time: 0.0382  data_time: 0.0051  memory: 147  
2026/08/07 00:17:30 - mmengine - INFO - Epoch(val)  [66][ 60/116]    eta: 0:00:02  time: 0.0387  data_time: 0.0053  memory: 116  
2026/08/07 00:17:30 - mmengine - INFO - Epoch(val)  [66][ 70/116]    eta: 0:00:01  time: 0.0393  data_time: 0.0053  memory: 112  
2026/08/07 00:17:31 - mmengine - INFO - Epoch(val)  [66][ 80/116]    eta: 0:00:01  time: 0.0401  data_time: 0.0054  memory: 127  
2026/08/07 00:17:31 - mmengine - INFO - Epoch(val)  [66][ 90/116]    eta: 0:00:01  time: 0.0429  data_time: 0.0057  memory: 133  
2026/08/07 00:17:32 - mmengine - INFO - Epoch(val)  [66][100/116]    eta: 0:00:00  time: 0.0433  data_time: 0.0057  memory: 149  
2026/08/07 00:17:32 - mmengine - INFO - Epoch(val)  [66][110/116]    eta: 0:00:00  time: 0.0429  data_time: 0.0055  memory: 134  
2026/08/07 00:17:32 - mmengine - INFO - Evaluating bbox...
2026/08/07 00:17:32 - mmengine - INFO - bbox_mAP_copypaste: 0.601 0.886 0.696 0.000 0.720 0.540
2026/08/07 00:17:32 - mmengine - INFO - Evaluating segm...
2026/08/07 00:17:32 - mmengine - INFO - segm_mAP_copypaste: 0.617 0.888 0.712 0.000 0.721 0.566
2026/08/07 00:17:34 - mmengine - INFO - val kayip: val_kayip_cls 0.4087  val_kayip_bbox 0.2717  val_kayip_mask 0.1318  val_kayip 0.8121
2026/08/07 00:17:34 - mmengine - INFO - Epoch(val) [66][116/116]    busi/dice_tum: 0.7953  busi/dice_lezyonlu: 0.7631  busi/bos_dogru: 19  busi/esik: 0.3000  val_kayip_cls: 0.4087  val_kayip_bbox: 0.2717  val_kayip_mask: 0.1318  val_kayip: 0.8121  coco/bbox_mAP: 0.6010  coco/bbox_mAP_50: 0.8860  coco/bbox_mAP_75: 0.6960  coco/bbox_mAP_s: 0.0000  coco/bbox_mAP_m: 0.7200  coco/bbox_mAP_l: 0.5400  coco/segm_mAP: 0.6170  coco/segm_mAP_50: 0.8880  coco/segm_mAP_75: 0.7120  coco/segm_mAP_s: 0.0000  coco/segm_mAP_m: 0.7210  coco/segm_mAP_l: 0.5660  data_time: 0.0054  time: 0.0408
2026/08/07 00:17:38 - mmengine - INFO - Epoch(train)  [67][10/68]  base_lr: 9.7022e-05 lr: 9.7022e-05  eta: 0:13:21  time: 0.3389  data_time: 0.1248  memory: 604  grad_norm: 10.8885  loss: 0.4151  loss_cls: 0.0976  loss_bbox: 0.2217  loss_mask: 0.0959
2026/08/07 00:17:41 - mmengine - INFO - Epoch(train)  [67][20/68]  base_lr: 9.6555e-05 lr: 9.6555e-05  eta: 0:13:17  time: 0.3376  data_time: 0.1223  memory: 602  grad_norm: 10.8648  loss: 0.4084  loss_cls: 0.0938  loss_bbox: 0.2190  loss_mask: 0.0957
2026/08/07 00:17:45 - mmengine - INFO - Epoch(train)  [67][30/68]  base_lr: 9.6085e-05 lr: 9.6085e-05  eta: 0:13:14  time: 0.3420  data_time: 0.1254  memory: 601  grad_norm: 10.7440  loss: 0.3958  loss_cls: 0.0898  loss_bbox: 0.2136  loss_mask: 0.0924
2026/08/07 00:17:48 - mmengine - INFO - Epoch(train)  [67][40/68]  base_lr: 9.5613e-05 lr: 9.5613e-05  eta: 0:13:10  time: 0.3414  data_time: 0.1250  memory: 602  grad_norm: 10.9325  loss: 0.4012  loss_cls: 0.0929  loss_bbox: 0.2146  loss_mask: 0.0937
2026/08/07 00:17:51 - mmengine - INFO - Epoch(train)  [67][50/68]  base_lr: 9.5138e-05 lr: 9.5138e-05  eta: 0:13:07  time: 0.3444  data_time: 0.1273  memory: 599  grad_norm: 10.5595  loss: 0.4094  loss_cls: 0.0961  loss_bbox: 0.2187  loss_mask: 0.0946
2026/08/07 00:17:55 - mmengine - INFO - Epoch(train)  [67][60/68]  base_lr: 9.4661e-05 lr: 9.4661e-05  eta: 0:13:03  time: 0.3435  data_time: 0.1249  memory: 601  grad_norm: 10.3936  loss: 0.4094  loss_cls: 0.0938  loss_bbox: 0.2182  loss_mask: 0.0975
2026/08/07 00:17:57 - mmengine - INFO - Exp name: rtmdet_ins_busi_20260806_234040
2026/08/07 00:17:57 - mmengine - INFO - Saving checkpoint at 67 epochs
2026/08/07 00:18:00 - mmengine - INFO - Epoch(val)  [67][ 10/116]    eta: 0:00:04  time: 0.0437  data_time: 0.0057  memory: 601  
2026/08/07 00:18:00 - mmengine - INFO - Epoch(val)  [67][ 20/116]    eta: 0:00:03  time: 0.0424  data_time: 0.0056  memory: 110  
2026/08/07 00:18:00 - mmengine - INFO - Epoch(val)  [67][ 30/116]    eta: 0:00:03  time: 0.0391  data_time: 0.0051  memory: 110  
2026/08/07 00:18:01 - mmengine - INFO - Epoch(val)  [67][ 40/116]    eta: 0:00:02  time: 0.0387  data_time: 0.0050  memory: 116  
2026/08/07 00:18:01 - mmengine - INFO - Epoch(val)  [67][ 50/116]    eta: 0:00:02  time: 0.0390  data_time: 0.0051  memory: 135  
2026/08/07 00:18:02 - mmengine - INFO - Epoch(val)  [67][ 60/116]    eta: 0:00:02  time: 0.0389  data_time: 0.0052  memory: 112  
2026/08/07 00:18:02 - mmengine - INFO - Epoch(val)  [67][ 70/116]    eta: 0:00:01  time: 0.0395  data_time: 0.0053  memory: 107  
2026/08/07 00:18:02 - mmengine - INFO - Epoch(val)  [67][ 80/116]    eta: 0:00:01  time: 0.0412  data_time: 0.0055  memory: 127  
2026/08/07 00:18:03 - mmengine - INFO - Epoch(val)  [67][ 90/116]    eta: 0:00:01  time: 0.0426  data_time: 0.0059  memory: 133  
2026/08/07 00:18:03 - mmengine - INFO - Epoch(val)  [67][100/116]    eta: 0:00:00  time: 0.0421  data_time: 0.0057  memory: 128  
2026/08/07 00:18:04 - mmengine - INFO - Epoch(val)  [67][110/116]    eta: 0:00:00  time: 0.0420  data_time: 0.0055  memory: 127  
2026/08/07 00:18:04 - mmengine - INFO - Evaluating bbox...
2026/08/07 00:18:04 - mmengine - INFO - bbox_mAP_copypaste: 0.592 0.884 0.700 0.000 0.689 0.545
2026/08/07 00:18:04 - mmengine - INFO - Evaluating segm...
2026/08/07 00:18:04 - mmengine - INFO - segm_mAP_copypaste: 0.603 0.881 0.716 0.000 0.712 0.550
2026/08/07 00:18:06 - mmengine - INFO - val kayip: val_kayip_cls 0.3555  val_kayip_bbox 0.2701  val_kayip_mask 0.1306  val_kayip 0.7562
2026/08/07 00:18:06 - mmengine - INFO - Epoch(val) [67][116/116]    busi/dice_tum: 0.8020  busi/dice_lezyonlu: 0.7607  busi/bos_dogru: 20  busi/esik: 0.5000  val_kayip_cls: 0.3555  val_kayip_bbox: 0.2701  val_kayip_mask: 0.1306  val_kayip: 0.7562  coco/bbox_mAP: 0.5920  coco/bbox_mAP_50: 0.8840  coco/bbox_mAP_75: 0.7000  coco/bbox_mAP_s: 0.0000  coco/bbox_mAP_m: 0.6890  coco/bbox_mAP_l: 0.5450  coco/segm_mAP: 0.6030  coco/segm_mAP_50: 0.8810  coco/segm_mAP_75: 0.7160  coco/segm_mAP_s: 0.0000  coco/segm_mAP_m: 0.7120  coco/segm_mAP_l: 0.5500  data_time: 0.0054  time: 0.0407
2026/08/07 00:18:09 - mmengine - INFO - Epoch(train)  [68][10/68]  base_lr: 9.3795e-05 lr: 9.3795e-05  eta: 0:12:57  time: 0.3301  data_time: 0.1149  memory: 600  grad_norm: 10.7831  loss: 0.4159  loss_cls: 0.1005  loss_bbox: 0.2207  loss_mask: 0.0947
2026/08/07 00:18:13 - mmengine - INFO - Epoch(train)  [68][20/68]  base_lr: 9.3311e-05 lr: 9.3311e-05  eta: 0:12:53  time: 0.3297  data_time: 0.1132  memory: 601  grad_norm: 10.4573  loss: 0.4047  loss_cls: 0.0952  loss_bbox: 0.2164  loss_mask: 0.0931
2026/08/07 00:18:16 - mmengine - INFO - Epoch(train)  [68][30/68]  base_lr: 9.2825e-05 lr: 9.2825e-05  eta: 0:12:50  time: 0.3319  data_time: 0.1142  memory: 601  grad_norm: 10.2646  loss: 0.4086  loss_cls: 0.0959  loss_bbox: 0.2169  loss_mask: 0.0958
2026/08/07 00:18:20 - mmengine - INFO - Epoch(train)  [68][40/68]  base_lr: 9.2336e-05 lr: 9.2336e-05  eta: 0:12:46  time: 0.3336  data_time: 0.1151  memory: 602  grad_norm: 10.1897  loss: 0.4230  loss_cls: 0.1030  loss_bbox: 0.2227  loss_mask: 0.0973
2026/08/07 00:18:23 - mmengine - INFO - Epoch(train)  [68][50/68]  base_lr: 9.1845e-05 lr: 9.1845e-05  eta: 0:12:43  time: 0.3377  data_time: 0.1190  memory: 601  grad_norm: 10.0571  loss: 0.4208  loss_cls: 0.1009  loss_bbox: 0.2225  loss_mask: 0.0973
2026/08/07 00:18:26 - mmengine - INFO - Epoch(train)  [68][60/68]  base_lr: 9.1352e-05 lr: 9.1352e-05  eta: 0:12:39  time: 0.3442  data_time: 0.1257  memory: 603  grad_norm: 10.1070  loss: 0.4183  loss_cls: 0.0976  loss_bbox: 0.2223  loss_mask: 0.0984
2026/08/07 00:18:29 - mmengine - INFO - Exp name: rtmdet_ins_busi_20260806_234040
2026/08/07 00:18:29 - mmengine - INFO - Saving checkpoint at 68 epochs
2026/08/07 00:18:32 - mmengine - INFO - Epoch(val)  [68][ 10/116]    eta: 0:00:04  time: 0.0424  data_time: 0.0056  memory: 602  
2026/08/07 00:18:32 - mmengine - INFO - Epoch(val)  [68][ 20/116]    eta: 0:00:03  time: 0.0405  data_time: 0.0053  memory: 110  
2026/08/07 00:18:32 - mmengine - INFO - Epoch(val)  [68][ 30/116]    eta: 0:00:03  time: 0.0390  data_time: 0.0050  memory: 110  
2026/08/07 00:18:33 - mmengine - INFO - Epoch(val)  [68][ 40/116]    eta: 0:00:02  time: 0.0384  data_time: 0.0049  memory: 111  
2026/08/07 00:18:33 - mmengine - INFO - Epoch(val)  [68][ 50/116]    eta: 0:00:02  time: 0.0385  data_time: 0.0050  memory: 141  
2026/08/07 00:18:34 - mmengine - INFO - Epoch(val)  [68][ 60/116]    eta: 0:00:02  time: 0.0394  data_time: 0.0053  memory: 107  
2026/08/07 00:18:34 - mmengine - INFO - Epoch(val)  [68][ 70/116]    eta: 0:00:01  time: 0.0400  data_time: 0.0054  memory: 103  
2026/08/07 00:18:34 - mmengine - INFO - Epoch(val)  [68][ 80/116]    eta: 0:00:01  time: 0.0402  data_time: 0.0054  memory: 124  
2026/08/07 00:18:35 - mmengine - INFO - Epoch(val)  [68][ 90/116]    eta: 0:00:01  time: 0.0415  data_time: 0.0057  memory: 126  
2026/08/07 00:18:35 - mmengine - INFO - Epoch(val)  [68][100/116]    eta: 0:00:00  time: 0.0410  data_time: 0.0055  memory: 154  
2026/08/07 00:18:36 - mmengine - INFO - Epoch(val)  [68][110/116]    eta: 0:00:00  time: 0.0399  data_time: 0.0052  memory: 123  
2026/08/07 00:18:36 - mmengine - INFO - Evaluating bbox...
2026/08/07 00:18:36 - mmengine - INFO - bbox_mAP_copypaste: 0.609 0.882 0.708 0.000 0.706 0.559
2026/08/07 00:18:36 - mmengine - INFO - Evaluating segm...
2026/08/07 00:18:36 - mmengine - INFO - segm_mAP_copypaste: 0.609 0.884 0.707 0.000 0.710 0.559
2026/08/07 00:18:38 - mmengine - INFO - val kayip: val_kayip_cls 0.3534  val_kayip_bbox 0.2640  val_kayip_mask 0.1293  val_kayip 0.7467
2026/08/07 00:18:38 - mmengine - INFO - Epoch(val) [68][116/116]    busi/dice_tum: 0.8013  busi/dice_lezyonlu: 0.7807  busi/bos_dogru: 18  busi/esik: 0.3000  val_kayip_cls: 0.3534  val_kayip_bbox: 0.2640  val_kayip_mask: 0.1293  val_kayip: 0.7467  coco/bbox_mAP: 0.6090  coco/bbox_mAP_50: 0.8820  coco/bbox_mAP_75: 0.7080  coco/bbox_mAP_s: 0.0000  coco/bbox_mAP_m: 0.7060  coco/bbox_mAP_l: 0.5590  coco/segm_mAP: 0.6090  coco/segm_mAP_50: 0.8840  coco/segm_mAP_75: 0.7070  coco/segm_mAP_s: 0.0000  coco/segm_mAP_m: 0.7100  coco/segm_mAP_l: 0.5590  data_time: 0.0053  time: 0.0399
2026/08/07 00:18:42 - mmengine - INFO - Epoch(train)  [69][10/68]  base_lr: 9.0458e-05 lr: 9.0458e-05  eta: 0:12:33  time: 0.3527  data_time: 0.1318  memory: 601  grad_norm: 10.7458  loss: 0.4224  loss_cls: 0.1035  loss_bbox: 0.2230  loss_mask: 0.0959
2026/08/07 00:18:45 - mmengine - INFO - Epoch(train)  [69][20/68]  base_lr: 8.9959e-05 lr: 8.9959e-05  eta: 0:12:30  time: 0.3546  data_time: 0.1347  memory: 601  grad_norm: 10.8943  loss: 0.4091  loss_cls: 0.0981  loss_bbox: 0.2183  loss_mask: 0.0927
2026/08/07 00:18:49 - mmengine - INFO - Epoch(train)  [69][30/68]  base_lr: 8.9457e-05 lr: 8.9457e-05  eta: 0:12:26  time: 0.3568  data_time: 0.1355  memory: 602  grad_norm: 11.0453  loss: 0.4166  loss_cls: 0.0993  loss_bbox: 0.2213  loss_mask: 0.0960
2026/08/07 00:18:52 - mmengine - INFO - Epoch(train)  [69][40/68]  base_lr: 8.8954e-05 lr: 8.8954e-05  eta: 0:12:23  time: 0.3579  data_time: 0.1362  memory: 601  grad_norm: 11.1038  loss: 0.4241  loss_cls: 0.1048  loss_bbox: 0.2236  loss_mask: 0.0958
2026/08/07 00:18:56 - mmengine - INFO - Epoch(train)  [69][50/68]  base_lr: 8.8448e-05 lr: 8.8448e-05  eta: 0:12:19  time: 0.3571  data_time: 0.1347  memory: 601  grad_norm: 11.4276  loss: 0.4299  loss_cls: 0.1051  loss_bbox: 0.2281  loss_mask: 0.0966
2026/08/07 00:18:59 - mmengine - INFO - Epoch(train)  [69][60/68]  base_lr: 8.7941e-05 lr: 8.7941e-05  eta: 0:12:16  time: 0.3490  data_time: 0.1313  memory: 600  grad_norm: 11.1968  loss: 0.4217  loss_cls: 0.1019  loss_bbox: 0.2231  loss_mask: 0.0968
2026/08/07 00:19:02 - mmengine - INFO - Exp name: rtmdet_ins_busi_20260806_234040
2026/08/07 00:19:02 - mmengine - INFO - Saving checkpoint at 69 epochs
2026/08/07 00:19:04 - mmengine - INFO - Epoch(val)  [69][ 10/116]    eta: 0:00:04  time: 0.0418  data_time: 0.0055  memory: 599  
2026/08/07 00:19:05 - mmengine - INFO - Epoch(val)  [69][ 20/116]    eta: 0:00:03  time: 0.0415  data_time: 0.0055  memory: 113  
2026/08/07 00:19:05 - mmengine - INFO - Epoch(val)  [69][ 30/116]    eta: 0:00:03  time: 0.0407  data_time: 0.0052  memory: 110  
2026/08/07 00:19:05 - mmengine - INFO - Epoch(val)  [69][ 40/116]    eta: 0:00:03  time: 0.0410  data_time: 0.0052  memory: 107  
2026/08/07 00:19:06 - mmengine - INFO - Epoch(val)  [69][ 50/116]    eta: 0:00:02  time: 0.0411  data_time: 0.0053  memory: 141  
2026/08/07 00:19:06 - mmengine - INFO - Epoch(val)  [69][ 60/116]    eta: 0:00:02  time: 0.0414  data_time: 0.0055  memory: 107  
2026/08/07 00:19:07 - mmengine - INFO - Epoch(val)  [69][ 70/116]    eta: 0:00:01  time: 0.0420  data_time: 0.0056  memory: 107  
2026/08/07 00:19:07 - mmengine - INFO - Epoch(val)  [69][ 80/116]    eta: 0:00:01  time: 0.0423  data_time: 0.0057  memory: 127  
2026/08/07 00:19:08 - mmengine - INFO - Epoch(val)  [69][ 90/116]    eta: 0:00:01  time: 0.0436  data_time: 0.0060  memory: 151  
2026/08/07 00:19:08 - mmengine - INFO - Epoch(val)  [69][100/116]    eta: 0:00:00  time: 0.0431  data_time: 0.0058  memory: 166  
2026/08/07 00:19:08 - mmengine - INFO - Epoch(val)  [69][110/116]    eta: 0:00:00  time: 0.0426  data_time: 0.0056  memory: 134  
2026/08/07 00:19:09 - mmengine - INFO - Evaluating bbox...
2026/08/07 00:19:09 - mmengine - INFO - bbox_mAP_copypaste: 0.620 0.879 0.742 0.000 0.730 0.563
2026/08/07 00:19:09 - mmengine - INFO - Evaluating segm...
2026/08/07 00:19:09 - mmengine - INFO - segm_mAP_copypaste: 0.608 0.882 0.693 0.000 0.707 0.558
2026/08/07 00:19:11 - mmengine - INFO - val kayip: val_kayip_cls 0.4486  val_kayip_bbox 0.2549  val_kayip_mask 0.1278  val_kayip 0.8313
2026/08/07 00:19:11 - mmengine - INFO - Epoch(val) [69][116/116]    busi/dice_tum: 0.8094  busi/dice_lezyonlu: 0.7801  busi/bos_dogru: 19  busi/esik: 0.3000  val_kayip_cls: 0.4486  val_kayip_bbox: 0.2549  val_kayip_mask: 0.1278  val_kayip: 0.8313  coco/bbox_mAP: 0.6200  coco/bbox_mAP_50: 0.8790  coco/bbox_mAP_75: 0.7420  coco/bbox_mAP_s: 0.0000  coco/bbox_mAP_m: 0.7300  coco/bbox_mAP_l: 0.5630  coco/segm_mAP: 0.6080  coco/segm_mAP_50: 0.8820  coco/segm_mAP_75: 0.6930  coco/segm_mAP_s: 0.0000  coco/segm_mAP_m: 0.7070  coco/segm_mAP_l: 0.5580  data_time: 0.0056  time: 0.0421
2026/08/07 00:19:14 - mmengine - INFO - Epoch(train)  [70][10/68]  base_lr: 8.7023e-05 lr: 8.7023e-05  eta: 0:12:10  time: 0.3477  data_time: 0.1307  memory: 601  grad_norm: 11.1987  loss: 0.4085  loss_cls: 0.0923  loss_bbox: 0.2199  loss_mask: 0.0962
2026/08/07 00:19:18 - mmengine - INFO - Epoch(train)  [70][20/68]  base_lr: 8.6510e-05 lr: 8.6510e-05  eta: 0:12:06  time: 0.3514  data_time: 0.1346  memory: 601  grad_norm: 10.9078  loss: 0.4017  loss_cls: 0.0894  loss_bbox: 0.2164  loss_mask: 0.0959
2026/08/07 00:19:22 - mmengine - INFO - Epoch(train)  [70][30/68]  base_lr: 8.5995e-05 lr: 8.5995e-05  eta: 0:12:03  time: 0.3504  data_time: 0.1307  memory: 603  grad_norm: 10.8341  loss: 0.4008  loss_cls: 0.0908  loss_bbox: 0.2144  loss_mask: 0.0956
2026/08/07 00:19:25 - mmengine - INFO - Epoch(train)  [70][40/68]  base_lr: 8.5479e-05 lr: 8.5479e-05  eta: 0:11:59  time: 0.3511  data_time: 0.1289  memory: 601  grad_norm: 10.6337  loss: 0.3898  loss_cls: 0.0880  loss_bbox: 0.2091  loss_mask: 0.0927
2026/08/07 00:19:28 - mmengine - INFO - Epoch(train)  [70][50/68]  base_lr: 8.4961e-05 lr: 8.4961e-05  eta: 0:11:56  time: 0.3549  data_time: 0.1311  memory: 601  grad_norm: 10.7876  loss: 0.4032  loss_cls: 0.0921  loss_bbox: 0.2161  loss_mask: 0.0949
2026/08/07 00:19:32 - mmengine - INFO - Epoch(train)  [70][60/68]  base_lr: 8.4442e-05 lr: 8.4442e-05  eta: 0:11:52  time: 0.3495  data_time: 0.1283  memory: 601  grad_norm: 10.4725  loss: 0.3988  loss_cls: 0.0930  loss_bbox: 0.2124  loss_mask: 0.0934
2026/08/07 00:19:35 - mmengine - INFO - Exp name: rtmdet_ins_busi_20260806_234040
2026/08/07 00:19:35 - mmengine - INFO - Saving checkpoint at 70 epochs
2026/08/07 00:19:37 - mmengine - INFO - Epoch(val)  [70][ 10/116]    eta: 0:00:04  time: 0.0431  data_time: 0.0056  memory: 599  
2026/08/07 00:19:37 - mmengine - INFO - Epoch(val)  [70][ 20/116]    eta: 0:00:03  time: 0.0418  data_time: 0.0054  memory: 110  
2026/08/07 00:19:38 - mmengine - INFO - Epoch(val)  [70][ 30/116]    eta: 0:00:03  time: 0.0399  data_time: 0.0051  memory: 110  
2026/08/07 00:19:38 - mmengine - INFO - Epoch(val)  [70][ 40/116]    eta: 0:00:02  time: 0.0402  data_time: 0.0050  memory: 122  
2026/08/07 00:19:38 - mmengine - INFO - Epoch(val)  [70][ 50/116]    eta: 0:00:02  time: 0.0401  data_time: 0.0051  memory: 147  
2026/08/07 00:19:39 - mmengine - INFO - Epoch(val)  [70][ 60/116]    eta: 0:00:02  time: 0.0404  data_time: 0.0053  memory: 112  
2026/08/07 00:19:39 - mmengine - INFO - Epoch(val)  [70][ 70/116]    eta: 0:00:01  time: 0.0403  data_time: 0.0053  memory: 105  
2026/08/07 00:19:40 - mmengine - INFO - Epoch(val)  [70][ 80/116]    eta: 0:00:01  time: 0.0409  data_time: 0.0054  memory: 124  
2026/08/07 00:19:40 - mmengine - INFO - Epoch(val)  [70][ 90/116]    eta: 0:00:01  time: 0.0414  data_time: 0.0056  memory: 145  
2026/08/07 00:19:41 - mmengine - INFO - Epoch(val)  [70][100/116]    eta: 0:00:00  time: 0.0413  data_time: 0.0055  memory: 164  
2026/08/07 00:19:41 - mmengine - INFO - Epoch(val)  [70][110/116]    eta: 0:00:00  time: 0.0409  data_time: 0.0053  memory: 131  
2026/08/07 00:19:41 - mmengine - INFO - Evaluating bbox...
2026/08/07 00:19:41 - mmengine - INFO - bbox_mAP_copypaste: 0.612 0.881 0.716 0.000 0.721 0.556
2026/08/07 00:19:41 - mmengine - INFO - Evaluating segm...
2026/08/07 00:19:41 - mmengine - INFO - segm_mAP_copypaste: 0.615 0.881 0.711 0.000 0.724 0.561
2026/08/07 00:19:43 - mmengine - INFO - val kayip: val_kayip_cls 0.4423  val_kayip_bbox 0.2595  val_kayip_mask 0.1277  val_kayip 0.8295
2026/08/07 00:19:43 - mmengine - INFO - Epoch(val) [70][116/116]    busi/dice_tum: 0.8051  busi/dice_lezyonlu: 0.7749  busi/bos_dogru: 19  busi/esik: 0.3000  val_kayip_cls: 0.4423  val_kayip_bbox: 0.2595  val_kayip_mask: 0.1277  val_kayip: 0.8295  coco/bbox_mAP: 0.6120  coco/bbox_mAP_50: 0.8810  coco/bbox_mAP_75: 0.7160  coco/bbox_mAP_s: 0.0000  coco/bbox_mAP_m: 0.7210  coco/bbox_mAP_l: 0.5560  coco/segm_mAP: 0.6150  coco/segm_mAP_50: 0.8810  coco/segm_mAP_75: 0.7110  coco/segm_mAP_s: 0.0000  coco/segm_mAP_m: 0.7240  coco/segm_mAP_l: 0.5610  data_time: 0.0053  time: 0.0408
2026/08/07 00:19:47 - mmengine - INFO - Epoch(train)  [71][10/68]  base_lr: 8.3503e-05 lr: 8.3503e-05  eta: 0:11:46  time: 0.3409  data_time: 0.1242  memory: 599  grad_norm: 10.9288  loss: 0.4103  loss_cls: 0.0972  loss_bbox: 0.2203  loss_mask: 0.0929
2026/08/07 00:19:50 - mmengine - INFO - Epoch(train)  [71][20/68]  base_lr: 8.2979e-05 lr: 8.2979e-05  eta: 0:11:42  time: 0.3440  data_time: 0.1297  memory: 601  grad_norm: 11.0618  loss: 0.4179  loss_cls: 0.0963  loss_bbox: 0.2269  loss_mask: 0.0947
2026/08/07 00:19:54 - mmengine - INFO - Epoch(train)  [71][30/68]  base_lr: 8.2453e-05 lr: 8.2453e-05  eta: 0:11:39  time: 0.3430  data_time: 0.1298  memory: 601  grad_norm: 11.2020  loss: 0.4253  loss_cls: 0.1052  loss_bbox: 0.2246  loss_mask: 0.0956
2026/08/07 00:19:57 - mmengine - INFO - Epoch(train)  [71][40/68]  base_lr: 8.1927e-05 lr: 8.1927e-05  eta: 0:11:35  time: 0.3458  data_time: 0.1303  memory: 601  grad_norm: 10.7832  loss: 0.4212  loss_cls: 0.1026  loss_bbox: 0.2230  loss_mask: 0.0956
2026/08/07 00:20:00 - mmengine - INFO - Epoch(train)  [71][50/68]  base_lr: 8.1398e-05 lr: 8.1398e-05  eta: 0:11:32  time: 0.3438  data_time: 0.1260  memory: 601  grad_norm: 10.4581  loss: 0.4114  loss_cls: 0.0987  loss_bbox: 0.2177  loss_mask: 0.0950
2026/08/07 00:20:04 - mmengine - INFO - Epoch(train)  [71][60/68]  base_lr: 8.0869e-05 lr: 8.0869e-05  eta: 0:11:28  time: 0.3415  data_time: 0.1235  memory: 601  grad_norm: 10.3328  loss: 0.4021  loss_cls: 0.0975  loss_bbox: 0.2132  loss_mask: 0.0914
2026/08/07 00:20:06 - mmengine - INFO - Exp name: rtmdet_ins_busi_20260806_234040
2026/08/07 00:20:06 - mmengine - INFO - Saving checkpoint at 71 epochs
2026/08/07 00:20:09 - mmengine - INFO - Epoch(val)  [71][ 10/116]    eta: 0:00:04  time: 0.0423  data_time: 0.0055  memory: 601  
2026/08/07 00:20:09 - mmengine - INFO - Epoch(val)  [71][ 20/116]    eta: 0:00:03  time: 0.0414  data_time: 0.0055  memory: 113  
2026/08/07 00:20:10 - mmengine - INFO - Epoch(val)  [71][ 30/116]    eta: 0:00:03  time: 0.0396  data_time: 0.0051  memory: 122  
2026/08/07 00:20:10 - mmengine - INFO - Epoch(val)  [71][ 40/116]    eta: 0:00:02  time: 0.0385  data_time: 0.0049  memory: 111  
2026/08/07 00:20:10 - mmengine - INFO - Epoch(val)  [71][ 50/116]    eta: 0:00:02  time: 0.0383  data_time: 0.0049  memory: 142  
2026/08/07 00:20:11 - mmengine - INFO - Epoch(val)  [71][ 60/116]    eta: 0:00:02  time: 0.0393  data_time: 0.0052  memory: 112  
2026/08/07 00:20:11 - mmengine - INFO - Epoch(val)  [71][ 70/116]    eta: 0:00:01  time: 0.0396  data_time: 0.0052  memory: 110  
2026/08/07 00:20:12 - mmengine - INFO - Epoch(val)  [71][ 80/116]    eta: 0:00:01  time: 0.0410  data_time: 0.0055  memory: 118  
2026/08/07 00:20:12 - mmengine - INFO - Epoch(val)  [71][ 90/116]    eta: 0:00:01  time: 0.0428  data_time: 0.0059  memory: 133  
2026/08/07 00:20:13 - mmengine - INFO - Epoch(val)  [71][100/116]    eta: 0:00:00  time: 0.0427  data_time: 0.0057  memory: 169  
2026/08/07 00:20:13 - mmengine - INFO - Epoch(val)  [71][110/116]    eta: 0:00:00  time: 0.0419  data_time: 0.0054  memory: 142  
2026/08/07 00:20:13 - mmengine - INFO - Evaluating bbox...
2026/08/07 00:20:13 - mmengine - INFO - bbox_mAP_copypaste: 0.612 0.879 0.708 0.000 0.714 0.557
2026/08/07 00:20:13 - mmengine - INFO - Evaluating segm...
2026/08/07 00:20:13 - mmengine - INFO - segm_mAP_copypaste: 0.612 0.879 0.709 0.000 0.717 0.560
2026/08/07 00:20:15 - mmengine - INFO - val kayip: val_kayip_cls 0.4920  val_kayip_bbox 0.2590  val_kayip_mask 0.1263  val_kayip 0.8773
2026/08/07 00:20:15 - mmengine - INFO - Epoch(val) [71][116/116]    busi/dice_tum: 0.8040  busi/dice_lezyonlu: 0.7736  busi/bos_dogru: 19  busi/esik: 0.4000  val_kayip_cls: 0.4920  val_kayip_bbox: 0.2590  val_kayip_mask: 0.1263  val_kayip: 0.8773  coco/bbox_mAP: 0.6120  coco/bbox_mAP_50: 0.8790  coco/bbox_mAP_75: 0.7080  coco/bbox_mAP_s: 0.0000  coco/bbox_mAP_m: 0.7140  coco/bbox_mAP_l: 0.5570  coco/segm_mAP: 0.6120  coco/segm_mAP_50: 0.8790  coco/segm_mAP_75: 0.7090  coco/segm_mAP_s: 0.0000  coco/segm_mAP_m: 0.7170  coco/segm_mAP_l: 0.5600  data_time: 0.0053  time: 0.0407
2026/08/07 00:20:19 - mmengine - INFO - Epoch(train)  [72][10/68]  base_lr: 7.9912e-05 lr: 7.9912e-05  eta: 0:11:22  time: 0.3422  data_time: 0.1241  memory: 602  grad_norm: 9.8852  loss: 0.3891  loss_cls: 0.0872  loss_bbox: 0.2106  loss_mask: 0.0913
2026/08/07 00:20:22 - mmengine - INFO - Epoch(train)  [72][20/68]  base_lr: 7.9379e-05 lr: 7.9379e-05  eta: 0:11:19  time: 0.3400  data_time: 0.1237  memory: 602  grad_norm: 10.2665  loss: 0.3848  loss_cls: 0.0862  loss_bbox: 0.2090  loss_mask: 0.0897
2026/08/07 00:20:26 - mmengine - INFO - Epoch(train)  [72][30/68]  base_lr: 7.8845e-05 lr: 7.8845e-05  eta: 0:11:15  time: 0.3446  data_time: 0.1271  memory: 601  grad_norm: 10.3466  loss: 0.3846  loss_cls: 0.0854  loss_bbox: 0.2103  loss_mask: 0.0888
2026/08/07 00:20:29 - mmengine - INFO - Epoch(train)  [72][40/68]  base_lr: 7.8309e-05 lr: 7.8309e-05  eta: 0:11:12  time: 0.3478  data_time: 0.1293  memory: 601  grad_norm: 10.5867  loss: 0.3882  loss_cls: 0.0873  loss_bbox: 0.2092  loss_mask: 0.0916
2026/08/07 00:20:33 - mmengine - INFO - Epoch(train)  [72][50/68]  base_lr: 7.7773e-05 lr: 7.7773e-05  eta: 0:11:08  time: 0.3518  data_time: 0.1323  memory: 601  grad_norm: 10.5124  loss: 0.3979  loss_cls: 0.0924  loss_bbox: 0.2109  loss_mask: 0.0946
2026/08/07 00:20:36 - mmengine - INFO - Epoch(train)  [72][60/68]  base_lr: 7.7235e-05 lr: 7.7235e-05  eta: 0:11:05  time: 0.3475  data_time: 0.1287  memory: 603  grad_norm: 10.4583  loss: 0.3925  loss_cls: 0.0893  loss_bbox: 0.2103  loss_mask: 0.0929
2026/08/07 00:20:39 - mmengine - INFO - Exp name: rtmdet_ins_busi_20260806_234040
2026/08/07 00:20:39 - mmengine - INFO - Saving checkpoint at 72 epochs
2026/08/07 00:20:41 - mmengine - INFO - Epoch(val)  [72][ 10/116]    eta: 0:00:04  time: 0.0424  data_time: 0.0054  memory: 602  
2026/08/07 00:20:42 - mmengine - INFO - Epoch(val)  [72][ 20/116]    eta: 0:00:03  time: 0.0411  data_time: 0.0052  memory: 118  
2026/08/07 00:20:42 - mmengine - INFO - Epoch(val)  [72][ 30/116]    eta: 0:00:03  time: 0.0391  data_time: 0.0049  memory: 120  
2026/08/07 00:20:43 - mmengine - INFO - Epoch(val)  [72][ 40/116]    eta: 0:00:02  time: 0.0384  data_time: 0.0048  memory: 113  
2026/08/07 00:20:43 - mmengine - INFO - Epoch(val)  [72][ 50/116]    eta: 0:00:02  time: 0.0381  data_time: 0.0049  memory: 135  
2026/08/07 00:20:43 - mmengine - INFO - Epoch(val)  [72][ 60/116]    eta: 0:00:02  time: 0.0378  data_time: 0.0051  memory: 112  
2026/08/07 00:20:44 - mmengine - INFO - Epoch(val)  [72][ 70/116]    eta: 0:00:01  time: 0.0379  data_time: 0.0051  memory: 104  
2026/08/07 00:20:44 - mmengine - INFO - Epoch(val)  [72][ 80/116]    eta: 0:00:01  time: 0.0386  data_time: 0.0052  memory: 127  
2026/08/07 00:20:45 - mmengine - INFO - Epoch(val)  [72][ 90/116]    eta: 0:00:01  time: 0.0395  data_time: 0.0053  memory: 139  
2026/08/07 00:20:45 - mmengine - INFO - Epoch(val)  [72][100/116]    eta: 0:00:00  time: 0.0399  data_time: 0.0053  memory: 145  
2026/08/07 00:20:45 - mmengine - INFO - Epoch(val)  [72][110/116]    eta: 0:00:00  time: 0.0398  data_time: 0.0053  memory: 123  
2026/08/07 00:20:46 - mmengine - INFO - Evaluating bbox...
2026/08/07 00:20:46 - mmengine - INFO - bbox_mAP_copypaste: 0.605 0.868 0.696 0.000 0.719 0.552
2026/08/07 00:20:46 - mmengine - INFO - Evaluating segm...
2026/08/07 00:20:46 - mmengine - INFO - segm_mAP_copypaste: 0.607 0.880 0.684 0.000 0.720 0.554
2026/08/07 00:20:48 - mmengine - INFO - val kayip: val_kayip_cls 0.3458  val_kayip_bbox 0.2559  val_kayip_mask 0.1267  val_kayip 0.7284
2026/08/07 00:20:48 - mmengine - INFO - Epoch(val) [72][116/116]    busi/dice_tum: 0.8110  busi/dice_lezyonlu: 0.7821  busi/bos_dogru: 19  busi/esik: 0.3000  val_kayip_cls: 0.3458  val_kayip_bbox: 0.2559  val_kayip_mask: 0.1267  val_kayip: 0.7284  coco/bbox_mAP: 0.6050  coco/bbox_mAP_50: 0.8680  coco/bbox_mAP_75: 0.6960  coco/bbox_mAP_s: 0.0000  coco/bbox_mAP_m: 0.7190  coco/bbox_mAP_l: 0.5520  coco/segm_mAP: 0.6070  coco/segm_mAP_50: 0.8800  coco/segm_mAP_75: 0.6840  coco/segm_mAP_s: 0.0000  coco/segm_mAP_m: 0.7200  coco/segm_mAP_l: 0.5540  data_time: 0.0052  time: 0.0389
2026/08/07 00:20:51 - mmengine - INFO - Epoch(train)  [73][10/68]  base_lr: 7.6265e-05 lr: 7.6265e-05  eta: 0:10:58  time: 0.3451  data_time: 0.1243  memory: 603  grad_norm: 10.2717  loss: 0.3950  loss_cls: 0.0953  loss_bbox: 0.2081  loss_mask: 0.0916
2026/08/07 00:20:54 - mmengine - INFO - Epoch(train)  [73][20/68]  base_lr: 7.5725e-05 lr: 7.5725e-05  eta: 0:10:55  time: 0.3371  data_time: 0.1199  memory: 603  grad_norm: 10.1434  loss: 0.3930  loss_cls: 0.0950  loss_bbox: 0.2074  loss_mask: 0.0906
2026/08/07 00:20:58 - mmengine - INFO - Epoch(train)  [73][30/68]  base_lr: 7.5184e-05 lr: 7.5184e-05  eta: 0:10:51  time: 0.3434  data_time: 0.1255  memory: 601  grad_norm: 10.2059  loss: 0.3836  loss_cls: 0.0906  loss_bbox: 0.2057  loss_mask: 0.0872
2026/08/07 00:21:01 - mmengine - INFO - Epoch(train)  [73][40/68]  base_lr: 7.4642e-05 lr: 7.4642e-05  eta: 0:10:48  time: 0.3455  data_time: 0.1266  memory: 601  grad_norm: 10.2313  loss: 0.3902  loss_cls: 0.0942  loss_bbox: 0.2082  loss_mask: 0.0878
2026/08/07 00:21:05 - mmengine - INFO - Epoch(train)  [73][50/68]  base_lr: 7.4100e-05 lr: 7.4100e-05  eta: 0:10:44  time: 0.3461  data_time: 0.1265  memory: 601  grad_norm: 10.1769  loss: 0.3922  loss_cls: 0.0913  loss_bbox: 0.2101  loss_mask: 0.0907
2026/08/07 00:21:09 - mmengine - INFO - Epoch(train)  [73][60/68]  base_lr: 7.3556e-05 lr: 7.3556e-05  eta: 0:10:41  time: 0.3476  data_time: 0.1284  memory: 602  grad_norm: 10.4802  loss: 0.4011  loss_cls: 0.0951  loss_bbox: 0.2127  loss_mask: 0.0934
2026/08/07 00:21:11 - mmengine - INFO - Exp name: rtmdet_ins_busi_20260806_234040
2026/08/07 00:21:11 - mmengine - INFO - Saving checkpoint at 73 epochs
2026/08/07 00:21:13 - mmengine - INFO - Epoch(val)  [73][ 10/116]    eta: 0:00:03  time: 0.0405  data_time: 0.0056  memory: 601  
2026/08/07 00:21:14 - mmengine - INFO - Epoch(val)  [73][ 20/116]    eta: 0:00:03  time: 0.0399  data_time: 0.0055  memory: 113  
2026/08/07 00:21:14 - mmengine - INFO - Epoch(val)  [73][ 30/116]    eta: 0:00:03  time: 0.0378  data_time: 0.0052  memory: 104  
2026/08/07 00:21:15 - mmengine - INFO - Epoch(val)  [73][ 40/116]    eta: 0:00:02  time: 0.0369  data_time: 0.0049  memory: 111  
2026/08/07 00:21:15 - mmengine - INFO - Epoch(val)  [73][ 50/116]    eta: 0:00:02  time: 0.0382  data_time: 0.0051  memory: 135  
2026/08/07 00:21:15 - mmengine - INFO - Epoch(val)  [73][ 60/116]    eta: 0:00:02  time: 0.0389  data_time: 0.0053  memory: 107  
2026/08/07 00:21:16 - mmengine - INFO - Epoch(val)  [73][ 70/116]    eta: 0:00:01  time: 0.0392  data_time: 0.0054  memory: 107  
2026/08/07 00:21:16 - mmengine - INFO - Epoch(val)  [73][ 80/116]    eta: 0:00:01  time: 0.0404  data_time: 0.0055  memory: 121  
2026/08/07 00:21:17 - mmengine - INFO - Epoch(val)  [73][ 90/116]    eta: 0:00:01  time: 0.0421  data_time: 0.0059  memory: 139  
2026/08/07 00:21:17 - mmengine - INFO - Epoch(val)  [73][100/116]    eta: 0:00:00  time: 0.0419  data_time: 0.0057  memory: 151  
2026/08/07 00:21:18 - mmengine - INFO - Epoch(val)  [73][110/116]    eta: 0:00:00  time: 0.0422  data_time: 0.0056  memory: 123  
2026/08/07 00:21:18 - mmengine - INFO - Evaluating bbox...
2026/08/07 00:21:18 - mmengine - INFO - bbox_mAP_copypaste: 0.621 0.875 0.718 0.000 0.724 0.567
2026/08/07 00:21:18 - mmengine - INFO - Evaluating segm...
2026/08/07 00:21:18 - mmengine - INFO - segm_mAP_copypaste: 0.619 0.883 0.712 0.000 0.726 0.566
2026/08/07 00:21:20 - mmengine - INFO - val kayip: val_kayip_cls 0.3932  val_kayip_bbox 0.2523  val_kayip_mask 0.1285  val_kayip 0.7740
2026/08/07 00:21:20 - mmengine - INFO - Epoch(val) [73][116/116]    busi/dice_tum: 0.8183  busi/dice_lezyonlu: 0.7908  busi/bos_dogru: 19  busi/esik: 0.3000  val_kayip_cls: 0.3932  val_kayip_bbox: 0.2523  val_kayip_mask: 0.1285  val_kayip: 0.7740  coco/bbox_mAP: 0.6210  coco/bbox_mAP_50: 0.8750  coco/bbox_mAP_75: 0.7180  coco/bbox_mAP_s: 0.0000  coco/bbox_mAP_m: 0.7240  coco/bbox_mAP_l: 0.5670  coco/segm_mAP: 0.6190  coco/segm_mAP_50: 0.8830  coco/segm_mAP_75: 0.7120  coco/segm_mAP_s: 0.0000  coco/segm_mAP_m: 0.7260  coco/segm_mAP_l: 0.5660  data_time: 0.0054  time: 0.0403
2026/08/07 00:21:23 - mmengine - INFO - Epoch(train)  [74][10/68]  base_lr: 7.2577e-05 lr: 7.2577e-05  eta: 0:10:35  time: 0.3480  data_time: 0.1277  memory: 601  grad_norm: 11.2627  loss: 0.4026  loss_cls: 0.0943  loss_bbox: 0.2139  loss_mask: 0.0944
2026/08/07 00:21:27 - mmengine - INFO - Epoch(train)  [74][20/68]  base_lr: 7.2031e-05 lr: 7.2031e-05  eta: 0:10:31  time: 0.3461  data_time: 0.1294  memory: 600  grad_norm: 11.8643  loss: 0.4066  loss_cls: 0.0960  loss_bbox: 0.2139  loss_mask: 0.0967
2026/08/07 00:21:31 - mmengine - INFO - Epoch(train)  [74][30/68]  base_lr: 7.1486e-05 lr: 7.1486e-05  eta: 0:10:28  time: 0.3529  data_time: 0.1377  memory: 602  grad_norm: 11.9406  loss: 0.4060  loss_cls: 0.0950  loss_bbox: 0.2146  loss_mask: 0.0964
2026/08/07 00:21:33 - mmengine - INFO - Exp name: rtmdet_ins_busi_20260806_234040
2026/08/07 00:21:34 - mmengine - INFO - Epoch(train)  [74][40/68]  base_lr: 7.0940e-05 lr: 7.0940e-05  eta: 0:10:24  time: 0.3557  data_time: 0.1367  memory: 603  grad_norm: 11.7972  loss: 0.4013  loss_cls: 0.0922  loss_bbox: 0.2135  loss_mask: 0.0956
2026/08/07 00:21:38 - mmengine - INFO - Epoch(train)  [74][50/68]  base_lr: 7.0393e-05 lr: 7.0393e-05  eta: 0:10:21  time: 0.3543  data_time: 0.1360  memory: 600  grad_norm: 11.0797  loss: 0.3974  loss_cls: 0.0877  loss_bbox: 0.2143  loss_mask: 0.0953
2026/08/07 00:21:41 - mmengine - INFO - Epoch(train)  [74][60/68]  base_lr: 6.9846e-05 lr: 6.9846e-05  eta: 0:10:17  time: 0.3514  data_time: 0.1345  memory: 602  grad_norm: 11.0932  loss: 0.4072  loss_cls: 0.0929  loss_bbox: 0.2191  loss_mask: 0.0951
2026/08/07 00:21:43 - mmengine - INFO - Exp name: rtmdet_ins_busi_20260806_234040
2026/08/07 00:21:43 - mmengine - INFO - Saving checkpoint at 74 epochs
2026/08/07 00:21:46 - mmengine - INFO - Epoch(val)  [74][ 10/116]    eta: 0:00:04  time: 0.0426  data_time: 0.0058  memory: 601  
2026/08/07 00:21:46 - mmengine - INFO - Epoch(val)  [74][ 20/116]    eta: 0:00:03  time: 0.0421  data_time: 0.0057  memory: 113  
2026/08/07 00:21:47 - mmengine - INFO - Epoch(val)  [74][ 30/116]    eta: 0:00:03  time: 0.0399  data_time: 0.0052  memory: 110  
2026/08/07 00:21:47 - mmengine - INFO - Epoch(val)  [74][ 40/116]    eta: 0:00:02  time: 0.0382  data_time: 0.0050  memory: 122  
2026/08/07 00:21:47 - mmengine - INFO - Epoch(val)  [74][ 50/116]    eta: 0:00:02  time: 0.0380  data_time: 0.0050  memory: 135  
2026/08/07 00:21:48 - mmengine - INFO - Epoch(val)  [74][ 60/116]    eta: 0:00:02  time: 0.0386  data_time: 0.0051  memory: 107  
2026/08/07 00:21:48 - mmengine - INFO - Epoch(val)  [74][ 70/116]    eta: 0:00:01  time: 0.0377  data_time: 0.0050  memory: 116  
2026/08/07 00:21:48 - mmengine - INFO - Epoch(val)  [74][ 80/116]    eta: 0:00:01  time: 0.0386  data_time: 0.0052  memory: 121  
2026/08/07 00:21:49 - mmengine - INFO - Epoch(val)  [74][ 90/116]    eta: 0:00:01  time: 0.0400  data_time: 0.0055  memory: 139  
2026/08/07 00:21:49 - mmengine - INFO - Epoch(val)  [74][100/116]    eta: 0:00:00  time: 0.0400  data_time: 0.0054  memory: 133  
2026/08/07 00:21:50 - mmengine - INFO - Epoch(val)  [74][110/116]    eta: 0:00:00  time: 0.0397  data_time: 0.0052  memory: 131  
2026/08/07 00:21:50 - mmengine - INFO - Evaluating bbox...
2026/08/07 00:21:50 - mmengine - INFO - bbox_mAP_copypaste: 0.620 0.886 0.716 0.000 0.712 0.572
2026/08/07 00:21:50 - mmengine - INFO - Evaluating segm...
2026/08/07 00:21:50 - mmengine - INFO - segm_mAP_copypaste: 0.626 0.885 0.723 0.000 0.726 0.576
2026/08/07 00:21:52 - mmengine - INFO - val kayip: val_kayip_cls 0.5014  val_kayip_bbox 0.2532  val_kayip_mask 0.1249  val_kayip 0.8795
2026/08/07 00:21:52 - mmengine - INFO - Epoch(val) [74][116/116]    busi/dice_tum: 0.8190  busi/dice_lezyonlu: 0.7917  busi/bos_dogru: 19  busi/esik: 0.3000  val_kayip_cls: 0.5014  val_kayip_bbox: 0.2532  val_kayip_mask: 0.1249  val_kayip: 0.8795  coco/bbox_mAP: 0.6200  coco/bbox_mAP_50: 0.8860  coco/bbox_mAP_75: 0.7160  coco/bbox_mAP_s: 0.0000  coco/bbox_mAP_m: 0.7120  coco/bbox_mAP_l: 0.5720  coco/segm_mAP: 0.6260  coco/segm_mAP_50: 0.8850  coco/segm_mAP_75: 0.7230  coco/segm_mAP_s: 0.0000  coco/segm_mAP_m: 0.7260  coco/segm_mAP_l: 0.5760  data_time: 0.0052  time: 0.0394
2026/08/07 00:21:55 - mmengine - INFO - Epoch(train)  [75][10/68]  base_lr: 6.8860e-05 lr: 6.8860e-05  eta: 0:10:11  time: 0.3357  data_time: 0.1182  memory: 601  grad_norm: 10.9793  loss: 0.3985  loss_cls: 0.0901  loss_bbox: 0.2171  loss_mask: 0.0912
2026/08/07 00:21:59 - mmengine - INFO - Epoch(train)  [75][20/68]  base_lr: 6.8312e-05 lr: 6.8312e-05  eta: 0:10:07  time: 0.3297  data_time: 0.1159  memory: 601  grad_norm: 10.9667  loss: 0.3948  loss_cls: 0.0875  loss_bbox: 0.2172  loss_mask: 0.0900
2026/08/07 00:22:02 - mmengine - INFO - Epoch(train)  [75][30/68]  base_lr: 6.7764e-05 lr: 6.7764e-05  eta: 0:10:04  time: 0.3294  data_time: 0.1177  memory: 600  grad_norm: 10.7844  loss: 0.3919  loss_cls: 0.0884  loss_bbox: 0.2150  loss_mask: 0.0885
2026/08/07 00:22:06 - mmengine - INFO - Epoch(train)  [75][40/68]  base_lr: 6.7216e-05 lr: 6.7216e-05  eta: 0:10:00  time: 0.3302  data_time: 0.1193  memory: 601  grad_norm: 10.6932  loss: 0.3912  loss_cls: 0.0881  loss_bbox: 0.2134  loss_mask: 0.0896
2026/08/07 00:22:09 - mmengine - INFO - Epoch(train)  [75][50/68]  base_lr: 6.6667e-05 lr: 6.6667e-05  eta: 0:09:57  time: 0.3434  data_time: 0.1281  memory: 602  grad_norm: 10.0023  loss: 0.3904  loss_cls: 0.0865  loss_bbox: 0.2137  loss_mask: 0.0902
2026/08/07 00:22:13 - mmengine - INFO - Epoch(train)  [75][60/68]  base_lr: 6.6119e-05 lr: 6.6119e-05  eta: 0:09:53  time: 0.3458  data_time: 0.1286  memory: 602  grad_norm: 9.9329  loss: 0.3815  loss_cls: 0.0842  loss_bbox: 0.2095  loss_mask: 0.0878
2026/08/07 00:22:15 - mmengine - INFO - Exp name: rtmdet_ins_busi_20260806_234040
2026/08/07 00:22:15 - mmengine - INFO - Saving checkpoint at 75 epochs
2026/08/07 00:22:18 - mmengine - INFO - Epoch(val)  [75][ 10/116]    eta: 0:00:04  time: 0.0413  data_time: 0.0055  memory: 603  
2026/08/07 00:22:18 - mmengine - INFO - Epoch(val)  [75][ 20/116]    eta: 0:00:03  time: 0.0404  data_time: 0.0053  memory: 110  
2026/08/07 00:22:18 - mmengine - INFO - Epoch(val)  [75][ 30/116]    eta: 0:00:03  time: 0.0391  data_time: 0.0050  memory: 104  
2026/08/07 00:22:19 - mmengine - INFO - Epoch(val)  [75][ 40/116]    eta: 0:00:02  time: 0.0378  data_time: 0.0049  memory: 118  
2026/08/07 00:22:19 - mmengine - INFO - Epoch(val)  [75][ 50/116]    eta: 0:00:02  time: 0.0380  data_time: 0.0053  memory: 125  
2026/08/07 00:22:20 - mmengine - INFO - Epoch(val)  [75][ 60/116]    eta: 0:00:02  time: 0.0384  data_time: 0.0054  memory: 102  
2026/08/07 00:22:20 - mmengine - INFO - Epoch(val)  [75][ 70/116]    eta: 0:00:01  time: 0.0390  data_time: 0.0055  memory: 104  
2026/08/07 00:22:21 - mmengine - INFO - Epoch(val)  [75][ 80/116]    eta: 0:00:01  time: 0.0405  data_time: 0.0056  memory: 119  
2026/08/07 00:22:21 - mmengine - INFO - Epoch(val)  [75][ 90/116]    eta: 0:00:01  time: 0.0416  data_time: 0.0059  memory: 139  
2026/08/07 00:22:21 - mmengine - INFO - Epoch(val)  [75][100/116]    eta: 0:00:00  time: 0.0404  data_time: 0.0054  memory: 145  
2026/08/07 00:22:22 - mmengine - INFO - Epoch(val)  [75][110/116]    eta: 0:00:00  time: 0.0399  data_time: 0.0053  memory: 123  
2026/08/07 00:22:22 - mmengine - INFO - Evaluating bbox...
2026/08/07 00:22:22 - mmengine - INFO - bbox_mAP_copypaste: 0.611 0.864 0.716 0.000 0.715 0.558
2026/08/07 00:22:22 - mmengine - INFO - Evaluating segm...
2026/08/07 00:22:22 - mmengine - INFO - segm_mAP_copypaste: 0.616 0.868 0.708 0.000 0.728 0.559
2026/08/07 00:22:24 - mmengine - INFO - val kayip: val_kayip_cls 0.3941  val_kayip_bbox 0.2552  val_kayip_mask 0.1279  val_kayip 0.7772
2026/08/07 00:22:24 - mmengine - INFO - Epoch(val) [75][116/116]    busi/dice_tum: 0.8252  busi/dice_lezyonlu: 0.7993  busi/bos_dogru: 19  busi/esik: 0.3000  val_kayip_cls: 0.3941  val_kayip_bbox: 0.2552  val_kayip_mask: 0.1279  val_kayip: 0.7772  coco/bbox_mAP: 0.6110  coco/bbox_mAP_50: 0.8640  coco/bbox_mAP_75: 0.7160  coco/bbox_mAP_s: 0.0000  coco/bbox_mAP_m: 0.7150  coco/bbox_mAP_l: 0.5580  coco/segm_mAP: 0.6160  coco/segm_mAP_50: 0.8680  coco/segm_mAP_75: 0.7080  coco/segm_mAP_s: 0.0000  coco/segm_mAP_m: 0.7280  coco/segm_mAP_l: 0.5590  data_time: 0.0053  time: 0.0392
2026/08/07 00:22:27 - mmengine - INFO - Epoch(train)  [76][10/68]  base_lr: 6.5131e-05 lr: 6.5131e-05  eta: 0:09:47  time: 0.3483  data_time: 0.1271  memory: 604  grad_norm: 9.9456  loss: 0.3823  loss_cls: 0.0863  loss_bbox: 0.2079  loss_mask: 0.0881
2026/08/07 00:22:31 - mmengine - INFO - Epoch(train)  [76][20/68]  base_lr: 6.4583e-05 lr: 6.4583e-05  eta: 0:09:44  time: 0.3453  data_time: 0.1244  memory: 602  grad_norm: 9.7367  loss: 0.3780  loss_cls: 0.0831  loss_bbox: 0.2043  loss_mask: 0.0907
2026/08/07 00:22:34 - mmengine - INFO - Epoch(train)  [76][30/68]  base_lr: 6.4034e-05 lr: 6.4034e-05  eta: 0:09:40  time: 0.3462  data_time: 0.1258  memory: 603  grad_norm: 9.9296  loss: 0.3787  loss_cls: 0.0830  loss_bbox: 0.2037  loss_mask: 0.0920
2026/08/07 00:22:38 - mmengine - INFO - Epoch(train)  [76][40/68]  base_lr: 6.3486e-05 lr: 6.3486e-05  eta: 0:09:37  time: 0.3452  data_time: 0.1260  memory: 601  grad_norm: 10.4231  loss: 0.3875  loss_cls: 0.0882  loss_bbox: 0.2062  loss_mask: 0.0932
2026/08/07 00:22:41 - mmengine - INFO - Epoch(train)  [76][50/68]  base_lr: 6.2938e-05 lr: 6.2938e-05  eta: 0:09:33  time: 0.3432  data_time: 0.1240  memory: 606  grad_norm: 9.9338  loss: 0.3870  loss_cls: 0.0842  loss_bbox: 0.2099  loss_mask: 0.0930
2026/08/07 00:22:45 - mmengine - INFO - Epoch(train)  [76][60/68]  base_lr: 6.2390e-05 lr: 6.2390e-05  eta: 0:09:30  time: 0.3429  data_time: 0.1253  memory: 601  grad_norm: 9.9241  loss: 0.3986  loss_cls: 0.0881  loss_bbox: 0.2152  loss_mask: 0.0953
2026/08/07 00:22:47 - mmengine - INFO - Exp name: rtmdet_ins_busi_20260806_234040
2026/08/07 00:22:47 - mmengine - INFO - Saving checkpoint at 76 epochs
2026/08/07 00:22:50 - mmengine - INFO - Epoch(val)  [76][ 10/116]    eta: 0:00:04  time: 0.0404  data_time: 0.0055  memory: 599  
2026/08/07 00:22:50 - mmengine - INFO - Epoch(val)  [76][ 20/116]    eta: 0:00:03  time: 0.0391  data_time: 0.0054  memory: 110  
2026/08/07 00:22:50 - mmengine - INFO - Epoch(val)  [76][ 30/116]    eta: 0:00:03  time: 0.0376  data_time: 0.0051  memory: 110  
2026/08/07 00:22:51 - mmengine - INFO - Epoch(val)  [76][ 40/116]    eta: 0:00:02  time: 0.0371  data_time: 0.0049  memory: 111  
2026/08/07 00:22:51 - mmengine - INFO - Epoch(val)  [76][ 50/116]    eta: 0:00:02  time: 0.0375  data_time: 0.0049  memory: 142  
2026/08/07 00:22:52 - mmengine - INFO - Epoch(val)  [76][ 60/116]    eta: 0:00:02  time: 0.0381  data_time: 0.0051  memory: 116  
2026/08/07 00:22:52 - mmengine - INFO - Epoch(val)  [76][ 70/116]    eta: 0:00:01  time: 0.0384  data_time: 0.0051  memory: 107  
2026/08/07 00:22:52 - mmengine - INFO - Epoch(val)  [76][ 80/116]    eta: 0:00:01  time: 0.0397  data_time: 0.0053  memory: 121  
2026/08/07 00:22:53 - mmengine - INFO - Epoch(val)  [76][ 90/116]    eta: 0:00:01  time: 0.0412  data_time: 0.0056  memory: 139  
2026/08/07 00:22:53 - mmengine - INFO - Epoch(val)  [76][100/116]    eta: 0:00:00  time: 0.0412  data_time: 0.0056  memory: 131  
2026/08/07 00:22:54 - mmengine - INFO - Epoch(val)  [76][110/116]    eta: 0:00:00  time: 0.0404  data_time: 0.0053  memory: 115  
2026/08/07 00:22:54 - mmengine - INFO - Evaluating bbox...
2026/08/07 00:22:54 - mmengine - INFO - bbox_mAP_copypaste: 0.607 0.869 0.708 0.000 0.726 0.550
2026/08/07 00:22:54 - mmengine - INFO - Evaluating segm...
2026/08/07 00:22:54 - mmengine - INFO - segm_mAP_copypaste: 0.617 0.872 0.714 0.000 0.734 0.563
2026/08/07 00:22:56 - mmengine - INFO - val kayip: val_kayip_cls 0.3521  val_kayip_bbox 0.2632  val_kayip_mask 0.1291  val_kayip 0.7444
2026/08/07 00:22:56 - mmengine - INFO - Epoch(val) [76][116/116]    busi/dice_tum: 0.8279  busi/dice_lezyonlu: 0.8025  busi/bos_dogru: 19  busi/esik: 0.3000  val_kayip_cls: 0.3521  val_kayip_bbox: 0.2632  val_kayip_mask: 0.1291  val_kayip: 0.7444  coco/bbox_mAP: 0.6070  coco/bbox_mAP_50: 0.8690  coco/bbox_mAP_75: 0.7080  coco/bbox_mAP_s: 0.0000  coco/bbox_mAP_m: 0.7260  coco/bbox_mAP_l: 0.5500  coco/segm_mAP: 0.6170  coco/segm_mAP_50: 0.8720  coco/segm_mAP_75: 0.7140  coco/segm_mAP_s: 0.0000  coco/segm_mAP_m: 0.7340  coco/segm_mAP_l: 0.5630  data_time: 0.0053  time: 0.0394
2026/08/07 00:23:00 - mmengine - INFO - Epoch(train)  [77][10/68]  base_lr: 6.1404e-05 lr: 6.1404e-05  eta: 0:09:24  time: 0.3483  data_time: 0.1301  memory: 601  grad_norm: 10.4881  loss: 0.3911  loss_cls: 0.0901  loss_bbox: 0.2113  loss_mask: 0.0897
2026/08/07 00:23:03 - mmengine - INFO - Epoch(train)  [77][20/68]  base_lr: 6.0857e-05 lr: 6.0857e-05  eta: 0:09:20  time: 0.3495  data_time: 0.1305  memory: 600  grad_norm: 10.4216  loss: 0.3902  loss_cls: 0.0880  loss_bbox: 0.2124  loss_mask: 0.0899
2026/08/07 00:23:06 - mmengine - INFO - Epoch(train)  [77][30/68]  base_lr: 6.0310e-05 lr: 6.0310e-05  eta: 0:09:17  time: 0.3482  data_time: 0.1289  memory: 601  grad_norm: 10.5605  loss: 0.3886  loss_cls: 0.0875  loss_bbox: 0.2104  loss_mask: 0.0907
2026/08/07 00:23:10 - mmengine - INFO - Epoch(train)  [77][40/68]  base_lr: 5.9764e-05 lr: 5.9764e-05  eta: 0:09:13  time: 0.3506  data_time: 0.1314  memory: 603  grad_norm: 10.9535  loss: 0.3949  loss_cls: 0.0957  loss_bbox: 0.2101  loss_mask: 0.0891
2026/08/07 00:23:13 - mmengine - INFO - Epoch(train)  [77][50/68]  base_lr: 5.9219e-05 lr: 5.9219e-05  eta: 0:09:10  time: 0.3516  data_time: 0.1317  memory: 602  grad_norm: 10.6972  loss: 0.3949  loss_cls: 0.0957  loss_bbox: 0.2107  loss_mask: 0.0885
2026/08/07 00:23:17 - mmengine - INFO - Epoch(train)  [77][60/68]  base_lr: 5.8673e-05 lr: 5.8673e-05  eta: 0:09:06  time: 0.3455  data_time: 0.1275  memory: 601  grad_norm: 10.2047  loss: 0.3943  loss_cls: 0.0970  loss_bbox: 0.2081  loss_mask: 0.0892
2026/08/07 00:23:19 - mmengine - INFO - Exp name: rtmdet_ins_busi_20260806_234040
2026/08/07 00:23:19 - mmengine - INFO - Saving checkpoint at 77 epochs
2026/08/07 00:23:22 - mmengine - INFO - Epoch(val)  [77][ 10/116]    eta: 0:00:04  time: 0.0409  data_time: 0.0055  memory: 600  
2026/08/07 00:23:22 - mmengine - INFO - Epoch(val)  [77][ 20/116]    eta: 0:00:03  time: 0.0399  data_time: 0.0054  memory: 110  
2026/08/07 00:23:23 - mmengine - INFO - Epoch(val)  [77][ 30/116]    eta: 0:00:03  time: 0.0388  data_time: 0.0051  memory: 112  
2026/08/07 00:23:23 - mmengine - INFO - Epoch(val)  [77][ 40/116]    eta: 0:00:02  time: 0.0383  data_time: 0.0050  memory: 118  
2026/08/07 00:23:23 - mmengine - INFO - Epoch(val)  [77][ 50/116]    eta: 0:00:02  time: 0.0388  data_time: 0.0052  memory: 147  
2026/08/07 00:23:24 - mmengine - INFO - Epoch(val)  [77][ 60/116]    eta: 0:00:02  time: 0.0399  data_time: 0.0055  memory: 112  
2026/08/07 00:23:24 - mmengine - INFO - Epoch(val)  [77][ 70/116]    eta: 0:00:01  time: 0.0404  data_time: 0.0055  memory: 111  
2026/08/07 00:23:25 - mmengine - INFO - Epoch(val)  [77][ 80/116]    eta: 0:00:01  time: 0.0405  data_time: 0.0055  memory: 121  
2026/08/07 00:23:25 - mmengine - INFO - Epoch(val)  [77][ 90/116]    eta: 0:00:01  time: 0.0420  data_time: 0.0059  memory: 139  
2026/08/07 00:23:25 - mmengine - INFO - Epoch(val)  [77][100/116]    eta: 0:00:00  time: 0.0414  data_time: 0.0056  memory: 143  
2026/08/07 00:23:26 - mmengine - INFO - Epoch(val)  [77][110/116]    eta: 0:00:00  time: 0.0406  data_time: 0.0053  memory: 115  
2026/08/07 00:23:26 - mmengine - INFO - Evaluating bbox...
2026/08/07 00:23:26 - mmengine - INFO - bbox_mAP_copypaste: 0.619 0.869 0.738 0.000 0.730 0.566
2026/08/07 00:23:26 - mmengine - INFO - Evaluating segm...
2026/08/07 00:23:26 - mmengine - INFO - segm_mAP_copypaste: 0.624 0.876 0.737 0.000 0.725 0.578
2026/08/07 00:23:28 - mmengine - INFO - val kayip: val_kayip_cls 0.4032  val_kayip_bbox 0.2495  val_kayip_mask 0.1245  val_kayip 0.7772
2026/08/07 00:23:28 - mmengine - INFO - Epoch(val) [77][116/116]    busi/dice_tum: 0.8187  busi/dice_lezyonlu: 0.8018  busi/bos_dogru: 18  busi/esik: 0.3000  val_kayip_cls: 0.4032  val_kayip_bbox: 0.2495  val_kayip_mask: 0.1245  val_kayip: 0.7772  coco/bbox_mAP: 0.6190  coco/bbox_mAP_50: 0.8690  coco/bbox_mAP_75: 0.7380  coco/bbox_mAP_s: 0.0000  coco/bbox_mAP_m: 0.7300  coco/bbox_mAP_l: 0.5660  coco/segm_mAP: 0.6240  coco/segm_mAP_50: 0.8760  coco/segm_mAP_75: 0.7370  coco/segm_mAP_s: 0.0000  coco/segm_mAP_m: 0.7250  coco/segm_mAP_l: 0.5780  data_time: 0.0054  time: 0.0402
2026/08/07 00:23:32 - mmengine - INFO - Epoch(train)  [78][10/68]  base_lr: 5.7694e-05 lr: 5.7694e-05  eta: 0:09:00  time: 0.3461  data_time: 0.1287  memory: 602  grad_norm: 10.4186  loss: 0.4026  loss_cls: 0.1020  loss_bbox: 0.2091  loss_mask: 0.0915
2026/08/07 00:23:35 - mmengine - INFO - Epoch(train)  [78][20/68]  base_lr: 5.7150e-05 lr: 5.7150e-05  eta: 0:08:56  time: 0.3495  data_time: 0.1298  memory: 601  grad_norm: 10.2667  loss: 0.3957  loss_cls: 0.0943  loss_bbox: 0.2089  loss_mask: 0.0925
2026/08/07 00:23:39 - mmengine - INFO - Epoch(train)  [78][30/68]  base_lr: 5.6608e-05 lr: 5.6608e-05  eta: 0:08:53  time: 0.3478  data_time: 0.1284  memory: 603  grad_norm: 10.7205  loss: 0.3970  loss_cls: 0.0953  loss_bbox: 0.2094  loss_mask: 0.0924
2026/08/07 00:23:42 - mmengine - INFO - Epoch(train)  [78][40/68]  base_lr: 5.6066e-05 lr: 5.6066e-05  eta: 0:08:50  time: 0.3523  data_time: 0.1316  memory: 602  grad_norm: 11.1496  loss: 0.4000  loss_cls: 0.0927  loss_bbox: 0.2134  loss_mask: 0.0939
2026/08/07 00:23:46 - mmengine - INFO - Epoch(train)  [78][50/68]  base_lr: 5.5525e-05 lr: 5.5525e-05  eta: 0:08:46  time: 0.3598  data_time: 0.1374  memory: 601  grad_norm: 10.8078  loss: 0.3925  loss_cls: 0.0886  loss_bbox: 0.2130  loss_mask: 0.0909
2026/08/07 00:23:50 - mmengine - INFO - Epoch(train)  [78][60/68]  base_lr: 5.4985e-05 lr: 5.4985e-05  eta: 0:08:43  time: 0.3588  data_time: 0.1370  memory: 602  grad_norm: 10.6475  loss: 0.3825  loss_cls: 0.0861  loss_bbox: 0.2067  loss_mask: 0.0897
2026/08/07 00:23:52 - mmengine - INFO - Exp name: rtmdet_ins_busi_20260806_234040
2026/08/07 00:23:52 - mmengine - INFO - Saving checkpoint at 78 epochs
2026/08/07 00:23:54 - mmengine - INFO - Epoch(val)  [78][ 10/116]    eta: 0:00:04  time: 0.0423  data_time: 0.0055  memory: 602  
2026/08/07 00:23:55 - mmengine - INFO - Epoch(val)  [78][ 20/116]    eta: 0:00:03  time: 0.0417  data_time: 0.0056  memory: 107  
2026/08/07 00:23:55 - mmengine - INFO - Epoch(val)  [78][ 30/116]    eta: 0:00:03  time: 0.0403  data_time: 0.0053  memory: 112  
2026/08/07 00:23:56 - mmengine - INFO - Epoch(val)  [78][ 40/116]    eta: 0:00:02  time: 0.0390  data_time: 0.0051  memory: 115  
2026/08/07 00:23:56 - mmengine - INFO - Epoch(val)  [78][ 50/116]    eta: 0:00:02  time: 0.0386  data_time: 0.0052  memory: 142  
2026/08/07 00:23:56 - mmengine - INFO - Epoch(val)  [78][ 60/116]    eta: 0:00:02  time: 0.0388  data_time: 0.0054  memory: 112  
2026/08/07 00:23:57 - mmengine - INFO - Epoch(val)  [78][ 70/116]    eta: 0:00:01  time: 0.0386  data_time: 0.0053  memory: 111  
2026/08/07 00:23:57 - mmengine - INFO - Epoch(val)  [78][ 80/116]    eta: 0:00:01  time: 0.0398  data_time: 0.0054  memory: 118  
2026/08/07 00:23:58 - mmengine - INFO - Epoch(val)  [78][ 90/116]    eta: 0:00:01  time: 0.0413  data_time: 0.0057  memory: 139  
2026/08/07 00:23:58 - mmengine - INFO - Epoch(val)  [78][100/116]    eta: 0:00:00  time: 0.0413  data_time: 0.0057  memory: 145  
2026/08/07 00:23:58 - mmengine - INFO - Epoch(val)  [78][110/116]    eta: 0:00:00  time: 0.0402  data_time: 0.0054  memory: 115  
2026/08/07 00:23:59 - mmengine - INFO - Evaluating bbox...
2026/08/07 00:23:59 - mmengine - INFO - bbox_mAP_copypaste: 0.607 0.869 0.715 0.000 0.707 0.560
2026/08/07 00:23:59 - mmengine - INFO - Evaluating segm...
2026/08/07 00:23:59 - mmengine - INFO - segm_mAP_copypaste: 0.615 0.875 0.723 0.000 0.715 0.568
2026/08/07 00:24:01 - mmengine - INFO - val kayip: val_kayip_cls 0.3213  val_kayip_bbox 0.2560  val_kayip_mask 0.1277  val_kayip 0.7050
2026/08/07 00:24:01 - mmengine - INFO - Epoch(val) [78][116/116]    busi/dice_tum: 0.8266  busi/dice_lezyonlu: 0.8009  busi/bos_dogru: 19  busi/esik: 0.3000  val_kayip_cls: 0.3213  val_kayip_bbox: 0.2560  val_kayip_mask: 0.1277  val_kayip: 0.7050  coco/bbox_mAP: 0.6070  coco/bbox_mAP_50: 0.8690  coco/bbox_mAP_75: 0.7150  coco/bbox_mAP_s: 0.0000  coco/bbox_mAP_m: 0.7070  coco/bbox_mAP_l: 0.5600  coco/segm_mAP: 0.6150  coco/segm_mAP_50: 0.8750  coco/segm_mAP_75: 0.7230  coco/segm_mAP_s: 0.0000  coco/segm_mAP_m: 0.7150  coco/segm_mAP_l: 0.5680  data_time: 0.0054  time: 0.0398
2026/08/07 00:24:04 - mmengine - INFO - Epoch(train)  [79][10/68]  base_lr: 5.4015e-05 lr: 5.4015e-05  eta: 0:08:36  time: 0.3477  data_time: 0.1281  memory: 604  grad_norm: 10.3873  loss: 0.3740  loss_cls: 0.0818  loss_bbox: 0.2025  loss_mask: 0.0896
2026/08/07 00:24:07 - mmengine - INFO - Epoch(train)  [79][20/68]  base_lr: 5.3477e-05 lr: 5.3477e-05  eta: 0:08:33  time: 0.3445  data_time: 0.1244  memory: 602  grad_norm: 10.7338  loss: 0.3720  loss_cls: 0.0824  loss_bbox: 0.2007  loss_mask: 0.0888
2026/08/07 00:24:11 - mmengine - INFO - Epoch(train)  [79][30/68]  base_lr: 5.2941e-05 lr: 5.2941e-05  eta: 0:08:29  time: 0.3411  data_time: 0.1231  memory: 602  grad_norm: 10.6685  loss: 0.3713  loss_cls: 0.0832  loss_bbox: 0.1974  loss_mask: 0.0907
2026/08/07 00:24:14 - mmengine - INFO - Epoch(train)  [79][40/68]  base_lr: 5.2405e-05 lr: 5.2405e-05  eta: 0:08:26  time: 0.3351  data_time: 0.1190  memory: 599  grad_norm: 10.8802  loss: 0.3776  loss_cls: 0.0847  loss_bbox: 0.2026  loss_mask: 0.0903
2026/08/07 00:24:18 - mmengine - INFO - Epoch(train)  [79][50/68]  base_lr: 5.1871e-05 lr: 5.1871e-05  eta: 0:08:22  time: 0.3406  data_time: 0.1224  memory: 601  grad_norm: 10.7701  loss: 0.3838  loss_cls: 0.0906  loss_bbox: 0.2027  loss_mask: 0.0905
2026/08/07 00:24:21 - mmengine - INFO - Epoch(train)  [79][60/68]  base_lr: 5.1338e-05 lr: 5.1338e-05  eta: 0:08:19  time: 0.3434  data_time: 0.1264  memory: 604  grad_norm: 10.6522  loss: 0.3793  loss_cls: 0.0906  loss_bbox: 0.1998  loss_mask: 0.0888
2026/08/07 00:24:24 - mmengine - INFO - Exp name: rtmdet_ins_busi_20260806_234040
2026/08/07 00:24:24 - mmengine - INFO - Saving checkpoint at 79 epochs
2026/08/07 00:24:26 - mmengine - INFO - Epoch(val)  [79][ 10/116]    eta: 0:00:04  time: 0.0417  data_time: 0.0057  memory: 603  
2026/08/07 00:24:27 - mmengine - INFO - Epoch(val)  [79][ 20/116]    eta: 0:00:04  time: 0.0415  data_time: 0.0057  memory: 110  
2026/08/07 00:24:27 - mmengine - INFO - Epoch(val)  [79][ 30/116]    eta: 0:00:03  time: 0.0398  data_time: 0.0053  memory: 112  
2026/08/07 00:24:27 - mmengine - INFO - Epoch(val)  [79][ 40/116]    eta: 0:00:02  time: 0.0395  data_time: 0.0051  memory: 122  
2026/08/07 00:24:28 - mmengine - INFO - Epoch(val)  [79][ 50/116]    eta: 0:00:02  time: 0.0402  data_time: 0.0052  memory: 142  
2026/08/07 00:24:28 - mmengine - INFO - Epoch(val)  [79][ 60/116]    eta: 0:00:02  time: 0.0397  data_time: 0.0054  memory: 107  
2026/08/07 00:24:29 - mmengine - INFO - Epoch(val)  [79][ 70/116]    eta: 0:00:01  time: 0.0396  data_time: 0.0053  memory: 107  
2026/08/07 00:24:29 - mmengine - INFO - Epoch(val)  [79][ 80/116]    eta: 0:00:01  time: 0.0409  data_time: 0.0056  memory: 118  
2026/08/07 00:24:30 - mmengine - INFO - Epoch(val)  [79][ 90/116]    eta: 0:00:01  time: 0.0423  data_time: 0.0059  memory: 145  
2026/08/07 00:24:30 - mmengine - INFO - Epoch(val)  [79][100/116]    eta: 0:00:00  time: 0.0413  data_time: 0.0056  memory: 136  
2026/08/07 00:24:30 - mmengine - INFO - Epoch(val)  [79][110/116]    eta: 0:00:00  time: 0.0406  data_time: 0.0054  memory: 115  
2026/08/07 00:24:31 - mmengine - INFO - Evaluating bbox...
2026/08/07 00:24:31 - mmengine - INFO - bbox_mAP_copypaste: 0.605 0.866 0.707 0.000 0.715 0.552
2026/08/07 00:24:31 - mmengine - INFO - Evaluating segm...
2026/08/07 00:24:31 - mmengine - INFO - segm_mAP_copypaste: 0.613 0.872 0.727 0.000 0.728 0.558
2026/08/07 00:24:33 - mmengine - INFO - val kayip: val_kayip_cls 0.4245  val_kayip_bbox 0.2568  val_kayip_mask 0.1269  val_kayip 0.8081
2026/08/07 00:24:33 - mmengine - INFO - Epoch(val) [79][116/116]    busi/dice_tum: 0.8209  busi/dice_lezyonlu: 0.7940  busi/bos_dogru: 19  busi/esik: 0.4000  val_kayip_cls: 0.4245  val_kayip_bbox: 0.2568  val_kayip_mask: 0.1269  val_kayip: 0.8081  coco/bbox_mAP: 0.6050  coco/bbox_mAP_50: 0.8660  coco/bbox_mAP_75: 0.7070  coco/bbox_mAP_s: 0.0000  coco/bbox_mAP_m: 0.7150  coco/bbox_mAP_l: 0.5520  coco/segm_mAP: 0.6130  coco/segm_mAP_50: 0.8720  coco/segm_mAP_75: 0.7270  coco/segm_mAP_s: 0.0000  coco/segm_mAP_m: 0.7280  coco/segm_mAP_l: 0.5580  data_time: 0.0054  time: 0.0406
2026/08/07 00:24:36 - mmengine - INFO - Epoch(train)  [80][10/68]  base_lr: 5.0381e-05 lr: 5.0381e-05  eta: 0:08:12  time: 0.3360  data_time: 0.1234  memory: 602  grad_norm: 10.3161  loss: 0.3859  loss_cls: 0.0922  loss_bbox: 0.2039  loss_mask: 0.0899
2026/08/07 00:24:40 - mmengine - INFO - Epoch(train)  [80][20/68]  base_lr: 4.9852e-05 lr: 4.9852e-05  eta: 0:08:09  time: 0.3444  data_time: 0.1291  memory: 603  grad_norm: 10.2968  loss: 0.3752  loss_cls: 0.0906  loss_bbox: 0.1978  loss_mask: 0.0868
2026/08/07 00:24:43 - mmengine - INFO - Epoch(train)  [80][30/68]  base_lr: 4.9323e-05 lr: 4.9323e-05  eta: 0:08:05  time: 0.3411  data_time: 0.1281  memory: 602  grad_norm: 10.3583  loss: 0.3686  loss_cls: 0.0853  loss_bbox: 0.1980  loss_mask: 0.0854
2026/08/07 00:24:46 - mmengine - INFO - Epoch(train)  [80][40/68]  base_lr: 4.8797e-05 lr: 4.8797e-05  eta: 0:08:02  time: 0.3375  data_time: 0.1239  memory: 604  grad_norm: 10.5125  loss: 0.3758  loss_cls: 0.0892  loss_bbox: 0.2002  loss_mask: 0.0864
2026/08/07 00:24:50 - mmengine - INFO - Epoch(train)  [80][50/68]  base_lr: 4.8271e-05 lr: 4.8271e-05  eta: 0:07:58  time: 0.3426  data_time: 0.1259  memory: 600  grad_norm: 10.4151  loss: 0.3761  loss_cls: 0.0865  loss_bbox: 0.2018  loss_mask: 0.0878
2026/08/07 00:24:53 - mmengine - INFO - Epoch(train)  [80][60/68]  base_lr: 4.7747e-05 lr: 4.7747e-05  eta: 0:07:55  time: 0.3434  data_time: 0.1268  memory: 601  grad_norm: 10.0416  loss: 0.3707  loss_cls: 0.0878  loss_bbox: 0.1988  loss_mask: 0.0842
2026/08/07 00:24:56 - mmengine - INFO - Exp name: rtmdet_ins_busi_20260806_234040
2026/08/07 00:24:56 - mmengine - INFO - Saving checkpoint at 80 epochs
2026/08/07 00:24:58 - mmengine - INFO - Epoch(val)  [80][ 10/116]    eta: 0:00:04  time: 0.0409  data_time: 0.0055  memory: 603  
2026/08/07 00:24:58 - mmengine - INFO - Epoch(val)  [80][ 20/116]    eta: 0:00:03  time: 0.0398  data_time: 0.0053  memory: 110  
2026/08/07 00:24:59 - mmengine - INFO - Epoch(val)  [80][ 30/116]    eta: 0:00:03  time: 0.0386  data_time: 0.0049  memory: 112  
2026/08/07 00:24:59 - mmengine - INFO - Epoch(val)  [80][ 40/116]    eta: 0:00:02  time: 0.0382  data_time: 0.0048  memory: 118  
2026/08/07 00:25:00 - mmengine - INFO - Epoch(val)  [80][ 50/116]    eta: 0:00:02  time: 0.0381  data_time: 0.0049  memory: 141  
2026/08/07 00:25:00 - mmengine - INFO - Epoch(val)  [80][ 60/116]    eta: 0:00:02  time: 0.0385  data_time: 0.0051  memory: 112  
2026/08/07 00:25:00 - mmengine - INFO - Epoch(val)  [80][ 70/116]    eta: 0:00:01  time: 0.0381  data_time: 0.0052  memory: 103  
2026/08/07 00:25:01 - mmengine - INFO - Epoch(val)  [80][ 80/116]    eta: 0:00:01  time: 0.0385  data_time: 0.0053  memory: 121  
2026/08/07 00:25:01 - mmengine - INFO - Epoch(val)  [80][ 90/116]    eta: 0:00:00  time: 0.0393  data_time: 0.0056  memory: 139  
2026/08/07 00:25:02 - mmengine - INFO - Epoch(val)  [80][100/116]    eta: 0:00:00  time: 0.0387  data_time: 0.0055  memory: 131  
2026/08/07 00:25:02 - mmengine - INFO - Epoch(val)  [80][110/116]    eta: 0:00:00  time: 0.0388  data_time: 0.0055  memory: 115  
2026/08/07 00:25:02 - mmengine - INFO - Evaluating bbox...
2026/08/07 00:25:02 - mmengine - INFO - bbox_mAP_copypaste: 0.600 0.864 0.701 0.000 0.705 0.548
2026/08/07 00:25:02 - mmengine - INFO - Evaluating segm...
2026/08/07 00:25:02 - mmengine - INFO - segm_mAP_copypaste: 0.616 0.871 0.716 0.000 0.732 0.560
2026/08/07 00:25:04 - mmengine - INFO - val kayip: val_kayip_cls 0.3788  val_kayip_bbox 0.2652  val_kayip_mask 0.1295  val_kayip 0.7734
2026/08/07 00:25:04 - mmengine - INFO - Epoch(val) [80][116/116]    busi/dice_tum: 0.8271  busi/dice_lezyonlu: 0.8015  busi/bos_dogru: 19  busi/esik: 0.4000  val_kayip_cls: 0.3788  val_kayip_bbox: 0.2652  val_kayip_mask: 0.1295  val_kayip: 0.7734  coco/bbox_mAP: 0.6000  coco/bbox_mAP_50: 0.8640  coco/bbox_mAP_75: 0.7010  coco/bbox_mAP_s: 0.0000  coco/bbox_mAP_m: 0.7050  coco/bbox_mAP_l: 0.5480  coco/segm_mAP: 0.6160  coco/segm_mAP_50: 0.8710  coco/segm_mAP_75: 0.7160  coco/segm_mAP_s: 0.0000  coco/segm_mAP_m: 0.7320  coco/segm_mAP_l: 0.5600  data_time: 0.0053  time: 0.0387
2026/08/07 00:25:08 - mmengine - INFO - Epoch(train)  [81][10/68]  base_lr: 4.6808e-05 lr: 4.6808e-05  eta: 0:07:49  time: 0.3402  data_time: 0.1245  memory: 600  grad_norm: 10.6964  loss: 0.3868  loss_cls: 0.0863  loss_bbox: 0.2102  loss_mask: 0.0904
2026/08/07 00:25:11 - mmengine - INFO - Epoch(train)  [81][20/68]  base_lr: 4.6289e-05 lr: 4.6289e-05  eta: 0:07:45  time: 0.3433  data_time: 0.1257  memory: 602  grad_norm: 10.4549  loss: 0.3870  loss_cls: 0.0859  loss_bbox: 0.2092  loss_mask: 0.0918
2026/08/07 00:25:15 - mmengine - INFO - Epoch(train)  [81][30/68]  base_lr: 4.5771e-05 lr: 4.5771e-05  eta: 0:07:42  time: 0.3401  data_time: 0.1244  memory: 601  grad_norm: 10.3743  loss: 0.3825  loss_cls: 0.0833  loss_bbox: 0.2086  loss_mask: 0.0906
2026/08/07 00:25:18 - mmengine - INFO - Epoch(train)  [81][40/68]  base_lr: 4.5255e-05 lr: 4.5255e-05  eta: 0:07:38  time: 0.3425  data_time: 0.1263  memory: 602  grad_norm: 10.5540  loss: 0.3907  loss_cls: 0.0855  loss_bbox: 0.2122  loss_mask: 0.0930
2026/08/07 00:25:22 - mmengine - INFO - Epoch(train)  [81][50/68]  base_lr: 4.4740e-05 lr: 4.4740e-05  eta: 0:07:35  time: 0.3482  data_time: 0.1308  memory: 601  grad_norm: 10.4435  loss: 0.3867  loss_cls: 0.0866  loss_bbox: 0.2108  loss_mask: 0.0894
2026/08/07 00:25:25 - mmengine - INFO - Epoch(train)  [81][60/68]  base_lr: 4.4227e-05 lr: 4.4227e-05  eta: 0:07:31  time: 0.3453  data_time: 0.1279  memory: 601  grad_norm: 10.1216  loss: 0.3853  loss_cls: 0.0854  loss_bbox: 0.2088  loss_mask: 0.0910
2026/08/07 00:25:28 - mmengine - INFO - Exp name: rtmdet_ins_busi_20260806_234040
2026/08/07 00:25:28 - mmengine - INFO - Saving checkpoint at 81 epochs
2026/08/07 00:25:30 - mmengine - INFO - Epoch(val)  [81][ 10/116]    eta: 0:00:04  time: 0.0406  data_time: 0.0057  memory: 604  
2026/08/07 00:25:31 - mmengine - INFO - Epoch(val)  [81][ 20/116]    eta: 0:00:03  time: 0.0404  data_time: 0.0056  memory: 110  
2026/08/07 00:25:31 - mmengine - INFO - Epoch(val)  [81][ 30/116]    eta: 0:00:03  time: 0.0396  data_time: 0.0053  memory: 114  
2026/08/07 00:25:31 - mmengine - INFO - Epoch(val)  [81][ 40/116]    eta: 0:00:02  time: 0.0386  data_time: 0.0050  memory: 116  
2026/08/07 00:25:32 - mmengine - INFO - Epoch(val)  [81][ 50/116]    eta: 0:00:02  time: 0.0387  data_time: 0.0050  memory: 135  
2026/08/07 00:25:32 - mmengine - INFO - Epoch(val)  [81][ 60/116]    eta: 0:00:02  time: 0.0385  data_time: 0.0051  memory: 107  
2026/08/07 00:25:32 - mmengine - INFO - Epoch(val)  [81][ 70/116]    eta: 0:00:01  time: 0.0383  data_time: 0.0053  memory: 107  
2026/08/07 00:25:33 - mmengine - INFO - Epoch(val)  [81][ 80/116]    eta: 0:00:01  time: 0.0392  data_time: 0.0055  memory: 118  
2026/08/07 00:25:33 - mmengine - INFO - Epoch(val)  [81][ 90/116]    eta: 0:00:01  time: 0.0416  data_time: 0.0059  memory: 139  
2026/08/07 00:25:34 - mmengine - INFO - Epoch(val)  [81][100/116]    eta: 0:00:00  time: 0.0418  data_time: 0.0058  memory: 149  
2026/08/07 00:25:34 - mmengine - INFO - Epoch(val)  [81][110/116]    eta: 0:00:00  time: 0.0409  data_time: 0.0055  memory: 134  
2026/08/07 00:25:34 - mmengine - INFO - Evaluating bbox...
2026/08/07 00:25:34 - mmengine - INFO - bbox_mAP_copypaste: 0.604 0.866 0.708 0.000 0.734 0.542
2026/08/07 00:25:34 - mmengine - INFO - Evaluating segm...
2026/08/07 00:25:34 - mmengine - INFO - segm_mAP_copypaste: 0.610 0.872 0.698 0.000 0.737 0.551
2026/08/07 00:25:36 - mmengine - INFO - val kayip: val_kayip_cls 0.3805  val_kayip_bbox 0.2554  val_kayip_mask 0.1273  val_kayip 0.7632
2026/08/07 00:25:36 - mmengine - INFO - Epoch(val) [81][116/116]    busi/dice_tum: 0.8175  busi/dice_lezyonlu: 0.8003  busi/bos_dogru: 18  busi/esik: 0.3000  val_kayip_cls: 0.3805  val_kayip_bbox: 0.2554  val_kayip_mask: 0.1273  val_kayip: 0.7632  coco/bbox_mAP: 0.6040  coco/bbox_mAP_50: 0.8660  coco/bbox_mAP_75: 0.7080  coco/bbox_mAP_s: 0.0000  coco/bbox_mAP_m: 0.7340  coco/bbox_mAP_l: 0.5420  coco/segm_mAP: 0.6100  coco/segm_mAP_50: 0.8720  coco/segm_mAP_75: 0.6980  coco/segm_mAP_s: 0.0000  coco/segm_mAP_m: 0.7370  coco/segm_mAP_l: 0.5510  data_time: 0.0054  time: 0.0401
2026/08/07 00:25:40 - mmengine - INFO - Epoch(train)  [82][10/68]  base_lr: 4.3309e-05 lr: 4.3309e-05  eta: 0:07:25  time: 0.3450  data_time: 0.1291  memory: 601  grad_norm: 10.7380  loss: 0.3795  loss_cls: 0.0869  loss_bbox: 0.2048  loss_mask: 0.0878
2026/08/07 00:25:43 - mmengine - INFO - Epoch(train)  [82][20/68]  base_lr: 4.2802e-05 lr: 4.2802e-05  eta: 0:07:22  time: 0.3431  data_time: 0.1270  memory: 602  grad_norm: 10.6612  loss: 0.3687  loss_cls: 0.0793  loss_bbox: 0.2010  loss_mask: 0.0885
2026/08/07 00:25:47 - mmengine - INFO - Epoch(train)  [82][30/68]  base_lr: 4.2296e-05 lr: 4.2296e-05  eta: 0:07:18  time: 0.3429  data_time: 0.1267  memory: 603  grad_norm: 10.4687  loss: 0.3625  loss_cls: 0.0798  loss_bbox: 0.1955  loss_mask: 0.0872
2026/08/07 00:25:50 - mmengine - INFO - Epoch(train)  [82][40/68]  base_lr: 4.1793e-05 lr: 4.1793e-05  eta: 0:07:15  time: 0.3431  data_time: 0.1257  memory: 602  grad_norm: 10.4483  loss: 0.3614  loss_cls: 0.0811  loss_bbox: 0.1948  loss_mask: 0.0855
2026/08/07 00:25:54 - mmengine - INFO - Epoch(train)  [82][50/68]  base_lr: 4.1291e-05 lr: 4.1291e-05  eta: 0:07:11  time: 0.3464  data_time: 0.1282  memory: 601  grad_norm: 10.4383  loss: 0.3641  loss_cls: 0.0813  loss_bbox: 0.1960  loss_mask: 0.0868
2026/08/07 00:25:57 - mmengine - INFO - Epoch(train)  [82][60/68]  base_lr: 4.0792e-05 lr: 4.0792e-05  eta: 0:07:08  time: 0.3477  data_time: 0.1277  memory: 602  grad_norm: 10.0464  loss: 0.3713  loss_cls: 0.0828  loss_bbox: 0.1998  loss_mask: 0.0887
2026/08/07 00:26:00 - mmengine - INFO - Exp name: rtmdet_ins_busi_20260806_234040
2026/08/07 00:26:00 - mmengine - INFO - Saving checkpoint at 82 epochs
2026/08/07 00:26:02 - mmengine - INFO - Epoch(val)  [82][ 10/116]    eta: 0:00:04  time: 0.0418  data_time: 0.0056  memory: 601  
2026/08/07 00:26:03 - mmengine - INFO - Epoch(val)  [82][ 20/116]    eta: 0:00:03  time: 0.0406  data_time: 0.0054  memory: 110  
2026/08/07 00:26:03 - mmengine - INFO - Epoch(val)  [82][ 30/116]    eta: 0:00:03  time: 0.0387  data_time: 0.0051  memory: 107  
2026/08/07 00:26:04 - mmengine - INFO - Epoch(val)  [82][ 40/116]    eta: 0:00:02  time: 0.0383  data_time: 0.0050  memory: 116  
2026/08/07 00:26:04 - mmengine - INFO - Epoch(val)  [82][ 50/116]    eta: 0:00:02  time: 0.0388  data_time: 0.0052  memory: 141  
2026/08/07 00:26:04 - mmengine - INFO - Epoch(val)  [82][ 60/116]    eta: 0:00:02  time: 0.0392  data_time: 0.0054  memory: 102  
2026/08/07 00:26:05 - mmengine - INFO - Epoch(val)  [82][ 70/116]    eta: 0:00:01  time: 0.0397  data_time: 0.0054  memory: 104  
2026/08/07 00:26:05 - mmengine - INFO - Epoch(val)  [82][ 80/116]    eta: 0:00:01  time: 0.0403  data_time: 0.0056  memory: 116  
2026/08/07 00:26:06 - mmengine - INFO - Epoch(val)  [82][ 90/116]    eta: 0:00:01  time: 0.0414  data_time: 0.0059  memory: 133  
2026/08/07 00:26:06 - mmengine - INFO - Epoch(val)  [82][100/116]    eta: 0:00:00  time: 0.0403  data_time: 0.0056  memory: 151  
2026/08/07 00:26:06 - mmengine - INFO - Epoch(val)  [82][110/116]    eta: 0:00:00  time: 0.0391  data_time: 0.0053  memory: 131  
2026/08/07 00:26:07 - mmengine - INFO - Evaluating bbox...
2026/08/07 00:26:07 - mmengine - INFO - bbox_mAP_copypaste: 0.606 0.867 0.714 0.000 0.719 0.550
2026/08/07 00:26:07 - mmengine - INFO - Evaluating segm...
2026/08/07 00:26:07 - mmengine - INFO - segm_mAP_copypaste: 0.612 0.873 0.718 0.000 0.727 0.557
2026/08/07 00:26:09 - mmengine - INFO - val kayip: val_kayip_cls 0.3850  val_kayip_bbox 0.2583  val_kayip_mask 0.1276  val_kayip 0.7709
2026/08/07 00:26:09 - mmengine - INFO - Epoch(val) [82][116/116]    busi/dice_tum: 0.8072  busi/dice_lezyonlu: 0.7774  busi/bos_dogru: 19  busi/esik: 0.4000  val_kayip_cls: 0.3850  val_kayip_bbox: 0.2583  val_kayip_mask: 0.1276  val_kayip: 0.7709  coco/bbox_mAP: 0.6060  coco/bbox_mAP_50: 0.8670  coco/bbox_mAP_75: 0.7140  coco/bbox_mAP_s: 0.0000  coco/bbox_mAP_m: 0.7190  coco/bbox_mAP_l: 0.5500  coco/segm_mAP: 0.6120  coco/segm_mAP_50: 0.8730  coco/segm_mAP_75: 0.7180  coco/segm_mAP_s: 0.0000  coco/segm_mAP_m: 0.7270  coco/segm_mAP_l: 0.5570  data_time: 0.0054  time: 0.0394
2026/08/07 00:26:12 - mmengine - INFO - Epoch(train)  [83][10/68]  base_lr: 3.9898e-05 lr: 3.9898e-05  eta: 0:07:01  time: 0.3477  data_time: 0.1293  memory: 601  grad_norm: 10.2131  loss: 0.3690  loss_cls: 0.0809  loss_bbox: 0.2006  loss_mask: 0.0875
2026/08/07 00:26:15 - mmengine - INFO - Epoch(train)  [83][20/68]  base_lr: 3.9405e-05 lr: 3.9405e-05  eta: 0:06:58  time: 0.3427  data_time: 0.1251  memory: 601  grad_norm: 10.1437  loss: 0.3731  loss_cls: 0.0806  loss_bbox: 0.2034  loss_mask: 0.0890
2026/08/07 00:26:19 - mmengine - INFO - Epoch(train)  [83][30/68]  base_lr: 3.8914e-05 lr: 3.8914e-05  eta: 0:06:54  time: 0.3422  data_time: 0.1258  memory: 603  grad_norm: 9.9911  loss: 0.3689  loss_cls: 0.0804  loss_bbox: 0.1997  loss_mask: 0.0889
2026/08/07 00:26:22 - mmengine - INFO - Epoch(train)  [83][40/68]  base_lr: 3.8425e-05 lr: 3.8425e-05  eta: 0:06:51  time: 0.3419  data_time: 0.1245  memory: 601  grad_norm: 10.2747  loss: 0.3832  loss_cls: 0.0857  loss_bbox: 0.2076  loss_mask: 0.0899
2026/08/07 00:26:26 - mmengine - INFO - Epoch(train)  [83][50/68]  base_lr: 3.7939e-05 lr: 3.7939e-05  eta: 0:06:47  time: 0.3394  data_time: 0.1220  memory: 602  grad_norm: 10.0515  loss: 0.3748  loss_cls: 0.0851  loss_bbox: 0.2019  loss_mask: 0.0879
2026/08/07 00:26:29 - mmengine - INFO - Epoch(train)  [83][60/68]  base_lr: 3.7455e-05 lr: 3.7455e-05  eta: 0:06:44  time: 0.3367  data_time: 0.1218  memory: 599  grad_norm: 10.6898  loss: 0.3778  loss_cls: 0.0899  loss_bbox: 0.2013  loss_mask: 0.0866
2026/08/07 00:26:32 - mmengine - INFO - Exp name: rtmdet_ins_busi_20260806_234040
2026/08/07 00:26:32 - mmengine - INFO - Saving checkpoint at 83 epochs
2026/08/07 00:26:34 - mmengine - INFO - Epoch(val)  [83][ 10/116]    eta: 0:00:03  time: 0.0392  data_time: 0.0053  memory: 602  
2026/08/07 00:26:34 - mmengine - INFO - Epoch(val)  [83][ 20/116]    eta: 0:00:03  time: 0.0381  data_time: 0.0051  memory: 110  
2026/08/07 00:26:35 - mmengine - INFO - Epoch(val)  [83][ 30/116]    eta: 0:00:03  time: 0.0368  data_time: 0.0048  memory: 112  
2026/08/07 00:26:35 - mmengine - INFO - Epoch(val)  [83][ 40/116]    eta: 0:00:02  time: 0.0367  data_time: 0.0047  memory: 111  
2026/08/07 00:26:35 - mmengine - INFO - Epoch(val)  [83][ 50/116]    eta: 0:00:02  time: 0.0371  data_time: 0.0049  memory: 135  
2026/08/07 00:26:36 - mmengine - INFO - Epoch(val)  [83][ 60/116]    eta: 0:00:02  time: 0.0377  data_time: 0.0050  memory: 106  
2026/08/07 00:26:36 - mmengine - INFO - Epoch(val)  [83][ 70/116]    eta: 0:00:01  time: 0.0381  data_time: 0.0051  memory: 107  
2026/08/07 00:26:37 - mmengine - INFO - Epoch(val)  [83][ 80/116]    eta: 0:00:01  time: 0.0385  data_time: 0.0052  memory: 118  
2026/08/07 00:26:37 - mmengine - INFO - Epoch(val)  [83][ 90/116]    eta: 0:00:00  time: 0.0394  data_time: 0.0056  memory: 133  
2026/08/07 00:26:37 - mmengine - INFO - Epoch(val)  [83][100/116]    eta: 0:00:00  time: 0.0390  data_time: 0.0053  memory: 149  
2026/08/07 00:26:38 - mmengine - INFO - Epoch(val)  [83][110/116]    eta: 0:00:00  time: 0.0390  data_time: 0.0052  memory: 120  
2026/08/07 00:26:38 - mmengine - INFO - Evaluating bbox...
2026/08/07 00:26:38 - mmengine - INFO - bbox_mAP_copypaste: 0.609 0.871 0.709 0.000 0.721 0.554
2026/08/07 00:26:38 - mmengine - INFO - Evaluating segm...
2026/08/07 00:26:38 - mmengine - INFO - segm_mAP_copypaste: 0.614 0.876 0.721 0.000 0.726 0.559
2026/08/07 00:26:40 - mmengine - INFO - val kayip: val_kayip_cls 0.3785  val_kayip_bbox 0.2572  val_kayip_mask 0.1289  val_kayip 0.7647
2026/08/07 00:26:40 - mmengine - INFO - Epoch(val) [83][116/116]    busi/dice_tum: 0.8264  busi/dice_lezyonlu: 0.8007  busi/bos_dogru: 19  busi/esik: 0.3000  val_kayip_cls: 0.3785  val_kayip_bbox: 0.2572  val_kayip_mask: 0.1289  val_kayip: 0.7647  coco/bbox_mAP: 0.6090  coco/bbox_mAP_50: 0.8710  coco/bbox_mAP_75: 0.7090  coco/bbox_mAP_s: 0.0000  coco/bbox_mAP_m: 0.7210  coco/bbox_mAP_l: 0.5540  coco/segm_mAP: 0.6140  coco/segm_mAP_50: 0.8760  coco/segm_mAP_75: 0.7210  coco/segm_mAP_s: 0.0000  coco/segm_mAP_m: 0.7260  coco/segm_mAP_l: 0.5590  data_time: 0.0051  time: 0.0383
2026/08/07 00:26:43 - mmengine - INFO - Epoch(train)  [84][10/68]  base_lr: 3.6589e-05 lr: 3.6589e-05  eta: 0:06:38  time: 0.3378  data_time: 0.1212  memory: 602  grad_norm: 11.1737  loss: 0.3842  loss_cls: 0.0936  loss_bbox: 0.2026  loss_mask: 0.0880
2026/08/07 00:26:47 - mmengine - INFO - Epoch(train)  [84][20/68]  base_lr: 3.6112e-05 lr: 3.6112e-05  eta: 0:06:34  time: 0.3352  data_time: 0.1220  memory: 600  grad_norm: 10.8094  loss: 0.3740  loss_cls: 0.0908  loss_bbox: 0.1949  loss_mask: 0.0883
2026/08/07 00:26:50 - mmengine - INFO - Epoch(train)  [84][30/68]  base_lr: 3.5637e-05 lr: 3.5637e-05  eta: 0:06:31  time: 0.3386  data_time: 0.1267  memory: 603  grad_norm: 11.0911  loss: 0.3748  loss_cls: 0.0889  loss_bbox: 0.1977  loss_mask: 0.0882
2026/08/07 00:26:54 - mmengine - INFO - Epoch(train)  [84][40/68]  base_lr: 3.5165e-05 lr: 3.5165e-05  eta: 0:06:27  time: 0.3405  data_time: 0.1255  memory: 602  grad_norm: 10.9499  loss: 0.3756  loss_cls: 0.0870  loss_bbox: 0.1989  loss_mask: 0.0898
2026/08/07 00:26:57 - mmengine - INFO - Epoch(train)  [84][50/68]  base_lr: 3.4695e-05 lr: 3.4695e-05  eta: 0:06:24  time: 0.3351  data_time: 0.1195  memory: 601  grad_norm: 10.4567  loss: 0.3729  loss_cls: 0.0841  loss_bbox: 0.2013  loss_mask: 0.0876
2026/08/07 00:27:00 - mmengine - INFO - Epoch(train)  [84][60/68]  base_lr: 3.4228e-05 lr: 3.4228e-05  eta: 0:06:20  time: 0.3366  data_time: 0.1225  memory: 602  grad_norm: 10.1670  loss: 0.3687  loss_cls: 0.0817  loss_bbox: 0.2004  loss_mask: 0.0866
2026/08/07 00:27:03 - mmengine - INFO - Exp name: rtmdet_ins_busi_20260806_234040
2026/08/07 00:27:03 - mmengine - INFO - Saving checkpoint at 84 epochs
2026/08/07 00:27:05 - mmengine - INFO - Epoch(val)  [84][ 10/116]    eta: 0:00:04  time: 0.0403  data_time: 0.0053  memory: 603  
2026/08/07 00:27:06 - mmengine - INFO - Epoch(val)  [84][ 20/116]    eta: 0:00:03  time: 0.0398  data_time: 0.0052  memory: 110  
2026/08/07 00:27:06 - mmengine - INFO - Epoch(val)  [84][ 30/116]    eta: 0:00:03  time: 0.0385  data_time: 0.0050  memory: 112  
2026/08/07 00:27:06 - mmengine - INFO - Epoch(val)  [84][ 40/116]    eta: 0:00:02  time: 0.0383  data_time: 0.0049  memory: 116  
2026/08/07 00:27:07 - mmengine - INFO - Epoch(val)  [84][ 50/116]    eta: 0:00:02  time: 0.0377  data_time: 0.0049  memory: 130  
2026/08/07 00:27:07 - mmengine - INFO - Epoch(val)  [84][ 60/116]    eta: 0:00:02  time: 0.0390  data_time: 0.0053  memory: 107  
2026/08/07 00:27:08 - mmengine - INFO - Epoch(val)  [84][ 70/116]    eta: 0:00:01  time: 0.0391  data_time: 0.0054  memory: 107  
2026/08/07 00:27:08 - mmengine - INFO - Epoch(val)  [84][ 80/116]    eta: 0:00:01  time: 0.0403  data_time: 0.0057  memory: 118  
2026/08/07 00:27:09 - mmengine - INFO - Epoch(val)  [84][ 90/116]    eta: 0:00:01  time: 0.0419  data_time: 0.0059  memory: 145  
2026/08/07 00:27:09 - mmengine - INFO - Epoch(val)  [84][100/116]    eta: 0:00:00  time: 0.0417  data_time: 0.0057  memory: 145  
2026/08/07 00:27:09 - mmengine - INFO - Epoch(val)  [84][110/116]    eta: 0:00:00  time: 0.0397  data_time: 0.0054  memory: 127  
2026/08/07 00:27:10 - mmengine - INFO - Evaluating bbox...
2026/08/07 00:27:10 - mmengine - INFO - bbox_mAP_copypaste: 0.608 0.866 0.735 0.000 0.719 0.553
2026/08/07 00:27:10 - mmengine - INFO - Evaluating segm...
2026/08/07 00:27:10 - mmengine - INFO - segm_mAP_copypaste: 0.612 0.869 0.712 0.000 0.727 0.557
2026/08/07 00:27:11 - mmengine - INFO - val kayip: val_kayip_cls 0.3945  val_kayip_bbox 0.2579  val_kayip_mask 0.1275  val_kayip 0.7798
2026/08/07 00:27:12 - mmengine - INFO - Epoch(val) [84][116/116]    busi/dice_tum: 0.8208  busi/dice_lezyonlu: 0.7939  busi/bos_dogru: 19  busi/esik: 0.3000  val_kayip_cls: 0.3945  val_kayip_bbox: 0.2579  val_kayip_mask: 0.1275  val_kayip: 0.7798  coco/bbox_mAP: 0.6080  coco/bbox_mAP_50: 0.8660  coco/bbox_mAP_75: 0.7350  coco/bbox_mAP_s: 0.0000  coco/bbox_mAP_m: 0.7190  coco/bbox_mAP_l: 0.5530  coco/segm_mAP: 0.6120  coco/segm_mAP_50: 0.8690  coco/segm_mAP_75: 0.7120  coco/segm_mAP_s: 0.0000  coco/segm_mAP_m: 0.7270  coco/segm_mAP_l: 0.5570  data_time: 0.0053  time: 0.0396
2026/08/07 00:27:15 - mmengine - INFO - Epoch(train)  [85][10/68]  base_lr: 3.3394e-05 lr: 3.3394e-05  eta: 0:06:14  time: 0.3353  data_time: 0.1188  memory: 600  grad_norm: 10.5648  loss: 0.3713  loss_cls: 0.0872  loss_bbox: 0.1999  loss_mask: 0.0842
2026/08/07 00:27:18 - mmengine - INFO - Epoch(train)  [85][20/68]  base_lr: 3.2935e-05 lr: 3.2935e-05  eta: 0:06:10  time: 0.3307  data_time: 0.1170  memory: 602  grad_norm: 10.6318  loss: 0.3668  loss_cls: 0.0881  loss_bbox: 0.1937  loss_mask: 0.0850
2026/08/07 00:27:22 - mmengine - INFO - Epoch(train)  [85][30/68]  base_lr: 3.2479e-05 lr: 3.2479e-05  eta: 0:06:07  time: 0.3400  data_time: 0.1241  memory: 600  grad_norm: 10.7263  loss: 0.3727  loss_cls: 0.0939  loss_bbox: 0.1936  loss_mask: 0.0852
2026/08/07 00:27:25 - mmengine - INFO - Epoch(train)  [85][40/68]  base_lr: 3.2025e-05 lr: 3.2025e-05  eta: 0:06:03  time: 0.3438  data_time: 0.1263  memory: 601  grad_norm: 10.3667  loss: 0.3730  loss_cls: 0.0912  loss_bbox: 0.1948  loss_mask: 0.0870
2026/08/07 00:27:29 - mmengine - INFO - Epoch(train)  [85][50/68]  base_lr: 3.1574e-05 lr: 3.1574e-05  eta: 0:06:00  time: 0.3437  data_time: 0.1260  memory: 599  grad_norm: 10.5185  loss: 0.3733  loss_cls: 0.0874  loss_bbox: 0.1998  loss_mask: 0.0861
2026/08/07 00:27:32 - mmengine - INFO - Epoch(train)  [85][60/68]  base_lr: 3.1126e-05 lr: 3.1126e-05  eta: 0:05:56  time: 0.3414  data_time: 0.1247  memory: 601  grad_norm: 10.3198  loss: 0.3788  loss_cls: 0.0874  loss_bbox: 0.2033  loss_mask: 0.0881
2026/08/07 00:27:35 - mmengine - INFO - Exp name: rtmdet_ins_busi_20260806_234040
2026/08/07 00:27:35 - mmengine - INFO - Saving checkpoint at 85 epochs
2026/08/07 00:27:37 - mmengine - INFO - Epoch(val)  [85][ 10/116]    eta: 0:00:04  time: 0.0405  data_time: 0.0054  memory: 602  
2026/08/07 00:27:37 - mmengine - INFO - Epoch(val)  [85][ 20/116]    eta: 0:00:03  time: 0.0391  data_time: 0.0052  memory: 110  
2026/08/07 00:27:38 - mmengine - INFO - Epoch(val)  [85][ 30/116]    eta: 0:00:03  time: 0.0376  data_time: 0.0048  memory: 112  
2026/08/07 00:27:38 - mmengine - INFO - Epoch(val)  [85][ 40/116]    eta: 0:00:02  time: 0.0371  data_time: 0.0048  memory: 116  
2026/08/07 00:27:39 - mmengine - INFO - Epoch(val)  [85][ 50/116]    eta: 0:00:02  time: 0.0372  data_time: 0.0049  memory: 130  
2026/08/07 00:27:39 - mmengine - INFO - Epoch(val)  [85][ 60/116]    eta: 0:00:02  time: 0.0375  data_time: 0.0050  memory: 107  
2026/08/07 00:27:39 - mmengine - INFO - Epoch(val)  [85][ 70/116]    eta: 0:00:01  time: 0.0375  data_time: 0.0051  memory: 104  
2026/08/07 00:27:40 - mmengine - INFO - Epoch(val)  [85][ 80/116]    eta: 0:00:01  time: 0.0385  data_time: 0.0053  memory: 118  
2026/08/07 00:27:40 - mmengine - INFO - Epoch(val)  [85][ 90/116]    eta: 0:00:00  time: 0.0399  data_time: 0.0056  memory: 139  
2026/08/07 00:27:41 - mmengine - INFO - Epoch(val)  [85][100/116]    eta: 0:00:00  time: 0.0395  data_time: 0.0055  memory: 139  
2026/08/07 00:27:41 - mmengine - INFO - Epoch(val)  [85][110/116]    eta: 0:00:00  time: 0.0392  data_time: 0.0053  memory: 123  
2026/08/07 00:27:41 - mmengine - INFO - Evaluating bbox...
2026/08/07 00:27:41 - mmengine - INFO - bbox_mAP_copypaste: 0.611 0.877 0.716 0.000 0.725 0.557
2026/08/07 00:27:41 - mmengine - INFO - Evaluating segm...
2026/08/07 00:27:41 - mmengine - INFO - segm_mAP_copypaste: 0.619 0.877 0.714 0.000 0.730 0.567
2026/08/07 00:27:43 - mmengine - INFO - val kayip: val_kayip_cls 0.3852  val_kayip_bbox 0.2554  val_kayip_mask 0.1267  val_kayip 0.7673
2026/08/07 00:27:43 - mmengine - INFO - Epoch(val) [85][116/116]    busi/dice_tum: 0.8272  busi/dice_lezyonlu: 0.8016  busi/bos_dogru: 19  busi/esik: 0.3000  val_kayip_cls: 0.3852  val_kayip_bbox: 0.2554  val_kayip_mask: 0.1267  val_kayip: 0.7673  coco/bbox_mAP: 0.6110  coco/bbox_mAP_50: 0.8770  coco/bbox_mAP_75: 0.7160  coco/bbox_mAP_s: 0.0000  coco/bbox_mAP_m: 0.7250  coco/bbox_mAP_l: 0.5570  coco/segm_mAP: 0.6190  coco/segm_mAP_50: 0.8770  coco/segm_mAP_75: 0.7140  coco/segm_mAP_s: 0.0000  coco/segm_mAP_m: 0.7300  coco/segm_mAP_l: 0.5670  data_time: 0.0052  time: 0.0388
2026/08/07 00:27:47 - mmengine - INFO - Epoch(train)  [86][10/68]  base_lr: 3.0327e-05 lr: 3.0327e-05  eta: 0:05:50  time: 0.3459  data_time: 0.1271  memory: 602  grad_norm: 10.1828  loss: 0.3769  loss_cls: 0.0873  loss_bbox: 0.2022  loss_mask: 0.0874
2026/08/07 00:27:50 - mmengine - INFO - Epoch(train)  [86][20/68]  base_lr: 2.9887e-05 lr: 2.9887e-05  eta: 0:05:47  time: 0.3400  data_time: 0.1235  memory: 601  grad_norm: 10.4879  loss: 0.3763  loss_cls: 0.0851  loss_bbox: 0.2037  loss_mask: 0.0876
2026/08/07 00:27:54 - mmengine - INFO - Epoch(train)  [86][30/68]  base_lr: 2.9451e-05 lr: 2.9451e-05  eta: 0:05:43  time: 0.3409  data_time: 0.1233  memory: 602  grad_norm: 10.1975  loss: 0.3695  loss_cls: 0.0868  loss_bbox: 0.1964  loss_mask: 0.0863
2026/08/07 00:27:57 - mmengine - INFO - Epoch(train)  [86][40/68]  base_lr: 2.9017e-05 lr: 2.9017e-05  eta: 0:05:40  time: 0.3488  data_time: 0.1286  memory: 604  grad_norm: 9.7896  loss: 0.3597  loss_cls: 0.0856  loss_bbox: 0.1878  loss_mask: 0.0863
2026/08/07 00:28:01 - mmengine - INFO - Epoch(train)  [86][50/68]  base_lr: 2.8587e-05 lr: 2.8587e-05  eta: 0:05:36  time: 0.3537  data_time: 0.1334  memory: 601  grad_norm: 9.9610  loss: 0.3656  loss_cls: 0.0848  loss_bbox: 0.1931  loss_mask: 0.0877
2026/08/07 00:28:04 - mmengine - INFO - Epoch(train)  [86][60/68]  base_lr: 2.8160e-05 lr: 2.8160e-05  eta: 0:05:33  time: 0.3469  data_time: 0.1285  memory: 600  grad_norm: 10.1475  loss: 0.3696  loss_cls: 0.0853  loss_bbox: 0.1968  loss_mask: 0.0874
2026/08/07 00:28:07 - mmengine - INFO - Exp name: rtmdet_ins_busi_20260806_234040
2026/08/07 00:28:07 - mmengine - INFO - Saving checkpoint at 86 epochs
2026/08/07 00:28:09 - mmengine - INFO - Epoch(val)  [86][ 10/116]    eta: 0:00:04  time: 0.0412  data_time: 0.0055  memory: 601  
2026/08/07 00:28:10 - mmengine - INFO - Epoch(val)  [86][ 20/116]    eta: 0:00:03  time: 0.0407  data_time: 0.0055  memory: 110  
2026/08/07 00:28:10 - mmengine - INFO - Epoch(val)  [86][ 30/116]    eta: 0:00:03  time: 0.0399  data_time: 0.0053  memory: 110  
2026/08/07 00:28:10 - mmengine - INFO - Epoch(val)  [86][ 40/116]    eta: 0:00:03  time: 0.0403  data_time: 0.0054  memory: 116  
2026/08/07 00:28:11 - mmengine - INFO - Epoch(val)  [86][ 50/116]    eta: 0:00:02  time: 0.0410  data_time: 0.0056  memory: 141  
2026/08/07 00:28:11 - mmengine - INFO - Epoch(val)  [86][ 60/116]    eta: 0:00:02  time: 0.0413  data_time: 0.0058  memory: 107  
2026/08/07 00:28:12 - mmengine - INFO - Epoch(val)  [86][ 70/116]    eta: 0:00:01  time: 0.0417  data_time: 0.0058  memory: 107  
2026/08/07 00:28:12 - mmengine - INFO - Epoch(val)  [86][ 80/116]    eta: 0:00:01  time: 0.0428  data_time: 0.0059  memory: 115  
2026/08/07 00:28:13 - mmengine - INFO - Epoch(val)  [86][ 90/116]    eta: 0:00:01  time: 0.0438  data_time: 0.0061  memory: 126  
2026/08/07 00:28:13 - mmengine - INFO - Epoch(val)  [86][100/116]    eta: 0:00:00  time: 0.0426  data_time: 0.0059  memory: 139  
2026/08/07 00:28:13 - mmengine - INFO - Epoch(val)  [86][110/116]    eta: 0:00:00  time: 0.0422  data_time: 0.0056  memory: 120  
2026/08/07 00:28:14 - mmengine - INFO - Evaluating bbox...
2026/08/07 00:28:14 - mmengine - INFO - bbox_mAP_copypaste: 0.615 0.883 0.726 0.000 0.741 0.557
2026/08/07 00:28:14 - mmengine - INFO - Evaluating segm...
2026/08/07 00:28:14 - mmengine - INFO - segm_mAP_copypaste: 0.617 0.876 0.719 0.000 0.725 0.568
2026/08/07 00:28:16 - mmengine - INFO - val kayip: val_kayip_cls 0.4161  val_kayip_bbox 0.2515  val_kayip_mask 0.1249  val_kayip 0.7924
2026/08/07 00:28:16 - mmengine - INFO - Epoch(val) [86][116/116]    busi/dice_tum: 0.8220  busi/dice_lezyonlu: 0.7954  busi/bos_dogru: 19  busi/esik: 0.3000  val_kayip_cls: 0.4161  val_kayip_bbox: 0.2515  val_kayip_mask: 0.1249  val_kayip: 0.7924  coco/bbox_mAP: 0.6150  coco/bbox_mAP_50: 0.8830  coco/bbox_mAP_75: 0.7260  coco/bbox_mAP_s: 0.0000  coco/bbox_mAP_m: 0.7410  coco/bbox_mAP_l: 0.5570  coco/segm_mAP: 0.6170  coco/segm_mAP_50: 0.8760  coco/segm_mAP_75: 0.7190  coco/segm_mAP_s: 0.0000  coco/segm_mAP_m: 0.7250  coco/segm_mAP_l: 0.5680  data_time: 0.0057  time: 0.0419
2026/08/07 00:28:19 - mmengine - INFO - Epoch(train)  [87][10/68]  base_lr: 2.7399e-05 lr: 2.7399e-05  eta: 0:05:27  time: 0.3450  data_time: 0.1278  memory: 602  grad_norm: 9.7983  loss: 0.3727  loss_cls: 0.0861  loss_bbox: 0.1976  loss_mask: 0.0889
2026/08/07 00:28:23 - mmengine - INFO - Epoch(train)  [87][20/68]  base_lr: 2.6981e-05 lr: 2.6981e-05  eta: 0:05:23  time: 0.3406  data_time: 0.1255  memory: 602  grad_norm: 10.0785  loss: 0.3704  loss_cls: 0.0836  loss_bbox: 0.1975  loss_mask: 0.0893
2026/08/07 00:28:26 - mmengine - INFO - Epoch(train)  [87][30/68]  base_lr: 2.6566e-05 lr: 2.6566e-05  eta: 0:05:20  time: 0.3368  data_time: 0.1223  memory: 603  grad_norm: 10.0082  loss: 0.3699  loss_cls: 0.0825  loss_bbox: 0.1976  loss_mask: 0.0898
2026/08/07 00:28:30 - mmengine - INFO - Epoch(train)  [87][40/68]  base_lr: 2.6154e-05 lr: 2.6154e-05  eta: 0:05:16  time: 0.3416  data_time: 0.1264  memory: 605  grad_norm: 9.8196  loss: 0.3529  loss_cls: 0.0755  loss_bbox: 0.1912  loss_mask: 0.0862
2026/08/07 00:28:33 - mmengine - INFO - Epoch(train)  [87][50/68]  base_lr: 2.5746e-05 lr: 2.5746e-05  eta: 0:05:13  time: 0.3455  data_time: 0.1288  memory: 601  grad_norm: 9.8952  loss: 0.3519  loss_cls: 0.0747  loss_bbox: 0.1890  loss_mask: 0.0881
2026/08/07 00:28:36 - mmengine - INFO - Epoch(train)  [87][60/68]  base_lr: 2.5341e-05 lr: 2.5341e-05  eta: 0:05:09  time: 0.3415  data_time: 0.1267  memory: 601  grad_norm: 9.9283  loss: 0.3533  loss_cls: 0.0768  loss_bbox: 0.1899  loss_mask: 0.0866
2026/08/07 00:28:39 - mmengine - INFO - Exp name: rtmdet_ins_busi_20260806_234040
2026/08/07 00:28:39 - mmengine - INFO - Saving checkpoint at 87 epochs
2026/08/07 00:28:41 - mmengine - INFO - Epoch(val)  [87][ 10/116]    eta: 0:00:04  time: 0.0430  data_time: 0.0058  memory: 601  
2026/08/07 00:28:42 - mmengine - INFO - Epoch(val)  [87][ 20/116]    eta: 0:00:03  time: 0.0409  data_time: 0.0056  memory: 110  
2026/08/07 00:28:42 - mmengine - INFO - Epoch(val)  [87][ 30/116]    eta: 0:00:03  time: 0.0390  data_time: 0.0051  memory: 110  
2026/08/07 00:28:42 - mmengine - INFO - Epoch(val)  [87][ 40/116]    eta: 0:00:02  time: 0.0372  data_time: 0.0048  memory: 115  
2026/08/07 00:28:43 - mmengine - INFO - Epoch(val)  [87][ 50/116]    eta: 0:00:02  time: 0.0368  data_time: 0.0048  memory: 130  
2026/08/07 00:28:43 - mmengine - INFO - Epoch(val)  [87][ 60/116]    eta: 0:00:02  time: 0.0374  data_time: 0.0050  memory: 112  
2026/08/07 00:28:44 - mmengine - INFO - Epoch(val)  [87][ 70/116]    eta: 0:00:01  time: 0.0381  data_time: 0.0052  memory: 107  
2026/08/07 00:28:44 - mmengine - INFO - Epoch(val)  [87][ 80/116]    eta: 0:00:01  time: 0.0401  data_time: 0.0054  memory: 112  
2026/08/07 00:28:44 - mmengine - INFO - Epoch(val)  [87][ 90/116]    eta: 0:00:01  time: 0.0414  data_time: 0.0057  memory: 126  
2026/08/07 00:28:45 - mmengine - INFO - Epoch(val)  [87][100/116]    eta: 0:00:00  time: 0.0417  data_time: 0.0056  memory: 142  
2026/08/07 00:28:45 - mmengine - INFO - Epoch(val)  [87][110/116]    eta: 0:00:00  time: 0.0408  data_time: 0.0052  memory: 120  
2026/08/07 00:28:45 - mmengine - INFO - Evaluating bbox...
2026/08/07 00:28:46 - mmengine - INFO - bbox_mAP_copypaste: 0.608 0.878 0.746 0.000 0.724 0.558
2026/08/07 00:28:46 - mmengine - INFO - Evaluating segm...
2026/08/07 00:28:46 - mmengine - INFO - segm_mAP_copypaste: 0.609 0.871 0.698 0.000 0.725 0.557
2026/08/07 00:28:47 - mmengine - INFO - val kayip: val_kayip_cls 0.3928  val_kayip_bbox 0.2566  val_kayip_mask 0.1269  val_kayip 0.7763
2026/08/07 00:28:47 - mmengine - INFO - Epoch(val) [87][116/116]    busi/dice_tum: 0.8212  busi/dice_lezyonlu: 0.7944  busi/bos_dogru: 19  busi/esik: 0.3000  val_kayip_cls: 0.3928  val_kayip_bbox: 0.2566  val_kayip_mask: 0.1269  val_kayip: 0.7763  coco/bbox_mAP: 0.6080  coco/bbox_mAP_50: 0.8780  coco/bbox_mAP_75: 0.7460  coco/bbox_mAP_s: 0.0000  coco/bbox_mAP_m: 0.7240  coco/bbox_mAP_l: 0.5580  coco/segm_mAP: 0.6090  coco/segm_mAP_50: 0.8710  coco/segm_mAP_75: 0.6980  coco/segm_mAP_s: 0.0000  coco/segm_mAP_m: 0.7250  coco/segm_mAP_l: 0.5570  data_time: 0.0052  time: 0.0393
2026/08/07 00:28:51 - mmengine - INFO - Epoch(train)  [88][10/68]  base_lr: 2.4621e-05 lr: 2.4621e-05  eta: 0:05:03  time: 0.3375  data_time: 0.1239  memory: 603  grad_norm: 9.8939  loss: 0.3523  loss_cls: 0.0785  loss_bbox: 0.1876  loss_mask: 0.0862
2026/08/07 00:28:55 - mmengine - INFO - Epoch(train)  [88][20/68]  base_lr: 2.4226e-05 lr: 2.4226e-05  eta: 0:04:59  time: 0.3418  data_time: 0.1277  memory: 601  grad_norm: 9.7233  loss: 0.3528  loss_cls: 0.0775  loss_bbox: 0.1886  loss_mask: 0.0867
2026/08/07 00:28:58 - mmengine - INFO - Epoch(train)  [88][30/68]  base_lr: 2.3835e-05 lr: 2.3835e-05  eta: 0:04:56  time: 0.3403  data_time: 0.1244  memory: 604  grad_norm: 9.8535  loss: 0.3577  loss_cls: 0.0794  loss_bbox: 0.1912  loss_mask: 0.0871
2026/08/07 00:29:01 - mmengine - INFO - Epoch(train)  [88][40/68]  base_lr: 2.3447e-05 lr: 2.3447e-05  eta: 0:04:52  time: 0.3411  data_time: 0.1249  memory: 602  grad_norm: 10.0448  loss: 0.3615  loss_cls: 0.0785  loss_bbox: 0.1945  loss_mask: 0.0886
2026/08/07 00:29:05 - mmengine - INFO - Epoch(train)  [88][50/68]  base_lr: 2.3063e-05 lr: 2.3063e-05  eta: 0:04:49  time: 0.3486  data_time: 0.1296  memory: 601  grad_norm: 10.1947  loss: 0.3678  loss_cls: 0.0820  loss_bbox: 0.1958  loss_mask: 0.0900
2026/08/07 00:29:09 - mmengine - INFO - Epoch(train)  [88][60/68]  base_lr: 2.2682e-05 lr: 2.2682e-05  eta: 0:04:46  time: 0.3526  data_time: 0.1330  memory: 602  grad_norm: 10.2647  loss: 0.3680  loss_cls: 0.0834  loss_bbox: 0.1960  loss_mask: 0.0887
2026/08/07 00:29:11 - mmengine - INFO - Exp name: rtmdet_ins_busi_20260806_234040
2026/08/07 00:29:11 - mmengine - INFO - Saving checkpoint at 88 epochs
2026/08/07 00:29:13 - mmengine - INFO - Epoch(val)  [88][ 10/116]    eta: 0:00:04  time: 0.0411  data_time: 0.0054  memory: 601  
2026/08/07 00:29:14 - mmengine - INFO - Epoch(val)  [88][ 20/116]    eta: 0:00:03  time: 0.0401  data_time: 0.0055  memory: 110  
2026/08/07 00:29:14 - mmengine - INFO - Epoch(val)  [88][ 30/116]    eta: 0:00:03  time: 0.0387  data_time: 0.0053  memory: 110  
2026/08/07 00:29:14 - mmengine - INFO - Epoch(val)  [88][ 40/116]    eta: 0:00:02  time: 0.0386  data_time: 0.0053  memory: 103  
2026/08/07 00:29:15 - mmengine - INFO - Epoch(val)  [88][ 50/116]    eta: 0:00:02  time: 0.0398  data_time: 0.0056  memory: 135  
2026/08/07 00:29:15 - mmengine - INFO - Epoch(val)  [88][ 60/116]    eta: 0:00:02  time: 0.0404  data_time: 0.0056  memory: 107  
2026/08/07 00:29:16 - mmengine - INFO - Epoch(val)  [88][ 70/116]    eta: 0:00:01  time: 0.0408  data_time: 0.0056  memory: 107  
2026/08/07 00:29:16 - mmengine - INFO - Epoch(val)  [88][ 80/116]    eta: 0:00:01  time: 0.0419  data_time: 0.0057  memory: 118  
2026/08/07 00:29:17 - mmengine - INFO - Epoch(val)  [88][ 90/116]    eta: 0:00:01  time: 0.0431  data_time: 0.0060  memory: 126  
2026/08/07 00:29:17 - mmengine - INFO - Epoch(val)  [88][100/116]    eta: 0:00:00  time: 0.0422  data_time: 0.0057  memory: 133  
2026/08/07 00:29:17 - mmengine - INFO - Epoch(val)  [88][110/116]    eta: 0:00:00  time: 0.0416  data_time: 0.0055  memory: 120  
2026/08/07 00:29:18 - mmengine - INFO - Evaluating bbox...
2026/08/07 00:29:18 - mmengine - INFO - bbox_mAP_copypaste: 0.608 0.872 0.745 0.000 0.721 0.560
2026/08/07 00:29:18 - mmengine - INFO - Evaluating segm...
2026/08/07 00:29:18 - mmengine - INFO - segm_mAP_copypaste: 0.610 0.870 0.701 0.000 0.725 0.560
2026/08/07 00:29:20 - mmengine - INFO - val kayip: val_kayip_cls 0.3589  val_kayip_bbox 0.2568  val_kayip_mask 0.1272  val_kayip 0.7429
2026/08/07 00:29:20 - mmengine - INFO - Epoch(val) [88][116/116]    busi/dice_tum: 0.8210  busi/dice_lezyonlu: 0.7941  busi/bos_dogru: 19  busi/esik: 0.3000  val_kayip_cls: 0.3589  val_kayip_bbox: 0.2568  val_kayip_mask: 0.1272  val_kayip: 0.7429  coco/bbox_mAP: 0.6080  coco/bbox_mAP_50: 0.8720  coco/bbox_mAP_75: 0.7450  coco/bbox_mAP_s: 0.0000  coco/bbox_mAP_m: 0.7210  coco/bbox_mAP_l: 0.5600  coco/segm_mAP: 0.6100  coco/segm_mAP_50: 0.8700  coco/segm_mAP_75: 0.7010  coco/segm_mAP_s: 0.0000  coco/segm_mAP_m: 0.7250  coco/segm_mAP_l: 0.5600  data_time: 0.0056  time: 0.0409
2026/08/07 00:29:23 - mmengine - INFO - Epoch(train)  [89][10/68]  base_lr: 2.2006e-05 lr: 2.2006e-05  eta: 0:04:39  time: 0.3451  data_time: 0.1292  memory: 601  grad_norm: 10.3515  loss: 0.3746  loss_cls: 0.0895  loss_bbox: 0.1979  loss_mask: 0.0873
2026/08/07 00:29:25 - mmengine - INFO - Exp name: rtmdet_ins_busi_20260806_234040
2026/08/07 00:29:27 - mmengine - INFO - Epoch(train)  [89][20/68]  base_lr: 2.1636e-05 lr: 2.1636e-05  eta: 0:04:36  time: 0.3436  data_time: 0.1262  memory: 601  grad_norm: 10.2200  loss: 0.3665  loss_cls: 0.0879  loss_bbox: 0.1931  loss_mask: 0.0854
2026/08/07 00:29:30 - mmengine - INFO - Epoch(train)  [89][30/68]  base_lr: 2.1269e-05 lr: 2.1269e-05  eta: 0:04:32  time: 0.3422  data_time: 0.1239  memory: 601  grad_norm: 10.0884  loss: 0.3594  loss_cls: 0.0825  loss_bbox: 0.1913  loss_mask: 0.0855
2026/08/07 00:29:34 - mmengine - INFO - Epoch(train)  [89][40/68]  base_lr: 2.0906e-05 lr: 2.0906e-05  eta: 0:04:29  time: 0.3395  data_time: 0.1232  memory: 600  grad_norm: 10.0882  loss: 0.3704  loss_cls: 0.0865  loss_bbox: 0.1962  loss_mask: 0.0878
2026/08/07 00:29:37 - mmengine - INFO - Epoch(train)  [89][50/68]  base_lr: 2.0547e-05 lr: 2.0547e-05  eta: 0:04:25  time: 0.3449  data_time: 0.1256  memory: 602  grad_norm: 9.9251  loss: 0.3698  loss_cls: 0.0861  loss_bbox: 0.1959  loss_mask: 0.0878
2026/08/07 00:29:41 - mmengine - INFO - Epoch(train)  [89][60/68]  base_lr: 2.0192e-05 lr: 2.0192e-05  eta: 0:04:22  time: 0.3466  data_time: 0.1277  memory: 600  grad_norm: 10.2020  loss: 0.3658  loss_cls: 0.0828  loss_bbox: 0.1965  loss_mask: 0.0865
2026/08/07 00:29:43 - mmengine - INFO - Exp name: rtmdet_ins_busi_20260806_234040
2026/08/07 00:29:43 - mmengine - INFO - Saving checkpoint at 89 epochs
2026/08/07 00:29:45 - mmengine - INFO - Epoch(val)  [89][ 10/116]    eta: 0:00:04  time: 0.0421  data_time: 0.0056  memory: 603  
2026/08/07 00:29:46 - mmengine - INFO - Epoch(val)  [89][ 20/116]    eta: 0:00:03  time: 0.0411  data_time: 0.0055  memory: 110  
2026/08/07 00:29:46 - mmengine - INFO - Epoch(val)  [89][ 30/116]    eta: 0:00:03  time: 0.0391  data_time: 0.0051  memory: 112  
2026/08/07 00:29:46 - mmengine - INFO - Epoch(val)  [89][ 40/116]    eta: 0:00:02  time: 0.0384  data_time: 0.0050  memory: 107  
2026/08/07 00:29:47 - mmengine - INFO - Epoch(val)  [89][ 50/116]    eta: 0:00:02  time: 0.0376  data_time: 0.0050  memory: 125  
2026/08/07 00:29:47 - mmengine - INFO - Epoch(val)  [89][ 60/116]    eta: 0:00:02  time: 0.0383  data_time: 0.0052  memory: 102  
2026/08/07 00:29:48 - mmengine - INFO - Epoch(val)  [89][ 70/116]    eta: 0:00:01  time: 0.0385  data_time: 0.0052  memory: 111  
2026/08/07 00:29:48 - mmengine - INFO - Epoch(val)  [89][ 80/116]    eta: 0:00:01  time: 0.0394  data_time: 0.0053  memory: 118  
2026/08/07 00:29:49 - mmengine - INFO - Epoch(val)  [89][ 90/116]    eta: 0:00:01  time: 0.0409  data_time: 0.0056  memory: 126  
2026/08/07 00:29:49 - mmengine - INFO - Epoch(val)  [89][100/116]    eta: 0:00:00  time: 0.0410  data_time: 0.0054  memory: 133  
2026/08/07 00:29:49 - mmengine - INFO - Epoch(val)  [89][110/116]    eta: 0:00:00  time: 0.0397  data_time: 0.0051  memory: 115  
2026/08/07 00:29:50 - mmengine - INFO - Evaluating bbox...
2026/08/07 00:29:50 - mmengine - INFO - bbox_mAP_copypaste: 0.608 0.877 0.723 0.000 0.727 0.552
2026/08/07 00:29:50 - mmengine - INFO - Evaluating segm...
2026/08/07 00:29:50 - mmengine - INFO - segm_mAP_copypaste: 0.610 0.869 0.708 0.000 0.724 0.556
2026/08/07 00:29:51 - mmengine - INFO - val kayip: val_kayip_cls 0.3567  val_kayip_bbox 0.2569  val_kayip_mask 0.1275  val_kayip 0.7411
2026/08/07 00:29:51 - mmengine - INFO - Epoch(val) [89][116/116]    busi/dice_tum: 0.8210  busi/dice_lezyonlu: 0.7941  busi/bos_dogru: 19  busi/esik: 0.3000  val_kayip_cls: 0.3567  val_kayip_bbox: 0.2569  val_kayip_mask: 0.1275  val_kayip: 0.7411  coco/bbox_mAP: 0.6080  coco/bbox_mAP_50: 0.8770  coco/bbox_mAP_75: 0.7230  coco/bbox_mAP_s: 0.0000  coco/bbox_mAP_m: 0.7270  coco/bbox_mAP_l: 0.5520  coco/segm_mAP: 0.6100  coco/segm_mAP_50: 0.8690  coco/segm_mAP_75: 0.7080  coco/segm_mAP_s: 0.0000  coco/segm_mAP_m: 0.7240  coco/segm_mAP_l: 0.5560  data_time: 0.0052  time: 0.0393
2026/08/07 00:29:55 - mmengine - INFO - Epoch(train)  [90][10/68]  base_lr: 1.9563e-05 lr: 1.9563e-05  eta: 0:04:16  time: 0.3455  data_time: 0.1275  memory: 601  grad_norm: 10.5045  loss: 0.3683  loss_cls: 0.0833  loss_bbox: 0.1994  loss_mask: 0.0856
2026/08/07 00:29:59 - mmengine - INFO - Epoch(train)  [90][20/68]  base_lr: 1.9218e-05 lr: 1.9218e-05  eta: 0:04:12  time: 0.3427  data_time: 0.1237  memory: 599  grad_norm: 10.3775  loss: 0.3630  loss_cls: 0.0816  loss_bbox: 0.1974  loss_mask: 0.0841
2026/08/07 00:30:02 - mmengine - INFO - Epoch(train)  [90][30/68]  base_lr: 1.8878e-05 lr: 1.8878e-05  eta: 0:04:09  time: 0.3435  data_time: 0.1231  memory: 602  grad_norm: 10.6933  loss: 0.3635  loss_cls: 0.0812  loss_bbox: 0.1979  loss_mask: 0.0844
2026/08/07 00:30:05 - mmengine - INFO - Epoch(train)  [90][40/68]  base_lr: 1.8542e-05 lr: 1.8542e-05  eta: 0:04:05  time: 0.3418  data_time: 0.1221  memory: 603  grad_norm: 10.5685  loss: 0.3622  loss_cls: 0.0804  loss_bbox: 0.1967  loss_mask: 0.0851
2026/08/07 00:30:09 - mmengine - INFO - Epoch(train)  [90][50/68]  base_lr: 1.8210e-05 lr: 1.8210e-05  eta: 0:04:02  time: 0.3489  data_time: 0.1273  memory: 602  grad_norm: 10.1810  loss: 0.3691  loss_cls: 0.0831  loss_bbox: 0.1992  loss_mask: 0.0868
2026/08/07 00:30:12 - mmengine - INFO - Epoch(train)  [90][60/68]  base_lr: 1.7881e-05 lr: 1.7881e-05  eta: 0:03:58  time: 0.3466  data_time: 0.1247  memory: 601  grad_norm: 10.1210  loss: 0.3745  loss_cls: 0.0844  loss_bbox: 0.2026  loss_mask: 0.0875
2026/08/07 00:30:15 - mmengine - INFO - Exp name: rtmdet_ins_busi_20260806_234040
2026/08/07 00:30:15 - mmengine - INFO - Saving checkpoint at 90 epochs
2026/08/07 00:30:17 - mmengine - INFO - Epoch(val)  [90][ 10/116]    eta: 0:00:04  time: 0.0407  data_time: 0.0054  memory: 600  
2026/08/07 00:30:18 - mmengine - INFO - Epoch(val)  [90][ 20/116]    eta: 0:00:03  time: 0.0398  data_time: 0.0054  memory: 110  
2026/08/07 00:30:18 - mmengine - INFO - Epoch(val)  [90][ 30/116]    eta: 0:00:03  time: 0.0382  data_time: 0.0051  memory: 112  
2026/08/07 00:30:19 - mmengine - INFO - Epoch(val)  [90][ 40/116]    eta: 0:00:02  time: 0.0379  data_time: 0.0050  memory: 115  
2026/08/07 00:30:19 - mmengine - INFO - Epoch(val)  [90][ 50/116]    eta: 0:00:02  time: 0.0387  data_time: 0.0052  memory: 125  
2026/08/07 00:30:19 - mmengine - INFO - Epoch(val)  [90][ 60/116]    eta: 0:00:02  time: 0.0390  data_time: 0.0053  memory: 102  
2026/08/07 00:30:20 - mmengine - INFO - Epoch(val)  [90][ 70/116]    eta: 0:00:01  time: 0.0392  data_time: 0.0053  memory: 107  
2026/08/07 00:30:20 - mmengine - INFO - Epoch(val)  [90][ 80/116]    eta: 0:00:01  time: 0.0411  data_time: 0.0055  memory: 121  
2026/08/07 00:30:21 - mmengine - INFO - Epoch(val)  [90][ 90/116]    eta: 0:00:01  time: 0.0422  data_time: 0.0057  memory: 126  
2026/08/07 00:30:21 - mmengine - INFO - Epoch(val)  [90][100/116]    eta: 0:00:00  time: 0.0408  data_time: 0.0054  memory: 133  
2026/08/07 00:30:21 - mmengine - INFO - Epoch(val)  [90][110/116]    eta: 0:00:00  time: 0.0406  data_time: 0.0052  memory: 120  
2026/08/07 00:30:22 - mmengine - INFO - Evaluating bbox...
2026/08/07 00:30:22 - mmengine - INFO - bbox_mAP_copypaste: 0.612 0.875 0.746 0.000 0.729 0.558
2026/08/07 00:30:22 - mmengine - INFO - Evaluating segm...
2026/08/07 00:30:22 - mmengine - INFO - segm_mAP_copypaste: 0.609 0.866 0.705 0.000 0.719 0.558
2026/08/07 00:30:24 - mmengine - INFO - val kayip: val_kayip_cls 0.3881  val_kayip_bbox 0.2567  val_kayip_mask 0.1270  val_kayip 0.7717
2026/08/07 00:30:24 - mmengine - INFO - Epoch(val) [90][116/116]    busi/dice_tum: 0.8186  busi/dice_lezyonlu: 0.8017  busi/bos_dogru: 18  busi/esik: 0.3000  val_kayip_cls: 0.3881  val_kayip_bbox: 0.2567  val_kayip_mask: 0.1270  val_kayip: 0.7717  coco/bbox_mAP: 0.6120  coco/bbox_mAP_50: 0.8750  coco/bbox_mAP_75: 0.7460  coco/bbox_mAP_s: 0.0000  coco/bbox_mAP_m: 0.7290  coco/bbox_mAP_l: 0.5580  coco/segm_mAP: 0.6090  coco/segm_mAP_50: 0.8660  coco/segm_mAP_75: 0.7050  coco/segm_mAP_s: 0.0000  coco/segm_mAP_m: 0.7190  coco/segm_mAP_l: 0.5580  data_time: 0.0053  time: 0.0399
2026/08/07 00:30:27 - mmengine - INFO - Epoch(train)  [91][10/68]  base_lr: 1.7301e-05 lr: 1.7301e-05  eta: 0:03:52  time: 0.3425  data_time: 0.1244  memory: 601  grad_norm: 10.4537  loss: 0.3668  loss_cls: 0.0818  loss_bbox: 0.1985  loss_mask: 0.0865
2026/08/07 00:30:31 - mmengine - INFO - Epoch(train)  [91][20/68]  base_lr: 1.6984e-05 lr: 1.6984e-05  eta: 0:03:49  time: 0.3446  data_time: 0.1235  memory: 600  grad_norm: 10.3754  loss: 0.3676  loss_cls: 0.0814  loss_bbox: 0.1999  loss_mask: 0.0862
2026/08/07 00:30:34 - mmengine - INFO - Epoch(train)  [91][30/68]  base_lr: 1.6672e-05 lr: 1.6672e-05  eta: 0:03:45  time: 0.3427  data_time: 0.1263  memory: 601  grad_norm: 10.4417  loss: 0.3607  loss_cls: 0.0779  loss_bbox: 0.1986  loss_mask: 0.0842
2026/08/07 00:30:38 - mmengine - INFO - Epoch(train)  [91][40/68]  base_lr: 1.6363e-05 lr: 1.6363e-05  eta: 0:03:42  time: 0.3374  data_time: 0.1241  memory: 601  grad_norm: 10.2586  loss: 0.3642  loss_cls: 0.0801  loss_bbox: 0.1985  loss_mask: 0.0856
2026/08/07 00:30:41 - mmengine - INFO - Epoch(train)  [91][50/68]  base_lr: 1.6059e-05 lr: 1.6059e-05  eta: 0:03:38  time: 0.3447  data_time: 0.1277  memory: 601  grad_norm: 9.8994  loss: 0.3564  loss_cls: 0.0785  loss_bbox: 0.1924  loss_mask: 0.0856
2026/08/07 00:30:44 - mmengine - INFO - Epoch(train)  [91][60/68]  base_lr: 1.5759e-05 lr: 1.5759e-05  eta: 0:03:35  time: 0.3398  data_time: 0.1252  memory: 601  grad_norm: 9.6390  loss: 0.3587  loss_cls: 0.0807  loss_bbox: 0.1931  loss_mask: 0.0849
2026/08/07 00:30:47 - mmengine - INFO - Exp name: rtmdet_ins_busi_20260806_234040
2026/08/07 00:30:47 - mmengine - INFO - Saving checkpoint at 91 epochs
2026/08/07 00:30:49 - mmengine - INFO - Epoch(val)  [91][ 10/116]    eta: 0:00:04  time: 0.0409  data_time: 0.0053  memory: 602  
2026/08/07 00:30:50 - mmengine - INFO - Epoch(val)  [91][ 20/116]    eta: 0:00:03  time: 0.0400  data_time: 0.0052  memory: 110  
2026/08/07 00:30:50 - mmengine - INFO - Epoch(val)  [91][ 30/116]    eta: 0:00:03  time: 0.0394  data_time: 0.0050  memory: 109  
2026/08/07 00:30:50 - mmengine - INFO - Epoch(val)  [91][ 40/116]    eta: 0:00:02  time: 0.0391  data_time: 0.0050  memory: 107  
2026/08/07 00:30:51 - mmengine - INFO - Epoch(val)  [91][ 50/116]    eta: 0:00:02  time: 0.0386  data_time: 0.0050  memory: 130  
2026/08/07 00:30:51 - mmengine - INFO - Epoch(val)  [91][ 60/116]    eta: 0:00:02  time: 0.0387  data_time: 0.0051  memory: 102  
2026/08/07 00:30:52 - mmengine - INFO - Epoch(val)  [91][ 70/116]    eta: 0:00:01  time: 0.0387  data_time: 0.0051  memory: 107  
2026/08/07 00:30:52 - mmengine - INFO - Epoch(val)  [91][ 80/116]    eta: 0:00:01  time: 0.0386  data_time: 0.0051  memory: 121  
2026/08/07 00:30:52 - mmengine - INFO - Epoch(val)  [91][ 90/116]    eta: 0:00:01  time: 0.0402  data_time: 0.0055  memory: 126  
2026/08/07 00:30:53 - mmengine - INFO - Epoch(val)  [91][100/116]    eta: 0:00:00  time: 0.0401  data_time: 0.0054  memory: 133  
2026/08/07 00:30:53 - mmengine - INFO - Epoch(val)  [91][110/116]    eta: 0:00:00  time: 0.0398  data_time: 0.0053  memory: 120  
2026/08/07 00:30:53 - mmengine - INFO - Evaluating bbox...
2026/08/07 00:30:54 - mmengine - INFO - bbox_mAP_copypaste: 0.605 0.877 0.729 0.000 0.728 0.548
2026/08/07 00:30:54 - mmengine - INFO - Evaluating segm...
2026/08/07 00:30:54 - mmengine - INFO - segm_mAP_copypaste: 0.612 0.868 0.708 0.000 0.730 0.559
2026/08/07 00:30:55 - mmengine - INFO - val kayip: val_kayip_cls 0.3688  val_kayip_bbox 0.2574  val_kayip_mask 0.1270  val_kayip 0.7532
2026/08/07 00:30:55 - mmengine - INFO - Epoch(val) [91][116/116]    busi/dice_tum: 0.8280  busi/dice_lezyonlu: 0.8026  busi/bos_dogru: 19  busi/esik: 0.3000  val_kayip_cls: 0.3688  val_kayip_bbox: 0.2574  val_kayip_mask: 0.1270  val_kayip: 0.7532  coco/bbox_mAP: 0.6050  coco/bbox_mAP_50: 0.8770  coco/bbox_mAP_75: 0.7290  coco/bbox_mAP_s: 0.0000  coco/bbox_mAP_m: 0.7280  coco/bbox_mAP_l: 0.5480  coco/segm_mAP: 0.6120  coco/segm_mAP_50: 0.8680  coco/segm_mAP_75: 0.7080  coco/segm_mAP_s: 0.0000  coco/segm_mAP_m: 0.7300  coco/segm_mAP_l: 0.5590  data_time: 0.0052  time: 0.0393
2026/08/07 00:30:59 - mmengine - INFO - Epoch(train)  [92][10/68]  base_lr: 1.5230e-05 lr: 1.5230e-05  eta: 0:03:28  time: 0.3382  data_time: 0.1230  memory: 603  grad_norm: 9.3823  loss: 0.3592  loss_cls: 0.0831  loss_bbox: 0.1907  loss_mask: 0.0854
2026/08/07 00:31:02 - mmengine - INFO - Epoch(train)  [92][20/68]  base_lr: 1.4942e-05 lr: 1.4942e-05  eta: 0:03:25  time: 0.3403  data_time: 0.1247  memory: 601  grad_norm: 9.8818  loss: 0.3576  loss_cls: 0.0835  loss_bbox: 0.1903  loss_mask: 0.0838
2026/08/07 00:31:06 - mmengine - INFO - Epoch(train)  [92][30/68]  base_lr: 1.4659e-05 lr: 1.4659e-05  eta: 0:03:21  time: 0.3451  data_time: 0.1299  memory: 601  grad_norm: 9.9922  loss: 0.3585  loss_cls: 0.0833  loss_bbox: 0.1912  loss_mask: 0.0840
2026/08/07 00:31:09 - mmengine - INFO - Epoch(train)  [92][40/68]  base_lr: 1.4379e-05 lr: 1.4379e-05  eta: 0:03:18  time: 0.3430  data_time: 0.1281  memory: 601  grad_norm: 10.0840  loss: 0.3617  loss_cls: 0.0821  loss_bbox: 0.1934  loss_mask: 0.0862
2026/08/07 00:31:13 - mmengine - INFO - Epoch(train)  [92][50/68]  base_lr: 1.4104e-05 lr: 1.4104e-05  eta: 0:03:14  time: 0.3467  data_time: 0.1271  memory: 602  grad_norm: 9.5013  loss: 0.3474  loss_cls: 0.0753  loss_bbox: 0.1864  loss_mask: 0.0858
2026/08/07 00:31:17 - mmengine - INFO - Epoch(train)  [92][60/68]  base_lr: 1.3834e-05 lr: 1.3834e-05  eta: 0:03:11  time: 0.3518  data_time: 0.1300  memory: 599  grad_norm: 10.0408  loss: 0.3640  loss_cls: 0.0805  loss_bbox: 0.1951  loss_mask: 0.0884
2026/08/07 00:31:19 - mmengine - INFO - Exp name: rtmdet_ins_busi_20260806_234040
2026/08/07 00:31:19 - mmengine - INFO - Saving checkpoint at 92 epochs
2026/08/07 00:31:22 - mmengine - INFO - Epoch(val)  [92][ 10/116]    eta: 0:00:04  time: 0.0408  data_time: 0.0055  memory: 599  
2026/08/07 00:31:22 - mmengine - INFO - Epoch(val)  [92][ 20/116]    eta: 0:00:03  time: 0.0401  data_time: 0.0054  memory: 110  
2026/08/07 00:31:22 - mmengine - INFO - Epoch(val)  [92][ 30/116]    eta: 0:00:03  time: 0.0383  data_time: 0.0050  memory: 112  
2026/08/07 00:31:23 - mmengine - INFO - Epoch(val)  [92][ 40/116]    eta: 0:00:02  time: 0.0382  data_time: 0.0050  memory: 111  
2026/08/07 00:31:23 - mmengine - INFO - Epoch(val)  [92][ 50/116]    eta: 0:00:02  time: 0.0385  data_time: 0.0050  memory: 135  
2026/08/07 00:31:23 - mmengine - INFO - Epoch(val)  [92][ 60/116]    eta: 0:00:02  time: 0.0391  data_time: 0.0052  memory: 107  
2026/08/07 00:31:24 - mmengine - INFO - Epoch(val)  [92][ 70/116]    eta: 0:00:01  time: 0.0392  data_time: 0.0052  memory: 107  
2026/08/07 00:31:24 - mmengine - INFO - Epoch(val)  [92][ 80/116]    eta: 0:00:01  time: 0.0401  data_time: 0.0053  memory: 116  
2026/08/07 00:31:25 - mmengine - INFO - Epoch(val)  [92][ 90/116]    eta: 0:00:01  time: 0.0410  data_time: 0.0056  memory: 126  
2026/08/07 00:31:25 - mmengine - INFO - Epoch(val)  [92][100/116]    eta: 0:00:00  time: 0.0408  data_time: 0.0056  memory: 131  
2026/08/07 00:31:25 - mmengine - INFO - Epoch(val)  [92][110/116]    eta: 0:00:00  time: 0.0398  data_time: 0.0055  memory: 120  
2026/08/07 00:31:26 - mmengine - INFO - Evaluating bbox...
2026/08/07 00:31:26 - mmengine - INFO - bbox_mAP_copypaste: 0.611 0.873 0.740 0.000 0.726 0.555
2026/08/07 00:31:26 - mmengine - INFO - Evaluating segm...
2026/08/07 00:31:26 - mmengine - INFO - segm_mAP_copypaste: 0.612 0.872 0.709 0.000 0.727 0.560
2026/08/07 00:31:28 - mmengine - INFO - val kayip: val_kayip_cls 0.3739  val_kayip_bbox 0.2568  val_kayip_mask 0.1285  val_kayip 0.7591
2026/08/07 00:31:28 - mmengine - INFO - Epoch(val) [92][116/116]    busi/dice_tum: 0.8284  busi/dice_lezyonlu: 0.8031  busi/bos_dogru: 19  busi/esik: 0.3000  val_kayip_cls: 0.3739  val_kayip_bbox: 0.2568  val_kayip_mask: 0.1285  val_kayip: 0.7591  coco/bbox_mAP: 0.6110  coco/bbox_mAP_50: 0.8730  coco/bbox_mAP_75: 0.7400  coco/bbox_mAP_s: 0.0000  coco/bbox_mAP_m: 0.7260  coco/bbox_mAP_l: 0.5550  coco/segm_mAP: 0.6120  coco/segm_mAP_50: 0.8720  coco/segm_mAP_75: 0.7090  coco/segm_mAP_s: 0.0000  coco/segm_mAP_m: 0.7270  coco/segm_mAP_l: 0.5600  data_time: 0.0053  time: 0.0396
2026/08/07 00:31:32 - mmengine - INFO - Epoch(train)  [93][10/68]  base_lr: 1.3358e-05 lr: 1.3358e-05  eta: 0:03:05  time: 0.3507  data_time: 0.1274  memory: 602  grad_norm: 10.4175  loss: 0.3719  loss_cls: 0.0828  loss_bbox: 0.1971  loss_mask: 0.0920
2026/08/07 00:31:35 - mmengine - INFO - Epoch(train)  [93][20/68]  base_lr: 1.3100e-05 lr: 1.3100e-05  eta: 0:03:01  time: 0.3561  data_time: 0.1313  memory: 600  grad_norm: 10.6662  loss: 0.3716  loss_cls: 0.0835  loss_bbox: 0.1960  loss_mask: 0.0921
2026/08/07 00:31:38 - mmengine - INFO - Epoch(train)  [93][30/68]  base_lr: 1.2847e-05 lr: 1.2847e-05  eta: 0:02:58  time: 0.3545  data_time: 0.1311  memory: 601  grad_norm: 10.7857  loss: 0.3743  loss_cls: 0.0867  loss_bbox: 0.1975  loss_mask: 0.0900
2026/08/07 00:31:42 - mmengine - INFO - Epoch(train)  [93][40/68]  base_lr: 1.2598e-05 lr: 1.2598e-05  eta: 0:02:54  time: 0.3477  data_time: 0.1269  memory: 601  grad_norm: 10.7430  loss: 0.3694  loss_cls: 0.0875  loss_bbox: 0.1928  loss_mask: 0.0890
2026/08/07 00:31:45 - mmengine - INFO - Epoch(train)  [93][50/68]  base_lr: 1.2353e-05 lr: 1.2353e-05  eta: 0:02:51  time: 0.3492  data_time: 0.1291  memory: 602  grad_norm: 10.0342  loss: 0.3562  loss_cls: 0.0832  loss_bbox: 0.1852  loss_mask: 0.0877
2026/08/07 00:31:49 - mmengine - INFO - Epoch(train)  [93][60/68]  base_lr: 1.2113e-05 lr: 1.2113e-05  eta: 0:02:47  time: 0.3386  data_time: 0.1234  memory: 602  grad_norm: 10.0433  loss: 0.3513  loss_cls: 0.0831  loss_bbox: 0.1828  loss_mask: 0.0854
2026/08/07 00:31:51 - mmengine - INFO - Exp name: rtmdet_ins_busi_20260806_234040
2026/08/07 00:31:51 - mmengine - INFO - Saving checkpoint at 93 epochs
2026/08/07 00:31:54 - mmengine - INFO - Epoch(val)  [93][ 10/116]    eta: 0:00:04  time: 0.0406  data_time: 0.0056  memory: 603  
2026/08/07 00:31:54 - mmengine - INFO - Epoch(val)  [93][ 20/116]    eta: 0:00:03  time: 0.0407  data_time: 0.0055  memory: 110  
2026/08/07 00:31:54 - mmengine - INFO - Epoch(val)  [93][ 30/116]    eta: 0:00:03  time: 0.0395  data_time: 0.0052  memory: 110  
2026/08/07 00:31:55 - mmengine - INFO - Epoch(val)  [93][ 40/116]    eta: 0:00:02  time: 0.0390  data_time: 0.0050  memory: 115  
2026/08/07 00:31:55 - mmengine - INFO - Epoch(val)  [93][ 50/116]    eta: 0:00:02  time: 0.0391  data_time: 0.0051  memory: 130  
2026/08/07 00:31:56 - mmengine - INFO - Epoch(val)  [93][ 60/116]    eta: 0:00:02  time: 0.0393  data_time: 0.0052  memory: 102  
2026/08/07 00:31:56 - mmengine - INFO - Epoch(val)  [93][ 70/116]    eta: 0:00:01  time: 0.0387  data_time: 0.0052  memory: 107  
2026/08/07 00:31:56 - mmengine - INFO - Epoch(val)  [93][ 80/116]    eta: 0:00:01  time: 0.0387  data_time: 0.0053  memory: 118  
2026/08/07 00:31:57 - mmengine - INFO - Epoch(val)  [93][ 90/116]    eta: 0:00:01  time: 0.0406  data_time: 0.0058  memory: 133  
2026/08/07 00:31:57 - mmengine - INFO - Epoch(val)  [93][100/116]    eta: 0:00:00  time: 0.0403  data_time: 0.0056  memory: 131  
2026/08/07 00:31:58 - mmengine - INFO - Epoch(val)  [93][110/116]    eta: 0:00:00  time: 0.0401  data_time: 0.0055  memory: 120  
2026/08/07 00:31:58 - mmengine - INFO - Evaluating bbox...
2026/08/07 00:31:58 - mmengine - INFO - bbox_mAP_copypaste: 0.609 0.868 0.729 0.000 0.726 0.553
2026/08/07 00:31:58 - mmengine - INFO - Evaluating segm...
2026/08/07 00:31:58 - mmengine - INFO - segm_mAP_copypaste: 0.610 0.868 0.707 0.000 0.727 0.553
2026/08/07 00:32:00 - mmengine - INFO - val kayip: val_kayip_cls 0.3589  val_kayip_bbox 0.2562  val_kayip_mask 0.1280  val_kayip 0.7430
2026/08/07 00:32:00 - mmengine - INFO - Epoch(val) [93][116/116]    busi/dice_tum: 0.8275  busi/dice_lezyonlu: 0.8020  busi/bos_dogru: 19  busi/esik: 0.3000  val_kayip_cls: 0.3589  val_kayip_bbox: 0.2562  val_kayip_mask: 0.1280  val_kayip: 0.7430  coco/bbox_mAP: 0.6090  coco/bbox_mAP_50: 0.8680  coco/bbox_mAP_75: 0.7290  coco/bbox_mAP_s: 0.0000  coco/bbox_mAP_m: 0.7260  coco/bbox_mAP_l: 0.5530  coco/segm_mAP: 0.6100  coco/segm_mAP_50: 0.8680  coco/segm_mAP_75: 0.7070  coco/segm_mAP_s: 0.0000  coco/segm_mAP_m: 0.7270  coco/segm_mAP_l: 0.5530  data_time: 0.0054  time: 0.0397
2026/08/07 00:32:03 - mmengine - INFO - Epoch(train)  [94][10/68]  base_lr: 1.1693e-05 lr: 1.1693e-05  eta: 0:02:41  time: 0.3331  data_time: 0.1201  memory: 602  grad_norm: 9.5998  loss: 0.3408  loss_cls: 0.0748  loss_bbox: 0.1814  loss_mask: 0.0847
2026/08/07 00:32:07 - mmengine - INFO - Epoch(train)  [94][20/68]  base_lr: 1.1465e-05 lr: 1.1465e-05  eta: 0:02:38  time: 0.3340  data_time: 0.1221  memory: 602  grad_norm: 9.7287  loss: 0.3368  loss_cls: 0.0703  loss_bbox: 0.1816  loss_mask: 0.0849
2026/08/07 00:32:10 - mmengine - INFO - Epoch(train)  [94][30/68]  base_lr: 1.1243e-05 lr: 1.1243e-05  eta: 0:02:34  time: 0.3342  data_time: 0.1234  memory: 601  grad_norm: 9.7627  loss: 0.3462  loss_cls: 0.0754  loss_bbox: 0.1860  loss_mask: 0.0848
2026/08/07 00:32:14 - mmengine - INFO - Epoch(train)  [94][40/68]  base_lr: 1.1025e-05 lr: 1.1025e-05  eta: 0:02:31  time: 0.3409  data_time: 0.1254  memory: 602  grad_norm: 9.6031  loss: 0.3467  loss_cls: 0.0744  loss_bbox: 0.1882  loss_mask: 0.0841
2026/08/07 00:32:17 - mmengine - INFO - Epoch(train)  [94][50/68]  base_lr: 1.0812e-05 lr: 1.0812e-05  eta: 0:02:27  time: 0.3448  data_time: 0.1292  memory: 601  grad_norm: 9.4996  loss: 0.3494  loss_cls: 0.0743  loss_bbox: 0.1897  loss_mask: 0.0855
2026/08/07 00:32:21 - mmengine - INFO - Epoch(train)  [94][60/68]  base_lr: 1.0603e-05 lr: 1.0603e-05  eta: 0:02:24  time: 0.3460  data_time: 0.1309  memory: 600  grad_norm: 9.5932  loss: 0.3507  loss_cls: 0.0738  loss_bbox: 0.1905  loss_mask: 0.0863
2026/08/07 00:32:23 - mmengine - INFO - Exp name: rtmdet_ins_busi_20260806_234040
2026/08/07 00:32:23 - mmengine - INFO - Saving checkpoint at 94 epochs
2026/08/07 00:32:25 - mmengine - INFO - Epoch(val)  [94][ 10/116]    eta: 0:00:04  time: 0.0413  data_time: 0.0057  memory: 601  
2026/08/07 00:32:26 - mmengine - INFO - Epoch(val)  [94][ 20/116]    eta: 0:00:03  time: 0.0401  data_time: 0.0055  memory: 110  
2026/08/07 00:32:26 - mmengine - INFO - Epoch(val)  [94][ 30/116]    eta: 0:00:03  time: 0.0382  data_time: 0.0051  memory: 112  
2026/08/07 00:32:27 - mmengine - INFO - Epoch(val)  [94][ 40/116]    eta: 0:00:02  time: 0.0375  data_time: 0.0049  memory: 107  
2026/08/07 00:32:27 - mmengine - INFO - Epoch(val)  [94][ 50/116]    eta: 0:00:02  time: 0.0375  data_time: 0.0049  memory: 130  
2026/08/07 00:32:27 - mmengine - INFO - Epoch(val)  [94][ 60/116]    eta: 0:00:02  time: 0.0373  data_time: 0.0050  memory: 102  
2026/08/07 00:32:28 - mmengine - INFO - Epoch(val)  [94][ 70/116]    eta: 0:00:01  time: 0.0374  data_time: 0.0052  memory: 107  
2026/08/07 00:32:28 - mmengine - INFO - Epoch(val)  [94][ 80/116]    eta: 0:00:01  time: 0.0389  data_time: 0.0054  memory: 118  
2026/08/07 00:32:29 - mmengine - INFO - Epoch(val)  [94][ 90/116]    eta: 0:00:01  time: 0.0405  data_time: 0.0057  memory: 126  
2026/08/07 00:32:29 - mmengine - INFO - Epoch(val)  [94][100/116]    eta: 0:00:00  time: 0.0404  data_time: 0.0057  memory: 128  
2026/08/07 00:32:29 - mmengine - INFO - Epoch(val)  [94][110/116]    eta: 0:00:00  time: 0.0405  data_time: 0.0055  memory: 120  
2026/08/07 00:32:30 - mmengine - INFO - Evaluating bbox...
2026/08/07 00:32:30 - mmengine - INFO - bbox_mAP_copypaste: 0.614 0.875 0.743 0.000 0.730 0.557
2026/08/07 00:32:30 - mmengine - INFO - Evaluating segm...
2026/08/07 00:32:30 - mmengine - INFO - segm_mAP_copypaste: 0.612 0.871 0.705 0.000 0.722 0.559
2026/08/07 00:32:32 - mmengine - INFO - val kayip: val_kayip_cls 0.3779  val_kayip_bbox 0.2566  val_kayip_mask 0.1272  val_kayip 0.7617
2026/08/07 00:32:32 - mmengine - INFO - Epoch(val) [94][116/116]    busi/dice_tum: 0.8274  busi/dice_lezyonlu: 0.8019  busi/bos_dogru: 19  busi/esik: 0.3000  val_kayip_cls: 0.3779  val_kayip_bbox: 0.2566  val_kayip_mask: 0.1272  val_kayip: 0.7617  coco/bbox_mAP: 0.6140  coco/bbox_mAP_50: 0.8750  coco/bbox_mAP_75: 0.7430  coco/bbox_mAP_s: 0.0000  coco/bbox_mAP_m: 0.7300  coco/bbox_mAP_l: 0.5570  coco/segm_mAP: 0.6120  coco/segm_mAP_50: 0.8710  coco/segm_mAP_75: 0.7050  coco/segm_mAP_s: 0.0000  coco/segm_mAP_m: 0.7220  coco/segm_mAP_l: 0.5590  data_time: 0.0053  time: 0.0391
2026/08/07 00:32:35 - mmengine - INFO - Epoch(train)  [95][10/68]  base_lr: 1.0240e-05 lr: 1.0240e-05  eta: 0:02:18  time: 0.3461  data_time: 0.1267  memory: 600  grad_norm: 10.1966  loss: 0.3537  loss_cls: 0.0753  loss_bbox: 0.1935  loss_mask: 0.0849
2026/08/07 00:32:39 - mmengine - INFO - Epoch(train)  [95][20/68]  base_lr: 1.0044e-05 lr: 1.0044e-05  eta: 0:02:14  time: 0.3456  data_time: 0.1285  memory: 602  grad_norm: 10.2322  loss: 0.3543  loss_cls: 0.0740  loss_bbox: 0.1928  loss_mask: 0.0874
2026/08/07 00:32:42 - mmengine - INFO - Epoch(train)  [95][30/68]  base_lr: 9.8537e-06 lr: 9.8537e-06  eta: 0:02:11  time: 0.3454  data_time: 0.1285  memory: 601  grad_norm: 10.4264  loss: 0.3521  loss_cls: 0.0761  loss_bbox: 0.1901  loss_mask: 0.0859
2026/08/07 00:32:46 - mmengine - INFO - Epoch(train)  [95][40/68]  base_lr: 9.6679e-06 lr: 9.6679e-06  eta: 0:02:07  time: 0.3468  data_time: 0.1291  memory: 601  grad_norm: 10.3666  loss: 0.3564  loss_cls: 0.0800  loss_bbox: 0.1915  loss_mask: 0.0849
2026/08/07 00:32:49 - mmengine - INFO - Epoch(train)  [95][50/68]  base_lr: 9.4868e-06 lr: 9.4868e-06  eta: 0:02:04  time: 0.3535  data_time: 0.1347  memory: 602  grad_norm: 10.1278  loss: 0.3538  loss_cls: 0.0769  loss_bbox: 0.1905  loss_mask: 0.0864
2026/08/07 00:32:53 - mmengine - INFO - Epoch(train)  [95][60/68]  base_lr: 9.3106e-06 lr: 9.3106e-06  eta: 0:02:00  time: 0.3504  data_time: 0.1341  memory: 601  grad_norm: 9.7779  loss: 0.3492  loss_cls: 0.0781  loss_bbox: 0.1861  loss_mask: 0.0850
2026/08/07 00:32:55 - mmengine - INFO - Exp name: rtmdet_ins_busi_20260806_234040
2026/08/07 00:32:55 - mmengine - INFO - Saving checkpoint at 95 epochs
2026/08/07 00:32:58 - mmengine - INFO - Epoch(val)  [95][ 10/116]    eta: 0:00:04  time: 0.0419  data_time: 0.0057  memory: 604  
2026/08/07 00:32:58 - mmengine - INFO - Epoch(val)  [95][ 20/116]    eta: 0:00:03  time: 0.0408  data_time: 0.0055  memory: 110  
2026/08/07 00:32:58 - mmengine - INFO - Epoch(val)  [95][ 30/116]    eta: 0:00:03  time: 0.0393  data_time: 0.0051  memory: 110  
2026/08/07 00:32:59 - mmengine - INFO - Epoch(val)  [95][ 40/116]    eta: 0:00:02  time: 0.0386  data_time: 0.0050  memory: 111  
2026/08/07 00:32:59 - mmengine - INFO - Epoch(val)  [95][ 50/116]    eta: 0:00:02  time: 0.0381  data_time: 0.0050  memory: 135  
2026/08/07 00:33:00 - mmengine - INFO - Epoch(val)  [95][ 60/116]    eta: 0:00:02  time: 0.0381  data_time: 0.0052  memory: 103  
2026/08/07 00:33:00 - mmengine - INFO - Epoch(val)  [95][ 70/116]    eta: 0:00:01  time: 0.0375  data_time: 0.0052  memory: 107  
2026/08/07 00:33:00 - mmengine - INFO - Epoch(val)  [95][ 80/116]    eta: 0:00:01  time: 0.0380  data_time: 0.0053  memory: 115  
2026/08/07 00:33:01 - mmengine - INFO - Epoch(val)  [95][ 90/116]    eta: 0:00:01  time: 0.0396  data_time: 0.0057  memory: 133  
2026/08/07 00:33:01 - mmengine - INFO - Epoch(val)  [95][100/116]    eta: 0:00:00  time: 0.0396  data_time: 0.0056  memory: 133  
2026/08/07 00:33:02 - mmengine - INFO - Epoch(val)  [95][110/116]    eta: 0:00:00  time: 0.0385  data_time: 0.0053  memory: 120  
2026/08/07 00:33:02 - mmengine - INFO - Evaluating bbox...
2026/08/07 00:33:02 - mmengine - INFO - bbox_mAP_copypaste: 0.614 0.868 0.744 0.000 0.738 0.557
2026/08/07 00:33:02 - mmengine - INFO - Evaluating segm...
2026/08/07 00:33:02 - mmengine - INFO - segm_mAP_copypaste: 0.614 0.871 0.714 0.000 0.728 0.558
2026/08/07 00:33:04 - mmengine - INFO - val kayip: val_kayip_cls 0.3924  val_kayip_bbox 0.2564  val_kayip_mask 0.1274  val_kayip 0.7762
2026/08/07 00:33:04 - mmengine - INFO - Epoch(val) [95][116/116]    busi/dice_tum: 0.8154  busi/dice_lezyonlu: 0.7873  busi/bos_dogru: 19  busi/esik: 0.3000  val_kayip_cls: 0.3924  val_kayip_bbox: 0.2564  val_kayip_mask: 0.1274  val_kayip: 0.7762  coco/bbox_mAP: 0.6140  coco/bbox_mAP_50: 0.8680  coco/bbox_mAP_75: 0.7440  coco/bbox_mAP_s: 0.0000  coco/bbox_mAP_m: 0.7380  coco/bbox_mAP_l: 0.5570  coco/segm_mAP: 0.6140  coco/segm_mAP_50: 0.8710  coco/segm_mAP_75: 0.7140  coco/segm_mAP_s: 0.0000  coco/segm_mAP_m: 0.7280  coco/segm_mAP_l: 0.5580  data_time: 0.0053  time: 0.0388
2026/08/07 00:33:07 - mmengine - INFO - Epoch(train)  [96][10/68]  base_lr: 9.0054e-06 lr: 9.0054e-06  eta: 0:01:54  time: 0.3429  data_time: 0.1281  memory: 601  grad_norm: 9.6294  loss: 0.3420  loss_cls: 0.0755  loss_bbox: 0.1832  loss_mask: 0.0832
2026/08/07 00:33:11 - mmengine - INFO - Epoch(train)  [96][20/68]  base_lr: 8.8426e-06 lr: 8.8426e-06  eta: 0:01:50  time: 0.3457  data_time: 0.1323  memory: 603  grad_norm: 9.8509  loss: 0.3441  loss_cls: 0.0735  loss_bbox: 0.1866  loss_mask: 0.0840
2026/08/07 00:33:14 - mmengine - INFO - Epoch(train)  [96][30/68]  base_lr: 8.6847e-06 lr: 8.6847e-06  eta: 0:01:47  time: 0.3438  data_time: 0.1297  memory: 603  grad_norm: 10.0013  loss: 0.3464  loss_cls: 0.0730  loss_bbox: 0.1888  loss_mask: 0.0845
2026/08/07 00:33:18 - mmengine - INFO - Epoch(train)  [96][40/68]  base_lr: 8.5316e-06 lr: 8.5316e-06  eta: 0:01:44  time: 0.3461  data_time: 0.1303  memory: 602  grad_norm: 10.4114  loss: 0.3444  loss_cls: 0.0717  loss_bbox: 0.1882  loss_mask: 0.0845
2026/08/07 00:33:21 - mmengine - INFO - Epoch(train)  [96][50/68]  base_lr: 8.3835e-06 lr: 8.3835e-06  eta: 0:01:40  time: 0.3461  data_time: 0.1287  memory: 601  grad_norm: 10.3499  loss: 0.3407  loss_cls: 0.0676  loss_bbox: 0.1888  loss_mask: 0.0843
2026/08/07 00:33:25 - mmengine - INFO - Epoch(train)  [96][60/68]  base_lr: 8.2402e-06 lr: 8.2402e-06  eta: 0:01:37  time: 0.3479  data_time: 0.1306  memory: 602  grad_norm: 10.6731  loss: 0.3502  loss_cls: 0.0737  loss_bbox: 0.1907  loss_mask: 0.0857
2026/08/07 00:33:27 - mmengine - INFO - Exp name: rtmdet_ins_busi_20260806_234040
2026/08/07 00:33:27 - mmengine - INFO - Saving checkpoint at 96 epochs
2026/08/07 00:33:30 - mmengine - INFO - Epoch(val)  [96][ 10/116]    eta: 0:00:04  time: 0.0402  data_time: 0.0055  memory: 602  
2026/08/07 00:33:30 - mmengine - INFO - Epoch(val)  [96][ 20/116]    eta: 0:00:03  time: 0.0394  data_time: 0.0054  memory: 110  
2026/08/07 00:33:30 - mmengine - INFO - Epoch(val)  [96][ 30/116]    eta: 0:00:03  time: 0.0378  data_time: 0.0050  memory: 110  
2026/08/07 00:33:31 - mmengine - INFO - Epoch(val)  [96][ 40/116]    eta: 0:00:02  time: 0.0375  data_time: 0.0049  memory: 107  
2026/08/07 00:33:31 - mmengine - INFO - Epoch(val)  [96][ 50/116]    eta: 0:00:02  time: 0.0381  data_time: 0.0050  memory: 135  
2026/08/07 00:33:32 - mmengine - INFO - Epoch(val)  [96][ 60/116]    eta: 0:00:02  time: 0.0385  data_time: 0.0052  memory: 103  
2026/08/07 00:33:32 - mmengine - INFO - Epoch(val)  [96][ 70/116]    eta: 0:00:01  time: 0.0384  data_time: 0.0052  memory: 107  
2026/08/07 00:33:32 - mmengine - INFO - Epoch(val)  [96][ 80/116]    eta: 0:00:01  time: 0.0388  data_time: 0.0053  memory: 118  
2026/08/07 00:33:33 - mmengine - INFO - Epoch(val)  [96][ 90/116]    eta: 0:00:01  time: 0.0401  data_time: 0.0055  memory: 126  
2026/08/07 00:33:33 - mmengine - INFO - Epoch(val)  [96][100/116]    eta: 0:00:00  time: 0.0398  data_time: 0.0054  memory: 133  
2026/08/07 00:33:34 - mmengine - INFO - Epoch(val)  [96][110/116]    eta: 0:00:00  time: 0.0393  data_time: 0.0055  memory: 120  
2026/08/07 00:33:34 - mmengine - INFO - Evaluating bbox...
2026/08/07 00:33:34 - mmengine - INFO - bbox_mAP_copypaste: 0.611 0.866 0.745 0.000 0.727 0.558
2026/08/07 00:33:34 - mmengine - INFO - Evaluating segm...
2026/08/07 00:33:34 - mmengine - INFO - segm_mAP_copypaste: 0.613 0.870 0.702 0.000 0.727 0.559
2026/08/07 00:33:36 - mmengine - INFO - val kayip: val_kayip_cls 0.3805  val_kayip_bbox 0.2572  val_kayip_mask 0.1273  val_kayip 0.7650
2026/08/07 00:33:36 - mmengine - INFO - Epoch(val) [96][116/116]    busi/dice_tum: 0.8209  busi/dice_lezyonlu: 0.7940  busi/bos_dogru: 19  busi/esik: 0.3000  val_kayip_cls: 0.3805  val_kayip_bbox: 0.2572  val_kayip_mask: 0.1273  val_kayip: 0.7650  coco/bbox_mAP: 0.6110  coco/bbox_mAP_50: 0.8660  coco/bbox_mAP_75: 0.7450  coco/bbox_mAP_s: 0.0000  coco/bbox_mAP_m: 0.7270  coco/bbox_mAP_l: 0.5580  coco/segm_mAP: 0.6130  coco/segm_mAP_50: 0.8700  coco/segm_mAP_75: 0.7020  coco/segm_mAP_s: 0.0000  coco/segm_mAP_m: 0.7270  coco/segm_mAP_l: 0.5590  data_time: 0.0054  time: 0.0387
2026/08/07 00:33:39 - mmengine - INFO - Epoch(train)  [97][10/68]  base_lr: 7.9946e-06 lr: 7.9946e-06  eta: 0:01:30  time: 0.3441  data_time: 0.1241  memory: 602  grad_norm: 10.4458  loss: 0.3539  loss_cls: 0.0791  loss_bbox: 0.1883  loss_mask: 0.0866
2026/08/07 00:33:43 - mmengine - INFO - Epoch(train)  [97][20/68]  base_lr: 7.8650e-06 lr: 7.8650e-06  eta: 0:01:27  time: 0.3408  data_time: 0.1236  memory: 600  grad_norm: 10.3583  loss: 0.3587  loss_cls: 0.0788  loss_bbox: 0.1921  loss_mask: 0.0878
2026/08/07 00:33:46 - mmengine - INFO - Epoch(train)  [97][30/68]  base_lr: 7.7404e-06 lr: 7.7404e-06  eta: 0:01:23  time: 0.3421  data_time: 0.1258  memory: 602  grad_norm: 10.3488  loss: 0.3594  loss_cls: 0.0800  loss_bbox: 0.1924  loss_mask: 0.0870
2026/08/07 00:33:50 - mmengine - INFO - Epoch(train)  [97][40/68]  base_lr: 7.6207e-06 lr: 7.6207e-06  eta: 0:01:20  time: 0.3401  data_time: 0.1257  memory: 602  grad_norm: 9.8474  loss: 0.3372  loss_cls: 0.0737  loss_bbox: 0.1811  loss_mask: 0.0824
2026/08/07 00:33:53 - mmengine - INFO - Epoch(train)  [97][50/68]  base_lr: 7.5060e-06 lr: 7.5060e-06  eta: 0:01:16  time: 0.3376  data_time: 0.1237  memory: 602  grad_norm: 9.7434  loss: 0.3344  loss_cls: 0.0708  loss_bbox: 0.1819  loss_mask: 0.0817
2026/08/07 00:33:56 - mmengine - INFO - Epoch(train)  [97][60/68]  base_lr: 7.3962e-06 lr: 7.3962e-06  eta: 0:01:13  time: 0.3318  data_time: 0.1193  memory: 601  grad_norm: 9.5177  loss: 0.3326  loss_cls: 0.0722  loss_bbox: 0.1813  loss_mask: 0.0792
2026/08/07 00:33:59 - mmengine - INFO - Exp name: rtmdet_ins_busi_20260806_234040
2026/08/07 00:33:59 - mmengine - INFO - Saving checkpoint at 97 epochs
2026/08/07 00:34:01 - mmengine - INFO - Epoch(val)  [97][ 10/116]    eta: 0:00:03  time: 0.0395  data_time: 0.0055  memory: 603  
2026/08/07 00:34:01 - mmengine - INFO - Epoch(val)  [97][ 20/116]    eta: 0:00:03  time: 0.0378  data_time: 0.0057  memory: 110  
2026/08/07 00:34:02 - mmengine - INFO - Epoch(val)  [97][ 30/116]    eta: 0:00:02  time: 0.0363  data_time: 0.0056  memory: 112  
2026/08/07 00:34:02 - mmengine - INFO - Epoch(val)  [97][ 40/116]    eta: 0:00:02  time: 0.0353  data_time: 0.0048  memory: 115  
2026/08/07 00:34:02 - mmengine - INFO - Epoch(val)  [97][ 50/116]    eta: 0:00:02  time: 0.0359  data_time: 0.0048  memory: 135  
2026/08/07 00:34:03 - mmengine - INFO - Epoch(val)  [97][ 60/116]    eta: 0:00:02  time: 0.0360  data_time: 0.0058  memory: 103  
2026/08/07 00:34:03 - mmengine - INFO - Epoch(val)  [97][ 70/116]    eta: 0:00:01  time: 0.0363  data_time: 0.0052  memory: 107  
2026/08/07 00:34:04 - mmengine - INFO - Epoch(val)  [97][ 80/116]    eta: 0:00:01  time: 0.0367  data_time: 0.0047  memory: 116  
2026/08/07 00:34:04 - mmengine - INFO - Epoch(val)  [97][ 90/116]    eta: 0:00:00  time: 0.0376  data_time: 0.0060  memory: 133  
2026/08/07 00:34:04 - mmengine - INFO - Epoch(val)  [97][100/116]    eta: 0:00:00  time: 0.0368  data_time: 0.0053  memory: 133  
2026/08/07 00:34:05 - mmengine - INFO - Epoch(val)  [97][110/116]    eta: 0:00:00  time: 0.0362  data_time: 0.0052  memory: 120  
2026/08/07 00:34:05 - mmengine - INFO - Evaluating bbox...
2026/08/07 00:34:05 - mmengine - INFO - bbox_mAP_copypaste: 0.612 0.869 0.732 0.000 0.742 0.553
2026/08/07 00:34:05 - mmengine - INFO - Evaluating segm...
2026/08/07 00:34:05 - mmengine - INFO - segm_mAP_copypaste: 0.610 0.873 0.702 0.000 0.729 0.554
2026/08/07 00:34:07 - mmengine - INFO - val kayip: val_kayip_cls 0.3890  val_kayip_bbox 0.2566  val_kayip_mask 0.1280  val_kayip 0.7736
2026/08/07 00:34:07 - mmengine - INFO - Epoch(val) [97][116/116]    busi/dice_tum: 0.8211  busi/dice_lezyonlu: 0.7942  busi/bos_dogru: 19  busi/esik: 0.3000  val_kayip_cls: 0.3890  val_kayip_bbox: 0.2566  val_kayip_mask: 0.1280  val_kayip: 0.7736  coco/bbox_mAP: 0.6120  coco/bbox_mAP_50: 0.8690  coco/bbox_mAP_75: 0.7320  coco/bbox_mAP_s: 0.0000  coco/bbox_mAP_m: 0.7420  coco/bbox_mAP_l: 0.5530  coco/segm_mAP: 0.6100  coco/segm_mAP_50: 0.8730  coco/segm_mAP_75: 0.7020  coco/segm_mAP_s: 0.0000  coco/segm_mAP_m: 0.7290  coco/segm_mAP_l: 0.5540  data_time: 0.0056  time: 0.0366
2026/08/07 00:34:11 - mmengine - INFO - Epoch(train)  [98][10/68]  base_lr: 7.2112e-06 lr: 7.2112e-06  eta: 0:01:07  time: 0.3335  data_time: 0.1208  memory: 601  grad_norm: 11.7946  loss: 0.3372  loss_cls: 0.0832  loss_bbox: 0.1755  loss_mask: 0.0784
2026/08/07 00:34:14 - mmengine - INFO - Epoch(train)  [98][20/68]  base_lr: 7.1154e-06 lr: 7.1154e-06  eta: 0:01:03  time: 0.3339  data_time: 0.1199  memory: 602  grad_norm: 11.8387  loss: 0.3518  loss_cls: 0.0898  loss_bbox: 0.1805  loss_mask: 0.0814
2026/08/07 00:34:18 - mmengine - INFO - Epoch(train)  [98][30/68]  base_lr: 7.0245e-06 lr: 7.0245e-06  eta: 0:01:00  time: 0.3437  data_time: 0.1273  memory: 601  grad_norm: 12.4474  loss: 0.3593  loss_cls: 0.0923  loss_bbox: 0.1848  loss_mask: 0.0822
2026/08/07 00:34:21 - mmengine - INFO - Epoch(train)  [98][40/68]  base_lr: 6.9387e-06 lr: 6.9387e-06  eta: 0:00:56  time: 0.3468  data_time: 0.1313  memory: 602  grad_norm: 12.6879  loss: 0.3643  loss_cls: 0.0933  loss_bbox: 0.1877  loss_mask: 0.0834
2026/08/07 00:34:24 - mmengine - INFO - Epoch(train)  [98][50/68]  base_lr: 6.8579e-06 lr: 6.8579e-06  eta: 0:00:53  time: 0.3442  data_time: 0.1285  memory: 599  grad_norm: 10.5866  loss: 0.3600  loss_cls: 0.0831  loss_bbox: 0.1911  loss_mask: 0.0858
2026/08/07 00:34:27 - mmengine - INFO - Epoch(train)  [98][60/68]  base_lr: 6.7821e-06 lr: 6.7821e-06  eta: 0:00:49  time: 0.3389  data_time: 0.1247  memory: 600  grad_norm: 10.8904  loss: 0.3583  loss_cls: 0.0842  loss_bbox: 0.1905  loss_mask: 0.0836
2026/08/07 00:34:30 - mmengine - INFO - Exp name: rtmdet_ins_busi_20260806_234040
2026/08/07 00:34:30 - mmengine - INFO - Saving checkpoint at 98 epochs
2026/08/07 00:34:33 - mmengine - INFO - Epoch(val)  [98][ 10/116]    eta: 0:00:04  time: 0.0385  data_time: 0.0066  memory: 602  
2026/08/07 00:34:33 - mmengine - INFO - Epoch(val)  [98][ 20/116]    eta: 0:00:03  time: 0.0373  data_time: 0.0066  memory: 110  
2026/08/07 00:34:33 - mmengine - INFO - Epoch(val)  [98][ 30/116]    eta: 0:00:03  time: 0.0363  data_time: 0.0058  memory: 110  
2026/08/07 00:34:34 - mmengine - INFO - Epoch(val)  [98][ 40/116]    eta: 0:00:02  time: 0.0363  data_time: 0.0056  memory: 118  
2026/08/07 00:34:34 - mmengine - INFO - Epoch(val)  [98][ 50/116]    eta: 0:00:02  time: 0.0366  data_time: 0.0045  memory: 130  
2026/08/07 00:34:34 - mmengine - INFO - Epoch(val)  [98][ 60/116]    eta: 0:00:02  time: 0.0369  data_time: 0.0051  memory: 107  
2026/08/07 00:34:35 - mmengine - INFO - Epoch(val)  [98][ 70/116]    eta: 0:00:01  time: 0.0376  data_time: 0.0050  memory: 107  
2026/08/07 00:34:35 - mmengine - INFO - Epoch(val)  [98][ 80/116]    eta: 0:00:01  time: 0.0392  data_time: 0.0056  memory: 116  
2026/08/07 00:34:36 - mmengine - INFO - Epoch(val)  [98][ 90/116]    eta: 0:00:00  time: 0.0406  data_time: 0.0054  memory: 139  
2026/08/07 00:34:36 - mmengine - INFO - Epoch(val)  [98][100/116]    eta: 0:00:00  time: 0.0404  data_time: 0.0053  memory: 133  
2026/08/07 00:34:36 - mmengine - INFO - Epoch(val)  [98][110/116]    eta: 0:00:00  time: 0.0394  data_time: 0.0051  memory: 120  
2026/08/07 00:34:37 - mmengine - INFO - Evaluating bbox...
2026/08/07 00:34:37 - mmengine - INFO - bbox_mAP_copypaste: 0.605 0.873 0.725 0.000 0.728 0.547
2026/08/07 00:34:37 - mmengine - INFO - Evaluating segm...
2026/08/07 00:34:37 - mmengine - INFO - segm_mAP_copypaste: 0.614 0.872 0.705 0.000 0.730 0.559
2026/08/07 00:34:39 - mmengine - INFO - val kayip: val_kayip_cls 0.3837  val_kayip_bbox 0.2580  val_kayip_mask 0.1282  val_kayip 0.7699
2026/08/07 00:34:39 - mmengine - INFO - Epoch(val) [98][116/116]    busi/dice_tum: 0.8270  busi/dice_lezyonlu: 0.8013  busi/bos_dogru: 19  busi/esik: 0.3000  val_kayip_cls: 0.3837  val_kayip_bbox: 0.2580  val_kayip_mask: 0.1282  val_kayip: 0.7699  coco/bbox_mAP: 0.6050  coco/bbox_mAP_50: 0.8730  coco/bbox_mAP_75: 0.7250  coco/bbox_mAP_s: 0.0000  coco/bbox_mAP_m: 0.7280  coco/bbox_mAP_l: 0.5470  coco/segm_mAP: 0.6140  coco/segm_mAP_50: 0.8720  coco/segm_mAP_75: 0.7050  coco/segm_mAP_s: 0.0000  coco/segm_mAP_m: 0.7300  coco/segm_mAP_l: 0.5590  data_time: 0.0052  time: 0.0383
2026/08/07 00:34:42 - mmengine - INFO - Epoch(train)  [99][10/68]  base_lr: 6.6583e-06 lr: 6.6583e-06  eta: 0:00:43  time: 0.3346  data_time: 0.1223  memory: 601  grad_norm: 10.9954  loss: 0.3562  loss_cls: 0.0804  loss_bbox: 0.1914  loss_mask: 0.0844
2026/08/07 00:34:46 - mmengine - INFO - Epoch(train)  [99][20/68]  base_lr: 6.5966e-06 lr: 6.5966e-06  eta: 0:00:40  time: 0.3384  data_time: 0.1243  memory: 602  grad_norm: 10.5027  loss: 0.3478  loss_cls: 0.0782  loss_bbox: 0.1870  loss_mask: 0.0827
2026/08/07 00:34:49 - mmengine - INFO - Epoch(train)  [99][30/68]  base_lr: 6.5400e-06 lr: 6.5400e-06  eta: 0:00:36  time: 0.3426  data_time: 0.1269  memory: 601  grad_norm: 10.3532  loss: 0.3496  loss_cls: 0.0787  loss_bbox: 0.1881  loss_mask: 0.0828
2026/08/07 00:34:52 - mmengine - INFO - Epoch(train)  [99][40/68]  base_lr: 6.4883e-06 lr: 6.4883e-06  eta: 0:00:33  time: 0.3381  data_time: 0.1224  memory: 601  grad_norm: 10.1821  loss: 0.3468  loss_cls: 0.0769  loss_bbox: 0.1890  loss_mask: 0.0809
2026/08/07 00:34:55 - mmengine - INFO - Epoch(train)  [99][50/68]  base_lr: 6.4417e-06 lr: 6.4417e-06  eta: 0:00:29  time: 0.3316  data_time: 0.1192  memory: 602  grad_norm: 10.3823  loss: 0.3459  loss_cls: 0.0768  loss_bbox: 0.1875  loss_mask: 0.0816
2026/08/07 00:34:59 - mmengine - INFO - Epoch(train)  [99][60/68]  base_lr: 6.4002e-06 lr: 6.4002e-06  eta: 0:00:26  time: 0.3295  data_time: 0.1180  memory: 601  grad_norm: 9.9465  loss: 0.3453  loss_cls: 0.0762  loss_bbox: 0.1877  loss_mask: 0.0815
2026/08/07 00:35:01 - mmengine - INFO - Exp name: rtmdet_ins_busi_20260806_234040
2026/08/07 00:35:01 - mmengine - INFO - Saving checkpoint at 99 epochs
2026/08/07 00:35:04 - mmengine - INFO - Epoch(val)  [99][ 10/116]    eta: 0:00:03  time: 0.0395  data_time: 0.0044  memory: 604  
2026/08/07 00:35:04 - mmengine - INFO - Epoch(val)  [99][ 20/116]    eta: 0:00:03  time: 0.0377  data_time: 0.0052  memory: 110  
2026/08/07 00:35:04 - mmengine - INFO - Epoch(val)  [99][ 30/116]    eta: 0:00:02  time: 0.0353  data_time: 0.0047  memory: 107  
2026/08/07 00:35:05 - mmengine - INFO - Epoch(val)  [99][ 40/116]    eta: 0:00:02  time: 0.0346  data_time: 0.0043  memory: 115  
2026/08/07 00:35:05 - mmengine - INFO - Epoch(val)  [99][ 50/116]    eta: 0:00:02  time: 0.0349  data_time: 0.0048  memory: 130  
2026/08/07 00:35:05 - mmengine - INFO - Epoch(val)  [99][ 60/116]    eta: 0:00:01  time: 0.0348  data_time: 0.0043  memory: 103  
2026/08/07 00:35:06 - mmengine - INFO - Epoch(val)  [99][ 70/116]    eta: 0:00:01  time: 0.0353  data_time: 0.0038  memory: 107  
2026/08/07 00:35:06 - mmengine - INFO - Epoch(val)  [99][ 80/116]    eta: 0:00:01  time: 0.0370  data_time: 0.0047  memory: 118  
2026/08/07 00:35:06 - mmengine - INFO - Epoch(val)  [99][ 90/116]    eta: 0:00:00  time: 0.0381  data_time: 0.0049  memory: 133  
2026/08/07 00:35:07 - mmengine - INFO - Epoch(val)  [99][100/116]    eta: 0:00:00  time: 0.0379  data_time: 0.0040  memory: 133  
2026/08/07 00:35:07 - mmengine - INFO - Epoch(val)  [99][110/116]    eta: 0:00:00  time: 0.0382  data_time: 0.0049  memory: 115  
2026/08/07 00:35:07 - mmengine - INFO - Evaluating bbox...
2026/08/07 00:35:07 - mmengine - INFO - bbox_mAP_copypaste: 0.610 0.873 0.734 0.000 0.733 0.553
2026/08/07 00:35:07 - mmengine - INFO - Evaluating segm...
2026/08/07 00:35:08 - mmengine - INFO - segm_mAP_copypaste: 0.611 0.866 0.712 0.000 0.730 0.554
2026/08/07 00:35:09 - mmengine - INFO - val kayip: val_kayip_cls 0.3694  val_kayip_bbox 0.2578  val_kayip_mask 0.1290  val_kayip 0.7563
2026/08/07 00:35:09 - mmengine - INFO - Epoch(val) [99][116/116]    busi/dice_tum: 0.8271  busi/dice_lezyonlu: 0.8015  busi/bos_dogru: 19  busi/esik: 0.3000  val_kayip_cls: 0.3694  val_kayip_bbox: 0.2578  val_kayip_mask: 0.1290  val_kayip: 0.7563  coco/bbox_mAP: 0.6100  coco/bbox_mAP_50: 0.8730  coco/bbox_mAP_75: 0.7340  coco/bbox_mAP_s: 0.0000  coco/bbox_mAP_m: 0.7330  coco/bbox_mAP_l: 0.5530  coco/segm_mAP: 0.6110  coco/segm_mAP_50: 0.8660  coco/segm_mAP_75: 0.7120  coco/segm_mAP_s: 0.0000  coco/segm_mAP_m: 0.7300  coco/segm_mAP_l: 0.5540  data_time: 0.0049  time: 0.0368
2026/08/07 00:35:13 - mmengine - INFO - Epoch(train) [100][10/68]  base_lr: 6.3382e-06 lr: 6.3382e-06  eta: 0:00:20  time: 0.3219  data_time: 0.1117  memory: 601  grad_norm: 10.2853  loss: 0.3413  loss_cls: 0.0748  loss_bbox: 0.1839  loss_mask: 0.0826
2026/08/07 00:35:16 - mmengine - INFO - Epoch(train) [100][20/68]  base_lr: 6.3108e-06 lr: 6.3108e-06  eta: 0:00:16  time: 0.3241  data_time: 0.1145  memory: 602  grad_norm: 10.1767  loss: 0.3373  loss_cls: 0.0744  loss_bbox: 0.1801  loss_mask: 0.0828
2026/08/07 00:35:19 - mmengine - INFO - Epoch(train) [100][30/68]  base_lr: 6.2885e-06 lr: 6.2885e-06  eta: 0:00:13  time: 0.3316  data_time: 0.1199  memory: 602  grad_norm: 9.9939  loss: 0.3366  loss_cls: 0.0729  loss_bbox: 0.1791  loss_mask: 0.0846
2026/08/07 00:35:23 - mmengine - INFO - Epoch(train) [100][40/68]  base_lr: 6.2713e-06 lr: 6.2713e-06  eta: 0:00:09  time: 0.3349  data_time: 0.1218  memory: 602  grad_norm: 10.0861  loss: 0.3329  loss_cls: 0.0703  loss_bbox: 0.1790  loss_mask: 0.0837
2026/08/07 00:35:26 - mmengine - INFO - Epoch(train) [100][50/68]  base_lr: 6.2591e-06 lr: 6.2591e-06  eta: 0:00:06  time: 0.3360  data_time: 0.1237  memory: 600  grad_norm: 9.7396  loss: 0.3295  loss_cls: 0.0682  loss_bbox: 0.1780  loss_mask: 0.0833
2026/08/07 00:35:30 - mmengine - INFO - Epoch(train) [100][60/68]  base_lr: 6.2521e-06 lr: 6.2521e-06  eta: 0:00:02  time: 0.3361  data_time: 0.1237  memory: 602  grad_norm: 9.6389  loss: 0.3344  loss_cls: 0.0700  loss_bbox: 0.1809  loss_mask: 0.0834
2026/08/07 00:35:32 - mmengine - INFO - Exp name: rtmdet_ins_busi_20260806_234040
2026/08/07 00:35:32 - mmengine - INFO - Saving checkpoint at 100 epochs
2026/08/07 00:35:34 - mmengine - INFO - Epoch(val) [100][ 10/116]    eta: 0:00:04  time: 0.0388  data_time: 0.0053  memory: 600  
2026/08/07 00:35:35 - mmengine - INFO - Epoch(val) [100][ 20/116]    eta: 0:00:03  time: 0.0381  data_time: 0.0047  memory: 110  
2026/08/07 00:35:35 - mmengine - INFO - Epoch(val) [100][ 30/116]    eta: 0:00:03  time: 0.0366  data_time: 0.0048  memory: 110  
2026/08/07 00:35:35 - mmengine - INFO - Epoch(val) [100][ 40/116]    eta: 0:00:02  time: 0.0361  data_time: 0.0048  memory: 111  
2026/08/07 00:35:36 - mmengine - INFO - Epoch(val) [100][ 50/116]    eta: 0:00:02  time: 0.0360  data_time: 0.0041  memory: 135  
2026/08/07 00:35:36 - mmengine - INFO - Epoch(val) [100][ 60/116]    eta: 0:00:02  time: 0.0354  data_time: 0.0040  memory: 103  
2026/08/07 00:35:36 - mmengine - INFO - Epoch(val) [100][ 70/116]    eta: 0:00:01  time: 0.0355  data_time: 0.0053  memory: 104  
2026/08/07 00:35:37 - mmengine - INFO - Epoch(val) [100][ 80/116]    eta: 0:00:01  time: 0.0361  data_time: 0.0056  memory: 118  
2026/08/07 00:35:37 - mmengine - INFO - Epoch(val) [100][ 90/116]    eta: 0:00:00  time: 0.0385  data_time: 0.0066  memory: 126  
2026/08/07 00:35:38 - mmengine - INFO - Epoch(val) [100][100/116]    eta: 0:00:00  time: 0.0386  data_time: 0.0069  memory: 136  
2026/08/07 00:35:38 - mmengine - INFO - Epoch(val) [100][110/116]    eta: 0:00:00  time: 0.0398  data_time: 0.0073  memory: 120  
2026/08/07 00:35:38 - mmengine - INFO - Evaluating bbox...
2026/08/07 00:35:39 - mmengine - INFO - bbox_mAP_copypaste: 0.606 0.871 0.731 0.000 0.731 0.549
2026/08/07 00:35:39 - mmengine - INFO - Evaluating segm...
2026/08/07 00:35:39 - mmengine - INFO - segm_mAP_copypaste: 0.610 0.867 0.712 0.000 0.729 0.555
2026/08/07 00:35:40 - mmengine - INFO - val kayip: val_kayip_cls 0.3802  val_kayip_bbox 0.2571  val_kayip_mask 0.1280  val_kayip 0.7654
2026/08/07 00:35:40 - mmengine - INFO - Epoch(val) [100][116/116]    busi/dice_tum: 0.8275  busi/dice_lezyonlu: 0.8019  busi/bos_dogru: 19  busi/esik: 0.3000  val_kayip_cls: 0.3802  val_kayip_bbox: 0.2571  val_kayip_mask: 0.1280  val_kayip: 0.7654  coco/bbox_mAP: 0.6060  coco/bbox_mAP_50: 0.8710  coco/bbox_mAP_75: 0.7310  coco/bbox_mAP_s: 0.0000  coco/bbox_mAP_m: 0.7310  coco/bbox_mAP_l: 0.5490  coco/segm_mAP: 0.6100  coco/segm_mAP_50: 0.8670  coco/segm_mAP_75: 0.7120  coco/segm_mAP_s: 0.0000  coco/segm_mAP_m: 0.7290  coco/segm_mAP_l: 0.5550  data_time: 0.0054  time: 0.0375
