2026/08/06 11:17:12 - mmengine - INFO - 
------------------------------------------------------------
System environment:
    sys.platform: win32
    Python: 3.10.0 (tags/v3.10.0:b494f59, Oct  4 2021, 19:00:18) [MSC v.1929 64 bit (AMD64)]
    CUDA available: True
    MUSA available: False
    numpy_random_seed: 42
    GPU 0: NVIDIA GeForce RTX 2060
    CUDA_HOME: C:\Program Files\NVIDIA GPU Computing Toolkit\CUDA\v12.8
    NVCC: Cuda compilation tools, release 12.8, V12.8.93
    GCC: n/a
    PyTorch: 2.6.0+cu124
    PyTorch compiling details: PyTorch built with:
  - C++ Version: 201703
  - MSVC 192930157
  - Intel(R) oneAPI Math Kernel Library Version 2025.0.1-Product Build 20241031 for Intel(R) 64 architecture applications
  - Intel(R) MKL-DNN v3.5.3 (Git Hash 66f0cb9eb66affd2da3bf5f8d897376f04aae6af)
  - OpenMP 2019
  - LAPACK is enabled (usually provided by MKL)
  - CPU capability usage: AVX2
  - CUDA Runtime 12.4
  - NVCC architecture flags: -gencode;arch=compute_50,code=sm_50;-gencode;arch=compute_60,code=sm_60;-gencode;arch=compute_61,code=sm_61;-gencode;arch=compute_70,code=sm_70;-gencode;arch=compute_75,code=sm_75;-gencode;arch=compute_80,code=sm_80;-gencode;arch=compute_86,code=sm_86;-gencode;arch=compute_90,code=sm_90
  - CuDNN 90.1
  - Magma 2.5.4
  - Build settings: BLAS_INFO=mkl, BUILD_TYPE=Release, COMMIT_SHA=2236df1770800ffea5697b11b0bb0d910b2e59e1, CUDA_VERSION=12.4, CUDNN_VERSION=9.1.0, CXX_COMPILER=C:/actions-runner/_work/pytorch/pytorch/pytorch/.ci/pytorch/windows/tmp_bin/sccache-cl.exe, CXX_FLAGS=/DWIN32 /D_WINDOWS /GR /EHsc /Zc:__cplusplus /bigobj /FS /utf-8 -DUSE_PTHREADPOOL -DNDEBUG -DUSE_KINETO -DLIBKINETO_NOCUPTI -DLIBKINETO_NOROCTRACER -DLIBKINETO_NOXPUPTI=ON -DUSE_FBGEMM -DUSE_XNNPACK -DSYMBOLICATE_MOBILE_DEBUG_HANDLE /wd4624 /wd4068 /wd4067 /wd4267 /wd4661 /wd4717 /wd4244 /wd4804 /wd4273, LAPACK_INFO=mkl, PERF_WITH_AVX=1, PERF_WITH_AVX2=1, TORCH_VERSION=2.6.0, USE_CUDA=ON, USE_CUDNN=ON, USE_CUSPARSELT=OFF, USE_EXCEPTION_PTR=1, USE_GFLAGS=OFF, USE_GLOG=OFF, USE_GLOO=ON, USE_MKL=ON, USE_MKLDNN=ON, USE_MPI=OFF, USE_NCCL=OFF, USE_NNPACK=OFF, USE_OPENMP=ON, USE_ROCM=OFF, USE_ROCM_KERNEL_ASSERT=OFF, 

    TorchVision: 0.21.0+cu124
    OpenCV: 5.0.0
    MMEngine: 0.10.7

Runtime environment:
    cudnn_benchmark: False
    mp_cfg: {'mp_start_method': 'fork', 'opencv_num_threads': 0}
    dist_cfg: {'backend': 'nccl'}
    seed: 42
    deterministic: False
    Distributed launcher: none
    Distributed training: False
    GPU number: 1
------------------------------------------------------------

2026/08/06 11:17:14 - mmengine - INFO - Config:
ALBU = [
    dict(p=0.5, type='HorizontalFlip'),
    dict(
        p=0.7,
        rotate=(
            -15,
            15,
        ),
        scale=(
            0.85,
            1.15,
        ),
        translate_percent=(
            -0.1,
            0.1,
        ),
        type='Affine'),
    dict(alpha=30, p=0.25, sigma=6, type='ElasticTransform'),
    dict(
        brightness_limit=0.2,
        contrast_limit=0.2,
        p=0.5,
        type='RandomBrightnessContrast'),
    dict(gamma_limit=(
        80,
        120,
    ), p=0.3, type='RandomGamma'),
    dict(
        elementwise=True,
        multiplier=(
            0.85,
            1.15,
        ),
        p=0.3,
        type='MultiplicativeNoise'),
    dict(blur_limit=7, p=0.2, type='MotionBlur'),
]
ANN = 'd:/mamografi/real_time_segmentasyon/veri/coco'
AUG_SEVIYE = 'orta'
BATCH = 8
GIRDI = 256
KOK = 'd:/mamografi/real_time_segmentasyon'
MAX_EPOCH = 100
albu_sarmalayici = dict(
    bbox_params=dict(
        filter_lost_elements=True,
        format='pascal_voc',
        label_fields=[
            'gt_bboxes_labels',
        ],
        min_visibility=0.0,
        type='BboxParams'),
    keymap=dict(gt_bboxes='bboxes', gt_masks='masks', img='image'),
    transforms=[
        dict(p=0.5, type='HorizontalFlip'),
        dict(
            p=0.7,
            rotate=(
                -15,
                15,
            ),
            scale=(
                0.85,
                1.15,
            ),
            translate_percent=(
                -0.1,
                0.1,
            ),
            type='Affine'),
        dict(alpha=30, p=0.25, sigma=6, type='ElasticTransform'),
        dict(
            brightness_limit=0.2,
            contrast_limit=0.2,
            p=0.5,
            type='RandomBrightnessContrast'),
        dict(gamma_limit=(
            80,
            120,
        ), p=0.3, type='RandomGamma'),
        dict(
            elementwise=True,
            multiplier=(
                0.85,
                1.15,
            ),
            p=0.3,
            type='MultiplicativeNoise'),
        dict(blur_limit=7, p=0.2, type='MotionBlur'),
    ],
    type='AlbuBosGuvenli')
auto_scale_lr = dict(base_batch_size=16, enable=False)
backend_args = None
base_lr = 0.000125
checkpoint = 'https://download.openmmlab.com/mmdetection/v3.0/rtmdet/cspnext_rsb_pretrain/cspnext-tiny_imagenet_600e.pth'
custom_hooks = [
    dict(
        ema_type='ExpMomentumEMA',
        momentum=0.0002,
        priority=49,
        type='EMAHook',
        update_buffers=True),
]
custom_imports = dict(
    allow_failed_imports=False, imports=[
        'ozel_transformlar',
    ])
data_root = 'd:/mamografi/real_time_segmentasyon/Dataset_BUSI_with_GT/'
dataset_type = 'CocoDataset'
default_hooks = dict(
    checkpoint=dict(
        _scope_='mmdet',
        interval=1,
        max_keep_ckpts=1,
        rule='greater',
        save_best='coco/segm_mAP',
        type='CheckpointHook'),
    logger=dict(_scope_='mmdet', interval=10, type='LoggerHook'),
    param_scheduler=dict(_scope_='mmdet', type='ParamSchedulerHook'),
    sampler_seed=dict(_scope_='mmdet', type='DistSamplerSeedHook'),
    timer=dict(_scope_='mmdet', type='IterTimerHook'),
    visualization=dict(_scope_='mmdet', type='DetVisualizationHook'))
default_scope = 'mmdet'
env_cfg = dict(
    cudnn_benchmark=False,
    dist_cfg=dict(backend='nccl'),
    mp_cfg=dict(mp_start_method='fork', opencv_num_threads=0))
img_scales = [
    (
        640,
        640,
    ),
    (
        320,
        320,
    ),
    (
        960,
        960,
    ),
]
interval = 10
load_from = 'https://download.openmmlab.com/mmdetection/v3.0/rtmdet/rtmdet-ins_tiny_8xb32-300e_coco/rtmdet-ins_tiny_8xb32-300e_coco_20221130_151727-ec670f7e.pth'
log_level = 'INFO'
log_processor = dict(
    _scope_='mmdet', by_epoch=True, type='LogProcessor', window_size=50)
max_epochs = 300
metainfo = dict(
    classes=('lezyon', ), palette=[
        (
            220,
            20,
            60,
        ),
    ])
model = dict(
    _scope_='mmdet',
    backbone=dict(
        act_cfg=dict(inplace=True, type='SiLU'),
        arch='P5',
        channel_attention=True,
        deepen_factor=0.167,
        expand_ratio=0.5,
        init_cfg=dict(
            checkpoint=
            'https://download.openmmlab.com/mmdetection/v3.0/rtmdet/cspnext_rsb_pretrain/cspnext-tiny_imagenet_600e.pth',
            prefix='backbone.',
            type='Pretrained'),
        norm_cfg=dict(type='SyncBN'),
        type='CSPNeXt',
        widen_factor=0.375),
    bbox_head=dict(
        act_cfg=dict(inplace=True, type='SiLU'),
        anchor_generator=dict(
            offset=0, strides=[
                8,
                16,
                32,
            ], type='MlvlPointGenerator'),
        bbox_coder=dict(type='DistancePointBBoxCoder'),
        feat_channels=96,
        in_channels=96,
        loss_bbox=dict(loss_weight=2.0, type='GIoULoss'),
        loss_cls=dict(
            beta=2.0,
            loss_weight=1.0,
            type='QualityFocalLoss',
            use_sigmoid=True),
        loss_mask=dict(
            eps=5e-06, loss_weight=2.0, reduction='mean', type='DiceLoss'),
        norm_cfg=dict(requires_grad=True, type='SyncBN'),
        num_classes=1,
        pred_kernel_size=1,
        share_conv=True,
        stacked_convs=2,
        type='RTMDetInsSepBNHead'),
    data_preprocessor=dict(
        batch_augments=None,
        bgr_to_rgb=False,
        mean=[
            103.53,
            116.28,
            123.675,
        ],
        std=[
            57.375,
            57.12,
            58.395,
        ],
        type='DetDataPreprocessor'),
    neck=dict(
        act_cfg=dict(inplace=True, type='SiLU'),
        expand_ratio=0.5,
        in_channels=[
            96,
            192,
            384,
        ],
        norm_cfg=dict(type='SyncBN'),
        num_csp_blocks=1,
        out_channels=96,
        type='CSPNeXtPAFPN'),
    test_cfg=dict(
        mask_thr_binary=0.5,
        max_per_img=100,
        min_bbox_size=0,
        nms=dict(iou_threshold=0.6, type='nms'),
        nms_pre=1000,
        score_thr=0.05),
    train_cfg=dict(
        allowed_border=-1,
        assigner=dict(topk=13, type='DynamicSoftLabelAssigner'),
        debug=False,
        pos_weight=-1),
    type='RTMDet')
optim_wrapper = dict(
    _scope_='mmdet',
    clip_grad=dict(max_norm=1.0),
    optimizer=dict(lr=0.000125, type='AdamW', weight_decay=0.05),
    paramwise_cfg=dict(
        bias_decay_mult=0, bypass_duplicate=True, norm_decay_mult=0),
    type='OptimWrapper')
param_scheduler = [
    dict(
        begin=0, by_epoch=False, end=200, start_factor=0.001, type='LinearLR'),
    dict(
        T_max=50,
        begin=50,
        by_epoch=True,
        convert_to_iter_based=True,
        end=100,
        eta_min=6.25e-06,
        type='CosineAnnealingLR'),
]
randomness = dict(deterministic=False, seed=42)
resume = False
stage2_num_epochs = 20
test_cfg = dict(_scope_='mmdet', type='TestLoop')
test_dataloader = dict(
    batch_size=1,
    dataset=dict(
        _scope_='mmdet',
        ann_file='d:/mamografi/real_time_segmentasyon/veri/coco/busi_test.json',
        backend_args=None,
        data_prefix=dict(img=''),
        data_root='d:/mamografi/real_time_segmentasyon/Dataset_BUSI_with_GT/',
        metainfo=dict(classes=('lezyon', ), palette=[
            (
                220,
                20,
                60,
            ),
        ]),
        pipeline=[
            dict(backend_args=None, type='LoadImageFromFile'),
            dict(keep_ratio=True, scale=(
                256,
                256,
            ), type='Resize'),
            dict(
                pad_val=dict(img=(
                    114,
                    114,
                    114,
                ), masks=0),
                size=(
                    256,
                    256,
                ),
                type='Pad'),
            dict(
                poly2mask=True,
                type='LoadAnnotations',
                with_bbox=True,
                with_mask=True),
            dict(
                meta_keys=(
                    'img_id',
                    'img_path',
                    'ori_shape',
                    'img_shape',
                    'scale_factor',
                ),
                type='PackDetInputs'),
        ],
        test_mode=True,
        type='CocoDataset'),
    drop_last=False,
    num_workers=2,
    persistent_workers=True,
    sampler=dict(_scope_='mmdet', shuffle=False, type='DefaultSampler'))
test_evaluator = dict(
    _scope_='mmdet',
    ann_file='d:/mamografi/real_time_segmentasyon/veri/coco/busi_test.json',
    backend_args=None,
    format_only=False,
    metric=[
        'bbox',
        'segm',
    ],
    proposal_nums=(
        100,
        1,
        10,
    ),
    type='CocoMetricHizali')
test_pipeline = [
    dict(backend_args=None, type='LoadImageFromFile'),
    dict(keep_ratio=True, scale=(
        256,
        256,
    ), type='Resize'),
    dict(
        pad_val=dict(img=(
            114,
            114,
            114,
        ), masks=0),
        size=(
            256,
            256,
        ),
        type='Pad'),
    dict(
        poly2mask=True, type='LoadAnnotations', with_bbox=True,
        with_mask=True),
    dict(
        meta_keys=(
            'img_id',
            'img_path',
            'ori_shape',
            'img_shape',
            'scale_factor',
        ),
        type='PackDetInputs'),
]
train_cfg = dict(
    _scope_='mmdet',
    dynamic_intervals=None,
    max_epochs=100,
    type='EpochBasedTrainLoop',
    val_interval=1)
train_dataloader = dict(
    batch_sampler=None,
    batch_size=8,
    dataset=dict(
        ann_file=
        'd:/mamografi/real_time_segmentasyon/veri/coco/busi_train.json',
        data_prefix=dict(img=''),
        data_root='d:/mamografi/real_time_segmentasyon/Dataset_BUSI_with_GT/',
        filter_cfg=dict(filter_empty_gt=False, min_size=0),
        metainfo=dict(classes=('lezyon', ), palette=[
            (
                220,
                20,
                60,
            ),
        ]),
        pipeline=[
            dict(backend_args=None, type='LoadImageFromFile'),
            dict(
                poly2mask=True,
                type='LoadAnnotations',
                with_bbox=True,
                with_mask=True),
            dict(
                bbox_params=dict(
                    filter_lost_elements=True,
                    format='pascal_voc',
                    label_fields=[
                        'gt_bboxes_labels',
                    ],
                    min_visibility=0.0,
                    type='BboxParams'),
                keymap=dict(gt_bboxes='bboxes', gt_masks='masks', img='image'),
                transforms=[
                    dict(p=0.5, type='HorizontalFlip'),
                    dict(
                        p=0.7,
                        rotate=(
                            -15,
                            15,
                        ),
                        scale=(
                            0.85,
                            1.15,
                        ),
                        translate_percent=(
                            -0.1,
                            0.1,
                        ),
                        type='Affine'),
                    dict(alpha=30, p=0.25, sigma=6, type='ElasticTransform'),
                    dict(
                        brightness_limit=0.2,
                        contrast_limit=0.2,
                        p=0.5,
                        type='RandomBrightnessContrast'),
                    dict(gamma_limit=(
                        80,
                        120,
                    ), p=0.3, type='RandomGamma'),
                    dict(
                        elementwise=True,
                        multiplier=(
                            0.85,
                            1.15,
                        ),
                        p=0.3,
                        type='MultiplicativeNoise'),
                    dict(blur_limit=7, p=0.2, type='MotionBlur'),
                ],
                type='AlbuBosGuvenli'),
            dict(keep_ratio=True, scale=(
                256,
                256,
            ), type='ResizeHassas'),
            dict(
                pad_val=dict(img=(
                    114,
                    114,
                    114,
                ), masks=0),
                size=(
                    256,
                    256,
                ),
                type='Pad'),
            dict(type='PackDetInputs'),
        ],
        type='CocoDataset'),
    num_workers=0,
    persistent_workers=False,
    pin_memory=True,
    sampler=dict(_scope_='mmdet', shuffle=True, type='DefaultSampler'))
train_pipeline = [
    dict(backend_args=None, type='LoadImageFromFile'),
    dict(
        poly2mask=True, type='LoadAnnotations', with_bbox=True,
        with_mask=True),
    dict(
        bbox_params=dict(
            filter_lost_elements=True,
            format='pascal_voc',
            label_fields=[
                'gt_bboxes_labels',
            ],
            min_visibility=0.0,
            type='BboxParams'),
        keymap=dict(gt_bboxes='bboxes', gt_masks='masks', img='image'),
        transforms=[
            dict(p=0.5, type='HorizontalFlip'),
            dict(
                p=0.7,
                rotate=(
                    -15,
                    15,
                ),
                scale=(
                    0.85,
                    1.15,
                ),
                translate_percent=(
                    -0.1,
                    0.1,
                ),
                type='Affine'),
            dict(alpha=30, p=0.25, sigma=6, type='ElasticTransform'),
            dict(
                brightness_limit=0.2,
                contrast_limit=0.2,
                p=0.5,
                type='RandomBrightnessContrast'),
            dict(gamma_limit=(
                80,
                120,
            ), p=0.3, type='RandomGamma'),
            dict(
                elementwise=True,
                multiplier=(
                    0.85,
                    1.15,
                ),
                p=0.3,
                type='MultiplicativeNoise'),
            dict(blur_limit=7, p=0.2, type='MotionBlur'),
        ],
        type='AlbuBosGuvenli'),
    dict(keep_ratio=True, scale=(
        256,
        256,
    ), type='ResizeHassas'),
    dict(
        pad_val=dict(img=(
            114,
            114,
            114,
        ), masks=0),
        size=(
            256,
            256,
        ),
        type='Pad'),
    dict(type='PackDetInputs'),
]
train_pipeline_stage2 = [
    dict(_scope_='mmdet', backend_args=None, type='LoadImageFromFile'),
    dict(
        _scope_='mmdet',
        poly2mask=False,
        type='LoadAnnotations',
        with_bbox=True,
        with_mask=True),
    dict(
        _scope_='mmdet',
        keep_ratio=True,
        ratio_range=(
            0.5,
            2.0,
        ),
        scale=(
            640,
            640,
        ),
        type='RandomResize'),
    dict(
        _scope_='mmdet',
        allow_negative_crop=True,
        crop_size=(
            640,
            640,
        ),
        recompute_bbox=True,
        type='RandomCrop'),
    dict(_scope_='mmdet', min_gt_bbox_wh=(
        1,
        1,
    ), type='FilterAnnotations'),
    dict(_scope_='mmdet', type='YOLOXHSVRandomAug'),
    dict(_scope_='mmdet', prob=0.5, type='RandomFlip'),
    dict(
        _scope_='mmdet',
        pad_val=dict(img=(
            114,
            114,
            114,
        )),
        size=(
            640,
            640,
        ),
        type='Pad'),
    dict(_scope_='mmdet', type='PackDetInputs'),
]
tta_model = dict(
    _scope_='mmdet',
    tta_cfg=dict(max_per_img=100, nms=dict(iou_threshold=0.6, type='nms')),
    type='DetTTAModel')
tta_pipeline = [
    dict(_scope_='mmdet', backend_args=None, type='LoadImageFromFile'),
    dict(
        _scope_='mmdet',
        transforms=[
            [
                dict(keep_ratio=True, scale=(
                    640,
                    640,
                ), type='Resize'),
                dict(keep_ratio=True, scale=(
                    320,
                    320,
                ), type='Resize'),
                dict(keep_ratio=True, scale=(
                    960,
                    960,
                ), type='Resize'),
            ],
            [
                dict(prob=1.0, type='RandomFlip'),
                dict(prob=0.0, type='RandomFlip'),
            ],
            [
                dict(
                    pad_val=dict(img=(
                        114,
                        114,
                        114,
                    )),
                    size=(
                        960,
                        960,
                    ),
                    type='Pad'),
            ],
            [
                dict(type='LoadAnnotations', with_bbox=True),
            ],
            [
                dict(
                    meta_keys=(
                        'img_id',
                        'img_path',
                        'ori_shape',
                        'img_shape',
                        'scale_factor',
                        'flip',
                        'flip_direction',
                    ),
                    type='PackDetInputs'),
            ],
        ],
        type='TestTimeAug'),
]
val_cfg = dict(_scope_='mmdet', type='ValLoop')
val_dataloader = dict(
    batch_size=1,
    dataset=dict(
        _scope_='mmdet',
        ann_file='d:/mamografi/real_time_segmentasyon/veri/coco/busi_val.json',
        backend_args=None,
        data_prefix=dict(img=''),
        data_root='d:/mamografi/real_time_segmentasyon/Dataset_BUSI_with_GT/',
        metainfo=dict(classes=('lezyon', ), palette=[
            (
                220,
                20,
                60,
            ),
        ]),
        pipeline=[
            dict(backend_args=None, type='LoadImageFromFile'),
            dict(keep_ratio=True, scale=(
                256,
                256,
            ), type='Resize'),
            dict(
                pad_val=dict(img=(
                    114,
                    114,
                    114,
                ), masks=0),
                size=(
                    256,
                    256,
                ),
                type='Pad'),
            dict(
                poly2mask=True,
                type='LoadAnnotations',
                with_bbox=True,
                with_mask=True),
            dict(
                meta_keys=(
                    'img_id',
                    'img_path',
                    'ori_shape',
                    'img_shape',
                    'scale_factor',
                ),
                type='PackDetInputs'),
        ],
        test_mode=True,
        type='CocoDataset'),
    drop_last=False,
    num_workers=0,
    persistent_workers=False,
    sampler=dict(_scope_='mmdet', shuffle=False, type='DefaultSampler'))
val_evaluator = dict(
    _scope_='mmdet',
    ann_file='d:/mamografi/real_time_segmentasyon/veri/coco/busi_val.json',
    backend_args=None,
    format_only=False,
    metric=[
        'bbox',
        'segm',
    ],
    proposal_nums=(
        100,
        1,
        10,
    ),
    type='CocoMetricHizali')
vis_backends = [
    dict(_scope_='mmdet', type='LocalVisBackend'),
]
visualizer = dict(
    _scope_='mmdet',
    name='visualizer',
    type='DetLocalVisualizer',
    vis_backends=[
        dict(type='LocalVisBackend'),
    ])
work_dir = 'd:/mamografi/real_time_segmentasyon/rtmdet/calisma/rtmdet_ins_tiny_256_orta'

2026/08/06 11:17:15 - mmengine - INFO - Distributed training is not used, all SyncBatchNorm (SyncBN) layers in the model will be automatically reverted to BatchNormXd layers if they are used.
2026/08/06 11:17:15 - mmengine - INFO - Hooks will be executed in the following order:
before_run:
(VERY_HIGH   ) RuntimeInfoHook                    
(49          ) EMAHook                            
(BELOW_NORMAL) LoggerHook                         
 -------------------- 
after_load_checkpoint:
(49          ) EMAHook                            
 -------------------- 
before_train:
(VERY_HIGH   ) RuntimeInfoHook                    
(49          ) EMAHook                            
(NORMAL      ) IterTimerHook                      
(VERY_LOW    ) CheckpointHook                     
 -------------------- 
before_train_epoch:
(VERY_HIGH   ) RuntimeInfoHook                    
(NORMAL      ) IterTimerHook                      
(NORMAL      ) DistSamplerSeedHook                
 -------------------- 
before_train_iter:
(VERY_HIGH   ) RuntimeInfoHook                    
(NORMAL      ) IterTimerHook                      
 -------------------- 
after_train_iter:
(VERY_HIGH   ) RuntimeInfoHook                    
(49          ) EMAHook                            
(NORMAL      ) IterTimerHook                      
(BELOW_NORMAL) LoggerHook                         
(LOW         ) ParamSchedulerHook                 
(VERY_LOW    ) CheckpointHook                     
 -------------------- 
after_train_epoch:
(NORMAL      ) IterTimerHook                      
(LOW         ) ParamSchedulerHook                 
(VERY_LOW    ) CheckpointHook                     
 -------------------- 
before_val:
(VERY_HIGH   ) RuntimeInfoHook                    
 -------------------- 
before_val_epoch:
(49          ) EMAHook                            
(NORMAL      ) IterTimerHook                      
 -------------------- 
before_val_iter:
(NORMAL      ) IterTimerHook                      
 -------------------- 
after_val_iter:
(NORMAL      ) IterTimerHook                      
(NORMAL      ) DetVisualizationHook               
(BELOW_NORMAL) LoggerHook                         
 -------------------- 
after_val_epoch:
(VERY_HIGH   ) RuntimeInfoHook                    
(49          ) EMAHook                            
(NORMAL      ) IterTimerHook                      
(BELOW_NORMAL) LoggerHook                         
(LOW         ) ParamSchedulerHook                 
(VERY_LOW    ) CheckpointHook                     
 -------------------- 
after_val:
(VERY_HIGH   ) RuntimeInfoHook                    
 -------------------- 
before_save_checkpoint:
(49          ) EMAHook                            
 -------------------- 
after_train:
(VERY_HIGH   ) RuntimeInfoHook                    
(VERY_LOW    ) CheckpointHook                     
 -------------------- 
before_test:
(VERY_HIGH   ) RuntimeInfoHook                    
 -------------------- 
before_test_epoch:
(49          ) EMAHook                            
(NORMAL      ) IterTimerHook                      
 -------------------- 
before_test_iter:
(NORMAL      ) IterTimerHook                      
 -------------------- 
after_test_iter:
(NORMAL      ) IterTimerHook                      
(NORMAL      ) DetVisualizationHook               
(BELOW_NORMAL) LoggerHook                         
 -------------------- 
after_test_epoch:
(VERY_HIGH   ) RuntimeInfoHook                    
(49          ) EMAHook                            
(NORMAL      ) IterTimerHook                      
(BELOW_NORMAL) LoggerHook                         
 -------------------- 
after_test:
(VERY_HIGH   ) RuntimeInfoHook                    
 -------------------- 
after_run:
(BELOW_NORMAL) LoggerHook                         
 -------------------- 
2026/08/06 11:17:17 - mmengine - INFO - paramwise_options -- backbone.stem.0.bn.weight:weight_decay=0.0
2026/08/06 11:17:17 - mmengine - INFO - paramwise_options -- backbone.stem.0.bn.bias:weight_decay=0.0
2026/08/06 11:17:17 - mmengine - INFO - paramwise_options -- backbone.stem.1.bn.weight:weight_decay=0.0
2026/08/06 11:17:17 - mmengine - INFO - paramwise_options -- backbone.stem.1.bn.bias:weight_decay=0.0
2026/08/06 11:17:17 - mmengine - INFO - paramwise_options -- backbone.stem.2.bn.weight:weight_decay=0.0
2026/08/06 11:17:17 - mmengine - INFO - paramwise_options -- backbone.stem.2.bn.bias:weight_decay=0.0
2026/08/06 11:17:17 - mmengine - INFO - paramwise_options -- backbone.stage1.0.bn.weight:weight_decay=0.0
2026/08/06 11:17:17 - mmengine - INFO - paramwise_options -- backbone.stage1.0.bn.bias:weight_decay=0.0
2026/08/06 11:17:17 - mmengine - INFO - paramwise_options -- backbone.stage1.1.main_conv.bn.weight:weight_decay=0.0
2026/08/06 11:17:17 - mmengine - INFO - paramwise_options -- backbone.stage1.1.main_conv.bn.bias:weight_decay=0.0
2026/08/06 11:17:17 - mmengine - INFO - paramwise_options -- backbone.stage1.1.short_conv.bn.weight:weight_decay=0.0
2026/08/06 11:17:17 - mmengine - INFO - paramwise_options -- backbone.stage1.1.short_conv.bn.bias:weight_decay=0.0
2026/08/06 11:17:17 - mmengine - INFO - paramwise_options -- backbone.stage1.1.final_conv.bn.weight:weight_decay=0.0
2026/08/06 11:17:17 - mmengine - INFO - paramwise_options -- backbone.stage1.1.final_conv.bn.bias:weight_decay=0.0
2026/08/06 11:17:17 - mmengine - INFO - paramwise_options -- backbone.stage1.1.blocks.0.conv1.bn.weight:weight_decay=0.0
2026/08/06 11:17:17 - mmengine - INFO - paramwise_options -- backbone.stage1.1.blocks.0.conv1.bn.bias:weight_decay=0.0
2026/08/06 11:17:17 - mmengine - INFO - paramwise_options -- backbone.stage1.1.blocks.0.conv2.depthwise_conv.bn.weight:weight_decay=0.0
2026/08/06 11:17:17 - mmengine - INFO - paramwise_options -- backbone.stage1.1.blocks.0.conv2.depthwise_conv.bn.bias:weight_decay=0.0
2026/08/06 11:17:17 - mmengine - INFO - paramwise_options -- backbone.stage1.1.blocks.0.conv2.pointwise_conv.bn.weight:weight_decay=0.0
2026/08/06 11:17:17 - mmengine - INFO - paramwise_options -- backbone.stage1.1.blocks.0.conv2.pointwise_conv.bn.bias:weight_decay=0.0
2026/08/06 11:17:17 - mmengine - INFO - paramwise_options -- backbone.stage1.1.attention.fc.bias:weight_decay=0.0
2026/08/06 11:17:17 - mmengine - INFO - paramwise_options -- backbone.stage2.0.bn.weight:weight_decay=0.0
2026/08/06 11:17:17 - mmengine - INFO - paramwise_options -- backbone.stage2.0.bn.bias:weight_decay=0.0
2026/08/06 11:17:17 - mmengine - INFO - paramwise_options -- backbone.stage2.1.main_conv.bn.weight:weight_decay=0.0
2026/08/06 11:17:17 - mmengine - INFO - paramwise_options -- backbone.stage2.1.main_conv.bn.bias:weight_decay=0.0
2026/08/06 11:17:17 - mmengine - INFO - paramwise_options -- backbone.stage2.1.short_conv.bn.weight:weight_decay=0.0
2026/08/06 11:17:17 - mmengine - INFO - paramwise_options -- backbone.stage2.1.short_conv.bn.bias:weight_decay=0.0
2026/08/06 11:17:17 - mmengine - INFO - paramwise_options -- backbone.stage2.1.final_conv.bn.weight:weight_decay=0.0
2026/08/06 11:17:17 - mmengine - INFO - paramwise_options -- backbone.stage2.1.final_conv.bn.bias:weight_decay=0.0
2026/08/06 11:17:17 - mmengine - INFO - paramwise_options -- backbone.stage2.1.blocks.0.conv1.bn.weight:weight_decay=0.0
2026/08/06 11:17:17 - mmengine - INFO - paramwise_options -- backbone.stage2.1.blocks.0.conv1.bn.bias:weight_decay=0.0
2026/08/06 11:17:17 - mmengine - INFO - paramwise_options -- backbone.stage2.1.blocks.0.conv2.depthwise_conv.bn.weight:weight_decay=0.0
2026/08/06 11:17:17 - mmengine - INFO - paramwise_options -- backbone.stage2.1.blocks.0.conv2.depthwise_conv.bn.bias:weight_decay=0.0
2026/08/06 11:17:17 - mmengine - INFO - paramwise_options -- backbone.stage2.1.blocks.0.conv2.pointwise_conv.bn.weight:weight_decay=0.0
2026/08/06 11:17:17 - mmengine - INFO - paramwise_options -- backbone.stage2.1.blocks.0.conv2.pointwise_conv.bn.bias:weight_decay=0.0
2026/08/06 11:17:17 - mmengine - INFO - paramwise_options -- backbone.stage2.1.attention.fc.bias:weight_decay=0.0
2026/08/06 11:17:17 - mmengine - INFO - paramwise_options -- backbone.stage3.0.bn.weight:weight_decay=0.0
2026/08/06 11:17:17 - mmengine - INFO - paramwise_options -- backbone.stage3.0.bn.bias:weight_decay=0.0
2026/08/06 11:17:17 - mmengine - INFO - paramwise_options -- backbone.stage3.1.main_conv.bn.weight:weight_decay=0.0
2026/08/06 11:17:17 - mmengine - INFO - paramwise_options -- backbone.stage3.1.main_conv.bn.bias:weight_decay=0.0
2026/08/06 11:17:17 - mmengine - INFO - paramwise_options -- backbone.stage3.1.short_conv.bn.weight:weight_decay=0.0
2026/08/06 11:17:17 - mmengine - INFO - paramwise_options -- backbone.stage3.1.short_conv.bn.bias:weight_decay=0.0
2026/08/06 11:17:17 - mmengine - INFO - paramwise_options -- backbone.stage3.1.final_conv.bn.weight:weight_decay=0.0
2026/08/06 11:17:17 - mmengine - INFO - paramwise_options -- backbone.stage3.1.final_conv.bn.bias:weight_decay=0.0
2026/08/06 11:17:17 - mmengine - INFO - paramwise_options -- backbone.stage3.1.blocks.0.conv1.bn.weight:weight_decay=0.0
2026/08/06 11:17:17 - mmengine - INFO - paramwise_options -- backbone.stage3.1.blocks.0.conv1.bn.bias:weight_decay=0.0
2026/08/06 11:17:17 - mmengine - INFO - paramwise_options -- backbone.stage3.1.blocks.0.conv2.depthwise_conv.bn.weight:weight_decay=0.0
2026/08/06 11:17:17 - mmengine - INFO - paramwise_options -- backbone.stage3.1.blocks.0.conv2.depthwise_conv.bn.bias:weight_decay=0.0
2026/08/06 11:17:17 - mmengine - INFO - paramwise_options -- backbone.stage3.1.blocks.0.conv2.pointwise_conv.bn.weight:weight_decay=0.0
2026/08/06 11:17:17 - mmengine - INFO - paramwise_options -- backbone.stage3.1.blocks.0.conv2.pointwise_conv.bn.bias:weight_decay=0.0
2026/08/06 11:17:17 - mmengine - INFO - paramwise_options -- backbone.stage3.1.attention.fc.bias:weight_decay=0.0
2026/08/06 11:17:17 - mmengine - INFO - paramwise_options -- backbone.stage4.0.bn.weight:weight_decay=0.0
2026/08/06 11:17:17 - mmengine - INFO - paramwise_options -- backbone.stage4.0.bn.bias:weight_decay=0.0
2026/08/06 11:17:17 - mmengine - INFO - paramwise_options -- backbone.stage4.1.conv1.bn.weight:weight_decay=0.0
2026/08/06 11:17:17 - mmengine - INFO - paramwise_options -- backbone.stage4.1.conv1.bn.bias:weight_decay=0.0
2026/08/06 11:17:17 - mmengine - INFO - paramwise_options -- backbone.stage4.1.conv2.bn.weight:weight_decay=0.0
2026/08/06 11:17:17 - mmengine - INFO - paramwise_options -- backbone.stage4.1.conv2.bn.bias:weight_decay=0.0
2026/08/06 11:17:17 - mmengine - INFO - paramwise_options -- backbone.stage4.2.main_conv.bn.weight:weight_decay=0.0
2026/08/06 11:17:17 - mmengine - INFO - paramwise_options -- backbone.stage4.2.main_conv.bn.bias:weight_decay=0.0
2026/08/06 11:17:17 - mmengine - INFO - paramwise_options -- backbone.stage4.2.short_conv.bn.weight:weight_decay=0.0
2026/08/06 11:17:17 - mmengine - INFO - paramwise_options -- backbone.stage4.2.short_conv.bn.bias:weight_decay=0.0
2026/08/06 11:17:17 - mmengine - INFO - paramwise_options -- backbone.stage4.2.final_conv.bn.weight:weight_decay=0.0
2026/08/06 11:17:17 - mmengine - INFO - paramwise_options -- backbone.stage4.2.final_conv.bn.bias:weight_decay=0.0
2026/08/06 11:17:17 - mmengine - INFO - paramwise_options -- backbone.stage4.2.blocks.0.conv1.bn.weight:weight_decay=0.0
2026/08/06 11:17:17 - mmengine - INFO - paramwise_options -- backbone.stage4.2.blocks.0.conv1.bn.bias:weight_decay=0.0
2026/08/06 11:17:17 - mmengine - INFO - paramwise_options -- backbone.stage4.2.blocks.0.conv2.depthwise_conv.bn.weight:weight_decay=0.0
2026/08/06 11:17:17 - mmengine - INFO - paramwise_options -- backbone.stage4.2.blocks.0.conv2.depthwise_conv.bn.bias:weight_decay=0.0
2026/08/06 11:17:17 - mmengine - INFO - paramwise_options -- backbone.stage4.2.blocks.0.conv2.pointwise_conv.bn.weight:weight_decay=0.0
2026/08/06 11:17:17 - mmengine - INFO - paramwise_options -- backbone.stage4.2.blocks.0.conv2.pointwise_conv.bn.bias:weight_decay=0.0
2026/08/06 11:17:17 - mmengine - INFO - paramwise_options -- backbone.stage4.2.attention.fc.bias:weight_decay=0.0
2026/08/06 11:17:17 - mmengine - INFO - paramwise_options -- neck.reduce_layers.0.bn.weight:weight_decay=0.0
2026/08/06 11:17:17 - mmengine - INFO - paramwise_options -- neck.reduce_layers.0.bn.bias:weight_decay=0.0
2026/08/06 11:17:17 - mmengine - INFO - paramwise_options -- neck.reduce_layers.1.bn.weight:weight_decay=0.0
2026/08/06 11:17:17 - mmengine - INFO - paramwise_options -- neck.reduce_layers.1.bn.bias:weight_decay=0.0
2026/08/06 11:17:17 - mmengine - INFO - paramwise_options -- neck.top_down_blocks.0.main_conv.bn.weight:weight_decay=0.0
2026/08/06 11:17:17 - mmengine - INFO - paramwise_options -- neck.top_down_blocks.0.main_conv.bn.bias:weight_decay=0.0
2026/08/06 11:17:17 - mmengine - INFO - paramwise_options -- neck.top_down_blocks.0.short_conv.bn.weight:weight_decay=0.0
2026/08/06 11:17:17 - mmengine - INFO - paramwise_options -- neck.top_down_blocks.0.short_conv.bn.bias:weight_decay=0.0
2026/08/06 11:17:17 - mmengine - INFO - paramwise_options -- neck.top_down_blocks.0.final_conv.bn.weight:weight_decay=0.0
2026/08/06 11:17:17 - mmengine - INFO - paramwise_options -- neck.top_down_blocks.0.final_conv.bn.bias:weight_decay=0.0
2026/08/06 11:17:17 - mmengine - INFO - paramwise_options -- neck.top_down_blocks.0.blocks.0.conv1.bn.weight:weight_decay=0.0
2026/08/06 11:17:17 - mmengine - INFO - paramwise_options -- neck.top_down_blocks.0.blocks.0.conv1.bn.bias:weight_decay=0.0
2026/08/06 11:17:17 - mmengine - INFO - paramwise_options -- neck.top_down_blocks.0.blocks.0.conv2.depthwise_conv.bn.weight:weight_decay=0.0
2026/08/06 11:17:17 - mmengine - INFO - paramwise_options -- neck.top_down_blocks.0.blocks.0.conv2.depthwise_conv.bn.bias:weight_decay=0.0
2026/08/06 11:17:17 - mmengine - INFO - paramwise_options -- neck.top_down_blocks.0.blocks.0.conv2.pointwise_conv.bn.weight:weight_decay=0.0
2026/08/06 11:17:17 - mmengine - INFO - paramwise_options -- neck.top_down_blocks.0.blocks.0.conv2.pointwise_conv.bn.bias:weight_decay=0.0
2026/08/06 11:17:17 - mmengine - INFO - paramwise_options -- neck.top_down_blocks.1.main_conv.bn.weight:weight_decay=0.0
2026/08/06 11:17:17 - mmengine - INFO - paramwise_options -- neck.top_down_blocks.1.main_conv.bn.bias:weight_decay=0.0
2026/08/06 11:17:17 - mmengine - INFO - paramwise_options -- neck.top_down_blocks.1.short_conv.bn.weight:weight_decay=0.0
2026/08/06 11:17:17 - mmengine - INFO - paramwise_options -- neck.top_down_blocks.1.short_conv.bn.bias:weight_decay=0.0
2026/08/06 11:17:17 - mmengine - INFO - paramwise_options -- neck.top_down_blocks.1.final_conv.bn.weight:weight_decay=0.0
2026/08/06 11:17:17 - mmengine - INFO - paramwise_options -- neck.top_down_blocks.1.final_conv.bn.bias:weight_decay=0.0
2026/08/06 11:17:17 - mmengine - INFO - paramwise_options -- neck.top_down_blocks.1.blocks.0.conv1.bn.weight:weight_decay=0.0
2026/08/06 11:17:17 - mmengine - INFO - paramwise_options -- neck.top_down_blocks.1.blocks.0.conv1.bn.bias:weight_decay=0.0
2026/08/06 11:17:17 - mmengine - INFO - paramwise_options -- neck.top_down_blocks.1.blocks.0.conv2.depthwise_conv.bn.weight:weight_decay=0.0
2026/08/06 11:17:17 - mmengine - INFO - paramwise_options -- neck.top_down_blocks.1.blocks.0.conv2.depthwise_conv.bn.bias:weight_decay=0.0
2026/08/06 11:17:17 - mmengine - INFO - paramwise_options -- neck.top_down_blocks.1.blocks.0.conv2.pointwise_conv.bn.weight:weight_decay=0.0
2026/08/06 11:17:17 - mmengine - INFO - paramwise_options -- neck.top_down_blocks.1.blocks.0.conv2.pointwise_conv.bn.bias:weight_decay=0.0
2026/08/06 11:17:17 - mmengine - INFO - paramwise_options -- neck.downsamples.0.bn.weight:weight_decay=0.0
2026/08/06 11:17:17 - mmengine - INFO - paramwise_options -- neck.downsamples.0.bn.bias:weight_decay=0.0
2026/08/06 11:17:17 - mmengine - INFO - paramwise_options -- neck.downsamples.1.bn.weight:weight_decay=0.0
2026/08/06 11:17:17 - mmengine - INFO - paramwise_options -- neck.downsamples.1.bn.bias:weight_decay=0.0
2026/08/06 11:17:17 - mmengine - INFO - paramwise_options -- neck.bottom_up_blocks.0.main_conv.bn.weight:weight_decay=0.0
2026/08/06 11:17:17 - mmengine - INFO - paramwise_options -- neck.bottom_up_blocks.0.main_conv.bn.bias:weight_decay=0.0
2026/08/06 11:17:17 - mmengine - INFO - paramwise_options -- neck.bottom_up_blocks.0.short_conv.bn.weight:weight_decay=0.0
2026/08/06 11:17:17 - mmengine - INFO - paramwise_options -- neck.bottom_up_blocks.0.short_conv.bn.bias:weight_decay=0.0
2026/08/06 11:17:17 - mmengine - INFO - paramwise_options -- neck.bottom_up_blocks.0.final_conv.bn.weight:weight_decay=0.0
2026/08/06 11:17:17 - mmengine - INFO - paramwise_options -- neck.bottom_up_blocks.0.final_conv.bn.bias:weight_decay=0.0
2026/08/06 11:17:17 - mmengine - INFO - paramwise_options -- neck.bottom_up_blocks.0.blocks.0.conv1.bn.weight:weight_decay=0.0
2026/08/06 11:17:17 - mmengine - INFO - paramwise_options -- neck.bottom_up_blocks.0.blocks.0.conv1.bn.bias:weight_decay=0.0
2026/08/06 11:17:17 - mmengine - INFO - paramwise_options -- neck.bottom_up_blocks.0.blocks.0.conv2.depthwise_conv.bn.weight:weight_decay=0.0
2026/08/06 11:17:17 - mmengine - INFO - paramwise_options -- neck.bottom_up_blocks.0.blocks.0.conv2.depthwise_conv.bn.bias:weight_decay=0.0
2026/08/06 11:17:17 - mmengine - INFO - paramwise_options -- neck.bottom_up_blocks.0.blocks.0.conv2.pointwise_conv.bn.weight:weight_decay=0.0
2026/08/06 11:17:17 - mmengine - INFO - paramwise_options -- neck.bottom_up_blocks.0.blocks.0.conv2.pointwise_conv.bn.bias:weight_decay=0.0
2026/08/06 11:17:17 - mmengine - INFO - paramwise_options -- neck.bottom_up_blocks.1.main_conv.bn.weight:weight_decay=0.0
2026/08/06 11:17:17 - mmengine - INFO - paramwise_options -- neck.bottom_up_blocks.1.main_conv.bn.bias:weight_decay=0.0
2026/08/06 11:17:17 - mmengine - INFO - paramwise_options -- neck.bottom_up_blocks.1.short_conv.bn.weight:weight_decay=0.0
2026/08/06 11:17:17 - mmengine - INFO - paramwise_options -- neck.bottom_up_blocks.1.short_conv.bn.bias:weight_decay=0.0
2026/08/06 11:17:17 - mmengine - INFO - paramwise_options -- neck.bottom_up_blocks.1.final_conv.bn.weight:weight_decay=0.0
2026/08/06 11:17:17 - mmengine - INFO - paramwise_options -- neck.bottom_up_blocks.1.final_conv.bn.bias:weight_decay=0.0
2026/08/06 11:17:17 - mmengine - INFO - paramwise_options -- neck.bottom_up_blocks.1.blocks.0.conv1.bn.weight:weight_decay=0.0
2026/08/06 11:17:17 - mmengine - INFO - paramwise_options -- neck.bottom_up_blocks.1.blocks.0.conv1.bn.bias:weight_decay=0.0
2026/08/06 11:17:17 - mmengine - INFO - paramwise_options -- neck.bottom_up_blocks.1.blocks.0.conv2.depthwise_conv.bn.weight:weight_decay=0.0
2026/08/06 11:17:17 - mmengine - INFO - paramwise_options -- neck.bottom_up_blocks.1.blocks.0.conv2.depthwise_conv.bn.bias:weight_decay=0.0
2026/08/06 11:17:17 - mmengine - INFO - paramwise_options -- neck.bottom_up_blocks.1.blocks.0.conv2.pointwise_conv.bn.weight:weight_decay=0.0
2026/08/06 11:17:17 - mmengine - INFO - paramwise_options -- neck.bottom_up_blocks.1.blocks.0.conv2.pointwise_conv.bn.bias:weight_decay=0.0
2026/08/06 11:17:17 - mmengine - INFO - paramwise_options -- neck.out_convs.0.bn.weight:weight_decay=0.0
2026/08/06 11:17:17 - mmengine - INFO - paramwise_options -- neck.out_convs.0.bn.bias:weight_decay=0.0
2026/08/06 11:17:17 - mmengine - INFO - paramwise_options -- neck.out_convs.1.bn.weight:weight_decay=0.0
2026/08/06 11:17:17 - mmengine - INFO - paramwise_options -- neck.out_convs.1.bn.bias:weight_decay=0.0
2026/08/06 11:17:17 - mmengine - INFO - paramwise_options -- neck.out_convs.2.bn.weight:weight_decay=0.0
2026/08/06 11:17:17 - mmengine - INFO - paramwise_options -- neck.out_convs.2.bn.bias:weight_decay=0.0
2026/08/06 11:17:17 - mmengine - INFO - paramwise_options -- bbox_head.cls_convs.0.0.bn.weight:weight_decay=0.0
2026/08/06 11:17:17 - mmengine - INFO - paramwise_options -- bbox_head.cls_convs.0.0.bn.bias:weight_decay=0.0
2026/08/06 11:17:17 - mmengine - INFO - paramwise_options -- bbox_head.cls_convs.0.1.bn.weight:weight_decay=0.0
2026/08/06 11:17:17 - mmengine - INFO - paramwise_options -- bbox_head.cls_convs.0.1.bn.bias:weight_decay=0.0
2026/08/06 11:17:17 - mmengine - WARNING - bbox_head.cls_convs.1.0.conv is duplicate. It is skipped since bypass_duplicate=True
2026/08/06 11:17:17 - mmengine - INFO - paramwise_options -- bbox_head.cls_convs.1.0.bn.weight:weight_decay=0.0
2026/08/06 11:17:17 - mmengine - INFO - paramwise_options -- bbox_head.cls_convs.1.0.bn.bias:weight_decay=0.0
2026/08/06 11:17:17 - mmengine - WARNING - bbox_head.cls_convs.1.1.conv is duplicate. It is skipped since bypass_duplicate=True
2026/08/06 11:17:17 - mmengine - INFO - paramwise_options -- bbox_head.cls_convs.1.1.bn.weight:weight_decay=0.0
2026/08/06 11:17:17 - mmengine - INFO - paramwise_options -- bbox_head.cls_convs.1.1.bn.bias:weight_decay=0.0
2026/08/06 11:17:17 - mmengine - WARNING - bbox_head.cls_convs.2.0.conv is duplicate. It is skipped since bypass_duplicate=True
2026/08/06 11:17:17 - mmengine - INFO - paramwise_options -- bbox_head.cls_convs.2.0.bn.weight:weight_decay=0.0
2026/08/06 11:17:17 - mmengine - INFO - paramwise_options -- bbox_head.cls_convs.2.0.bn.bias:weight_decay=0.0
2026/08/06 11:17:17 - mmengine - WARNING - bbox_head.cls_convs.2.1.conv is duplicate. It is skipped since bypass_duplicate=True
2026/08/06 11:17:17 - mmengine - INFO - paramwise_options -- bbox_head.cls_convs.2.1.bn.weight:weight_decay=0.0
2026/08/06 11:17:17 - mmengine - INFO - paramwise_options -- bbox_head.cls_convs.2.1.bn.bias:weight_decay=0.0
2026/08/06 11:17:17 - mmengine - WARNING - bbox_head.reg_convs.0.0.conv is duplicate. It is skipped since bypass_duplicate=True
2026/08/06 11:17:17 - mmengine - WARNING - bbox_head.reg_convs.0.0.bn is duplicate. It is skipped since bypass_duplicate=True
2026/08/06 11:17:17 - mmengine - WARNING - bbox_head.reg_convs.0.1.conv is duplicate. It is skipped since bypass_duplicate=True
2026/08/06 11:17:17 - mmengine - WARNING - bbox_head.reg_convs.0.1.bn is duplicate. It is skipped since bypass_duplicate=True
2026/08/06 11:17:17 - mmengine - WARNING - bbox_head.reg_convs.1.0.conv is duplicate. It is skipped since bypass_duplicate=True
2026/08/06 11:17:17 - mmengine - WARNING - bbox_head.reg_convs.1.0.bn is duplicate. It is skipped since bypass_duplicate=True
2026/08/06 11:17:17 - mmengine - WARNING - bbox_head.reg_convs.1.1.conv is duplicate. It is skipped since bypass_duplicate=True
2026/08/06 11:17:17 - mmengine - WARNING - bbox_head.reg_convs.1.1.bn is duplicate. It is skipped since bypass_duplicate=True
2026/08/06 11:17:17 - mmengine - WARNING - bbox_head.reg_convs.2.0.conv is duplicate. It is skipped since bypass_duplicate=True
2026/08/06 11:17:17 - mmengine - WARNING - bbox_head.reg_convs.2.0.bn is duplicate. It is skipped since bypass_duplicate=True
2026/08/06 11:17:17 - mmengine - WARNING - bbox_head.reg_convs.2.1.conv is duplicate. It is skipped since bypass_duplicate=True
2026/08/06 11:17:17 - mmengine - WARNING - bbox_head.reg_convs.2.1.bn is duplicate. It is skipped since bypass_duplicate=True
2026/08/06 11:17:17 - mmengine - INFO - paramwise_options -- bbox_head.kernel_convs.0.0.bn.weight:weight_decay=0.0
2026/08/06 11:17:17 - mmengine - INFO - paramwise_options -- bbox_head.kernel_convs.0.0.bn.bias:weight_decay=0.0
2026/08/06 11:17:17 - mmengine - INFO - paramwise_options -- bbox_head.kernel_convs.0.1.bn.weight:weight_decay=0.0
2026/08/06 11:17:17 - mmengine - INFO - paramwise_options -- bbox_head.kernel_convs.0.1.bn.bias:weight_decay=0.0
2026/08/06 11:17:17 - mmengine - INFO - paramwise_options -- bbox_head.kernel_convs.1.0.bn.weight:weight_decay=0.0
2026/08/06 11:17:17 - mmengine - INFO - paramwise_options -- bbox_head.kernel_convs.1.0.bn.bias:weight_decay=0.0
2026/08/06 11:17:17 - mmengine - INFO - paramwise_options -- bbox_head.kernel_convs.1.1.bn.weight:weight_decay=0.0
2026/08/06 11:17:17 - mmengine - INFO - paramwise_options -- bbox_head.kernel_convs.1.1.bn.bias:weight_decay=0.0
2026/08/06 11:17:17 - mmengine - INFO - paramwise_options -- bbox_head.kernel_convs.2.0.bn.weight:weight_decay=0.0
2026/08/06 11:17:17 - mmengine - INFO - paramwise_options -- bbox_head.kernel_convs.2.0.bn.bias:weight_decay=0.0
2026/08/06 11:17:17 - mmengine - INFO - paramwise_options -- bbox_head.kernel_convs.2.1.bn.weight:weight_decay=0.0
2026/08/06 11:17:17 - mmengine - INFO - paramwise_options -- bbox_head.kernel_convs.2.1.bn.bias:weight_decay=0.0
2026/08/06 11:17:17 - mmengine - INFO - paramwise_options -- bbox_head.rtm_cls.0.bias:weight_decay=0.0
2026/08/06 11:17:17 - mmengine - INFO - paramwise_options -- bbox_head.rtm_cls.1.bias:weight_decay=0.0
2026/08/06 11:17:17 - mmengine - INFO - paramwise_options -- bbox_head.rtm_cls.2.bias:weight_decay=0.0
2026/08/06 11:17:17 - mmengine - INFO - paramwise_options -- bbox_head.rtm_reg.0.bias:weight_decay=0.0
2026/08/06 11:17:17 - mmengine - INFO - paramwise_options -- bbox_head.rtm_reg.1.bias:weight_decay=0.0
2026/08/06 11:17:17 - mmengine - INFO - paramwise_options -- bbox_head.rtm_reg.2.bias:weight_decay=0.0
2026/08/06 11:17:17 - mmengine - INFO - paramwise_options -- bbox_head.rtm_kernel.0.bias:weight_decay=0.0
2026/08/06 11:17:17 - mmengine - INFO - paramwise_options -- bbox_head.rtm_kernel.1.bias:weight_decay=0.0
2026/08/06 11:17:17 - mmengine - INFO - paramwise_options -- bbox_head.rtm_kernel.2.bias:weight_decay=0.0
2026/08/06 11:17:17 - mmengine - INFO - paramwise_options -- bbox_head.mask_head.fusion_conv.bias:weight_decay=0.0
2026/08/06 11:17:17 - mmengine - INFO - paramwise_options -- bbox_head.mask_head.stacked_convs.0.bn.weight:weight_decay=0.0
2026/08/06 11:17:17 - mmengine - INFO - paramwise_options -- bbox_head.mask_head.stacked_convs.0.bn.bias:weight_decay=0.0
2026/08/06 11:17:17 - mmengine - INFO - paramwise_options -- bbox_head.mask_head.stacked_convs.1.bn.weight:weight_decay=0.0
2026/08/06 11:17:17 - mmengine - INFO - paramwise_options -- bbox_head.mask_head.stacked_convs.1.bn.bias:weight_decay=0.0
2026/08/06 11:17:17 - mmengine - INFO - paramwise_options -- bbox_head.mask_head.stacked_convs.2.bn.weight:weight_decay=0.0
2026/08/06 11:17:17 - mmengine - INFO - paramwise_options -- bbox_head.mask_head.stacked_convs.2.bn.bias:weight_decay=0.0
2026/08/06 11:17:17 - mmengine - INFO - paramwise_options -- bbox_head.mask_head.stacked_convs.3.bn.weight:weight_decay=0.0
2026/08/06 11:17:17 - mmengine - INFO - paramwise_options -- bbox_head.mask_head.stacked_convs.3.bn.bias:weight_decay=0.0
2026/08/06 11:17:17 - mmengine - INFO - paramwise_options -- bbox_head.mask_head.projection.bias:weight_decay=0.0
2026/08/06 11:17:18 - mmengine - INFO - load backbone. in model from: https://download.openmmlab.com/mmdetection/v3.0/rtmdet/cspnext_rsb_pretrain/cspnext-tiny_imagenet_600e.pth
Name of parameter - Initialization information

backbone.stem.0.conv.weight - torch.Size([12, 3, 3, 3]): 
PretrainedInit: load from https://download.openmmlab.com/mmdetection/v3.0/rtmdet/cspnext_rsb_pretrain/cspnext-tiny_imagenet_600e.pth 

backbone.stem.0.bn.weight - torch.Size([12]): 
PretrainedInit: load from https://download.openmmlab.com/mmdetection/v3.0/rtmdet/cspnext_rsb_pretrain/cspnext-tiny_imagenet_600e.pth 

backbone.stem.0.bn.bias - torch.Size([12]): 
PretrainedInit: load from https://download.openmmlab.com/mmdetection/v3.0/rtmdet/cspnext_rsb_pretrain/cspnext-tiny_imagenet_600e.pth 

backbone.stem.1.conv.weight - torch.Size([12, 12, 3, 3]): 
PretrainedInit: load from https://download.openmmlab.com/mmdetection/v3.0/rtmdet/cspnext_rsb_pretrain/cspnext-tiny_imagenet_600e.pth 

backbone.stem.1.bn.weight - torch.Size([12]): 
PretrainedInit: load from https://download.openmmlab.com/mmdetection/v3.0/rtmdet/cspnext_rsb_pretrain/cspnext-tiny_imagenet_600e.pth 

backbone.stem.1.bn.bias - torch.Size([12]): 
PretrainedInit: load from https://download.openmmlab.com/mmdetection/v3.0/rtmdet/cspnext_rsb_pretrain/cspnext-tiny_imagenet_600e.pth 

backbone.stem.2.conv.weight - torch.Size([24, 12, 3, 3]): 
PretrainedInit: load from https://download.openmmlab.com/mmdetection/v3.0/rtmdet/cspnext_rsb_pretrain/cspnext-tiny_imagenet_600e.pth 

backbone.stem.2.bn.weight - torch.Size([24]): 
PretrainedInit: load from https://download.openmmlab.com/mmdetection/v3.0/rtmdet/cspnext_rsb_pretrain/cspnext-tiny_imagenet_600e.pth 

backbone.stem.2.bn.bias - torch.Size([24]): 
PretrainedInit: load from https://download.openmmlab.com/mmdetection/v3.0/rtmdet/cspnext_rsb_pretrain/cspnext-tiny_imagenet_600e.pth 

backbone.stage1.0.conv.weight - torch.Size([48, 24, 3, 3]): 
PretrainedInit: load from https://download.openmmlab.com/mmdetection/v3.0/rtmdet/cspnext_rsb_pretrain/cspnext-tiny_imagenet_600e.pth 

backbone.stage1.0.bn.weight - torch.Size([48]): 
PretrainedInit: load from https://download.openmmlab.com/mmdetection/v3.0/rtmdet/cspnext_rsb_pretrain/cspnext-tiny_imagenet_600e.pth 

backbone.stage1.0.bn.bias - torch.Size([48]): 
PretrainedInit: load from https://download.openmmlab.com/mmdetection/v3.0/rtmdet/cspnext_rsb_pretrain/cspnext-tiny_imagenet_600e.pth 

backbone.stage1.1.main_conv.conv.weight - torch.Size([24, 48, 1, 1]): 
PretrainedInit: load from https://download.openmmlab.com/mmdetection/v3.0/rtmdet/cspnext_rsb_pretrain/cspnext-tiny_imagenet_600e.pth 

backbone.stage1.1.main_conv.bn.weight - torch.Size([24]): 
PretrainedInit: load from https://download.openmmlab.com/mmdetection/v3.0/rtmdet/cspnext_rsb_pretrain/cspnext-tiny_imagenet_600e.pth 

backbone.stage1.1.main_conv.bn.bias - torch.Size([24]): 
PretrainedInit: load from https://download.openmmlab.com/mmdetection/v3.0/rtmdet/cspnext_rsb_pretrain/cspnext-tiny_imagenet_600e.pth 

backbone.stage1.1.short_conv.conv.weight - torch.Size([24, 48, 1, 1]): 
PretrainedInit: load from https://download.openmmlab.com/mmdetection/v3.0/rtmdet/cspnext_rsb_pretrain/cspnext-tiny_imagenet_600e.pth 

backbone.stage1.1.short_conv.bn.weight - torch.Size([24]): 
PretrainedInit: load from https://download.openmmlab.com/mmdetection/v3.0/rtmdet/cspnext_rsb_pretrain/cspnext-tiny_imagenet_600e.pth 

backbone.stage1.1.short_conv.bn.bias - torch.Size([24]): 
PretrainedInit: load from https://download.openmmlab.com/mmdetection/v3.0/rtmdet/cspnext_rsb_pretrain/cspnext-tiny_imagenet_600e.pth 

backbone.stage1.1.final_conv.conv.weight - torch.Size([48, 48, 1, 1]): 
PretrainedInit: load from https://download.openmmlab.com/mmdetection/v3.0/rtmdet/cspnext_rsb_pretrain/cspnext-tiny_imagenet_600e.pth 

backbone.stage1.1.final_conv.bn.weight - torch.Size([48]): 
PretrainedInit: load from https://download.openmmlab.com/mmdetection/v3.0/rtmdet/cspnext_rsb_pretrain/cspnext-tiny_imagenet_600e.pth 

backbone.stage1.1.final_conv.bn.bias - torch.Size([48]): 
PretrainedInit: load from https://download.openmmlab.com/mmdetection/v3.0/rtmdet/cspnext_rsb_pretrain/cspnext-tiny_imagenet_600e.pth 

backbone.stage1.1.blocks.0.conv1.conv.weight - torch.Size([24, 24, 3, 3]): 
PretrainedInit: load from https://download.openmmlab.com/mmdetection/v3.0/rtmdet/cspnext_rsb_pretrain/cspnext-tiny_imagenet_600e.pth 

backbone.stage1.1.blocks.0.conv1.bn.weight - torch.Size([24]): 
PretrainedInit: load from https://download.openmmlab.com/mmdetection/v3.0/rtmdet/cspnext_rsb_pretrain/cspnext-tiny_imagenet_600e.pth 

backbone.stage1.1.blocks.0.conv1.bn.bias - torch.Size([24]): 
PretrainedInit: load from https://download.openmmlab.com/mmdetection/v3.0/rtmdet/cspnext_rsb_pretrain/cspnext-tiny_imagenet_600e.pth 

backbone.stage1.1.blocks.0.conv2.depthwise_conv.conv.weight - torch.Size([24, 1, 5, 5]): 
PretrainedInit: load from https://download.openmmlab.com/mmdetection/v3.0/rtmdet/cspnext_rsb_pretrain/cspnext-tiny_imagenet_600e.pth 

backbone.stage1.1.blocks.0.conv2.depthwise_conv.bn.weight - torch.Size([24]): 
PretrainedInit: load from https://download.openmmlab.com/mmdetection/v3.0/rtmdet/cspnext_rsb_pretrain/cspnext-tiny_imagenet_600e.pth 

backbone.stage1.1.blocks.0.conv2.depthwise_conv.bn.bias - torch.Size([24]): 
PretrainedInit: load from https://download.openmmlab.com/mmdetection/v3.0/rtmdet/cspnext_rsb_pretrain/cspnext-tiny_imagenet_600e.pth 

backbone.stage1.1.blocks.0.conv2.pointwise_conv.conv.weight - torch.Size([24, 24, 1, 1]): 
PretrainedInit: load from https://download.openmmlab.com/mmdetection/v3.0/rtmdet/cspnext_rsb_pretrain/cspnext-tiny_imagenet_600e.pth 

backbone.stage1.1.blocks.0.conv2.pointwise_conv.bn.weight - torch.Size([24]): 
PretrainedInit: load from https://download.openmmlab.com/mmdetection/v3.0/rtmdet/cspnext_rsb_pretrain/cspnext-tiny_imagenet_600e.pth 

backbone.stage1.1.blocks.0.conv2.pointwise_conv.bn.bias - torch.Size([24]): 
PretrainedInit: load from https://download.openmmlab.com/mmdetection/v3.0/rtmdet/cspnext_rsb_pretrain/cspnext-tiny_imagenet_600e.pth 

backbone.stage1.1.attention.fc.weight - torch.Size([48, 48, 1, 1]): 
PretrainedInit: load from https://download.openmmlab.com/mmdetection/v3.0/rtmdet/cspnext_rsb_pretrain/cspnext-tiny_imagenet_600e.pth 

backbone.stage1.1.attention.fc.bias - torch.Size([48]): 
PretrainedInit: load from https://download.openmmlab.com/mmdetection/v3.0/rtmdet/cspnext_rsb_pretrain/cspnext-tiny_imagenet_600e.pth 

backbone.stage2.0.conv.weight - torch.Size([96, 48, 3, 3]): 
PretrainedInit: load from https://download.openmmlab.com/mmdetection/v3.0/rtmdet/cspnext_rsb_pretrain/cspnext-tiny_imagenet_600e.pth 

backbone.stage2.0.bn.weight - torch.Size([96]): 
PretrainedInit: load from https://download.openmmlab.com/mmdetection/v3.0/rtmdet/cspnext_rsb_pretrain/cspnext-tiny_imagenet_600e.pth 

backbone.stage2.0.bn.bias - torch.Size([96]): 
PretrainedInit: load from https://download.openmmlab.com/mmdetection/v3.0/rtmdet/cspnext_rsb_pretrain/cspnext-tiny_imagenet_600e.pth 

backbone.stage2.1.main_conv.conv.weight - torch.Size([48, 96, 1, 1]): 
PretrainedInit: load from https://download.openmmlab.com/mmdetection/v3.0/rtmdet/cspnext_rsb_pretrain/cspnext-tiny_imagenet_600e.pth 

backbone.stage2.1.main_conv.bn.weight - torch.Size([48]): 
PretrainedInit: load from https://download.openmmlab.com/mmdetection/v3.0/rtmdet/cspnext_rsb_pretrain/cspnext-tiny_imagenet_600e.pth 

backbone.stage2.1.main_conv.bn.bias - torch.Size([48]): 
PretrainedInit: load from https://download.openmmlab.com/mmdetection/v3.0/rtmdet/cspnext_rsb_pretrain/cspnext-tiny_imagenet_600e.pth 

backbone.stage2.1.short_conv.conv.weight - torch.Size([48, 96, 1, 1]): 
PretrainedInit: load from https://download.openmmlab.com/mmdetection/v3.0/rtmdet/cspnext_rsb_pretrain/cspnext-tiny_imagenet_600e.pth 

backbone.stage2.1.short_conv.bn.weight - torch.Size([48]): 
PretrainedInit: load from https://download.openmmlab.com/mmdetection/v3.0/rtmdet/cspnext_rsb_pretrain/cspnext-tiny_imagenet_600e.pth 

backbone.stage2.1.short_conv.bn.bias - torch.Size([48]): 
PretrainedInit: load from https://download.openmmlab.com/mmdetection/v3.0/rtmdet/cspnext_rsb_pretrain/cspnext-tiny_imagenet_600e.pth 

backbone.stage2.1.final_conv.conv.weight - torch.Size([96, 96, 1, 1]): 
PretrainedInit: load from https://download.openmmlab.com/mmdetection/v3.0/rtmdet/cspnext_rsb_pretrain/cspnext-tiny_imagenet_600e.pth 

backbone.stage2.1.final_conv.bn.weight - torch.Size([96]): 
PretrainedInit: load from https://download.openmmlab.com/mmdetection/v3.0/rtmdet/cspnext_rsb_pretrain/cspnext-tiny_imagenet_600e.pth 

backbone.stage2.1.final_conv.bn.bias - torch.Size([96]): 
PretrainedInit: load from https://download.openmmlab.com/mmdetection/v3.0/rtmdet/cspnext_rsb_pretrain/cspnext-tiny_imagenet_600e.pth 

backbone.stage2.1.blocks.0.conv1.conv.weight - torch.Size([48, 48, 3, 3]): 
PretrainedInit: load from https://download.openmmlab.com/mmdetection/v3.0/rtmdet/cspnext_rsb_pretrain/cspnext-tiny_imagenet_600e.pth 

backbone.stage2.1.blocks.0.conv1.bn.weight - torch.Size([48]): 
PretrainedInit: load from https://download.openmmlab.com/mmdetection/v3.0/rtmdet/cspnext_rsb_pretrain/cspnext-tiny_imagenet_600e.pth 

backbone.stage2.1.blocks.0.conv1.bn.bias - torch.Size([48]): 
PretrainedInit: load from https://download.openmmlab.com/mmdetection/v3.0/rtmdet/cspnext_rsb_pretrain/cspnext-tiny_imagenet_600e.pth 

backbone.stage2.1.blocks.0.conv2.depthwise_conv.conv.weight - torch.Size([48, 1, 5, 5]): 
PretrainedInit: load from https://download.openmmlab.com/mmdetection/v3.0/rtmdet/cspnext_rsb_pretrain/cspnext-tiny_imagenet_600e.pth 

backbone.stage2.1.blocks.0.conv2.depthwise_conv.bn.weight - torch.Size([48]): 
PretrainedInit: load from https://download.openmmlab.com/mmdetection/v3.0/rtmdet/cspnext_rsb_pretrain/cspnext-tiny_imagenet_600e.pth 

backbone.stage2.1.blocks.0.conv2.depthwise_conv.bn.bias - torch.Size([48]): 
PretrainedInit: load from https://download.openmmlab.com/mmdetection/v3.0/rtmdet/cspnext_rsb_pretrain/cspnext-tiny_imagenet_600e.pth 

backbone.stage2.1.blocks.0.conv2.pointwise_conv.conv.weight - torch.Size([48, 48, 1, 1]): 
PretrainedInit: load from https://download.openmmlab.com/mmdetection/v3.0/rtmdet/cspnext_rsb_pretrain/cspnext-tiny_imagenet_600e.pth 

backbone.stage2.1.blocks.0.conv2.pointwise_conv.bn.weight - torch.Size([48]): 
PretrainedInit: load from https://download.openmmlab.com/mmdetection/v3.0/rtmdet/cspnext_rsb_pretrain/cspnext-tiny_imagenet_600e.pth 

backbone.stage2.1.blocks.0.conv2.pointwise_conv.bn.bias - torch.Size([48]): 
PretrainedInit: load from https://download.openmmlab.com/mmdetection/v3.0/rtmdet/cspnext_rsb_pretrain/cspnext-tiny_imagenet_600e.pth 

backbone.stage2.1.attention.fc.weight - torch.Size([96, 96, 1, 1]): 
PretrainedInit: load from https://download.openmmlab.com/mmdetection/v3.0/rtmdet/cspnext_rsb_pretrain/cspnext-tiny_imagenet_600e.pth 

backbone.stage2.1.attention.fc.bias - torch.Size([96]): 
PretrainedInit: load from https://download.openmmlab.com/mmdetection/v3.0/rtmdet/cspnext_rsb_pretrain/cspnext-tiny_imagenet_600e.pth 

backbone.stage3.0.conv.weight - torch.Size([192, 96, 3, 3]): 
PretrainedInit: load from https://download.openmmlab.com/mmdetection/v3.0/rtmdet/cspnext_rsb_pretrain/cspnext-tiny_imagenet_600e.pth 

backbone.stage3.0.bn.weight - torch.Size([192]): 
PretrainedInit: load from https://download.openmmlab.com/mmdetection/v3.0/rtmdet/cspnext_rsb_pretrain/cspnext-tiny_imagenet_600e.pth 

backbone.stage3.0.bn.bias - torch.Size([192]): 
PretrainedInit: load from https://download.openmmlab.com/mmdetection/v3.0/rtmdet/cspnext_rsb_pretrain/cspnext-tiny_imagenet_600e.pth 

backbone.stage3.1.main_conv.conv.weight - torch.Size([96, 192, 1, 1]): 
PretrainedInit: load from https://download.openmmlab.com/mmdetection/v3.0/rtmdet/cspnext_rsb_pretrain/cspnext-tiny_imagenet_600e.pth 

backbone.stage3.1.main_conv.bn.weight - torch.Size([96]): 
PretrainedInit: load from https://download.openmmlab.com/mmdetection/v3.0/rtmdet/cspnext_rsb_pretrain/cspnext-tiny_imagenet_600e.pth 

backbone.stage3.1.main_conv.bn.bias - torch.Size([96]): 
PretrainedInit: load from https://download.openmmlab.com/mmdetection/v3.0/rtmdet/cspnext_rsb_pretrain/cspnext-tiny_imagenet_600e.pth 

backbone.stage3.1.short_conv.conv.weight - torch.Size([96, 192, 1, 1]): 
PretrainedInit: load from https://download.openmmlab.com/mmdetection/v3.0/rtmdet/cspnext_rsb_pretrain/cspnext-tiny_imagenet_600e.pth 

backbone.stage3.1.short_conv.bn.weight - torch.Size([96]): 
PretrainedInit: load from https://download.openmmlab.com/mmdetection/v3.0/rtmdet/cspnext_rsb_pretrain/cspnext-tiny_imagenet_600e.pth 

backbone.stage3.1.short_conv.bn.bias - torch.Size([96]): 
PretrainedInit: load from https://download.openmmlab.com/mmdetection/v3.0/rtmdet/cspnext_rsb_pretrain/cspnext-tiny_imagenet_600e.pth 

backbone.stage3.1.final_conv.conv.weight - torch.Size([192, 192, 1, 1]): 
PretrainedInit: load from https://download.openmmlab.com/mmdetection/v3.0/rtmdet/cspnext_rsb_pretrain/cspnext-tiny_imagenet_600e.pth 

backbone.stage3.1.final_conv.bn.weight - torch.Size([192]): 
PretrainedInit: load from https://download.openmmlab.com/mmdetection/v3.0/rtmdet/cspnext_rsb_pretrain/cspnext-tiny_imagenet_600e.pth 

backbone.stage3.1.final_conv.bn.bias - torch.Size([192]): 
PretrainedInit: load from https://download.openmmlab.com/mmdetection/v3.0/rtmdet/cspnext_rsb_pretrain/cspnext-tiny_imagenet_600e.pth 

backbone.stage3.1.blocks.0.conv1.conv.weight - torch.Size([96, 96, 3, 3]): 
PretrainedInit: load from https://download.openmmlab.com/mmdetection/v3.0/rtmdet/cspnext_rsb_pretrain/cspnext-tiny_imagenet_600e.pth 

backbone.stage3.1.blocks.0.conv1.bn.weight - torch.Size([96]): 
PretrainedInit: load from https://download.openmmlab.com/mmdetection/v3.0/rtmdet/cspnext_rsb_pretrain/cspnext-tiny_imagenet_600e.pth 

backbone.stage3.1.blocks.0.conv1.bn.bias - torch.Size([96]): 
PretrainedInit: load from https://download.openmmlab.com/mmdetection/v3.0/rtmdet/cspnext_rsb_pretrain/cspnext-tiny_imagenet_600e.pth 

backbone.stage3.1.blocks.0.conv2.depthwise_conv.conv.weight - torch.Size([96, 1, 5, 5]): 
PretrainedInit: load from https://download.openmmlab.com/mmdetection/v3.0/rtmdet/cspnext_rsb_pretrain/cspnext-tiny_imagenet_600e.pth 

backbone.stage3.1.blocks.0.conv2.depthwise_conv.bn.weight - torch.Size([96]): 
PretrainedInit: load from https://download.openmmlab.com/mmdetection/v3.0/rtmdet/cspnext_rsb_pretrain/cspnext-tiny_imagenet_600e.pth 

backbone.stage3.1.blocks.0.conv2.depthwise_conv.bn.bias - torch.Size([96]): 
PretrainedInit: load from https://download.openmmlab.com/mmdetection/v3.0/rtmdet/cspnext_rsb_pretrain/cspnext-tiny_imagenet_600e.pth 

backbone.stage3.1.blocks.0.conv2.pointwise_conv.conv.weight - torch.Size([96, 96, 1, 1]): 
PretrainedInit: load from https://download.openmmlab.com/mmdetection/v3.0/rtmdet/cspnext_rsb_pretrain/cspnext-tiny_imagenet_600e.pth 

backbone.stage3.1.blocks.0.conv2.pointwise_conv.bn.weight - torch.Size([96]): 
PretrainedInit: load from https://download.openmmlab.com/mmdetection/v3.0/rtmdet/cspnext_rsb_pretrain/cspnext-tiny_imagenet_600e.pth 

backbone.stage3.1.blocks.0.conv2.pointwise_conv.bn.bias - torch.Size([96]): 
PretrainedInit: load from https://download.openmmlab.com/mmdetection/v3.0/rtmdet/cspnext_rsb_pretrain/cspnext-tiny_imagenet_600e.pth 

backbone.stage3.1.attention.fc.weight - torch.Size([192, 192, 1, 1]): 
PretrainedInit: load from https://download.openmmlab.com/mmdetection/v3.0/rtmdet/cspnext_rsb_pretrain/cspnext-tiny_imagenet_600e.pth 

backbone.stage3.1.attention.fc.bias - torch.Size([192]): 
PretrainedInit: load from https://download.openmmlab.com/mmdetection/v3.0/rtmdet/cspnext_rsb_pretrain/cspnext-tiny_imagenet_600e.pth 

backbone.stage4.0.conv.weight - torch.Size([384, 192, 3, 3]): 
PretrainedInit: load from https://download.openmmlab.com/mmdetection/v3.0/rtmdet/cspnext_rsb_pretrain/cspnext-tiny_imagenet_600e.pth 

backbone.stage4.0.bn.weight - torch.Size([384]): 
PretrainedInit: load from https://download.openmmlab.com/mmdetection/v3.0/rtmdet/cspnext_rsb_pretrain/cspnext-tiny_imagenet_600e.pth 

backbone.stage4.0.bn.bias - torch.Size([384]): 
PretrainedInit: load from https://download.openmmlab.com/mmdetection/v3.0/rtmdet/cspnext_rsb_pretrain/cspnext-tiny_imagenet_600e.pth 

backbone.stage4.1.conv1.conv.weight - torch.Size([192, 384, 1, 1]): 
PretrainedInit: load from https://download.openmmlab.com/mmdetection/v3.0/rtmdet/cspnext_rsb_pretrain/cspnext-tiny_imagenet_600e.pth 

backbone.stage4.1.conv1.bn.weight - torch.Size([192]): 
PretrainedInit: load from https://download.openmmlab.com/mmdetection/v3.0/rtmdet/cspnext_rsb_pretrain/cspnext-tiny_imagenet_600e.pth 

backbone.stage4.1.conv1.bn.bias - torch.Size([192]): 
PretrainedInit: load from https://download.openmmlab.com/mmdetection/v3.0/rtmdet/cspnext_rsb_pretrain/cspnext-tiny_imagenet_600e.pth 

backbone.stage4.1.conv2.conv.weight - torch.Size([384, 768, 1, 1]): 
PretrainedInit: load from https://download.openmmlab.com/mmdetection/v3.0/rtmdet/cspnext_rsb_pretrain/cspnext-tiny_imagenet_600e.pth 

backbone.stage4.1.conv2.bn.weight - torch.Size([384]): 
PretrainedInit: load from https://download.openmmlab.com/mmdetection/v3.0/rtmdet/cspnext_rsb_pretrain/cspnext-tiny_imagenet_600e.pth 

backbone.stage4.1.conv2.bn.bias - torch.Size([384]): 
PretrainedInit: load from https://download.openmmlab.com/mmdetection/v3.0/rtmdet/cspnext_rsb_pretrain/cspnext-tiny_imagenet_600e.pth 

backbone.stage4.2.main_conv.conv.weight - torch.Size([192, 384, 1, 1]): 
PretrainedInit: load from https://download.openmmlab.com/mmdetection/v3.0/rtmdet/cspnext_rsb_pretrain/cspnext-tiny_imagenet_600e.pth 

backbone.stage4.2.main_conv.bn.weight - torch.Size([192]): 
PretrainedInit: load from https://download.openmmlab.com/mmdetection/v3.0/rtmdet/cspnext_rsb_pretrain/cspnext-tiny_imagenet_600e.pth 

backbone.stage4.2.main_conv.bn.bias - torch.Size([192]): 
PretrainedInit: load from https://download.openmmlab.com/mmdetection/v3.0/rtmdet/cspnext_rsb_pretrain/cspnext-tiny_imagenet_600e.pth 

backbone.stage4.2.short_conv.conv.weight - torch.Size([192, 384, 1, 1]): 
PretrainedInit: load from https://download.openmmlab.com/mmdetection/v3.0/rtmdet/cspnext_rsb_pretrain/cspnext-tiny_imagenet_600e.pth 

backbone.stage4.2.short_conv.bn.weight - torch.Size([192]): 
PretrainedInit: load from https://download.openmmlab.com/mmdetection/v3.0/rtmdet/cspnext_rsb_pretrain/cspnext-tiny_imagenet_600e.pth 

backbone.stage4.2.short_conv.bn.bias - torch.Size([192]): 
PretrainedInit: load from https://download.openmmlab.com/mmdetection/v3.0/rtmdet/cspnext_rsb_pretrain/cspnext-tiny_imagenet_600e.pth 

backbone.stage4.2.final_conv.conv.weight - torch.Size([384, 384, 1, 1]): 
PretrainedInit: load from https://download.openmmlab.com/mmdetection/v3.0/rtmdet/cspnext_rsb_pretrain/cspnext-tiny_imagenet_600e.pth 

backbone.stage4.2.final_conv.bn.weight - torch.Size([384]): 
PretrainedInit: load from https://download.openmmlab.com/mmdetection/v3.0/rtmdet/cspnext_rsb_pretrain/cspnext-tiny_imagenet_600e.pth 

backbone.stage4.2.final_conv.bn.bias - torch.Size([384]): 
PretrainedInit: load from https://download.openmmlab.com/mmdetection/v3.0/rtmdet/cspnext_rsb_pretrain/cspnext-tiny_imagenet_600e.pth 

backbone.stage4.2.blocks.0.conv1.conv.weight - torch.Size([192, 192, 3, 3]): 
PretrainedInit: load from https://download.openmmlab.com/mmdetection/v3.0/rtmdet/cspnext_rsb_pretrain/cspnext-tiny_imagenet_600e.pth 

backbone.stage4.2.blocks.0.conv1.bn.weight - torch.Size([192]): 
PretrainedInit: load from https://download.openmmlab.com/mmdetection/v3.0/rtmdet/cspnext_rsb_pretrain/cspnext-tiny_imagenet_600e.pth 

backbone.stage4.2.blocks.0.conv1.bn.bias - torch.Size([192]): 
PretrainedInit: load from https://download.openmmlab.com/mmdetection/v3.0/rtmdet/cspnext_rsb_pretrain/cspnext-tiny_imagenet_600e.pth 

backbone.stage4.2.blocks.0.conv2.depthwise_conv.conv.weight - torch.Size([192, 1, 5, 5]): 
PretrainedInit: load from https://download.openmmlab.com/mmdetection/v3.0/rtmdet/cspnext_rsb_pretrain/cspnext-tiny_imagenet_600e.pth 

backbone.stage4.2.blocks.0.conv2.depthwise_conv.bn.weight - torch.Size([192]): 
PretrainedInit: load from https://download.openmmlab.com/mmdetection/v3.0/rtmdet/cspnext_rsb_pretrain/cspnext-tiny_imagenet_600e.pth 

backbone.stage4.2.blocks.0.conv2.depthwise_conv.bn.bias - torch.Size([192]): 
PretrainedInit: load from https://download.openmmlab.com/mmdetection/v3.0/rtmdet/cspnext_rsb_pretrain/cspnext-tiny_imagenet_600e.pth 

backbone.stage4.2.blocks.0.conv2.pointwise_conv.conv.weight - torch.Size([192, 192, 1, 1]): 
PretrainedInit: load from https://download.openmmlab.com/mmdetection/v3.0/rtmdet/cspnext_rsb_pretrain/cspnext-tiny_imagenet_600e.pth 

backbone.stage4.2.blocks.0.conv2.pointwise_conv.bn.weight - torch.Size([192]): 
PretrainedInit: load from https://download.openmmlab.com/mmdetection/v3.0/rtmdet/cspnext_rsb_pretrain/cspnext-tiny_imagenet_600e.pth 

backbone.stage4.2.blocks.0.conv2.pointwise_conv.bn.bias - torch.Size([192]): 
PretrainedInit: load from https://download.openmmlab.com/mmdetection/v3.0/rtmdet/cspnext_rsb_pretrain/cspnext-tiny_imagenet_600e.pth 

backbone.stage4.2.attention.fc.weight - torch.Size([384, 384, 1, 1]): 
PretrainedInit: load from https://download.openmmlab.com/mmdetection/v3.0/rtmdet/cspnext_rsb_pretrain/cspnext-tiny_imagenet_600e.pth 

backbone.stage4.2.attention.fc.bias - torch.Size([384]): 
PretrainedInit: load from https://download.openmmlab.com/mmdetection/v3.0/rtmdet/cspnext_rsb_pretrain/cspnext-tiny_imagenet_600e.pth 

neck.reduce_layers.0.conv.weight - torch.Size([192, 384, 1, 1]): 
KaimingInit: a=2.23606797749979, mode=fan_in, nonlinearity=leaky_relu, distribution =uniform, bias=0 

neck.reduce_layers.0.bn.weight - torch.Size([192]): 
The value is the same before and after calling `init_weights` of RTMDet  

neck.reduce_layers.0.bn.bias - torch.Size([192]): 
The value is the same before and after calling `init_weights` of RTMDet  

neck.reduce_layers.1.conv.weight - torch.Size([96, 192, 1, 1]): 
KaimingInit: a=2.23606797749979, mode=fan_in, nonlinearity=leaky_relu, distribution =uniform, bias=0 

neck.reduce_layers.1.bn.weight - torch.Size([96]): 
The value is the same before and after calling `init_weights` of RTMDet  

neck.reduce_layers.1.bn.bias - torch.Size([96]): 
The value is the same before and after calling `init_weights` of RTMDet  

neck.top_down_blocks.0.main_conv.conv.weight - torch.Size([96, 384, 1, 1]): 
KaimingInit: a=2.23606797749979, mode=fan_in, nonlinearity=leaky_relu, distribution =uniform, bias=0 

neck.top_down_blocks.0.main_conv.bn.weight - torch.Size([96]): 
The value is the same before and after calling `init_weights` of RTMDet  

neck.top_down_blocks.0.main_conv.bn.bias - torch.Size([96]): 
The value is the same before and after calling `init_weights` of RTMDet  

neck.top_down_blocks.0.short_conv.conv.weight - torch.Size([96, 384, 1, 1]): 
KaimingInit: a=2.23606797749979, mode=fan_in, nonlinearity=leaky_relu, distribution =uniform, bias=0 

neck.top_down_blocks.0.short_conv.bn.weight - torch.Size([96]): 
The value is the same before and after calling `init_weights` of RTMDet  

neck.top_down_blocks.0.short_conv.bn.bias - torch.Size([96]): 
The value is the same before and after calling `init_weights` of RTMDet  

neck.top_down_blocks.0.final_conv.conv.weight - torch.Size([192, 192, 1, 1]): 
KaimingInit: a=2.23606797749979, mode=fan_in, nonlinearity=leaky_relu, distribution =uniform, bias=0 

neck.top_down_blocks.0.final_conv.bn.weight - torch.Size([192]): 
The value is the same before and after calling `init_weights` of RTMDet  

neck.top_down_blocks.0.final_conv.bn.bias - torch.Size([192]): 
The value is the same before and after calling `init_weights` of RTMDet  

neck.top_down_blocks.0.blocks.0.conv1.conv.weight - torch.Size([96, 96, 3, 3]): 
KaimingInit: a=2.23606797749979, mode=fan_in, nonlinearity=leaky_relu, distribution =uniform, bias=0 

neck.top_down_blocks.0.blocks.0.conv1.bn.weight - torch.Size([96]): 
The value is the same before and after calling `init_weights` of RTMDet  

neck.top_down_blocks.0.blocks.0.conv1.bn.bias - torch.Size([96]): 
The value is the same before and after calling `init_weights` of RTMDet  

neck.top_down_blocks.0.blocks.0.conv2.depthwise_conv.conv.weight - torch.Size([96, 1, 5, 5]): 
KaimingInit: a=2.23606797749979, mode=fan_in, nonlinearity=leaky_relu, distribution =uniform, bias=0 

neck.top_down_blocks.0.blocks.0.conv2.depthwise_conv.bn.weight - torch.Size([96]): 
The value is the same before and after calling `init_weights` of RTMDet  

neck.top_down_blocks.0.blocks.0.conv2.depthwise_conv.bn.bias - torch.Size([96]): 
The value is the same before and after calling `init_weights` of RTMDet  

neck.top_down_blocks.0.blocks.0.conv2.pointwise_conv.conv.weight - torch.Size([96, 96, 1, 1]): 
KaimingInit: a=2.23606797749979, mode=fan_in, nonlinearity=leaky_relu, distribution =uniform, bias=0 

neck.top_down_blocks.0.blocks.0.conv2.pointwise_conv.bn.weight - torch.Size([96]): 
The value is the same before and after calling `init_weights` of RTMDet  

neck.top_down_blocks.0.blocks.0.conv2.pointwise_conv.bn.bias - torch.Size([96]): 
The value is the same before and after calling `init_weights` of RTMDet  

neck.top_down_blocks.1.main_conv.conv.weight - torch.Size([48, 192, 1, 1]): 
KaimingInit: a=2.23606797749979, mode=fan_in, nonlinearity=leaky_relu, distribution =uniform, bias=0 

neck.top_down_blocks.1.main_conv.bn.weight - torch.Size([48]): 
The value is the same before and after calling `init_weights` of RTMDet  

neck.top_down_blocks.1.main_conv.bn.bias - torch.Size([48]): 
The value is the same before and after calling `init_weights` of RTMDet  

neck.top_down_blocks.1.short_conv.conv.weight - torch.Size([48, 192, 1, 1]): 
KaimingInit: a=2.23606797749979, mode=fan_in, nonlinearity=leaky_relu, distribution =uniform, bias=0 

neck.top_down_blocks.1.short_conv.bn.weight - torch.Size([48]): 
The value is the same before and after calling `init_weights` of RTMDet  

neck.top_down_blocks.1.short_conv.bn.bias - torch.Size([48]): 
The value is the same before and after calling `init_weights` of RTMDet  

neck.top_down_blocks.1.final_conv.conv.weight - torch.Size([96, 96, 1, 1]): 
KaimingInit: a=2.23606797749979, mode=fan_in, nonlinearity=leaky_relu, distribution =uniform, bias=0 

neck.top_down_blocks.1.final_conv.bn.weight - torch.Size([96]): 
The value is the same before and after calling `init_weights` of RTMDet  

neck.top_down_blocks.1.final_conv.bn.bias - torch.Size([96]): 
The value is the same before and after calling `init_weights` of RTMDet  

neck.top_down_blocks.1.blocks.0.conv1.conv.weight - torch.Size([48, 48, 3, 3]): 
KaimingInit: a=2.23606797749979, mode=fan_in, nonlinearity=leaky_relu, distribution =uniform, bias=0 

neck.top_down_blocks.1.blocks.0.conv1.bn.weight - torch.Size([48]): 
The value is the same before and after calling `init_weights` of RTMDet  

neck.top_down_blocks.1.blocks.0.conv1.bn.bias - torch.Size([48]): 
The value is the same before and after calling `init_weights` of RTMDet  

neck.top_down_blocks.1.blocks.0.conv2.depthwise_conv.conv.weight - torch.Size([48, 1, 5, 5]): 
KaimingInit: a=2.23606797749979, mode=fan_in, nonlinearity=leaky_relu, distribution =uniform, bias=0 

neck.top_down_blocks.1.blocks.0.conv2.depthwise_conv.bn.weight - torch.Size([48]): 
The value is the same before and after calling `init_weights` of RTMDet  

neck.top_down_blocks.1.blocks.0.conv2.depthwise_conv.bn.bias - torch.Size([48]): 
The value is the same before and after calling `init_weights` of RTMDet  

neck.top_down_blocks.1.blocks.0.conv2.pointwise_conv.conv.weight - torch.Size([48, 48, 1, 1]): 
KaimingInit: a=2.23606797749979, mode=fan_in, nonlinearity=leaky_relu, distribution =uniform, bias=0 

neck.top_down_blocks.1.blocks.0.conv2.pointwise_conv.bn.weight - torch.Size([48]): 
The value is the same before and after calling `init_weights` of RTMDet  

neck.top_down_blocks.1.blocks.0.conv2.pointwise_conv.bn.bias - torch.Size([48]): 
The value is the same before and after calling `init_weights` of RTMDet  

neck.downsamples.0.conv.weight - torch.Size([96, 96, 3, 3]): 
KaimingInit: a=2.23606797749979, mode=fan_in, nonlinearity=leaky_relu, distribution =uniform, bias=0 

neck.downsamples.0.bn.weight - torch.Size([96]): 
The value is the same before and after calling `init_weights` of RTMDet  

neck.downsamples.0.bn.bias - torch.Size([96]): 
The value is the same before and after calling `init_weights` of RTMDet  

neck.downsamples.1.conv.weight - torch.Size([192, 192, 3, 3]): 
KaimingInit: a=2.23606797749979, mode=fan_in, nonlinearity=leaky_relu, distribution =uniform, bias=0 

neck.downsamples.1.bn.weight - torch.Size([192]): 
The value is the same before and after calling `init_weights` of RTMDet  

neck.downsamples.1.bn.bias - torch.Size([192]): 
The value is the same before and after calling `init_weights` of RTMDet  

neck.bottom_up_blocks.0.main_conv.conv.weight - torch.Size([96, 192, 1, 1]): 
KaimingInit: a=2.23606797749979, mode=fan_in, nonlinearity=leaky_relu, distribution =uniform, bias=0 

neck.bottom_up_blocks.0.main_conv.bn.weight - torch.Size([96]): 
The value is the same before and after calling `init_weights` of RTMDet  

neck.bottom_up_blocks.0.main_conv.bn.bias - torch.Size([96]): 
The value is the same before and after calling `init_weights` of RTMDet  

neck.bottom_up_blocks.0.short_conv.conv.weight - torch.Size([96, 192, 1, 1]): 
KaimingInit: a=2.23606797749979, mode=fan_in, nonlinearity=leaky_relu, distribution =uniform, bias=0 

neck.bottom_up_blocks.0.short_conv.bn.weight - torch.Size([96]): 
The value is the same before and after calling `init_weights` of RTMDet  

neck.bottom_up_blocks.0.short_conv.bn.bias - torch.Size([96]): 
The value is the same before and after calling `init_weights` of RTMDet  

neck.bottom_up_blocks.0.final_conv.conv.weight - torch.Size([192, 192, 1, 1]): 
KaimingInit: a=2.23606797749979, mode=fan_in, nonlinearity=leaky_relu, distribution =uniform, bias=0 

neck.bottom_up_blocks.0.final_conv.bn.weight - torch.Size([192]): 
The value is the same before and after calling `init_weights` of RTMDet  

neck.bottom_up_blocks.0.final_conv.bn.bias - torch.Size([192]): 
The value is the same before and after calling `init_weights` of RTMDet  

neck.bottom_up_blocks.0.blocks.0.conv1.conv.weight - torch.Size([96, 96, 3, 3]): 
KaimingInit: a=2.23606797749979, mode=fan_in, nonlinearity=leaky_relu, distribution =uniform, bias=0 

neck.bottom_up_blocks.0.blocks.0.conv1.bn.weight - torch.Size([96]): 
The value is the same before and after calling `init_weights` of RTMDet  

neck.bottom_up_blocks.0.blocks.0.conv1.bn.bias - torch.Size([96]): 
The value is the same before and after calling `init_weights` of RTMDet  

neck.bottom_up_blocks.0.blocks.0.conv2.depthwise_conv.conv.weight - torch.Size([96, 1, 5, 5]): 
KaimingInit: a=2.23606797749979, mode=fan_in, nonlinearity=leaky_relu, distribution =uniform, bias=0 

neck.bottom_up_blocks.0.blocks.0.conv2.depthwise_conv.bn.weight - torch.Size([96]): 
The value is the same before and after calling `init_weights` of RTMDet  

neck.bottom_up_blocks.0.blocks.0.conv2.depthwise_conv.bn.bias - torch.Size([96]): 
The value is the same before and after calling `init_weights` of RTMDet  

neck.bottom_up_blocks.0.blocks.0.conv2.pointwise_conv.conv.weight - torch.Size([96, 96, 1, 1]): 
KaimingInit: a=2.23606797749979, mode=fan_in, nonlinearity=leaky_relu, distribution =uniform, bias=0 

neck.bottom_up_blocks.0.blocks.0.conv2.pointwise_conv.bn.weight - torch.Size([96]): 
The value is the same before and after calling `init_weights` of RTMDet  

neck.bottom_up_blocks.0.blocks.0.conv2.pointwise_conv.bn.bias - torch.Size([96]): 
The value is the same before and after calling `init_weights` of RTMDet  

neck.bottom_up_blocks.1.main_conv.conv.weight - torch.Size([192, 384, 1, 1]): 
KaimingInit: a=2.23606797749979, mode=fan_in, nonlinearity=leaky_relu, distribution =uniform, bias=0 

neck.bottom_up_blocks.1.main_conv.bn.weight - torch.Size([192]): 
The value is the same before and after calling `init_weights` of RTMDet  

neck.bottom_up_blocks.1.main_conv.bn.bias - torch.Size([192]): 
The value is the same before and after calling `init_weights` of RTMDet  

neck.bottom_up_blocks.1.short_conv.conv.weight - torch.Size([192, 384, 1, 1]): 
KaimingInit: a=2.23606797749979, mode=fan_in, nonlinearity=leaky_relu, distribution =uniform, bias=0 

neck.bottom_up_blocks.1.short_conv.bn.weight - torch.Size([192]): 
The value is the same before and after calling `init_weights` of RTMDet  

neck.bottom_up_blocks.1.short_conv.bn.bias - torch.Size([192]): 
The value is the same before and after calling `init_weights` of RTMDet  

neck.bottom_up_blocks.1.final_conv.conv.weight - torch.Size([384, 384, 1, 1]): 
KaimingInit: a=2.23606797749979, mode=fan_in, nonlinearity=leaky_relu, distribution =uniform, bias=0 

neck.bottom_up_blocks.1.final_conv.bn.weight - torch.Size([384]): 
The value is the same before and after calling `init_weights` of RTMDet  

neck.bottom_up_blocks.1.final_conv.bn.bias - torch.Size([384]): 
The value is the same before and after calling `init_weights` of RTMDet  

neck.bottom_up_blocks.1.blocks.0.conv1.conv.weight - torch.Size([192, 192, 3, 3]): 
KaimingInit: a=2.23606797749979, mode=fan_in, nonlinearity=leaky_relu, distribution =uniform, bias=0 

neck.bottom_up_blocks.1.blocks.0.conv1.bn.weight - torch.Size([192]): 
The value is the same before and after calling `init_weights` of RTMDet  

neck.bottom_up_blocks.1.blocks.0.conv1.bn.bias - torch.Size([192]): 
The value is the same before and after calling `init_weights` of RTMDet  

neck.bottom_up_blocks.1.blocks.0.conv2.depthwise_conv.conv.weight - torch.Size([192, 1, 5, 5]): 
KaimingInit: a=2.23606797749979, mode=fan_in, nonlinearity=leaky_relu, distribution =uniform, bias=0 

neck.bottom_up_blocks.1.blocks.0.conv2.depthwise_conv.bn.weight - torch.Size([192]): 
The value is the same before and after calling `init_weights` of RTMDet  

neck.bottom_up_blocks.1.blocks.0.conv2.depthwise_conv.bn.bias - torch.Size([192]): 
The value is the same before and after calling `init_weights` of RTMDet  

neck.bottom_up_blocks.1.blocks.0.conv2.pointwise_conv.conv.weight - torch.Size([192, 192, 1, 1]): 
KaimingInit: a=2.23606797749979, mode=fan_in, nonlinearity=leaky_relu, distribution =uniform, bias=0 

neck.bottom_up_blocks.1.blocks.0.conv2.pointwise_conv.bn.weight - torch.Size([192]): 
The value is the same before and after calling `init_weights` of RTMDet  

neck.bottom_up_blocks.1.blocks.0.conv2.pointwise_conv.bn.bias - torch.Size([192]): 
The value is the same before and after calling `init_weights` of RTMDet  

neck.out_convs.0.conv.weight - torch.Size([96, 96, 3, 3]): 
KaimingInit: a=2.23606797749979, mode=fan_in, nonlinearity=leaky_relu, distribution =uniform, bias=0 

neck.out_convs.0.bn.weight - torch.Size([96]): 
The value is the same before and after calling `init_weights` of RTMDet  

neck.out_convs.0.bn.bias - torch.Size([96]): 
The value is the same before and after calling `init_weights` of RTMDet  

neck.out_convs.1.conv.weight - torch.Size([96, 192, 3, 3]): 
KaimingInit: a=2.23606797749979, mode=fan_in, nonlinearity=leaky_relu, distribution =uniform, bias=0 

neck.out_convs.1.bn.weight - torch.Size([96]): 
The value is the same before and after calling `init_weights` of RTMDet  

neck.out_convs.1.bn.bias - torch.Size([96]): 
The value is the same before and after calling `init_weights` of RTMDet  

neck.out_convs.2.conv.weight - torch.Size([96, 384, 3, 3]): 
KaimingInit: a=2.23606797749979, mode=fan_in, nonlinearity=leaky_relu, distribution =uniform, bias=0 

neck.out_convs.2.bn.weight - torch.Size([96]): 
The value is the same before and after calling `init_weights` of RTMDet  

neck.out_convs.2.bn.bias - torch.Size([96]): 
The value is the same before and after calling `init_weights` of RTMDet  

bbox_head.cls_convs.0.0.conv.weight - torch.Size([96, 96, 3, 3]): 
Initialized by user-defined `init_weights` in RTMDetInsSepBNHead  

bbox_head.cls_convs.0.0.bn.weight - torch.Size([96]): 
The value is the same before and after calling `init_weights` of RTMDet  

bbox_head.cls_convs.0.0.bn.bias - torch.Size([96]): 
The value is the same before and after calling `init_weights` of RTMDet  

bbox_head.cls_convs.0.1.conv.weight - torch.Size([96, 96, 3, 3]): 
Initialized by user-defined `init_weights` in RTMDetInsSepBNHead  

bbox_head.cls_convs.0.1.bn.weight - torch.Size([96]): 
The value is the same before and after calling `init_weights` of RTMDet  

bbox_head.cls_convs.0.1.bn.bias - torch.Size([96]): 
The value is the same before and after calling `init_weights` of RTMDet  

bbox_head.cls_convs.1.0.bn.weight - torch.Size([96]): 
The value is the same before and after calling `init_weights` of RTMDet  

bbox_head.cls_convs.1.0.bn.bias - torch.Size([96]): 
The value is the same before and after calling `init_weights` of RTMDet  

bbox_head.cls_convs.1.1.bn.weight - torch.Size([96]): 
The value is the same before and after calling `init_weights` of RTMDet  

bbox_head.cls_convs.1.1.bn.bias - torch.Size([96]): 
The value is the same before and after calling `init_weights` of RTMDet  

bbox_head.cls_convs.2.0.bn.weight - torch.Size([96]): 
The value is the same before and after calling `init_weights` of RTMDet  

bbox_head.cls_convs.2.0.bn.bias - torch.Size([96]): 
The value is the same before and after calling `init_weights` of RTMDet  

bbox_head.cls_convs.2.1.bn.weight - torch.Size([96]): 
The value is the same before and after calling `init_weights` of RTMDet  

bbox_head.cls_convs.2.1.bn.bias - torch.Size([96]): 
The value is the same before and after calling `init_weights` of RTMDet  

bbox_head.kernel_convs.0.0.conv.weight - torch.Size([96, 96, 3, 3]): 
Initialized by user-defined `init_weights` in RTMDetInsSepBNHead  

bbox_head.kernel_convs.0.0.bn.weight - torch.Size([96]): 
The value is the same before and after calling `init_weights` of RTMDet  

bbox_head.kernel_convs.0.0.bn.bias - torch.Size([96]): 
The value is the same before and after calling `init_weights` of RTMDet  

bbox_head.kernel_convs.0.1.conv.weight - torch.Size([96, 96, 3, 3]): 
Initialized by user-defined `init_weights` in RTMDetInsSepBNHead  

bbox_head.kernel_convs.0.1.bn.weight - torch.Size([96]): 
The value is the same before and after calling `init_weights` of RTMDet  

bbox_head.kernel_convs.0.1.bn.bias - torch.Size([96]): 
The value is the same before and after calling `init_weights` of RTMDet  

bbox_head.kernel_convs.1.0.conv.weight - torch.Size([96, 96, 3, 3]): 
Initialized by user-defined `init_weights` in RTMDetInsSepBNHead  

bbox_head.kernel_convs.1.0.bn.weight - torch.Size([96]): 
The value is the same before and after calling `init_weights` of RTMDet  

bbox_head.kernel_convs.1.0.bn.bias - torch.Size([96]): 
The value is the same before and after calling `init_weights` of RTMDet  

bbox_head.kernel_convs.1.1.conv.weight - torch.Size([96, 96, 3, 3]): 
Initialized by user-defined `init_weights` in RTMDetInsSepBNHead  

bbox_head.kernel_convs.1.1.bn.weight - torch.Size([96]): 
The value is the same before and after calling `init_weights` of RTMDet  

bbox_head.kernel_convs.1.1.bn.bias - torch.Size([96]): 
The value is the same before and after calling `init_weights` of RTMDet  

bbox_head.kernel_convs.2.0.conv.weight - torch.Size([96, 96, 3, 3]): 
Initialized by user-defined `init_weights` in RTMDetInsSepBNHead  

bbox_head.kernel_convs.2.0.bn.weight - torch.Size([96]): 
The value is the same before and after calling `init_weights` of RTMDet  

bbox_head.kernel_convs.2.0.bn.bias - torch.Size([96]): 
The value is the same before and after calling `init_weights` of RTMDet  

bbox_head.kernel_convs.2.1.conv.weight - torch.Size([96, 96, 3, 3]): 
Initialized by user-defined `init_weights` in RTMDetInsSepBNHead  

bbox_head.kernel_convs.2.1.bn.weight - torch.Size([96]): 
The value is the same before and after calling `init_weights` of RTMDet  

bbox_head.kernel_convs.2.1.bn.bias - torch.Size([96]): 
The value is the same before and after calling `init_weights` of RTMDet  

bbox_head.rtm_cls.0.weight - torch.Size([1, 96, 1, 1]): 
Initialized by user-defined `init_weights` in RTMDetInsSepBNHead  

bbox_head.rtm_cls.0.bias - torch.Size([1]): 
Initialized by user-defined `init_weights` in RTMDetInsSepBNHead  

bbox_head.rtm_cls.1.weight - torch.Size([1, 96, 1, 1]): 
Initialized by user-defined `init_weights` in RTMDetInsSepBNHead  

bbox_head.rtm_cls.1.bias - torch.Size([1]): 
Initialized by user-defined `init_weights` in RTMDetInsSepBNHead  

bbox_head.rtm_cls.2.weight - torch.Size([1, 96, 1, 1]): 
Initialized by user-defined `init_weights` in RTMDetInsSepBNHead  

bbox_head.rtm_cls.2.bias - torch.Size([1]): 
Initialized by user-defined `init_weights` in RTMDetInsSepBNHead  

bbox_head.rtm_reg.0.weight - torch.Size([4, 96, 1, 1]): 
Initialized by user-defined `init_weights` in RTMDetInsSepBNHead  

bbox_head.rtm_reg.0.bias - torch.Size([4]): 
Initialized by user-defined `init_weights` in RTMDetInsSepBNHead  

bbox_head.rtm_reg.1.weight - torch.Size([4, 96, 1, 1]): 
Initialized by user-defined `init_weights` in RTMDetInsSepBNHead  

bbox_head.rtm_reg.1.bias - torch.Size([4]): 
Initialized by user-defined `init_weights` in RTMDetInsSepBNHead  

bbox_head.rtm_reg.2.weight - torch.Size([4, 96, 1, 1]): 
Initialized by user-defined `init_weights` in RTMDetInsSepBNHead  

bbox_head.rtm_reg.2.bias - torch.Size([4]): 
Initialized by user-defined `init_weights` in RTMDetInsSepBNHead  

bbox_head.rtm_kernel.0.weight - torch.Size([169, 96, 1, 1]): 
Initialized by user-defined `init_weights` in RTMDetInsSepBNHead  

bbox_head.rtm_kernel.0.bias - torch.Size([169]): 
Initialized by user-defined `init_weights` in RTMDetInsSepBNHead  

bbox_head.rtm_kernel.1.weight - torch.Size([169, 96, 1, 1]): 
Initialized by user-defined `init_weights` in RTMDetInsSepBNHead  

bbox_head.rtm_kernel.1.bias - torch.Size([169]): 
Initialized by user-defined `init_weights` in RTMDetInsSepBNHead  

bbox_head.rtm_kernel.2.weight - torch.Size([169, 96, 1, 1]): 
Initialized by user-defined `init_weights` in RTMDetInsSepBNHead  

bbox_head.rtm_kernel.2.bias - torch.Size([169]): 
Initialized by user-defined `init_weights` in RTMDetInsSepBNHead  

bbox_head.mask_head.fusion_conv.weight - torch.Size([96, 288, 1, 1]): 
Initialized by user-defined `init_weights` in RTMDetInsSepBNHead  

bbox_head.mask_head.fusion_conv.bias - torch.Size([96]): 
Initialized by user-defined `init_weights` in RTMDetInsSepBNHead  

bbox_head.mask_head.stacked_convs.0.conv.weight - torch.Size([96, 96, 3, 3]): 
Initialized by user-defined `init_weights` in RTMDetInsSepBNHead  

bbox_head.mask_head.stacked_convs.0.bn.weight - torch.Size([96]): 
The value is the same before and after calling `init_weights` of RTMDet  

bbox_head.mask_head.stacked_convs.0.bn.bias - torch.Size([96]): 
The value is the same before and after calling `init_weights` of RTMDet  

bbox_head.mask_head.stacked_convs.1.conv.weight - torch.Size([96, 96, 3, 3]): 
Initialized by user-defined `init_weights` in RTMDetInsSepBNHead  

bbox_head.mask_head.stacked_convs.1.bn.weight - torch.Size([96]): 
The value is the same before and after calling `init_weights` of RTMDet  

bbox_head.mask_head.stacked_convs.1.bn.bias - torch.Size([96]): 
The value is the same before and after calling `init_weights` of RTMDet  

bbox_head.mask_head.stacked_convs.2.conv.weight - torch.Size([96, 96, 3, 3]): 
Initialized by user-defined `init_weights` in RTMDetInsSepBNHead  

bbox_head.mask_head.stacked_convs.2.bn.weight - torch.Size([96]): 
The value is the same before and after calling `init_weights` of RTMDet  

bbox_head.mask_head.stacked_convs.2.bn.bias - torch.Size([96]): 
The value is the same before and after calling `init_weights` of RTMDet  

bbox_head.mask_head.stacked_convs.3.conv.weight - torch.Size([96, 96, 3, 3]): 
Initialized by user-defined `init_weights` in RTMDetInsSepBNHead  

bbox_head.mask_head.stacked_convs.3.bn.weight - torch.Size([96]): 
The value is the same before and after calling `init_weights` of RTMDet  

bbox_head.mask_head.stacked_convs.3.bn.bias - torch.Size([96]): 
The value is the same before and after calling `init_weights` of RTMDet  

bbox_head.mask_head.projection.weight - torch.Size([8, 96, 1, 1]): 
Initialized by user-defined `init_weights` in RTMDetInsSepBNHead  

bbox_head.mask_head.projection.bias - torch.Size([8]): 
Initialized by user-defined `init_weights` in RTMDetInsSepBNHead  
2026/08/06 11:17:18 - mmengine - INFO - Load checkpoint from https://download.openmmlab.com/mmdetection/v3.0/rtmdet/rtmdet-ins_tiny_8xb32-300e_coco/rtmdet-ins_tiny_8xb32-300e_coco_20221130_151727-ec670f7e.pth
2026/08/06 11:17:18 - mmengine - WARNING - "FileClient" will be deprecated in future. Please use io functions in https://mmengine.readthedocs.io/en/latest/api/fileio.html#file-io
2026/08/06 11:17:18 - mmengine - WARNING - "HardDiskBackend" is the alias of "LocalBackend" and the former will be deprecated in future.
2026/08/06 11:17:18 - mmengine - INFO - Checkpoints will be saved to d:\mamografi\real_time_segmentasyon\rtmdet\calisma\rtmdet_ins_tiny_256_orta.
2026/08/06 11:17:22 - mmengine - INFO - Epoch(train)   [1][10/68]  base_lr: 5.7726e-06 lr: 5.7726e-06  eta: 0:44:59  time: 0.3975  data_time: 0.1242  memory: 599  grad_norm: 113.0573  loss: 3.0226  loss_cls: 1.8036  loss_bbox: 0.7822  loss_mask: 0.4368
2026/08/06 11:17:26 - mmengine - INFO - Epoch(train)   [1][20/68]  base_lr: 1.2048e-05 lr: 1.2048e-05  eta: 0:43:39  time: 0.3864  data_time: 0.1334  memory: 598  grad_norm: 103.7808  loss: 3.0347  loss_cls: 1.8424  loss_bbox: 0.7603  loss_mask: 0.4320
2026/08/06 11:17:30 - mmengine - INFO - Epoch(train)   [1][30/68]  base_lr: 1.8323e-05 lr: 1.8323e-05  eta: 0:42:54  time: 0.3803  data_time: 0.1336  memory: 598  grad_norm: 103.8861  loss: 3.0322  loss_cls: 1.8588  loss_bbox: 0.7549  loss_mask: 0.4186
2026/08/06 11:17:33 - mmengine - INFO - Epoch(train)   [1][40/68]  base_lr: 2.4598e-05 lr: 2.4598e-05  eta: 0:42:12  time: 0.3747  data_time: 0.1340  memory: 596  grad_norm: 102.9533  loss: 3.0304  loss_cls: 1.8666  loss_bbox: 0.7504  loss_mask: 0.4134
2026/08/06 11:17:37 - mmengine - INFO - Epoch(train)   [1][50/68]  base_lr: 3.0873e-05 lr: 3.0873e-05  eta: 0:41:24  time: 0.3680  data_time: 0.1319  memory: 597  grad_norm: 97.2222  loss: 3.0273  loss_cls: 1.8847  loss_bbox: 0.7416  loss_mask: 0.4010
2026/08/06 11:17:40 - mmengine - INFO - Epoch(train)   [1][60/68]  base_lr: 3.7148e-05 lr: 3.7148e-05  eta: 0:41:08  time: 0.3600  data_time: 0.1334  memory: 597  grad_norm: 89.9264  loss: 3.0210  loss_cls: 1.8980  loss_bbox: 0.7339  loss_mask: 0.3891
2026/08/06 11:17:43 - mmengine - INFO - Exp name: rtmdet_ins_busi_20260806_111712
2026/08/06 11:17:43 - mmengine - INFO - Saving checkpoint at 1 epochs
2026/08/06 11:17:45 - mmengine - INFO - Epoch(val)   [1][ 10/116]    eta: 0:00:02  time: 0.0240  data_time: 0.0042  memory: 594  
2026/08/06 11:17:45 - mmengine - INFO - Epoch(val)   [1][ 20/116]    eta: 0:00:02  time: 0.0239  data_time: 0.0049  memory: 94  
2026/08/06 11:17:46 - mmengine - INFO - Epoch(val)   [1][ 30/116]    eta: 0:00:01  time: 0.0232  data_time: 0.0046  memory: 94  
2026/08/06 11:17:46 - mmengine - INFO - Epoch(val)   [1][ 40/116]    eta: 0:00:01  time: 0.0230  data_time: 0.0046  memory: 94  
2026/08/06 11:17:46 - mmengine - INFO - Epoch(val)   [1][ 50/116]    eta: 0:00:01  time: 0.0232  data_time: 0.0052  memory: 94  
2026/08/06 11:17:46 - mmengine - INFO - Epoch(val)   [1][ 60/116]    eta: 0:00:01  time: 0.0236  data_time: 0.0059  memory: 94  
2026/08/06 11:17:47 - mmengine - INFO - Epoch(val)   [1][ 70/116]    eta: 0:00:01  time: 0.0237  data_time: 0.0058  memory: 94  
2026/08/06 11:17:47 - mmengine - INFO - Epoch(val)   [1][ 80/116]    eta: 0:00:00  time: 0.0238  data_time: 0.0059  memory: 94  
2026/08/06 11:17:47 - mmengine - INFO - Epoch(val)   [1][ 90/116]    eta: 0:00:00  time: 0.0242  data_time: 0.0062  memory: 94  
2026/08/06 11:17:47 - mmengine - INFO - Epoch(val)   [1][100/116]    eta: 0:00:00  time: 0.0246  data_time: 0.0059  memory: 94  
2026/08/06 11:17:48 - mmengine - INFO - Epoch(val)   [1][110/116]    eta: 0:00:00  time: 0.0240  data_time: 0.0056  memory: 94  
2026/08/06 11:17:48 - mmengine - INFO - Evaluating bbox...
2026/08/06 11:17:48 - mmengine - ERROR - D:\mamografi\.venv_mmdet\lib\site-packages\mmdet\evaluation\metrics\coco_metric.py - compute_metrics - 465 - The testing results of the whole dataset is empty.
2026/08/06 11:17:48 - mmengine - INFO - Epoch(val) [1][116/116]    data_time: 0.0058  time: 0.0240
2026/08/06 11:17:48 - mmengine - WARNING - Since `metrics` is an empty dict, the behavior to save the best checkpoint will be skipped in this evaluation.
2026/08/06 11:17:52 - mmengine - INFO - Epoch(train)   [2][10/68]  base_lr: 4.8443e-05 lr: 4.8443e-05  eta: 0:40:49  time: 0.3547  data_time: 0.1292  memory: 598  grad_norm: 87.0006  loss: 3.0036  loss_cls: 1.9109  loss_bbox: 0.7253  loss_mask: 0.3675
2026/08/06 11:17:55 - mmengine - INFO - Epoch(train)   [2][20/68]  base_lr: 5.4719e-05 lr: 5.4719e-05  eta: 0:40:47  time: 0.3558  data_time: 0.1296  memory: 599  grad_norm: 83.7277  loss: 2.9966  loss_cls: 1.9394  loss_bbox: 0.7105  loss_mask: 0.3468
2026/08/06 11:17:59 - mmengine - INFO - Epoch(train)   [2][30/68]  base_lr: 6.0994e-05 lr: 6.0994e-05  eta: 0:40:21  time: 0.3552  data_time: 0.1296  memory: 598  grad_norm: 83.6415  loss: 2.9995  loss_cls: 1.9582  loss_bbox: 0.7003  loss_mask: 0.3411
2026/08/06 11:18:02 - mmengine - INFO - Epoch(train)   [2][40/68]  base_lr: 6.7269e-05 lr: 6.7269e-05  eta: 0:40:26  time: 0.3589  data_time: 0.1346  memory: 600  grad_norm: 80.8873  loss: 2.9895  loss_cls: 1.9791  loss_bbox: 0.6849  loss_mask: 0.3255
2026/08/06 11:18:06 - mmengine - INFO - Epoch(train)   [2][50/68]  base_lr: 7.3544e-05 lr: 7.3544e-05  eta: 0:40:03  time: 0.3541  data_time: 0.1317  memory: 598  grad_norm: 74.6604  loss: 2.9764  loss_cls: 2.0058  loss_bbox: 0.6641  loss_mask: 0.3065
2026/08/06 11:18:09 - mmengine - INFO - Epoch(train)   [2][60/68]  base_lr: 7.9819e-05 lr: 7.9819e-05  eta: 0:39:47  time: 0.3475  data_time: 0.1290  memory: 598  grad_norm: 73.7487  loss: 2.9526  loss_cls: 1.9938  loss_bbox: 0.6558  loss_mask: 0.3030
2026/08/06 11:18:12 - mmengine - INFO - Exp name: rtmdet_ins_busi_20260806_111712
2026/08/06 11:18:12 - mmengine - INFO - Saving checkpoint at 2 epochs
2026/08/06 11:18:14 - mmengine - INFO - Epoch(val)   [2][ 10/116]    eta: 0:00:02  time: 0.0243  data_time: 0.0060  memory: 597  
2026/08/06 11:18:14 - mmengine - INFO - Epoch(val)   [2][ 20/116]    eta: 0:00:02  time: 0.0250  data_time: 0.0059  memory: 94  
2026/08/06 11:18:14 - mmengine - INFO - Epoch(val)   [2][ 30/116]    eta: 0:00:02  time: 0.0245  data_time: 0.0052  memory: 94  
2026/08/06 11:18:14 - mmengine - INFO - Epoch(val)   [2][ 40/116]    eta: 0:00:01  time: 0.0236  data_time: 0.0050  memory: 94  
2026/08/06 11:18:15 - mmengine - INFO - Epoch(val)   [2][ 50/116]    eta: 0:00:01  time: 0.0230  data_time: 0.0049  memory: 97  
2026/08/06 11:18:15 - mmengine - INFO - Epoch(val)   [2][ 60/116]    eta: 0:00:01  time: 0.0232  data_time: 0.0054  memory: 94  
2026/08/06 11:18:15 - mmengine - INFO - Epoch(val)   [2][ 70/116]    eta: 0:00:01  time: 0.0226  data_time: 0.0055  memory: 94  
2026/08/06 11:18:15 - mmengine - INFO - Epoch(val)   [2][ 80/116]    eta: 0:00:00  time: 0.0229  data_time: 0.0060  memory: 94  
2026/08/06 11:18:16 - mmengine - INFO - Epoch(val)   [2][ 90/116]    eta: 0:00:00  time: 0.0235  data_time: 0.0060  memory: 94  
2026/08/06 11:18:16 - mmengine - INFO - Epoch(val)   [2][100/116]    eta: 0:00:00  time: 0.0235  data_time: 0.0051  memory: 94  
2026/08/06 11:18:16 - mmengine - INFO - Epoch(val)   [2][110/116]    eta: 0:00:00  time: 0.0233  data_time: 0.0046  memory: 94  
2026/08/06 11:18:16 - mmengine - INFO - Evaluating bbox...
2026/08/06 11:18:16 - mmengine - INFO - bbox_mAP_copypaste: 0.102 0.147 0.113 0.000 0.039 0.134
2026/08/06 11:18:16 - mmengine - INFO - Evaluating segm...
2026/08/06 11:18:16 - mmengine - INFO - segm_mAP_copypaste: 0.118 0.147 0.137 0.000 0.048 0.154
2026/08/06 11:18:16 - mmengine - INFO - Epoch(val) [2][116/116]    coco/bbox_mAP: 0.1020  coco/bbox_mAP_50: 0.1470  coco/bbox_mAP_75: 0.1130  coco/bbox_mAP_s: 0.0000  coco/bbox_mAP_m: 0.0390  coco/bbox_mAP_l: 0.1340  coco/segm_mAP: 0.1180  coco/segm_mAP_50: 0.1470  coco/segm_mAP_75: 0.1370  coco/segm_mAP_s: 0.0000  coco/segm_mAP_m: 0.0480  coco/segm_mAP_l: 0.1540  data_time: 0.0049  time: 0.0230
2026/08/06 11:18:18 - mmengine - INFO - The best checkpoint with 0.1180 coco/segm_mAP at 2 epoch is saved to best_coco_segm_mAP_epoch_2.pth.
2026/08/06 11:18:23 - mmengine - INFO - Epoch(train)   [3][10/68]  base_lr: 9.1114e-05 lr: 9.1114e-05  eta: 0:39:22  time: 0.3413  data_time: 0.1267  memory: 599  grad_norm: 58.0563  loss: 2.8366  loss_cls: 1.9446  loss_bbox: 0.6233  loss_mask: 0.2687
2026/08/06 11:18:26 - mmengine - INFO - Epoch(train)   [3][20/68]  base_lr: 9.7389e-05 lr: 9.7389e-05  eta: 0:39:07  time: 0.3350  data_time: 0.1213  memory: 599  grad_norm: 54.1394  loss: 2.7218  loss_cls: 1.8745  loss_bbox: 0.5935  loss_mask: 0.2538
2026/08/06 11:18:30 - mmengine - INFO - Epoch(train)   [3][30/68]  base_lr: 1.0366e-04 lr: 1.0366e-04  eta: 0:38:59  time: 0.3354  data_time: 0.1201  memory: 600  grad_norm: 51.0492  loss: 2.5474  loss_cls: 1.7296  loss_bbox: 0.5737  loss_mask: 0.2441
2026/08/06 11:18:33 - mmengine - INFO - Epoch(train)   [3][40/68]  base_lr: 1.0994e-04 lr: 1.0994e-04  eta: 0:38:54  time: 0.3371  data_time: 0.1205  memory: 599  grad_norm: 46.7322  loss: 2.3124  loss_cls: 1.5500  loss_bbox: 0.5387  loss_mask: 0.2237
2026/08/06 11:18:37 - mmengine - INFO - Epoch(train)   [3][50/68]  base_lr: 1.1621e-04 lr: 1.1621e-04  eta: 0:38:51  time: 0.3417  data_time: 0.1234  memory: 602  grad_norm: 41.0353  loss: 2.0416  loss_cls: 1.2991  loss_bbox: 0.5236  loss_mask: 0.2188
2026/08/06 11:18:40 - mmengine - INFO - Epoch(train)   [3][60/68]  base_lr: 1.2249e-04 lr: 1.2249e-04  eta: 0:38:44  time: 0.3432  data_time: 0.1247  memory: 601  grad_norm: 40.3668  loss: 1.7904  loss_cls: 1.0582  loss_bbox: 0.5124  loss_mask: 0.2198
2026/08/06 11:18:43 - mmengine - INFO - Exp name: rtmdet_ins_busi_20260806_111712
2026/08/06 11:18:43 - mmengine - INFO - Saving checkpoint at 3 epochs
2026/08/06 11:18:45 - mmengine - INFO - Epoch(val)   [3][ 10/116]    eta: 0:00:03  time: 0.0243  data_time: 0.0047  memory: 598  
2026/08/06 11:18:45 - mmengine - INFO - Epoch(val)   [3][ 20/116]    eta: 0:00:02  time: 0.0261  data_time: 0.0046  memory: 145  
2026/08/06 11:18:46 - mmengine - INFO - Epoch(val)   [3][ 30/116]    eta: 0:00:02  time: 0.0271  data_time: 0.0052  memory: 138  
2026/08/06 11:18:46 - mmengine - INFO - Epoch(val)   [3][ 40/116]    eta: 0:00:02  time: 0.0286  data_time: 0.0054  memory: 122  
2026/08/06 11:18:46 - mmengine - INFO - Epoch(val)   [3][ 50/116]    eta: 0:00:02  time: 0.0305  data_time: 0.0056  memory: 136  
2026/08/06 11:18:47 - mmengine - INFO - Epoch(val)   [3][ 60/116]    eta: 0:00:01  time: 0.0319  data_time: 0.0060  memory: 151  
2026/08/06 11:18:47 - mmengine - INFO - Epoch(val)   [3][ 70/116]    eta: 0:00:01  time: 0.0321  data_time: 0.0057  memory: 156  
2026/08/06 11:18:47 - mmengine - INFO - Epoch(val)   [3][ 80/116]    eta: 0:00:01  time: 0.0326  data_time: 0.0055  memory: 134  
2026/08/06 11:18:47 - mmengine - INFO - Epoch(val)   [3][ 90/116]    eta: 0:00:00  time: 0.0330  data_time: 0.0059  memory: 148  
2026/08/06 11:18:48 - mmengine - INFO - Epoch(val)   [3][100/116]    eta: 0:00:00  time: 0.0328  data_time: 0.0056  memory: 146  
2026/08/06 11:18:48 - mmengine - INFO - Epoch(val)   [3][110/116]    eta: 0:00:00  time: 0.0312  data_time: 0.0050  memory: 138  
2026/08/06 11:18:48 - mmengine - INFO - Evaluating bbox...
2026/08/06 11:18:48 - mmengine - INFO - bbox_mAP_copypaste: 0.362 0.733 0.289 0.000 0.463 0.313
2026/08/06 11:18:48 - mmengine - INFO - Evaluating segm...
2026/08/06 11:18:48 - mmengine - INFO - segm_mAP_copypaste: 0.465 0.724 0.539 0.000 0.622 0.388
2026/08/06 11:18:48 - mmengine - INFO - Epoch(val) [3][116/116]    coco/bbox_mAP: 0.3620  coco/bbox_mAP_50: 0.7330  coco/bbox_mAP_75: 0.2890  coco/bbox_mAP_s: 0.0000  coco/bbox_mAP_m: 0.4630  coco/bbox_mAP_l: 0.3130  coco/segm_mAP: 0.4650  coco/segm_mAP_50: 0.7240  coco/segm_mAP_75: 0.5390  coco/segm_mAP_s: 0.0000  coco/segm_mAP_m: 0.6220  coco/segm_mAP_l: 0.3880  data_time: 0.0054  time: 0.0313
2026/08/06 11:18:48 - mmengine - INFO - The previous best checkpoint d:\mamografi\real_time_segmentasyon\rtmdet\calisma\rtmdet_ins_tiny_256_orta\best_coco_segm_mAP_epoch_2.pth is removed
2026/08/06 11:18:50 - mmengine - INFO - The best checkpoint with 0.4650 coco/segm_mAP at 3 epoch is saved to best_coco_segm_mAP_epoch_3.pth.
2026/08/06 11:18:55 - mmengine - INFO - Epoch(train)   [4][10/68]  base_lr: 1.2500e-04 lr: 1.2500e-04  eta: 0:38:33  time: 0.3458  data_time: 0.1257  memory: 600  grad_norm: 34.8597  loss: 1.4206  loss_cls: 0.7171  loss_bbox: 0.4948  loss_mask: 0.2086
2026/08/06 11:18:59 - mmengine - INFO - Epoch(train)   [4][20/68]  base_lr: 1.2500e-04 lr: 1.2500e-04  eta: 0:38:27  time: 0.3450  data_time: 0.1265  memory: 599  grad_norm: 29.1217  loss: 1.2952  loss_cls: 0.6029  loss_bbox: 0.4880  loss_mask: 0.2044
2026/08/06 11:19:02 - mmengine - INFO - Epoch(train)   [4][30/68]  base_lr: 1.2500e-04 lr: 1.2500e-04  eta: 0:38:21  time: 0.3424  data_time: 0.1247  memory: 600  grad_norm: 25.7892  loss: 1.2211  loss_cls: 0.5431  loss_bbox: 0.4759  loss_mask: 0.2022
2026/08/06 11:19:06 - mmengine - INFO - Epoch(train)   [4][40/68]  base_lr: 1.2500e-04 lr: 1.2500e-04  eta: 0:38:11  time: 0.3381  data_time: 0.1223  memory: 599  grad_norm: 23.0150  loss: 1.1374  loss_cls: 0.4778  loss_bbox: 0.4651  loss_mask: 0.1945
2026/08/06 11:19:09 - mmengine - INFO - Epoch(train)   [4][50/68]  base_lr: 1.2500e-04 lr: 1.2500e-04  eta: 0:38:01  time: 0.3387  data_time: 0.1233  memory: 598  grad_norm: 23.0880  loss: 1.1055  loss_cls: 0.4455  loss_bbox: 0.4677  loss_mask: 0.1923
2026/08/06 11:19:12 - mmengine - INFO - Epoch(train)   [4][60/68]  base_lr: 1.2500e-04 lr: 1.2500e-04  eta: 0:37:54  time: 0.3343  data_time: 0.1228  memory: 599  grad_norm: 22.4223  loss: 1.0794  loss_cls: 0.4347  loss_bbox: 0.4554  loss_mask: 0.1893
2026/08/06 11:19:15 - mmengine - INFO - Exp name: rtmdet_ins_busi_20260806_111712
2026/08/06 11:19:15 - mmengine - INFO - Saving checkpoint at 4 epochs
2026/08/06 11:19:17 - mmengine - INFO - Epoch(val)   [4][ 10/116]    eta: 0:00:03  time: 0.0311  data_time: 0.0049  memory: 598  
2026/08/06 11:19:17 - mmengine - INFO - Epoch(val)   [4][ 20/116]    eta: 0:00:02  time: 0.0309  data_time: 0.0048  memory: 141  
2026/08/06 11:19:17 - mmengine - INFO - Epoch(val)   [4][ 30/116]    eta: 0:00:02  time: 0.0299  data_time: 0.0045  memory: 141  
2026/08/06 11:19:18 - mmengine - INFO - Epoch(val)   [4][ 40/116]    eta: 0:00:02  time: 0.0305  data_time: 0.0049  memory: 132  
2026/08/06 11:19:18 - mmengine - INFO - Epoch(val)   [4][ 50/116]    eta: 0:00:02  time: 0.0316  data_time: 0.0051  memory: 159  
2026/08/06 11:19:18 - mmengine - INFO - Epoch(val)   [4][ 60/116]    eta: 0:00:01  time: 0.0326  data_time: 0.0053  memory: 189  
2026/08/06 11:19:19 - mmengine - INFO - Epoch(val)   [4][ 70/116]    eta: 0:00:01  time: 0.0337  data_time: 0.0059  memory: 151  
2026/08/06 11:19:19 - mmengine - INFO - Epoch(val)   [4][ 80/116]    eta: 0:00:01  time: 0.0352  data_time: 0.0059  memory: 161  
2026/08/06 11:19:19 - mmengine - INFO - Epoch(val)   [4][ 90/116]    eta: 0:00:00  time: 0.0358  data_time: 0.0056  memory: 153  
2026/08/06 11:19:20 - mmengine - INFO - Epoch(val)   [4][100/116]    eta: 0:00:00  time: 0.0354  data_time: 0.0054  memory: 212  
2026/08/06 11:19:20 - mmengine - INFO - Epoch(val)   [4][110/116]    eta: 0:00:00  time: 0.0347  data_time: 0.0049  memory: 151  
2026/08/06 11:19:20 - mmengine - INFO - Evaluating bbox...
2026/08/06 11:19:20 - mmengine - INFO - bbox_mAP_copypaste: 0.423 0.804 0.404 0.000 0.487 0.399
2026/08/06 11:19:20 - mmengine - INFO - Evaluating segm...
2026/08/06 11:19:21 - mmengine - INFO - segm_mAP_copypaste: 0.512 0.793 0.595 0.000 0.623 0.459
2026/08/06 11:19:21 - mmengine - INFO - Epoch(val) [4][116/116]    coco/bbox_mAP: 0.4230  coco/bbox_mAP_50: 0.8040  coco/bbox_mAP_75: 0.4040  coco/bbox_mAP_s: 0.0000  coco/bbox_mAP_m: 0.4870  coco/bbox_mAP_l: 0.3990  coco/segm_mAP: 0.5120  coco/segm_mAP_50: 0.7930  coco/segm_mAP_75: 0.5950  coco/segm_mAP_s: 0.0000  coco/segm_mAP_m: 0.6230  coco/segm_mAP_l: 0.4590  data_time: 0.0050  time: 0.0335
2026/08/06 11:19:21 - mmengine - INFO - The previous best checkpoint d:\mamografi\real_time_segmentasyon\rtmdet\calisma\rtmdet_ins_tiny_256_orta\best_coco_segm_mAP_epoch_3.pth is removed
2026/08/06 11:19:22 - mmengine - INFO - The best checkpoint with 0.5120 coco/segm_mAP at 4 epoch is saved to best_coco_segm_mAP_epoch_4.pth.
2026/08/06 11:19:27 - mmengine - INFO - Epoch(train)   [5][10/68]  base_lr: 1.2500e-04 lr: 1.2500e-04  eta: 0:37:38  time: 0.3278  data_time: 0.1168  memory: 598  grad_norm: 25.0639  loss: 1.0428  loss_cls: 0.4198  loss_bbox: 0.4424  loss_mask: 0.1805
2026/08/06 11:19:31 - mmengine - INFO - Epoch(train)   [5][20/68]  base_lr: 1.2500e-04 lr: 1.2500e-04  eta: 0:37:31  time: 0.3272  data_time: 0.1162  memory: 600  grad_norm: 26.7385  loss: 1.0513  loss_cls: 0.4316  loss_bbox: 0.4420  loss_mask: 0.1777
2026/08/06 11:19:35 - mmengine - INFO - Epoch(train)   [5][30/68]  base_lr: 1.2500e-04 lr: 1.2500e-04  eta: 0:37:37  time: 0.3416  data_time: 0.1242  memory: 601  grad_norm: 25.9973  loss: 1.0126  loss_cls: 0.4139  loss_bbox: 0.4270  loss_mask: 0.1717
2026/08/06 11:19:38 - mmengine - INFO - Epoch(train)   [5][40/68]  base_lr: 1.2500e-04 lr: 1.2500e-04  eta: 0:37:38  time: 0.3482  data_time: 0.1285  memory: 603  grad_norm: 25.3741  loss: 0.9856  loss_cls: 0.3967  loss_bbox: 0.4181  loss_mask: 0.1709
2026/08/06 11:19:42 - mmengine - INFO - Epoch(train)   [5][50/68]  base_lr: 1.2500e-04 lr: 1.2500e-04  eta: 0:37:43  time: 0.3631  data_time: 0.1391  memory: 601  grad_norm: 24.3409  loss: 0.9952  loss_cls: 0.3954  loss_bbox: 0.4243  loss_mask: 0.1755
2026/08/06 11:19:46 - mmengine - INFO - Epoch(train)   [5][60/68]  base_lr: 1.2500e-04 lr: 1.2500e-04  eta: 0:37:43  time: 0.3691  data_time: 0.1428  memory: 599  grad_norm: 24.6185  loss: 1.0061  loss_cls: 0.3930  loss_bbox: 0.4310  loss_mask: 0.1821
2026/08/06 11:19:49 - mmengine - INFO - Exp name: rtmdet_ins_busi_20260806_111712
2026/08/06 11:19:49 - mmengine - INFO - Saving checkpoint at 5 epochs
2026/08/06 11:19:51 - mmengine - INFO - Epoch(val)   [5][ 10/116]    eta: 0:00:03  time: 0.0349  data_time: 0.0046  memory: 600  
2026/08/06 11:19:51 - mmengine - INFO - Epoch(val)   [5][ 20/116]    eta: 0:00:03  time: 0.0350  data_time: 0.0049  memory: 153  
2026/08/06 11:19:51 - mmengine - INFO - Epoch(val)   [5][ 30/116]    eta: 0:00:03  time: 0.0348  data_time: 0.0048  memory: 169  
2026/08/06 11:19:52 - mmengine - INFO - Epoch(val)   [5][ 40/116]    eta: 0:00:02  time: 0.0352  data_time: 0.0051  memory: 124  
2026/08/06 11:19:52 - mmengine - INFO - Epoch(val)   [5][ 50/116]    eta: 0:00:02  time: 0.0363  data_time: 0.0056  memory: 160  
2026/08/06 11:19:53 - mmengine - INFO - Epoch(val)   [5][ 60/116]    eta: 0:00:02  time: 0.0370  data_time: 0.0060  memory: 189  
2026/08/06 11:19:53 - mmengine - INFO - Epoch(val)   [5][ 70/116]    eta: 0:00:01  time: 0.0372  data_time: 0.0060  memory: 151  
2026/08/06 11:19:53 - mmengine - INFO - Epoch(val)   [5][ 80/116]    eta: 0:00:01  time: 0.0381  data_time: 0.0061  memory: 196  
2026/08/06 11:19:54 - mmengine - INFO - Epoch(val)   [5][ 90/116]    eta: 0:00:00  time: 0.0398  data_time: 0.0066  memory: 194  
2026/08/06 11:19:54 - mmengine - INFO - Epoch(val)   [5][100/116]    eta: 0:00:00  time: 0.0394  data_time: 0.0064  memory: 169  
2026/08/06 11:19:55 - mmengine - INFO - Epoch(val)   [5][110/116]    eta: 0:00:00  time: 0.0394  data_time: 0.0062  memory: 174  
2026/08/06 11:19:55 - mmengine - INFO - Evaluating bbox...
2026/08/06 11:19:55 - mmengine - INFO - bbox_mAP_copypaste: 0.494 0.830 0.513 0.000 0.586 0.447
2026/08/06 11:19:55 - mmengine - INFO - Evaluating segm...
2026/08/06 11:19:55 - mmengine - INFO - segm_mAP_copypaste: 0.502 0.814 0.551 0.000 0.610 0.464
2026/08/06 11:19:55 - mmengine - INFO - Epoch(val) [5][116/116]    coco/bbox_mAP: 0.4940  coco/bbox_mAP_50: 0.8300  coco/bbox_mAP_75: 0.5130  coco/bbox_mAP_s: 0.0000  coco/bbox_mAP_m: 0.5860  coco/bbox_mAP_l: 0.4470  coco/segm_mAP: 0.5020  coco/segm_mAP_50: 0.8140  coco/segm_mAP_75: 0.5510  coco/segm_mAP_s: 0.0000  coco/segm_mAP_m: 0.6100  coco/segm_mAP_l: 0.4640  data_time: 0.0060  time: 0.0380
2026/08/06 11:19:59 - mmengine - INFO - Epoch(train)   [6][10/68]  base_lr: 1.2500e-04 lr: 1.2500e-04  eta: 0:37:40  time: 0.3702  data_time: 0.1408  memory: 602  grad_norm: 22.8064  loss: 0.9672  loss_cls: 0.3729  loss_bbox: 0.4167  loss_mask: 0.1776
2026/08/06 11:20:03 - mmengine - INFO - Epoch(train)   [6][20/68]  base_lr: 1.2500e-04 lr: 1.2500e-04  eta: 0:37:45  time: 0.3752  data_time: 0.1449  memory: 600  grad_norm: 22.8409  loss: 0.9776  loss_cls: 0.3797  loss_bbox: 0.4170  loss_mask: 0.1809
2026/08/06 11:20:07 - mmengine - INFO - Epoch(train)   [6][30/68]  base_lr: 1.2500e-04 lr: 1.2500e-04  eta: 0:37:48  time: 0.3763  data_time: 0.1439  memory: 600  grad_norm: 23.5701  loss: 0.9587  loss_cls: 0.3705  loss_bbox: 0.4104  loss_mask: 0.1777
2026/08/06 11:20:11 - mmengine - INFO - Epoch(train)   [6][40/68]  base_lr: 1.2500e-04 lr: 1.2500e-04  eta: 0:37:48  time: 0.3745  data_time: 0.1430  memory: 600  grad_norm: 23.1704  loss: 0.9185  loss_cls: 0.3572  loss_bbox: 0.3953  loss_mask: 0.1660
2026/08/06 11:20:14 - mmengine - INFO - Epoch(train)   [6][50/68]  base_lr: 1.2500e-04 lr: 1.2500e-04  eta: 0:37:44  time: 0.3795  data_time: 0.1463  memory: 600  grad_norm: 21.7443  loss: 0.9093  loss_cls: 0.3467  loss_bbox: 0.3966  loss_mask: 0.1660
2026/08/06 11:20:18 - mmengine - INFO - Epoch(train)   [6][60/68]  base_lr: 1.2500e-04 lr: 1.2500e-04  eta: 0:37:42  time: 0.3748  data_time: 0.1447  memory: 599  grad_norm: 21.4995  loss: 0.9432  loss_cls: 0.3672  loss_bbox: 0.4045  loss_mask: 0.1714
2026/08/06 11:20:21 - mmengine - INFO - Exp name: rtmdet_ins_busi_20260806_111712
2026/08/06 11:20:21 - mmengine - INFO - Saving checkpoint at 6 epochs
2026/08/06 11:20:23 - mmengine - INFO - Epoch(val)   [6][ 10/116]    eta: 0:00:03  time: 0.0389  data_time: 0.0063  memory: 598  
2026/08/06 11:20:23 - mmengine - INFO - Epoch(val)   [6][ 20/116]    eta: 0:00:03  time: 0.0363  data_time: 0.0060  memory: 141  
2026/08/06 11:20:24 - mmengine - INFO - Epoch(val)   [6][ 30/116]    eta: 0:00:02  time: 0.0349  data_time: 0.0057  memory: 154  
2026/08/06 11:20:24 - mmengine - INFO - Epoch(val)   [6][ 40/116]    eta: 0:00:02  time: 0.0340  data_time: 0.0055  memory: 133  
2026/08/06 11:20:24 - mmengine - INFO - Epoch(val)   [6][ 50/116]    eta: 0:00:02  time: 0.0325  data_time: 0.0055  memory: 147  
2026/08/06 11:20:25 - mmengine - INFO - Epoch(val)   [6][ 60/116]    eta: 0:00:01  time: 0.0333  data_time: 0.0058  memory: 170  
2026/08/06 11:20:25 - mmengine - INFO - Epoch(val)   [6][ 70/116]    eta: 0:00:01  time: 0.0340  data_time: 0.0058  memory: 162  
2026/08/06 11:20:25 - mmengine - INFO - Epoch(val)   [6][ 80/116]    eta: 0:00:01  time: 0.0342  data_time: 0.0059  memory: 174  
2026/08/06 11:20:26 - mmengine - INFO - Epoch(val)   [6][ 90/116]    eta: 0:00:00  time: 0.0355  data_time: 0.0062  memory: 184  
2026/08/06 11:20:26 - mmengine - INFO - Epoch(val)   [6][100/116]    eta: 0:00:00  time: 0.0366  data_time: 0.0062  memory: 178  
2026/08/06 11:20:26 - mmengine - INFO - Epoch(val)   [6][110/116]    eta: 0:00:00  time: 0.0362  data_time: 0.0060  memory: 150  
2026/08/06 11:20:27 - mmengine - INFO - Evaluating bbox...
2026/08/06 11:20:27 - mmengine - INFO - bbox_mAP_copypaste: 0.424 0.828 0.390 0.000 0.458 0.423
2026/08/06 11:20:27 - mmengine - INFO - Evaluating segm...
2026/08/06 11:20:27 - mmengine - INFO - segm_mAP_copypaste: 0.517 0.804 0.578 0.000 0.636 0.465
2026/08/06 11:20:27 - mmengine - INFO - Epoch(val) [6][116/116]    coco/bbox_mAP: 0.4240  coco/bbox_mAP_50: 0.8280  coco/bbox_mAP_75: 0.3900  coco/bbox_mAP_s: 0.0000  coco/bbox_mAP_m: 0.4580  coco/bbox_mAP_l: 0.4230  coco/segm_mAP: 0.5170  coco/segm_mAP_50: 0.8040  coco/segm_mAP_75: 0.5780  coco/segm_mAP_s: 0.0000  coco/segm_mAP_m: 0.6360  coco/segm_mAP_l: 0.4650  data_time: 0.0058  time: 0.0346
2026/08/06 11:20:27 - mmengine - INFO - The previous best checkpoint d:\mamografi\real_time_segmentasyon\rtmdet\calisma\rtmdet_ins_tiny_256_orta\best_coco_segm_mAP_epoch_4.pth is removed
2026/08/06 11:20:28 - mmengine - INFO - The best checkpoint with 0.5170 coco/segm_mAP at 6 epoch is saved to best_coco_segm_mAP_epoch_6.pth.
2026/08/06 11:20:34 - mmengine - INFO - Epoch(train)   [7][10/68]  base_lr: 1.2500e-04 lr: 1.2500e-04  eta: 0:37:32  time: 0.3535  data_time: 0.1295  memory: 602  grad_norm: 22.1447  loss: 0.9184  loss_cls: 0.3517  loss_bbox: 0.4035  loss_mask: 0.1631
2026/08/06 11:20:37 - mmengine - INFO - Epoch(train)   [7][20/68]  base_lr: 1.2500e-04 lr: 1.2500e-04  eta: 0:37:31  time: 0.3553  data_time: 0.1302  memory: 598  grad_norm: 19.9595  loss: 0.9134  loss_cls: 0.3499  loss_bbox: 0.4041  loss_mask: 0.1594
2026/08/06 11:20:41 - mmengine - INFO - Epoch(train)   [7][30/68]  base_lr: 1.2500e-04 lr: 1.2500e-04  eta: 0:37:28  time: 0.3532  data_time: 0.1307  memory: 600  grad_norm: 19.1688  loss: 0.9137  loss_cls: 0.3518  loss_bbox: 0.4028  loss_mask: 0.1592
2026/08/06 11:20:45 - mmengine - INFO - Epoch(train)   [7][40/68]  base_lr: 1.2500e-04 lr: 1.2500e-04  eta: 0:37:29  time: 0.3606  data_time: 0.1344  memory: 599  grad_norm: 19.2176  loss: 0.9103  loss_cls: 0.3508  loss_bbox: 0.3999  loss_mask: 0.1595
2026/08/06 11:20:49 - mmengine - INFO - Epoch(train)   [7][50/68]  base_lr: 1.2500e-04 lr: 1.2500e-04  eta: 0:37:30  time: 0.3659  data_time: 0.1346  memory: 601  grad_norm: 17.4099  loss: 0.9101  loss_cls: 0.3509  loss_bbox: 0.4016  loss_mask: 0.1576
2026/08/06 11:20:52 - mmengine - INFO - Epoch(train)   [7][60/68]  base_lr: 1.2500e-04 lr: 1.2500e-04  eta: 0:37:29  time: 0.3747  data_time: 0.1425  memory: 599  grad_norm: 16.4521  loss: 0.9343  loss_cls: 0.3642  loss_bbox: 0.4049  loss_mask: 0.1652
2026/08/06 11:20:55 - mmengine - INFO - Exp name: rtmdet_ins_busi_20260806_111712
2026/08/06 11:20:55 - mmengine - INFO - Saving checkpoint at 7 epochs
2026/08/06 11:20:57 - mmengine - INFO - Epoch(val)   [7][ 10/116]    eta: 0:00:03  time: 0.0366  data_time: 0.0062  memory: 599  
2026/08/06 11:20:58 - mmengine - INFO - Epoch(val)   [7][ 20/116]    eta: 0:00:03  time: 0.0358  data_time: 0.0060  memory: 146  
2026/08/06 11:20:58 - mmengine - INFO - Epoch(val)   [7][ 30/116]    eta: 0:00:02  time: 0.0344  data_time: 0.0056  memory: 158  
2026/08/06 11:20:59 - mmengine - INFO - Epoch(val)   [7][ 40/116]    eta: 0:00:02  time: 0.0348  data_time: 0.0055  memory: 153  
2026/08/06 11:20:59 - mmengine - INFO - Epoch(val)   [7][ 50/116]    eta: 0:00:02  time: 0.0349  data_time: 0.0056  memory: 167  
2026/08/06 11:20:59 - mmengine - INFO - Epoch(val)   [7][ 60/116]    eta: 0:00:01  time: 0.0355  data_time: 0.0059  memory: 170  
2026/08/06 11:21:00 - mmengine - INFO - Epoch(val)   [7][ 70/116]    eta: 0:00:01  time: 0.0362  data_time: 0.0059  memory: 153  
2026/08/06 11:21:00 - mmengine - INFO - Epoch(val)   [7][ 80/116]    eta: 0:00:01  time: 0.0372  data_time: 0.0061  memory: 168  
2026/08/06 11:21:00 - mmengine - INFO - Epoch(val)   [7][ 90/116]    eta: 0:00:00  time: 0.0379  data_time: 0.0064  memory: 188  
2026/08/06 11:21:01 - mmengine - INFO - Epoch(val)   [7][100/116]    eta: 0:00:00  time: 0.0394  data_time: 0.0062  memory: 164  
2026/08/06 11:21:01 - mmengine - INFO - Epoch(val)   [7][110/116]    eta: 0:00:00  time: 0.0399  data_time: 0.0059  memory: 173  
2026/08/06 11:21:02 - mmengine - INFO - Evaluating bbox...
2026/08/06 11:21:02 - mmengine - INFO - bbox_mAP_copypaste: 0.530 0.824 0.609 0.000 0.618 0.482
2026/08/06 11:21:02 - mmengine - INFO - Evaluating segm...
2026/08/06 11:21:02 - mmengine - INFO - segm_mAP_copypaste: 0.545 0.815 0.635 0.000 0.647 0.500
2026/08/06 11:21:02 - mmengine - INFO - Epoch(val) [7][116/116]    coco/bbox_mAP: 0.5300  coco/bbox_mAP_50: 0.8240  coco/bbox_mAP_75: 0.6090  coco/bbox_mAP_s: 0.0000  coco/bbox_mAP_m: 0.6180  coco/bbox_mAP_l: 0.4820  coco/segm_mAP: 0.5450  coco/segm_mAP_50: 0.8150  coco/segm_mAP_75: 0.6350  coco/segm_mAP_s: 0.0000  coco/segm_mAP_m: 0.6470  coco/segm_mAP_l: 0.5000  data_time: 0.0059  time: 0.0376
2026/08/06 11:21:02 - mmengine - INFO - The previous best checkpoint d:\mamografi\real_time_segmentasyon\rtmdet\calisma\rtmdet_ins_tiny_256_orta\best_coco_segm_mAP_epoch_6.pth is removed
2026/08/06 11:21:03 - mmengine - INFO - The best checkpoint with 0.5450 coco/segm_mAP at 7 epoch is saved to best_coco_segm_mAP_epoch_7.pth.
2026/08/06 11:21:09 - mmengine - INFO - Epoch(train)   [8][10/68]  base_lr: 1.2500e-04 lr: 1.2500e-04  eta: 0:37:26  time: 0.3770  data_time: 0.1412  memory: 600  grad_norm: 16.9890  loss: 0.9065  loss_cls: 0.3448  loss_bbox: 0.3974  loss_mask: 0.1644
2026/08/06 11:21:13 - mmengine - INFO - Epoch(train)   [8][20/68]  base_lr: 1.2500e-04 lr: 1.2500e-04  eta: 0:37:23  time: 0.3731  data_time: 0.1375  memory: 601  grad_norm: 16.7003  loss: 0.9229  loss_cls: 0.3544  loss_bbox: 0.4008  loss_mask: 0.1677
2026/08/06 11:21:17 - mmengine - INFO - Epoch(train)   [8][30/68]  base_lr: 1.2500e-04 lr: 1.2500e-04  eta: 0:37:19  time: 0.3654  data_time: 0.1326  memory: 600  grad_norm: 16.4086  loss: 0.8869  loss_cls: 0.3384  loss_bbox: 0.3867  loss_mask: 0.1618
2026/08/06 11:21:20 - mmengine - INFO - Epoch(train)   [8][40/68]  base_lr: 1.2500e-04 lr: 1.2500e-04  eta: 0:37:19  time: 0.3671  data_time: 0.1312  memory: 600  grad_norm: 16.5495  loss: 0.8973  loss_cls: 0.3426  loss_bbox: 0.3902  loss_mask: 0.1645
2026/08/06 11:21:24 - mmengine - INFO - Epoch(train)   [8][50/68]  base_lr: 1.2500e-04 lr: 1.2500e-04  eta: 0:37:19  time: 0.3758  data_time: 0.1377  memory: 601  grad_norm: 16.3599  loss: 0.8756  loss_cls: 0.3309  loss_bbox: 0.3859  loss_mask: 0.1588
2026/08/06 11:21:28 - mmengine - INFO - Epoch(train)   [8][60/68]  base_lr: 1.2500e-04 lr: 1.2500e-04  eta: 0:37:19  time: 0.3738  data_time: 0.1379  memory: 600  grad_norm: 16.0554  loss: 0.9082  loss_cls: 0.3413  loss_bbox: 0.4002  loss_mask: 0.1666
2026/08/06 11:21:31 - mmengine - INFO - Exp name: rtmdet_ins_busi_20260806_111712
2026/08/06 11:21:31 - mmengine - INFO - Saving checkpoint at 8 epochs
2026/08/06 11:21:34 - mmengine - INFO - Epoch(val)   [8][ 10/116]    eta: 0:00:04  time: 0.0410  data_time: 0.0063  memory: 600  
2026/08/06 11:21:34 - mmengine - INFO - Epoch(val)   [8][ 20/116]    eta: 0:00:03  time: 0.0398  data_time: 0.0061  memory: 141  
2026/08/06 11:21:34 - mmengine - INFO - Epoch(val)   [8][ 30/116]    eta: 0:00:02  time: 0.0374  data_time: 0.0057  memory: 166  
2026/08/06 11:21:35 - mmengine - INFO - Epoch(val)   [8][ 40/116]    eta: 0:00:02  time: 0.0357  data_time: 0.0055  memory: 137  
2026/08/06 11:21:35 - mmengine - INFO - Epoch(val)   [8][ 50/116]    eta: 0:00:02  time: 0.0344  data_time: 0.0056  memory: 153  
2026/08/06 11:21:35 - mmengine - INFO - Epoch(val)   [8][ 60/116]    eta: 0:00:01  time: 0.0337  data_time: 0.0056  memory: 161  
2026/08/06 11:21:36 - mmengine - INFO - Epoch(val)   [8][ 70/116]    eta: 0:00:01  time: 0.0344  data_time: 0.0056  memory: 162  
2026/08/06 11:21:36 - mmengine - INFO - Epoch(val)   [8][ 80/116]    eta: 0:00:01  time: 0.0355  data_time: 0.0057  memory: 191  
2026/08/06 11:21:36 - mmengine - INFO - Epoch(val)   [8][ 90/116]    eta: 0:00:00  time: 0.0367  data_time: 0.0060  memory: 194  
2026/08/06 11:21:37 - mmengine - INFO - Epoch(val)   [8][100/116]    eta: 0:00:00  time: 0.0377  data_time: 0.0059  memory: 166  
2026/08/06 11:21:37 - mmengine - INFO - Epoch(val)   [8][110/116]    eta: 0:00:00  time: 0.0381  data_time: 0.0057  memory: 169  
2026/08/06 11:21:37 - mmengine - INFO - Evaluating bbox...
2026/08/06 11:21:37 - mmengine - INFO - bbox_mAP_copypaste: 0.554 0.859 0.642 0.000 0.676 0.494
2026/08/06 11:21:37 - mmengine - INFO - Evaluating segm...
2026/08/06 11:21:38 - mmengine - INFO - segm_mAP_copypaste: 0.562 0.847 0.633 0.000 0.654 0.515
2026/08/06 11:21:38 - mmengine - INFO - Epoch(val) [8][116/116]    coco/bbox_mAP: 0.5540  coco/bbox_mAP_50: 0.8590  coco/bbox_mAP_75: 0.6420  coco/bbox_mAP_s: 0.0000  coco/bbox_mAP_m: 0.6760  coco/bbox_mAP_l: 0.4940  coco/segm_mAP: 0.5620  coco/segm_mAP_50: 0.8470  coco/segm_mAP_75: 0.6330  coco/segm_mAP_s: 0.0000  coco/segm_mAP_m: 0.6540  coco/segm_mAP_l: 0.5150  data_time: 0.0058  time: 0.0362
2026/08/06 11:21:38 - mmengine - INFO - The previous best checkpoint d:\mamografi\real_time_segmentasyon\rtmdet\calisma\rtmdet_ins_tiny_256_orta\best_coco_segm_mAP_epoch_7.pth is removed
2026/08/06 11:21:39 - mmengine - INFO - The best checkpoint with 0.5620 coco/segm_mAP at 8 epoch is saved to best_coco_segm_mAP_epoch_8.pth.
2026/08/06 11:21:45 - mmengine - INFO - Epoch(train)   [9][10/68]  base_lr: 1.2500e-04 lr: 1.2500e-04  eta: 0:37:17  time: 0.3837  data_time: 0.1459  memory: 602  grad_norm: 14.9152  loss: 0.8479  loss_cls: 0.3066  loss_bbox: 0.3843  loss_mask: 0.1571
2026/08/06 11:21:49 - mmengine - INFO - Epoch(train)   [9][20/68]  base_lr: 1.2500e-04 lr: 1.2500e-04  eta: 0:37:17  time: 0.3857  data_time: 0.1480  memory: 602  grad_norm: 14.9245  loss: 0.8463  loss_cls: 0.3068  loss_bbox: 0.3832  loss_mask: 0.1563
2026/08/06 11:21:53 - mmengine - INFO - Epoch(train)   [9][30/68]  base_lr: 1.2500e-04 lr: 1.2500e-04  eta: 0:37:18  time: 0.3907  data_time: 0.1503  memory: 601  grad_norm: 14.1730  loss: 0.8328  loss_cls: 0.3006  loss_bbox: 0.3756  loss_mask: 0.1567
2026/08/06 11:21:57 - mmengine - INFO - Epoch(train)   [9][40/68]  base_lr: 1.2500e-04 lr: 1.2500e-04  eta: 0:37:18  time: 0.3887  data_time: 0.1495  memory: 603  grad_norm: 14.1756  loss: 0.8251  loss_cls: 0.3000  loss_bbox: 0.3698  loss_mask: 0.1553
2026/08/06 11:22:01 - mmengine - INFO - Epoch(train)   [9][50/68]  base_lr: 1.2500e-04 lr: 1.2500e-04  eta: 0:37:15  time: 0.3870  data_time: 0.1476  memory: 601  grad_norm: 14.7710  loss: 0.8426  loss_cls: 0.3149  loss_bbox: 0.3722  loss_mask: 0.1555
2026/08/06 11:22:04 - mmengine - INFO - Epoch(train)   [9][60/68]  base_lr: 1.2500e-04 lr: 1.2500e-04  eta: 0:37:12  time: 0.3839  data_time: 0.1474  memory: 599  grad_norm: 15.4385  loss: 0.8485  loss_cls: 0.3232  loss_bbox: 0.3707  loss_mask: 0.1545
2026/08/06 11:22:07 - mmengine - INFO - Exp name: rtmdet_ins_busi_20260806_111712
2026/08/06 11:22:07 - mmengine - INFO - Saving checkpoint at 9 epochs
2026/08/06 11:22:10 - mmengine - INFO - Epoch(val)   [9][ 10/116]    eta: 0:00:04  time: 0.0390  data_time: 0.0061  memory: 600  
2026/08/06 11:22:10 - mmengine - INFO - Epoch(val)   [9][ 20/116]    eta: 0:00:03  time: 0.0383  data_time: 0.0062  memory: 142  
2026/08/06 11:22:10 - mmengine - INFO - Epoch(val)   [9][ 30/116]    eta: 0:00:03  time: 0.0373  data_time: 0.0060  memory: 177  
2026/08/06 11:22:11 - mmengine - INFO - Epoch(val)   [9][ 40/116]    eta: 0:00:02  time: 0.0364  data_time: 0.0059  memory: 164  
2026/08/06 11:22:11 - mmengine - INFO - Epoch(val)   [9][ 50/116]    eta: 0:00:02  time: 0.0364  data_time: 0.0059  memory: 167  
2026/08/06 11:22:12 - mmengine - INFO - Epoch(val)   [9][ 60/116]    eta: 0:00:02  time: 0.0368  data_time: 0.0061  memory: 157  
2026/08/06 11:22:12 - mmengine - INFO - Epoch(val)   [9][ 70/116]    eta: 0:00:01  time: 0.0375  data_time: 0.0061  memory: 160  
2026/08/06 11:22:12 - mmengine - INFO - Epoch(val)   [9][ 80/116]    eta: 0:00:01  time: 0.0382  data_time: 0.0062  memory: 185  
2026/08/06 11:22:13 - mmengine - INFO - Epoch(val)   [9][ 90/116]    eta: 0:00:00  time: 0.0395  data_time: 0.0066  memory: 201  
2026/08/06 11:22:13 - mmengine - INFO - Epoch(val)   [9][100/116]    eta: 0:00:00  time: 0.0401  data_time: 0.0063  memory: 184  
2026/08/06 11:22:14 - mmengine - INFO - Epoch(val)   [9][110/116]    eta: 0:00:00  time: 0.0400  data_time: 0.0061  memory: 168  
2026/08/06 11:22:14 - mmengine - INFO - Evaluating bbox...
2026/08/06 11:22:14 - mmengine - INFO - bbox_mAP_copypaste: 0.535 0.865 0.608 0.000 0.617 0.492
2026/08/06 11:22:14 - mmengine - INFO - Evaluating segm...
2026/08/06 11:22:14 - mmengine - INFO - segm_mAP_copypaste: 0.551 0.853 0.646 0.000 0.641 0.513
2026/08/06 11:22:14 - mmengine - INFO - Epoch(val) [9][116/116]    coco/bbox_mAP: 0.5350  coco/bbox_mAP_50: 0.8650  coco/bbox_mAP_75: 0.6080  coco/bbox_mAP_s: 0.0000  coco/bbox_mAP_m: 0.6170  coco/bbox_mAP_l: 0.4920  coco/segm_mAP: 0.5510  coco/segm_mAP_50: 0.8530  coco/segm_mAP_75: 0.6460  coco/segm_mAP_s: 0.0000  coco/segm_mAP_m: 0.6410  coco/segm_mAP_l: 0.5130  data_time: 0.0061  time: 0.0387
2026/08/06 11:22:18 - mmengine - INFO - Epoch(train)  [10][10/68]  base_lr: 1.2500e-04 lr: 1.2500e-04  eta: 0:37:09  time: 0.3777  data_time: 0.1438  memory: 602  grad_norm: 16.3127  loss: 0.8242  loss_cls: 0.3182  loss_bbox: 0.3592  loss_mask: 0.1467
2026/08/06 11:22:22 - mmengine - INFO - Epoch(train)  [10][20/68]  base_lr: 1.2500e-04 lr: 1.2500e-04  eta: 0:37:06  time: 0.3763  data_time: 0.1441  memory: 602  grad_norm: 16.1512  loss: 0.8321  loss_cls: 0.3249  loss_bbox: 0.3616  loss_mask: 0.1456
2026/08/06 11:22:26 - mmengine - INFO - Epoch(train)  [10][30/68]  base_lr: 1.2500e-04 lr: 1.2500e-04  eta: 0:37:05  time: 0.3767  data_time: 0.1453  memory: 603  grad_norm: 16.2213  loss: 0.8087  loss_cls: 0.3115  loss_bbox: 0.3554  loss_mask: 0.1418
2026/08/06 11:22:29 - mmengine - INFO - Epoch(train)  [10][40/68]  base_lr: 1.2500e-04 lr: 1.2500e-04  eta: 0:37:02  time: 0.3775  data_time: 0.1452  memory: 600  grad_norm: 15.8046  loss: 0.7971  loss_cls: 0.3028  loss_bbox: 0.3510  loss_mask: 0.1433
2026/08/06 11:22:33 - mmengine - INFO - Epoch(train)  [10][50/68]  base_lr: 1.2500e-04 lr: 1.2500e-04  eta: 0:37:00  time: 0.3799  data_time: 0.1463  memory: 600  grad_norm: 15.0341  loss: 0.7991  loss_cls: 0.3040  loss_bbox: 0.3481  loss_mask: 0.1470
2026/08/06 11:22:37 - mmengine - INFO - Epoch(train)  [10][60/68]  base_lr: 1.2500e-04 lr: 1.2500e-04  eta: 0:36:58  time: 0.3771  data_time: 0.1460  memory: 600  grad_norm: 15.5811  loss: 0.8327  loss_cls: 0.3247  loss_bbox: 0.3578  loss_mask: 0.1502
2026/08/06 11:22:40 - mmengine - INFO - Exp name: rtmdet_ins_busi_20260806_111712
2026/08/06 11:22:40 - mmengine - INFO - Saving checkpoint at 10 epochs
2026/08/06 11:22:42 - mmengine - INFO - Epoch(val)  [10][ 10/116]    eta: 0:00:04  time: 0.0409  data_time: 0.0063  memory: 597  
2026/08/06 11:22:43 - mmengine - INFO - Epoch(val)  [10][ 20/116]    eta: 0:00:03  time: 0.0403  data_time: 0.0062  memory: 149  
2026/08/06 11:22:43 - mmengine - INFO - Epoch(val)  [10][ 30/116]    eta: 0:00:03  time: 0.0401  data_time: 0.0060  memory: 169  
2026/08/06 11:22:44 - mmengine - INFO - Epoch(val)  [10][ 40/116]    eta: 0:00:02  time: 0.0398  data_time: 0.0059  memory: 159  
2026/08/06 11:22:44 - mmengine - INFO - Epoch(val)  [10][ 50/116]    eta: 0:00:02  time: 0.0393  data_time: 0.0060  memory: 179  
2026/08/06 11:22:44 - mmengine - INFO - Epoch(val)  [10][ 60/116]    eta: 0:00:02  time: 0.0400  data_time: 0.0064  memory: 172  
2026/08/06 11:22:45 - mmengine - INFO - Epoch(val)  [10][ 70/116]    eta: 0:00:01  time: 0.0414  data_time: 0.0066  memory: 160  
2026/08/06 11:22:45 - mmengine - INFO - Epoch(val)  [10][ 80/116]    eta: 0:00:01  time: 0.0416  data_time: 0.0067  memory: 191  
2026/08/06 11:22:46 - mmengine - INFO - Epoch(val)  [10][ 90/116]    eta: 0:00:01  time: 0.0431  data_time: 0.0071  memory: 225  
2026/08/06 11:22:46 - mmengine - INFO - Epoch(val)  [10][100/116]    eta: 0:00:00  time: 0.0437  data_time: 0.0070  memory: 188  
2026/08/06 11:22:47 - mmengine - INFO - Epoch(val)  [10][110/116]    eta: 0:00:00  time: 0.0443  data_time: 0.0067  memory: 178  
2026/08/06 11:22:47 - mmengine - INFO - Evaluating bbox...
2026/08/06 11:22:47 - mmengine - INFO - bbox_mAP_copypaste: 0.551 0.865 0.660 0.000 0.637 0.504
2026/08/06 11:22:47 - mmengine - INFO - Evaluating segm...
2026/08/06 11:22:47 - mmengine - INFO - segm_mAP_copypaste: 0.585 0.864 0.673 0.000 0.693 0.528
2026/08/06 11:22:47 - mmengine - INFO - Epoch(val) [10][116/116]    coco/bbox_mAP: 0.5510  coco/bbox_mAP_50: 0.8650  coco/bbox_mAP_75: 0.6600  coco/bbox_mAP_s: 0.0000  coco/bbox_mAP_m: 0.6370  coco/bbox_mAP_l: 0.5040  coco/segm_mAP: 0.5850  coco/segm_mAP_50: 0.8640  coco/segm_mAP_75: 0.6730  coco/segm_mAP_s: 0.0000  coco/segm_mAP_m: 0.6930  coco/segm_mAP_l: 0.5280  data_time: 0.0065  time: 0.0420
2026/08/06 11:22:47 - mmengine - INFO - The previous best checkpoint d:\mamografi\real_time_segmentasyon\rtmdet\calisma\rtmdet_ins_tiny_256_orta\best_coco_segm_mAP_epoch_8.pth is removed
2026/08/06 11:22:49 - mmengine - INFO - The best checkpoint with 0.5850 coco/segm_mAP at 10 epoch is saved to best_coco_segm_mAP_epoch_10.pth.
2026/08/06 11:22:55 - mmengine - INFO - Epoch(train)  [11][10/68]  base_lr: 1.2500e-04 lr: 1.2500e-04  eta: 0:36:51  time: 0.3708  data_time: 0.1380  memory: 603  grad_norm: 15.9364  loss: 0.8435  loss_cls: 0.3316  loss_bbox: 0.3593  loss_mask: 0.1526
2026/08/06 11:22:58 - mmengine - INFO - Epoch(train)  [11][20/68]  base_lr: 1.2500e-04 lr: 1.2500e-04  eta: 0:36:50  time: 0.3738  data_time: 0.1395  memory: 600  grad_norm: 16.0882  loss: 0.8399  loss_cls: 0.3353  loss_bbox: 0.3555  loss_mask: 0.1491
2026/08/06 11:23:02 - mmengine - INFO - Epoch(train)  [11][30/68]  base_lr: 1.2500e-04 lr: 1.2500e-04  eta: 0:36:47  time: 0.3710  data_time: 0.1370  memory: 601  grad_norm: 15.5776  loss: 0.8257  loss_cls: 0.3288  loss_bbox: 0.3511  loss_mask: 0.1458
2026/08/06 11:23:06 - mmengine - INFO - Epoch(train)  [11][40/68]  base_lr: 1.2500e-04 lr: 1.2500e-04  eta: 0:36:45  time: 0.3724  data_time: 0.1382  memory: 599  grad_norm: 15.4006  loss: 0.8132  loss_cls: 0.3123  loss_bbox: 0.3523  loss_mask: 0.1486
2026/08/06 11:23:10 - mmengine - INFO - Epoch(train)  [11][50/68]  base_lr: 1.2500e-04 lr: 1.2500e-04  eta: 0:36:41  time: 0.3761  data_time: 0.1425  memory: 598  grad_norm: 15.0118  loss: 0.8120  loss_cls: 0.3186  loss_bbox: 0.3460  loss_mask: 0.1475
2026/08/06 11:23:13 - mmengine - INFO - Epoch(train)  [11][60/68]  base_lr: 1.2500e-04 lr: 1.2500e-04  eta: 0:36:38  time: 0.3736  data_time: 0.1418  memory: 602  grad_norm: 15.0960  loss: 0.8023  loss_cls: 0.3088  loss_bbox: 0.3450  loss_mask: 0.1485
2026/08/06 11:23:16 - mmengine - INFO - Exp name: rtmdet_ins_busi_20260806_111712
2026/08/06 11:23:16 - mmengine - INFO - Saving checkpoint at 11 epochs
2026/08/06 11:23:19 - mmengine - INFO - Epoch(val)  [11][ 10/116]    eta: 0:00:03  time: 0.0430  data_time: 0.0066  memory: 599  
2026/08/06 11:23:19 - mmengine - INFO - Epoch(val)  [11][ 20/116]    eta: 0:00:03  time: 0.0405  data_time: 0.0064  memory: 130  
2026/08/06 11:23:19 - mmengine - INFO - Epoch(val)  [11][ 30/116]    eta: 0:00:02  time: 0.0383  data_time: 0.0060  memory: 141  
2026/08/06 11:23:20 - mmengine - INFO - Epoch(val)  [11][ 40/116]    eta: 0:00:02  time: 0.0366  data_time: 0.0059  memory: 137  
2026/08/06 11:23:20 - mmengine - INFO - Epoch(val)  [11][ 50/116]    eta: 0:00:02  time: 0.0351  data_time: 0.0059  memory: 164  
2026/08/06 11:23:21 - mmengine - INFO - Epoch(val)  [11][ 60/116]    eta: 0:00:01  time: 0.0357  data_time: 0.0062  memory: 152  
2026/08/06 11:23:21 - mmengine - INFO - Epoch(val)  [11][ 70/116]    eta: 0:00:01  time: 0.0362  data_time: 0.0062  memory: 156  
2026/08/06 11:23:21 - mmengine - INFO - Epoch(val)  [11][ 80/116]    eta: 0:00:01  time: 0.0369  data_time: 0.0063  memory: 174  
2026/08/06 11:23:22 - mmengine - INFO - Epoch(val)  [11][ 90/116]    eta: 0:00:00  time: 0.0379  data_time: 0.0065  memory: 207  
2026/08/06 11:23:22 - mmengine - INFO - Epoch(val)  [11][100/116]    eta: 0:00:00  time: 0.0380  data_time: 0.0064  memory: 154  
2026/08/06 11:23:23 - mmengine - INFO - Epoch(val)  [11][110/116]    eta: 0:00:00  time: 0.0388  data_time: 0.0061  memory: 163  
2026/08/06 11:23:23 - mmengine - INFO - Evaluating bbox...
2026/08/06 11:23:23 - mmengine - INFO - bbox_mAP_copypaste: 0.518 0.867 0.558 0.000 0.602 0.469
2026/08/06 11:23:23 - mmengine - INFO - Evaluating segm...
2026/08/06 11:23:23 - mmengine - INFO - segm_mAP_copypaste: 0.571 0.853 0.684 0.000 0.673 0.525
2026/08/06 11:23:23 - mmengine - INFO - Epoch(val) [11][116/116]    coco/bbox_mAP: 0.5180  coco/bbox_mAP_50: 0.8670  coco/bbox_mAP_75: 0.5580  coco/bbox_mAP_s: 0.0000  coco/bbox_mAP_m: 0.6020  coco/bbox_mAP_l: 0.4690  coco/segm_mAP: 0.5710  coco/segm_mAP_50: 0.8530  coco/segm_mAP_75: 0.6840  coco/segm_mAP_s: 0.0000  coco/segm_mAP_m: 0.6730  coco/segm_mAP_l: 0.5250  data_time: 0.0062  time: 0.0371
2026/08/06 11:23:27 - mmengine - INFO - Epoch(train)  [12][10/68]  base_lr: 1.2500e-04 lr: 1.2500e-04  eta: 0:36:32  time: 0.3681  data_time: 0.1368  memory: 600  grad_norm: 14.4853  loss: 0.7917  loss_cls: 0.3017  loss_bbox: 0.3426  loss_mask: 0.1474
2026/08/06 11:23:30 - mmengine - INFO - Epoch(train)  [12][20/68]  base_lr: 1.2500e-04 lr: 1.2500e-04  eta: 0:36:29  time: 0.3655  data_time: 0.1343  memory: 600  grad_norm: 14.4671  loss: 0.8082  loss_cls: 0.3157  loss_bbox: 0.3422  loss_mask: 0.1503
2026/08/06 11:23:34 - mmengine - INFO - Epoch(train)  [12][30/68]  base_lr: 1.2500e-04 lr: 1.2500e-04  eta: 0:36:28  time: 0.3723  data_time: 0.1391  memory: 601  grad_norm: 14.5157  loss: 0.7857  loss_cls: 0.3025  loss_bbox: 0.3360  loss_mask: 0.1472
2026/08/06 11:23:38 - mmengine - INFO - Epoch(train)  [12][40/68]  base_lr: 1.2500e-04 lr: 1.2500e-04  eta: 0:36:27  time: 0.3789  data_time: 0.1446  memory: 600  grad_norm: 14.5165  loss: 0.7937  loss_cls: 0.3083  loss_bbox: 0.3352  loss_mask: 0.1502
2026/08/06 11:23:42 - mmengine - INFO - Epoch(train)  [12][50/68]  base_lr: 1.2500e-04 lr: 1.2500e-04  eta: 0:36:26  time: 0.3861  data_time: 0.1512  memory: 600  grad_norm: 14.6878  loss: 0.7725  loss_cls: 0.2967  loss_bbox: 0.3300  loss_mask: 0.1459
2026/08/06 11:23:46 - mmengine - INFO - Epoch(train)  [12][60/68]  base_lr: 1.2500e-04 lr: 1.2500e-04  eta: 0:36:23  time: 0.3891  data_time: 0.1555  memory: 599  grad_norm: 15.1795  loss: 0.7839  loss_cls: 0.3059  loss_bbox: 0.3311  loss_mask: 0.1469
2026/08/06 11:23:49 - mmengine - INFO - Exp name: rtmdet_ins_busi_20260806_111712
2026/08/06 11:23:49 - mmengine - INFO - Saving checkpoint at 12 epochs
2026/08/06 11:23:51 - mmengine - INFO - Epoch(val)  [12][ 10/116]    eta: 0:00:03  time: 0.0396  data_time: 0.0063  memory: 601  
2026/08/06 11:23:52 - mmengine - INFO - Epoch(val)  [12][ 20/116]    eta: 0:00:03  time: 0.0390  data_time: 0.0062  memory: 134  
2026/08/06 11:23:52 - mmengine - INFO - Epoch(val)  [12][ 30/116]    eta: 0:00:03  time: 0.0375  data_time: 0.0058  memory: 154  
2026/08/06 11:23:52 - mmengine - INFO - Epoch(val)  [12][ 40/116]    eta: 0:00:02  time: 0.0365  data_time: 0.0056  memory: 160  
2026/08/06 11:23:53 - mmengine - INFO - Epoch(val)  [12][ 50/116]    eta: 0:00:02  time: 0.0359  data_time: 0.0057  memory: 174  
2026/08/06 11:23:53 - mmengine - INFO - Epoch(val)  [12][ 60/116]    eta: 0:00:02  time: 0.0359  data_time: 0.0060  memory: 143  
2026/08/06 11:23:53 - mmengine - INFO - Epoch(val)  [12][ 70/116]    eta: 0:00:01  time: 0.0359  data_time: 0.0061  memory: 156  
2026/08/06 11:23:54 - mmengine - INFO - Epoch(val)  [12][ 80/116]    eta: 0:00:01  time: 0.0366  data_time: 0.0062  memory: 172  
2026/08/06 11:23:54 - mmengine - INFO - Epoch(val)  [12][ 90/116]    eta: 0:00:00  time: 0.0384  data_time: 0.0066  memory: 225  
2026/08/06 11:23:55 - mmengine - INFO - Epoch(val)  [12][100/116]    eta: 0:00:00  time: 0.0389  data_time: 0.0064  memory: 159  
2026/08/06 11:23:55 - mmengine - INFO - Epoch(val)  [12][110/116]    eta: 0:00:00  time: 0.0395  data_time: 0.0061  memory: 163  
2026/08/06 11:23:55 - mmengine - INFO - Evaluating bbox...
2026/08/06 11:23:55 - mmengine - INFO - bbox_mAP_copypaste: 0.551 0.852 0.648 0.000 0.653 0.486
2026/08/06 11:23:55 - mmengine - INFO - Evaluating segm...
2026/08/06 11:23:56 - mmengine - INFO - segm_mAP_copypaste: 0.568 0.861 0.614 0.000 0.669 0.517
2026/08/06 11:23:56 - mmengine - INFO - Epoch(val) [12][116/116]    coco/bbox_mAP: 0.5510  coco/bbox_mAP_50: 0.8520  coco/bbox_mAP_75: 0.6480  coco/bbox_mAP_s: 0.0000  coco/bbox_mAP_m: 0.6530  coco/bbox_mAP_l: 0.4860  coco/segm_mAP: 0.5680  coco/segm_mAP_50: 0.8610  coco/segm_mAP_75: 0.6140  coco/segm_mAP_s: 0.0000  coco/segm_mAP_m: 0.6690  coco/segm_mAP_l: 0.5170  data_time: 0.0061  time: 0.0377
2026/08/06 11:24:00 - mmengine - INFO - Epoch(train)  [13][10/68]  base_lr: 1.2500e-04 lr: 1.2500e-04  eta: 0:36:18  time: 0.3848  data_time: 0.1527  memory: 600  grad_norm: 15.1041  loss: 0.7721  loss_cls: 0.2980  loss_bbox: 0.3291  loss_mask: 0.1449
2026/08/06 11:24:03 - mmengine - INFO - Epoch(train)  [13][20/68]  base_lr: 1.2500e-04 lr: 1.2500e-04  eta: 0:36:15  time: 0.3810  data_time: 0.1484  memory: 599  grad_norm: 14.9744  loss: 0.7681  loss_cls: 0.2947  loss_bbox: 0.3305  loss_mask: 0.1429
2026/08/06 11:24:07 - mmengine - INFO - Epoch(train)  [13][30/68]  base_lr: 1.2500e-04 lr: 1.2500e-04  eta: 0:36:13  time: 0.3790  data_time: 0.1457  memory: 600  grad_norm: 14.5212  loss: 0.7791  loss_cls: 0.3034  loss_bbox: 0.3307  loss_mask: 0.1450
2026/08/06 11:24:11 - mmengine - INFO - Epoch(train)  [13][40/68]  base_lr: 1.2500e-04 lr: 1.2500e-04  eta: 0:36:11  time: 0.3815  data_time: 0.1472  memory: 602  grad_norm: 14.5741  loss: 0.7845  loss_cls: 0.3003  loss_bbox: 0.3357  loss_mask: 0.1486
2026/08/06 11:24:15 - mmengine - INFO - Epoch(train)  [13][50/68]  base_lr: 1.2500e-04 lr: 1.2500e-04  eta: 0:36:11  time: 0.3923  data_time: 0.1541  memory: 600  grad_norm: 14.2730  loss: 0.7875  loss_cls: 0.3021  loss_bbox: 0.3376  loss_mask: 0.1477
2026/08/06 11:24:19 - mmengine - INFO - Epoch(train)  [13][60/68]  base_lr: 1.2500e-04 lr: 1.2500e-04  eta: 0:36:09  time: 0.3928  data_time: 0.1507  memory: 601  grad_norm: 13.9313  loss: 0.7811  loss_cls: 0.2903  loss_bbox: 0.3426  loss_mask: 0.1482
2026/08/06 11:24:22 - mmengine - INFO - Exp name: rtmdet_ins_busi_20260806_111712
2026/08/06 11:24:22 - mmengine - INFO - Saving checkpoint at 13 epochs
2026/08/06 11:24:25 - mmengine - INFO - Epoch(val)  [13][ 10/116]    eta: 0:00:03  time: 0.0395  data_time: 0.0063  memory: 601  
2026/08/06 11:24:25 - mmengine - INFO - Epoch(val)  [13][ 20/116]    eta: 0:00:03  time: 0.0382  data_time: 0.0063  memory: 123  
2026/08/06 11:24:25 - mmengine - INFO - Epoch(val)  [13][ 30/116]    eta: 0:00:02  time: 0.0356  data_time: 0.0059  memory: 141  
2026/08/06 11:24:26 - mmengine - INFO - Epoch(val)  [13][ 40/116]    eta: 0:00:02  time: 0.0354  data_time: 0.0059  memory: 143  
2026/08/06 11:24:26 - mmengine - INFO - Epoch(val)  [13][ 50/116]    eta: 0:00:02  time: 0.0342  data_time: 0.0059  memory: 159  
2026/08/06 11:24:26 - mmengine - INFO - Epoch(val)  [13][ 60/116]    eta: 0:00:01  time: 0.0346  data_time: 0.0061  memory: 143  
2026/08/06 11:24:27 - mmengine - INFO - Epoch(val)  [13][ 70/116]    eta: 0:00:01  time: 0.0351  data_time: 0.0060  memory: 145  
2026/08/06 11:24:27 - mmengine - INFO - Epoch(val)  [13][ 80/116]    eta: 0:00:01  time: 0.0355  data_time: 0.0061  memory: 138  
2026/08/06 11:24:27 - mmengine - INFO - Epoch(val)  [13][ 90/116]    eta: 0:00:00  time: 0.0365  data_time: 0.0063  memory: 207  
2026/08/06 11:24:28 - mmengine - INFO - Epoch(val)  [13][100/116]    eta: 0:00:00  time: 0.0372  data_time: 0.0063  memory: 160  
2026/08/06 11:24:28 - mmengine - INFO - Epoch(val)  [13][110/116]    eta: 0:00:00  time: 0.0374  data_time: 0.0060  memory: 148  
2026/08/06 11:24:28 - mmengine - INFO - Evaluating bbox...
2026/08/06 11:24:28 - mmengine - INFO - bbox_mAP_copypaste: 0.582 0.872 0.671 0.000 0.674 0.530
2026/08/06 11:24:28 - mmengine - INFO - Evaluating segm...
2026/08/06 11:24:29 - mmengine - INFO - segm_mAP_copypaste: 0.600 0.868 0.737 0.000 0.682 0.553
2026/08/06 11:24:29 - mmengine - INFO - Epoch(val) [13][116/116]    coco/bbox_mAP: 0.5820  coco/bbox_mAP_50: 0.8720  coco/bbox_mAP_75: 0.6710  coco/bbox_mAP_s: 0.0000  coco/bbox_mAP_m: 0.6740  coco/bbox_mAP_l: 0.5300  coco/segm_mAP: 0.6000  coco/segm_mAP_50: 0.8680  coco/segm_mAP_75: 0.7370  coco/segm_mAP_s: 0.0000  coco/segm_mAP_m: 0.6820  coco/segm_mAP_l: 0.5530  data_time: 0.0061  time: 0.0361
2026/08/06 11:24:29 - mmengine - INFO - The previous best checkpoint d:\mamografi\real_time_segmentasyon\rtmdet\calisma\rtmdet_ins_tiny_256_orta\best_coco_segm_mAP_epoch_10.pth is removed
2026/08/06 11:24:30 - mmengine - INFO - The best checkpoint with 0.6000 coco/segm_mAP at 13 epoch is saved to best_coco_segm_mAP_epoch_13.pth.
2026/08/06 11:24:36 - mmengine - INFO - Epoch(train)  [14][10/68]  base_lr: 1.2500e-04 lr: 1.2500e-04  eta: 0:36:02  time: 0.3840  data_time: 0.1437  memory: 600  grad_norm: 13.7966  loss: 0.7457  loss_cls: 0.2757  loss_bbox: 0.3243  loss_mask: 0.1458
2026/08/06 11:24:40 - mmengine - INFO - Epoch(train)  [14][20/68]  base_lr: 1.2500e-04 lr: 1.2500e-04  eta: 0:35:59  time: 0.3798  data_time: 0.1409  memory: 601  grad_norm: 14.2153  loss: 0.7351  loss_cls: 0.2685  loss_bbox: 0.3262  loss_mask: 0.1403
2026/08/06 11:24:43 - mmengine - INFO - Epoch(train)  [14][30/68]  base_lr: 1.2500e-04 lr: 1.2500e-04  eta: 0:35:55  time: 0.3723  data_time: 0.1370  memory: 600  grad_norm: 14.2206  loss: 0.7285  loss_cls: 0.2631  loss_bbox: 0.3203  loss_mask: 0.1451
2026/08/06 11:24:47 - mmengine - INFO - Epoch(train)  [14][40/68]  base_lr: 1.2500e-04 lr: 1.2500e-04  eta: 0:35:53  time: 0.3701  data_time: 0.1373  memory: 599  grad_norm: 15.0806  loss: 0.7376  loss_cls: 0.2736  loss_bbox: 0.3204  loss_mask: 0.1436
2026/08/06 11:24:51 - mmengine - INFO - Epoch(train)  [14][50/68]  base_lr: 1.2500e-04 lr: 1.2500e-04  eta: 0:35:51  time: 0.3784  data_time: 0.1450  memory: 601  grad_norm: 14.9978  loss: 0.7352  loss_cls: 0.2741  loss_bbox: 0.3183  loss_mask: 0.1427
2026/08/06 11:24:55 - mmengine - INFO - Epoch(train)  [14][60/68]  base_lr: 1.2500e-04 lr: 1.2500e-04  eta: 0:35:48  time: 0.3789  data_time: 0.1462  memory: 601  grad_norm: 14.8419  loss: 0.7372  loss_cls: 0.2790  loss_bbox: 0.3196  loss_mask: 0.1386
2026/08/06 11:24:58 - mmengine - INFO - Exp name: rtmdet_ins_busi_20260806_111712
2026/08/06 11:24:58 - mmengine - INFO - Saving checkpoint at 14 epochs
2026/08/06 11:25:00 - mmengine - INFO - Epoch(val)  [14][ 10/116]    eta: 0:00:04  time: 0.0387  data_time: 0.0062  memory: 599  
2026/08/06 11:25:00 - mmengine - INFO - Epoch(val)  [14][ 20/116]    eta: 0:00:03  time: 0.0382  data_time: 0.0062  memory: 142  
2026/08/06 11:25:01 - mmengine - INFO - Epoch(val)  [14][ 30/116]    eta: 0:00:03  time: 0.0369  data_time: 0.0059  memory: 179  
2026/08/06 11:25:01 - mmengine - INFO - Epoch(val)  [14][ 40/116]    eta: 0:00:02  time: 0.0367  data_time: 0.0058  memory: 179  
2026/08/06 11:25:02 - mmengine - INFO - Epoch(val)  [14][ 50/116]    eta: 0:00:02  time: 0.0358  data_time: 0.0059  memory: 148  
2026/08/06 11:25:02 - mmengine - INFO - Epoch(val)  [14][ 60/116]    eta: 0:00:02  time: 0.0356  data_time: 0.0061  memory: 164  
2026/08/06 11:25:02 - mmengine - INFO - Epoch(val)  [14][ 70/116]    eta: 0:00:01  time: 0.0362  data_time: 0.0061  memory: 167  
2026/08/06 11:25:03 - mmengine - INFO - Epoch(val)  [14][ 80/116]    eta: 0:00:01  time: 0.0373  data_time: 0.0063  memory: 171  
2026/08/06 11:25:03 - mmengine - INFO - Epoch(val)  [14][ 90/116]    eta: 0:00:00  time: 0.0386  data_time: 0.0066  memory: 231  
2026/08/06 11:25:03 - mmengine - INFO - Epoch(val)  [14][100/116]    eta: 0:00:00  time: 0.0398  data_time: 0.0065  memory: 169  
2026/08/06 11:25:04 - mmengine - INFO - Epoch(val)  [14][110/116]    eta: 0:00:00  time: 0.0402  data_time: 0.0063  memory: 159  
2026/08/06 11:25:04 - mmengine - INFO - Evaluating bbox...
2026/08/06 11:25:04 - mmengine - INFO - bbox_mAP_copypaste: 0.568 0.873 0.681 0.000 0.667 0.511
2026/08/06 11:25:04 - mmengine - INFO - Evaluating segm...
2026/08/06 11:25:04 - mmengine - INFO - segm_mAP_copypaste: 0.579 0.852 0.659 0.000 0.687 0.528
2026/08/06 11:25:04 - mmengine - INFO - Epoch(val) [14][116/116]    coco/bbox_mAP: 0.5680  coco/bbox_mAP_50: 0.8730  coco/bbox_mAP_75: 0.6810  coco/bbox_mAP_s: 0.0000  coco/bbox_mAP_m: 0.6670  coco/bbox_mAP_l: 0.5110  coco/segm_mAP: 0.5790  coco/segm_mAP_50: 0.8520  coco/segm_mAP_75: 0.6590  coco/segm_mAP_s: 0.0000  coco/segm_mAP_m: 0.6870  coco/segm_mAP_l: 0.5280  data_time: 0.0062  time: 0.0380
2026/08/06 11:25:08 - mmengine - INFO - Epoch(train)  [15][10/68]  base_lr: 1.2500e-04 lr: 1.2500e-04  eta: 0:35:42  time: 0.3835  data_time: 0.1463  memory: 602  grad_norm: 14.0456  loss: 0.7321  loss_cls: 0.2705  loss_bbox: 0.3234  loss_mask: 0.1381
2026/08/06 11:25:12 - mmengine - INFO - Epoch(train)  [15][20/68]  base_lr: 1.2500e-04 lr: 1.2500e-04  eta: 0:35:40  time: 0.3831  data_time: 0.1472  memory: 599  grad_norm: 13.7078  loss: 0.7235  loss_cls: 0.2606  loss_bbox: 0.3230  loss_mask: 0.1399
2026/08/06 11:25:16 - mmengine - INFO - Epoch(train)  [15][30/68]  base_lr: 1.2500e-04 lr: 1.2500e-04  eta: 0:35:36  time: 0.3774  data_time: 0.1417  memory: 600  grad_norm: 13.2648  loss: 0.7148  loss_cls: 0.2593  loss_bbox: 0.3168  loss_mask: 0.1387
2026/08/06 11:25:20 - mmengine - INFO - Epoch(train)  [15][40/68]  base_lr: 1.2500e-04 lr: 1.2500e-04  eta: 0:35:33  time: 0.3755  data_time: 0.1387  memory: 600  grad_norm: 13.3174  loss: 0.7126  loss_cls: 0.2538  loss_bbox: 0.3184  loss_mask: 0.1405
2026/08/06 11:25:23 - mmengine - INFO - Exp name: rtmdet_ins_busi_20260806_111712
2026/08/06 11:25:23 - mmengine - INFO - Epoch(train)  [15][50/68]  base_lr: 1.2500e-04 lr: 1.2500e-04  eta: 0:35:30  time: 0.3788  data_time: 0.1421  memory: 599  grad_norm: 13.3295  loss: 0.7129  loss_cls: 0.2556  loss_bbox: 0.3165  loss_mask: 0.1409
2026/08/06 11:25:27 - mmengine - INFO - Epoch(train)  [15][60/68]  base_lr: 1.2500e-04 lr: 1.2500e-04  eta: 0:35:28  time: 0.3809  data_time: 0.1472  memory: 599  grad_norm: 14.0611  loss: 0.7364  loss_cls: 0.2704  loss_bbox: 0.3201  loss_mask: 0.1459
2026/08/06 11:25:30 - mmengine - INFO - Exp name: rtmdet_ins_busi_20260806_111712
2026/08/06 11:25:30 - mmengine - INFO - Saving checkpoint at 15 epochs
2026/08/06 11:25:33 - mmengine - INFO - Epoch(val)  [15][ 10/116]    eta: 0:00:03  time: 0.0405  data_time: 0.0065  memory: 600  
2026/08/06 11:25:33 - mmengine - INFO - Epoch(val)  [15][ 20/116]    eta: 0:00:03  time: 0.0399  data_time: 0.0065  memory: 127  
2026/08/06 11:25:34 - mmengine - INFO - Epoch(val)  [15][ 30/116]    eta: 0:00:03  time: 0.0386  data_time: 0.0061  memory: 184  
2026/08/06 11:25:34 - mmengine - INFO - Epoch(val)  [15][ 40/116]    eta: 0:00:02  time: 0.0381  data_time: 0.0061  memory: 153  
2026/08/06 11:25:34 - mmengine - INFO - Epoch(val)  [15][ 50/116]    eta: 0:00:02  time: 0.0372  data_time: 0.0063  memory: 182  
2026/08/06 11:25:35 - mmengine - INFO - Epoch(val)  [15][ 60/116]    eta: 0:00:02  time: 0.0371  data_time: 0.0063  memory: 213  
2026/08/06 11:25:35 - mmengine - INFO - Epoch(val)  [15][ 70/116]    eta: 0:00:01  time: 0.0366  data_time: 0.0061  memory: 147  
2026/08/06 11:25:36 - mmengine - INFO - Epoch(val)  [15][ 80/116]    eta: 0:00:01  time: 0.0370  data_time: 0.0063  memory: 174  
2026/08/06 11:25:36 - mmengine - INFO - Epoch(val)  [15][ 90/116]    eta: 0:00:00  time: 0.0374  data_time: 0.0064  memory: 213  
2026/08/06 11:25:36 - mmengine - INFO - Epoch(val)  [15][100/116]    eta: 0:00:00  time: 0.0383  data_time: 0.0062  memory: 213  
2026/08/06 11:25:37 - mmengine - INFO - Epoch(val)  [15][110/116]    eta: 0:00:00  time: 0.0385  data_time: 0.0060  memory: 157  
2026/08/06 11:25:37 - mmengine - INFO - Evaluating bbox...
2026/08/06 11:25:37 - mmengine - INFO - bbox_mAP_copypaste: 0.588 0.902 0.693 0.000 0.662 0.549
2026/08/06 11:25:37 - mmengine - INFO - Evaluating segm...
2026/08/06 11:25:37 - mmengine - INFO - segm_mAP_copypaste: 0.612 0.891 0.680 0.000 0.721 0.556
2026/08/06 11:25:37 - mmengine - INFO - Epoch(val) [15][116/116]    coco/bbox_mAP: 0.5880  coco/bbox_mAP_50: 0.9020  coco/bbox_mAP_75: 0.6930  coco/bbox_mAP_s: 0.0000  coco/bbox_mAP_m: 0.6620  coco/bbox_mAP_l: 0.5490  coco/segm_mAP: 0.6120  coco/segm_mAP_50: 0.8910  coco/segm_mAP_75: 0.6800  coco/segm_mAP_s: 0.0000  coco/segm_mAP_m: 0.7210  coco/segm_mAP_l: 0.5560  data_time: 0.0062  time: 0.0379
2026/08/06 11:25:37 - mmengine - INFO - The previous best checkpoint d:\mamografi\real_time_segmentasyon\rtmdet\calisma\rtmdet_ins_tiny_256_orta\best_coco_segm_mAP_epoch_13.pth is removed
2026/08/06 11:25:39 - mmengine - INFO - The best checkpoint with 0.6120 coco/segm_mAP at 15 epoch is saved to best_coco_segm_mAP_epoch_15.pth.
2026/08/06 11:25:45 - mmengine - INFO - Epoch(train)  [16][10/68]  base_lr: 1.2500e-04 lr: 1.2500e-04  eta: 0:35:22  time: 0.3793  data_time: 0.1460  memory: 600  grad_norm: 14.3003  loss: 0.7034  loss_cls: 0.2516  loss_bbox: 0.3170  loss_mask: 0.1347
2026/08/06 11:25:48 - mmengine - INFO - Epoch(train)  [16][20/68]  base_lr: 1.2500e-04 lr: 1.2500e-04  eta: 0:35:19  time: 0.3816  data_time: 0.1493  memory: 600  grad_norm: 14.4674  loss: 0.7137  loss_cls: 0.2555  loss_bbox: 0.3201  loss_mask: 0.1381
2026/08/06 11:25:52 - mmengine - INFO - Epoch(train)  [16][30/68]  base_lr: 1.2500e-04 lr: 1.2500e-04  eta: 0:35:17  time: 0.3866  data_time: 0.1492  memory: 601  grad_norm: 14.3937  loss: 0.6980  loss_cls: 0.2504  loss_bbox: 0.3146  loss_mask: 0.1330
2026/08/06 11:25:56 - mmengine - INFO - Epoch(train)  [16][40/68]  base_lr: 1.2500e-04 lr: 1.2500e-04  eta: 0:35:15  time: 0.3876  data_time: 0.1489  memory: 601  grad_norm: 14.1149  loss: 0.6963  loss_cls: 0.2458  loss_bbox: 0.3146  loss_mask: 0.1360
2026/08/06 11:26:00 - mmengine - INFO - Epoch(train)  [16][50/68]  base_lr: 1.2500e-04 lr: 1.2500e-04  eta: 0:35:12  time: 0.3860  data_time: 0.1469  memory: 601  grad_norm: 13.7962  loss: 0.6931  loss_cls: 0.2476  loss_bbox: 0.3080  loss_mask: 0.1375
2026/08/06 11:26:04 - mmengine - INFO - Epoch(train)  [16][60/68]  base_lr: 1.2500e-04 lr: 1.2500e-04  eta: 0:35:09  time: 0.3894  data_time: 0.1493  memory: 601  grad_norm: 13.5911  loss: 0.7095  loss_cls: 0.2561  loss_bbox: 0.3109  loss_mask: 0.1426
2026/08/06 11:26:07 - mmengine - INFO - Exp name: rtmdet_ins_busi_20260806_111712
2026/08/06 11:26:07 - mmengine - INFO - Saving checkpoint at 16 epochs
2026/08/06 11:26:10 - mmengine - INFO - Epoch(val)  [16][ 10/116]    eta: 0:00:04  time: 0.0408  data_time: 0.0063  memory: 599  
2026/08/06 11:26:10 - mmengine - INFO - Epoch(val)  [16][ 20/116]    eta: 0:00:03  time: 0.0395  data_time: 0.0061  memory: 129  
2026/08/06 11:26:10 - mmengine - INFO - Epoch(val)  [16][ 30/116]    eta: 0:00:03  time: 0.0383  data_time: 0.0059  memory: 181  
2026/08/06 11:26:11 - mmengine - INFO - Epoch(val)  [16][ 40/116]    eta: 0:00:02  time: 0.0374  data_time: 0.0057  memory: 164  
2026/08/06 11:26:11 - mmengine - INFO - Epoch(val)  [16][ 50/116]    eta: 0:00:02  time: 0.0366  data_time: 0.0059  memory: 182  
2026/08/06 11:26:12 - mmengine - INFO - Epoch(val)  [16][ 60/116]    eta: 0:00:02  time: 0.0359  data_time: 0.0060  memory: 192  
2026/08/06 11:26:12 - mmengine - INFO - Epoch(val)  [16][ 70/116]    eta: 0:00:01  time: 0.0370  data_time: 0.0061  memory: 151  
2026/08/06 11:26:12 - mmengine - INFO - Epoch(val)  [16][ 80/116]    eta: 0:00:01  time: 0.0370  data_time: 0.0063  memory: 140  
2026/08/06 11:26:13 - mmengine - INFO - Epoch(val)  [16][ 90/116]    eta: 0:00:00  time: 0.0383  data_time: 0.0066  memory: 175  
2026/08/06 11:26:13 - mmengine - INFO - Epoch(val)  [16][100/116]    eta: 0:00:00  time: 0.0393  data_time: 0.0064  memory: 183  
2026/08/06 11:26:14 - mmengine - INFO - Epoch(val)  [16][110/116]    eta: 0:00:00  time: 0.0410  data_time: 0.0064  memory: 164  
2026/08/06 11:26:14 - mmengine - INFO - Evaluating bbox...
2026/08/06 11:26:14 - mmengine - INFO - bbox_mAP_copypaste: 0.599 0.913 0.732 0.000 0.705 0.546
2026/08/06 11:26:14 - mmengine - INFO - Evaluating segm...
2026/08/06 11:26:14 - mmengine - INFO - segm_mAP_copypaste: 0.610 0.890 0.721 0.000 0.701 0.564
2026/08/06 11:26:14 - mmengine - INFO - Epoch(val) [16][116/116]    coco/bbox_mAP: 0.5990  coco/bbox_mAP_50: 0.9130  coco/bbox_mAP_75: 0.7320  coco/bbox_mAP_s: 0.0000  coco/bbox_mAP_m: 0.7050  coco/bbox_mAP_l: 0.5460  coco/segm_mAP: 0.6100  coco/segm_mAP_50: 0.8900  coco/segm_mAP_75: 0.7210  coco/segm_mAP_s: 0.0000  coco/segm_mAP_m: 0.7010  coco/segm_mAP_l: 0.5640  data_time: 0.0063  time: 0.0392
2026/08/06 11:26:18 - mmengine - INFO - Epoch(train)  [17][10/68]  base_lr: 1.2500e-04 lr: 1.2500e-04  eta: 0:35:05  time: 0.3912  data_time: 0.1481  memory: 601  grad_norm: 14.2195  loss: 0.7312  loss_cls: 0.2560  loss_bbox: 0.3258  loss_mask: 0.1495
2026/08/06 11:26:22 - mmengine - INFO - Epoch(train)  [17][20/68]  base_lr: 1.2500e-04 lr: 1.2500e-04  eta: 0:35:01  time: 0.3823  data_time: 0.1417  memory: 600  grad_norm: 14.3540  loss: 0.7131  loss_cls: 0.2506  loss_bbox: 0.3187  loss_mask: 0.1437
2026/08/06 11:26:26 - mmengine - INFO - Epoch(train)  [17][30/68]  base_lr: 1.2500e-04 lr: 1.2500e-04  eta: 0:34:58  time: 0.3858  data_time: 0.1458  memory: 600  grad_norm: 14.4954  loss: 0.7074  loss_cls: 0.2513  loss_bbox: 0.3160  loss_mask: 0.1401
2026/08/06 11:26:30 - mmengine - INFO - Epoch(train)  [17][40/68]  base_lr: 1.2500e-04 lr: 1.2500e-04  eta: 0:34:55  time: 0.3850  data_time: 0.1454  memory: 604  grad_norm: 14.6733  loss: 0.6876  loss_cls: 0.2386  loss_bbox: 0.3119  loss_mask: 0.1372
2026/08/06 11:26:33 - mmengine - INFO - Epoch(train)  [17][50/68]  base_lr: 1.2500e-04 lr: 1.2500e-04  eta: 0:34:51  time: 0.3779  data_time: 0.1424  memory: 601  grad_norm: 14.1631  loss: 0.6697  loss_cls: 0.2301  loss_bbox: 0.3058  loss_mask: 0.1337
2026/08/06 11:26:37 - mmengine - INFO - Epoch(train)  [17][60/68]  base_lr: 1.2500e-04 lr: 1.2500e-04  eta: 0:34:48  time: 0.3737  data_time: 0.1423  memory: 600  grad_norm: 13.9252  loss: 0.6577  loss_cls: 0.2284  loss_bbox: 0.2980  loss_mask: 0.1314
2026/08/06 11:26:40 - mmengine - INFO - Exp name: rtmdet_ins_busi_20260806_111712
2026/08/06 11:26:40 - mmengine - INFO - Saving checkpoint at 17 epochs
2026/08/06 11:26:42 - mmengine - INFO - Epoch(val)  [17][ 10/116]    eta: 0:00:03  time: 0.0414  data_time: 0.0066  memory: 600  
2026/08/06 11:26:43 - mmengine - INFO - Epoch(val)  [17][ 20/116]    eta: 0:00:03  time: 0.0399  data_time: 0.0064  memory: 133  
2026/08/06 11:26:43 - mmengine - INFO - Epoch(val)  [17][ 30/116]    eta: 0:00:02  time: 0.0384  data_time: 0.0060  memory: 177  
2026/08/06 11:26:43 - mmengine - INFO - Epoch(val)  [17][ 40/116]    eta: 0:00:02  time: 0.0358  data_time: 0.0056  memory: 168  
2026/08/06 11:26:44 - mmengine - INFO - Epoch(val)  [17][ 50/116]    eta: 0:00:02  time: 0.0341  data_time: 0.0057  memory: 170  
2026/08/06 11:26:44 - mmengine - INFO - Epoch(val)  [17][ 60/116]    eta: 0:00:01  time: 0.0344  data_time: 0.0058  memory: 182  
2026/08/06 11:26:44 - mmengine - INFO - Epoch(val)  [17][ 70/116]    eta: 0:00:01  time: 0.0351  data_time: 0.0058  memory: 136  
2026/08/06 11:26:45 - mmengine - INFO - Epoch(val)  [17][ 80/116]    eta: 0:00:01  time: 0.0353  data_time: 0.0061  memory: 148  
2026/08/06 11:26:45 - mmengine - INFO - Epoch(val)  [17][ 90/116]    eta: 0:00:00  time: 0.0371  data_time: 0.0070  memory: 225  
2026/08/06 11:26:45 - mmengine - INFO - Epoch(val)  [17][100/116]    eta: 0:00:00  time: 0.0378  data_time: 0.0067  memory: 183  
2026/08/06 11:26:46 - mmengine - INFO - Epoch(val)  [17][110/116]    eta: 0:00:00  time: 0.0382  data_time: 0.0064  memory: 214  
2026/08/06 11:26:46 - mmengine - INFO - Evaluating bbox...
2026/08/06 11:26:46 - mmengine - INFO - bbox_mAP_copypaste: 0.584 0.883 0.718 0.000 0.701 0.521
2026/08/06 11:26:46 - mmengine - INFO - Evaluating segm...
2026/08/06 11:26:46 - mmengine - INFO - segm_mAP_copypaste: 0.587 0.882 0.680 0.000 0.685 0.538
2026/08/06 11:26:46 - mmengine - INFO - Epoch(val) [17][116/116]    coco/bbox_mAP: 0.5840  coco/bbox_mAP_50: 0.8830  coco/bbox_mAP_75: 0.7180  coco/bbox_mAP_s: 0.0000  coco/bbox_mAP_m: 0.7010  coco/bbox_mAP_l: 0.5210  coco/segm_mAP: 0.5870  coco/segm_mAP_50: 0.8820  coco/segm_mAP_75: 0.6800  coco/segm_mAP_s: 0.0000  coco/segm_mAP_m: 0.6850  coco/segm_mAP_l: 0.5380  data_time: 0.0062  time: 0.0365
2026/08/06 11:26:50 - mmengine - INFO - Epoch(train)  [18][10/68]  base_lr: 1.2500e-04 lr: 1.2500e-04  eta: 0:34:41  time: 0.3728  data_time: 0.1416  memory: 601  grad_norm: 13.9051  loss: 0.6906  loss_cls: 0.2386  loss_bbox: 0.3133  loss_mask: 0.1387
2026/08/06 11:26:54 - mmengine - INFO - Epoch(train)  [18][20/68]  base_lr: 1.2500e-04 lr: 1.2500e-04  eta: 0:34:38  time: 0.3724  data_time: 0.1422  memory: 600  grad_norm: 13.7084  loss: 0.6953  loss_cls: 0.2390  loss_bbox: 0.3161  loss_mask: 0.1402
2026/08/06 11:26:57 - mmengine - INFO - Epoch(train)  [18][30/68]  base_lr: 1.2500e-04 lr: 1.2500e-04  eta: 0:34:34  time: 0.3716  data_time: 0.1415  memory: 599  grad_norm: 14.1723  loss: 0.7002  loss_cls: 0.2481  loss_bbox: 0.3146  loss_mask: 0.1374
2026/08/06 11:27:01 - mmengine - INFO - Epoch(train)  [18][40/68]  base_lr: 1.2500e-04 lr: 1.2500e-04  eta: 0:34:31  time: 0.3731  data_time: 0.1424  memory: 603  grad_norm: 14.2107  loss: 0.7058  loss_cls: 0.2465  loss_bbox: 0.3198  loss_mask: 0.1395
2026/08/06 11:27:05 - mmengine - INFO - Epoch(train)  [18][50/68]  base_lr: 1.2500e-04 lr: 1.2500e-04  eta: 0:34:27  time: 0.3711  data_time: 0.1420  memory: 600  grad_norm: 13.9092  loss: 0.6843  loss_cls: 0.2310  loss_bbox: 0.3165  loss_mask: 0.1368
2026/08/06 11:27:09 - mmengine - INFO - Epoch(train)  [18][60/68]  base_lr: 1.2500e-04 lr: 1.2500e-04  eta: 0:34:24  time: 0.3726  data_time: 0.1440  memory: 601  grad_norm: 14.4427  loss: 0.6864  loss_cls: 0.2373  loss_bbox: 0.3131  loss_mask: 0.1360
2026/08/06 11:27:11 - mmengine - INFO - Exp name: rtmdet_ins_busi_20260806_111712
2026/08/06 11:27:11 - mmengine - INFO - Saving checkpoint at 18 epochs
2026/08/06 11:27:14 - mmengine - INFO - Epoch(val)  [18][ 10/116]    eta: 0:00:03  time: 0.0399  data_time: 0.0066  memory: 601  
2026/08/06 11:27:14 - mmengine - INFO - Epoch(val)  [18][ 20/116]    eta: 0:00:03  time: 0.0396  data_time: 0.0066  memory: 134  
2026/08/06 11:27:14 - mmengine - INFO - Epoch(val)  [18][ 30/116]    eta: 0:00:03  time: 0.0379  data_time: 0.0057  memory: 202  
2026/08/06 11:27:15 - mmengine - INFO - Epoch(val)  [18][ 40/116]    eta: 0:00:02  time: 0.0381  data_time: 0.0055  memory: 175  
2026/08/06 11:27:15 - mmengine - INFO - Epoch(val)  [18][ 50/116]    eta: 0:00:02  time: 0.0363  data_time: 0.0057  memory: 170  
2026/08/06 11:27:15 - mmengine - INFO - Epoch(val)  [18][ 60/116]    eta: 0:00:02  time: 0.0361  data_time: 0.0059  memory: 200  
2026/08/06 11:27:16 - mmengine - INFO - Epoch(val)  [18][ 70/116]    eta: 0:00:01  time: 0.0367  data_time: 0.0059  memory: 151  
2026/08/06 11:27:16 - mmengine - INFO - Epoch(val)  [18][ 80/116]    eta: 0:00:01  time: 0.0364  data_time: 0.0060  memory: 185  
2026/08/06 11:27:17 - mmengine - INFO - Epoch(val)  [18][ 90/116]    eta: 0:00:00  time: 0.0369  data_time: 0.0064  memory: 201  
2026/08/06 11:27:17 - mmengine - INFO - Epoch(val)  [18][100/116]    eta: 0:00:00  time: 0.0387  data_time: 0.0061  memory: 183  
2026/08/06 11:27:17 - mmengine - INFO - Epoch(val)  [18][110/116]    eta: 0:00:00  time: 0.0395  data_time: 0.0058  memory: 163  
2026/08/06 11:27:18 - mmengine - INFO - Evaluating bbox...
2026/08/06 11:27:18 - mmengine - INFO - bbox_mAP_copypaste: 0.590 0.900 0.731 0.000 0.686 0.535
2026/08/06 11:27:18 - mmengine - INFO - Evaluating segm...
2026/08/06 11:27:18 - mmengine - INFO - segm_mAP_copypaste: 0.609 0.885 0.689 0.000 0.709 0.559
2026/08/06 11:27:18 - mmengine - INFO - Epoch(val) [18][116/116]    coco/bbox_mAP: 0.5900  coco/bbox_mAP_50: 0.9000  coco/bbox_mAP_75: 0.7310  coco/bbox_mAP_s: 0.0000  coco/bbox_mAP_m: 0.6860  coco/bbox_mAP_l: 0.5350  coco/segm_mAP: 0.6090  coco/segm_mAP_50: 0.8850  coco/segm_mAP_75: 0.6890  coco/segm_mAP_s: 0.0000  coco/segm_mAP_m: 0.7090  coco/segm_mAP_l: 0.5590  data_time: 0.0059  time: 0.0384
2026/08/06 11:27:22 - mmengine - INFO - Epoch(train)  [19][10/68]  base_lr: 1.2500e-04 lr: 1.2500e-04  eta: 0:34:15  time: 0.3664  data_time: 0.1358  memory: 601  grad_norm: 14.0440  loss: 0.6964  loss_cls: 0.2422  loss_bbox: 0.3158  loss_mask: 0.1383
2026/08/06 11:27:25 - mmengine - INFO - Epoch(train)  [19][20/68]  base_lr: 1.2500e-04 lr: 1.2500e-04  eta: 0:34:12  time: 0.3635  data_time: 0.1328  memory: 603  grad_norm: 13.8746  loss: 0.6757  loss_cls: 0.2306  loss_bbox: 0.3099  loss_mask: 0.1352
2026/08/06 11:27:29 - mmengine - INFO - Epoch(train)  [19][30/68]  base_lr: 1.2500e-04 lr: 1.2500e-04  eta: 0:34:08  time: 0.3631  data_time: 0.1326  memory: 601  grad_norm: 14.1370  loss: 0.6843  loss_cls: 0.2356  loss_bbox: 0.3084  loss_mask: 0.1403
2026/08/06 11:27:33 - mmengine - INFO - Epoch(train)  [19][40/68]  base_lr: 1.2500e-04 lr: 1.2500e-04  eta: 0:34:03  time: 0.3591  data_time: 0.1287  memory: 602  grad_norm: 13.7739  loss: 0.6858  loss_cls: 0.2344  loss_bbox: 0.3106  loss_mask: 0.1408
2026/08/06 11:27:36 - mmengine - INFO - Epoch(train)  [19][50/68]  base_lr: 1.2500e-04 lr: 1.2500e-04  eta: 0:34:00  time: 0.3659  data_time: 0.1357  memory: 600  grad_norm: 13.2848  loss: 0.6675  loss_cls: 0.2260  loss_bbox: 0.3024  loss_mask: 0.1390
2026/08/06 11:27:40 - mmengine - INFO - Epoch(train)  [19][60/68]  base_lr: 1.2500e-04 lr: 1.2500e-04  eta: 0:33:58  time: 0.3726  data_time: 0.1442  memory: 601  grad_norm: 13.2657  loss: 0.6810  loss_cls: 0.2281  loss_bbox: 0.3108  loss_mask: 0.1420
2026/08/06 11:27:43 - mmengine - INFO - Exp name: rtmdet_ins_busi_20260806_111712
2026/08/06 11:27:43 - mmengine - INFO - Saving checkpoint at 19 epochs
2026/08/06 11:27:46 - mmengine - INFO - Epoch(val)  [19][ 10/116]    eta: 0:00:03  time: 0.0412  data_time: 0.0060  memory: 600  
2026/08/06 11:27:46 - mmengine - INFO - Epoch(val)  [19][ 20/116]    eta: 0:00:03  time: 0.0397  data_time: 0.0059  memory: 133  
2026/08/06 11:27:46 - mmengine - INFO - Epoch(val)  [19][ 30/116]    eta: 0:00:03  time: 0.0387  data_time: 0.0055  memory: 169  
2026/08/06 11:27:47 - mmengine - INFO - Epoch(val)  [19][ 40/116]    eta: 0:00:02  time: 0.0384  data_time: 0.0054  memory: 190  
2026/08/06 11:27:47 - mmengine - INFO - Epoch(val)  [19][ 50/116]    eta: 0:00:02  time: 0.0358  data_time: 0.0055  memory: 187  
2026/08/06 11:27:47 - mmengine - INFO - Epoch(val)  [19][ 60/116]    eta: 0:00:01  time: 0.0352  data_time: 0.0057  memory: 151  
2026/08/06 11:27:48 - mmengine - INFO - Epoch(val)  [19][ 70/116]    eta: 0:00:01  time: 0.0355  data_time: 0.0057  memory: 146  
2026/08/06 11:27:48 - mmengine - INFO - Epoch(val)  [19][ 80/116]    eta: 0:00:01  time: 0.0346  data_time: 0.0061  memory: 145  
2026/08/06 11:27:48 - mmengine - INFO - Epoch(val)  [19][ 90/116]    eta: 0:00:00  time: 0.0352  data_time: 0.0065  memory: 188  
2026/08/06 11:27:49 - mmengine - INFO - Epoch(val)  [19][100/116]    eta: 0:00:00  time: 0.0368  data_time: 0.0063  memory: 204  
2026/08/06 11:27:49 - mmengine - INFO - Epoch(val)  [19][110/116]    eta: 0:00:00  time: 0.0384  data_time: 0.0062  memory: 194  
2026/08/06 11:27:49 - mmengine - INFO - Evaluating bbox...
2026/08/06 11:27:50 - mmengine - INFO - bbox_mAP_copypaste: 0.586 0.904 0.710 0.000 0.667 0.540
2026/08/06 11:27:50 - mmengine - INFO - Evaluating segm...
2026/08/06 11:27:50 - mmengine - INFO - segm_mAP_copypaste: 0.597 0.896 0.696 0.000 0.675 0.555
2026/08/06 11:27:50 - mmengine - INFO - Epoch(val) [19][116/116]    coco/bbox_mAP: 0.5860  coco/bbox_mAP_50: 0.9040  coco/bbox_mAP_75: 0.7100  coco/bbox_mAP_s: 0.0000  coco/bbox_mAP_m: 0.6670  coco/bbox_mAP_l: 0.5400  coco/segm_mAP: 0.5970  coco/segm_mAP_50: 0.8960  coco/segm_mAP_75: 0.6960  coco/segm_mAP_s: 0.0000  coco/segm_mAP_m: 0.6750  coco/segm_mAP_l: 0.5550  data_time: 0.0059  time: 0.0371
2026/08/06 11:27:53 - mmengine - INFO - Epoch(train)  [20][10/68]  base_lr: 1.2500e-04 lr: 1.2500e-04  eta: 0:33:51  time: 0.3720  data_time: 0.1458  memory: 601  grad_norm: 13.1518  loss: 0.6879  loss_cls: 0.2315  loss_bbox: 0.3150  loss_mask: 0.1413
2026/08/06 11:27:57 - mmengine - INFO - Epoch(train)  [20][20/68]  base_lr: 1.2500e-04 lr: 1.2500e-04  eta: 0:33:47  time: 0.3762  data_time: 0.1492  memory: 601  grad_norm: 12.6412  loss: 0.6546  loss_cls: 0.2160  loss_bbox: 0.3035  loss_mask: 0.1351
2026/08/06 11:28:01 - mmengine - INFO - Epoch(train)  [20][30/68]  base_lr: 1.2500e-04 lr: 1.2500e-04  eta: 0:33:43  time: 0.3711  data_time: 0.1439  memory: 600  grad_norm: 13.0333  loss: 0.6580  loss_cls: 0.2136  loss_bbox: 0.3090  loss_mask: 0.1354
2026/08/06 11:28:04 - mmengine - INFO - Epoch(train)  [20][40/68]  base_lr: 1.2500e-04 lr: 1.2500e-04  eta: 0:33:39  time: 0.3672  data_time: 0.1406  memory: 601  grad_norm: 13.2050  loss: 0.6450  loss_cls: 0.2121  loss_bbox: 0.3020  loss_mask: 0.1309
2026/08/06 11:28:08 - mmengine - INFO - Epoch(train)  [20][50/68]  base_lr: 1.2500e-04 lr: 1.2500e-04  eta: 0:33:35  time: 0.3677  data_time: 0.1396  memory: 603  grad_norm: 13.1131  loss: 0.6268  loss_cls: 0.1976  loss_bbox: 0.2987  loss_mask: 0.1304
2026/08/06 11:28:12 - mmengine - INFO - Epoch(train)  [20][60/68]  base_lr: 1.2500e-04 lr: 1.2500e-04  eta: 0:33:32  time: 0.3684  data_time: 0.1404  memory: 601  grad_norm: 13.4941  loss: 0.6345  loss_cls: 0.2043  loss_bbox: 0.3013  loss_mask: 0.1289
2026/08/06 11:28:15 - mmengine - INFO - Exp name: rtmdet_ins_busi_20260806_111712
2026/08/06 11:28:15 - mmengine - INFO - Saving checkpoint at 20 epochs
2026/08/06 11:28:17 - mmengine - INFO - Epoch(val)  [20][ 10/116]    eta: 0:00:04  time: 0.0403  data_time: 0.0062  memory: 600  
2026/08/06 11:28:17 - mmengine - INFO - Epoch(val)  [20][ 20/116]    eta: 0:00:03  time: 0.0397  data_time: 0.0062  memory: 138  
2026/08/06 11:28:18 - mmengine - INFO - Epoch(val)  [20][ 30/116]    eta: 0:00:03  time: 0.0388  data_time: 0.0058  memory: 202  
2026/08/06 11:28:18 - mmengine - INFO - Epoch(val)  [20][ 40/116]    eta: 0:00:02  time: 0.0381  data_time: 0.0056  memory: 187  
2026/08/06 11:28:18 - mmengine - INFO - Epoch(val)  [20][ 50/116]    eta: 0:00:02  time: 0.0363  data_time: 0.0058  memory: 164  
2026/08/06 11:28:19 - mmengine - INFO - Epoch(val)  [20][ 60/116]    eta: 0:00:02  time: 0.0360  data_time: 0.0060  memory: 164  
2026/08/06 11:28:19 - mmengine - INFO - Epoch(val)  [20][ 70/116]    eta: 0:00:01  time: 0.0364  data_time: 0.0060  memory: 134  
2026/08/06 11:28:20 - mmengine - INFO - Epoch(val)  [20][ 80/116]    eta: 0:00:01  time: 0.0359  data_time: 0.0061  memory: 154  
2026/08/06 11:28:20 - mmengine - INFO - Epoch(val)  [20][ 90/116]    eta: 0:00:00  time: 0.0372  data_time: 0.0066  memory: 201  
2026/08/06 11:28:20 - mmengine - INFO - Epoch(val)  [20][100/116]    eta: 0:00:00  time: 0.0384  data_time: 0.0064  memory: 219  
2026/08/06 11:28:21 - mmengine - INFO - Epoch(val)  [20][110/116]    eta: 0:00:00  time: 0.0387  data_time: 0.0061  memory: 221  
2026/08/06 11:28:21 - mmengine - INFO - Evaluating bbox...
2026/08/06 11:28:21 - mmengine - INFO - bbox_mAP_copypaste: 0.599 0.909 0.714 0.000 0.722 0.535
2026/08/06 11:28:21 - mmengine - INFO - Evaluating segm...
2026/08/06 11:28:21 - mmengine - INFO - segm_mAP_copypaste: 0.606 0.896 0.687 0.000 0.703 0.558
2026/08/06 11:28:21 - mmengine - INFO - Epoch(val) [20][116/116]    coco/bbox_mAP: 0.5990  coco/bbox_mAP_50: 0.9090  coco/bbox_mAP_75: 0.7140  coco/bbox_mAP_s: 0.0000  coco/bbox_mAP_m: 0.7220  coco/bbox_mAP_l: 0.5350  coco/segm_mAP: 0.6060  coco/segm_mAP_50: 0.8960  coco/segm_mAP_75: 0.6870  coco/segm_mAP_s: 0.0000  coco/segm_mAP_m: 0.7030  coco/segm_mAP_l: 0.5580  data_time: 0.0061  time: 0.0378
2026/08/06 11:28:25 - mmengine - INFO - Epoch(train)  [21][10/68]  base_lr: 1.2500e-04 lr: 1.2500e-04  eta: 0:33:25  time: 0.3685  data_time: 0.1402  memory: 601  grad_norm: 13.8200  loss: 0.6403  loss_cls: 0.2102  loss_bbox: 0.3017  loss_mask: 0.1284
2026/08/06 11:28:29 - mmengine - INFO - Epoch(train)  [21][20/68]  base_lr: 1.2500e-04 lr: 1.2500e-04  eta: 0:33:21  time: 0.3677  data_time: 0.1382  memory: 600  grad_norm: 13.6935  loss: 0.6380  loss_cls: 0.2073  loss_bbox: 0.3009  loss_mask: 0.1298
2026/08/06 11:28:32 - mmengine - INFO - Epoch(train)  [21][30/68]  base_lr: 1.2500e-04 lr: 1.2500e-04  eta: 0:33:18  time: 0.3680  data_time: 0.1387  memory: 600  grad_norm: 13.9240  loss: 0.6330  loss_cls: 0.2062  loss_bbox: 0.2999  loss_mask: 0.1270
2026/08/06 11:28:36 - mmengine - INFO - Epoch(train)  [21][40/68]  base_lr: 1.2500e-04 lr: 1.2500e-04  eta: 0:33:14  time: 0.3660  data_time: 0.1382  memory: 600  grad_norm: 13.8918  loss: 0.6411  loss_cls: 0.2134  loss_bbox: 0.3005  loss_mask: 0.1271
2026/08/06 11:28:40 - mmengine - INFO - Epoch(train)  [21][50/68]  base_lr: 1.2500e-04 lr: 1.2500e-04  eta: 0:33:10  time: 0.3683  data_time: 0.1382  memory: 602  grad_norm: 13.3430  loss: 0.6299  loss_cls: 0.2049  loss_bbox: 0.2983  loss_mask: 0.1267
2026/08/06 11:28:43 - mmengine - INFO - Epoch(train)  [21][60/68]  base_lr: 1.2500e-04 lr: 1.2500e-04  eta: 0:33:05  time: 0.3613  data_time: 0.1337  memory: 600  grad_norm: 13.4631  loss: 0.6408  loss_cls: 0.2088  loss_bbox: 0.3046  loss_mask: 0.1274
2026/08/06 11:28:46 - mmengine - INFO - Exp name: rtmdet_ins_busi_20260806_111712
2026/08/06 11:28:46 - mmengine - INFO - Saving checkpoint at 21 epochs
2026/08/06 11:28:48 - mmengine - INFO - Epoch(val)  [21][ 10/116]    eta: 0:00:03  time: 0.0398  data_time: 0.0062  memory: 601  
2026/08/06 11:28:49 - mmengine - INFO - Epoch(val)  [21][ 20/116]    eta: 0:00:03  time: 0.0388  data_time: 0.0061  memory: 127  
2026/08/06 11:28:49 - mmengine - INFO - Epoch(val)  [21][ 30/116]    eta: 0:00:02  time: 0.0371  data_time: 0.0056  memory: 159  
2026/08/06 11:28:49 - mmengine - INFO - Epoch(val)  [21][ 40/116]    eta: 0:00:02  time: 0.0364  data_time: 0.0054  memory: 155  
2026/08/06 11:28:50 - mmengine - INFO - Epoch(val)  [21][ 50/116]    eta: 0:00:02  time: 0.0347  data_time: 0.0055  memory: 158  
2026/08/06 11:28:50 - mmengine - INFO - Epoch(val)  [21][ 60/116]    eta: 0:00:01  time: 0.0344  data_time: 0.0057  memory: 143  
2026/08/06 11:28:50 - mmengine - INFO - Epoch(val)  [21][ 70/116]    eta: 0:00:01  time: 0.0343  data_time: 0.0056  memory: 127  
2026/08/06 11:28:51 - mmengine - INFO - Epoch(val)  [21][ 80/116]    eta: 0:00:01  time: 0.0339  data_time: 0.0059  memory: 149  
2026/08/06 11:28:51 - mmengine - INFO - Epoch(val)  [21][ 90/116]    eta: 0:00:00  time: 0.0346  data_time: 0.0063  memory: 207  
2026/08/06 11:28:51 - mmengine - INFO - Epoch(val)  [21][100/116]    eta: 0:00:00  time: 0.0360  data_time: 0.0062  memory: 196  
2026/08/06 11:28:52 - mmengine - INFO - Epoch(val)  [21][110/116]    eta: 0:00:00  time: 0.0371  data_time: 0.0060  memory: 186  
2026/08/06 11:28:52 - mmengine - INFO - Evaluating bbox...
2026/08/06 11:28:52 - mmengine - INFO - bbox_mAP_copypaste: 0.597 0.900 0.743 0.000 0.685 0.547
2026/08/06 11:28:52 - mmengine - INFO - Evaluating segm...
2026/08/06 11:28:52 - mmengine - INFO - segm_mAP_copypaste: 0.614 0.888 0.724 0.000 0.712 0.560
2026/08/06 11:28:52 - mmengine - INFO - Epoch(val) [21][116/116]    coco/bbox_mAP: 0.5970  coco/bbox_mAP_50: 0.9000  coco/bbox_mAP_75: 0.7430  coco/bbox_mAP_s: 0.0000  coco/bbox_mAP_m: 0.6850  coco/bbox_mAP_l: 0.5470  coco/segm_mAP: 0.6140  coco/segm_mAP_50: 0.8880  coco/segm_mAP_75: 0.7240  coco/segm_mAP_s: 0.0000  coco/segm_mAP_m: 0.7120  coco/segm_mAP_l: 0.5600  data_time: 0.0059  time: 0.0361
2026/08/06 11:28:52 - mmengine - INFO - The previous best checkpoint d:\mamografi\real_time_segmentasyon\rtmdet\calisma\rtmdet_ins_tiny_256_orta\best_coco_segm_mAP_epoch_15.pth is removed
2026/08/06 11:28:54 - mmengine - INFO - The best checkpoint with 0.6140 coco/segm_mAP at 21 epoch is saved to best_coco_segm_mAP_epoch_21.pth.
2026/08/06 11:29:00 - mmengine - INFO - Epoch(train)  [22][10/68]  base_lr: 1.2500e-04 lr: 1.2500e-04  eta: 0:32:59  time: 0.3616  data_time: 0.1322  memory: 599  grad_norm: 13.7095  loss: 0.6406  loss_cls: 0.2121  loss_bbox: 0.3006  loss_mask: 0.1278
2026/08/06 11:29:03 - mmengine - INFO - Epoch(train)  [22][20/68]  base_lr: 1.2500e-04 lr: 1.2500e-04  eta: 0:32:54  time: 0.3607  data_time: 0.1302  memory: 601  grad_norm: 13.7929  loss: 0.6339  loss_cls: 0.2055  loss_bbox: 0.2997  loss_mask: 0.1287
2026/08/06 11:29:07 - mmengine - INFO - Epoch(train)  [22][30/68]  base_lr: 1.2500e-04 lr: 1.2500e-04  eta: 0:32:50  time: 0.3582  data_time: 0.1275  memory: 600  grad_norm: 13.7253  loss: 0.6401  loss_cls: 0.2091  loss_bbox: 0.2996  loss_mask: 0.1314
2026/08/06 11:29:11 - mmengine - INFO - Epoch(train)  [22][40/68]  base_lr: 1.2500e-04 lr: 1.2500e-04  eta: 0:32:47  time: 0.3627  data_time: 0.1310  memory: 600  grad_norm: 14.0641  loss: 0.6369  loss_cls: 0.2104  loss_bbox: 0.2943  loss_mask: 0.1322
2026/08/06 11:29:14 - mmengine - INFO - Epoch(train)  [22][50/68]  base_lr: 1.2500e-04 lr: 1.2500e-04  eta: 0:32:43  time: 0.3679  data_time: 0.1355  memory: 600  grad_norm: 13.5324  loss: 0.6308  loss_cls: 0.2061  loss_bbox: 0.2930  loss_mask: 0.1317
2026/08/06 11:29:18 - mmengine - INFO - Epoch(train)  [22][60/68]  base_lr: 1.2500e-04 lr: 1.2500e-04  eta: 0:32:40  time: 0.3679  data_time: 0.1384  memory: 601  grad_norm: 13.0746  loss: 0.6327  loss_cls: 0.2076  loss_bbox: 0.2941  loss_mask: 0.1310
2026/08/06 11:29:21 - mmengine - INFO - Exp name: rtmdet_ins_busi_20260806_111712
2026/08/06 11:29:21 - mmengine - INFO - Saving checkpoint at 22 epochs
2026/08/06 11:29:23 - mmengine - INFO - Epoch(val)  [22][ 10/116]    eta: 0:00:03  time: 0.0390  data_time: 0.0063  memory: 605  
2026/08/06 11:29:24 - mmengine - INFO - Epoch(val)  [22][ 20/116]    eta: 0:00:03  time: 0.0385  data_time: 0.0062  memory: 122  
2026/08/06 11:29:24 - mmengine - INFO - Epoch(val)  [22][ 30/116]    eta: 0:00:02  time: 0.0372  data_time: 0.0057  memory: 187  
2026/08/06 11:29:24 - mmengine - INFO - Epoch(val)  [22][ 40/116]    eta: 0:00:02  time: 0.0363  data_time: 0.0055  memory: 151  
2026/08/06 11:29:25 - mmengine - INFO - Epoch(val)  [22][ 50/116]    eta: 0:00:02  time: 0.0344  data_time: 0.0055  memory: 193  
2026/08/06 11:29:25 - mmengine - INFO - Epoch(val)  [22][ 60/116]    eta: 0:00:01  time: 0.0345  data_time: 0.0056  memory: 164  
2026/08/06 11:29:25 - mmengine - INFO - Epoch(val)  [22][ 70/116]    eta: 0:00:01  time: 0.0347  data_time: 0.0057  memory: 143  
2026/08/06 11:29:26 - mmengine - INFO - Epoch(val)  [22][ 80/116]    eta: 0:00:01  time: 0.0349  data_time: 0.0058  memory: 153  
2026/08/06 11:29:26 - mmengine - INFO - Epoch(val)  [22][ 90/116]    eta: 0:00:00  time: 0.0371  data_time: 0.0062  memory: 201  
2026/08/06 11:29:27 - mmengine - INFO - Epoch(val)  [22][100/116]    eta: 0:00:00  time: 0.0383  data_time: 0.0061  memory: 211  
2026/08/06 11:29:27 - mmengine - INFO - Epoch(val)  [22][110/116]    eta: 0:00:00  time: 0.0393  data_time: 0.0058  memory: 239  
2026/08/06 11:29:27 - mmengine - INFO - Evaluating bbox...
2026/08/06 11:29:27 - mmengine - INFO - bbox_mAP_copypaste: 0.601 0.900 0.737 0.000 0.712 0.537
2026/08/06 11:29:27 - mmengine - INFO - Evaluating segm...
2026/08/06 11:29:28 - mmengine - INFO - segm_mAP_copypaste: 0.600 0.884 0.677 0.000 0.699 0.547
2026/08/06 11:29:28 - mmengine - INFO - Epoch(val) [22][116/116]    coco/bbox_mAP: 0.6010  coco/bbox_mAP_50: 0.9000  coco/bbox_mAP_75: 0.7370  coco/bbox_mAP_s: 0.0000  coco/bbox_mAP_m: 0.7120  coco/bbox_mAP_l: 0.5370  coco/segm_mAP: 0.6000  coco/segm_mAP_50: 0.8840  coco/segm_mAP_75: 0.6770  coco/segm_mAP_s: 0.0000  coco/segm_mAP_m: 0.6990  coco/segm_mAP_l: 0.5470  data_time: 0.0058  time: 0.0371
2026/08/06 11:29:31 - mmengine - INFO - Epoch(train)  [23][10/68]  base_lr: 1.2500e-04 lr: 1.2500e-04  eta: 0:32:33  time: 0.3746  data_time: 0.1432  memory: 601  grad_norm: 13.5944  loss: 0.6219  loss_cls: 0.2058  loss_bbox: 0.2901  loss_mask: 0.1260
2026/08/06 11:29:35 - mmengine - INFO - Epoch(train)  [23][20/68]  base_lr: 1.2500e-04 lr: 1.2500e-04  eta: 0:32:30  time: 0.3753  data_time: 0.1421  memory: 602  grad_norm: 12.8631  loss: 0.5919  loss_cls: 0.1887  loss_bbox: 0.2823  loss_mask: 0.1209
2026/08/06 11:29:39 - mmengine - INFO - Epoch(train)  [23][30/68]  base_lr: 1.2500e-04 lr: 1.2500e-04  eta: 0:32:26  time: 0.3724  data_time: 0.1397  memory: 600  grad_norm: 13.1033  loss: 0.6006  loss_cls: 0.1910  loss_bbox: 0.2868  loss_mask: 0.1228
2026/08/06 11:29:42 - mmengine - INFO - Epoch(train)  [23][40/68]  base_lr: 1.2500e-04 lr: 1.2500e-04  eta: 0:32:22  time: 0.3688  data_time: 0.1372  memory: 600  grad_norm: 13.3329  loss: 0.5910  loss_cls: 0.1858  loss_bbox: 0.2837  loss_mask: 0.1216
2026/08/06 11:29:46 - mmengine - INFO - Epoch(train)  [23][50/68]  base_lr: 1.2500e-04 lr: 1.2500e-04  eta: 0:32:19  time: 0.3715  data_time: 0.1391  memory: 601  grad_norm: 13.6679  loss: 0.6084  loss_cls: 0.1902  loss_bbox: 0.2898  loss_mask: 0.1283
2026/08/06 11:29:50 - mmengine - INFO - Epoch(train)  [23][60/68]  base_lr: 1.2500e-04 lr: 1.2500e-04  eta: 0:32:15  time: 0.3717  data_time: 0.1420  memory: 600  grad_norm: 13.2060  loss: 0.6215  loss_cls: 0.1979  loss_bbox: 0.2937  loss_mask: 0.1298
2026/08/06 11:29:53 - mmengine - INFO - Exp name: rtmdet_ins_busi_20260806_111712
2026/08/06 11:29:53 - mmengine - INFO - Saving checkpoint at 23 epochs
2026/08/06 11:29:55 - mmengine - INFO - Epoch(val)  [23][ 10/116]    eta: 0:00:03  time: 0.0409  data_time: 0.0062  memory: 600  
2026/08/06 11:29:55 - mmengine - INFO - Epoch(val)  [23][ 20/116]    eta: 0:00:03  time: 0.0395  data_time: 0.0060  memory: 130  
2026/08/06 11:29:56 - mmengine - INFO - Epoch(val)  [23][ 30/116]    eta: 0:00:03  time: 0.0375  data_time: 0.0056  memory: 179  
2026/08/06 11:29:56 - mmengine - INFO - Epoch(val)  [23][ 40/116]    eta: 0:00:02  time: 0.0373  data_time: 0.0054  memory: 172  
2026/08/06 11:29:56 - mmengine - INFO - Epoch(val)  [23][ 50/116]    eta: 0:00:02  time: 0.0346  data_time: 0.0054  memory: 193  
2026/08/06 11:29:57 - mmengine - INFO - Epoch(val)  [23][ 60/116]    eta: 0:00:01  time: 0.0347  data_time: 0.0056  memory: 182  
2026/08/06 11:29:57 - mmengine - INFO - Epoch(val)  [23][ 70/116]    eta: 0:00:01  time: 0.0347  data_time: 0.0057  memory: 132  
2026/08/06 11:29:57 - mmengine - INFO - Epoch(val)  [23][ 80/116]    eta: 0:00:01  time: 0.0345  data_time: 0.0058  memory: 161  
2026/08/06 11:29:58 - mmengine - INFO - Epoch(val)  [23][ 90/116]    eta: 0:00:00  time: 0.0360  data_time: 0.0063  memory: 219  
2026/08/06 11:29:58 - mmengine - INFO - Epoch(val)  [23][100/116]    eta: 0:00:00  time: 0.0378  data_time: 0.0062  memory: 190  
2026/08/06 11:29:59 - mmengine - INFO - Epoch(val)  [23][110/116]    eta: 0:00:00  time: 0.0392  data_time: 0.0060  memory: 206  
2026/08/06 11:29:59 - mmengine - INFO - Evaluating bbox...
2026/08/06 11:29:59 - mmengine - INFO - bbox_mAP_copypaste: 0.576 0.901 0.638 0.000 0.670 0.525
2026/08/06 11:29:59 - mmengine - INFO - Evaluating segm...
2026/08/06 11:29:59 - mmengine - INFO - segm_mAP_copypaste: 0.595 0.883 0.645 0.000 0.689 0.549
2026/08/06 11:29:59 - mmengine - INFO - Epoch(val) [23][116/116]    coco/bbox_mAP: 0.5760  coco/bbox_mAP_50: 0.9010  coco/bbox_mAP_75: 0.6380  coco/bbox_mAP_s: 0.0000  coco/bbox_mAP_m: 0.6700  coco/bbox_mAP_l: 0.5250  coco/segm_mAP: 0.5950  coco/segm_mAP_50: 0.8830  coco/segm_mAP_75: 0.6450  coco/segm_mAP_s: 0.0000  coco/segm_mAP_m: 0.6890  coco/segm_mAP_l: 0.5490  data_time: 0.0059  time: 0.0371
2026/08/06 11:30:03 - mmengine - INFO - Epoch(train)  [24][10/68]  base_lr: 1.2500e-04 lr: 1.2500e-04  eta: 0:32:07  time: 0.3598  data_time: 0.1330  memory: 601  grad_norm: 14.0194  loss: 0.6282  loss_cls: 0.2001  loss_bbox: 0.2989  loss_mask: 0.1292
2026/08/06 11:30:06 - mmengine - INFO - Epoch(train)  [24][20/68]  base_lr: 1.2500e-04 lr: 1.2500e-04  eta: 0:32:03  time: 0.3617  data_time: 0.1328  memory: 600  grad_norm: 13.9984  loss: 0.6244  loss_cls: 0.1949  loss_bbox: 0.2988  loss_mask: 0.1307
2026/08/06 11:30:10 - mmengine - INFO - Epoch(train)  [24][30/68]  base_lr: 1.2500e-04 lr: 1.2500e-04  eta: 0:32:00  time: 0.3631  data_time: 0.1333  memory: 601  grad_norm: 13.2727  loss: 0.6197  loss_cls: 0.1891  loss_bbox: 0.2985  loss_mask: 0.1322
2026/08/06 11:30:14 - mmengine - INFO - Epoch(train)  [24][40/68]  base_lr: 1.2500e-04 lr: 1.2500e-04  eta: 0:31:56  time: 0.3623  data_time: 0.1330  memory: 599  grad_norm: 13.8046  loss: 0.5972  loss_cls: 0.1788  loss_bbox: 0.2904  loss_mask: 0.1280
2026/08/06 11:30:18 - mmengine - INFO - Epoch(train)  [24][50/68]  base_lr: 1.2500e-04 lr: 1.2500e-04  eta: 0:31:53  time: 0.3717  data_time: 0.1403  memory: 600  grad_norm: 13.3498  loss: 0.5990  loss_cls: 0.1800  loss_bbox: 0.2901  loss_mask: 0.1289
2026/08/06 11:30:22 - mmengine - INFO - Epoch(train)  [24][60/68]  base_lr: 1.2500e-04 lr: 1.2500e-04  eta: 0:31:51  time: 0.3819  data_time: 0.1470  memory: 601  grad_norm: 13.1963  loss: 0.6026  loss_cls: 0.1811  loss_bbox: 0.2934  loss_mask: 0.1281
2026/08/06 11:30:25 - mmengine - INFO - Exp name: rtmdet_ins_busi_20260806_111712
2026/08/06 11:30:25 - mmengine - INFO - Saving checkpoint at 24 epochs
2026/08/06 11:30:27 - mmengine - INFO - Epoch(val)  [24][ 10/116]    eta: 0:00:03  time: 0.0398  data_time: 0.0062  memory: 600  
2026/08/06 11:30:28 - mmengine - INFO - Epoch(val)  [24][ 20/116]    eta: 0:00:03  time: 0.0385  data_time: 0.0058  memory: 116  
2026/08/06 11:30:28 - mmengine - INFO - Epoch(val)  [24][ 30/116]    eta: 0:00:02  time: 0.0357  data_time: 0.0054  memory: 144  
2026/08/06 11:30:28 - mmengine - INFO - Epoch(val)  [24][ 40/116]    eta: 0:00:02  time: 0.0342  data_time: 0.0052  memory: 162  
2026/08/06 11:30:29 - mmengine - INFO - Epoch(val)  [24][ 50/116]    eta: 0:00:02  time: 0.0322  data_time: 0.0051  memory: 182  
2026/08/06 11:30:29 - mmengine - INFO - Epoch(val)  [24][ 60/116]    eta: 0:00:01  time: 0.0326  data_time: 0.0054  memory: 182  
2026/08/06 11:30:29 - mmengine - INFO - Epoch(val)  [24][ 70/116]    eta: 0:00:01  time: 0.0332  data_time: 0.0058  memory: 130  
2026/08/06 11:30:30 - mmengine - INFO - Epoch(val)  [24][ 80/116]    eta: 0:00:01  time: 0.0340  data_time: 0.0060  memory: 141  
2026/08/06 11:30:30 - mmengine - INFO - Epoch(val)  [24][ 90/116]    eta: 0:00:00  time: 0.0350  data_time: 0.0065  memory: 188  
2026/08/06 11:30:30 - mmengine - INFO - Epoch(val)  [24][100/116]    eta: 0:00:00  time: 0.0366  data_time: 0.0067  memory: 199  
2026/08/06 11:30:31 - mmengine - INFO - Epoch(val)  [24][110/116]    eta: 0:00:00  time: 0.0381  data_time: 0.0066  memory: 190  
2026/08/06 11:30:31 - mmengine - INFO - Evaluating bbox...
2026/08/06 11:30:31 - mmengine - INFO - bbox_mAP_copypaste: 0.584 0.891 0.664 0.000 0.677 0.538
2026/08/06 11:30:31 - mmengine - INFO - Evaluating segm...
2026/08/06 11:30:31 - mmengine - INFO - segm_mAP_copypaste: 0.602 0.887 0.663 0.000 0.689 0.562
2026/08/06 11:30:31 - mmengine - INFO - Epoch(val) [24][116/116]    coco/bbox_mAP: 0.5840  coco/bbox_mAP_50: 0.8910  coco/bbox_mAP_75: 0.6640  coco/bbox_mAP_s: 0.0000  coco/bbox_mAP_m: 0.6770  coco/bbox_mAP_l: 0.5380  coco/segm_mAP: 0.6020  coco/segm_mAP_50: 0.8870  coco/segm_mAP_75: 0.6630  coco/segm_mAP_s: 0.0000  coco/segm_mAP_m: 0.6890  coco/segm_mAP_l: 0.5620  data_time: 0.0060  time: 0.0355
2026/08/06 11:30:35 - mmengine - INFO - Epoch(train)  [25][10/68]  base_lr: 1.2500e-04 lr: 1.2500e-04  eta: 0:31:46  time: 0.3908  data_time: 0.1540  memory: 603  grad_norm: 14.5334  loss: 0.6570  loss_cls: 0.2361  loss_bbox: 0.2909  loss_mask: 0.1301
2026/08/06 11:30:39 - mmengine - INFO - Epoch(train)  [25][20/68]  base_lr: 1.2500e-04 lr: 1.2500e-04  eta: 0:31:43  time: 0.3953  data_time: 0.1552  memory: 601  grad_norm: 14.1268  loss: 0.6390  loss_cls: 0.2249  loss_bbox: 0.2893  loss_mask: 0.1249
2026/08/06 11:30:43 - mmengine - INFO - Epoch(train)  [25][30/68]  base_lr: 1.2500e-04 lr: 1.2500e-04  eta: 0:31:39  time: 0.3976  data_time: 0.1553  memory: 600  grad_norm: 14.2553  loss: 0.6543  loss_cls: 0.2318  loss_bbox: 0.2947  loss_mask: 0.1278
2026/08/06 11:30:47 - mmengine - INFO - Epoch(train)  [25][40/68]  base_lr: 1.2500e-04 lr: 1.2500e-04  eta: 0:31:35  time: 0.3861  data_time: 0.1490  memory: 601  grad_norm: 14.2402  loss: 0.6495  loss_cls: 0.2339  loss_bbox: 0.2871  loss_mask: 0.1285
2026/08/06 11:30:51 - mmengine - INFO - Epoch(train)  [25][50/68]  base_lr: 1.2500e-04 lr: 1.2500e-04  eta: 0:31:32  time: 0.3886  data_time: 0.1529  memory: 602  grad_norm: 12.7604  loss: 0.5935  loss_cls: 0.1882  loss_bbox: 0.2814  loss_mask: 0.1239
2026/08/06 11:30:54 - mmengine - INFO - Epoch(train)  [25][60/68]  base_lr: 1.2500e-04 lr: 1.2500e-04  eta: 0:31:29  time: 0.3801  data_time: 0.1453  memory: 601  grad_norm: 13.0872  loss: 0.5988  loss_cls: 0.1852  loss_bbox: 0.2887  loss_mask: 0.1249
2026/08/06 11:30:57 - mmengine - INFO - Exp name: rtmdet_ins_busi_20260806_111712
2026/08/06 11:30:57 - mmengine - INFO - Saving checkpoint at 25 epochs
2026/08/06 11:31:00 - mmengine - INFO - Epoch(val)  [25][ 10/116]    eta: 0:00:03  time: 0.0400  data_time: 0.0066  memory: 599  
2026/08/06 11:31:00 - mmengine - INFO - Epoch(val)  [25][ 20/116]    eta: 0:00:03  time: 0.0390  data_time: 0.0065  memory: 120  
2026/08/06 11:31:00 - mmengine - INFO - Epoch(val)  [25][ 30/116]    eta: 0:00:02  time: 0.0378  data_time: 0.0062  memory: 166  
2026/08/06 11:31:01 - mmengine - INFO - Epoch(val)  [25][ 40/116]    eta: 0:00:02  time: 0.0360  data_time: 0.0058  memory: 143  
2026/08/06 11:31:01 - mmengine - INFO - Epoch(val)  [25][ 50/116]    eta: 0:00:02  time: 0.0346  data_time: 0.0059  memory: 182  
2026/08/06 11:31:01 - mmengine - INFO - Epoch(val)  [25][ 60/116]    eta: 0:00:01  time: 0.0344  data_time: 0.0061  memory: 196  
2026/08/06 11:31:02 - mmengine - INFO - Epoch(val)  [25][ 70/116]    eta: 0:00:01  time: 0.0354  data_time: 0.0062  memory: 121  
2026/08/06 11:31:02 - mmengine - INFO - Epoch(val)  [25][ 80/116]    eta: 0:00:01  time: 0.0358  data_time: 0.0063  memory: 151  
2026/08/06 11:31:03 - mmengine - INFO - Epoch(val)  [25][ 90/116]    eta: 0:00:00  time: 0.0367  data_time: 0.0066  memory: 194  
2026/08/06 11:31:03 - mmengine - INFO - Epoch(val)  [25][100/116]    eta: 0:00:00  time: 0.0371  data_time: 0.0064  memory: 190  
2026/08/06 11:31:03 - mmengine - INFO - Epoch(val)  [25][110/116]    eta: 0:00:00  time: 0.0371  data_time: 0.0061  memory: 164  
2026/08/06 11:31:04 - mmengine - INFO - Evaluating bbox...
2026/08/06 11:31:04 - mmengine - INFO - bbox_mAP_copypaste: 0.596 0.899 0.669 0.000 0.665 0.560
2026/08/06 11:31:04 - mmengine - INFO - Evaluating segm...
2026/08/06 11:31:04 - mmengine - INFO - segm_mAP_copypaste: 0.591 0.895 0.677 0.000 0.664 0.555
2026/08/06 11:31:04 - mmengine - INFO - Epoch(val) [25][116/116]    coco/bbox_mAP: 0.5960  coco/bbox_mAP_50: 0.8990  coco/bbox_mAP_75: 0.6690  coco/bbox_mAP_s: 0.0000  coco/bbox_mAP_m: 0.6650  coco/bbox_mAP_l: 0.5600  coco/segm_mAP: 0.5910  coco/segm_mAP_50: 0.8950  coco/segm_mAP_75: 0.6770  coco/segm_mAP_s: 0.0000  coco/segm_mAP_m: 0.6640  coco/segm_mAP_l: 0.5550  data_time: 0.0061  time: 0.0365
2026/08/06 11:31:07 - mmengine - INFO - Epoch(train)  [26][10/68]  base_lr: 1.2500e-04 lr: 1.2500e-04  eta: 0:31:22  time: 0.3707  data_time: 0.1382  memory: 600  grad_norm: 13.3018  loss: 0.6243  loss_cls: 0.1920  loss_bbox: 0.3027  loss_mask: 0.1295
2026/08/06 11:31:11 - mmengine - INFO - Epoch(train)  [26][20/68]  base_lr: 1.2500e-04 lr: 1.2500e-04  eta: 0:31:18  time: 0.3740  data_time: 0.1425  memory: 601  grad_norm: 13.7245  loss: 0.6195  loss_cls: 0.1875  loss_bbox: 0.3048  loss_mask: 0.1271
2026/08/06 11:31:15 - mmengine - INFO - Epoch(train)  [26][30/68]  base_lr: 1.2500e-04 lr: 1.2500e-04  eta: 0:31:15  time: 0.3724  data_time: 0.1393  memory: 601  grad_norm: 13.6449  loss: 0.6166  loss_cls: 0.1822  loss_bbox: 0.3050  loss_mask: 0.1295
2026/08/06 11:31:19 - mmengine - INFO - Epoch(train)  [26][40/68]  base_lr: 1.2500e-04 lr: 1.2500e-04  eta: 0:31:11  time: 0.3727  data_time: 0.1396  memory: 600  grad_norm: 13.6040  loss: 0.6078  loss_cls: 0.1785  loss_bbox: 0.3008  loss_mask: 0.1286
2026/08/06 11:31:22 - mmengine - INFO - Epoch(train)  [26][50/68]  base_lr: 1.2500e-04 lr: 1.2500e-04  eta: 0:31:07  time: 0.3714  data_time: 0.1376  memory: 601  grad_norm: 13.1622  loss: 0.5835  loss_cls: 0.1680  loss_bbox: 0.2914  loss_mask: 0.1240
2026/08/06 11:31:26 - mmengine - INFO - Epoch(train)  [26][60/68]  base_lr: 1.2500e-04 lr: 1.2500e-04  eta: 0:31:04  time: 0.3735  data_time: 0.1396  memory: 601  grad_norm: 12.9306  loss: 0.5729  loss_cls: 0.1668  loss_bbox: 0.2844  loss_mask: 0.1217
2026/08/06 11:31:29 - mmengine - INFO - Exp name: rtmdet_ins_busi_20260806_111712
2026/08/06 11:31:29 - mmengine - INFO - Saving checkpoint at 26 epochs
2026/08/06 11:31:31 - mmengine - INFO - Epoch(val)  [26][ 10/116]    eta: 0:00:03  time: 0.0384  data_time: 0.0064  memory: 600  
2026/08/06 11:31:32 - mmengine - INFO - Epoch(val)  [26][ 20/116]    eta: 0:00:03  time: 0.0381  data_time: 0.0062  memory: 116  
2026/08/06 11:31:32 - mmengine - INFO - Epoch(val)  [26][ 30/116]    eta: 0:00:03  time: 0.0369  data_time: 0.0058  memory: 179  
2026/08/06 11:31:32 - mmengine - INFO - Epoch(val)  [26][ 40/116]    eta: 0:00:02  time: 0.0367  data_time: 0.0058  memory: 172  
2026/08/06 11:31:33 - mmengine - INFO - Epoch(val)  [26][ 50/116]    eta: 0:00:02  time: 0.0351  data_time: 0.0059  memory: 182  
2026/08/06 11:31:33 - mmengine - INFO - Epoch(val)  [26][ 60/116]    eta: 0:00:01  time: 0.0349  data_time: 0.0060  memory: 138  
2026/08/06 11:31:34 - mmengine - INFO - Epoch(val)  [26][ 70/116]    eta: 0:00:01  time: 0.0348  data_time: 0.0061  memory: 132  
2026/08/06 11:31:34 - mmengine - INFO - Epoch(val)  [26][ 80/116]    eta: 0:00:01  time: 0.0353  data_time: 0.0063  memory: 149  
2026/08/06 11:31:34 - mmengine - INFO - Epoch(val)  [26][ 90/116]    eta: 0:00:00  time: 0.0360  data_time: 0.0066  memory: 188  
2026/08/06 11:31:35 - mmengine - INFO - Epoch(val)  [26][100/116]    eta: 0:00:00  time: 0.0364  data_time: 0.0064  memory: 181  
2026/08/06 11:31:35 - mmengine - INFO - Epoch(val)  [26][110/116]    eta: 0:00:00  time: 0.0366  data_time: 0.0063  memory: 172  
2026/08/06 11:31:35 - mmengine - INFO - Evaluating bbox...
2026/08/06 11:31:35 - mmengine - INFO - bbox_mAP_copypaste: 0.584 0.890 0.699 0.000 0.676 0.534
2026/08/06 11:31:35 - mmengine - INFO - Evaluating segm...
2026/08/06 11:31:35 - mmengine - INFO - segm_mAP_copypaste: 0.600 0.885 0.706 0.000 0.697 0.551
2026/08/06 11:31:35 - mmengine - INFO - Epoch(val) [26][116/116]    coco/bbox_mAP: 0.5840  coco/bbox_mAP_50: 0.8900  coco/bbox_mAP_75: 0.6990  coco/bbox_mAP_s: 0.0000  coco/bbox_mAP_m: 0.6760  coco/bbox_mAP_l: 0.5340  coco/segm_mAP: 0.6000  coco/segm_mAP_50: 0.8850  coco/segm_mAP_75: 0.7060  coco/segm_mAP_s: 0.0000  coco/segm_mAP_m: 0.6970  coco/segm_mAP_l: 0.5510  data_time: 0.0062  time: 0.0361
2026/08/06 11:31:40 - mmengine - INFO - Epoch(train)  [27][10/68]  base_lr: 1.2500e-04 lr: 1.2500e-04  eta: 0:30:58  time: 0.3767  data_time: 0.1434  memory: 603  grad_norm: 12.6536  loss: 0.5641  loss_cls: 0.1619  loss_bbox: 0.2820  loss_mask: 0.1201
2026/08/06 11:31:43 - mmengine - INFO - Epoch(train)  [27][20/68]  base_lr: 1.2500e-04 lr: 1.2500e-04  eta: 0:30:54  time: 0.3749  data_time: 0.1409  memory: 600  grad_norm: 12.6832  loss: 0.5681  loss_cls: 0.1636  loss_bbox: 0.2840  loss_mask: 0.1205
2026/08/06 11:31:47 - mmengine - INFO - Epoch(train)  [27][30/68]  base_lr: 1.2500e-04 lr: 1.2500e-04  eta: 0:30:51  time: 0.3805  data_time: 0.1457  memory: 601  grad_norm: 13.2358  loss: 0.5732  loss_cls: 0.1672  loss_bbox: 0.2852  loss_mask: 0.1208
2026/08/06 11:31:51 - mmengine - INFO - Epoch(train)  [27][40/68]  base_lr: 1.2500e-04 lr: 1.2500e-04  eta: 0:30:48  time: 0.3840  data_time: 0.1488  memory: 601  grad_norm: 13.4796  loss: 0.5560  loss_cls: 0.1558  loss_bbox: 0.2797  loss_mask: 0.1205
2026/08/06 11:31:55 - mmengine - INFO - Epoch(train)  [27][50/68]  base_lr: 1.2500e-04 lr: 1.2500e-04  eta: 0:30:44  time: 0.3859  data_time: 0.1486  memory: 601  grad_norm: 13.4641  loss: 0.5510  loss_cls: 0.1600  loss_bbox: 0.2729  loss_mask: 0.1181
2026/08/06 11:31:59 - mmengine - INFO - Epoch(train)  [27][60/68]  base_lr: 1.2500e-04 lr: 1.2500e-04  eta: 0:30:41  time: 0.3802  data_time: 0.1439  memory: 601  grad_norm: 13.3765  loss: 0.5579  loss_cls: 0.1632  loss_bbox: 0.2733  loss_mask: 0.1215
2026/08/06 11:32:02 - mmengine - INFO - Exp name: rtmdet_ins_busi_20260806_111712
2026/08/06 11:32:02 - mmengine - INFO - Saving checkpoint at 27 epochs
2026/08/06 11:32:04 - mmengine - INFO - Epoch(val)  [27][ 10/116]    eta: 0:00:04  time: 0.0381  data_time: 0.0066  memory: 601  
2026/08/06 11:32:04 - mmengine - INFO - Epoch(val)  [27][ 20/116]    eta: 0:00:03  time: 0.0371  data_time: 0.0065  memory: 120  
2026/08/06 11:32:05 - mmengine - INFO - Epoch(val)  [27][ 30/116]    eta: 0:00:03  time: 0.0359  data_time: 0.0062  memory: 172  
2026/08/06 11:32:05 - mmengine - INFO - Epoch(val)  [27][ 40/116]    eta: 0:00:02  time: 0.0360  data_time: 0.0060  memory: 137  
2026/08/06 11:32:05 - mmengine - INFO - Epoch(val)  [27][ 50/116]    eta: 0:00:02  time: 0.0351  data_time: 0.0061  memory: 217  
2026/08/06 11:32:06 - mmengine - INFO - Epoch(val)  [27][ 60/116]    eta: 0:00:01  time: 0.0344  data_time: 0.0060  memory: 174  
2026/08/06 11:32:06 - mmengine - INFO - Epoch(val)  [27][ 70/116]    eta: 0:00:01  time: 0.0346  data_time: 0.0060  memory: 124  
2026/08/06 11:32:06 - mmengine - INFO - Epoch(val)  [27][ 80/116]    eta: 0:00:01  time: 0.0347  data_time: 0.0062  memory: 138  
2026/08/06 11:32:07 - mmengine - INFO - Epoch(val)  [27][ 90/116]    eta: 0:00:00  time: 0.0356  data_time: 0.0065  memory: 219  
2026/08/06 11:32:07 - mmengine - INFO - Epoch(val)  [27][100/116]    eta: 0:00:00  time: 0.0363  data_time: 0.0064  memory: 192  
2026/08/06 11:32:08 - mmengine - INFO - Epoch(val)  [27][110/116]    eta: 0:00:00  time: 0.0363  data_time: 0.0061  memory: 153  
2026/08/06 11:32:08 - mmengine - INFO - Evaluating bbox...
2026/08/06 11:32:08 - mmengine - INFO - bbox_mAP_copypaste: 0.591 0.893 0.733 0.000 0.684 0.541
2026/08/06 11:32:08 - mmengine - INFO - Evaluating segm...
2026/08/06 11:32:08 - mmengine - INFO - segm_mAP_copypaste: 0.597 0.884 0.725 0.000 0.681 0.555
2026/08/06 11:32:08 - mmengine - INFO - Epoch(val) [27][116/116]    coco/bbox_mAP: 0.5910  coco/bbox_mAP_50: 0.8930  coco/bbox_mAP_75: 0.7330  coco/bbox_mAP_s: 0.0000  coco/bbox_mAP_m: 0.6840  coco/bbox_mAP_l: 0.5410  coco/segm_mAP: 0.5970  coco/segm_mAP_50: 0.8840  coco/segm_mAP_75: 0.7250  coco/segm_mAP_s: 0.0000  coco/segm_mAP_m: 0.6810  coco/segm_mAP_l: 0.5550  data_time: 0.0063  time: 0.0361
2026/08/06 11:32:12 - mmengine - INFO - Epoch(train)  [28][10/68]  base_lr: 1.2500e-04 lr: 1.2500e-04  eta: 0:30:35  time: 0.3821  data_time: 0.1460  memory: 601  grad_norm: 13.1623  loss: 0.5651  loss_cls: 0.1619  loss_bbox: 0.2781  loss_mask: 0.1252
2026/08/06 11:32:16 - mmengine - INFO - Epoch(train)  [28][20/68]  base_lr: 1.2500e-04 lr: 1.2500e-04  eta: 0:30:31  time: 0.3775  data_time: 0.1416  memory: 604  grad_norm: 12.8461  loss: 0.5702  loss_cls: 0.1676  loss_bbox: 0.2785  loss_mask: 0.1241
2026/08/06 11:32:20 - mmengine - INFO - Epoch(train)  [28][30/68]  base_lr: 1.2500e-04 lr: 1.2500e-04  eta: 0:30:28  time: 0.3831  data_time: 0.1472  memory: 601  grad_norm: 12.6082  loss: 0.5548  loss_cls: 0.1596  loss_bbox: 0.2751  loss_mask: 0.1201
2026/08/06 11:32:24 - mmengine - INFO - Epoch(train)  [28][40/68]  base_lr: 1.2500e-04 lr: 1.2500e-04  eta: 0:30:25  time: 0.3894  data_time: 0.1513  memory: 601  grad_norm: 12.4495  loss: 0.5578  loss_cls: 0.1617  loss_bbox: 0.2753  loss_mask: 0.1208
2026/08/06 11:32:27 - mmengine - INFO - Epoch(train)  [28][50/68]  base_lr: 1.2500e-04 lr: 1.2500e-04  eta: 0:30:22  time: 0.3864  data_time: 0.1478  memory: 599  grad_norm: 12.5879  loss: 0.5557  loss_cls: 0.1611  loss_bbox: 0.2750  loss_mask: 0.1195
2026/08/06 11:32:31 - mmengine - INFO - Epoch(train)  [28][60/68]  base_lr: 1.2500e-04 lr: 1.2500e-04  eta: 0:30:18  time: 0.3873  data_time: 0.1492  memory: 601  grad_norm: 12.6013  loss: 0.5607  loss_cls: 0.1647  loss_bbox: 0.2733  loss_mask: 0.1227
2026/08/06 11:32:34 - mmengine - INFO - Exp name: rtmdet_ins_busi_20260806_111712
2026/08/06 11:32:34 - mmengine - INFO - Saving checkpoint at 28 epochs
2026/08/06 11:32:37 - mmengine - INFO - Epoch(val)  [28][ 10/116]    eta: 0:00:03  time: 0.0383  data_time: 0.0066  memory: 601  
2026/08/06 11:32:37 - mmengine - INFO - Epoch(val)  [28][ 20/116]    eta: 0:00:03  time: 0.0378  data_time: 0.0066  memory: 125  
2026/08/06 11:32:38 - mmengine - INFO - Epoch(val)  [28][ 30/116]    eta: 0:00:03  time: 0.0364  data_time: 0.0064  memory: 144  
2026/08/06 11:32:38 - mmengine - INFO - Epoch(val)  [28][ 40/116]    eta: 0:00:02  time: 0.0363  data_time: 0.0062  memory: 124  
2026/08/06 11:32:38 - mmengine - INFO - Epoch(val)  [28][ 50/116]    eta: 0:00:02  time: 0.0351  data_time: 0.0062  memory: 193  
2026/08/06 11:32:39 - mmengine - INFO - Epoch(val)  [28][ 60/116]    eta: 0:00:01  time: 0.0349  data_time: 0.0063  memory: 161  
2026/08/06 11:32:39 - mmengine - INFO - Epoch(val)  [28][ 70/116]    eta: 0:00:01  time: 0.0352  data_time: 0.0063  memory: 121  
2026/08/06 11:32:39 - mmengine - INFO - Epoch(val)  [28][ 80/116]    eta: 0:00:01  time: 0.0352  data_time: 0.0063  memory: 145  
2026/08/06 11:32:40 - mmengine - INFO - Epoch(val)  [28][ 90/116]    eta: 0:00:00  time: 0.0361  data_time: 0.0065  memory: 182  
2026/08/06 11:32:40 - mmengine - INFO - Epoch(val)  [28][100/116]    eta: 0:00:00  time: 0.0363  data_time: 0.0064  memory: 192  
2026/08/06 11:32:40 - mmengine - INFO - Epoch(val)  [28][110/116]    eta: 0:00:00  time: 0.0363  data_time: 0.0062  memory: 147  
2026/08/06 11:32:41 - mmengine - INFO - Evaluating bbox...
2026/08/06 11:32:41 - mmengine - INFO - bbox_mAP_copypaste: 0.583 0.898 0.718 0.000 0.663 0.535
2026/08/06 11:32:41 - mmengine - INFO - Evaluating segm...
2026/08/06 11:32:41 - mmengine - INFO - segm_mAP_copypaste: 0.600 0.890 0.717 0.000 0.692 0.560
2026/08/06 11:32:41 - mmengine - INFO - Epoch(val) [28][116/116]    coco/bbox_mAP: 0.5830  coco/bbox_mAP_50: 0.8980  coco/bbox_mAP_75: 0.7180  coco/bbox_mAP_s: 0.0000  coco/bbox_mAP_m: 0.6630  coco/bbox_mAP_l: 0.5350  coco/segm_mAP: 0.6000  coco/segm_mAP_50: 0.8900  coco/segm_mAP_75: 0.7170  coco/segm_mAP_s: 0.0000  coco/segm_mAP_m: 0.6920  coco/segm_mAP_l: 0.5600  data_time: 0.0063  time: 0.0360
2026/08/06 11:32:45 - mmengine - INFO - Epoch(train)  [29][10/68]  base_lr: 1.2500e-04 lr: 1.2500e-04  eta: 0:30:12  time: 0.3862  data_time: 0.1479  memory: 603  grad_norm: 13.0305  loss: 0.5828  loss_cls: 0.1742  loss_bbox: 0.2800  loss_mask: 0.1287
2026/08/06 11:32:48 - mmengine - INFO - Epoch(train)  [29][20/68]  base_lr: 1.2500e-04 lr: 1.2500e-04  eta: 0:30:08  time: 0.3724  data_time: 0.1373  memory: 599  grad_norm: 13.4622  loss: 0.5882  loss_cls: 0.1767  loss_bbox: 0.2809  loss_mask: 0.1306
2026/08/06 11:32:52 - mmengine - INFO - Epoch(train)  [29][30/68]  base_lr: 1.2500e-04 lr: 1.2500e-04  eta: 0:30:05  time: 0.3774  data_time: 0.1418  memory: 600  grad_norm: 13.1369  loss: 0.5809  loss_cls: 0.1725  loss_bbox: 0.2801  loss_mask: 0.1284
2026/08/06 11:32:56 - mmengine - INFO - Epoch(train)  [29][40/68]  base_lr: 1.2500e-04 lr: 1.2500e-04  eta: 0:30:01  time: 0.3761  data_time: 0.1408  memory: 601  grad_norm: 13.0535  loss: 0.5558  loss_cls: 0.1637  loss_bbox: 0.2692  loss_mask: 0.1229
2026/08/06 11:33:00 - mmengine - INFO - Epoch(train)  [29][50/68]  base_lr: 1.2500e-04 lr: 1.2500e-04  eta: 0:29:58  time: 0.3778  data_time: 0.1422  memory: 603  grad_norm: 12.5088  loss: 0.5620  loss_cls: 0.1669  loss_bbox: 0.2756  loss_mask: 0.1194
2026/08/06 11:33:04 - mmengine - INFO - Epoch(train)  [29][60/68]  base_lr: 1.2500e-04 lr: 1.2500e-04  eta: 0:29:55  time: 0.3800  data_time: 0.1437  memory: 600  grad_norm: 12.6634  loss: 0.5584  loss_cls: 0.1595  loss_bbox: 0.2786  loss_mask: 0.1203
2026/08/06 11:33:06 - mmengine - INFO - Exp name: rtmdet_ins_busi_20260806_111712
2026/08/06 11:33:06 - mmengine - INFO - Saving checkpoint at 29 epochs
2026/08/06 11:33:09 - mmengine - INFO - Epoch(val)  [29][ 10/116]    eta: 0:00:03  time: 0.0371  data_time: 0.0064  memory: 601  
2026/08/06 11:33:09 - mmengine - INFO - Epoch(val)  [29][ 20/116]    eta: 0:00:03  time: 0.0362  data_time: 0.0064  memory: 123  
2026/08/06 11:33:09 - mmengine - INFO - Epoch(val)  [29][ 30/116]    eta: 0:00:02  time: 0.0350  data_time: 0.0061  memory: 150  
2026/08/06 11:33:10 - mmengine - INFO - Epoch(val)  [29][ 40/116]    eta: 0:00:02  time: 0.0348  data_time: 0.0059  memory: 154  
2026/08/06 11:33:10 - mmengine - INFO - Epoch(val)  [29][ 50/116]    eta: 0:00:02  time: 0.0345  data_time: 0.0061  memory: 170  
2026/08/06 11:33:11 - mmengine - INFO - Epoch(val)  [29][ 60/116]    eta: 0:00:01  time: 0.0358  data_time: 0.0063  memory: 213  
2026/08/06 11:33:11 - mmengine - INFO - Epoch(val)  [29][ 70/116]    eta: 0:00:01  time: 0.0369  data_time: 0.0064  memory: 128  
2026/08/06 11:33:11 - mmengine - INFO - Epoch(val)  [29][ 80/116]    eta: 0:00:01  time: 0.0373  data_time: 0.0065  memory: 138  
2026/08/06 11:33:12 - mmengine - INFO - Epoch(val)  [29][ 90/116]    eta: 0:00:00  time: 0.0381  data_time: 0.0069  memory: 194  
2026/08/06 11:33:12 - mmengine - INFO - Epoch(val)  [29][100/116]    eta: 0:00:00  time: 0.0380  data_time: 0.0066  memory: 181  
2026/08/06 11:33:12 - mmengine - INFO - Epoch(val)  [29][110/116]    eta: 0:00:00  time: 0.0378  data_time: 0.0066  memory: 153  
2026/08/06 11:33:13 - mmengine - INFO - Evaluating bbox...
2026/08/06 11:33:13 - mmengine - INFO - bbox_mAP_copypaste: 0.597 0.885 0.731 0.000 0.696 0.540
2026/08/06 11:33:13 - mmengine - INFO - Evaluating segm...
2026/08/06 11:33:13 - mmengine - INFO - segm_mAP_copypaste: 0.598 0.876 0.681 0.000 0.692 0.562
2026/08/06 11:33:13 - mmengine - INFO - Epoch(val) [29][116/116]    coco/bbox_mAP: 0.5970  coco/bbox_mAP_50: 0.8850  coco/bbox_mAP_75: 0.7310  coco/bbox_mAP_s: 0.0000  coco/bbox_mAP_m: 0.6960  coco/bbox_mAP_l: 0.5400  coco/segm_mAP: 0.5980  coco/segm_mAP_50: 0.8760  coco/segm_mAP_75: 0.6810  coco/segm_mAP_s: 0.0000  coco/segm_mAP_m: 0.6920  coco/segm_mAP_l: 0.5620  data_time: 0.0064  time: 0.0368
2026/08/06 11:33:16 - mmengine - INFO - Epoch(train)  [30][10/68]  base_lr: 1.2500e-04 lr: 1.2500e-04  eta: 0:29:47  time: 0.3761  data_time: 0.1417  memory: 599  grad_norm: 13.8124  loss: 0.5874  loss_cls: 0.1718  loss_bbox: 0.2921  loss_mask: 0.1235
2026/08/06 11:33:20 - mmengine - INFO - Epoch(train)  [30][20/68]  base_lr: 1.2500e-04 lr: 1.2500e-04  eta: 0:29:43  time: 0.3721  data_time: 0.1385  memory: 600  grad_norm: 13.8694  loss: 0.5813  loss_cls: 0.1733  loss_bbox: 0.2881  loss_mask: 0.1199
2026/08/06 11:33:23 - mmengine - INFO - Exp name: rtmdet_ins_busi_20260806_111712
2026/08/06 11:33:24 - mmengine - INFO - Epoch(train)  [30][30/68]  base_lr: 1.2500e-04 lr: 1.2500e-04  eta: 0:29:40  time: 0.3718  data_time: 0.1385  memory: 601  grad_norm: 14.1584  loss: 0.5715  loss_cls: 0.1661  loss_bbox: 0.2841  loss_mask: 0.1213
2026/08/06 11:33:28 - mmengine - INFO - Epoch(train)  [30][40/68]  base_lr: 1.2500e-04 lr: 1.2500e-04  eta: 0:29:36  time: 0.3674  data_time: 0.1363  memory: 601  grad_norm: 14.0093  loss: 0.5719  loss_cls: 0.1695  loss_bbox: 0.2792  loss_mask: 0.1232
2026/08/06 11:33:32 - mmengine - INFO - Epoch(train)  [30][50/68]  base_lr: 1.2500e-04 lr: 1.2500e-04  eta: 0:29:33  time: 0.3760  data_time: 0.1417  memory: 604  grad_norm: 13.4514  loss: 0.5485  loss_cls: 0.1650  loss_bbox: 0.2668  loss_mask: 0.1167
2026/08/06 11:33:36 - mmengine - INFO - Epoch(train)  [30][60/68]  base_lr: 1.2500e-04 lr: 1.2500e-04  eta: 0:29:30  time: 0.3840  data_time: 0.1480  memory: 602  grad_norm: 13.1565  loss: 0.5327  loss_cls: 0.1547  loss_bbox: 0.2635  loss_mask: 0.1145
2026/08/06 11:33:39 - mmengine - INFO - Exp name: rtmdet_ins_busi_20260806_111712
2026/08/06 11:33:39 - mmengine - INFO - Saving checkpoint at 30 epochs
2026/08/06 11:33:41 - mmengine - INFO - Epoch(val)  [30][ 10/116]    eta: 0:00:03  time: 0.0380  data_time: 0.0067  memory: 601  
2026/08/06 11:33:42 - mmengine - INFO - Epoch(val)  [30][ 20/116]    eta: 0:00:03  time: 0.0371  data_time: 0.0066  memory: 127  
2026/08/06 11:33:42 - mmengine - INFO - Epoch(val)  [30][ 30/116]    eta: 0:00:02  time: 0.0360  data_time: 0.0061  memory: 162  
2026/08/06 11:33:42 - mmengine - INFO - Epoch(val)  [30][ 40/116]    eta: 0:00:02  time: 0.0350  data_time: 0.0059  memory: 147  
2026/08/06 11:33:43 - mmengine - INFO - Epoch(val)  [30][ 50/116]    eta: 0:00:02  time: 0.0334  data_time: 0.0059  memory: 148  
2026/08/06 11:33:43 - mmengine - INFO - Epoch(val)  [30][ 60/116]    eta: 0:00:01  time: 0.0339  data_time: 0.0061  memory: 151  
2026/08/06 11:33:43 - mmengine - INFO - Epoch(val)  [30][ 70/116]    eta: 0:00:01  time: 0.0340  data_time: 0.0062  memory: 120  
2026/08/06 11:33:44 - mmengine - INFO - Epoch(val)  [30][ 80/116]    eta: 0:00:01  time: 0.0342  data_time: 0.0063  memory: 136  
2026/08/06 11:33:44 - mmengine - INFO - Epoch(val)  [30][ 90/116]    eta: 0:00:00  time: 0.0350  data_time: 0.0067  memory: 157  
2026/08/06 11:33:44 - mmengine - INFO - Epoch(val)  [30][100/116]    eta: 0:00:00  time: 0.0354  data_time: 0.0065  memory: 181  
2026/08/06 11:33:45 - mmengine - INFO - Epoch(val)  [30][110/116]    eta: 0:00:00  time: 0.0348  data_time: 0.0062  memory: 129  
2026/08/06 11:33:45 - mmengine - INFO - Evaluating bbox...
2026/08/06 11:33:45 - mmengine - INFO - bbox_mAP_copypaste: 0.586 0.905 0.649 0.000 0.726 0.522
2026/08/06 11:33:45 - mmengine - INFO - Evaluating segm...
2026/08/06 11:33:45 - mmengine - INFO - segm_mAP_copypaste: 0.587 0.889 0.704 0.000 0.678 0.543
2026/08/06 11:33:45 - mmengine - INFO - Epoch(val) [30][116/116]    coco/bbox_mAP: 0.5860  coco/bbox_mAP_50: 0.9050  coco/bbox_mAP_75: 0.6490  coco/bbox_mAP_s: 0.0000  coco/bbox_mAP_m: 0.7260  coco/bbox_mAP_l: 0.5220  coco/segm_mAP: 0.5870  coco/segm_mAP_50: 0.8890  coco/segm_mAP_75: 0.7040  coco/segm_mAP_s: 0.0000  coco/segm_mAP_m: 0.6780  coco/segm_mAP_l: 0.5430  data_time: 0.0061  time: 0.0345
2026/08/06 11:33:49 - mmengine - INFO - Epoch(train)  [31][10/68]  base_lr: 1.2500e-04 lr: 1.2500e-04  eta: 0:29:24  time: 0.3831  data_time: 0.1457  memory: 600  grad_norm: 13.6529  loss: 0.5421  loss_cls: 0.1567  loss_bbox: 0.2701  loss_mask: 0.1153
2026/08/06 11:33:53 - mmengine - INFO - Epoch(train)  [31][20/68]  base_lr: 1.2500e-04 lr: 1.2500e-04  eta: 0:29:20  time: 0.3844  data_time: 0.1463  memory: 601  grad_norm: 13.6473  loss: 0.5514  loss_cls: 0.1590  loss_bbox: 0.2771  loss_mask: 0.1153
2026/08/06 11:33:57 - mmengine - INFO - Epoch(train)  [31][30/68]  base_lr: 1.2500e-04 lr: 1.2500e-04  eta: 0:29:17  time: 0.3852  data_time: 0.1490  memory: 600  grad_norm: 13.6512  loss: 0.5587  loss_cls: 0.1618  loss_bbox: 0.2820  loss_mask: 0.1149
2026/08/06 11:34:00 - mmengine - INFO - Epoch(train)  [31][40/68]  base_lr: 1.2500e-04 lr: 1.2500e-04  eta: 0:29:13  time: 0.3821  data_time: 0.1467  memory: 602  grad_norm: 13.4017  loss: 0.5471  loss_cls: 0.1559  loss_bbox: 0.2770  loss_mask: 0.1141
2026/08/06 11:34:04 - mmengine - INFO - Epoch(train)  [31][50/68]  base_lr: 1.2500e-04 lr: 1.2500e-04  eta: 0:29:10  time: 0.3794  data_time: 0.1456  memory: 601  grad_norm: 12.6475  loss: 0.5317  loss_cls: 0.1491  loss_bbox: 0.2686  loss_mask: 0.1140
2026/08/06 11:34:08 - mmengine - INFO - Epoch(train)  [31][60/68]  base_lr: 1.2500e-04 lr: 1.2500e-04  eta: 0:29:06  time: 0.3810  data_time: 0.1466  memory: 603  grad_norm: 12.6523  loss: 0.5402  loss_cls: 0.1537  loss_bbox: 0.2702  loss_mask: 0.1164
2026/08/06 11:34:11 - mmengine - INFO - Exp name: rtmdet_ins_busi_20260806_111712
2026/08/06 11:34:11 - mmengine - INFO - Saving checkpoint at 31 epochs
2026/08/06 11:34:13 - mmengine - INFO - Epoch(val)  [31][ 10/116]    eta: 0:00:04  time: 0.0365  data_time: 0.0063  memory: 599  
2026/08/06 11:34:14 - mmengine - INFO - Epoch(val)  [31][ 20/116]    eta: 0:00:03  time: 0.0361  data_time: 0.0062  memory: 123  
2026/08/06 11:34:14 - mmengine - INFO - Epoch(val)  [31][ 30/116]    eta: 0:00:02  time: 0.0350  data_time: 0.0058  memory: 144  
2026/08/06 11:34:14 - mmengine - INFO - Epoch(val)  [31][ 40/116]    eta: 0:00:02  time: 0.0345  data_time: 0.0058  memory: 150  
2026/08/06 11:34:15 - mmengine - INFO - Epoch(val)  [31][ 50/116]    eta: 0:00:02  time: 0.0342  data_time: 0.0059  memory: 164  
2026/08/06 11:34:15 - mmengine - INFO - Epoch(val)  [31][ 60/116]    eta: 0:00:01  time: 0.0336  data_time: 0.0062  memory: 164  
2026/08/06 11:34:15 - mmengine - INFO - Epoch(val)  [31][ 70/116]    eta: 0:00:01  time: 0.0341  data_time: 0.0062  memory: 126  
2026/08/06 11:34:16 - mmengine - INFO - Epoch(val)  [31][ 80/116]    eta: 0:00:01  time: 0.0345  data_time: 0.0064  memory: 128  
2026/08/06 11:34:16 - mmengine - INFO - Epoch(val)  [31][ 90/116]    eta: 0:00:00  time: 0.0354  data_time: 0.0067  memory: 163  
2026/08/06 11:34:16 - mmengine - INFO - Epoch(val)  [31][100/116]    eta: 0:00:00  time: 0.0357  data_time: 0.0066  memory: 169  
2026/08/06 11:34:17 - mmengine - INFO - Epoch(val)  [31][110/116]    eta: 0:00:00  time: 0.0353  data_time: 0.0063  memory: 124  
2026/08/06 11:34:17 - mmengine - INFO - Evaluating bbox...
2026/08/06 11:34:17 - mmengine - INFO - bbox_mAP_copypaste: 0.608 0.892 0.708 0.000 0.691 0.564
2026/08/06 11:34:17 - mmengine - INFO - Evaluating segm...
2026/08/06 11:34:17 - mmengine - INFO - segm_mAP_copypaste: 0.610 0.880 0.725 0.000 0.705 0.559
2026/08/06 11:34:17 - mmengine - INFO - Epoch(val) [31][116/116]    coco/bbox_mAP: 0.6080  coco/bbox_mAP_50: 0.8920  coco/bbox_mAP_75: 0.7080  coco/bbox_mAP_s: 0.0000  coco/bbox_mAP_m: 0.6910  coco/bbox_mAP_l: 0.5640  coco/segm_mAP: 0.6100  coco/segm_mAP_50: 0.8800  coco/segm_mAP_75: 0.7250  coco/segm_mAP_s: 0.0000  coco/segm_mAP_m: 0.7050  coco/segm_mAP_l: 0.5590  data_time: 0.0063  time: 0.0348
2026/08/06 11:34:21 - mmengine - INFO - Epoch(train)  [32][10/68]  base_lr: 1.2500e-04 lr: 1.2500e-04  eta: 0:29:00  time: 0.3819  data_time: 0.1464  memory: 602  grad_norm: 13.0453  loss: 0.5295  loss_cls: 0.1460  loss_bbox: 0.2673  loss_mask: 0.1161
2026/08/06 11:34:25 - mmengine - INFO - Epoch(train)  [32][20/68]  base_lr: 1.2500e-04 lr: 1.2500e-04  eta: 0:28:57  time: 0.3844  data_time: 0.1478  memory: 601  grad_norm: 12.7858  loss: 0.5268  loss_cls: 0.1413  loss_bbox: 0.2684  loss_mask: 0.1171
2026/08/06 11:34:29 - mmengine - INFO - Epoch(train)  [32][30/68]  base_lr: 1.2500e-04 lr: 1.2500e-04  eta: 0:28:53  time: 0.3824  data_time: 0.1471  memory: 601  grad_norm: 13.3088  loss: 0.5314  loss_cls: 0.1421  loss_bbox: 0.2752  loss_mask: 0.1141
2026/08/06 11:34:33 - mmengine - INFO - Epoch(train)  [32][40/68]  base_lr: 1.2500e-04 lr: 1.2500e-04  eta: 0:28:49  time: 0.3823  data_time: 0.1479  memory: 599  grad_norm: 13.0436  loss: 0.5272  loss_cls: 0.1395  loss_bbox: 0.2724  loss_mask: 0.1153
2026/08/06 11:34:36 - mmengine - INFO - Epoch(train)  [32][50/68]  base_lr: 1.2500e-04 lr: 1.2500e-04  eta: 0:28:46  time: 0.3848  data_time: 0.1496  memory: 600  grad_norm: 13.3197  loss: 0.5429  loss_cls: 0.1494  loss_bbox: 0.2749  loss_mask: 0.1185
2026/08/06 11:34:40 - mmengine - INFO - Epoch(train)  [32][60/68]  base_lr: 1.2500e-04 lr: 1.2500e-04  eta: 0:28:43  time: 0.3845  data_time: 0.1500  memory: 601  grad_norm: 12.9607  loss: 0.5323  loss_cls: 0.1493  loss_bbox: 0.2678  loss_mask: 0.1152
2026/08/06 11:34:43 - mmengine - INFO - Exp name: rtmdet_ins_busi_20260806_111712
2026/08/06 11:34:43 - mmengine - INFO - Saving checkpoint at 32 epochs
2026/08/06 11:34:46 - mmengine - INFO - Epoch(val)  [32][ 10/116]    eta: 0:00:03  time: 0.0351  data_time: 0.0065  memory: 601  
2026/08/06 11:34:46 - mmengine - INFO - Epoch(val)  [32][ 20/116]    eta: 0:00:03  time: 0.0350  data_time: 0.0064  memory: 121  
2026/08/06 11:34:47 - mmengine - INFO - Epoch(val)  [32][ 30/116]    eta: 0:00:02  time: 0.0340  data_time: 0.0060  memory: 177  
2026/08/06 11:34:47 - mmengine - INFO - Epoch(val)  [32][ 40/116]    eta: 0:00:02  time: 0.0339  data_time: 0.0058  memory: 139  
2026/08/06 11:34:47 - mmengine - INFO - Epoch(val)  [32][ 50/116]    eta: 0:00:02  time: 0.0339  data_time: 0.0058  memory: 176  
2026/08/06 11:34:48 - mmengine - INFO - Epoch(val)  [32][ 60/116]    eta: 0:00:01  time: 0.0339  data_time: 0.0060  memory: 169  
2026/08/06 11:34:48 - mmengine - INFO - Epoch(val)  [32][ 70/116]    eta: 0:00:01  time: 0.0335  data_time: 0.0059  memory: 116  
2026/08/06 11:34:48 - mmengine - INFO - Epoch(val)  [32][ 80/116]    eta: 0:00:01  time: 0.0344  data_time: 0.0061  memory: 138  
2026/08/06 11:34:49 - mmengine - INFO - Epoch(val)  [32][ 90/116]    eta: 0:00:00  time: 0.0349  data_time: 0.0066  memory: 163  
2026/08/06 11:34:49 - mmengine - INFO - Epoch(val)  [32][100/116]    eta: 0:00:00  time: 0.0352  data_time: 0.0065  memory: 231  
2026/08/06 11:34:49 - mmengine - INFO - Epoch(val)  [32][110/116]    eta: 0:00:00  time: 0.0352  data_time: 0.0063  memory: 134  
2026/08/06 11:34:50 - mmengine - INFO - Evaluating bbox...
2026/08/06 11:34:50 - mmengine - INFO - bbox_mAP_copypaste: 0.589 0.908 0.726 0.000 0.669 0.547
2026/08/06 11:34:50 - mmengine - INFO - Evaluating segm...
2026/08/06 11:34:50 - mmengine - INFO - segm_mAP_copypaste: 0.604 0.894 0.692 0.000 0.700 0.553
2026/08/06 11:34:50 - mmengine - INFO - Epoch(val) [32][116/116]    coco/bbox_mAP: 0.5890  coco/bbox_mAP_50: 0.9080  coco/bbox_mAP_75: 0.7260  coco/bbox_mAP_s: 0.0000  coco/bbox_mAP_m: 0.6690  coco/bbox_mAP_l: 0.5470  coco/segm_mAP: 0.6040  coco/segm_mAP_50: 0.8940  coco/segm_mAP_75: 0.6920  coco/segm_mAP_s: 0.0000  coco/segm_mAP_m: 0.7000  coco/segm_mAP_l: 0.5530  data_time: 0.0061  time: 0.0346
2026/08/06 11:34:54 - mmengine - INFO - Epoch(train)  [33][10/68]  base_lr: 1.2500e-04 lr: 1.2500e-04  eta: 0:28:37  time: 0.3863  data_time: 0.1516  memory: 601  grad_norm: 13.3325  loss: 0.5309  loss_cls: 0.1531  loss_bbox: 0.2604  loss_mask: 0.1173
2026/08/06 11:34:58 - mmengine - INFO - Epoch(train)  [33][20/68]  base_lr: 1.2500e-04 lr: 1.2500e-04  eta: 0:28:33  time: 0.3909  data_time: 0.1550  memory: 601  grad_norm: 13.2432  loss: 0.5360  loss_cls: 0.1538  loss_bbox: 0.2636  loss_mask: 0.1186
2026/08/06 11:35:02 - mmengine - INFO - Epoch(train)  [33][30/68]  base_lr: 1.2500e-04 lr: 1.2500e-04  eta: 0:28:30  time: 0.3924  data_time: 0.1554  memory: 603  grad_norm: 12.9707  loss: 0.5372  loss_cls: 0.1531  loss_bbox: 0.2633  loss_mask: 0.1209
2026/08/06 11:35:06 - mmengine - INFO - Epoch(train)  [33][40/68]  base_lr: 1.2500e-04 lr: 1.2500e-04  eta: 0:28:27  time: 0.3912  data_time: 0.1542  memory: 601  grad_norm: 13.0021  loss: 0.5260  loss_cls: 0.1475  loss_bbox: 0.2597  loss_mask: 0.1188
2026/08/06 11:35:10 - mmengine - INFO - Epoch(train)  [33][50/68]  base_lr: 1.2500e-04 lr: 1.2500e-04  eta: 0:28:24  time: 0.4006  data_time: 0.1615  memory: 601  grad_norm: 13.2584  loss: 0.5406  loss_cls: 0.1560  loss_bbox: 0.2662  loss_mask: 0.1184
2026/08/06 11:35:14 - mmengine - INFO - Epoch(train)  [33][60/68]  base_lr: 1.2500e-04 lr: 1.2500e-04  eta: 0:28:21  time: 0.3992  data_time: 0.1579  memory: 601  grad_norm: 12.5706  loss: 0.5431  loss_cls: 0.1548  loss_bbox: 0.2672  loss_mask: 0.1211
2026/08/06 11:35:17 - mmengine - INFO - Exp name: rtmdet_ins_busi_20260806_111712
2026/08/06 11:35:17 - mmengine - INFO - Saving checkpoint at 33 epochs
2026/08/06 11:35:20 - mmengine - INFO - Epoch(val)  [33][ 10/116]    eta: 0:00:03  time: 0.0365  data_time: 0.0066  memory: 601  
2026/08/06 11:35:20 - mmengine - INFO - Epoch(val)  [33][ 20/116]    eta: 0:00:03  time: 0.0362  data_time: 0.0064  memory: 116  
2026/08/06 11:35:20 - mmengine - INFO - Epoch(val)  [33][ 30/116]    eta: 0:00:03  time: 0.0359  data_time: 0.0061  memory: 177  
2026/08/06 11:35:21 - mmengine - INFO - Epoch(val)  [33][ 40/116]    eta: 0:00:02  time: 0.0361  data_time: 0.0061  memory: 127  
2026/08/06 11:35:21 - mmengine - INFO - Epoch(val)  [33][ 50/116]    eta: 0:00:02  time: 0.0360  data_time: 0.0063  memory: 147  
2026/08/06 11:35:21 - mmengine - INFO - Epoch(val)  [33][ 60/116]    eta: 0:00:02  time: 0.0362  data_time: 0.0064  memory: 186  
2026/08/06 11:35:22 - mmengine - INFO - Epoch(val)  [33][ 70/116]    eta: 0:00:01  time: 0.0365  data_time: 0.0066  memory: 111  
2026/08/06 11:35:22 - mmengine - INFO - Epoch(val)  [33][ 80/116]    eta: 0:00:01  time: 0.0368  data_time: 0.0068  memory: 132  
2026/08/06 11:35:22 - mmengine - INFO - Epoch(val)  [33][ 90/116]    eta: 0:00:00  time: 0.0376  data_time: 0.0071  memory: 163  
2026/08/06 11:35:23 - mmengine - INFO - Epoch(val)  [33][100/116]    eta: 0:00:00  time: 0.0382  data_time: 0.0070  memory: 239  
2026/08/06 11:35:23 - mmengine - INFO - Epoch(val)  [33][110/116]    eta: 0:00:00  time: 0.0379  data_time: 0.0068  memory: 138  
2026/08/06 11:35:24 - mmengine - INFO - Evaluating bbox...
2026/08/06 11:35:24 - mmengine - INFO - bbox_mAP_copypaste: 0.592 0.897 0.685 0.000 0.687 0.550
2026/08/06 11:35:24 - mmengine - INFO - Evaluating segm...
2026/08/06 11:35:24 - mmengine - INFO - segm_mAP_copypaste: 0.602 0.883 0.706 0.000 0.698 0.556
2026/08/06 11:35:24 - mmengine - INFO - Epoch(val) [33][116/116]    coco/bbox_mAP: 0.5920  coco/bbox_mAP_50: 0.8970  coco/bbox_mAP_75: 0.6850  coco/bbox_mAP_s: 0.0000  coco/bbox_mAP_m: 0.6870  coco/bbox_mAP_l: 0.5500  coco/segm_mAP: 0.6020  coco/segm_mAP_50: 0.8830  coco/segm_mAP_75: 0.7060  coco/segm_mAP_s: 0.0000  coco/segm_mAP_m: 0.6980  coco/segm_mAP_l: 0.5560  data_time: 0.0067  time: 0.0375
2026/08/06 11:35:28 - mmengine - INFO - Epoch(train)  [34][10/68]  base_lr: 1.2500e-04 lr: 1.2500e-04  eta: 0:28:15  time: 0.4031  data_time: 0.1627  memory: 600  grad_norm: 12.6553  loss: 0.5227  loss_cls: 0.1435  loss_bbox: 0.2656  loss_mask: 0.1135
2026/08/06 11:35:31 - mmengine - INFO - Epoch(train)  [34][20/68]  base_lr: 1.2500e-04 lr: 1.2500e-04  eta: 0:28:11  time: 0.3988  data_time: 0.1597  memory: 602  grad_norm: 12.3871  loss: 0.5261  loss_cls: 0.1465  loss_bbox: 0.2648  loss_mask: 0.1149
2026/08/06 11:35:35 - mmengine - INFO - Epoch(train)  [34][30/68]  base_lr: 1.2500e-04 lr: 1.2500e-04  eta: 0:28:08  time: 0.3917  data_time: 0.1553  memory: 600  grad_norm: 12.6648  loss: 0.5214  loss_cls: 0.1458  loss_bbox: 0.2590  loss_mask: 0.1166
2026/08/06 11:35:39 - mmengine - INFO - Epoch(train)  [34][40/68]  base_lr: 1.2500e-04 lr: 1.2500e-04  eta: 0:28:04  time: 0.3805  data_time: 0.1479  memory: 601  grad_norm: 12.6833  loss: 0.5114  loss_cls: 0.1446  loss_bbox: 0.2532  loss_mask: 0.1136
2026/08/06 11:35:43 - mmengine - INFO - Epoch(train)  [34][50/68]  base_lr: 1.2500e-04 lr: 1.2500e-04  eta: 0:28:00  time: 0.3754  data_time: 0.1419  memory: 600  grad_norm: 12.8645  loss: 0.5208  loss_cls: 0.1455  loss_bbox: 0.2590  loss_mask: 0.1163
2026/08/06 11:35:46 - mmengine - INFO - Epoch(train)  [34][60/68]  base_lr: 1.2500e-04 lr: 1.2500e-04  eta: 0:27:56  time: 0.3705  data_time: 0.1388  memory: 601  grad_norm: 13.3847  loss: 0.5355  loss_cls: 0.1559  loss_bbox: 0.2586  loss_mask: 0.1210
2026/08/06 11:35:49 - mmengine - INFO - Exp name: rtmdet_ins_busi_20260806_111712
2026/08/06 11:35:49 - mmengine - INFO - Saving checkpoint at 34 epochs
2026/08/06 11:35:51 - mmengine - INFO - Epoch(val)  [34][ 10/116]    eta: 0:00:03  time: 0.0383  data_time: 0.0067  memory: 602  
2026/08/06 11:35:52 - mmengine - INFO - Epoch(val)  [34][ 20/116]    eta: 0:00:03  time: 0.0372  data_time: 0.0065  memory: 122  
2026/08/06 11:35:52 - mmengine - INFO - Epoch(val)  [34][ 30/116]    eta: 0:00:02  time: 0.0349  data_time: 0.0059  memory: 144  
2026/08/06 11:35:52 - mmengine - INFO - Epoch(val)  [34][ 40/116]    eta: 0:00:02  time: 0.0340  data_time: 0.0054  memory: 125  
2026/08/06 11:35:53 - mmengine - INFO - Epoch(val)  [34][ 50/116]    eta: 0:00:02  time: 0.0320  data_time: 0.0054  memory: 153  
2026/08/06 11:35:53 - mmengine - INFO - Epoch(val)  [34][ 60/116]    eta: 0:00:01  time: 0.0320  data_time: 0.0057  memory: 120  
2026/08/06 11:35:53 - mmengine - INFO - Epoch(val)  [34][ 70/116]    eta: 0:00:01  time: 0.0315  data_time: 0.0058  memory: 110  
2026/08/06 11:35:54 - mmengine - INFO - Epoch(val)  [34][ 80/116]    eta: 0:00:01  time: 0.0320  data_time: 0.0062  memory: 136  
2026/08/06 11:35:54 - mmengine - INFO - Epoch(val)  [34][ 90/116]    eta: 0:00:00  time: 0.0330  data_time: 0.0070  memory: 157  
2026/08/06 11:35:54 - mmengine - INFO - Epoch(val)  [34][100/116]    eta: 0:00:00  time: 0.0328  data_time: 0.0069  memory: 201  
2026/08/06 11:35:55 - mmengine - INFO - Epoch(val)  [34][110/116]    eta: 0:00:00  time: 0.0327  data_time: 0.0069  memory: 123  
2026/08/06 11:35:55 - mmengine - INFO - Evaluating bbox...
2026/08/06 11:35:55 - mmengine - INFO - bbox_mAP_copypaste: 0.602 0.891 0.739 0.000 0.713 0.548
2026/08/06 11:35:55 - mmengine - INFO - Evaluating segm...
2026/08/06 11:35:55 - mmengine - INFO - segm_mAP_copypaste: 0.603 0.883 0.727 0.000 0.701 0.557
2026/08/06 11:35:55 - mmengine - INFO - Epoch(val) [34][116/116]    coco/bbox_mAP: 0.6020  coco/bbox_mAP_50: 0.8910  coco/bbox_mAP_75: 0.7390  coco/bbox_mAP_s: 0.0000  coco/bbox_mAP_m: 0.7130  coco/bbox_mAP_l: 0.5480  coco/segm_mAP: 0.6030  coco/segm_mAP_50: 0.8830  coco/segm_mAP_75: 0.7270  coco/segm_mAP_s: 0.0000  coco/segm_mAP_m: 0.7010  coco/segm_mAP_l: 0.5570  data_time: 0.0061  time: 0.0324
2026/08/06 11:35:59 - mmengine - INFO - Epoch(train)  [35][10/68]  base_lr: 1.2500e-04 lr: 1.2500e-04  eta: 0:27:49  time: 0.3604  data_time: 0.1300  memory: 600  grad_norm: 13.7592  loss: 0.5615  loss_cls: 0.1628  loss_bbox: 0.2760  loss_mask: 0.1227
2026/08/06 11:36:02 - mmengine - INFO - Epoch(train)  [35][20/68]  base_lr: 1.2500e-04 lr: 1.2500e-04  eta: 0:27:45  time: 0.3611  data_time: 0.1322  memory: 601  grad_norm: 13.8830  loss: 0.5682  loss_cls: 0.1620  loss_bbox: 0.2812  loss_mask: 0.1249
2026/08/06 11:36:06 - mmengine - INFO - Epoch(train)  [35][30/68]  base_lr: 1.2500e-04 lr: 1.2500e-04  eta: 0:27:41  time: 0.3602  data_time: 0.1322  memory: 602  grad_norm: 13.5845  loss: 0.5765  loss_cls: 0.1676  loss_bbox: 0.2830  loss_mask: 0.1259
2026/08/06 11:36:10 - mmengine - INFO - Epoch(train)  [35][40/68]  base_lr: 1.2500e-04 lr: 1.2500e-04  eta: 0:27:37  time: 0.3641  data_time: 0.1342  memory: 601  grad_norm: 12.8514  loss: 0.5636  loss_cls: 0.1561  loss_bbox: 0.2844  loss_mask: 0.1231
2026/08/06 11:36:14 - mmengine - INFO - Epoch(train)  [35][50/68]  base_lr: 1.2500e-04 lr: 1.2500e-04  eta: 0:27:34  time: 0.3700  data_time: 0.1391  memory: 603  grad_norm: 12.7131  loss: 0.5517  loss_cls: 0.1492  loss_bbox: 0.2812  loss_mask: 0.1213
2026/08/06 11:36:17 - mmengine - INFO - Epoch(train)  [35][60/68]  base_lr: 1.2500e-04 lr: 1.2500e-04  eta: 0:27:30  time: 0.3724  data_time: 0.1432  memory: 601  grad_norm: 12.3305  loss: 0.5446  loss_cls: 0.1481  loss_bbox: 0.2746  loss_mask: 0.1219
2026/08/06 11:36:20 - mmengine - INFO - Exp name: rtmdet_ins_busi_20260806_111712
2026/08/06 11:36:20 - mmengine - INFO - Saving checkpoint at 35 epochs
2026/08/06 11:36:22 - mmengine - INFO - Epoch(val)  [35][ 10/116]    eta: 0:00:03  time: 0.0330  data_time: 0.0068  memory: 601  
2026/08/06 11:36:23 - mmengine - INFO - Epoch(val)  [35][ 20/116]    eta: 0:00:02  time: 0.0319  data_time: 0.0062  memory: 121  
2026/08/06 11:36:23 - mmengine - INFO - Epoch(val)  [35][ 30/116]    eta: 0:00:02  time: 0.0308  data_time: 0.0054  memory: 150  
2026/08/06 11:36:23 - mmengine - INFO - Epoch(val)  [35][ 40/116]    eta: 0:00:02  time: 0.0309  data_time: 0.0052  memory: 150  
2026/08/06 11:36:24 - mmengine - INFO - Epoch(val)  [35][ 50/116]    eta: 0:00:02  time: 0.0307  data_time: 0.0054  memory: 158  
2026/08/06 11:36:24 - mmengine - INFO - Epoch(val)  [35][ 60/116]    eta: 0:00:01  time: 0.0310  data_time: 0.0055  memory: 147  
2026/08/06 11:36:24 - mmengine - INFO - Epoch(val)  [35][ 70/116]    eta: 0:00:01  time: 0.0315  data_time: 0.0059  memory: 122  
2026/08/06 11:36:25 - mmengine - INFO - Epoch(val)  [35][ 80/116]    eta: 0:00:01  time: 0.0323  data_time: 0.0059  memory: 140  
2026/08/06 11:36:25 - mmengine - INFO - Epoch(val)  [35][ 90/116]    eta: 0:00:00  time: 0.0327  data_time: 0.0060  memory: 151  
2026/08/06 11:36:25 - mmengine - INFO - Epoch(val)  [35][100/116]    eta: 0:00:00  time: 0.0329  data_time: 0.0057  memory: 211  
2026/08/06 11:36:26 - mmengine - INFO - Epoch(val)  [35][110/116]    eta: 0:00:00  time: 0.0329  data_time: 0.0055  memory: 122  
2026/08/06 11:36:26 - mmengine - INFO - Evaluating bbox...
2026/08/06 11:36:26 - mmengine - INFO - bbox_mAP_copypaste: 0.587 0.898 0.679 0.000 0.682 0.536
2026/08/06 11:36:26 - mmengine - INFO - Evaluating segm...
2026/08/06 11:36:26 - mmengine - INFO - segm_mAP_copypaste: 0.594 0.889 0.677 0.000 0.694 0.546
2026/08/06 11:36:26 - mmengine - INFO - Epoch(val) [35][116/116]    coco/bbox_mAP: 0.5870  coco/bbox_mAP_50: 0.8980  coco/bbox_mAP_75: 0.6790  coco/bbox_mAP_s: 0.0000  coco/bbox_mAP_m: 0.6820  coco/bbox_mAP_l: 0.5360  coco/segm_mAP: 0.5940  coco/segm_mAP_50: 0.8890  coco/segm_mAP_75: 0.6770  coco/segm_mAP_s: 0.0000  coco/segm_mAP_m: 0.6940  coco/segm_mAP_l: 0.5460  data_time: 0.0056  time: 0.0319
2026/08/06 11:36:30 - mmengine - INFO - Epoch(train)  [36][10/68]  base_lr: 1.2500e-04 lr: 1.2500e-04  eta: 0:27:23  time: 0.3686  data_time: 0.1419  memory: 602  grad_norm: 11.9930  loss: 0.5145  loss_cls: 0.1374  loss_bbox: 0.2622  loss_mask: 0.1148
2026/08/06 11:36:33 - mmengine - INFO - Epoch(train)  [36][20/68]  base_lr: 1.2500e-04 lr: 1.2500e-04  eta: 0:27:19  time: 0.3653  data_time: 0.1401  memory: 602  grad_norm: 12.9441  loss: 0.5166  loss_cls: 0.1395  loss_bbox: 0.2649  loss_mask: 0.1122
2026/08/06 11:36:37 - mmengine - INFO - Epoch(train)  [36][30/68]  base_lr: 1.2500e-04 lr: 1.2500e-04  eta: 0:27:15  time: 0.3612  data_time: 0.1367  memory: 601  grad_norm: 12.6792  loss: 0.5087  loss_cls: 0.1348  loss_bbox: 0.2628  loss_mask: 0.1111
2026/08/06 11:36:40 - mmengine - INFO - Epoch(train)  [36][40/68]  base_lr: 1.2500e-04 lr: 1.2500e-04  eta: 0:27:11  time: 0.3571  data_time: 0.1323  memory: 601  grad_norm: 12.4110  loss: 0.5034  loss_cls: 0.1326  loss_bbox: 0.2610  loss_mask: 0.1097
2026/08/06 11:36:44 - mmengine - INFO - Epoch(train)  [36][50/68]  base_lr: 1.2500e-04 lr: 1.2500e-04  eta: 0:27:06  time: 0.3547  data_time: 0.1301  memory: 599  grad_norm: 12.6313  loss: 0.5049  loss_cls: 0.1316  loss_bbox: 0.2611  loss_mask: 0.1123
2026/08/06 11:36:48 - mmengine - INFO - Epoch(train)  [36][60/68]  base_lr: 1.2500e-04 lr: 1.2500e-04  eta: 0:27:03  time: 0.3584  data_time: 0.1333  memory: 603  grad_norm: 13.1188  loss: 0.5160  loss_cls: 0.1353  loss_bbox: 0.2655  loss_mask: 0.1153
2026/08/06 11:36:50 - mmengine - INFO - Exp name: rtmdet_ins_busi_20260806_111712
2026/08/06 11:36:50 - mmengine - INFO - Saving checkpoint at 36 epochs
2026/08/06 11:36:53 - mmengine - INFO - Epoch(val)  [36][ 10/116]    eta: 0:00:03  time: 0.0331  data_time: 0.0056  memory: 600  
2026/08/06 11:36:53 - mmengine - INFO - Epoch(val)  [36][ 20/116]    eta: 0:00:03  time: 0.0324  data_time: 0.0055  memory: 122  
2026/08/06 11:36:54 - mmengine - INFO - Epoch(val)  [36][ 30/116]    eta: 0:00:02  time: 0.0316  data_time: 0.0052  memory: 164  
2026/08/06 11:36:54 - mmengine - INFO - Epoch(val)  [36][ 40/116]    eta: 0:00:02  time: 0.0312  data_time: 0.0052  memory: 137  
2026/08/06 11:36:54 - mmengine - INFO - Epoch(val)  [36][ 50/116]    eta: 0:00:02  time: 0.0307  data_time: 0.0053  memory: 164  
2026/08/06 11:36:54 - mmengine - INFO - Epoch(val)  [36][ 60/116]    eta: 0:00:01  time: 0.0309  data_time: 0.0055  memory: 133  
2026/08/06 11:36:55 - mmengine - INFO - Epoch(val)  [36][ 70/116]    eta: 0:00:01  time: 0.0309  data_time: 0.0058  memory: 122  
2026/08/06 11:36:55 - mmengine - INFO - Epoch(val)  [36][ 80/116]    eta: 0:00:01  time: 0.0315  data_time: 0.0059  memory: 134  
2026/08/06 11:36:55 - mmengine - INFO - Epoch(val)  [36][ 90/116]    eta: 0:00:00  time: 0.0321  data_time: 0.0060  memory: 145  
2026/08/06 11:36:56 - mmengine - INFO - Epoch(val)  [36][100/116]    eta: 0:00:00  time: 0.0321  data_time: 0.0058  memory: 172  
2026/08/06 11:36:56 - mmengine - INFO - Epoch(val)  [36][110/116]    eta: 0:00:00  time: 0.0318  data_time: 0.0057  memory: 131  
2026/08/06 11:36:56 - mmengine - INFO - Evaluating bbox...
2026/08/06 11:36:56 - mmengine - INFO - bbox_mAP_copypaste: 0.593 0.886 0.706 0.000 0.683 0.548
2026/08/06 11:36:56 - mmengine - INFO - Evaluating segm...
2026/08/06 11:36:56 - mmengine - INFO - segm_mAP_copypaste: 0.597 0.873 0.704 0.000 0.700 0.549
2026/08/06 11:36:56 - mmengine - INFO - Epoch(val) [36][116/116]    coco/bbox_mAP: 0.5930  coco/bbox_mAP_50: 0.8860  coco/bbox_mAP_75: 0.7060  coco/bbox_mAP_s: 0.0000  coco/bbox_mAP_m: 0.6830  coco/bbox_mAP_l: 0.5480  coco/segm_mAP: 0.5970  coco/segm_mAP_50: 0.8730  coco/segm_mAP_75: 0.7040  coco/segm_mAP_s: 0.0000  coco/segm_mAP_m: 0.7000  coco/segm_mAP_l: 0.5490  data_time: 0.0056  time: 0.0313
2026/08/06 11:37:00 - mmengine - INFO - Epoch(train)  [37][10/68]  base_lr: 1.2500e-04 lr: 1.2500e-04  eta: 0:26:56  time: 0.3583  data_time: 0.1341  memory: 601  grad_norm: 13.4448  loss: 0.5122  loss_cls: 0.1349  loss_bbox: 0.2597  loss_mask: 0.1176
2026/08/06 11:37:04 - mmengine - INFO - Epoch(train)  [37][20/68]  base_lr: 1.2500e-04 lr: 1.2500e-04  eta: 0:26:52  time: 0.3596  data_time: 0.1367  memory: 601  grad_norm: 14.1418  loss: 0.5294  loss_cls: 0.1470  loss_bbox: 0.2613  loss_mask: 0.1211
2026/08/06 11:37:07 - mmengine - INFO - Epoch(train)  [37][30/68]  base_lr: 1.2500e-04 lr: 1.2500e-04  eta: 0:26:48  time: 0.3640  data_time: 0.1386  memory: 601  grad_norm: 14.1077  loss: 0.5302  loss_cls: 0.1435  loss_bbox: 0.2665  loss_mask: 0.1202
2026/08/06 11:37:11 - mmengine - INFO - Epoch(train)  [37][40/68]  base_lr: 1.2500e-04 lr: 1.2500e-04  eta: 0:26:44  time: 0.3630  data_time: 0.1353  memory: 601  grad_norm: 13.6906  loss: 0.5321  loss_cls: 0.1430  loss_bbox: 0.2698  loss_mask: 0.1193
2026/08/06 11:37:15 - mmengine - INFO - Epoch(train)  [37][50/68]  base_lr: 1.2500e-04 lr: 1.2500e-04  eta: 0:26:41  time: 0.3692  data_time: 0.1385  memory: 601  grad_norm: 12.6427  loss: 0.5409  loss_cls: 0.1507  loss_bbox: 0.2702  loss_mask: 0.1200
2026/08/06 11:37:19 - mmengine - INFO - Epoch(train)  [37][60/68]  base_lr: 1.2500e-04 lr: 1.2500e-04  eta: 0:26:37  time: 0.3727  data_time: 0.1413  memory: 599  grad_norm: 12.7960  loss: 0.5474  loss_cls: 0.1531  loss_bbox: 0.2752  loss_mask: 0.1191
2026/08/06 11:37:21 - mmengine - INFO - Exp name: rtmdet_ins_busi_20260806_111712
2026/08/06 11:37:21 - mmengine - INFO - Saving checkpoint at 37 epochs
2026/08/06 11:37:24 - mmengine - INFO - Epoch(val)  [37][ 10/116]    eta: 0:00:03  time: 0.0321  data_time: 0.0058  memory: 603  
2026/08/06 11:37:24 - mmengine - INFO - Epoch(val)  [37][ 20/116]    eta: 0:00:03  time: 0.0316  data_time: 0.0055  memory: 113  
2026/08/06 11:37:24 - mmengine - INFO - Epoch(val)  [37][ 30/116]    eta: 0:00:02  time: 0.0312  data_time: 0.0055  memory: 151  
2026/08/06 11:37:25 - mmengine - INFO - Epoch(val)  [37][ 40/116]    eta: 0:00:02  time: 0.0317  data_time: 0.0053  memory: 111  
2026/08/06 11:37:25 - mmengine - INFO - Epoch(val)  [37][ 50/116]    eta: 0:00:02  time: 0.0316  data_time: 0.0053  memory: 153  
2026/08/06 11:37:25 - mmengine - INFO - Epoch(val)  [37][ 60/116]    eta: 0:00:01  time: 0.0320  data_time: 0.0056  memory: 143  
2026/08/06 11:37:26 - mmengine - INFO - Epoch(val)  [37][ 70/116]    eta: 0:00:01  time: 0.0323  data_time: 0.0059  memory: 116  
2026/08/06 11:37:26 - mmengine - INFO - Epoch(val)  [37][ 80/116]    eta: 0:00:01  time: 0.0324  data_time: 0.0060  memory: 130  
2026/08/06 11:37:26 - mmengine - INFO - Epoch(val)  [37][ 90/116]    eta: 0:00:00  time: 0.0331  data_time: 0.0065  memory: 169  
2026/08/06 11:37:27 - mmengine - INFO - Epoch(val)  [37][100/116]    eta: 0:00:00  time: 0.0332  data_time: 0.0063  memory: 216  
2026/08/06 11:37:27 - mmengine - INFO - Epoch(val)  [37][110/116]    eta: 0:00:00  time: 0.0324  data_time: 0.0060  memory: 115  
2026/08/06 11:37:27 - mmengine - INFO - Evaluating bbox...
2026/08/06 11:37:27 - mmengine - INFO - bbox_mAP_copypaste: 0.608 0.904 0.752 0.000 0.669 0.569
2026/08/06 11:37:27 - mmengine - INFO - Evaluating segm...
2026/08/06 11:37:27 - mmengine - INFO - segm_mAP_copypaste: 0.602 0.902 0.713 0.000 0.678 0.566
2026/08/06 11:37:27 - mmengine - INFO - Epoch(val) [37][116/116]    coco/bbox_mAP: 0.6080  coco/bbox_mAP_50: 0.9040  coco/bbox_mAP_75: 0.7520  coco/bbox_mAP_s: 0.0000  coco/bbox_mAP_m: 0.6690  coco/bbox_mAP_l: 0.5690  coco/segm_mAP: 0.6020  coco/segm_mAP_50: 0.9020  coco/segm_mAP_75: 0.7130  coco/segm_mAP_s: 0.0000  coco/segm_mAP_m: 0.6780  coco/segm_mAP_l: 0.5660  data_time: 0.0058  time: 0.0322
2026/08/06 11:37:31 - mmengine - INFO - Epoch(train)  [38][10/68]  base_lr: 1.2500e-04 lr: 1.2500e-04  eta: 0:26:30  time: 0.3752  data_time: 0.1415  memory: 603  grad_norm: 12.2369  loss: 0.5314  loss_cls: 0.1494  loss_bbox: 0.2648  loss_mask: 0.1172
2026/08/06 11:37:35 - mmengine - INFO - Epoch(train)  [38][20/68]  base_lr: 1.2500e-04 lr: 1.2500e-04  eta: 0:26:27  time: 0.3742  data_time: 0.1414  memory: 601  grad_norm: 12.4636  loss: 0.5200  loss_cls: 0.1467  loss_bbox: 0.2575  loss_mask: 0.1159
2026/08/06 11:37:39 - mmengine - INFO - Epoch(train)  [38][30/68]  base_lr: 1.2500e-04 lr: 1.2500e-04  eta: 0:26:23  time: 0.3676  data_time: 0.1364  memory: 601  grad_norm: 12.4252  loss: 0.5096  loss_cls: 0.1378  loss_bbox: 0.2583  loss_mask: 0.1136
2026/08/06 11:37:42 - mmengine - INFO - Epoch(train)  [38][40/68]  base_lr: 1.2500e-04 lr: 1.2500e-04  eta: 0:26:19  time: 0.3669  data_time: 0.1372  memory: 601  grad_norm: 12.1085  loss: 0.5112  loss_cls: 0.1426  loss_bbox: 0.2557  loss_mask: 0.1129
2026/08/06 11:37:46 - mmengine - INFO - Epoch(train)  [38][50/68]  base_lr: 1.2500e-04 lr: 1.2500e-04  eta: 0:26:15  time: 0.3716  data_time: 0.1403  memory: 601  grad_norm: 11.9155  loss: 0.5140  loss_cls: 0.1385  loss_bbox: 0.2612  loss_mask: 0.1143
2026/08/06 11:37:50 - mmengine - INFO - Epoch(train)  [38][60/68]  base_lr: 1.2500e-04 lr: 1.2500e-04  eta: 0:26:12  time: 0.3718  data_time: 0.1420  memory: 603  grad_norm: 12.0370  loss: 0.5146  loss_cls: 0.1355  loss_bbox: 0.2623  loss_mask: 0.1167
2026/08/06 11:37:53 - mmengine - INFO - Exp name: rtmdet_ins_busi_20260806_111712
2026/08/06 11:37:53 - mmengine - INFO - Saving checkpoint at 38 epochs
2026/08/06 11:37:55 - mmengine - INFO - Epoch(val)  [38][ 10/116]    eta: 0:00:03  time: 0.0333  data_time: 0.0062  memory: 599  
2026/08/06 11:37:55 - mmengine - INFO - Epoch(val)  [38][ 20/116]    eta: 0:00:03  time: 0.0324  data_time: 0.0060  memory: 121  
2026/08/06 11:37:56 - mmengine - INFO - Epoch(val)  [38][ 30/116]    eta: 0:00:02  time: 0.0321  data_time: 0.0058  memory: 159  
2026/08/06 11:37:56 - mmengine - INFO - Epoch(val)  [38][ 40/116]    eta: 0:00:02  time: 0.0322  data_time: 0.0056  memory: 147  
2026/08/06 11:37:56 - mmengine - INFO - Epoch(val)  [38][ 50/116]    eta: 0:00:02  time: 0.0322  data_time: 0.0057  memory: 164  
2026/08/06 11:37:57 - mmengine - INFO - Epoch(val)  [38][ 60/116]    eta: 0:00:01  time: 0.0322  data_time: 0.0058  memory: 164  
2026/08/06 11:37:57 - mmengine - INFO - Epoch(val)  [38][ 70/116]    eta: 0:00:01  time: 0.0326  data_time: 0.0059  memory: 120  
2026/08/06 11:37:57 - mmengine - INFO - Epoch(val)  [38][ 80/116]    eta: 0:00:01  time: 0.0323  data_time: 0.0060  memory: 130  
2026/08/06 11:37:58 - mmengine - INFO - Epoch(val)  [38][ 90/116]    eta: 0:00:00  time: 0.0331  data_time: 0.0063  memory: 175  
2026/08/06 11:37:58 - mmengine - INFO - Epoch(val)  [38][100/116]    eta: 0:00:00  time: 0.0340  data_time: 0.0063  memory: 189  
2026/08/06 11:37:58 - mmengine - INFO - Epoch(val)  [38][110/116]    eta: 0:00:00  time: 0.0340  data_time: 0.0061  memory: 172  
2026/08/06 11:37:59 - mmengine - INFO - Evaluating bbox...
2026/08/06 11:37:59 - mmengine - INFO - bbox_mAP_copypaste: 0.578 0.880 0.709 0.000 0.654 0.536
2026/08/06 11:37:59 - mmengine - INFO - Evaluating segm...
2026/08/06 11:37:59 - mmengine - INFO - segm_mAP_copypaste: 0.577 0.874 0.653 0.000 0.660 0.543
2026/08/06 11:37:59 - mmengine - INFO - Epoch(val) [38][116/116]    coco/bbox_mAP: 0.5780  coco/bbox_mAP_50: 0.8800  coco/bbox_mAP_75: 0.7090  coco/bbox_mAP_s: 0.0000  coco/bbox_mAP_m: 0.6540  coco/bbox_mAP_l: 0.5360  coco/segm_mAP: 0.5770  coco/segm_mAP_50: 0.8740  coco/segm_mAP_75: 0.6530  coco/segm_mAP_s: 0.0000  coco/segm_mAP_m: 0.6600  coco/segm_mAP_l: 0.5430  data_time: 0.0060  time: 0.0334
2026/08/06 11:38:03 - mmengine - INFO - Epoch(train)  [39][10/68]  base_lr: 1.2500e-04 lr: 1.2500e-04  eta: 0:26:05  time: 0.3719  data_time: 0.1447  memory: 603  grad_norm: 12.4921  loss: 0.5272  loss_cls: 0.1473  loss_bbox: 0.2641  loss_mask: 0.1157
2026/08/06 11:38:06 - mmengine - INFO - Epoch(train)  [39][20/68]  base_lr: 1.2500e-04 lr: 1.2500e-04  eta: 0:26:01  time: 0.3776  data_time: 0.1491  memory: 601  grad_norm: 12.6866  loss: 0.5065  loss_cls: 0.1385  loss_bbox: 0.2555  loss_mask: 0.1125
2026/08/06 11:38:10 - mmengine - INFO - Epoch(train)  [39][30/68]  base_lr: 1.2500e-04 lr: 1.2500e-04  eta: 0:25:58  time: 0.3778  data_time: 0.1482  memory: 603  grad_norm: 13.1445  loss: 0.5022  loss_cls: 0.1353  loss_bbox: 0.2540  loss_mask: 0.1129
2026/08/06 11:38:14 - mmengine - INFO - Epoch(train)  [39][40/68]  base_lr: 1.2500e-04 lr: 1.2500e-04  eta: 0:25:54  time: 0.3757  data_time: 0.1450  memory: 600  grad_norm: 13.1498  loss: 0.5056  loss_cls: 0.1365  loss_bbox: 0.2558  loss_mask: 0.1133
2026/08/06 11:38:18 - mmengine - INFO - Epoch(train)  [39][50/68]  base_lr: 1.2500e-04 lr: 1.2500e-04  eta: 0:25:51  time: 0.3844  data_time: 0.1484  memory: 600  grad_norm: 12.5774  loss: 0.5011  loss_cls: 0.1320  loss_bbox: 0.2572  loss_mask: 0.1119
2026/08/06 11:38:22 - mmengine - INFO - Epoch(train)  [39][60/68]  base_lr: 1.2500e-04 lr: 1.2500e-04  eta: 0:25:48  time: 0.3902  data_time: 0.1515  memory: 601  grad_norm: 12.8780  loss: 0.4979  loss_cls: 0.1281  loss_bbox: 0.2571  loss_mask: 0.1127
2026/08/06 11:38:25 - mmengine - INFO - Exp name: rtmdet_ins_busi_20260806_111712
2026/08/06 11:38:25 - mmengine - INFO - Saving checkpoint at 39 epochs
2026/08/06 11:38:27 - mmengine - INFO - Epoch(val)  [39][ 10/116]    eta: 0:00:03  time: 0.0357  data_time: 0.0064  memory: 602  
2026/08/06 11:38:28 - mmengine - INFO - Epoch(val)  [39][ 20/116]    eta: 0:00:03  time: 0.0362  data_time: 0.0065  memory: 112  
2026/08/06 11:38:28 - mmengine - INFO - Epoch(val)  [39][ 30/116]    eta: 0:00:02  time: 0.0349  data_time: 0.0060  memory: 144  
2026/08/06 11:38:28 - mmengine - INFO - Epoch(val)  [39][ 40/116]    eta: 0:00:02  time: 0.0345  data_time: 0.0060  memory: 150  
2026/08/06 11:38:29 - mmengine - INFO - Epoch(val)  [39][ 50/116]    eta: 0:00:02  time: 0.0339  data_time: 0.0061  memory: 153  
2026/08/06 11:38:29 - mmengine - INFO - Epoch(val)  [39][ 60/116]    eta: 0:00:01  time: 0.0336  data_time: 0.0062  memory: 155  
2026/08/06 11:38:29 - mmengine - INFO - Epoch(val)  [39][ 70/116]    eta: 0:00:01  time: 0.0328  data_time: 0.0061  memory: 126  
2026/08/06 11:38:30 - mmengine - INFO - Epoch(val)  [39][ 80/116]    eta: 0:00:01  time: 0.0331  data_time: 0.0064  memory: 123  
2026/08/06 11:38:30 - mmengine - INFO - Epoch(val)  [39][ 90/116]    eta: 0:00:00  time: 0.0339  data_time: 0.0067  memory: 175  
2026/08/06 11:38:30 - mmengine - INFO - Epoch(val)  [39][100/116]    eta: 0:00:00  time: 0.0348  data_time: 0.0066  memory: 199  
2026/08/06 11:38:31 - mmengine - INFO - Epoch(val)  [39][110/116]    eta: 0:00:00  time: 0.0355  data_time: 0.0064  memory: 138  
2026/08/06 11:38:31 - mmengine - INFO - Evaluating bbox...
2026/08/06 11:38:31 - mmengine - INFO - bbox_mAP_copypaste: 0.594 0.895 0.714 0.000 0.647 0.562
2026/08/06 11:38:31 - mmengine - INFO - Evaluating segm...
2026/08/06 11:38:31 - mmengine - INFO - segm_mAP_copypaste: 0.615 0.893 0.691 0.000 0.692 0.578
2026/08/06 11:38:31 - mmengine - INFO - Epoch(val) [39][116/116]    coco/bbox_mAP: 0.5940  coco/bbox_mAP_50: 0.8950  coco/bbox_mAP_75: 0.7140  coco/bbox_mAP_s: 0.0000  coco/bbox_mAP_m: 0.6470  coco/bbox_mAP_l: 0.5620  coco/segm_mAP: 0.6150  coco/segm_mAP_50: 0.8930  coco/segm_mAP_75: 0.6910  coco/segm_mAP_s: 0.0000  coco/segm_mAP_m: 0.6920  coco/segm_mAP_l: 0.5780  data_time: 0.0064  time: 0.0350
2026/08/06 11:38:31 - mmengine - INFO - The previous best checkpoint d:\mamografi\real_time_segmentasyon\rtmdet\calisma\rtmdet_ins_tiny_256_orta\best_coco_segm_mAP_epoch_21.pth is removed
2026/08/06 11:38:33 - mmengine - INFO - The best checkpoint with 0.6150 coco/segm_mAP at 39 epoch is saved to best_coco_segm_mAP_epoch_39.pth.
2026/08/06 11:38:39 - mmengine - INFO - Epoch(train)  [40][10/68]  base_lr: 1.2500e-04 lr: 1.2500e-04  eta: 0:25:41  time: 0.3834  data_time: 0.1430  memory: 602  grad_norm: 12.9541  loss: 0.5067  loss_cls: 0.1364  loss_bbox: 0.2575  loss_mask: 0.1129
2026/08/06 11:38:43 - mmengine - INFO - Epoch(train)  [40][20/68]  base_lr: 1.2500e-04 lr: 1.2500e-04  eta: 0:25:37  time: 0.3857  data_time: 0.1448  memory: 602  grad_norm: 13.2850  loss: 0.5055  loss_cls: 0.1427  loss_bbox: 0.2511  loss_mask: 0.1117
2026/08/06 11:38:47 - mmengine - INFO - Epoch(train)  [40][30/68]  base_lr: 1.2500e-04 lr: 1.2500e-04  eta: 0:25:34  time: 0.3869  data_time: 0.1462  memory: 601  grad_norm: 13.6007  loss: 0.4918  loss_cls: 0.1390  loss_bbox: 0.2452  loss_mask: 0.1076
2026/08/06 11:38:51 - mmengine - INFO - Epoch(train)  [40][40/68]  base_lr: 1.2500e-04 lr: 1.2500e-04  eta: 0:25:31  time: 0.3881  data_time: 0.1462  memory: 601  grad_norm: 13.1541  loss: 0.4963  loss_cls: 0.1392  loss_bbox: 0.2472  loss_mask: 0.1098
2026/08/06 11:38:55 - mmengine - INFO - Epoch(train)  [40][50/68]  base_lr: 1.2500e-04 lr: 1.2500e-04  eta: 0:25:27  time: 0.3937  data_time: 0.1519  memory: 603  grad_norm: 13.1370  loss: 0.4864  loss_cls: 0.1298  loss_bbox: 0.2486  loss_mask: 0.1080
2026/08/06 11:38:59 - mmengine - INFO - Epoch(train)  [40][60/68]  base_lr: 1.2500e-04 lr: 1.2500e-04  eta: 0:25:24  time: 0.3930  data_time: 0.1495  memory: 600  grad_norm: 13.1544  loss: 0.4895  loss_cls: 0.1282  loss_bbox: 0.2505  loss_mask: 0.1108
2026/08/06 11:39:01 - mmengine - INFO - Exp name: rtmdet_ins_busi_20260806_111712
2026/08/06 11:39:01 - mmengine - INFO - Saving checkpoint at 40 epochs
2026/08/06 11:39:04 - mmengine - INFO - Epoch(val)  [40][ 10/116]    eta: 0:00:03  time: 0.0363  data_time: 0.0067  memory: 601  
2026/08/06 11:39:04 - mmengine - INFO - Epoch(val)  [40][ 20/116]    eta: 0:00:02  time: 0.0353  data_time: 0.0067  memory: 112  
2026/08/06 11:39:04 - mmengine - INFO - Epoch(val)  [40][ 30/116]    eta: 0:00:02  time: 0.0329  data_time: 0.0059  memory: 158  
2026/08/06 11:39:04 - mmengine - INFO - Epoch(val)  [40][ 40/116]    eta: 0:00:02  time: 0.0313  data_time: 0.0056  memory: 132  
2026/08/06 11:39:05 - mmengine - INFO - Epoch(val)  [40][ 50/116]    eta: 0:00:01  time: 0.0291  data_time: 0.0052  memory: 164  
2026/08/06 11:39:05 - mmengine - INFO - Epoch(val)  [40][ 60/116]    eta: 0:00:01  time: 0.0293  data_time: 0.0050  memory: 174  
2026/08/06 11:39:05 - mmengine - INFO - Epoch(val)  [40][ 70/116]    eta: 0:00:01  time: 0.0292  data_time: 0.0046  memory: 120  
2026/08/06 11:39:06 - mmengine - INFO - Epoch(val)  [40][ 80/116]    eta: 0:00:01  time: 0.0297  data_time: 0.0049  memory: 121  
2026/08/06 11:39:06 - mmengine - INFO - Epoch(val)  [40][ 90/116]    eta: 0:00:00  time: 0.0311  data_time: 0.0056  memory: 169  
2026/08/06 11:39:06 - mmengine - INFO - Epoch(val)  [40][100/116]    eta: 0:00:00  time: 0.0312  data_time: 0.0055  memory: 166  
2026/08/06 11:39:07 - mmengine - INFO - Epoch(val)  [40][110/116]    eta: 0:00:00  time: 0.0313  data_time: 0.0056  memory: 194  
2026/08/06 11:39:07 - mmengine - INFO - Evaluating bbox...
2026/08/06 11:39:07 - mmengine - INFO - bbox_mAP_copypaste: 0.602 0.917 0.679 0.000 0.666 0.565
2026/08/06 11:39:07 - mmengine - INFO - Evaluating segm...
2026/08/06 11:39:07 - mmengine - INFO - segm_mAP_copypaste: 0.602 0.902 0.700 0.000 0.679 0.567
2026/08/06 11:39:07 - mmengine - INFO - Epoch(val) [40][116/116]    coco/bbox_mAP: 0.6020  coco/bbox_mAP_50: 0.9170  coco/bbox_mAP_75: 0.6790  coco/bbox_mAP_s: 0.0000  coco/bbox_mAP_m: 0.6660  coco/bbox_mAP_l: 0.5650  coco/segm_mAP: 0.6020  coco/segm_mAP_50: 0.9020  coco/segm_mAP_75: 0.7000  coco/segm_mAP_s: 0.0000  coco/segm_mAP_m: 0.6790  coco/segm_mAP_l: 0.5670  data_time: 0.0055  time: 0.0306
2026/08/06 11:39:11 - mmengine - INFO - Epoch(train)  [41][10/68]  base_lr: 1.2500e-04 lr: 1.2500e-04  eta: 0:25:17  time: 0.3845  data_time: 0.1457  memory: 603  grad_norm: 12.3896  loss: 0.4949  loss_cls: 0.1237  loss_bbox: 0.2581  loss_mask: 0.1130
2026/08/06 11:39:14 - mmengine - INFO - Epoch(train)  [41][20/68]  base_lr: 1.2500e-04 lr: 1.2500e-04  eta: 0:25:13  time: 0.3696  data_time: 0.1366  memory: 599  grad_norm: 12.3984  loss: 0.4917  loss_cls: 0.1206  loss_bbox: 0.2593  loss_mask: 0.1117
2026/08/06 11:39:18 - mmengine - INFO - Epoch(train)  [41][30/68]  base_lr: 1.2500e-04 lr: 1.2500e-04  eta: 0:25:09  time: 0.3599  data_time: 0.1306  memory: 601  grad_norm: 11.6315  loss: 0.4852  loss_cls: 0.1210  loss_bbox: 0.2534  loss_mask: 0.1109
2026/08/06 11:39:21 - mmengine - INFO - Epoch(train)  [41][40/68]  base_lr: 1.2500e-04 lr: 1.2500e-04  eta: 0:25:05  time: 0.3577  data_time: 0.1332  memory: 603  grad_norm: 11.3868  loss: 0.4935  loss_cls: 0.1232  loss_bbox: 0.2592  loss_mask: 0.1111
2026/08/06 11:39:25 - mmengine - INFO - Epoch(train)  [41][50/68]  base_lr: 1.2500e-04 lr: 1.2500e-04  eta: 0:25:01  time: 0.3582  data_time: 0.1347  memory: 599  grad_norm: 11.5892  loss: 0.5078  loss_cls: 0.1307  loss_bbox: 0.2643  loss_mask: 0.1129
2026/08/06 11:39:29 - mmengine - INFO - Epoch(train)  [41][60/68]  base_lr: 1.2500e-04 lr: 1.2500e-04  eta: 0:24:57  time: 0.3620  data_time: 0.1355  memory: 601  grad_norm: 11.5672  loss: 0.5092  loss_cls: 0.1320  loss_bbox: 0.2631  loss_mask: 0.1140
2026/08/06 11:39:31 - mmengine - INFO - Exp name: rtmdet_ins_busi_20260806_111712
2026/08/06 11:39:31 - mmengine - INFO - Saving checkpoint at 41 epochs
2026/08/06 11:39:33 - mmengine - INFO - Epoch(val)  [41][ 10/116]    eta: 0:00:03  time: 0.0321  data_time: 0.0060  memory: 600  
2026/08/06 11:39:34 - mmengine - INFO - Epoch(val)  [41][ 20/116]    eta: 0:00:02  time: 0.0312  data_time: 0.0059  memory: 118  
2026/08/06 11:39:34 - mmengine - INFO - Epoch(val)  [41][ 30/116]    eta: 0:00:02  time: 0.0299  data_time: 0.0052  memory: 139  
2026/08/06 11:39:34 - mmengine - INFO - Epoch(val)  [41][ 40/116]    eta: 0:00:02  time: 0.0296  data_time: 0.0048  memory: 125  
2026/08/06 11:39:35 - mmengine - INFO - Epoch(val)  [41][ 50/116]    eta: 0:00:01  time: 0.0288  data_time: 0.0049  memory: 153  
2026/08/06 11:39:35 - mmengine - INFO - Epoch(val)  [41][ 60/116]    eta: 0:00:01  time: 0.0290  data_time: 0.0050  memory: 151  
2026/08/06 11:39:35 - mmengine - INFO - Epoch(val)  [41][ 70/116]    eta: 0:00:01  time: 0.0292  data_time: 0.0052  memory: 112  
2026/08/06 11:39:35 - mmengine - INFO - Epoch(val)  [41][ 80/116]    eta: 0:00:01  time: 0.0293  data_time: 0.0053  memory: 127  
2026/08/06 11:39:36 - mmengine - INFO - Epoch(val)  [41][ 90/116]    eta: 0:00:00  time: 0.0300  data_time: 0.0059  memory: 145  
2026/08/06 11:39:36 - mmengine - INFO - Epoch(val)  [41][100/116]    eta: 0:00:00  time: 0.0301  data_time: 0.0057  memory: 181  
2026/08/06 11:39:36 - mmengine - INFO - Epoch(val)  [41][110/116]    eta: 0:00:00  time: 0.0297  data_time: 0.0058  memory: 157  
2026/08/06 11:39:37 - mmengine - INFO - Evaluating bbox...
2026/08/06 11:39:37 - mmengine - INFO - bbox_mAP_copypaste: 0.609 0.897 0.701 0.000 0.708 0.561
2026/08/06 11:39:37 - mmengine - INFO - Evaluating segm...
2026/08/06 11:39:37 - mmengine - INFO - segm_mAP_copypaste: 0.605 0.890 0.717 0.000 0.696 0.559
2026/08/06 11:39:37 - mmengine - INFO - Epoch(val) [41][116/116]    coco/bbox_mAP: 0.6090  coco/bbox_mAP_50: 0.8970  coco/bbox_mAP_75: 0.7010  coco/bbox_mAP_s: 0.0000  coco/bbox_mAP_m: 0.7080  coco/bbox_mAP_l: 0.5610  coco/segm_mAP: 0.6050  coco/segm_mAP_50: 0.8900  coco/segm_mAP_75: 0.7170  coco/segm_mAP_s: 0.0000  coco/segm_mAP_m: 0.6960  coco/segm_mAP_l: 0.5590  data_time: 0.0055  time: 0.0295
2026/08/06 11:39:40 - mmengine - INFO - Epoch(train)  [42][10/68]  base_lr: 1.2500e-04 lr: 1.2500e-04  eta: 0:24:50  time: 0.3582  data_time: 0.1342  memory: 600  grad_norm: 12.3082  loss: 0.5116  loss_cls: 0.1343  loss_bbox: 0.2625  loss_mask: 0.1148
2026/08/06 11:39:44 - mmengine - INFO - Epoch(train)  [42][20/68]  base_lr: 1.2500e-04 lr: 1.2500e-04  eta: 0:24:46  time: 0.3564  data_time: 0.1329  memory: 602  grad_norm: 13.1168  loss: 0.5173  loss_cls: 0.1417  loss_bbox: 0.2612  loss_mask: 0.1144
2026/08/06 11:39:47 - mmengine - INFO - Epoch(train)  [42][30/68]  base_lr: 1.2500e-04 lr: 1.2500e-04  eta: 0:24:42  time: 0.3506  data_time: 0.1294  memory: 602  grad_norm: 13.0170  loss: 0.4944  loss_cls: 0.1307  loss_bbox: 0.2523  loss_mask: 0.1114
2026/08/06 11:39:51 - mmengine - INFO - Epoch(train)  [42][40/68]  base_lr: 1.2500e-04 lr: 1.2500e-04  eta: 0:24:38  time: 0.3432  data_time: 0.1253  memory: 601  grad_norm: 13.6332  loss: 0.4994  loss_cls: 0.1409  loss_bbox: 0.2486  loss_mask: 0.1099
2026/08/06 11:39:54 - mmengine - INFO - Epoch(train)  [42][50/68]  base_lr: 1.2500e-04 lr: 1.2500e-04  eta: 0:24:33  time: 0.3490  data_time: 0.1306  memory: 602  grad_norm: 13.0859  loss: 0.4906  loss_cls: 0.1369  loss_bbox: 0.2428  loss_mask: 0.1109
2026/08/06 11:39:58 - mmengine - INFO - Epoch(train)  [42][60/68]  base_lr: 1.2500e-04 lr: 1.2500e-04  eta: 0:24:29  time: 0.3461  data_time: 0.1280  memory: 602  grad_norm: 13.3287  loss: 0.4958  loss_cls: 0.1417  loss_bbox: 0.2442  loss_mask: 0.1099
2026/08/06 11:40:00 - mmengine - INFO - Exp name: rtmdet_ins_busi_20260806_111712
2026/08/06 11:40:00 - mmengine - INFO - Saving checkpoint at 42 epochs
2026/08/06 11:40:03 - mmengine - INFO - Epoch(val)  [42][ 10/116]    eta: 0:00:03  time: 0.0304  data_time: 0.0061  memory: 601  
2026/08/06 11:40:03 - mmengine - INFO - Epoch(val)  [42][ 20/116]    eta: 0:00:02  time: 0.0300  data_time: 0.0060  memory: 123  
2026/08/06 11:40:03 - mmengine - INFO - Epoch(val)  [42][ 30/116]    eta: 0:00:02  time: 0.0298  data_time: 0.0056  memory: 147  
2026/08/06 11:40:03 - mmengine - INFO - Epoch(val)  [42][ 40/116]    eta: 0:00:02  time: 0.0299  data_time: 0.0051  memory: 147  
2026/08/06 11:40:04 - mmengine - INFO - Epoch(val)  [42][ 50/116]    eta: 0:00:01  time: 0.0298  data_time: 0.0050  memory: 158  
2026/08/06 11:40:04 - mmengine - INFO - Epoch(val)  [42][ 60/116]    eta: 0:00:01  time: 0.0298  data_time: 0.0051  memory: 155  
2026/08/06 11:40:04 - mmengine - INFO - Epoch(val)  [42][ 70/116]    eta: 0:00:01  time: 0.0298  data_time: 0.0052  memory: 112  
2026/08/06 11:40:05 - mmengine - INFO - Epoch(val)  [42][ 80/116]    eta: 0:00:01  time: 0.0297  data_time: 0.0052  memory: 134  
2026/08/06 11:40:05 - mmengine - INFO - Epoch(val)  [42][ 90/116]    eta: 0:00:00  time: 0.0304  data_time: 0.0054  memory: 163  
2026/08/06 11:40:05 - mmengine - INFO - Epoch(val)  [42][100/116]    eta: 0:00:00  time: 0.0306  data_time: 0.0051  memory: 189  
2026/08/06 11:40:06 - mmengine - INFO - Epoch(val)  [42][110/116]    eta: 0:00:00  time: 0.0307  data_time: 0.0052  memory: 172  
2026/08/06 11:40:06 - mmengine - INFO - Evaluating bbox...
2026/08/06 11:40:06 - mmengine - INFO - bbox_mAP_copypaste: 0.617 0.912 0.736 0.000 0.689 0.583
2026/08/06 11:40:06 - mmengine - INFO - Evaluating segm...
2026/08/06 11:40:06 - mmengine - INFO - segm_mAP_copypaste: 0.596 0.909 0.671 0.000 0.685 0.554
2026/08/06 11:40:06 - mmengine - INFO - Epoch(val) [42][116/116]    coco/bbox_mAP: 0.6170  coco/bbox_mAP_50: 0.9120  coco/bbox_mAP_75: 0.7360  coco/bbox_mAP_s: 0.0000  coco/bbox_mAP_m: 0.6890  coco/bbox_mAP_l: 0.5830  coco/segm_mAP: 0.5960  coco/segm_mAP_50: 0.9090  coco/segm_mAP_75: 0.6710  coco/segm_mAP_s: 0.0000  coco/segm_mAP_m: 0.6850  coco/segm_mAP_l: 0.5540  data_time: 0.0053  time: 0.0306
2026/08/06 11:40:10 - mmengine - INFO - Epoch(train)  [43][10/68]  base_lr: 1.2500e-04 lr: 1.2500e-04  eta: 0:24:22  time: 0.3479  data_time: 0.1296  memory: 600  grad_norm: 12.5851  loss: 0.4933  loss_cls: 0.1351  loss_bbox: 0.2476  loss_mask: 0.1105
2026/08/06 11:40:13 - mmengine - INFO - Epoch(train)  [43][20/68]  base_lr: 1.2500e-04 lr: 1.2500e-04  eta: 0:24:18  time: 0.3460  data_time: 0.1297  memory: 601  grad_norm: 12.2073  loss: 0.4875  loss_cls: 0.1323  loss_bbox: 0.2468  loss_mask: 0.1084
2026/08/06 11:40:16 - mmengine - INFO - Epoch(train)  [43][30/68]  base_lr: 1.2500e-04 lr: 1.2500e-04  eta: 0:24:14  time: 0.3439  data_time: 0.1265  memory: 600  grad_norm: 11.7755  loss: 0.4766  loss_cls: 0.1241  loss_bbox: 0.2462  loss_mask: 0.1062
2026/08/06 11:40:20 - mmengine - INFO - Epoch(train)  [43][40/68]  base_lr: 1.2500e-04 lr: 1.2500e-04  eta: 0:24:10  time: 0.3481  data_time: 0.1304  memory: 601  grad_norm: 11.6493  loss: 0.4692  loss_cls: 0.1181  loss_bbox: 0.2452  loss_mask: 0.1059
2026/08/06 11:40:24 - mmengine - INFO - Epoch(train)  [43][50/68]  base_lr: 1.2500e-04 lr: 1.2500e-04  eta: 0:24:06  time: 0.3513  data_time: 0.1325  memory: 601  grad_norm: 11.6541  loss: 0.4680  loss_cls: 0.1163  loss_bbox: 0.2465  loss_mask: 0.1052
2026/08/06 11:40:27 - mmengine - INFO - Epoch(train)  [43][60/68]  base_lr: 1.2500e-04 lr: 1.2500e-04  eta: 0:24:02  time: 0.3488  data_time: 0.1297  memory: 601  grad_norm: 12.3125  loss: 0.4710  loss_cls: 0.1168  loss_bbox: 0.2464  loss_mask: 0.1077
2026/08/06 11:40:30 - mmengine - INFO - Exp name: rtmdet_ins_busi_20260806_111712
2026/08/06 11:40:30 - mmengine - INFO - Saving checkpoint at 43 epochs
2026/08/06 11:40:32 - mmengine - INFO - Epoch(val)  [43][ 10/116]    eta: 0:00:03  time: 0.0319  data_time: 0.0058  memory: 602  
2026/08/06 11:40:32 - mmengine - INFO - Epoch(val)  [43][ 20/116]    eta: 0:00:02  time: 0.0316  data_time: 0.0057  memory: 122  
2026/08/06 11:40:33 - mmengine - INFO - Epoch(val)  [43][ 30/116]    eta: 0:00:02  time: 0.0309  data_time: 0.0053  memory: 144  
2026/08/06 11:40:33 - mmengine - INFO - Epoch(val)  [43][ 40/116]    eta: 0:00:02  time: 0.0307  data_time: 0.0050  memory: 122  
2026/08/06 11:40:33 - mmengine - INFO - Epoch(val)  [43][ 50/116]    eta: 0:00:01  time: 0.0299  data_time: 0.0049  memory: 158  
2026/08/06 11:40:33 - mmengine - INFO - Epoch(val)  [43][ 60/116]    eta: 0:00:01  time: 0.0305  data_time: 0.0050  memory: 164  
2026/08/06 11:40:34 - mmengine - INFO - Epoch(val)  [43][ 70/116]    eta: 0:00:01  time: 0.0309  data_time: 0.0053  memory: 116  
2026/08/06 11:40:34 - mmengine - INFO - Epoch(val)  [43][ 80/116]    eta: 0:00:01  time: 0.0307  data_time: 0.0057  memory: 124  
2026/08/06 11:40:34 - mmengine - INFO - Epoch(val)  [43][ 90/116]    eta: 0:00:00  time: 0.0328  data_time: 0.0064  memory: 145  
2026/08/06 11:40:35 - mmengine - INFO - Epoch(val)  [43][100/116]    eta: 0:00:00  time: 0.0327  data_time: 0.0063  memory: 181  
2026/08/06 11:40:35 - mmengine - INFO - Epoch(val)  [43][110/116]    eta: 0:00:00  time: 0.0323  data_time: 0.0061  memory: 145  
2026/08/06 11:40:35 - mmengine - INFO - Evaluating bbox...
2026/08/06 11:40:35 - mmengine - INFO - bbox_mAP_copypaste: 0.607 0.911 0.728 0.000 0.711 0.557
2026/08/06 11:40:35 - mmengine - INFO - Evaluating segm...
2026/08/06 11:40:35 - mmengine - INFO - segm_mAP_copypaste: 0.603 0.909 0.682 0.000 0.701 0.555
2026/08/06 11:40:35 - mmengine - INFO - Epoch(val) [43][116/116]    coco/bbox_mAP: 0.6070  coco/bbox_mAP_50: 0.9110  coco/bbox_mAP_75: 0.7280  coco/bbox_mAP_s: 0.0000  coco/bbox_mAP_m: 0.7110  coco/bbox_mAP_l: 0.5570  coco/segm_mAP: 0.6030  coco/segm_mAP_50: 0.9090  coco/segm_mAP_75: 0.6820  coco/segm_mAP_s: 0.0000  coco/segm_mAP_m: 0.7010  coco/segm_mAP_l: 0.5550  data_time: 0.0055  time: 0.0313
2026/08/06 11:40:39 - mmengine - INFO - Epoch(train)  [44][10/68]  base_lr: 1.2500e-04 lr: 1.2500e-04  eta: 0:23:54  time: 0.3438  data_time: 0.1241  memory: 601  grad_norm: 12.8452  loss: 0.4953  loss_cls: 0.1310  loss_bbox: 0.2509  loss_mask: 0.1134
2026/08/06 11:40:42 - mmengine - INFO - Epoch(train)  [44][20/68]  base_lr: 1.2500e-04 lr: 1.2500e-04  eta: 0:23:50  time: 0.3426  data_time: 0.1237  memory: 601  grad_norm: 13.0068  loss: 0.4910  loss_cls: 0.1262  loss_bbox: 0.2529  loss_mask: 0.1120
2026/08/06 11:40:46 - mmengine - INFO - Epoch(train)  [44][30/68]  base_lr: 1.2500e-04 lr: 1.2500e-04  eta: 0:23:46  time: 0.3413  data_time: 0.1235  memory: 602  grad_norm: 13.0206  loss: 0.4931  loss_cls: 0.1300  loss_bbox: 0.2507  loss_mask: 0.1124
2026/08/06 11:40:49 - mmengine - INFO - Epoch(train)  [44][40/68]  base_lr: 1.2500e-04 lr: 1.2500e-04  eta: 0:23:42  time: 0.3333  data_time: 0.1194  memory: 601  grad_norm: 13.0580  loss: 0.5062  loss_cls: 0.1372  loss_bbox: 0.2568  loss_mask: 0.1123
2026/08/06 11:40:52 - mmengine - INFO - Epoch(train)  [44][50/68]  base_lr: 1.2500e-04 lr: 1.2500e-04  eta: 0:23:38  time: 0.3342  data_time: 0.1213  memory: 601  grad_norm: 12.3583  loss: 0.4877  loss_cls: 0.1304  loss_bbox: 0.2498  loss_mask: 0.1076
2026/08/06 11:40:55 - mmengine - INFO - Epoch(train)  [44][60/68]  base_lr: 1.2500e-04 lr: 1.2500e-04  eta: 0:23:33  time: 0.3344  data_time: 0.1231  memory: 601  grad_norm: 12.8937  loss: 0.4884  loss_cls: 0.1278  loss_bbox: 0.2539  loss_mask: 0.1068
2026/08/06 11:40:58 - mmengine - INFO - Exp name: rtmdet_ins_busi_20260806_111712
2026/08/06 11:40:58 - mmengine - INFO - Saving checkpoint at 44 epochs
2026/08/06 11:41:00 - mmengine - INFO - Epoch(val)  [44][ 10/116]    eta: 0:00:03  time: 0.0336  data_time: 0.0060  memory: 601  
2026/08/06 11:41:01 - mmengine - INFO - Epoch(val)  [44][ 20/116]    eta: 0:00:02  time: 0.0320  data_time: 0.0057  memory: 116  
2026/08/06 11:41:01 - mmengine - INFO - Epoch(val)  [44][ 30/116]    eta: 0:00:02  time: 0.0302  data_time: 0.0049  memory: 151  
2026/08/06 11:41:01 - mmengine - INFO - Epoch(val)  [44][ 40/116]    eta: 0:00:02  time: 0.0293  data_time: 0.0045  memory: 137  
2026/08/06 11:41:01 - mmengine - INFO - Epoch(val)  [44][ 50/116]    eta: 0:00:01  time: 0.0284  data_time: 0.0052  memory: 147  
2026/08/06 11:41:02 - mmengine - INFO - Epoch(val)  [44][ 60/116]    eta: 0:00:01  time: 0.0275  data_time: 0.0056  memory: 129  
2026/08/06 11:41:02 - mmengine - INFO - Epoch(val)  [44][ 70/116]    eta: 0:00:01  time: 0.0275  data_time: 0.0052  memory: 121  
2026/08/06 11:41:02 - mmengine - INFO - Epoch(val)  [44][ 80/116]    eta: 0:00:01  time: 0.0274  data_time: 0.0062  memory: 127  
2026/08/06 11:41:03 - mmengine - INFO - Epoch(val)  [44][ 90/116]    eta: 0:00:00  time: 0.0284  data_time: 0.0066  memory: 163  
2026/08/06 11:41:03 - mmengine - INFO - Epoch(val)  [44][100/116]    eta: 0:00:00  time: 0.0284  data_time: 0.0061  memory: 154  
2026/08/06 11:41:03 - mmengine - INFO - Epoch(val)  [44][110/116]    eta: 0:00:00  time: 0.0278  data_time: 0.0059  memory: 116  
2026/08/06 11:41:03 - mmengine - INFO - Evaluating bbox...
2026/08/06 11:41:03 - mmengine - INFO - bbox_mAP_copypaste: 0.608 0.913 0.734 0.000 0.677 0.572
2026/08/06 11:41:03 - mmengine - INFO - Evaluating segm...
2026/08/06 11:41:03 - mmengine - INFO - segm_mAP_copypaste: 0.605 0.906 0.675 0.000 0.692 0.564
2026/08/06 11:41:03 - mmengine - INFO - Epoch(val) [44][116/116]    coco/bbox_mAP: 0.6080  coco/bbox_mAP_50: 0.9130  coco/bbox_mAP_75: 0.7340  coco/bbox_mAP_s: 0.0000  coco/bbox_mAP_m: 0.6770  coco/bbox_mAP_l: 0.5720  coco/segm_mAP: 0.6050  coco/segm_mAP_50: 0.9060  coco/segm_mAP_75: 0.6750  coco/segm_mAP_s: 0.0000  coco/segm_mAP_m: 0.6920  coco/segm_mAP_l: 0.5640  data_time: 0.0058  time: 0.0284
2026/08/06 11:41:06 - mmengine - INFO - Exp name: rtmdet_ins_busi_20260806_111712
2026/08/06 11:41:07 - mmengine - INFO - Epoch(train)  [45][10/68]  base_lr: 1.2500e-04 lr: 1.2500e-04  eta: 0:23:26  time: 0.3282  data_time: 0.1189  memory: 601  grad_norm: 12.5746  loss: 0.4876  loss_cls: 0.1269  loss_bbox: 0.2542  loss_mask: 0.1065
2026/08/06 11:41:10 - mmengine - INFO - Epoch(train)  [45][20/68]  base_lr: 1.2500e-04 lr: 1.2500e-04  eta: 0:23:22  time: 0.3341  data_time: 0.1227  memory: 601  grad_norm: 12.6376  loss: 0.4781  loss_cls: 0.1202  loss_bbox: 0.2523  loss_mask: 0.1057
2026/08/06 11:41:14 - mmengine - INFO - Epoch(train)  [45][30/68]  base_lr: 1.2500e-04 lr: 1.2500e-04  eta: 0:23:18  time: 0.3369  data_time: 0.1260  memory: 601  grad_norm: 12.8023  loss: 0.4936  loss_cls: 0.1290  loss_bbox: 0.2551  loss_mask: 0.1095
2026/08/06 11:41:17 - mmengine - INFO - Epoch(train)  [45][40/68]  base_lr: 1.2500e-04 lr: 1.2500e-04  eta: 0:23:14  time: 0.3386  data_time: 0.1271  memory: 602  grad_norm: 12.6072  loss: 0.4952  loss_cls: 0.1313  loss_bbox: 0.2557  loss_mask: 0.1082
2026/08/06 11:41:20 - mmengine - INFO - Epoch(train)  [45][50/68]  base_lr: 1.2500e-04 lr: 1.2500e-04  eta: 0:23:09  time: 0.3409  data_time: 0.1288  memory: 601  grad_norm: 12.6527  loss: 0.4822  loss_cls: 0.1252  loss_bbox: 0.2485  loss_mask: 0.1085
2026/08/06 11:41:24 - mmengine - INFO - Epoch(train)  [45][60/68]  base_lr: 1.2500e-04 lr: 1.2500e-04  eta: 0:23:05  time: 0.3376  data_time: 0.1257  memory: 601  grad_norm: 12.7480  loss: 0.4966  loss_cls: 0.1318  loss_bbox: 0.2538  loss_mask: 0.1110
2026/08/06 11:41:26 - mmengine - INFO - Exp name: rtmdet_ins_busi_20260806_111712
2026/08/06 11:41:26 - mmengine - INFO - Saving checkpoint at 45 epochs
2026/08/06 11:41:29 - mmengine - INFO - Epoch(val)  [45][ 10/116]    eta: 0:00:02  time: 0.0289  data_time: 0.0066  memory: 601  
2026/08/06 11:41:29 - mmengine - INFO - Epoch(val)  [45][ 20/116]    eta: 0:00:02  time: 0.0280  data_time: 0.0055  memory: 113  
2026/08/06 11:41:29 - mmengine - INFO - Epoch(val)  [45][ 30/116]    eta: 0:00:02  time: 0.0281  data_time: 0.0053  memory: 144  
2026/08/06 11:41:29 - mmengine - INFO - Epoch(val)  [45][ 40/116]    eta: 0:00:02  time: 0.0277  data_time: 0.0045  memory: 122  
2026/08/06 11:41:30 - mmengine - INFO - Epoch(val)  [45][ 50/116]    eta: 0:00:01  time: 0.0282  data_time: 0.0045  memory: 153  
2026/08/06 11:41:30 - mmengine - INFO - Epoch(val)  [45][ 60/116]    eta: 0:00:01  time: 0.0290  data_time: 0.0044  memory: 129  
2026/08/06 11:41:30 - mmengine - INFO - Epoch(val)  [45][ 70/116]    eta: 0:00:01  time: 0.0294  data_time: 0.0044  memory: 110  
2026/08/06 11:41:31 - mmengine - INFO - Epoch(val)  [45][ 80/116]    eta: 0:00:01  time: 0.0293  data_time: 0.0046  memory: 130  
2026/08/06 11:41:31 - mmengine - INFO - Epoch(val)  [45][ 90/116]    eta: 0:00:00  time: 0.0306  data_time: 0.0055  memory: 139  
2026/08/06 11:41:31 - mmengine - INFO - Epoch(val)  [45][100/116]    eta: 0:00:00  time: 0.0301  data_time: 0.0050  memory: 164  
2026/08/06 11:41:31 - mmengine - INFO - Epoch(val)  [45][110/116]    eta: 0:00:00  time: 0.0302  data_time: 0.0053  memory: 122  
2026/08/06 11:41:32 - mmengine - INFO - Evaluating bbox...
2026/08/06 11:41:32 - mmengine - INFO - bbox_mAP_copypaste: 0.600 0.887 0.671 0.000 0.727 0.543
2026/08/06 11:41:32 - mmengine - INFO - Evaluating segm...
2026/08/06 11:41:32 - mmengine - INFO - segm_mAP_copypaste: 0.592 0.885 0.657 0.000 0.700 0.545
2026/08/06 11:41:32 - mmengine - INFO - Epoch(val) [45][116/116]    coco/bbox_mAP: 0.6000  coco/bbox_mAP_50: 0.8870  coco/bbox_mAP_75: 0.6710  coco/bbox_mAP_s: 0.0000  coco/bbox_mAP_m: 0.7270  coco/bbox_mAP_l: 0.5430  coco/segm_mAP: 0.5920  coco/segm_mAP_50: 0.8850  coco/segm_mAP_75: 0.6570  coco/segm_mAP_s: 0.0000  coco/segm_mAP_m: 0.7000  coco/segm_mAP_l: 0.5450  data_time: 0.0049  time: 0.0298
2026/08/06 11:41:35 - mmengine - INFO - Epoch(train)  [46][10/68]  base_lr: 1.2500e-04 lr: 1.2500e-04  eta: 0:22:58  time: 0.3373  data_time: 0.1264  memory: 601  grad_norm: 12.8622  loss: 0.4893  loss_cls: 0.1263  loss_bbox: 0.2539  loss_mask: 0.1091
2026/08/06 11:41:39 - mmengine - INFO - Epoch(train)  [46][20/68]  base_lr: 1.2500e-04 lr: 1.2500e-04  eta: 0:22:54  time: 0.3431  data_time: 0.1274  memory: 601  grad_norm: 13.0426  loss: 0.4908  loss_cls: 0.1284  loss_bbox: 0.2542  loss_mask: 0.1083
2026/08/06 11:41:43 - mmengine - INFO - Epoch(train)  [46][30/68]  base_lr: 1.2500e-04 lr: 1.2500e-04  eta: 0:22:51  time: 0.3474  data_time: 0.1272  memory: 601  grad_norm: 12.9049  loss: 0.4780  loss_cls: 0.1219  loss_bbox: 0.2504  loss_mask: 0.1057
2026/08/06 11:41:46 - mmengine - INFO - Epoch(train)  [46][40/68]  base_lr: 1.2500e-04 lr: 1.2500e-04  eta: 0:22:47  time: 0.3494  data_time: 0.1286  memory: 601  grad_norm: 12.9978  loss: 0.4804  loss_cls: 0.1235  loss_bbox: 0.2501  loss_mask: 0.1068
2026/08/06 11:41:50 - mmengine - INFO - Epoch(train)  [46][50/68]  base_lr: 1.2500e-04 lr: 1.2500e-04  eta: 0:22:43  time: 0.3555  data_time: 0.1316  memory: 601  grad_norm: 12.6901  loss: 0.4829  loss_cls: 0.1289  loss_bbox: 0.2499  loss_mask: 0.1042
2026/08/06 11:41:53 - mmengine - INFO - Epoch(train)  [46][60/68]  base_lr: 1.2500e-04 lr: 1.2500e-04  eta: 0:22:39  time: 0.3575  data_time: 0.1318  memory: 601  grad_norm: 12.5131  loss: 0.4793  loss_cls: 0.1287  loss_bbox: 0.2459  loss_mask: 0.1047
2026/08/06 11:41:56 - mmengine - INFO - Exp name: rtmdet_ins_busi_20260806_111712
2026/08/06 11:41:56 - mmengine - INFO - Saving checkpoint at 46 epochs
2026/08/06 11:41:58 - mmengine - INFO - Epoch(val)  [46][ 10/116]    eta: 0:00:03  time: 0.0316  data_time: 0.0055  memory: 600  
2026/08/06 11:41:58 - mmengine - INFO - Epoch(val)  [46][ 20/116]    eta: 0:00:02  time: 0.0315  data_time: 0.0057  memory: 116  
2026/08/06 11:41:59 - mmengine - INFO - Epoch(val)  [46][ 30/116]    eta: 0:00:02  time: 0.0312  data_time: 0.0047  memory: 131  
2026/08/06 11:41:59 - mmengine - INFO - Epoch(val)  [46][ 40/116]    eta: 0:00:02  time: 0.0307  data_time: 0.0044  memory: 115  
2026/08/06 11:41:59 - mmengine - INFO - Epoch(val)  [46][ 50/116]    eta: 0:00:01  time: 0.0298  data_time: 0.0045  memory: 164  
2026/08/06 11:42:00 - mmengine - INFO - Epoch(val)  [46][ 60/116]    eta: 0:00:01  time: 0.0299  data_time: 0.0049  memory: 143  
2026/08/06 11:42:00 - mmengine - INFO - Epoch(val)  [46][ 70/116]    eta: 0:00:01  time: 0.0296  data_time: 0.0051  memory: 109  
2026/08/06 11:42:00 - mmengine - INFO - Epoch(val)  [46][ 80/116]    eta: 0:00:01  time: 0.0290  data_time: 0.0052  memory: 130  
2026/08/06 11:42:00 - mmengine - INFO - Epoch(val)  [46][ 90/116]    eta: 0:00:00  time: 0.0297  data_time: 0.0054  memory: 145  
2026/08/06 11:42:01 - mmengine - INFO - Epoch(val)  [46][100/116]    eta: 0:00:00  time: 0.0293  data_time: 0.0050  memory: 181  
2026/08/06 11:42:01 - mmengine - INFO - Epoch(val)  [46][110/116]    eta: 0:00:00  time: 0.0284  data_time: 0.0048  memory: 116  
2026/08/06 11:42:01 - mmengine - INFO - Evaluating bbox...
2026/08/06 11:42:01 - mmengine - INFO - bbox_mAP_copypaste: 0.615 0.897 0.726 0.000 0.695 0.573
2026/08/06 11:42:01 - mmengine - INFO - Evaluating segm...
2026/08/06 11:42:01 - mmengine - INFO - segm_mAP_copypaste: 0.610 0.895 0.660 0.000 0.695 0.568
2026/08/06 11:42:01 - mmengine - INFO - Epoch(val) [46][116/116]    coco/bbox_mAP: 0.6150  coco/bbox_mAP_50: 0.8970  coco/bbox_mAP_75: 0.7260  coco/bbox_mAP_s: 0.0000  coco/bbox_mAP_m: 0.6950  coco/bbox_mAP_l: 0.5730  coco/segm_mAP: 0.6100  coco/segm_mAP_50: 0.8950  coco/segm_mAP_75: 0.6600  coco/segm_mAP_s: 0.0000  coco/segm_mAP_m: 0.6950  coco/segm_mAP_l: 0.5680  data_time: 0.0048  time: 0.0291
2026/08/06 11:42:05 - mmengine - INFO - Epoch(train)  [47][10/68]  base_lr: 1.2500e-04 lr: 1.2500e-04  eta: 0:22:31  time: 0.3426  data_time: 0.1267  memory: 600  grad_norm: 12.8291  loss: 0.4974  loss_cls: 0.1425  loss_bbox: 0.2435  loss_mask: 0.1114
2026/08/06 11:42:08 - mmengine - INFO - Epoch(train)  [47][20/68]  base_lr: 1.2500e-04 lr: 1.2500e-04  eta: 0:22:27  time: 0.3415  data_time: 0.1254  memory: 603  grad_norm: 12.5881  loss: 0.4922  loss_cls: 0.1370  loss_bbox: 0.2433  loss_mask: 0.1118
2026/08/06 11:42:11 - mmengine - INFO - Epoch(train)  [47][30/68]  base_lr: 1.2500e-04 lr: 1.2500e-04  eta: 0:22:23  time: 0.3351  data_time: 0.1215  memory: 603  grad_norm: 12.5602  loss: 0.4760  loss_cls: 0.1253  loss_bbox: 0.2394  loss_mask: 0.1113
2026/08/06 11:42:15 - mmengine - INFO - Epoch(train)  [47][40/68]  base_lr: 1.2500e-04 lr: 1.2500e-04  eta: 0:22:19  time: 0.3336  data_time: 0.1232  memory: 599  grad_norm: 12.9669  loss: 0.4853  loss_cls: 0.1261  loss_bbox: 0.2462  loss_mask: 0.1130
2026/08/06 11:42:18 - mmengine - INFO - Epoch(train)  [47][50/68]  base_lr: 1.2500e-04 lr: 1.2500e-04  eta: 0:22:15  time: 0.3357  data_time: 0.1236  memory: 601  grad_norm: 12.1319  loss: 0.4667  loss_cls: 0.1113  loss_bbox: 0.2445  loss_mask: 0.1109
2026/08/06 11:42:21 - mmengine - INFO - Epoch(train)  [47][60/68]  base_lr: 1.2500e-04 lr: 1.2500e-04  eta: 0:22:11  time: 0.3370  data_time: 0.1242  memory: 601  grad_norm: 12.2657  loss: 0.4656  loss_cls: 0.1097  loss_bbox: 0.2476  loss_mask: 0.1083
2026/08/06 11:42:24 - mmengine - INFO - Exp name: rtmdet_ins_busi_20260806_111712
2026/08/06 11:42:24 - mmengine - INFO - Saving checkpoint at 47 epochs
2026/08/06 11:42:26 - mmengine - INFO - Epoch(val)  [47][ 10/116]    eta: 0:00:02  time: 0.0284  data_time: 0.0041  memory: 601  
2026/08/06 11:42:26 - mmengine - INFO - Epoch(val)  [47][ 20/116]    eta: 0:00:02  time: 0.0274  data_time: 0.0041  memory: 110  
2026/08/06 11:42:27 - mmengine - INFO - Epoch(val)  [47][ 30/116]    eta: 0:00:02  time: 0.0270  data_time: 0.0037  memory: 150  
2026/08/06 11:42:27 - mmengine - INFO - Epoch(val)  [47][ 40/116]    eta: 0:00:02  time: 0.0272  data_time: 0.0034  memory: 118  
2026/08/06 11:42:27 - mmengine - INFO - Epoch(val)  [47][ 50/116]    eta: 0:00:01  time: 0.0274  data_time: 0.0038  memory: 158  
2026/08/06 11:42:27 - mmengine - INFO - Epoch(val)  [47][ 60/116]    eta: 0:00:01  time: 0.0278  data_time: 0.0042  memory: 133  
2026/08/06 11:42:28 - mmengine - INFO - Epoch(val)  [47][ 70/116]    eta: 0:00:01  time: 0.0283  data_time: 0.0042  memory: 107  
2026/08/06 11:42:28 - mmengine - INFO - Epoch(val)  [47][ 80/116]    eta: 0:00:01  time: 0.0285  data_time: 0.0050  memory: 130  
2026/08/06 11:42:28 - mmengine - INFO - Epoch(val)  [47][ 90/116]    eta: 0:00:00  time: 0.0286  data_time: 0.0057  memory: 139  
2026/08/06 11:42:29 - mmengine - INFO - Epoch(val)  [47][100/116]    eta: 0:00:00  time: 0.0295  data_time: 0.0058  memory: 166  
2026/08/06 11:42:29 - mmengine - INFO - Epoch(val)  [47][110/116]    eta: 0:00:00  time: 0.0291  data_time: 0.0059  memory: 112  
2026/08/06 11:42:29 - mmengine - INFO - Evaluating bbox...
2026/08/06 11:42:29 - mmengine - INFO - bbox_mAP_copypaste: 0.607 0.884 0.716 0.000 0.719 0.551
2026/08/06 11:42:29 - mmengine - INFO - Evaluating segm...
2026/08/06 11:42:29 - mmengine - INFO - segm_mAP_copypaste: 0.587 0.882 0.660 0.000 0.681 0.540
2026/08/06 11:42:29 - mmengine - INFO - Epoch(val) [47][116/116]    coco/bbox_mAP: 0.6070  coco/bbox_mAP_50: 0.8840  coco/bbox_mAP_75: 0.7160  coco/bbox_mAP_s: 0.0000  coco/bbox_mAP_m: 0.7190  coco/bbox_mAP_l: 0.5510  coco/segm_mAP: 0.5870  coco/segm_mAP_50: 0.8820  coco/segm_mAP_75: 0.6600  coco/segm_mAP_s: 0.0000  coco/segm_mAP_m: 0.6810  coco/segm_mAP_l: 0.5400  data_time: 0.0049  time: 0.0285
2026/08/06 11:42:33 - mmengine - INFO - Epoch(train)  [48][10/68]  base_lr: 1.2500e-04 lr: 1.2500e-04  eta: 0:22:03  time: 0.3338  data_time: 0.1190  memory: 603  grad_norm: 12.4210  loss: 0.4781  loss_cls: 0.1180  loss_bbox: 0.2501  loss_mask: 0.1100
2026/08/06 11:42:36 - mmengine - INFO - Epoch(train)  [48][20/68]  base_lr: 1.2500e-04 lr: 1.2500e-04  eta: 0:22:00  time: 0.3427  data_time: 0.1246  memory: 603  grad_norm: 12.6545  loss: 0.4655  loss_cls: 0.1131  loss_bbox: 0.2451  loss_mask: 0.1074
2026/08/06 11:42:40 - mmengine - INFO - Epoch(train)  [48][30/68]  base_lr: 1.2500e-04 lr: 1.2500e-04  eta: 0:21:56  time: 0.3410  data_time: 0.1239  memory: 599  grad_norm: 12.8137  loss: 0.4729  loss_cls: 0.1164  loss_bbox: 0.2478  loss_mask: 0.1088
2026/08/06 11:42:43 - mmengine - INFO - Epoch(train)  [48][40/68]  base_lr: 1.2500e-04 lr: 1.2500e-04  eta: 0:21:52  time: 0.3485  data_time: 0.1283  memory: 602  grad_norm: 12.0326  loss: 0.4715  loss_cls: 0.1190  loss_bbox: 0.2440  loss_mask: 0.1086
2026/08/06 11:42:47 - mmengine - INFO - Epoch(train)  [48][50/68]  base_lr: 1.2500e-04 lr: 1.2500e-04  eta: 0:21:49  time: 0.3572  data_time: 0.1344  memory: 601  grad_norm: 11.8262  loss: 0.4680  loss_cls: 0.1183  loss_bbox: 0.2427  loss_mask: 0.1070
2026/08/06 11:42:50 - mmengine - INFO - Epoch(train)  [48][60/68]  base_lr: 1.2500e-04 lr: 1.2500e-04  eta: 0:21:44  time: 0.3563  data_time: 0.1349  memory: 599  grad_norm: 11.8340  loss: 0.4731  loss_cls: 0.1165  loss_bbox: 0.2485  loss_mask: 0.1081
2026/08/06 11:42:53 - mmengine - INFO - Exp name: rtmdet_ins_busi_20260806_111712
2026/08/06 11:42:53 - mmengine - INFO - Saving checkpoint at 48 epochs
2026/08/06 11:42:55 - mmengine - INFO - Epoch(val)  [48][ 10/116]    eta: 0:00:03  time: 0.0303  data_time: 0.0062  memory: 601  
2026/08/06 11:42:55 - mmengine - INFO - Epoch(val)  [48][ 20/116]    eta: 0:00:02  time: 0.0295  data_time: 0.0060  memory: 113  
2026/08/06 11:42:56 - mmengine - INFO - Epoch(val)  [48][ 30/116]    eta: 0:00:02  time: 0.0295  data_time: 0.0060  memory: 134  
2026/08/06 11:42:56 - mmengine - INFO - Epoch(val)  [48][ 40/116]    eta: 0:00:02  time: 0.0283  data_time: 0.0061  memory: 122  
2026/08/06 11:42:56 - mmengine - INFO - Epoch(val)  [48][ 50/116]    eta: 0:00:01  time: 0.0282  data_time: 0.0061  memory: 153  
2026/08/06 11:42:57 - mmengine - INFO - Epoch(val)  [48][ 60/116]    eta: 0:00:01  time: 0.0281  data_time: 0.0062  memory: 112  
2026/08/06 11:42:57 - mmengine - INFO - Epoch(val)  [48][ 70/116]    eta: 0:00:01  time: 0.0286  data_time: 0.0060  memory: 111  
2026/08/06 11:42:57 - mmengine - INFO - Epoch(val)  [48][ 80/116]    eta: 0:00:01  time: 0.0285  data_time: 0.0054  memory: 127  
2026/08/06 11:42:57 - mmengine - INFO - Epoch(val)  [48][ 90/116]    eta: 0:00:00  time: 0.0291  data_time: 0.0054  memory: 145  
2026/08/06 11:42:58 - mmengine - INFO - Epoch(val)  [48][100/116]    eta: 0:00:00  time: 0.0293  data_time: 0.0057  memory: 144  
2026/08/06 11:42:58 - mmengine - INFO - Epoch(val)  [48][110/116]    eta: 0:00:00  time: 0.0290  data_time: 0.0059  memory: 123  
2026/08/06 11:42:58 - mmengine - INFO - Evaluating bbox...
2026/08/06 11:42:58 - mmengine - INFO - bbox_mAP_copypaste: 0.609 0.892 0.697 0.000 0.694 0.566
2026/08/06 11:42:58 - mmengine - INFO - Evaluating segm...
2026/08/06 11:42:58 - mmengine - INFO - segm_mAP_copypaste: 0.599 0.892 0.650 0.000 0.697 0.553
2026/08/06 11:42:58 - mmengine - INFO - Epoch(val) [48][116/116]    coco/bbox_mAP: 0.6090  coco/bbox_mAP_50: 0.8920  coco/bbox_mAP_75: 0.6970  coco/bbox_mAP_s: 0.0000  coco/bbox_mAP_m: 0.6940  coco/bbox_mAP_l: 0.5660  coco/segm_mAP: 0.5990  coco/segm_mAP_50: 0.8920  coco/segm_mAP_75: 0.6500  coco/segm_mAP_s: 0.0000  coco/segm_mAP_m: 0.6970  coco/segm_mAP_l: 0.5530  data_time: 0.0062  time: 0.0290
2026/08/06 11:43:02 - mmengine - INFO - Epoch(train)  [49][10/68]  base_lr: 1.2500e-04 lr: 1.2500e-04  eta: 0:21:37  time: 0.3477  data_time: 0.1279  memory: 601  grad_norm: 11.3713  loss: 0.4661  loss_cls: 0.1204  loss_bbox: 0.2402  loss_mask: 0.1055
2026/08/06 11:43:05 - mmengine - INFO - Epoch(train)  [49][20/68]  base_lr: 1.2500e-04 lr: 1.2500e-04  eta: 0:21:33  time: 0.3430  data_time: 0.1231  memory: 602  grad_norm: 11.8525  loss: 0.4560  loss_cls: 0.1175  loss_bbox: 0.2335  loss_mask: 0.1049
2026/08/06 11:43:09 - mmengine - INFO - Epoch(train)  [49][30/68]  base_lr: 1.2500e-04 lr: 1.2500e-04  eta: 0:21:29  time: 0.3339  data_time: 0.1173  memory: 601  grad_norm: 11.8766  loss: 0.4577  loss_cls: 0.1183  loss_bbox: 0.2341  loss_mask: 0.1054
2026/08/06 11:43:12 - mmengine - INFO - Epoch(train)  [49][40/68]  base_lr: 1.2500e-04 lr: 1.2500e-04  eta: 0:21:25  time: 0.3364  data_time: 0.1210  memory: 602  grad_norm: 11.8142  loss: 0.4553  loss_cls: 0.1178  loss_bbox: 0.2316  loss_mask: 0.1059
2026/08/06 11:43:16 - mmengine - INFO - Epoch(train)  [49][50/68]  base_lr: 1.2500e-04 lr: 1.2500e-04  eta: 0:21:21  time: 0.3451  data_time: 0.1263  memory: 602  grad_norm: 11.7933  loss: 0.4504  loss_cls: 0.1162  loss_bbox: 0.2315  loss_mask: 0.1027
2026/08/06 11:43:19 - mmengine - INFO - Epoch(train)  [49][60/68]  base_lr: 1.2500e-04 lr: 1.2500e-04  eta: 0:21:17  time: 0.3431  data_time: 0.1262  memory: 601  grad_norm: 11.6911  loss: 0.4591  loss_cls: 0.1125  loss_bbox: 0.2399  loss_mask: 0.1067
2026/08/06 11:43:22 - mmengine - INFO - Exp name: rtmdet_ins_busi_20260806_111712
2026/08/06 11:43:22 - mmengine - INFO - Saving checkpoint at 49 epochs
2026/08/06 11:43:24 - mmengine - INFO - Epoch(val)  [49][ 10/116]    eta: 0:00:03  time: 0.0297  data_time: 0.0064  memory: 600  
2026/08/06 11:43:24 - mmengine - INFO - Epoch(val)  [49][ 20/116]    eta: 0:00:02  time: 0.0288  data_time: 0.0061  memory: 116  
2026/08/06 11:43:24 - mmengine - INFO - Epoch(val)  [49][ 30/116]    eta: 0:00:02  time: 0.0285  data_time: 0.0059  memory: 139  
2026/08/06 11:43:24 - mmengine - INFO - Epoch(val)  [49][ 40/116]    eta: 0:00:02  time: 0.0283  data_time: 0.0060  memory: 122  
2026/08/06 11:43:25 - mmengine - INFO - Epoch(val)  [49][ 50/116]    eta: 0:00:01  time: 0.0272  data_time: 0.0056  memory: 153  
2026/08/06 11:43:25 - mmengine - INFO - Epoch(val)  [49][ 60/116]    eta: 0:00:01  time: 0.0272  data_time: 0.0053  memory: 125  
2026/08/06 11:43:25 - mmengine - INFO - Epoch(val)  [49][ 70/116]    eta: 0:00:01  time: 0.0273  data_time: 0.0057  memory: 111  
2026/08/06 11:43:26 - mmengine - INFO - Epoch(val)  [49][ 80/116]    eta: 0:00:01  time: 0.0284  data_time: 0.0058  memory: 118  
2026/08/06 11:43:26 - mmengine - INFO - Epoch(val)  [49][ 90/116]    eta: 0:00:00  time: 0.0304  data_time: 0.0061  memory: 139  
2026/08/06 11:43:26 - mmengine - INFO - Epoch(val)  [49][100/116]    eta: 0:00:00  time: 0.0314  data_time: 0.0061  memory: 171  
2026/08/06 11:43:27 - mmengine - INFO - Epoch(val)  [49][110/116]    eta: 0:00:00  time: 0.0314  data_time: 0.0063  memory: 118  
2026/08/06 11:43:27 - mmengine - INFO - Evaluating bbox...
2026/08/06 11:43:27 - mmengine - INFO - bbox_mAP_copypaste: 0.605 0.886 0.725 0.000 0.696 0.563
2026/08/06 11:43:27 - mmengine - INFO - Evaluating segm...
2026/08/06 11:43:27 - mmengine - INFO - segm_mAP_copypaste: 0.592 0.891 0.679 0.000 0.673 0.555
2026/08/06 11:43:27 - mmengine - INFO - Epoch(val) [49][116/116]    coco/bbox_mAP: 0.6050  coco/bbox_mAP_50: 0.8860  coco/bbox_mAP_75: 0.7250  coco/bbox_mAP_s: 0.0000  coco/bbox_mAP_m: 0.6960  coco/bbox_mAP_l: 0.5630  coco/segm_mAP: 0.5920  coco/segm_mAP_50: 0.8910  coco/segm_mAP_75: 0.6790  coco/segm_mAP_s: 0.0000  coco/segm_mAP_m: 0.6730  coco/segm_mAP_l: 0.5550  data_time: 0.0056  time: 0.0295
2026/08/06 11:43:31 - mmengine - INFO - Epoch(train)  [50][10/68]  base_lr: 1.2500e-04 lr: 1.2500e-04  eta: 0:21:11  time: 0.3495  data_time: 0.1322  memory: 601  grad_norm: 11.5402  loss: 0.4739  loss_cls: 0.1192  loss_bbox: 0.2473  loss_mask: 0.1074
2026/08/06 11:43:35 - mmengine - INFO - Epoch(train)  [50][20/68]  base_lr: 1.2500e-04 lr: 1.2500e-04  eta: 0:21:07  time: 0.3572  data_time: 0.1341  memory: 601  grad_norm: 12.2218  loss: 0.4649  loss_cls: 0.1158  loss_bbox: 0.2438  loss_mask: 0.1053
2026/08/06 11:43:38 - mmengine - INFO - Epoch(train)  [50][30/68]  base_lr: 1.2500e-04 lr: 1.2500e-04  eta: 0:21:03  time: 0.3575  data_time: 0.1333  memory: 600  grad_norm: 12.2927  loss: 0.4913  loss_cls: 0.1291  loss_bbox: 0.2510  loss_mask: 0.1112
2026/08/06 11:43:41 - mmengine - INFO - Epoch(train)  [50][40/68]  base_lr: 1.2500e-04 lr: 1.2500e-04  eta: 0:20:59  time: 0.3551  data_time: 0.1315  memory: 601  grad_norm: 12.3684  loss: 0.4927  loss_cls: 0.1339  loss_bbox: 0.2498  loss_mask: 0.1089
2026/08/06 11:43:45 - mmengine - INFO - Epoch(train)  [50][50/68]  base_lr: 1.2500e-04 lr: 1.2500e-04  eta: 0:20:55  time: 0.3564  data_time: 0.1304  memory: 600  grad_norm: 12.4134  loss: 0.4852  loss_cls: 0.1275  loss_bbox: 0.2498  loss_mask: 0.1079
2026/08/06 11:43:48 - mmengine - INFO - Epoch(train)  [50][60/68]  base_lr: 1.2500e-04 lr: 1.2500e-04  eta: 0:20:51  time: 0.3507  data_time: 0.1262  memory: 600  grad_norm: 12.6343  loss: 0.4929  loss_cls: 0.1343  loss_bbox: 0.2500  loss_mask: 0.1086
2026/08/06 11:43:51 - mmengine - INFO - Exp name: rtmdet_ins_busi_20260806_111712
2026/08/06 11:43:51 - mmengine - INFO - Saving checkpoint at 50 epochs
2026/08/06 11:43:53 - mmengine - INFO - Epoch(val)  [50][ 10/116]    eta: 0:00:03  time: 0.0326  data_time: 0.0060  memory: 601  
2026/08/06 11:43:54 - mmengine - INFO - Epoch(val)  [50][ 20/116]    eta: 0:00:02  time: 0.0305  data_time: 0.0054  memory: 123  
2026/08/06 11:43:54 - mmengine - INFO - Epoch(val)  [50][ 30/116]    eta: 0:00:02  time: 0.0289  data_time: 0.0046  memory: 150  
2026/08/06 11:43:54 - mmengine - INFO - Epoch(val)  [50][ 40/116]    eta: 0:00:02  time: 0.0283  data_time: 0.0044  memory: 116  
2026/08/06 11:43:54 - mmengine - INFO - Epoch(val)  [50][ 50/116]    eta: 0:00:01  time: 0.0273  data_time: 0.0044  memory: 176  
2026/08/06 11:43:55 - mmengine - INFO - Epoch(val)  [50][ 60/116]    eta: 0:00:01  time: 0.0271  data_time: 0.0049  memory: 125  
2026/08/06 11:43:55 - mmengine - INFO - Epoch(val)  [50][ 70/116]    eta: 0:00:01  time: 0.0272  data_time: 0.0047  memory: 126  
2026/08/06 11:43:55 - mmengine - INFO - Epoch(val)  [50][ 80/116]    eta: 0:00:00  time: 0.0276  data_time: 0.0048  memory: 127  
2026/08/06 11:43:56 - mmengine - INFO - Epoch(val)  [50][ 90/116]    eta: 0:00:00  time: 0.0285  data_time: 0.0043  memory: 151  
2026/08/06 11:43:56 - mmengine - INFO - Epoch(val)  [50][100/116]    eta: 0:00:00  time: 0.0289  data_time: 0.0039  memory: 162  
2026/08/06 11:43:56 - mmengine - INFO - Epoch(val)  [50][110/116]    eta: 0:00:00  time: 0.0292  data_time: 0.0039  memory: 145  
2026/08/06 11:43:56 - mmengine - INFO - Evaluating bbox...
2026/08/06 11:43:56 - mmengine - INFO - bbox_mAP_copypaste: 0.613 0.900 0.753 0.000 0.689 0.579
2026/08/06 11:43:56 - mmengine - INFO - Evaluating segm...
2026/08/06 11:43:56 - mmengine - INFO - segm_mAP_copypaste: 0.610 0.900 0.678 0.000 0.701 0.571
2026/08/06 11:43:56 - mmengine - INFO - Epoch(val) [50][116/116]    coco/bbox_mAP: 0.6130  coco/bbox_mAP_50: 0.9000  coco/bbox_mAP_75: 0.7530  coco/bbox_mAP_s: 0.0000  coco/bbox_mAP_m: 0.6890  coco/bbox_mAP_l: 0.5790  coco/segm_mAP: 0.6100  coco/segm_mAP_50: 0.9000  coco/segm_mAP_75: 0.6780  coco/segm_mAP_s: 0.0000  coco/segm_mAP_m: 0.7010  coco/segm_mAP_l: 0.5710  data_time: 0.0046  time: 0.0284
2026/08/06 11:44:00 - mmengine - INFO - Epoch(train)  [51][10/68]  base_lr: 1.2500e-04 lr: 1.2500e-04  eta: 0:20:44  time: 0.3371  data_time: 0.1190  memory: 601  grad_norm: 11.7828  loss: 0.4655  loss_cls: 0.1203  loss_bbox: 0.2416  loss_mask: 0.1036
2026/08/06 11:44:03 - mmengine - INFO - Epoch(train)  [51][20/68]  base_lr: 1.2499e-04 lr: 1.2499e-04  eta: 0:20:40  time: 0.3390  data_time: 0.1198  memory: 601  grad_norm: 12.0248  loss: 0.4554  loss_cls: 0.1148  loss_bbox: 0.2393  loss_mask: 0.1013
2026/08/06 11:44:07 - mmengine - INFO - Epoch(train)  [51][30/68]  base_lr: 1.2498e-04 lr: 1.2498e-04  eta: 0:20:36  time: 0.3419  data_time: 0.1242  memory: 601  grad_norm: 11.9921  loss: 0.4656  loss_cls: 0.1209  loss_bbox: 0.2417  loss_mask: 0.1029
2026/08/06 11:44:10 - mmengine - INFO - Epoch(train)  [51][40/68]  base_lr: 1.2496e-04 lr: 1.2496e-04  eta: 0:20:33  time: 0.3426  data_time: 0.1261  memory: 601  grad_norm: 11.9940  loss: 0.4539  loss_cls: 0.1123  loss_bbox: 0.2394  loss_mask: 0.1022
2026/08/06 11:44:14 - mmengine - INFO - Epoch(train)  [51][50/68]  base_lr: 1.2494e-04 lr: 1.2494e-04  eta: 0:20:29  time: 0.3426  data_time: 0.1246  memory: 601  grad_norm: 12.0158  loss: 0.4573  loss_cls: 0.1135  loss_bbox: 0.2398  loss_mask: 0.1040
2026/08/06 11:44:17 - mmengine - INFO - Epoch(train)  [51][60/68]  base_lr: 1.2491e-04 lr: 1.2491e-04  eta: 0:20:25  time: 0.3457  data_time: 0.1259  memory: 601  grad_norm: 11.6637  loss: 0.4510  loss_cls: 0.1070  loss_bbox: 0.2407  loss_mask: 0.1033
2026/08/06 11:44:20 - mmengine - INFO - Exp name: rtmdet_ins_busi_20260806_111712
2026/08/06 11:44:20 - mmengine - INFO - Saving checkpoint at 51 epochs
2026/08/06 11:44:22 - mmengine - INFO - Epoch(val)  [51][ 10/116]    eta: 0:00:02  time: 0.0297  data_time: 0.0050  memory: 602  
2026/08/06 11:44:22 - mmengine - INFO - Epoch(val)  [51][ 20/116]    eta: 0:00:02  time: 0.0291  data_time: 0.0053  memory: 116  
2026/08/06 11:44:22 - mmengine - INFO - Epoch(val)  [51][ 30/116]    eta: 0:00:02  time: 0.0278  data_time: 0.0055  memory: 134  
2026/08/06 11:44:23 - mmengine - INFO - Epoch(val)  [51][ 40/116]    eta: 0:00:02  time: 0.0278  data_time: 0.0053  memory: 118  
2026/08/06 11:44:23 - mmengine - INFO - Epoch(val)  [51][ 50/116]    eta: 0:00:01  time: 0.0275  data_time: 0.0044  memory: 158  
2026/08/06 11:44:23 - mmengine - INFO - Epoch(val)  [51][ 60/116]    eta: 0:00:01  time: 0.0281  data_time: 0.0046  memory: 116  
2026/08/06 11:44:24 - mmengine - INFO - Epoch(val)  [51][ 70/116]    eta: 0:00:01  time: 0.0277  data_time: 0.0039  memory: 110  
2026/08/06 11:44:24 - mmengine - INFO - Epoch(val)  [51][ 80/116]    eta: 0:00:00  time: 0.0279  data_time: 0.0037  memory: 112  
2026/08/06 11:44:24 - mmengine - INFO - Epoch(val)  [51][ 90/116]    eta: 0:00:00  time: 0.0287  data_time: 0.0035  memory: 126  
2026/08/06 11:44:24 - mmengine - INFO - Epoch(val)  [51][100/116]    eta: 0:00:00  time: 0.0279  data_time: 0.0035  memory: 158  
2026/08/06 11:44:25 - mmengine - INFO - Epoch(val)  [51][110/116]    eta: 0:00:00  time: 0.0272  data_time: 0.0033  memory: 112  
2026/08/06 11:44:25 - mmengine - INFO - Evaluating bbox...
2026/08/06 11:44:25 - mmengine - INFO - bbox_mAP_copypaste: 0.605 0.889 0.720 0.000 0.715 0.560
2026/08/06 11:44:25 - mmengine - INFO - Evaluating segm...
2026/08/06 11:44:25 - mmengine - INFO - segm_mAP_copypaste: 0.599 0.888 0.662 0.000 0.708 0.554
2026/08/06 11:44:25 - mmengine - INFO - Epoch(val) [51][116/116]    coco/bbox_mAP: 0.6050  coco/bbox_mAP_50: 0.8890  coco/bbox_mAP_75: 0.7200  coco/bbox_mAP_s: 0.0000  coco/bbox_mAP_m: 0.7150  coco/bbox_mAP_l: 0.5600  coco/segm_mAP: 0.5990  coco/segm_mAP_50: 0.8880  coco/segm_mAP_75: 0.6620  coco/segm_mAP_s: 0.0000  coco/segm_mAP_m: 0.7080  coco/segm_mAP_l: 0.5540  data_time: 0.0043  time: 0.0278
2026/08/06 11:44:28 - mmengine - INFO - Epoch(train)  [52][10/68]  base_lr: 1.2485e-04 lr: 1.2485e-04  eta: 0:20:18  time: 0.3465  data_time: 0.1240  memory: 602  grad_norm: 11.6476  loss: 0.4447  loss_cls: 0.0965  loss_bbox: 0.2403  loss_mask: 0.1078
2026/08/06 11:44:32 - mmengine - INFO - Epoch(train)  [52][20/68]  base_lr: 1.2481e-04 lr: 1.2481e-04  eta: 0:20:14  time: 0.3473  data_time: 0.1246  memory: 600  grad_norm: 11.7546  loss: 0.4396  loss_cls: 0.0998  loss_bbox: 0.2350  loss_mask: 0.1047
2026/08/06 11:44:35 - mmengine - INFO - Epoch(train)  [52][30/68]  base_lr: 1.2476e-04 lr: 1.2476e-04  eta: 0:20:10  time: 0.3453  data_time: 0.1230  memory: 601  grad_norm: 11.7599  loss: 0.4385  loss_cls: 0.1007  loss_bbox: 0.2339  loss_mask: 0.1038
2026/08/06 11:44:39 - mmengine - INFO - Epoch(train)  [52][40/68]  base_lr: 1.2471e-04 lr: 1.2471e-04  eta: 0:20:06  time: 0.3460  data_time: 0.1239  memory: 603  grad_norm: 12.3117  loss: 0.4388  loss_cls: 0.1054  loss_bbox: 0.2294  loss_mask: 0.1041
2026/08/06 11:44:42 - mmengine - INFO - Epoch(train)  [52][50/68]  base_lr: 1.2465e-04 lr: 1.2465e-04  eta: 0:20:02  time: 0.3493  data_time: 0.1280  memory: 601  grad_norm: 12.8826  loss: 0.4308  loss_cls: 0.1038  loss_bbox: 0.2263  loss_mask: 0.1008
2026/08/06 11:44:46 - mmengine - INFO - Epoch(train)  [52][60/68]  base_lr: 1.2459e-04 lr: 1.2459e-04  eta: 0:19:59  time: 0.3478  data_time: 0.1287  memory: 600  grad_norm: 12.8260  loss: 0.4418  loss_cls: 0.1091  loss_bbox: 0.2296  loss_mask: 0.1031
2026/08/06 11:44:48 - mmengine - INFO - Exp name: rtmdet_ins_busi_20260806_111712
2026/08/06 11:44:48 - mmengine - INFO - Saving checkpoint at 52 epochs
2026/08/06 11:44:51 - mmengine - INFO - Epoch(val)  [52][ 10/116]    eta: 0:00:02  time: 0.0281  data_time: 0.0049  memory: 603  
2026/08/06 11:44:51 - mmengine - INFO - Epoch(val)  [52][ 20/116]    eta: 0:00:02  time: 0.0274  data_time: 0.0050  memory: 108  
2026/08/06 11:44:51 - mmengine - INFO - Epoch(val)  [52][ 30/116]    eta: 0:00:02  time: 0.0268  data_time: 0.0053  memory: 150  
2026/08/06 11:44:51 - mmengine - INFO - Epoch(val)  [52][ 40/116]    eta: 0:00:02  time: 0.0272  data_time: 0.0057  memory: 122  
2026/08/06 11:44:52 - mmengine - INFO - Epoch(val)  [52][ 50/116]    eta: 0:00:01  time: 0.0279  data_time: 0.0054  memory: 158  
2026/08/06 11:44:52 - mmengine - INFO - Epoch(val)  [52][ 60/116]    eta: 0:00:01  time: 0.0283  data_time: 0.0057  memory: 116  
2026/08/06 11:44:52 - mmengine - INFO - Epoch(val)  [52][ 70/116]    eta: 0:00:01  time: 0.0288  data_time: 0.0060  memory: 107  
2026/08/06 11:44:53 - mmengine - INFO - Epoch(val)  [52][ 80/116]    eta: 0:00:01  time: 0.0288  data_time: 0.0060  memory: 121  
2026/08/06 11:44:53 - mmengine - INFO - Epoch(val)  [52][ 90/116]    eta: 0:00:00  time: 0.0289  data_time: 0.0060  memory: 129  
2026/08/06 11:44:53 - mmengine - INFO - Epoch(val)  [52][100/116]    eta: 0:00:00  time: 0.0289  data_time: 0.0051  memory: 166  
2026/08/06 11:44:53 - mmengine - INFO - Epoch(val)  [52][110/116]    eta: 0:00:00  time: 0.0291  data_time: 0.0051  memory: 122  
2026/08/06 11:44:54 - mmengine - INFO - Evaluating bbox...
2026/08/06 11:44:54 - mmengine - INFO - bbox_mAP_copypaste: 0.633 0.908 0.777 0.000 0.710 0.593
2026/08/06 11:44:54 - mmengine - INFO - Evaluating segm...
2026/08/06 11:44:54 - mmengine - INFO - segm_mAP_copypaste: 0.621 0.908 0.715 0.000 0.702 0.584
2026/08/06 11:44:54 - mmengine - INFO - Epoch(val) [52][116/116]    coco/bbox_mAP: 0.6330  coco/bbox_mAP_50: 0.9080  coco/bbox_mAP_75: 0.7770  coco/bbox_mAP_s: 0.0000  coco/bbox_mAP_m: 0.7100  coco/bbox_mAP_l: 0.5930  coco/segm_mAP: 0.6210  coco/segm_mAP_50: 0.9080  coco/segm_mAP_75: 0.7150  coco/segm_mAP_s: 0.0000  coco/segm_mAP_m: 0.7020  coco/segm_mAP_l: 0.5840  data_time: 0.0056  time: 0.0290
2026/08/06 11:44:54 - mmengine - INFO - The previous best checkpoint d:\mamografi\real_time_segmentasyon\rtmdet\calisma\rtmdet_ins_tiny_256_orta\best_coco_segm_mAP_epoch_39.pth is removed
2026/08/06 11:44:55 - mmengine - INFO - The best checkpoint with 0.6210 coco/segm_mAP at 52 epoch is saved to best_coco_segm_mAP_epoch_52.pth.
2026/08/06 11:45:01 - mmengine - INFO - Epoch(train)  [53][10/68]  base_lr: 1.2447e-04 lr: 1.2447e-04  eta: 0:19:51  time: 0.3398  data_time: 0.1217  memory: 602  grad_norm: 13.3131  loss: 0.4622  loss_cls: 0.1182  loss_bbox: 0.2384  loss_mask: 0.1056
2026/08/06 11:45:04 - mmengine - INFO - Epoch(train)  [53][20/68]  base_lr: 1.2439e-04 lr: 1.2439e-04  eta: 0:19:47  time: 0.3420  data_time: 0.1263  memory: 601  grad_norm: 13.1877  loss: 0.4581  loss_cls: 0.1137  loss_bbox: 0.2408  loss_mask: 0.1036
2026/08/06 11:45:08 - mmengine - INFO - Epoch(train)  [53][30/68]  base_lr: 1.2431e-04 lr: 1.2431e-04  eta: 0:19:44  time: 0.3400  data_time: 0.1261  memory: 601  grad_norm: 12.5472  loss: 0.4640  loss_cls: 0.1178  loss_bbox: 0.2424  loss_mask: 0.1038
2026/08/06 11:45:11 - mmengine - INFO - Epoch(train)  [53][40/68]  base_lr: 1.2423e-04 lr: 1.2423e-04  eta: 0:19:40  time: 0.3395  data_time: 0.1244  memory: 601  grad_norm: 11.8632  loss: 0.4678  loss_cls: 0.1194  loss_bbox: 0.2440  loss_mask: 0.1044
2026/08/06 11:45:15 - mmengine - INFO - Epoch(train)  [53][50/68]  base_lr: 1.2413e-04 lr: 1.2413e-04  eta: 0:19:36  time: 0.3431  data_time: 0.1249  memory: 601  grad_norm: 11.6707  loss: 0.4587  loss_cls: 0.1154  loss_bbox: 0.2383  loss_mask: 0.1050
2026/08/06 11:45:18 - mmengine - INFO - Epoch(train)  [53][60/68]  base_lr: 1.2404e-04 lr: 1.2404e-04  eta: 0:19:32  time: 0.3405  data_time: 0.1246  memory: 601  grad_norm: 11.8103  loss: 0.4498  loss_cls: 0.1100  loss_bbox: 0.2365  loss_mask: 0.1033
2026/08/06 11:45:20 - mmengine - INFO - Exp name: rtmdet_ins_busi_20260806_111712
2026/08/06 11:45:20 - mmengine - INFO - Saving checkpoint at 53 epochs
2026/08/06 11:45:23 - mmengine - INFO - Epoch(val)  [53][ 10/116]    eta: 0:00:02  time: 0.0296  data_time: 0.0053  memory: 601  
2026/08/06 11:45:23 - mmengine - INFO - Epoch(val)  [53][ 20/116]    eta: 0:00:02  time: 0.0298  data_time: 0.0058  memory: 121  
2026/08/06 11:45:23 - mmengine - INFO - Epoch(val)  [53][ 30/116]    eta: 0:00:02  time: 0.0298  data_time: 0.0064  memory: 134  
2026/08/06 11:45:23 - mmengine - INFO - Epoch(val)  [53][ 40/116]    eta: 0:00:02  time: 0.0286  data_time: 0.0068  memory: 139  
2026/08/06 11:45:24 - mmengine - INFO - Epoch(val)  [53][ 50/116]    eta: 0:00:01  time: 0.0285  data_time: 0.0063  memory: 164  
2026/08/06 11:45:24 - mmengine - INFO - Epoch(val)  [53][ 60/116]    eta: 0:00:01  time: 0.0297  data_time: 0.0060  memory: 116  
2026/08/06 11:45:24 - mmengine - INFO - Epoch(val)  [53][ 70/116]    eta: 0:00:01  time: 0.0300  data_time: 0.0056  memory: 103  
2026/08/06 11:45:25 - mmengine - INFO - Epoch(val)  [53][ 80/116]    eta: 0:00:01  time: 0.0300  data_time: 0.0048  memory: 118  
2026/08/06 11:45:25 - mmengine - INFO - Epoch(val)  [53][ 90/116]    eta: 0:00:00  time: 0.0308  data_time: 0.0049  memory: 157  
2026/08/06 11:45:25 - mmengine - INFO - Epoch(val)  [53][100/116]    eta: 0:00:00  time: 0.0311  data_time: 0.0055  memory: 158  
2026/08/06 11:45:26 - mmengine - INFO - Epoch(val)  [53][110/116]    eta: 0:00:00  time: 0.0312  data_time: 0.0063  memory: 125  
2026/08/06 11:45:26 - mmengine - INFO - Evaluating bbox...
2026/08/06 11:45:26 - mmengine - INFO - bbox_mAP_copypaste: 0.618 0.902 0.751 0.000 0.708 0.571
2026/08/06 11:45:26 - mmengine - INFO - Evaluating segm...
2026/08/06 11:45:26 - mmengine - INFO - segm_mAP_copypaste: 0.604 0.896 0.709 0.000 0.678 0.573
2026/08/06 11:45:26 - mmengine - INFO - Epoch(val) [53][116/116]    coco/bbox_mAP: 0.6180  coco/bbox_mAP_50: 0.9020  coco/bbox_mAP_75: 0.7510  coco/bbox_mAP_s: 0.0000  coco/bbox_mAP_m: 0.7080  coco/bbox_mAP_l: 0.5710  coco/segm_mAP: 0.6040  coco/segm_mAP_50: 0.8960  coco/segm_mAP_75: 0.7090  coco/segm_mAP_s: 0.0000  coco/segm_mAP_m: 0.6780  coco/segm_mAP_l: 0.5730  data_time: 0.0063  time: 0.0302
2026/08/06 11:45:30 - mmengine - INFO - Epoch(train)  [54][10/68]  base_lr: 1.2385e-04 lr: 1.2385e-04  eta: 0:19:25  time: 0.3409  data_time: 0.1232  memory: 601  grad_norm: 11.7757  loss: 0.4532  loss_cls: 0.1135  loss_bbox: 0.2340  loss_mask: 0.1057
2026/08/06 11:45:33 - mmengine - INFO - Epoch(train)  [54][20/68]  base_lr: 1.2374e-04 lr: 1.2374e-04  eta: 0:19:21  time: 0.3458  data_time: 0.1249  memory: 601  grad_norm: 12.0841  loss: 0.4443  loss_cls: 0.1101  loss_bbox: 0.2318  loss_mask: 0.1024
2026/08/06 11:45:37 - mmengine - INFO - Epoch(train)  [54][30/68]  base_lr: 1.2363e-04 lr: 1.2363e-04  eta: 0:19:18  time: 0.3449  data_time: 0.1242  memory: 600  grad_norm: 11.6369  loss: 0.4406  loss_cls: 0.1031  loss_bbox: 0.2361  loss_mask: 0.1014
2026/08/06 11:45:40 - mmengine - INFO - Epoch(train)  [54][40/68]  base_lr: 1.2351e-04 lr: 1.2351e-04  eta: 0:19:14  time: 0.3484  data_time: 0.1283  memory: 599  grad_norm: 11.6456  loss: 0.4492  loss_cls: 0.1090  loss_bbox: 0.2397  loss_mask: 0.1005
2026/08/06 11:45:43 - mmengine - INFO - Epoch(train)  [54][50/68]  base_lr: 1.2338e-04 lr: 1.2338e-04  eta: 0:19:10  time: 0.3484  data_time: 0.1273  memory: 600  grad_norm: 11.2875  loss: 0.4511  loss_cls: 0.1124  loss_bbox: 0.2398  loss_mask: 0.0989
2026/08/06 11:45:47 - mmengine - INFO - Epoch(train)  [54][60/68]  base_lr: 1.2326e-04 lr: 1.2326e-04  eta: 0:19:06  time: 0.3435  data_time: 0.1239  memory: 601  grad_norm: 11.6943  loss: 0.4529  loss_cls: 0.1105  loss_bbox: 0.2413  loss_mask: 0.1011
2026/08/06 11:45:49 - mmengine - INFO - Exp name: rtmdet_ins_busi_20260806_111712
2026/08/06 11:45:49 - mmengine - INFO - Saving checkpoint at 54 epochs
2026/08/06 11:45:52 - mmengine - INFO - Epoch(val)  [54][ 10/116]    eta: 0:00:03  time: 0.0313  data_time: 0.0072  memory: 602  
2026/08/06 11:45:52 - mmengine - INFO - Epoch(val)  [54][ 20/116]    eta: 0:00:02  time: 0.0307  data_time: 0.0069  memory: 104  
2026/08/06 11:45:52 - mmengine - INFO - Epoch(val)  [54][ 30/116]    eta: 0:00:02  time: 0.0291  data_time: 0.0062  memory: 138  
2026/08/06 11:45:52 - mmengine - INFO - Epoch(val)  [54][ 40/116]    eta: 0:00:02  time: 0.0286  data_time: 0.0054  memory: 118  
2026/08/06 11:45:53 - mmengine - INFO - Epoch(val)  [54][ 50/116]    eta: 0:00:01  time: 0.0277  data_time: 0.0050  memory: 153  
2026/08/06 11:45:53 - mmengine - INFO - Epoch(val)  [54][ 60/116]    eta: 0:00:01  time: 0.0278  data_time: 0.0056  memory: 120  
2026/08/06 11:45:53 - mmengine - INFO - Epoch(val)  [54][ 70/116]    eta: 0:00:01  time: 0.0282  data_time: 0.0057  memory: 103  
2026/08/06 11:45:54 - mmengine - INFO - Epoch(val)  [54][ 80/116]    eta: 0:00:01  time: 0.0287  data_time: 0.0060  memory: 115  
2026/08/06 11:45:54 - mmengine - INFO - Epoch(val)  [54][ 90/116]    eta: 0:00:00  time: 0.0296  data_time: 0.0061  memory: 145  
2026/08/06 11:45:54 - mmengine - INFO - Epoch(val)  [54][100/116]    eta: 0:00:00  time: 0.0298  data_time: 0.0064  memory: 126  
2026/08/06 11:45:55 - mmengine - INFO - Epoch(val)  [54][110/116]    eta: 0:00:00  time: 0.0303  data_time: 0.0060  memory: 131  
2026/08/06 11:45:55 - mmengine - INFO - Evaluating bbox...
2026/08/06 11:45:55 - mmengine - INFO - bbox_mAP_copypaste: 0.609 0.893 0.700 0.000 0.711 0.553
2026/08/06 11:45:55 - mmengine - INFO - Evaluating segm...
2026/08/06 11:45:55 - mmengine - INFO - segm_mAP_copypaste: 0.600 0.889 0.699 0.000 0.672 0.566
2026/08/06 11:45:55 - mmengine - INFO - Epoch(val) [54][116/116]    coco/bbox_mAP: 0.6090  coco/bbox_mAP_50: 0.8930  coco/bbox_mAP_75: 0.7000  coco/bbox_mAP_s: 0.0000  coco/bbox_mAP_m: 0.7110  coco/bbox_mAP_l: 0.5530  coco/segm_mAP: 0.6000  coco/segm_mAP_50: 0.8890  coco/segm_mAP_75: 0.6990  coco/segm_mAP_s: 0.0000  coco/segm_mAP_m: 0.6720  coco/segm_mAP_l: 0.5660  data_time: 0.0058  time: 0.0293
2026/08/06 11:45:58 - mmengine - INFO - Epoch(train)  [55][10/68]  base_lr: 1.2301e-04 lr: 1.2301e-04  eta: 0:18:59  time: 0.3349  data_time: 0.1202  memory: 599  grad_norm: 12.0051  loss: 0.4662  loss_cls: 0.1219  loss_bbox: 0.2422  loss_mask: 0.1020
2026/08/06 11:46:02 - mmengine - INFO - Epoch(train)  [55][20/68]  base_lr: 1.2287e-04 lr: 1.2287e-04  eta: 0:18:55  time: 0.3382  data_time: 0.1210  memory: 603  grad_norm: 11.8629  loss: 0.4531  loss_cls: 0.1146  loss_bbox: 0.2370  loss_mask: 0.1015
2026/08/06 11:46:06 - mmengine - INFO - Epoch(train)  [55][30/68]  base_lr: 1.2272e-04 lr: 1.2272e-04  eta: 0:18:51  time: 0.3457  data_time: 0.1264  memory: 601  grad_norm: 11.9055  loss: 0.4656  loss_cls: 0.1183  loss_bbox: 0.2419  loss_mask: 0.1055
2026/08/06 11:46:09 - mmengine - INFO - Epoch(train)  [55][40/68]  base_lr: 1.2257e-04 lr: 1.2257e-04  eta: 0:18:48  time: 0.3466  data_time: 0.1294  memory: 600  grad_norm: 11.5465  loss: 0.4590  loss_cls: 0.1148  loss_bbox: 0.2416  loss_mask: 0.1025
2026/08/06 11:46:13 - mmengine - INFO - Epoch(train)  [55][50/68]  base_lr: 1.2241e-04 lr: 1.2241e-04  eta: 0:18:44  time: 0.3532  data_time: 0.1362  memory: 601  grad_norm: 11.4455  loss: 0.4648  loss_cls: 0.1188  loss_bbox: 0.2433  loss_mask: 0.1027
2026/08/06 11:46:16 - mmengine - INFO - Epoch(train)  [55][60/68]  base_lr: 1.2224e-04 lr: 1.2224e-04  eta: 0:18:40  time: 0.3557  data_time: 0.1359  memory: 601  grad_norm: 10.8924  loss: 0.4750  loss_cls: 0.1190  loss_bbox: 0.2488  loss_mask: 0.1072
2026/08/06 11:46:19 - mmengine - INFO - Exp name: rtmdet_ins_busi_20260806_111712
2026/08/06 11:46:19 - mmengine - INFO - Saving checkpoint at 55 epochs
2026/08/06 11:46:21 - mmengine - INFO - Epoch(val)  [55][ 10/116]    eta: 0:00:02  time: 0.0307  data_time: 0.0056  memory: 603  
2026/08/06 11:46:21 - mmengine - INFO - Epoch(val)  [55][ 20/116]    eta: 0:00:02  time: 0.0295  data_time: 0.0061  memory: 104  
2026/08/06 11:46:21 - mmengine - INFO - Epoch(val)  [55][ 30/116]    eta: 0:00:02  time: 0.0287  data_time: 0.0056  memory: 131  
2026/08/06 11:46:22 - mmengine - INFO - Epoch(val)  [55][ 40/116]    eta: 0:00:01  time: 0.0278  data_time: 0.0050  memory: 122  
2026/08/06 11:46:22 - mmengine - INFO - Epoch(val)  [55][ 50/116]    eta: 0:00:01  time: 0.0269  data_time: 0.0052  memory: 153  
2026/08/06 11:46:22 - mmengine - INFO - Epoch(val)  [55][ 60/116]    eta: 0:00:01  time: 0.0278  data_time: 0.0059  memory: 112  
2026/08/06 11:46:22 - mmengine - INFO - Epoch(val)  [55][ 70/116]    eta: 0:00:01  time: 0.0282  data_time: 0.0050  memory: 103  
2026/08/06 11:46:23 - mmengine - INFO - Epoch(val)  [55][ 80/116]    eta: 0:00:00  time: 0.0288  data_time: 0.0053  memory: 112  
2026/08/06 11:46:23 - mmengine - INFO - Epoch(val)  [55][ 90/116]    eta: 0:00:00  time: 0.0296  data_time: 0.0055  memory: 145  
2026/08/06 11:46:23 - mmengine - INFO - Epoch(val)  [55][100/116]    eta: 0:00:00  time: 0.0290  data_time: 0.0053  memory: 130  
2026/08/06 11:46:24 - mmengine - INFO - Epoch(val)  [55][110/116]    eta: 0:00:00  time: 0.0280  data_time: 0.0052  memory: 104  
2026/08/06 11:46:24 - mmengine - INFO - Evaluating bbox...
2026/08/06 11:46:24 - mmengine - INFO - bbox_mAP_copypaste: 0.591 0.888 0.669 0.000 0.696 0.540
2026/08/06 11:46:24 - mmengine - INFO - Evaluating segm...
2026/08/06 11:46:24 - mmengine - INFO - segm_mAP_copypaste: 0.599 0.879 0.706 0.000 0.690 0.556
2026/08/06 11:46:24 - mmengine - INFO - Epoch(val) [55][116/116]    coco/bbox_mAP: 0.5910  coco/bbox_mAP_50: 0.8880  coco/bbox_mAP_75: 0.6690  coco/bbox_mAP_s: 0.0000  coco/bbox_mAP_m: 0.6960  coco/bbox_mAP_l: 0.5400  coco/segm_mAP: 0.5990  coco/segm_mAP_50: 0.8790  coco/segm_mAP_75: 0.7060  coco/segm_mAP_s: 0.0000  coco/segm_mAP_m: 0.6900  coco/segm_mAP_l: 0.5560  data_time: 0.0054  time: 0.0280
2026/08/06 11:46:27 - mmengine - INFO - Epoch(train)  [56][10/68]  base_lr: 1.2194e-04 lr: 1.2194e-04  eta: 0:18:33  time: 0.3450  data_time: 0.1299  memory: 601  grad_norm: 11.3838  loss: 0.4569  loss_cls: 0.1135  loss_bbox: 0.2419  loss_mask: 0.1016
2026/08/06 11:46:31 - mmengine - INFO - Epoch(train)  [56][20/68]  base_lr: 1.2176e-04 lr: 1.2176e-04  eta: 0:18:29  time: 0.3405  data_time: 0.1275  memory: 603  grad_norm: 11.3168  loss: 0.4486  loss_cls: 0.1105  loss_bbox: 0.2365  loss_mask: 0.1016
2026/08/06 11:46:34 - mmengine - INFO - Epoch(train)  [56][30/68]  base_lr: 1.2158e-04 lr: 1.2158e-04  eta: 0:18:25  time: 0.3401  data_time: 0.1268  memory: 605  grad_norm: 11.1864  loss: 0.4373  loss_cls: 0.1078  loss_bbox: 0.2296  loss_mask: 0.0999
2026/08/06 11:46:37 - mmengine - INFO - Epoch(train)  [56][40/68]  base_lr: 1.2140e-04 lr: 1.2140e-04  eta: 0:18:21  time: 0.3325  data_time: 0.1218  memory: 599  grad_norm: 11.6239  loss: 0.4446  loss_cls: 0.1124  loss_bbox: 0.2290  loss_mask: 0.1033
2026/08/06 11:46:41 - mmengine - INFO - Epoch(train)  [56][50/68]  base_lr: 1.2121e-04 lr: 1.2121e-04  eta: 0:18:17  time: 0.3355  data_time: 0.1251  memory: 601  grad_norm: 11.4516  loss: 0.4464  loss_cls: 0.1127  loss_bbox: 0.2292  loss_mask: 0.1045
2026/08/06 11:46:44 - mmengine - INFO - Epoch(train)  [56][60/68]  base_lr: 1.2101e-04 lr: 1.2101e-04  eta: 0:18:14  time: 0.3380  data_time: 0.1260  memory: 601  grad_norm: 11.2779  loss: 0.4458  loss_cls: 0.1154  loss_bbox: 0.2245  loss_mask: 0.1060
2026/08/06 11:46:47 - mmengine - INFO - Exp name: rtmdet_ins_busi_20260806_111712
2026/08/06 11:46:47 - mmengine - INFO - Saving checkpoint at 56 epochs
2026/08/06 11:46:50 - mmengine - INFO - Epoch(val)  [56][ 10/116]    eta: 0:00:04  time: 0.0304  data_time: 0.0061  memory: 601  
2026/08/06 11:46:50 - mmengine - INFO - Epoch(val)  [56][ 20/116]    eta: 0:00:03  time: 0.0314  data_time: 0.0066  memory: 116  
2026/08/06 11:46:50 - mmengine - INFO - Epoch(val)  [56][ 30/116]    eta: 0:00:03  time: 0.0328  data_time: 0.0065  memory: 120  
2026/08/06 11:46:51 - mmengine - INFO - Epoch(val)  [56][ 40/116]    eta: 0:00:02  time: 0.0337  data_time: 0.0061  memory: 111  
2026/08/06 11:46:51 - mmengine - INFO - Epoch(val)  [56][ 50/116]    eta: 0:00:02  time: 0.0347  data_time: 0.0058  memory: 158  
2026/08/06 11:46:51 - mmengine - INFO - Epoch(val)  [56][ 60/116]    eta: 0:00:01  time: 0.0338  data_time: 0.0053  memory: 112  
2026/08/06 11:46:52 - mmengine - INFO - Epoch(val)  [56][ 70/116]    eta: 0:00:01  time: 0.0324  data_time: 0.0050  memory: 107  
2026/08/06 11:46:52 - mmengine - INFO - Epoch(val)  [56][ 80/116]    eta: 0:00:01  time: 0.0318  data_time: 0.0051  memory: 118  
2026/08/06 11:46:52 - mmengine - INFO - Epoch(val)  [56][ 90/116]    eta: 0:00:00  time: 0.0323  data_time: 0.0060  memory: 151  
2026/08/06 11:46:53 - mmengine - INFO - Epoch(val)  [56][100/116]    eta: 0:00:00  time: 0.0321  data_time: 0.0070  memory: 131  
2026/08/06 11:46:53 - mmengine - INFO - Epoch(val)  [56][110/116]    eta: 0:00:00  time: 0.0316  data_time: 0.0072  memory: 112  
2026/08/06 11:46:53 - mmengine - INFO - Evaluating bbox...
2026/08/06 11:46:53 - mmengine - INFO - bbox_mAP_copypaste: 0.620 0.893 0.717 0.000 0.706 0.577
2026/08/06 11:46:53 - mmengine - INFO - Evaluating segm...
2026/08/06 11:46:53 - mmengine - INFO - segm_mAP_copypaste: 0.604 0.888 0.711 0.000 0.685 0.566
2026/08/06 11:46:53 - mmengine - INFO - Epoch(val) [56][116/116]    coco/bbox_mAP: 0.6200  coco/bbox_mAP_50: 0.8930  coco/bbox_mAP_75: 0.7170  coco/bbox_mAP_s: 0.0000  coco/bbox_mAP_m: 0.7060  coco/bbox_mAP_l: 0.5770  coco/segm_mAP: 0.6040  coco/segm_mAP_50: 0.8880  coco/segm_mAP_75: 0.7110  coco/segm_mAP_s: 0.0000  coco/segm_mAP_m: 0.6850  coco/segm_mAP_l: 0.5660  data_time: 0.0065  time: 0.0334
2026/08/06 11:46:58 - mmengine - INFO - Epoch(train)  [57][10/68]  base_lr: 1.2065e-04 lr: 1.2065e-04  eta: 0:18:08  time: 0.3595  data_time: 0.1346  memory: 599  grad_norm: 11.7696  loss: 0.4412  loss_cls: 0.1124  loss_bbox: 0.2240  loss_mask: 0.1048
2026/08/06 11:47:01 - mmengine - INFO - Epoch(train)  [57][20/68]  base_lr: 1.2044e-04 lr: 1.2044e-04  eta: 0:18:04  time: 0.3700  data_time: 0.1411  memory: 603  grad_norm: 11.8714  loss: 0.4493  loss_cls: 0.1135  loss_bbox: 0.2304  loss_mask: 0.1054
2026/08/06 11:47:06 - mmengine - INFO - Epoch(train)  [57][30/68]  base_lr: 1.2023e-04 lr: 1.2023e-04  eta: 0:18:01  time: 0.3908  data_time: 0.1523  memory: 601  grad_norm: 11.8765  loss: 0.4435  loss_cls: 0.1060  loss_bbox: 0.2341  loss_mask: 0.1034
2026/08/06 11:47:10 - mmengine - INFO - Epoch(train)  [57][40/68]  base_lr: 1.2001e-04 lr: 1.2001e-04  eta: 0:17:57  time: 0.3990  data_time: 0.1515  memory: 601  grad_norm: 12.1546  loss: 0.4357  loss_cls: 0.1021  loss_bbox: 0.2312  loss_mask: 0.1024
2026/08/06 11:47:14 - mmengine - INFO - Epoch(train)  [57][50/68]  base_lr: 1.1978e-04 lr: 1.1978e-04  eta: 0:17:54  time: 0.4025  data_time: 0.1512  memory: 601  grad_norm: 12.3513  loss: 0.4485  loss_cls: 0.1083  loss_bbox: 0.2377  loss_mask: 0.1025
2026/08/06 11:47:18 - mmengine - INFO - Epoch(train)  [57][60/68]  base_lr: 1.1956e-04 lr: 1.1956e-04  eta: 0:17:51  time: 0.4060  data_time: 0.1512  memory: 601  grad_norm: 12.1642  loss: 0.4443  loss_cls: 0.1084  loss_bbox: 0.2331  loss_mask: 0.1028
2026/08/06 11:47:21 - mmengine - INFO - Exp name: rtmdet_ins_busi_20260806_111712
2026/08/06 11:47:21 - mmengine - INFO - Saving checkpoint at 57 epochs
2026/08/06 11:47:23 - mmengine - INFO - Epoch(val)  [57][ 10/116]    eta: 0:00:03  time: 0.0334  data_time: 0.0081  memory: 602  
2026/08/06 11:47:24 - mmengine - INFO - Epoch(val)  [57][ 20/116]    eta: 0:00:02  time: 0.0326  data_time: 0.0076  memory: 112  
2026/08/06 11:47:24 - mmengine - INFO - Epoch(val)  [57][ 30/116]    eta: 0:00:02  time: 0.0323  data_time: 0.0063  memory: 131  
2026/08/06 11:47:24 - mmengine - INFO - Epoch(val)  [57][ 40/116]    eta: 0:00:02  time: 0.0322  data_time: 0.0057  memory: 122  
2026/08/06 11:47:25 - mmengine - INFO - Epoch(val)  [57][ 50/116]    eta: 0:00:02  time: 0.0310  data_time: 0.0057  memory: 142  
2026/08/06 11:47:25 - mmengine - INFO - Epoch(val)  [57][ 60/116]    eta: 0:00:01  time: 0.0312  data_time: 0.0058  memory: 120  
2026/08/06 11:47:25 - mmengine - INFO - Epoch(val)  [57][ 70/116]    eta: 0:00:01  time: 0.0322  data_time: 0.0059  memory: 107  
2026/08/06 11:47:26 - mmengine - INFO - Epoch(val)  [57][ 80/116]    eta: 0:00:01  time: 0.0325  data_time: 0.0061  memory: 115  
2026/08/06 11:47:26 - mmengine - INFO - Epoch(val)  [57][ 90/116]    eta: 0:00:00  time: 0.0343  data_time: 0.0069  memory: 163  
2026/08/06 11:47:26 - mmengine - INFO - Epoch(val)  [57][100/116]    eta: 0:00:00  time: 0.0350  data_time: 0.0066  memory: 148  
2026/08/06 11:47:27 - mmengine - INFO - Epoch(val)  [57][110/116]    eta: 0:00:00  time: 0.0362  data_time: 0.0065  memory: 114  
2026/08/06 11:47:27 - mmengine - INFO - Evaluating bbox...
2026/08/06 11:47:27 - mmengine - INFO - bbox_mAP_copypaste: 0.610 0.888 0.711 0.000 0.687 0.573
2026/08/06 11:47:27 - mmengine - INFO - Evaluating segm...
2026/08/06 11:47:27 - mmengine - INFO - segm_mAP_copypaste: 0.613 0.883 0.723 0.000 0.696 0.575
2026/08/06 11:47:27 - mmengine - INFO - Epoch(val) [57][116/116]    coco/bbox_mAP: 0.6100  coco/bbox_mAP_50: 0.8880  coco/bbox_mAP_75: 0.7110  coco/bbox_mAP_s: 0.0000  coco/bbox_mAP_m: 0.6870  coco/bbox_mAP_l: 0.5730  coco/segm_mAP: 0.6130  coco/segm_mAP_50: 0.8830  coco/segm_mAP_75: 0.7230  coco/segm_mAP_s: 0.0000  coco/segm_mAP_m: 0.6960  coco/segm_mAP_l: 0.5750  data_time: 0.0062  time: 0.0337
2026/08/06 11:47:31 - mmengine - INFO - Epoch(train)  [58][10/68]  base_lr: 1.1914e-04 lr: 1.1914e-04  eta: 0:17:45  time: 0.4119  data_time: 0.1535  memory: 601  grad_norm: 11.9120  loss: 0.4272  loss_cls: 0.1034  loss_bbox: 0.2241  loss_mask: 0.0997
2026/08/06 11:47:35 - mmengine - INFO - Epoch(train)  [58][20/68]  base_lr: 1.1890e-04 lr: 1.1890e-04  eta: 0:17:41  time: 0.4084  data_time: 0.1533  memory: 602  grad_norm: 11.9196  loss: 0.4332  loss_cls: 0.1055  loss_bbox: 0.2272  loss_mask: 0.1005
2026/08/06 11:47:39 - mmengine - INFO - Epoch(train)  [58][30/68]  base_lr: 1.1865e-04 lr: 1.1865e-04  eta: 0:17:38  time: 0.4054  data_time: 0.1553  memory: 603  grad_norm: 11.7752  loss: 0.4325  loss_cls: 0.1009  loss_bbox: 0.2305  loss_mask: 0.1011
2026/08/06 11:47:43 - mmengine - INFO - Epoch(train)  [58][40/68]  base_lr: 1.1840e-04 lr: 1.1840e-04  eta: 0:17:34  time: 0.3984  data_time: 0.1526  memory: 600  grad_norm: 12.1053  loss: 0.4276  loss_cls: 0.0971  loss_bbox: 0.2324  loss_mask: 0.0982
2026/08/06 11:47:47 - mmengine - INFO - Epoch(train)  [58][50/68]  base_lr: 1.1815e-04 lr: 1.1815e-04  eta: 0:17:31  time: 0.3951  data_time: 0.1521  memory: 602  grad_norm: 12.1246  loss: 0.4200  loss_cls: 0.0958  loss_bbox: 0.2296  loss_mask: 0.0946
2026/08/06 11:47:51 - mmengine - INFO - Epoch(train)  [58][60/68]  base_lr: 1.1789e-04 lr: 1.1789e-04  eta: 0:17:28  time: 0.3922  data_time: 0.1513  memory: 601  grad_norm: 12.1665  loss: 0.4290  loss_cls: 0.0974  loss_bbox: 0.2352  loss_mask: 0.0963
2026/08/06 11:47:54 - mmengine - INFO - Exp name: rtmdet_ins_busi_20260806_111712
2026/08/06 11:47:54 - mmengine - INFO - Saving checkpoint at 58 epochs
2026/08/06 11:47:57 - mmengine - INFO - Epoch(val)  [58][ 10/116]    eta: 0:00:03  time: 0.0376  data_time: 0.0068  memory: 601  
2026/08/06 11:47:57 - mmengine - INFO - Epoch(val)  [58][ 20/116]    eta: 0:00:03  time: 0.0363  data_time: 0.0064  memory: 113  
2026/08/06 11:47:57 - mmengine - INFO - Epoch(val)  [58][ 30/116]    eta: 0:00:02  time: 0.0358  data_time: 0.0061  memory: 117  
2026/08/06 11:47:58 - mmengine - INFO - Epoch(val)  [58][ 40/116]    eta: 0:00:02  time: 0.0356  data_time: 0.0061  memory: 118  
2026/08/06 11:47:58 - mmengine - INFO - Epoch(val)  [58][ 50/116]    eta: 0:00:02  time: 0.0346  data_time: 0.0060  memory: 147  
2026/08/06 11:47:59 - mmengine - INFO - Epoch(val)  [58][ 60/116]    eta: 0:00:01  time: 0.0342  data_time: 0.0063  memory: 129  
2026/08/06 11:47:59 - mmengine - INFO - Epoch(val)  [58][ 70/116]    eta: 0:00:01  time: 0.0336  data_time: 0.0065  memory: 114  
2026/08/06 11:47:59 - mmengine - INFO - Epoch(val)  [58][ 80/116]    eta: 0:00:01  time: 0.0331  data_time: 0.0062  memory: 121  
2026/08/06 11:47:59 - mmengine - INFO - Epoch(val)  [58][ 90/116]    eta: 0:00:00  time: 0.0324  data_time: 0.0063  memory: 133  
2026/08/06 11:48:00 - mmengine - INFO - Epoch(val)  [58][100/116]    eta: 0:00:00  time: 0.0321  data_time: 0.0061  memory: 158  
2026/08/06 11:48:00 - mmengine - INFO - Epoch(val)  [58][110/116]    eta: 0:00:00  time: 0.0321  data_time: 0.0060  memory: 118  
2026/08/06 11:48:00 - mmengine - INFO - Evaluating bbox...
2026/08/06 11:48:00 - mmengine - INFO - bbox_mAP_copypaste: 0.609 0.883 0.728 0.000 0.726 0.551
2026/08/06 11:48:00 - mmengine - INFO - Evaluating segm...
2026/08/06 11:48:00 - mmengine - INFO - segm_mAP_copypaste: 0.607 0.868 0.676 0.000 0.705 0.558
2026/08/06 11:48:00 - mmengine - INFO - Epoch(val) [58][116/116]    coco/bbox_mAP: 0.6090  coco/bbox_mAP_50: 0.8830  coco/bbox_mAP_75: 0.7280  coco/bbox_mAP_s: 0.0000  coco/bbox_mAP_m: 0.7260  coco/bbox_mAP_l: 0.5510  coco/segm_mAP: 0.6070  coco/segm_mAP_50: 0.8680  coco/segm_mAP_75: 0.6760  coco/segm_mAP_s: 0.0000  coco/segm_mAP_m: 0.7050  coco/segm_mAP_l: 0.5580  data_time: 0.0060  time: 0.0333
2026/08/06 11:48:05 - mmengine - INFO - Epoch(train)  [59][10/68]  base_lr: 1.1742e-04 lr: 1.1742e-04  eta: 0:17:22  time: 0.3992  data_time: 0.1550  memory: 605  grad_norm: 12.2958  loss: 0.4270  loss_cls: 0.0961  loss_bbox: 0.2351  loss_mask: 0.0958
2026/08/06 11:48:09 - mmengine - INFO - Epoch(train)  [59][20/68]  base_lr: 1.1715e-04 lr: 1.1715e-04  eta: 0:17:18  time: 0.4032  data_time: 0.1588  memory: 599  grad_norm: 12.0238  loss: 0.4302  loss_cls: 0.0944  loss_bbox: 0.2354  loss_mask: 0.1004
2026/08/06 11:48:13 - mmengine - INFO - Epoch(train)  [59][30/68]  base_lr: 1.1687e-04 lr: 1.1687e-04  eta: 0:17:15  time: 0.4140  data_time: 0.1652  memory: 601  grad_norm: 12.2664  loss: 0.4484  loss_cls: 0.1059  loss_bbox: 0.2395  loss_mask: 0.1030
2026/08/06 11:48:18 - mmengine - INFO - Epoch(train)  [59][40/68]  base_lr: 1.1659e-04 lr: 1.1659e-04  eta: 0:17:12  time: 0.4220  data_time: 0.1709  memory: 603  grad_norm: 12.0915  loss: 0.4592  loss_cls: 0.1128  loss_bbox: 0.2425  loss_mask: 0.1040
2026/08/06 11:48:22 - mmengine - INFO - Epoch(train)  [59][50/68]  base_lr: 1.1631e-04 lr: 1.1631e-04  eta: 0:17:09  time: 0.4227  data_time: 0.1719  memory: 601  grad_norm: 12.1522  loss: 0.4595  loss_cls: 0.1130  loss_bbox: 0.2436  loss_mask: 0.1029
2026/08/06 11:48:24 - mmengine - INFO - Exp name: rtmdet_ins_busi_20260806_111712
2026/08/06 11:48:25 - mmengine - INFO - Epoch(train)  [59][60/68]  base_lr: 1.1602e-04 lr: 1.1602e-04  eta: 0:17:05  time: 0.4128  data_time: 0.1644  memory: 602  grad_norm: 12.0561  loss: 0.4643  loss_cls: 0.1188  loss_bbox: 0.2419  loss_mask: 0.1036
2026/08/06 11:48:28 - mmengine - INFO - Exp name: rtmdet_ins_busi_20260806_111712
2026/08/06 11:48:28 - mmengine - INFO - Saving checkpoint at 59 epochs
2026/08/06 11:48:30 - mmengine - INFO - Epoch(val)  [59][ 10/116]    eta: 0:00:03  time: 0.0336  data_time: 0.0061  memory: 602  
2026/08/06 11:48:31 - mmengine - INFO - Epoch(val)  [59][ 20/116]    eta: 0:00:03  time: 0.0327  data_time: 0.0058  memory: 113  
2026/08/06 11:48:31 - mmengine - INFO - Epoch(val)  [59][ 30/116]    eta: 0:00:02  time: 0.0322  data_time: 0.0056  memory: 124  
2026/08/06 11:48:31 - mmengine - INFO - Epoch(val)  [59][ 40/116]    eta: 0:00:02  time: 0.0310  data_time: 0.0051  memory: 122  
2026/08/06 11:48:32 - mmengine - INFO - Epoch(val)  [59][ 50/116]    eta: 0:00:02  time: 0.0308  data_time: 0.0053  memory: 142  
2026/08/06 11:48:32 - mmengine - INFO - Epoch(val)  [59][ 60/116]    eta: 0:00:01  time: 0.0298  data_time: 0.0054  memory: 129  
2026/08/06 11:48:32 - mmengine - INFO - Epoch(val)  [59][ 70/116]    eta: 0:00:01  time: 0.0297  data_time: 0.0052  memory: 107  
2026/08/06 11:48:32 - mmengine - INFO - Epoch(val)  [59][ 80/116]    eta: 0:00:01  time: 0.0296  data_time: 0.0052  memory: 121  
2026/08/06 11:48:33 - mmengine - INFO - Epoch(val)  [59][ 90/116]    eta: 0:00:00  time: 0.0305  data_time: 0.0051  memory: 151  
2026/08/06 11:48:33 - mmengine - INFO - Epoch(val)  [59][100/116]    eta: 0:00:00  time: 0.0300  data_time: 0.0046  memory: 148  
2026/08/06 11:48:33 - mmengine - INFO - Epoch(val)  [59][110/116]    eta: 0:00:00  time: 0.0298  data_time: 0.0045  memory: 122  
2026/08/06 11:48:34 - mmengine - INFO - Evaluating bbox...
2026/08/06 11:48:34 - mmengine - INFO - bbox_mAP_copypaste: 0.621 0.903 0.740 0.000 0.712 0.572
2026/08/06 11:48:34 - mmengine - INFO - Evaluating segm...
2026/08/06 11:48:34 - mmengine - INFO - segm_mAP_copypaste: 0.604 0.895 0.698 0.000 0.698 0.556
2026/08/06 11:48:34 - mmengine - INFO - Epoch(val) [59][116/116]    coco/bbox_mAP: 0.6210  coco/bbox_mAP_50: 0.9030  coco/bbox_mAP_75: 0.7400  coco/bbox_mAP_s: 0.0000  coco/bbox_mAP_m: 0.7120  coco/bbox_mAP_l: 0.5720  coco/segm_mAP: 0.6040  coco/segm_mAP_50: 0.8950  coco/segm_mAP_75: 0.6980  coco/segm_mAP_s: 0.0000  coco/segm_mAP_m: 0.6980  coco/segm_mAP_l: 0.5560  data_time: 0.0051  time: 0.0303
2026/08/06 11:48:38 - mmengine - INFO - Epoch(train)  [60][10/68]  base_lr: 1.1549e-04 lr: 1.1549e-04  eta: 0:16:58  time: 0.3988  data_time: 0.1573  memory: 601  grad_norm: 12.3638  loss: 0.4488  loss_cls: 0.1193  loss_bbox: 0.2310  loss_mask: 0.0985
2026/08/06 11:48:41 - mmengine - INFO - Epoch(train)  [60][20/68]  base_lr: 1.1519e-04 lr: 1.1519e-04  eta: 0:16:55  time: 0.3767  data_time: 0.1425  memory: 603  grad_norm: 12.2185  loss: 0.4376  loss_cls: 0.1185  loss_bbox: 0.2226  loss_mask: 0.0965
2026/08/06 11:48:45 - mmengine - INFO - Epoch(train)  [60][30/68]  base_lr: 1.1489e-04 lr: 1.1489e-04  eta: 0:16:51  time: 0.3689  data_time: 0.1377  memory: 601  grad_norm: 12.5027  loss: 0.4419  loss_cls: 0.1205  loss_bbox: 0.2232  loss_mask: 0.0982
2026/08/06 11:48:48 - mmengine - INFO - Epoch(train)  [60][40/68]  base_lr: 1.1458e-04 lr: 1.1458e-04  eta: 0:16:47  time: 0.3647  data_time: 0.1358  memory: 603  grad_norm: 12.8120  loss: 0.4479  loss_cls: 0.1197  loss_bbox: 0.2278  loss_mask: 0.1004
2026/08/06 11:48:52 - mmengine - INFO - Epoch(train)  [60][50/68]  base_lr: 1.1427e-04 lr: 1.1427e-04  eta: 0:16:44  time: 0.3679  data_time: 0.1343  memory: 603  grad_norm: 11.8296  loss: 0.4402  loss_cls: 0.1148  loss_bbox: 0.2270  loss_mask: 0.0985
2026/08/06 11:48:56 - mmengine - INFO - Epoch(train)  [60][60/68]  base_lr: 1.1395e-04 lr: 1.1395e-04  eta: 0:16:40  time: 0.3732  data_time: 0.1398  memory: 603  grad_norm: 11.9324  loss: 0.4473  loss_cls: 0.1141  loss_bbox: 0.2333  loss_mask: 0.0999
2026/08/06 11:48:59 - mmengine - INFO - Exp name: rtmdet_ins_busi_20260806_111712
2026/08/06 11:48:59 - mmengine - INFO - Saving checkpoint at 60 epochs
2026/08/06 11:49:02 - mmengine - INFO - Epoch(val)  [60][ 10/116]    eta: 0:00:03  time: 0.0308  data_time: 0.0051  memory: 599  
2026/08/06 11:49:02 - mmengine - INFO - Epoch(val)  [60][ 20/116]    eta: 0:00:02  time: 0.0305  data_time: 0.0055  memory: 118  
2026/08/06 11:49:02 - mmengine - INFO - Epoch(val)  [60][ 30/116]    eta: 0:00:02  time: 0.0301  data_time: 0.0056  memory: 124  
2026/08/06 11:49:03 - mmengine - INFO - Epoch(val)  [60][ 40/116]    eta: 0:00:02  time: 0.0305  data_time: 0.0052  memory: 111  
2026/08/06 11:49:03 - mmengine - INFO - Epoch(val)  [60][ 50/116]    eta: 0:00:01  time: 0.0300  data_time: 0.0053  memory: 147  
2026/08/06 11:49:03 - mmengine - INFO - Epoch(val)  [60][ 60/116]    eta: 0:00:01  time: 0.0306  data_time: 0.0055  memory: 125  
2026/08/06 11:49:04 - mmengine - INFO - Epoch(val)  [60][ 70/116]    eta: 0:00:01  time: 0.0309  data_time: 0.0056  memory: 116  
2026/08/06 11:49:04 - mmengine - INFO - Epoch(val)  [60][ 80/116]    eta: 0:00:01  time: 0.0316  data_time: 0.0057  memory: 121  
2026/08/06 11:49:04 - mmengine - INFO - Epoch(val)  [60][ 90/116]    eta: 0:00:00  time: 0.0327  data_time: 0.0061  memory: 151  
2026/08/06 11:49:05 - mmengine - INFO - Epoch(val)  [60][100/116]    eta: 0:00:00  time: 0.0328  data_time: 0.0060  memory: 136  
2026/08/06 11:49:05 - mmengine - INFO - Epoch(val)  [60][110/116]    eta: 0:00:00  time: 0.0320  data_time: 0.0058  memory: 111  
2026/08/06 11:49:05 - mmengine - INFO - Evaluating bbox...
2026/08/06 11:49:05 - mmengine - INFO - bbox_mAP_copypaste: 0.619 0.892 0.718 0.000 0.711 0.577
2026/08/06 11:49:05 - mmengine - INFO - Evaluating segm...
2026/08/06 11:49:05 - mmengine - INFO - segm_mAP_copypaste: 0.605 0.891 0.687 0.000 0.704 0.558
2026/08/06 11:49:05 - mmengine - INFO - Epoch(val) [60][116/116]    coco/bbox_mAP: 0.6190  coco/bbox_mAP_50: 0.8920  coco/bbox_mAP_75: 0.7180  coco/bbox_mAP_s: 0.0000  coco/bbox_mAP_m: 0.7110  coco/bbox_mAP_l: 0.5770  coco/segm_mAP: 0.6050  coco/segm_mAP_50: 0.8910  coco/segm_mAP_75: 0.6870  coco/segm_mAP_s: 0.0000  coco/segm_mAP_m: 0.7040  coco/segm_mAP_l: 0.5580  data_time: 0.0057  time: 0.0311
2026/08/06 11:49:09 - mmengine - INFO - Epoch(train)  [61][10/68]  base_lr: 1.1337e-04 lr: 1.1337e-04  eta: 0:16:34  time: 0.3763  data_time: 0.1449  memory: 603  grad_norm: 11.6183  loss: 0.4386  loss_cls: 0.1048  loss_bbox: 0.2347  loss_mask: 0.0991
2026/08/06 11:49:12 - mmengine - INFO - Epoch(train)  [61][20/68]  base_lr: 1.1304e-04 lr: 1.1304e-04  eta: 0:16:30  time: 0.3775  data_time: 0.1465  memory: 601  grad_norm: 11.6974  loss: 0.4256  loss_cls: 0.0988  loss_bbox: 0.2302  loss_mask: 0.0966
2026/08/06 11:49:16 - mmengine - INFO - Epoch(train)  [61][30/68]  base_lr: 1.1271e-04 lr: 1.1271e-04  eta: 0:16:26  time: 0.3736  data_time: 0.1437  memory: 602  grad_norm: 11.6807  loss: 0.4150  loss_cls: 0.0932  loss_bbox: 0.2256  loss_mask: 0.0962
2026/08/06 11:49:20 - mmengine - INFO - Epoch(train)  [61][40/68]  base_lr: 1.1237e-04 lr: 1.1237e-04  eta: 0:16:23  time: 0.3686  data_time: 0.1406  memory: 601  grad_norm: 11.6674  loss: 0.4279  loss_cls: 0.0984  loss_bbox: 0.2307  loss_mask: 0.0987
2026/08/06 11:49:24 - mmengine - INFO - Epoch(train)  [61][50/68]  base_lr: 1.1203e-04 lr: 1.1203e-04  eta: 0:16:19  time: 0.3670  data_time: 0.1376  memory: 601  grad_norm: 11.4463  loss: 0.4333  loss_cls: 0.1001  loss_bbox: 0.2313  loss_mask: 0.1019
2026/08/06 11:49:27 - mmengine - INFO - Epoch(train)  [61][60/68]  base_lr: 1.1169e-04 lr: 1.1169e-04  eta: 0:16:15  time: 0.3689  data_time: 0.1375  memory: 602  grad_norm: 11.0493  loss: 0.4281  loss_cls: 0.1032  loss_bbox: 0.2249  loss_mask: 0.0999
2026/08/06 11:49:30 - mmengine - INFO - Exp name: rtmdet_ins_busi_20260806_111712
2026/08/06 11:49:30 - mmengine - INFO - Saving checkpoint at 61 epochs
2026/08/06 11:49:32 - mmengine - INFO - Epoch(val)  [61][ 10/116]    eta: 0:00:03  time: 0.0317  data_time: 0.0060  memory: 599  
2026/08/06 11:49:33 - mmengine - INFO - Epoch(val)  [61][ 20/116]    eta: 0:00:02  time: 0.0305  data_time: 0.0056  memory: 108  
2026/08/06 11:49:33 - mmengine - INFO - Epoch(val)  [61][ 30/116]    eta: 0:00:02  time: 0.0296  data_time: 0.0053  memory: 120  
2026/08/06 11:49:33 - mmengine - INFO - Epoch(val)  [61][ 40/116]    eta: 0:00:02  time: 0.0292  data_time: 0.0050  memory: 114  
2026/08/06 11:49:34 - mmengine - INFO - Epoch(val)  [61][ 50/116]    eta: 0:00:01  time: 0.0292  data_time: 0.0049  memory: 147  
2026/08/06 11:49:34 - mmengine - INFO - Epoch(val)  [61][ 60/116]    eta: 0:00:01  time: 0.0293  data_time: 0.0051  memory: 116  
2026/08/06 11:49:34 - mmengine - INFO - Epoch(val)  [61][ 70/116]    eta: 0:00:01  time: 0.0297  data_time: 0.0052  memory: 116  
2026/08/06 11:49:35 - mmengine - INFO - Epoch(val)  [61][ 80/116]    eta: 0:00:01  time: 0.0302  data_time: 0.0053  memory: 116  
2026/08/06 11:49:35 - mmengine - INFO - Epoch(val)  [61][ 90/116]    eta: 0:00:00  time: 0.0315  data_time: 0.0059  memory: 151  
2026/08/06 11:49:35 - mmengine - INFO - Epoch(val)  [61][100/116]    eta: 0:00:00  time: 0.0326  data_time: 0.0061  memory: 140  
2026/08/06 11:49:36 - mmengine - INFO - Epoch(val)  [61][110/116]    eta: 0:00:00  time: 0.0323  data_time: 0.0059  memory: 107  
2026/08/06 11:49:36 - mmengine - INFO - Evaluating bbox...
2026/08/06 11:49:36 - mmengine - INFO - bbox_mAP_copypaste: 0.614 0.893 0.745 0.000 0.720 0.564
2026/08/06 11:49:36 - mmengine - INFO - Evaluating segm...
2026/08/06 11:49:36 - mmengine - INFO - segm_mAP_copypaste: 0.609 0.886 0.712 0.000 0.696 0.567
2026/08/06 11:49:36 - mmengine - INFO - Epoch(val) [61][116/116]    coco/bbox_mAP: 0.6140  coco/bbox_mAP_50: 0.8930  coco/bbox_mAP_75: 0.7450  coco/bbox_mAP_s: 0.0000  coco/bbox_mAP_m: 0.7200  coco/bbox_mAP_l: 0.5640  coco/segm_mAP: 0.6090  coco/segm_mAP_50: 0.8860  coco/segm_mAP_75: 0.7120  coco/segm_mAP_s: 0.0000  coco/segm_mAP_m: 0.6960  coco/segm_mAP_l: 0.5670  data_time: 0.0056  time: 0.0308
2026/08/06 11:49:40 - mmengine - INFO - Epoch(train)  [62][10/68]  base_lr: 1.1106e-04 lr: 1.1106e-04  eta: 0:16:09  time: 0.3677  data_time: 0.1398  memory: 599  grad_norm: 12.0408  loss: 0.4509  loss_cls: 0.1113  loss_bbox: 0.2320  loss_mask: 0.1076
2026/08/06 11:49:43 - mmengine - INFO - Epoch(train)  [62][20/68]  base_lr: 1.1070e-04 lr: 1.1070e-04  eta: 0:16:05  time: 0.3665  data_time: 0.1371  memory: 599  grad_norm: 12.0577  loss: 0.4490  loss_cls: 0.1135  loss_bbox: 0.2298  loss_mask: 0.1057
2026/08/06 11:49:47 - mmengine - INFO - Epoch(train)  [62][30/68]  base_lr: 1.1034e-04 lr: 1.1034e-04  eta: 0:16:01  time: 0.3665  data_time: 0.1384  memory: 604  grad_norm: 11.9237  loss: 0.4446  loss_cls: 0.1128  loss_bbox: 0.2289  loss_mask: 0.1028
2026/08/06 11:49:51 - mmengine - INFO - Epoch(train)  [62][40/68]  base_lr: 1.0998e-04 lr: 1.0998e-04  eta: 0:15:58  time: 0.3696  data_time: 0.1388  memory: 601  grad_norm: 11.8347  loss: 0.4412  loss_cls: 0.1110  loss_bbox: 0.2266  loss_mask: 0.1036
2026/08/06 11:49:55 - mmengine - INFO - Epoch(train)  [62][50/68]  base_lr: 1.0961e-04 lr: 1.0961e-04  eta: 0:15:54  time: 0.3726  data_time: 0.1391  memory: 601  grad_norm: 11.8354  loss: 0.4352  loss_cls: 0.1066  loss_bbox: 0.2287  loss_mask: 0.0999
2026/08/06 11:49:58 - mmengine - INFO - Epoch(train)  [62][60/68]  base_lr: 1.0924e-04 lr: 1.0924e-04  eta: 0:15:51  time: 0.3753  data_time: 0.1393  memory: 605  grad_norm: 10.6099  loss: 0.4319  loss_cls: 0.1049  loss_bbox: 0.2280  loss_mask: 0.0989
2026/08/06 11:50:01 - mmengine - INFO - Exp name: rtmdet_ins_busi_20260806_111712
2026/08/06 11:50:01 - mmengine - INFO - Saving checkpoint at 62 epochs
2026/08/06 11:50:03 - mmengine - INFO - Epoch(val)  [62][ 10/116]    eta: 0:00:03  time: 0.0328  data_time: 0.0060  memory: 600  
2026/08/06 11:50:04 - mmengine - INFO - Epoch(val)  [62][ 20/116]    eta: 0:00:03  time: 0.0323  data_time: 0.0056  memory: 116  
2026/08/06 11:50:04 - mmengine - INFO - Epoch(val)  [62][ 30/116]    eta: 0:00:02  time: 0.0307  data_time: 0.0050  memory: 144  
2026/08/06 11:50:04 - mmengine - INFO - Epoch(val)  [62][ 40/116]    eta: 0:00:02  time: 0.0303  data_time: 0.0048  memory: 114  
2026/08/06 11:50:05 - mmengine - INFO - Epoch(val)  [62][ 50/116]    eta: 0:00:01  time: 0.0299  data_time: 0.0048  memory: 153  
2026/08/06 11:50:05 - mmengine - INFO - Epoch(val)  [62][ 60/116]    eta: 0:00:01  time: 0.0297  data_time: 0.0052  memory: 122  
2026/08/06 11:50:05 - mmengine - INFO - Epoch(val)  [62][ 70/116]    eta: 0:00:01  time: 0.0294  data_time: 0.0054  memory: 126  
2026/08/06 11:50:06 - mmengine - INFO - Epoch(val)  [62][ 80/116]    eta: 0:00:01  time: 0.0298  data_time: 0.0058  memory: 115  
2026/08/06 11:50:06 - mmengine - INFO - Epoch(val)  [62][ 90/116]    eta: 0:00:00  time: 0.0304  data_time: 0.0062  memory: 145  
2026/08/06 11:50:06 - mmengine - INFO - Epoch(val)  [62][100/116]    eta: 0:00:00  time: 0.0307  data_time: 0.0063  memory: 135  
2026/08/06 11:50:06 - mmengine - INFO - Epoch(val)  [62][110/116]    eta: 0:00:00  time: 0.0305  data_time: 0.0063  memory: 120  
2026/08/06 11:50:07 - mmengine - INFO - Evaluating bbox...
2026/08/06 11:50:07 - mmengine - INFO - bbox_mAP_copypaste: 0.621 0.889 0.753 0.000 0.707 0.586
2026/08/06 11:50:07 - mmengine - INFO - Evaluating segm...
2026/08/06 11:50:07 - mmengine - INFO - segm_mAP_copypaste: 0.605 0.889 0.696 0.000 0.696 0.568
2026/08/06 11:50:07 - mmengine - INFO - Epoch(val) [62][116/116]    coco/bbox_mAP: 0.6210  coco/bbox_mAP_50: 0.8890  coco/bbox_mAP_75: 0.7530  coco/bbox_mAP_s: 0.0000  coco/bbox_mAP_m: 0.7070  coco/bbox_mAP_l: 0.5860  coco/segm_mAP: 0.6050  coco/segm_mAP_50: 0.8890  coco/segm_mAP_75: 0.6960  coco/segm_mAP_s: 0.0000  coco/segm_mAP_m: 0.6960  coco/segm_mAP_l: 0.5680  data_time: 0.0057  time: 0.0304
2026/08/06 11:50:11 - mmengine - INFO - Epoch(train)  [63][10/68]  base_lr: 1.0857e-04 lr: 1.0857e-04  eta: 0:15:44  time: 0.3701  data_time: 0.1371  memory: 600  grad_norm: 11.0985  loss: 0.4135  loss_cls: 0.0959  loss_bbox: 0.2202  loss_mask: 0.0974
2026/08/06 11:50:14 - mmengine - INFO - Epoch(train)  [63][20/68]  base_lr: 1.0819e-04 lr: 1.0819e-04  eta: 0:15:40  time: 0.3743  data_time: 0.1415  memory: 601  grad_norm: 11.0307  loss: 0.4219  loss_cls: 0.1001  loss_bbox: 0.2241  loss_mask: 0.0977
2026/08/06 11:50:18 - mmengine - INFO - Epoch(train)  [63][30/68]  base_lr: 1.0780e-04 lr: 1.0780e-04  eta: 0:15:37  time: 0.3738  data_time: 0.1433  memory: 603  grad_norm: 10.8807  loss: 0.4232  loss_cls: 0.1001  loss_bbox: 0.2250  loss_mask: 0.0980
2026/08/06 11:50:22 - mmengine - INFO - Epoch(train)  [63][40/68]  base_lr: 1.0742e-04 lr: 1.0742e-04  eta: 0:15:33  time: 0.3685  data_time: 0.1389  memory: 601  grad_norm: 10.9649  loss: 0.4207  loss_cls: 0.0988  loss_bbox: 0.2243  loss_mask: 0.0976
2026/08/06 11:50:26 - mmengine - INFO - Epoch(train)  [63][50/68]  base_lr: 1.0702e-04 lr: 1.0702e-04  eta: 0:15:29  time: 0.3737  data_time: 0.1409  memory: 601  grad_norm: 10.9442  loss: 0.4248  loss_cls: 0.1022  loss_bbox: 0.2253  loss_mask: 0.0973
2026/08/06 11:50:29 - mmengine - INFO - Epoch(train)  [63][60/68]  base_lr: 1.0663e-04 lr: 1.0663e-04  eta: 0:15:26  time: 0.3746  data_time: 0.1391  memory: 601  grad_norm: 10.7288  loss: 0.4240  loss_cls: 0.1015  loss_bbox: 0.2259  loss_mask: 0.0966
2026/08/06 11:50:32 - mmengine - INFO - Exp name: rtmdet_ins_busi_20260806_111712
2026/08/06 11:50:32 - mmengine - INFO - Saving checkpoint at 63 epochs
2026/08/06 11:50:34 - mmengine - INFO - Epoch(val)  [63][ 10/116]    eta: 0:00:03  time: 0.0316  data_time: 0.0067  memory: 600  
2026/08/06 11:50:35 - mmengine - INFO - Epoch(val)  [63][ 20/116]    eta: 0:00:03  time: 0.0314  data_time: 0.0065  memory: 118  
2026/08/06 11:50:35 - mmengine - INFO - Epoch(val)  [63][ 30/116]    eta: 0:00:02  time: 0.0315  data_time: 0.0061  memory: 127  
2026/08/06 11:50:35 - mmengine - INFO - Epoch(val)  [63][ 40/116]    eta: 0:00:02  time: 0.0318  data_time: 0.0060  memory: 117  
2026/08/06 11:50:36 - mmengine - INFO - Epoch(val)  [63][ 50/116]    eta: 0:00:02  time: 0.0322  data_time: 0.0058  memory: 142  
2026/08/06 11:50:36 - mmengine - INFO - Epoch(val)  [63][ 60/116]    eta: 0:00:01  time: 0.0321  data_time: 0.0058  memory: 125  
2026/08/06 11:50:36 - mmengine - INFO - Epoch(val)  [63][ 70/116]    eta: 0:00:01  time: 0.0327  data_time: 0.0061  memory: 116  
2026/08/06 11:50:37 - mmengine - INFO - Epoch(val)  [63][ 80/116]    eta: 0:00:01  time: 0.0323  data_time: 0.0062  memory: 121  
2026/08/06 11:50:37 - mmengine - INFO - Epoch(val)  [63][ 90/116]    eta: 0:00:00  time: 0.0329  data_time: 0.0066  memory: 139  
2026/08/06 11:50:37 - mmengine - INFO - Epoch(val)  [63][100/116]    eta: 0:00:00  time: 0.0324  data_time: 0.0066  memory: 139  
2026/08/06 11:50:38 - mmengine - INFO - Epoch(val)  [63][110/116]    eta: 0:00:00  time: 0.0324  data_time: 0.0064  memory: 105  
2026/08/06 11:50:38 - mmengine - INFO - Evaluating bbox...
2026/08/06 11:50:38 - mmengine - INFO - bbox_mAP_copypaste: 0.637 0.903 0.772 0.000 0.721 0.593
2026/08/06 11:50:38 - mmengine - INFO - Evaluating segm...
2026/08/06 11:50:38 - mmengine - INFO - segm_mAP_copypaste: 0.618 0.899 0.682 0.000 0.713 0.570
2026/08/06 11:50:38 - mmengine - INFO - Epoch(val) [63][116/116]    coco/bbox_mAP: 0.6370  coco/bbox_mAP_50: 0.9030  coco/bbox_mAP_75: 0.7720  coco/bbox_mAP_s: 0.0000  coco/bbox_mAP_m: 0.7210  coco/bbox_mAP_l: 0.5930  coco/segm_mAP: 0.6180  coco/segm_mAP_50: 0.8990  coco/segm_mAP_75: 0.6820  coco/segm_mAP_s: 0.0000  coco/segm_mAP_m: 0.7130  coco/segm_mAP_l: 0.5700  data_time: 0.0062  time: 0.0324
2026/08/06 11:50:42 - mmengine - INFO - Epoch(train)  [64][10/68]  base_lr: 1.0591e-04 lr: 1.0591e-04  eta: 0:15:19  time: 0.3681  data_time: 0.1339  memory: 602  grad_norm: 11.3020  loss: 0.4159  loss_cls: 0.0982  loss_bbox: 0.2211  loss_mask: 0.0967
2026/08/06 11:50:45 - mmengine - INFO - Epoch(train)  [64][20/68]  base_lr: 1.0550e-04 lr: 1.0550e-04  eta: 0:15:16  time: 0.3663  data_time: 0.1344  memory: 602  grad_norm: 11.6206  loss: 0.4147  loss_cls: 0.0967  loss_bbox: 0.2208  loss_mask: 0.0971
2026/08/06 11:50:49 - mmengine - INFO - Epoch(train)  [64][30/68]  base_lr: 1.0510e-04 lr: 1.0510e-04  eta: 0:15:12  time: 0.3674  data_time: 0.1359  memory: 602  grad_norm: 11.4494  loss: 0.4115  loss_cls: 0.0967  loss_bbox: 0.2181  loss_mask: 0.0967
2026/08/06 11:50:53 - mmengine - INFO - Epoch(train)  [64][40/68]  base_lr: 1.0468e-04 lr: 1.0468e-04  eta: 0:15:08  time: 0.3643  data_time: 0.1371  memory: 600  grad_norm: 11.4772  loss: 0.4071  loss_cls: 0.0942  loss_bbox: 0.2163  loss_mask: 0.0966
2026/08/06 11:50:56 - mmengine - INFO - Epoch(train)  [64][50/68]  base_lr: 1.0427e-04 lr: 1.0427e-04  eta: 0:15:04  time: 0.3613  data_time: 0.1367  memory: 601  grad_norm: 11.1937  loss: 0.4103  loss_cls: 0.0943  loss_bbox: 0.2198  loss_mask: 0.0963
2026/08/06 11:50:59 - mmengine - INFO - Epoch(train)  [64][60/68]  base_lr: 1.0385e-04 lr: 1.0385e-04  eta: 0:15:01  time: 0.3525  data_time: 0.1307  memory: 601  grad_norm: 10.8954  loss: 0.4228  loss_cls: 0.1013  loss_bbox: 0.2240  loss_mask: 0.0975
2026/08/06 11:51:02 - mmengine - INFO - Exp name: rtmdet_ins_busi_20260806_111712
2026/08/06 11:51:02 - mmengine - INFO - Saving checkpoint at 64 epochs
2026/08/06 11:51:04 - mmengine - INFO - Epoch(val)  [64][ 10/116]    eta: 0:00:03  time: 0.0325  data_time: 0.0066  memory: 599  
2026/08/06 11:51:05 - mmengine - INFO - Epoch(val)  [64][ 20/116]    eta: 0:00:02  time: 0.0318  data_time: 0.0065  memory: 113  
2026/08/06 11:51:05 - mmengine - INFO - Epoch(val)  [64][ 30/116]    eta: 0:00:02  time: 0.0306  data_time: 0.0057  memory: 122  
2026/08/06 11:51:05 - mmengine - INFO - Epoch(val)  [64][ 40/116]    eta: 0:00:02  time: 0.0295  data_time: 0.0056  memory: 107  
2026/08/06 11:51:06 - mmengine - INFO - Epoch(val)  [64][ 50/116]    eta: 0:00:01  time: 0.0285  data_time: 0.0053  memory: 153  
2026/08/06 11:51:06 - mmengine - INFO - Epoch(val)  [64][ 60/116]    eta: 0:00:01  time: 0.0285  data_time: 0.0049  memory: 116  
2026/08/06 11:51:06 - mmengine - INFO - Epoch(val)  [64][ 70/116]    eta: 0:00:01  time: 0.0283  data_time: 0.0047  memory: 122  
2026/08/06 11:51:06 - mmengine - INFO - Epoch(val)  [64][ 80/116]    eta: 0:00:01  time: 0.0283  data_time: 0.0049  memory: 124  
2026/08/06 11:51:07 - mmengine - INFO - Epoch(val)  [64][ 90/116]    eta: 0:00:00  time: 0.0288  data_time: 0.0049  memory: 126  
2026/08/06 11:51:07 - mmengine - INFO - Epoch(val)  [64][100/116]    eta: 0:00:00  time: 0.0289  data_time: 0.0049  memory: 125  
2026/08/06 11:51:07 - mmengine - INFO - Epoch(val)  [64][110/116]    eta: 0:00:00  time: 0.0290  data_time: 0.0052  memory: 107  
2026/08/06 11:51:07 - mmengine - INFO - Evaluating bbox...
2026/08/06 11:51:07 - mmengine - INFO - bbox_mAP_copypaste: 0.626 0.908 0.766 0.000 0.693 0.589
2026/08/06 11:51:07 - mmengine - INFO - Evaluating segm...
2026/08/06 11:51:08 - mmengine - INFO - segm_mAP_copypaste: 0.620 0.901 0.717 0.000 0.710 0.576
2026/08/06 11:51:08 - mmengine - INFO - Epoch(val) [64][116/116]    coco/bbox_mAP: 0.6260  coco/bbox_mAP_50: 0.9080  coco/bbox_mAP_75: 0.7660  coco/bbox_mAP_s: 0.0000  coco/bbox_mAP_m: 0.6930  coco/bbox_mAP_l: 0.5890  coco/segm_mAP: 0.6200  coco/segm_mAP_50: 0.9010  coco/segm_mAP_75: 0.7170  coco/segm_mAP_s: 0.0000  coco/segm_mAP_m: 0.7100  coco/segm_mAP_l: 0.5760  data_time: 0.0052  time: 0.0289
2026/08/06 11:51:11 - mmengine - INFO - Epoch(train)  [65][10/68]  base_lr: 1.0309e-04 lr: 1.0309e-04  eta: 0:14:54  time: 0.3428  data_time: 0.1237  memory: 601  grad_norm: 11.5742  loss: 0.4432  loss_cls: 0.1104  loss_bbox: 0.2338  loss_mask: 0.0990
2026/08/06 11:51:15 - mmengine - INFO - Epoch(train)  [65][20/68]  base_lr: 1.0266e-04 lr: 1.0266e-04  eta: 0:14:50  time: 0.3414  data_time: 0.1237  memory: 603  grad_norm: 11.6529  loss: 0.4412  loss_cls: 0.1104  loss_bbox: 0.2334  loss_mask: 0.0973
2026/08/06 11:51:18 - mmengine - INFO - Epoch(train)  [65][30/68]  base_lr: 1.0223e-04 lr: 1.0223e-04  eta: 0:14:46  time: 0.3420  data_time: 0.1229  memory: 601  grad_norm: 11.6461  loss: 0.4474  loss_cls: 0.1146  loss_bbox: 0.2338  loss_mask: 0.0990
2026/08/06 11:51:21 - mmengine - INFO - Epoch(train)  [65][40/68]  base_lr: 1.0180e-04 lr: 1.0180e-04  eta: 0:14:42  time: 0.3400  data_time: 0.1212  memory: 601  grad_norm: 12.1869  loss: 0.4401  loss_cls: 0.1087  loss_bbox: 0.2322  loss_mask: 0.0992
2026/08/06 11:51:25 - mmengine - INFO - Epoch(train)  [65][50/68]  base_lr: 1.0136e-04 lr: 1.0136e-04  eta: 0:14:39  time: 0.3469  data_time: 0.1253  memory: 601  grad_norm: 11.4917  loss: 0.4255  loss_cls: 0.1035  loss_bbox: 0.2249  loss_mask: 0.0971
2026/08/06 11:51:28 - mmengine - INFO - Epoch(train)  [65][60/68]  base_lr: 1.0092e-04 lr: 1.0092e-04  eta: 0:14:35  time: 0.3465  data_time: 0.1259  memory: 599  grad_norm: 11.3555  loss: 0.4076  loss_cls: 0.0954  loss_bbox: 0.2164  loss_mask: 0.0958
2026/08/06 11:51:31 - mmengine - INFO - Exp name: rtmdet_ins_busi_20260806_111712
2026/08/06 11:51:31 - mmengine - INFO - Saving checkpoint at 65 epochs
2026/08/06 11:51:33 - mmengine - INFO - Epoch(val)  [65][ 10/116]    eta: 0:00:03  time: 0.0305  data_time: 0.0057  memory: 601  
2026/08/06 11:51:34 - mmengine - INFO - Epoch(val)  [65][ 20/116]    eta: 0:00:02  time: 0.0303  data_time: 0.0057  memory: 108  
2026/08/06 11:51:34 - mmengine - INFO - Epoch(val)  [65][ 30/116]    eta: 0:00:02  time: 0.0301  data_time: 0.0053  memory: 127  
2026/08/06 11:51:34 - mmengine - INFO - Epoch(val)  [65][ 40/116]    eta: 0:00:02  time: 0.0298  data_time: 0.0052  memory: 108  
2026/08/06 11:51:35 - mmengine - INFO - Epoch(val)  [65][ 50/116]    eta: 0:00:01  time: 0.0295  data_time: 0.0052  memory: 135  
2026/08/06 11:51:35 - mmengine - INFO - Epoch(val)  [65][ 60/116]    eta: 0:00:01  time: 0.0287  data_time: 0.0050  memory: 120  
2026/08/06 11:51:35 - mmengine - INFO - Epoch(val)  [65][ 70/116]    eta: 0:00:01  time: 0.0289  data_time: 0.0049  memory: 122  
2026/08/06 11:51:35 - mmengine - INFO - Epoch(val)  [65][ 80/116]    eta: 0:00:01  time: 0.0287  data_time: 0.0051  memory: 115  
2026/08/06 11:51:36 - mmengine - INFO - Epoch(val)  [65][ 90/116]    eta: 0:00:00  time: 0.0296  data_time: 0.0056  memory: 145  
2026/08/06 11:51:36 - mmengine - INFO - Epoch(val)  [65][100/116]    eta: 0:00:00  time: 0.0294  data_time: 0.0057  memory: 133  
2026/08/06 11:51:36 - mmengine - INFO - Epoch(val)  [65][110/116]    eta: 0:00:00  time: 0.0291  data_time: 0.0055  memory: 105  
2026/08/06 11:51:37 - mmengine - INFO - Evaluating bbox...
2026/08/06 11:51:37 - mmengine - INFO - bbox_mAP_copypaste: 0.613 0.901 0.734 0.000 0.702 0.570
2026/08/06 11:51:37 - mmengine - INFO - Evaluating segm...
2026/08/06 11:51:37 - mmengine - INFO - segm_mAP_copypaste: 0.610 0.883 0.711 0.000 0.695 0.570
2026/08/06 11:51:37 - mmengine - INFO - Epoch(val) [65][116/116]    coco/bbox_mAP: 0.6130  coco/bbox_mAP_50: 0.9010  coco/bbox_mAP_75: 0.7340  coco/bbox_mAP_s: 0.0000  coco/bbox_mAP_m: 0.7020  coco/bbox_mAP_l: 0.5700  coco/segm_mAP: 0.6100  coco/segm_mAP_50: 0.8830  coco/segm_mAP_75: 0.7110  coco/segm_mAP_s: 0.0000  coco/segm_mAP_m: 0.6950  coco/segm_mAP_l: 0.5700  data_time: 0.0056  time: 0.0293
2026/08/06 11:51:40 - mmengine - INFO - Epoch(train)  [66][10/68]  base_lr: 1.0012e-04 lr: 1.0012e-04  eta: 0:14:28  time: 0.3470  data_time: 0.1216  memory: 601  grad_norm: 11.5529  loss: 0.4224  loss_cls: 0.1024  loss_bbox: 0.2237  loss_mask: 0.0963
2026/08/06 11:51:44 - mmengine - INFO - Epoch(train)  [66][20/68]  base_lr: 9.9676e-05 lr: 9.9676e-05  eta: 0:14:24  time: 0.3484  data_time: 0.1227  memory: 599  grad_norm: 11.8426  loss: 0.4211  loss_cls: 0.1035  loss_bbox: 0.2239  loss_mask: 0.0936
2026/08/06 11:51:47 - mmengine - INFO - Epoch(train)  [66][30/68]  base_lr: 9.9225e-05 lr: 9.9225e-05  eta: 0:14:21  time: 0.3561  data_time: 0.1284  memory: 601  grad_norm: 11.7228  loss: 0.4170  loss_cls: 0.0996  loss_bbox: 0.2243  loss_mask: 0.0931
2026/08/06 11:51:51 - mmengine - INFO - Epoch(train)  [66][40/68]  base_lr: 9.8771e-05 lr: 9.8771e-05  eta: 0:14:17  time: 0.3568  data_time: 0.1260  memory: 600  grad_norm: 11.8022  loss: 0.4194  loss_cls: 0.1003  loss_bbox: 0.2257  loss_mask: 0.0933
2026/08/06 11:51:55 - mmengine - INFO - Epoch(train)  [66][50/68]  base_lr: 9.8315e-05 lr: 9.8315e-05  eta: 0:14:13  time: 0.3578  data_time: 0.1274  memory: 601  grad_norm: 11.5956  loss: 0.4209  loss_cls: 0.1028  loss_bbox: 0.2241  loss_mask: 0.0940
2026/08/06 11:51:58 - mmengine - INFO - Epoch(train)  [66][60/68]  base_lr: 9.7856e-05 lr: 9.7856e-05  eta: 0:14:10  time: 0.3607  data_time: 0.1302  memory: 602  grad_norm: 11.1452  loss: 0.4182  loss_cls: 0.0965  loss_bbox: 0.2247  loss_mask: 0.0969
2026/08/06 11:52:01 - mmengine - INFO - Exp name: rtmdet_ins_busi_20260806_111712
2026/08/06 11:52:01 - mmengine - INFO - Saving checkpoint at 66 epochs
2026/08/06 11:52:03 - mmengine - INFO - Epoch(val)  [66][ 10/116]    eta: 0:00:03  time: 0.0300  data_time: 0.0060  memory: 601  
2026/08/06 11:52:04 - mmengine - INFO - Epoch(val)  [66][ 20/116]    eta: 0:00:03  time: 0.0303  data_time: 0.0058  memory: 112  
2026/08/06 11:52:04 - mmengine - INFO - Epoch(val)  [66][ 30/116]    eta: 0:00:02  time: 0.0307  data_time: 0.0055  memory: 122  
2026/08/06 11:52:04 - mmengine - INFO - Epoch(val)  [66][ 40/116]    eta: 0:00:02  time: 0.0309  data_time: 0.0054  memory: 107  
2026/08/06 11:52:05 - mmengine - INFO - Epoch(val)  [66][ 50/116]    eta: 0:00:02  time: 0.0320  data_time: 0.0055  memory: 142  
2026/08/06 11:52:05 - mmengine - INFO - Epoch(val)  [66][ 60/116]    eta: 0:00:01  time: 0.0315  data_time: 0.0058  memory: 120  
2026/08/06 11:52:05 - mmengine - INFO - Epoch(val)  [66][ 70/116]    eta: 0:00:01  time: 0.0309  data_time: 0.0059  memory: 116  
2026/08/06 11:52:06 - mmengine - INFO - Epoch(val)  [66][ 80/116]    eta: 0:00:01  time: 0.0310  data_time: 0.0059  memory: 112  
2026/08/06 11:52:06 - mmengine - INFO - Epoch(val)  [66][ 90/116]    eta: 0:00:00  time: 0.0315  data_time: 0.0061  memory: 133  
2026/08/06 11:52:06 - mmengine - INFO - Epoch(val)  [66][100/116]    eta: 0:00:00  time: 0.0310  data_time: 0.0058  memory: 119  
2026/08/06 11:52:07 - mmengine - INFO - Epoch(val)  [66][110/116]    eta: 0:00:00  time: 0.0310  data_time: 0.0056  memory: 111  
2026/08/06 11:52:07 - mmengine - INFO - Evaluating bbox...
2026/08/06 11:52:07 - mmengine - INFO - bbox_mAP_copypaste: 0.630 0.903 0.758 0.000 0.699 0.596
2026/08/06 11:52:07 - mmengine - INFO - Evaluating segm...
2026/08/06 11:52:07 - mmengine - INFO - segm_mAP_copypaste: 0.617 0.903 0.665 0.000 0.700 0.577
2026/08/06 11:52:07 - mmengine - INFO - Epoch(val) [66][116/116]    coco/bbox_mAP: 0.6300  coco/bbox_mAP_50: 0.9030  coco/bbox_mAP_75: 0.7580  coco/bbox_mAP_s: 0.0000  coco/bbox_mAP_m: 0.6990  coco/bbox_mAP_l: 0.5960  coco/segm_mAP: 0.6170  coco/segm_mAP_50: 0.9030  coco/segm_mAP_75: 0.6650  coco/segm_mAP_s: 0.0000  coco/segm_mAP_m: 0.7000  coco/segm_mAP_l: 0.5770  data_time: 0.0057  time: 0.0313
2026/08/06 11:52:11 - mmengine - INFO - Epoch(train)  [67][10/68]  base_lr: 9.7022e-05 lr: 9.7022e-05  eta: 0:14:03  time: 0.3662  data_time: 0.1351  memory: 604  grad_norm: 10.8688  loss: 0.4184  loss_cls: 0.0987  loss_bbox: 0.2213  loss_mask: 0.0984
2026/08/06 11:52:15 - mmengine - INFO - Epoch(train)  [67][20/68]  base_lr: 9.6555e-05 lr: 9.6555e-05  eta: 0:13:59  time: 0.3705  data_time: 0.1385  memory: 602  grad_norm: 10.9217  loss: 0.4179  loss_cls: 0.0963  loss_bbox: 0.2222  loss_mask: 0.0993
2026/08/06 11:52:18 - mmengine - INFO - Epoch(train)  [67][30/68]  base_lr: 9.6085e-05 lr: 9.6085e-05  eta: 0:13:56  time: 0.3701  data_time: 0.1388  memory: 601  grad_norm: 11.2962  loss: 0.4058  loss_cls: 0.0932  loss_bbox: 0.2164  loss_mask: 0.0962
2026/08/06 11:52:22 - mmengine - INFO - Epoch(train)  [67][40/68]  base_lr: 9.5613e-05 lr: 9.5613e-05  eta: 0:13:52  time: 0.3650  data_time: 0.1335  memory: 602  grad_norm: 11.3670  loss: 0.4059  loss_cls: 0.0969  loss_bbox: 0.2125  loss_mask: 0.0964
2026/08/06 11:52:25 - mmengine - INFO - Epoch(train)  [67][50/68]  base_lr: 9.5138e-05 lr: 9.5138e-05  eta: 0:13:48  time: 0.3677  data_time: 0.1347  memory: 599  grad_norm: 10.7947  loss: 0.4109  loss_cls: 0.1002  loss_bbox: 0.2137  loss_mask: 0.0971
2026/08/06 11:52:29 - mmengine - INFO - Epoch(train)  [67][60/68]  base_lr: 9.4661e-05 lr: 9.4661e-05  eta: 0:13:45  time: 0.3675  data_time: 0.1340  memory: 601  grad_norm: 11.0871  loss: 0.4086  loss_cls: 0.0973  loss_bbox: 0.2127  loss_mask: 0.0986
2026/08/06 11:52:32 - mmengine - INFO - Exp name: rtmdet_ins_busi_20260806_111712
2026/08/06 11:52:32 - mmengine - INFO - Saving checkpoint at 67 epochs
2026/08/06 11:52:34 - mmengine - INFO - Epoch(val)  [67][ 10/116]    eta: 0:00:03  time: 0.0316  data_time: 0.0058  memory: 601  
2026/08/06 11:52:35 - mmengine - INFO - Epoch(val)  [67][ 20/116]    eta: 0:00:03  time: 0.0315  data_time: 0.0059  memory: 107  
2026/08/06 11:52:35 - mmengine - INFO - Epoch(val)  [67][ 30/116]    eta: 0:00:02  time: 0.0311  data_time: 0.0055  memory: 120  
2026/08/06 11:52:35 - mmengine - INFO - Epoch(val)  [67][ 40/116]    eta: 0:00:02  time: 0.0310  data_time: 0.0055  memory: 113  
2026/08/06 11:52:35 - mmengine - INFO - Epoch(val)  [67][ 50/116]    eta: 0:00:02  time: 0.0312  data_time: 0.0056  memory: 135  
2026/08/06 11:52:36 - mmengine - INFO - Epoch(val)  [67][ 60/116]    eta: 0:00:01  time: 0.0318  data_time: 0.0057  memory: 120  
2026/08/06 11:52:36 - mmengine - INFO - Epoch(val)  [67][ 70/116]    eta: 0:00:01  time: 0.0321  data_time: 0.0057  memory: 116  
2026/08/06 11:52:36 - mmengine - INFO - Epoch(val)  [67][ 80/116]    eta: 0:00:01  time: 0.0327  data_time: 0.0057  memory: 115  
2026/08/06 11:52:37 - mmengine - INFO - Epoch(val)  [67][ 90/116]    eta: 0:00:00  time: 0.0336  data_time: 0.0060  memory: 126  
2026/08/06 11:52:37 - mmengine - INFO - Epoch(val)  [67][100/116]    eta: 0:00:00  time: 0.0334  data_time: 0.0059  memory: 140  
2026/08/06 11:52:37 - mmengine - INFO - Epoch(val)  [67][110/116]    eta: 0:00:00  time: 0.0330  data_time: 0.0058  memory: 110  
2026/08/06 11:52:38 - mmengine - INFO - Evaluating bbox...
2026/08/06 11:52:38 - mmengine - INFO - bbox_mAP_copypaste: 0.629 0.893 0.722 0.000 0.732 0.582
2026/08/06 11:52:38 - mmengine - INFO - Evaluating segm...
2026/08/06 11:52:38 - mmengine - INFO - segm_mAP_copypaste: 0.615 0.893 0.709 0.000 0.695 0.578
2026/08/06 11:52:38 - mmengine - INFO - Epoch(val) [67][116/116]    coco/bbox_mAP: 0.6290  coco/bbox_mAP_50: 0.8930  coco/bbox_mAP_75: 0.7220  coco/bbox_mAP_s: 0.0000  coco/bbox_mAP_m: 0.7320  coco/bbox_mAP_l: 0.5820  coco/segm_mAP: 0.6150  coco/segm_mAP_50: 0.8930  coco/segm_mAP_75: 0.7090  coco/segm_mAP_s: 0.0000  coco/segm_mAP_m: 0.6950  coco/segm_mAP_l: 0.5780  data_time: 0.0058  time: 0.0323
2026/08/06 11:52:41 - mmengine - INFO - Epoch(train)  [68][10/68]  base_lr: 9.3795e-05 lr: 9.3795e-05  eta: 0:13:38  time: 0.3596  data_time: 0.1282  memory: 600  grad_norm: 10.9445  loss: 0.4115  loss_cls: 0.1023  loss_bbox: 0.2124  loss_mask: 0.0969
2026/08/06 11:52:45 - mmengine - INFO - Epoch(train)  [68][20/68]  base_lr: 9.3311e-05 lr: 9.3311e-05  eta: 0:13:34  time: 0.3662  data_time: 0.1334  memory: 602  grad_norm: 10.7537  loss: 0.4063  loss_cls: 0.0962  loss_bbox: 0.2148  loss_mask: 0.0953
2026/08/06 11:52:49 - mmengine - INFO - Epoch(train)  [68][30/68]  base_lr: 9.2825e-05 lr: 9.2825e-05  eta: 0:13:31  time: 0.3639  data_time: 0.1313  memory: 601  grad_norm: 10.9460  loss: 0.4140  loss_cls: 0.0993  loss_bbox: 0.2177  loss_mask: 0.0971
2026/08/06 11:52:52 - mmengine - INFO - Epoch(train)  [68][40/68]  base_lr: 9.2336e-05 lr: 9.2336e-05  eta: 0:13:27  time: 0.3563  data_time: 0.1265  memory: 602  grad_norm: 11.1683  loss: 0.4203  loss_cls: 0.1039  loss_bbox: 0.2202  loss_mask: 0.0961
2026/08/06 11:52:56 - mmengine - INFO - Epoch(train)  [68][50/68]  base_lr: 9.1845e-05 lr: 9.1845e-05  eta: 0:13:23  time: 0.3639  data_time: 0.1319  memory: 601  grad_norm: 11.2265  loss: 0.4216  loss_cls: 0.1062  loss_bbox: 0.2211  loss_mask: 0.0943
2026/08/06 11:53:00 - mmengine - INFO - Epoch(train)  [68][60/68]  base_lr: 9.1352e-05 lr: 9.1352e-05  eta: 0:13:20  time: 0.3658  data_time: 0.1345  memory: 603  grad_norm: 11.0377  loss: 0.4201  loss_cls: 0.1031  loss_bbox: 0.2207  loss_mask: 0.0962
2026/08/06 11:53:03 - mmengine - INFO - Exp name: rtmdet_ins_busi_20260806_111712
2026/08/06 11:53:03 - mmengine - INFO - Saving checkpoint at 68 epochs
2026/08/06 11:53:05 - mmengine - INFO - Epoch(val)  [68][ 10/116]    eta: 0:00:03  time: 0.0326  data_time: 0.0062  memory: 601  
2026/08/06 11:53:05 - mmengine - INFO - Epoch(val)  [68][ 20/116]    eta: 0:00:02  time: 0.0316  data_time: 0.0062  memory: 113  
2026/08/06 11:53:06 - mmengine - INFO - Epoch(val)  [68][ 30/116]    eta: 0:00:02  time: 0.0309  data_time: 0.0057  memory: 122  
2026/08/06 11:53:06 - mmengine - INFO - Epoch(val)  [68][ 40/116]    eta: 0:00:02  time: 0.0305  data_time: 0.0053  memory: 113  
2026/08/06 11:53:06 - mmengine - INFO - Epoch(val)  [68][ 50/116]    eta: 0:00:01  time: 0.0300  data_time: 0.0054  memory: 135  
2026/08/06 11:53:06 - mmengine - INFO - Epoch(val)  [68][ 60/116]    eta: 0:00:01  time: 0.0297  data_time: 0.0051  memory: 125  
2026/08/06 11:53:07 - mmengine - INFO - Epoch(val)  [68][ 70/116]    eta: 0:00:01  time: 0.0303  data_time: 0.0054  memory: 104  
2026/08/06 11:53:07 - mmengine - INFO - Epoch(val)  [68][ 80/116]    eta: 0:00:01  time: 0.0314  data_time: 0.0059  memory: 119  
2026/08/06 11:53:07 - mmengine - INFO - Epoch(val)  [68][ 90/116]    eta: 0:00:00  time: 0.0320  data_time: 0.0063  memory: 126  
2026/08/06 11:53:08 - mmengine - INFO - Epoch(val)  [68][100/116]    eta: 0:00:00  time: 0.0318  data_time: 0.0060  memory: 121  
2026/08/06 11:53:08 - mmengine - INFO - Epoch(val)  [68][110/116]    eta: 0:00:00  time: 0.0319  data_time: 0.0060  memory: 117  
2026/08/06 11:53:08 - mmengine - INFO - Evaluating bbox...
2026/08/06 11:53:08 - mmengine - INFO - bbox_mAP_copypaste: 0.625 0.893 0.746 0.000 0.711 0.579
2026/08/06 11:53:08 - mmengine - INFO - Evaluating segm...
2026/08/06 11:53:08 - mmengine - INFO - segm_mAP_copypaste: 0.613 0.892 0.684 0.000 0.707 0.566
2026/08/06 11:53:08 - mmengine - INFO - Epoch(val) [68][116/116]    coco/bbox_mAP: 0.6250  coco/bbox_mAP_50: 0.8930  coco/bbox_mAP_75: 0.7460  coco/bbox_mAP_s: 0.0000  coco/bbox_mAP_m: 0.7110  coco/bbox_mAP_l: 0.5790  coco/segm_mAP: 0.6130  coco/segm_mAP_50: 0.8920  coco/segm_mAP_75: 0.6840  coco/segm_mAP_s: 0.0000  coco/segm_mAP_m: 0.7070  coco/segm_mAP_l: 0.5660  data_time: 0.0056  time: 0.0308
2026/08/06 11:53:12 - mmengine - INFO - Epoch(train)  [69][10/68]  base_lr: 9.0458e-05 lr: 9.0458e-05  eta: 0:13:13  time: 0.3666  data_time: 0.1363  memory: 602  grad_norm: 11.5126  loss: 0.4202  loss_cls: 0.1055  loss_bbox: 0.2203  loss_mask: 0.0945
2026/08/06 11:53:16 - mmengine - INFO - Epoch(train)  [69][20/68]  base_lr: 8.9959e-05 lr: 8.9959e-05  eta: 0:13:09  time: 0.3683  data_time: 0.1361  memory: 601  grad_norm: 11.4449  loss: 0.4149  loss_cls: 0.1018  loss_bbox: 0.2202  loss_mask: 0.0930
2026/08/06 11:53:19 - mmengine - INFO - Epoch(train)  [69][30/68]  base_lr: 8.9457e-05 lr: 8.9457e-05  eta: 0:13:06  time: 0.3650  data_time: 0.1324  memory: 601  grad_norm: 11.1330  loss: 0.4222  loss_cls: 0.0987  loss_bbox: 0.2252  loss_mask: 0.0983
2026/08/06 11:53:23 - mmengine - INFO - Epoch(train)  [69][40/68]  base_lr: 8.8954e-05 lr: 8.8954e-05  eta: 0:13:02  time: 0.3698  data_time: 0.1360  memory: 601  grad_norm: 11.3827  loss: 0.4195  loss_cls: 0.1015  loss_bbox: 0.2210  loss_mask: 0.0970
2026/08/06 11:53:27 - mmengine - INFO - Epoch(train)  [69][50/68]  base_lr: 8.8448e-05 lr: 8.8448e-05  eta: 0:12:58  time: 0.3657  data_time: 0.1317  memory: 603  grad_norm: 11.1586  loss: 0.4045  loss_cls: 0.0962  loss_bbox: 0.2113  loss_mask: 0.0970
2026/08/06 11:53:30 - mmengine - INFO - Epoch(train)  [69][60/68]  base_lr: 8.7941e-05 lr: 8.7941e-05  eta: 0:12:55  time: 0.3681  data_time: 0.1330  memory: 601  grad_norm: 11.2428  loss: 0.4116  loss_cls: 0.0976  loss_bbox: 0.2166  loss_mask: 0.0975
2026/08/06 11:53:33 - mmengine - INFO - Exp name: rtmdet_ins_busi_20260806_111712
2026/08/06 11:53:33 - mmengine - INFO - Saving checkpoint at 69 epochs
2026/08/06 11:53:35 - mmengine - INFO - Epoch(val)  [69][ 10/116]    eta: 0:00:03  time: 0.0311  data_time: 0.0054  memory: 599  
2026/08/06 11:53:36 - mmengine - INFO - Epoch(val)  [69][ 20/116]    eta: 0:00:02  time: 0.0306  data_time: 0.0053  memory: 107  
2026/08/06 11:53:36 - mmengine - INFO - Epoch(val)  [69][ 30/116]    eta: 0:00:02  time: 0.0305  data_time: 0.0051  memory: 122  
2026/08/06 11:53:36 - mmengine - INFO - Epoch(val)  [69][ 40/116]    eta: 0:00:02  time: 0.0302  data_time: 0.0048  memory: 109  
2026/08/06 11:53:37 - mmengine - INFO - Epoch(val)  [69][ 50/116]    eta: 0:00:01  time: 0.0302  data_time: 0.0049  memory: 142  
2026/08/06 11:53:37 - mmengine - INFO - Epoch(val)  [69][ 60/116]    eta: 0:00:01  time: 0.0306  data_time: 0.0055  memory: 129  
2026/08/06 11:53:37 - mmengine - INFO - Epoch(val)  [69][ 70/116]    eta: 0:00:01  time: 0.0305  data_time: 0.0056  memory: 107  
2026/08/06 11:53:38 - mmengine - INFO - Epoch(val)  [69][ 80/116]    eta: 0:00:01  time: 0.0307  data_time: 0.0059  memory: 108  
2026/08/06 11:53:38 - mmengine - INFO - Epoch(val)  [69][ 90/116]    eta: 0:00:00  time: 0.0313  data_time: 0.0064  memory: 133  
2026/08/06 11:53:38 - mmengine - INFO - Epoch(val)  [69][100/116]    eta: 0:00:00  time: 0.0321  data_time: 0.0065  memory: 135  
2026/08/06 11:53:39 - mmengine - INFO - Epoch(val)  [69][110/116]    eta: 0:00:00  time: 0.0315  data_time: 0.0059  memory: 111  
2026/08/06 11:53:39 - mmengine - INFO - Evaluating bbox...
2026/08/06 11:53:39 - mmengine - INFO - bbox_mAP_copypaste: 0.621 0.885 0.710 0.000 0.736 0.577
2026/08/06 11:53:39 - mmengine - INFO - Evaluating segm...
2026/08/06 11:53:39 - mmengine - INFO - segm_mAP_copypaste: 0.597 0.883 0.640 0.000 0.705 0.553
2026/08/06 11:53:39 - mmengine - INFO - Epoch(val) [69][116/116]    coco/bbox_mAP: 0.6210  coco/bbox_mAP_50: 0.8850  coco/bbox_mAP_75: 0.7100  coco/bbox_mAP_s: 0.0000  coco/bbox_mAP_m: 0.7360  coco/bbox_mAP_l: 0.5770  coco/segm_mAP: 0.5970  coco/segm_mAP_50: 0.8830  coco/segm_mAP_75: 0.6400  coco/segm_mAP_s: 0.0000  coco/segm_mAP_m: 0.7050  coco/segm_mAP_l: 0.5530  data_time: 0.0056  time: 0.0310
2026/08/06 11:53:43 - mmengine - INFO - Epoch(train)  [70][10/68]  base_lr: 8.7023e-05 lr: 8.7023e-05  eta: 0:12:48  time: 0.3705  data_time: 0.1373  memory: 601  grad_norm: 11.2600  loss: 0.4058  loss_cls: 0.0957  loss_bbox: 0.2147  loss_mask: 0.0955
2026/08/06 11:53:47 - mmengine - INFO - Epoch(train)  [70][20/68]  base_lr: 8.6510e-05 lr: 8.6510e-05  eta: 0:12:45  time: 0.3692  data_time: 0.1355  memory: 601  grad_norm: 11.0315  loss: 0.4075  loss_cls: 0.0904  loss_bbox: 0.2215  loss_mask: 0.0955
2026/08/06 11:53:50 - mmengine - INFO - Epoch(train)  [70][30/68]  base_lr: 8.5995e-05 lr: 8.5995e-05  eta: 0:12:41  time: 0.3716  data_time: 0.1371  memory: 603  grad_norm: 10.9865  loss: 0.4056  loss_cls: 0.0888  loss_bbox: 0.2225  loss_mask: 0.0943
2026/08/06 11:53:54 - mmengine - INFO - Epoch(train)  [70][40/68]  base_lr: 8.5479e-05 lr: 8.5479e-05  eta: 0:12:37  time: 0.3699  data_time: 0.1357  memory: 601  grad_norm: 11.1519  loss: 0.4079  loss_cls: 0.0917  loss_bbox: 0.2244  loss_mask: 0.0918
2026/08/06 11:53:58 - mmengine - INFO - Epoch(train)  [70][50/68]  base_lr: 8.4961e-05 lr: 8.4961e-05  eta: 0:12:34  time: 0.3743  data_time: 0.1378  memory: 601  grad_norm: 11.0849  loss: 0.4081  loss_cls: 0.0897  loss_bbox: 0.2234  loss_mask: 0.0950
2026/08/06 11:54:01 - mmengine - INFO - Epoch(train)  [70][60/68]  base_lr: 8.4442e-05 lr: 8.4442e-05  eta: 0:12:30  time: 0.3699  data_time: 0.1344  memory: 601  grad_norm: 11.2310  loss: 0.4064  loss_cls: 0.0887  loss_bbox: 0.2238  loss_mask: 0.0939
2026/08/06 11:54:04 - mmengine - INFO - Exp name: rtmdet_ins_busi_20260806_111712
2026/08/06 11:54:04 - mmengine - INFO - Saving checkpoint at 70 epochs
2026/08/06 11:54:06 - mmengine - INFO - Epoch(val)  [70][ 10/116]    eta: 0:00:03  time: 0.0315  data_time: 0.0057  memory: 599  
2026/08/06 11:54:07 - mmengine - INFO - Epoch(val)  [70][ 20/116]    eta: 0:00:02  time: 0.0311  data_time: 0.0053  memory: 110  
2026/08/06 11:54:07 - mmengine - INFO - Epoch(val)  [70][ 30/116]    eta: 0:00:02  time: 0.0300  data_time: 0.0050  memory: 117  
2026/08/06 11:54:07 - mmengine - INFO - Epoch(val)  [70][ 40/116]    eta: 0:00:02  time: 0.0295  data_time: 0.0049  memory: 107  
2026/08/06 11:54:08 - mmengine - INFO - Epoch(val)  [70][ 50/116]    eta: 0:00:01  time: 0.0300  data_time: 0.0051  memory: 142  
2026/08/06 11:54:08 - mmengine - INFO - Epoch(val)  [70][ 60/116]    eta: 0:00:01  time: 0.0306  data_time: 0.0055  memory: 133  
2026/08/06 11:54:08 - mmengine - INFO - Epoch(val)  [70][ 70/116]    eta: 0:00:01  time: 0.0315  data_time: 0.0058  memory: 103  
2026/08/06 11:54:09 - mmengine - INFO - Epoch(val)  [70][ 80/116]    eta: 0:00:01  time: 0.0318  data_time: 0.0059  memory: 112  
2026/08/06 11:54:09 - mmengine - INFO - Epoch(val)  [70][ 90/116]    eta: 0:00:00  time: 0.0330  data_time: 0.0063  memory: 133  
2026/08/06 11:54:09 - mmengine - INFO - Epoch(val)  [70][100/116]    eta: 0:00:00  time: 0.0329  data_time: 0.0061  memory: 130  
2026/08/06 11:54:10 - mmengine - INFO - Epoch(val)  [70][110/116]    eta: 0:00:00  time: 0.0326  data_time: 0.0061  memory: 109  
2026/08/06 11:54:10 - mmengine - INFO - Evaluating bbox...
2026/08/06 11:54:10 - mmengine - INFO - bbox_mAP_copypaste: 0.623 0.901 0.716 0.000 0.740 0.570
2026/08/06 11:54:10 - mmengine - INFO - Evaluating segm...
2026/08/06 11:54:10 - mmengine - INFO - segm_mAP_copypaste: 0.602 0.901 0.623 0.000 0.699 0.558
2026/08/06 11:54:10 - mmengine - INFO - Epoch(val) [70][116/116]    coco/bbox_mAP: 0.6230  coco/bbox_mAP_50: 0.9010  coco/bbox_mAP_75: 0.7160  coco/bbox_mAP_s: 0.0000  coco/bbox_mAP_m: 0.7400  coco/bbox_mAP_l: 0.5700  coco/segm_mAP: 0.6020  coco/segm_mAP_50: 0.9010  coco/segm_mAP_75: 0.6230  coco/segm_mAP_s: 0.0000  coco/segm_mAP_m: 0.6990  coco/segm_mAP_l: 0.5580  data_time: 0.0056  time: 0.0315
2026/08/06 11:54:14 - mmengine - INFO - Epoch(train)  [71][10/68]  base_lr: 8.3503e-05 lr: 8.3503e-05  eta: 0:12:23  time: 0.3618  data_time: 0.1311  memory: 600  grad_norm: 11.3903  loss: 0.4208  loss_cls: 0.0979  loss_bbox: 0.2266  loss_mask: 0.0963
2026/08/06 11:54:17 - mmengine - INFO - Epoch(train)  [71][20/68]  base_lr: 8.2979e-05 lr: 8.2979e-05  eta: 0:12:20  time: 0.3659  data_time: 0.1356  memory: 601  grad_norm: 11.3847  loss: 0.4295  loss_cls: 0.0986  loss_bbox: 0.2319  loss_mask: 0.0989
2026/08/06 11:54:21 - mmengine - INFO - Epoch(train)  [71][30/68]  base_lr: 8.2453e-05 lr: 8.2453e-05  eta: 0:12:16  time: 0.3644  data_time: 0.1356  memory: 600  grad_norm: 11.4139  loss: 0.4321  loss_cls: 0.1035  loss_bbox: 0.2293  loss_mask: 0.0993
2026/08/06 11:54:25 - mmengine - INFO - Epoch(train)  [71][40/68]  base_lr: 8.1927e-05 lr: 8.1927e-05  eta: 0:12:12  time: 0.3652  data_time: 0.1354  memory: 601  grad_norm: 11.3070  loss: 0.4290  loss_cls: 0.1047  loss_bbox: 0.2271  loss_mask: 0.0972
2026/08/06 11:54:28 - mmengine - INFO - Epoch(train)  [71][50/68]  base_lr: 8.1398e-05 lr: 8.1398e-05  eta: 0:12:09  time: 0.3671  data_time: 0.1351  memory: 602  grad_norm: 10.3304  loss: 0.4140  loss_cls: 0.0968  loss_bbox: 0.2203  loss_mask: 0.0970
2026/08/06 11:54:32 - mmengine - INFO - Epoch(train)  [71][60/68]  base_lr: 8.0869e-05 lr: 8.0869e-05  eta: 0:12:05  time: 0.3661  data_time: 0.1325  memory: 602  grad_norm: 10.5002  loss: 0.4075  loss_cls: 0.0973  loss_bbox: 0.2158  loss_mask: 0.0944
2026/08/06 11:54:35 - mmengine - INFO - Exp name: rtmdet_ins_busi_20260806_111712
2026/08/06 11:54:35 - mmengine - INFO - Saving checkpoint at 71 epochs
2026/08/06 11:54:37 - mmengine - INFO - Epoch(val)  [71][ 10/116]    eta: 0:00:03  time: 0.0322  data_time: 0.0060  memory: 601  
2026/08/06 11:54:37 - mmengine - INFO - Epoch(val)  [71][ 20/116]    eta: 0:00:02  time: 0.0314  data_time: 0.0060  memory: 112  
2026/08/06 11:54:37 - mmengine - INFO - Epoch(val)  [71][ 30/116]    eta: 0:00:02  time: 0.0305  data_time: 0.0057  memory: 112  
2026/08/06 11:54:38 - mmengine - INFO - Epoch(val)  [71][ 40/116]    eta: 0:00:02  time: 0.0298  data_time: 0.0054  memory: 109  
2026/08/06 11:54:38 - mmengine - INFO - Epoch(val)  [71][ 50/116]    eta: 0:00:01  time: 0.0294  data_time: 0.0055  memory: 147  
2026/08/06 11:54:38 - mmengine - INFO - Epoch(val)  [71][ 60/116]    eta: 0:00:01  time: 0.0300  data_time: 0.0054  memory: 125  
2026/08/06 11:54:39 - mmengine - INFO - Epoch(val)  [71][ 70/116]    eta: 0:00:01  time: 0.0304  data_time: 0.0053  memory: 110  
2026/08/06 11:54:39 - mmengine - INFO - Epoch(val)  [71][ 80/116]    eta: 0:00:01  time: 0.0311  data_time: 0.0051  memory: 118  
2026/08/06 11:54:39 - mmengine - INFO - Epoch(val)  [71][ 90/116]    eta: 0:00:00  time: 0.0318  data_time: 0.0053  memory: 139  
2026/08/06 11:54:40 - mmengine - INFO - Epoch(val)  [71][100/116]    eta: 0:00:00  time: 0.0321  data_time: 0.0051  memory: 140  
2026/08/06 11:54:40 - mmengine - INFO - Epoch(val)  [71][110/116]    eta: 0:00:00  time: 0.0315  data_time: 0.0051  memory: 114  
2026/08/06 11:54:40 - mmengine - INFO - Evaluating bbox...
2026/08/06 11:54:40 - mmengine - INFO - bbox_mAP_copypaste: 0.618 0.898 0.703 0.000 0.711 0.571
2026/08/06 11:54:40 - mmengine - INFO - Evaluating segm...
2026/08/06 11:54:40 - mmengine - INFO - segm_mAP_copypaste: 0.600 0.898 0.652 0.000 0.690 0.557
2026/08/06 11:54:40 - mmengine - INFO - Epoch(val) [71][116/116]    coco/bbox_mAP: 0.6180  coco/bbox_mAP_50: 0.8980  coco/bbox_mAP_75: 0.7030  coco/bbox_mAP_s: 0.0000  coco/bbox_mAP_m: 0.7110  coco/bbox_mAP_l: 0.5710  coco/segm_mAP: 0.6000  coco/segm_mAP_50: 0.8980  coco/segm_mAP_75: 0.6520  coco/segm_mAP_s: 0.0000  coco/segm_mAP_m: 0.6900  coco/segm_mAP_l: 0.5570  data_time: 0.0054  time: 0.0305
2026/08/06 11:54:44 - mmengine - INFO - Epoch(train)  [72][10/68]  base_lr: 7.9912e-05 lr: 7.9912e-05  eta: 0:11:58  time: 0.3612  data_time: 0.1295  memory: 602  grad_norm: 10.2398  loss: 0.3901  loss_cls: 0.0880  loss_bbox: 0.2079  loss_mask: 0.0942
2026/08/06 11:54:48 - mmengine - INFO - Epoch(train)  [72][20/68]  base_lr: 7.9379e-05 lr: 7.9379e-05  eta: 0:11:55  time: 0.3625  data_time: 0.1294  memory: 601  grad_norm: 9.8483  loss: 0.3929  loss_cls: 0.0894  loss_bbox: 0.2094  loss_mask: 0.0940
2026/08/06 11:54:51 - mmengine - INFO - Epoch(train)  [72][30/68]  base_lr: 7.8845e-05 lr: 7.8845e-05  eta: 0:11:51  time: 0.3656  data_time: 0.1316  memory: 601  grad_norm: 10.0775  loss: 0.3927  loss_cls: 0.0920  loss_bbox: 0.2078  loss_mask: 0.0929
2026/08/06 11:54:55 - mmengine - INFO - Epoch(train)  [72][40/68]  base_lr: 7.8309e-05 lr: 7.8309e-05  eta: 0:11:47  time: 0.3641  data_time: 0.1322  memory: 601  grad_norm: 9.9698  loss: 0.3876  loss_cls: 0.0913  loss_bbox: 0.2032  loss_mask: 0.0930
2026/08/06 11:54:59 - mmengine - INFO - Epoch(train)  [72][50/68]  base_lr: 7.7773e-05 lr: 7.7773e-05  eta: 0:11:44  time: 0.3693  data_time: 0.1339  memory: 601  grad_norm: 10.0324  loss: 0.3910  loss_cls: 0.0917  loss_bbox: 0.2057  loss_mask: 0.0937
2026/08/06 11:55:02 - mmengine - INFO - Epoch(train)  [72][60/68]  base_lr: 7.7235e-05 lr: 7.7235e-05  eta: 0:11:40  time: 0.3671  data_time: 0.1315  memory: 603  grad_norm: 10.1186  loss: 0.3932  loss_cls: 0.0904  loss_bbox: 0.2103  loss_mask: 0.0925
2026/08/06 11:55:05 - mmengine - INFO - Exp name: rtmdet_ins_busi_20260806_111712
2026/08/06 11:55:05 - mmengine - INFO - Saving checkpoint at 72 epochs
2026/08/06 11:55:07 - mmengine - INFO - Epoch(val)  [72][ 10/116]    eta: 0:00:03  time: 0.0313  data_time: 0.0058  memory: 603  
2026/08/06 11:55:08 - mmengine - INFO - Epoch(val)  [72][ 20/116]    eta: 0:00:02  time: 0.0309  data_time: 0.0060  memory: 107  
2026/08/06 11:55:08 - mmengine - INFO - Epoch(val)  [72][ 30/116]    eta: 0:00:02  time: 0.0301  data_time: 0.0058  memory: 115  
2026/08/06 11:55:08 - mmengine - INFO - Epoch(val)  [72][ 40/116]    eta: 0:00:02  time: 0.0298  data_time: 0.0055  memory: 109  
2026/08/06 11:55:09 - mmengine - INFO - Epoch(val)  [72][ 50/116]    eta: 0:00:01  time: 0.0302  data_time: 0.0055  memory: 135  
2026/08/06 11:55:09 - mmengine - INFO - Epoch(val)  [72][ 60/116]    eta: 0:00:01  time: 0.0303  data_time: 0.0057  memory: 125  
2026/08/06 11:55:09 - mmengine - INFO - Epoch(val)  [72][ 70/116]    eta: 0:00:01  time: 0.0302  data_time: 0.0056  memory: 104  
2026/08/06 11:55:10 - mmengine - INFO - Epoch(val)  [72][ 80/116]    eta: 0:00:01  time: 0.0309  data_time: 0.0058  memory: 112  
2026/08/06 11:55:10 - mmengine - INFO - Epoch(val)  [72][ 90/116]    eta: 0:00:00  time: 0.0314  data_time: 0.0062  memory: 139  
2026/08/06 11:55:10 - mmengine - INFO - Epoch(val)  [72][100/116]    eta: 0:00:00  time: 0.0315  data_time: 0.0060  memory: 121  
2026/08/06 11:55:10 - mmengine - INFO - Epoch(val)  [72][110/116]    eta: 0:00:00  time: 0.0310  data_time: 0.0058  memory: 102  
2026/08/06 11:55:11 - mmengine - INFO - Evaluating bbox...
2026/08/06 11:55:11 - mmengine - INFO - bbox_mAP_copypaste: 0.620 0.894 0.701 0.000 0.713 0.577
2026/08/06 11:55:11 - mmengine - INFO - Evaluating segm...
2026/08/06 11:55:11 - mmengine - INFO - segm_mAP_copypaste: 0.600 0.894 0.675 0.000 0.693 0.556
2026/08/06 11:55:11 - mmengine - INFO - Epoch(val) [72][116/116]    coco/bbox_mAP: 0.6200  coco/bbox_mAP_50: 0.8940  coco/bbox_mAP_75: 0.7010  coco/bbox_mAP_s: 0.0000  coco/bbox_mAP_m: 0.7130  coco/bbox_mAP_l: 0.5770  coco/segm_mAP: 0.6000  coco/segm_mAP_50: 0.8940  coco/segm_mAP_75: 0.6750  coco/segm_mAP_s: 0.0000  coco/segm_mAP_m: 0.6930  coco/segm_mAP_l: 0.5560  data_time: 0.0058  time: 0.0307
2026/08/06 11:55:15 - mmengine - INFO - Epoch(train)  [73][10/68]  base_lr: 7.6265e-05 lr: 7.6265e-05  eta: 0:11:34  time: 0.3696  data_time: 0.1341  memory: 603  grad_norm: 10.4538  loss: 0.3868  loss_cls: 0.0842  loss_bbox: 0.2117  loss_mask: 0.0909
2026/08/06 11:55:18 - mmengine - INFO - Epoch(train)  [73][20/68]  base_lr: 7.5725e-05 lr: 7.5725e-05  eta: 0:11:30  time: 0.3699  data_time: 0.1341  memory: 603  grad_norm: 10.2143  loss: 0.3829  loss_cls: 0.0852  loss_bbox: 0.2079  loss_mask: 0.0898
2026/08/06 11:55:22 - mmengine - INFO - Epoch(train)  [73][30/68]  base_lr: 7.5184e-05 lr: 7.5184e-05  eta: 0:11:26  time: 0.3702  data_time: 0.1351  memory: 601  grad_norm: 10.1386  loss: 0.3772  loss_cls: 0.0860  loss_bbox: 0.2030  loss_mask: 0.0882
2026/08/06 11:55:26 - mmengine - INFO - Epoch(train)  [73][40/68]  base_lr: 7.4642e-05 lr: 7.4642e-05  eta: 0:11:23  time: 0.3690  data_time: 0.1334  memory: 601  grad_norm: 10.1528  loss: 0.3893  loss_cls: 0.0941  loss_bbox: 0.2064  loss_mask: 0.0887
2026/08/06 11:55:29 - mmengine - INFO - Epoch(train)  [73][50/68]  base_lr: 7.4100e-05 lr: 7.4100e-05  eta: 0:11:19  time: 0.3706  data_time: 0.1330  memory: 601  grad_norm: 10.3879  loss: 0.3937  loss_cls: 0.0940  loss_bbox: 0.2084  loss_mask: 0.0914
2026/08/06 11:55:33 - mmengine - INFO - Epoch(train)  [73][60/68]  base_lr: 7.3556e-05 lr: 7.3556e-05  eta: 0:11:15  time: 0.3625  data_time: 0.1279  memory: 601  grad_norm: 10.9560  loss: 0.4035  loss_cls: 0.0960  loss_bbox: 0.2150  loss_mask: 0.0925
2026/08/06 11:55:36 - mmengine - INFO - Exp name: rtmdet_ins_busi_20260806_111712
2026/08/06 11:55:36 - mmengine - INFO - Saving checkpoint at 73 epochs
2026/08/06 11:55:38 - mmengine - INFO - Epoch(val)  [73][ 10/116]    eta: 0:00:03  time: 0.0312  data_time: 0.0061  memory: 602  
2026/08/06 11:55:38 - mmengine - INFO - Epoch(val)  [73][ 20/116]    eta: 0:00:02  time: 0.0304  data_time: 0.0058  memory: 110  
2026/08/06 11:55:39 - mmengine - INFO - Epoch(val)  [73][ 30/116]    eta: 0:00:02  time: 0.0298  data_time: 0.0056  memory: 122  
2026/08/06 11:55:39 - mmengine - INFO - Epoch(val)  [73][ 40/116]    eta: 0:00:02  time: 0.0296  data_time: 0.0053  memory: 104  
2026/08/06 11:55:39 - mmengine - INFO - Epoch(val)  [73][ 50/116]    eta: 0:00:01  time: 0.0298  data_time: 0.0055  memory: 130  
2026/08/06 11:55:40 - mmengine - INFO - Epoch(val)  [73][ 60/116]    eta: 0:00:01  time: 0.0298  data_time: 0.0057  memory: 125  
2026/08/06 11:55:40 - mmengine - INFO - Epoch(val)  [73][ 70/116]    eta: 0:00:01  time: 0.0301  data_time: 0.0059  memory: 107  
2026/08/06 11:55:40 - mmengine - INFO - Epoch(val)  [73][ 80/116]    eta: 0:00:01  time: 0.0305  data_time: 0.0061  memory: 115  
2026/08/06 11:55:41 - mmengine - INFO - Epoch(val)  [73][ 90/116]    eta: 0:00:00  time: 0.0312  data_time: 0.0063  memory: 139  
2026/08/06 11:55:41 - mmengine - INFO - Epoch(val)  [73][100/116]    eta: 0:00:00  time: 0.0313  data_time: 0.0059  memory: 126  
2026/08/06 11:55:41 - mmengine - INFO - Epoch(val)  [73][110/116]    eta: 0:00:00  time: 0.0311  data_time: 0.0053  memory: 103  
2026/08/06 11:55:41 - mmengine - INFO - Evaluating bbox...
2026/08/06 11:55:41 - mmengine - INFO - bbox_mAP_copypaste: 0.619 0.899 0.722 0.000 0.716 0.569
2026/08/06 11:55:41 - mmengine - INFO - Evaluating segm...
2026/08/06 11:55:42 - mmengine - INFO - segm_mAP_copypaste: 0.602 0.894 0.666 0.000 0.694 0.558
2026/08/06 11:55:42 - mmengine - INFO - Epoch(val) [73][116/116]    coco/bbox_mAP: 0.6190  coco/bbox_mAP_50: 0.8990  coco/bbox_mAP_75: 0.7220  coco/bbox_mAP_s: 0.0000  coco/bbox_mAP_m: 0.7160  coco/bbox_mAP_l: 0.5690  coco/segm_mAP: 0.6020  coco/segm_mAP_50: 0.8940  coco/segm_mAP_75: 0.6660  coco/segm_mAP_s: 0.0000  coco/segm_mAP_m: 0.6940  coco/segm_mAP_l: 0.5580  data_time: 0.0055  time: 0.0305
2026/08/06 11:55:45 - mmengine - INFO - Epoch(train)  [74][10/68]  base_lr: 7.2577e-05 lr: 7.2577e-05  eta: 0:11:09  time: 0.3637  data_time: 0.1297  memory: 601  grad_norm: 11.5980  loss: 0.4098  loss_cls: 0.0908  loss_bbox: 0.2251  loss_mask: 0.0938
2026/08/06 11:55:49 - mmengine - INFO - Epoch(train)  [74][20/68]  base_lr: 7.2031e-05 lr: 7.2031e-05  eta: 0:11:05  time: 0.3645  data_time: 0.1321  memory: 600  grad_norm: 11.6941  loss: 0.3973  loss_cls: 0.0832  loss_bbox: 0.2209  loss_mask: 0.0933
2026/08/06 11:55:52 - mmengine - INFO - Epoch(train)  [74][30/68]  base_lr: 7.1486e-05 lr: 7.1486e-05  eta: 0:11:01  time: 0.3644  data_time: 0.1316  memory: 601  grad_norm: 11.6551  loss: 0.3977  loss_cls: 0.0822  loss_bbox: 0.2210  loss_mask: 0.0944
2026/08/06 11:55:55 - mmengine - INFO - Exp name: rtmdet_ins_busi_20260806_111712
2026/08/06 11:55:57 - mmengine - INFO - Epoch(train)  [74][40/68]  base_lr: 7.0940e-05 lr: 7.0940e-05  eta: 0:10:58  time: 0.3744  data_time: 0.1400  memory: 602  grad_norm: 11.1066  loss: 0.3918  loss_cls: 0.0830  loss_bbox: 0.2146  loss_mask: 0.0942
2026/08/06 11:56:00 - mmengine - INFO - Epoch(train)  [74][50/68]  base_lr: 7.0393e-05 lr: 7.0393e-05  eta: 0:10:54  time: 0.3786  data_time: 0.1442  memory: 601  grad_norm: 10.8405  loss: 0.3918  loss_cls: 0.0846  loss_bbox: 0.2116  loss_mask: 0.0956
2026/08/06 11:56:04 - mmengine - INFO - Epoch(train)  [74][60/68]  base_lr: 6.9846e-05 lr: 6.9846e-05  eta: 0:10:50  time: 0.3772  data_time: 0.1426  memory: 602  grad_norm: 10.8022  loss: 0.3961  loss_cls: 0.0899  loss_bbox: 0.2120  loss_mask: 0.0942
2026/08/06 11:56:07 - mmengine - INFO - Exp name: rtmdet_ins_busi_20260806_111712
2026/08/06 11:56:07 - mmengine - INFO - Saving checkpoint at 74 epochs
2026/08/06 11:56:09 - mmengine - INFO - Epoch(val)  [74][ 10/116]    eta: 0:00:03  time: 0.0317  data_time: 0.0055  memory: 601  
2026/08/06 11:56:09 - mmengine - INFO - Epoch(val)  [74][ 20/116]    eta: 0:00:02  time: 0.0313  data_time: 0.0054  memory: 108  
2026/08/06 11:56:10 - mmengine - INFO - Epoch(val)  [74][ 30/116]    eta: 0:00:02  time: 0.0304  data_time: 0.0050  memory: 115  
2026/08/06 11:56:10 - mmengine - INFO - Epoch(val)  [74][ 40/116]    eta: 0:00:02  time: 0.0302  data_time: 0.0050  memory: 109  
2026/08/06 11:56:10 - mmengine - INFO - Epoch(val)  [74][ 50/116]    eta: 0:00:01  time: 0.0303  data_time: 0.0053  memory: 130  
2026/08/06 11:56:10 - mmengine - INFO - Epoch(val)  [74][ 60/116]    eta: 0:00:01  time: 0.0296  data_time: 0.0054  memory: 120  
2026/08/06 11:56:11 - mmengine - INFO - Epoch(val)  [74][ 70/116]    eta: 0:00:01  time: 0.0298  data_time: 0.0055  memory: 103  
2026/08/06 11:56:11 - mmengine - INFO - Epoch(val)  [74][ 80/116]    eta: 0:00:01  time: 0.0303  data_time: 0.0055  memory: 118  
2026/08/06 11:56:11 - mmengine - INFO - Epoch(val)  [74][ 90/116]    eta: 0:00:00  time: 0.0309  data_time: 0.0059  memory: 139  
2026/08/06 11:56:12 - mmengine - INFO - Epoch(val)  [74][100/116]    eta: 0:00:00  time: 0.0306  data_time: 0.0058  memory: 126  
2026/08/06 11:56:12 - mmengine - INFO - Epoch(val)  [74][110/116]    eta: 0:00:00  time: 0.0306  data_time: 0.0054  memory: 103  
2026/08/06 11:56:12 - mmengine - INFO - Evaluating bbox...
2026/08/06 11:56:12 - mmengine - INFO - bbox_mAP_copypaste: 0.622 0.900 0.703 0.000 0.723 0.574
2026/08/06 11:56:12 - mmengine - INFO - Evaluating segm...
2026/08/06 11:56:12 - mmengine - INFO - segm_mAP_copypaste: 0.604 0.900 0.666 0.000 0.699 0.559
2026/08/06 11:56:12 - mmengine - INFO - Epoch(val) [74][116/116]    coco/bbox_mAP: 0.6220  coco/bbox_mAP_50: 0.9000  coco/bbox_mAP_75: 0.7030  coco/bbox_mAP_s: 0.0000  coco/bbox_mAP_m: 0.7230  coco/bbox_mAP_l: 0.5740  coco/segm_mAP: 0.6040  coco/segm_mAP_50: 0.9000  coco/segm_mAP_75: 0.6660  coco/segm_mAP_s: 0.0000  coco/segm_mAP_m: 0.6990  coco/segm_mAP_l: 0.5590  data_time: 0.0055  time: 0.0305
2026/08/06 11:56:16 - mmengine - INFO - Epoch(train)  [75][10/68]  base_lr: 6.8860e-05 lr: 6.8860e-05  eta: 0:10:44  time: 0.3735  data_time: 0.1388  memory: 601  grad_norm: 10.6603  loss: 0.3895  loss_cls: 0.0895  loss_bbox: 0.2057  loss_mask: 0.0943
2026/08/06 11:56:20 - mmengine - INFO - Epoch(train)  [75][20/68]  base_lr: 6.8312e-05 lr: 6.8312e-05  eta: 0:10:40  time: 0.3708  data_time: 0.1356  memory: 601  grad_norm: 10.8524  loss: 0.3914  loss_cls: 0.0882  loss_bbox: 0.2102  loss_mask: 0.0930
2026/08/06 11:56:24 - mmengine - INFO - Epoch(train)  [75][30/68]  base_lr: 6.7764e-05 lr: 6.7764e-05  eta: 0:10:36  time: 0.3631  data_time: 0.1285  memory: 601  grad_norm: 10.8685  loss: 0.3840  loss_cls: 0.0882  loss_bbox: 0.2069  loss_mask: 0.0888
2026/08/06 11:56:27 - mmengine - INFO - Epoch(train)  [75][40/68]  base_lr: 6.7216e-05 lr: 6.7216e-05  eta: 0:10:33  time: 0.3669  data_time: 0.1309  memory: 601  grad_norm: 10.6435  loss: 0.3926  loss_cls: 0.0873  loss_bbox: 0.2118  loss_mask: 0.0935
2026/08/06 11:56:31 - mmengine - INFO - Epoch(train)  [75][50/68]  base_lr: 6.6667e-05 lr: 6.6667e-05  eta: 0:10:29  time: 0.3771  data_time: 0.1407  memory: 601  grad_norm: 10.7743  loss: 0.3965  loss_cls: 0.0886  loss_bbox: 0.2154  loss_mask: 0.0924
2026/08/06 11:56:35 - mmengine - INFO - Epoch(train)  [75][60/68]  base_lr: 6.6119e-05 lr: 6.6119e-05  eta: 0:10:26  time: 0.3729  data_time: 0.1371  memory: 602  grad_norm: 10.7875  loss: 0.3876  loss_cls: 0.0860  loss_bbox: 0.2121  loss_mask: 0.0895
2026/08/06 11:56:38 - mmengine - INFO - Exp name: rtmdet_ins_busi_20260806_111712
2026/08/06 11:56:38 - mmengine - INFO - Saving checkpoint at 75 epochs
2026/08/06 11:56:40 - mmengine - INFO - Epoch(val)  [75][ 10/116]    eta: 0:00:03  time: 0.0314  data_time: 0.0057  memory: 603  
2026/08/06 11:56:40 - mmengine - INFO - Epoch(val)  [75][ 20/116]    eta: 0:00:03  time: 0.0315  data_time: 0.0057  memory: 108  
2026/08/06 11:56:40 - mmengine - INFO - Epoch(val)  [75][ 30/116]    eta: 0:00:02  time: 0.0312  data_time: 0.0056  memory: 112  
2026/08/06 11:56:41 - mmengine - INFO - Epoch(val)  [75][ 40/116]    eta: 0:00:02  time: 0.0312  data_time: 0.0058  memory: 107  
2026/08/06 11:56:41 - mmengine - INFO - Epoch(val)  [75][ 50/116]    eta: 0:00:02  time: 0.0313  data_time: 0.0060  memory: 135  
2026/08/06 11:56:41 - mmengine - INFO - Epoch(val)  [75][ 60/116]    eta: 0:00:01  time: 0.0313  data_time: 0.0060  memory: 125  
2026/08/06 11:56:42 - mmengine - INFO - Epoch(val)  [75][ 70/116]    eta: 0:00:01  time: 0.0306  data_time: 0.0057  memory: 103  
2026/08/06 11:56:42 - mmengine - INFO - Epoch(val)  [75][ 80/116]    eta: 0:00:01  time: 0.0306  data_time: 0.0057  memory: 115  
2026/08/06 11:56:42 - mmengine - INFO - Epoch(val)  [75][ 90/116]    eta: 0:00:00  time: 0.0310  data_time: 0.0058  memory: 133  
2026/08/06 11:56:43 - mmengine - INFO - Epoch(val)  [75][100/116]    eta: 0:00:00  time: 0.0307  data_time: 0.0054  memory: 126  
2026/08/06 11:56:43 - mmengine - INFO - Epoch(val)  [75][110/116]    eta: 0:00:00  time: 0.0299  data_time: 0.0054  memory: 103  
2026/08/06 11:56:43 - mmengine - INFO - Evaluating bbox...
2026/08/06 11:56:43 - mmengine - INFO - bbox_mAP_copypaste: 0.624 0.899 0.706 0.000 0.723 0.573
2026/08/06 11:56:43 - mmengine - INFO - Evaluating segm...
2026/08/06 11:56:43 - mmengine - INFO - segm_mAP_copypaste: 0.608 0.893 0.675 0.000 0.702 0.561
2026/08/06 11:56:43 - mmengine - INFO - Epoch(val) [75][116/116]    coco/bbox_mAP: 0.6240  coco/bbox_mAP_50: 0.8990  coco/bbox_mAP_75: 0.7060  coco/bbox_mAP_s: 0.0000  coco/bbox_mAP_m: 0.7230  coco/bbox_mAP_l: 0.5730  coco/segm_mAP: 0.6080  coco/segm_mAP_50: 0.8930  coco/segm_mAP_75: 0.6750  coco/segm_mAP_s: 0.0000  coco/segm_mAP_m: 0.7020  coco/segm_mAP_l: 0.5610  data_time: 0.0058  time: 0.0307
2026/08/06 11:56:47 - mmengine - INFO - Epoch(train)  [76][10/68]  base_lr: 6.5131e-05 lr: 6.5131e-05  eta: 0:10:19  time: 0.3715  data_time: 0.1370  memory: 604  grad_norm: 10.7560  loss: 0.3842  loss_cls: 0.0853  loss_bbox: 0.2090  loss_mask: 0.0900
2026/08/06 11:56:51 - mmengine - INFO - Epoch(train)  [76][20/68]  base_lr: 6.4583e-05 lr: 6.4583e-05  eta: 0:10:15  time: 0.3658  data_time: 0.1328  memory: 602  grad_norm: 10.7729  loss: 0.3828  loss_cls: 0.0864  loss_bbox: 0.2075  loss_mask: 0.0889
2026/08/06 11:56:54 - mmengine - INFO - Epoch(train)  [76][30/68]  base_lr: 6.4034e-05 lr: 6.4034e-05  eta: 0:10:12  time: 0.3662  data_time: 0.1317  memory: 601  grad_norm: 10.4856  loss: 0.3717  loss_cls: 0.0817  loss_bbox: 0.2030  loss_mask: 0.0870
2026/08/06 11:56:58 - mmengine - INFO - Epoch(train)  [76][40/68]  base_lr: 6.3486e-05 lr: 6.3486e-05  eta: 0:10:08  time: 0.3711  data_time: 0.1360  memory: 601  grad_norm: 10.5857  loss: 0.3776  loss_cls: 0.0869  loss_bbox: 0.2042  loss_mask: 0.0865
2026/08/06 11:57:02 - mmengine - INFO - Epoch(train)  [76][50/68]  base_lr: 6.2938e-05 lr: 6.2938e-05  eta: 0:10:04  time: 0.3745  data_time: 0.1373  memory: 605  grad_norm: 10.3826  loss: 0.3765  loss_cls: 0.0831  loss_bbox: 0.2049  loss_mask: 0.0886
2026/08/06 11:57:06 - mmengine - INFO - Epoch(train)  [76][60/68]  base_lr: 6.2390e-05 lr: 6.2390e-05  eta: 0:10:01  time: 0.3705  data_time: 0.1344  memory: 601  grad_norm: 10.3140  loss: 0.3815  loss_cls: 0.0837  loss_bbox: 0.2081  loss_mask: 0.0897
2026/08/06 11:57:08 - mmengine - INFO - Exp name: rtmdet_ins_busi_20260806_111712
2026/08/06 11:57:08 - mmengine - INFO - Saving checkpoint at 76 epochs
2026/08/06 11:57:11 - mmengine - INFO - Epoch(val)  [76][ 10/116]    eta: 0:00:03  time: 0.0303  data_time: 0.0059  memory: 599  
2026/08/06 11:57:11 - mmengine - INFO - Epoch(val)  [76][ 20/116]    eta: 0:00:02  time: 0.0301  data_time: 0.0057  memory: 108  
2026/08/06 11:57:11 - mmengine - INFO - Epoch(val)  [76][ 30/116]    eta: 0:00:02  time: 0.0294  data_time: 0.0055  memory: 112  
2026/08/06 11:57:12 - mmengine - INFO - Epoch(val)  [76][ 40/116]    eta: 0:00:02  time: 0.0299  data_time: 0.0052  memory: 108  
2026/08/06 11:57:12 - mmengine - INFO - Epoch(val)  [76][ 50/116]    eta: 0:00:02  time: 0.0304  data_time: 0.0053  memory: 135  
2026/08/06 11:57:12 - mmengine - INFO - Epoch(val)  [76][ 60/116]    eta: 0:00:01  time: 0.0305  data_time: 0.0056  memory: 125  
2026/08/06 11:57:12 - mmengine - INFO - Epoch(val)  [76][ 70/116]    eta: 0:00:01  time: 0.0305  data_time: 0.0057  memory: 103  
2026/08/06 11:57:13 - mmengine - INFO - Epoch(val)  [76][ 80/116]    eta: 0:00:01  time: 0.0308  data_time: 0.0059  memory: 112  
2026/08/06 11:57:13 - mmengine - INFO - Epoch(val)  [76][ 90/116]    eta: 0:00:00  time: 0.0309  data_time: 0.0063  memory: 145  
2026/08/06 11:57:13 - mmengine - INFO - Epoch(val)  [76][100/116]    eta: 0:00:00  time: 0.0306  data_time: 0.0062  memory: 130  
2026/08/06 11:57:14 - mmengine - INFO - Epoch(val)  [76][110/116]    eta: 0:00:00  time: 0.0303  data_time: 0.0060  memory: 104  
2026/08/06 11:57:14 - mmengine - INFO - Evaluating bbox...
2026/08/06 11:57:14 - mmengine - INFO - bbox_mAP_copypaste: 0.616 0.891 0.719 0.000 0.710 0.579
2026/08/06 11:57:14 - mmengine - INFO - Evaluating segm...
2026/08/06 11:57:14 - mmengine - INFO - segm_mAP_copypaste: 0.603 0.891 0.681 0.000 0.694 0.565
2026/08/06 11:57:14 - mmengine - INFO - Epoch(val) [76][116/116]    coco/bbox_mAP: 0.6160  coco/bbox_mAP_50: 0.8910  coco/bbox_mAP_75: 0.7190  coco/bbox_mAP_s: 0.0000  coco/bbox_mAP_m: 0.7100  coco/bbox_mAP_l: 0.5790  coco/segm_mAP: 0.6030  coco/segm_mAP_50: 0.8910  coco/segm_mAP_75: 0.6810  coco/segm_mAP_s: 0.0000  coco/segm_mAP_m: 0.6940  coco/segm_mAP_l: 0.5650  data_time: 0.0058  time: 0.0305
2026/08/06 11:57:18 - mmengine - INFO - Epoch(train)  [77][10/68]  base_lr: 6.1404e-05 lr: 6.1404e-05  eta: 0:09:54  time: 0.3684  data_time: 0.1339  memory: 602  grad_norm: 10.7830  loss: 0.3798  loss_cls: 0.0906  loss_bbox: 0.2011  loss_mask: 0.0881
2026/08/06 11:57:21 - mmengine - INFO - Epoch(train)  [77][20/68]  base_lr: 6.0857e-05 lr: 6.0857e-05  eta: 0:09:50  time: 0.3669  data_time: 0.1341  memory: 600  grad_norm: 10.8511  loss: 0.3815  loss_cls: 0.0884  loss_bbox: 0.2023  loss_mask: 0.0908
2026/08/06 11:57:25 - mmengine - INFO - Epoch(train)  [77][30/68]  base_lr: 6.0310e-05 lr: 6.0310e-05  eta: 0:09:47  time: 0.3638  data_time: 0.1318  memory: 601  grad_norm: 10.6056  loss: 0.3825  loss_cls: 0.0910  loss_bbox: 0.2016  loss_mask: 0.0899
2026/08/06 11:57:29 - mmengine - INFO - Epoch(train)  [77][40/68]  base_lr: 5.9764e-05 lr: 5.9764e-05  eta: 0:09:43  time: 0.3638  data_time: 0.1310  memory: 603  grad_norm: 10.7219  loss: 0.3807  loss_cls: 0.0919  loss_bbox: 0.1993  loss_mask: 0.0895
2026/08/06 11:57:33 - mmengine - INFO - Epoch(train)  [77][50/68]  base_lr: 5.9219e-05 lr: 5.9219e-05  eta: 0:09:39  time: 0.3703  data_time: 0.1368  memory: 602  grad_norm: 10.1415  loss: 0.3675  loss_cls: 0.0862  loss_bbox: 0.1930  loss_mask: 0.0882
2026/08/06 11:57:36 - mmengine - INFO - Epoch(train)  [77][60/68]  base_lr: 5.8673e-05 lr: 5.8673e-05  eta: 0:09:36  time: 0.3666  data_time: 0.1344  memory: 602  grad_norm: 10.2926  loss: 0.3818  loss_cls: 0.0901  loss_bbox: 0.2026  loss_mask: 0.0890
2026/08/06 11:57:39 - mmengine - INFO - Exp name: rtmdet_ins_busi_20260806_111712
2026/08/06 11:57:39 - mmengine - INFO - Saving checkpoint at 77 epochs
2026/08/06 11:57:41 - mmengine - INFO - Epoch(val)  [77][ 10/116]    eta: 0:00:03  time: 0.0309  data_time: 0.0062  memory: 600  
2026/08/06 11:57:41 - mmengine - INFO - Epoch(val)  [77][ 20/116]    eta: 0:00:02  time: 0.0307  data_time: 0.0060  memory: 108  
2026/08/06 11:57:42 - mmengine - INFO - Epoch(val)  [77][ 30/116]    eta: 0:00:02  time: 0.0303  data_time: 0.0057  memory: 120  
2026/08/06 11:57:42 - mmengine - INFO - Epoch(val)  [77][ 40/116]    eta: 0:00:02  time: 0.0299  data_time: 0.0054  memory: 109  
2026/08/06 11:57:42 - mmengine - INFO - Epoch(val)  [77][ 50/116]    eta: 0:00:01  time: 0.0299  data_time: 0.0054  memory: 135  
2026/08/06 11:57:43 - mmengine - INFO - Epoch(val)  [77][ 60/116]    eta: 0:00:01  time: 0.0305  data_time: 0.0057  memory: 125  
2026/08/06 11:57:43 - mmengine - INFO - Epoch(val)  [77][ 70/116]    eta: 0:00:01  time: 0.0302  data_time: 0.0059  memory: 104  
2026/08/06 11:57:43 - mmengine - INFO - Epoch(val)  [77][ 80/116]    eta: 0:00:01  time: 0.0302  data_time: 0.0060  memory: 118  
2026/08/06 11:57:44 - mmengine - INFO - Epoch(val)  [77][ 90/116]    eta: 0:00:00  time: 0.0309  data_time: 0.0062  memory: 151  
2026/08/06 11:57:44 - mmengine - INFO - Epoch(val)  [77][100/116]    eta: 0:00:00  time: 0.0309  data_time: 0.0059  memory: 126  
2026/08/06 11:57:44 - mmengine - INFO - Epoch(val)  [77][110/116]    eta: 0:00:00  time: 0.0299  data_time: 0.0058  memory: 103  
2026/08/06 11:57:44 - mmengine - INFO - Evaluating bbox...
2026/08/06 11:57:44 - mmengine - INFO - bbox_mAP_copypaste: 0.617 0.893 0.726 0.000 0.711 0.570
2026/08/06 11:57:44 - mmengine - INFO - Evaluating segm...
2026/08/06 11:57:44 - mmengine - INFO - segm_mAP_copypaste: 0.607 0.893 0.687 0.000 0.690 0.570
2026/08/06 11:57:44 - mmengine - INFO - Epoch(val) [77][116/116]    coco/bbox_mAP: 0.6170  coco/bbox_mAP_50: 0.8930  coco/bbox_mAP_75: 0.7260  coco/bbox_mAP_s: 0.0000  coco/bbox_mAP_m: 0.7110  coco/bbox_mAP_l: 0.5700  coco/segm_mAP: 0.6070  coco/segm_mAP_50: 0.8930  coco/segm_mAP_75: 0.6870  coco/segm_mAP_s: 0.0000  coco/segm_mAP_m: 0.6900  coco/segm_mAP_l: 0.5700  data_time: 0.0057  time: 0.0302
2026/08/06 11:57:48 - mmengine - INFO - Epoch(train)  [78][10/68]  base_lr: 5.7694e-05 lr: 5.7694e-05  eta: 0:09:29  time: 0.3673  data_time: 0.1356  memory: 602  grad_norm: 10.5423  loss: 0.3736  loss_cls: 0.0906  loss_bbox: 0.1966  loss_mask: 0.0863
2026/08/06 11:57:52 - mmengine - INFO - Epoch(train)  [78][20/68]  base_lr: 5.7150e-05 lr: 5.7150e-05  eta: 0:09:25  time: 0.3681  data_time: 0.1369  memory: 601  grad_norm: 10.7582  loss: 0.3794  loss_cls: 0.0934  loss_bbox: 0.1985  loss_mask: 0.0874
2026/08/06 11:57:56 - mmengine - INFO - Epoch(train)  [78][30/68]  base_lr: 5.6608e-05 lr: 5.6608e-05  eta: 0:09:22  time: 0.3684  data_time: 0.1379  memory: 603  grad_norm: 10.8392  loss: 0.3844  loss_cls: 0.0925  loss_bbox: 0.2021  loss_mask: 0.0898
2026/08/06 11:58:00 - mmengine - INFO - Epoch(train)  [78][40/68]  base_lr: 5.6066e-05 lr: 5.6066e-05  eta: 0:09:18  time: 0.3707  data_time: 0.1393  memory: 602  grad_norm: 11.1706  loss: 0.3959  loss_cls: 0.0963  loss_bbox: 0.2074  loss_mask: 0.0922
2026/08/06 11:58:03 - mmengine - INFO - Epoch(train)  [78][50/68]  base_lr: 5.5525e-05 lr: 5.5525e-05  eta: 0:09:15  time: 0.3755  data_time: 0.1432  memory: 601  grad_norm: 10.8019  loss: 0.3955  loss_cls: 0.0951  loss_bbox: 0.2078  loss_mask: 0.0926
2026/08/06 11:58:07 - mmengine - INFO - Epoch(train)  [78][60/68]  base_lr: 5.4985e-05 lr: 5.4985e-05  eta: 0:09:11  time: 0.3712  data_time: 0.1381  memory: 601  grad_norm: 10.7527  loss: 0.3964  loss_cls: 0.0916  loss_bbox: 0.2118  loss_mask: 0.0930
2026/08/06 11:58:10 - mmengine - INFO - Exp name: rtmdet_ins_busi_20260806_111712
2026/08/06 11:58:10 - mmengine - INFO - Saving checkpoint at 78 epochs
2026/08/06 11:58:12 - mmengine - INFO - Epoch(val)  [78][ 10/116]    eta: 0:00:03  time: 0.0304  data_time: 0.0058  memory: 602  
2026/08/06 11:58:12 - mmengine - INFO - Epoch(val)  [78][ 20/116]    eta: 0:00:02  time: 0.0302  data_time: 0.0057  memory: 108  
2026/08/06 11:58:12 - mmengine - INFO - Epoch(val)  [78][ 30/116]    eta: 0:00:02  time: 0.0296  data_time: 0.0056  memory: 110  
2026/08/06 11:58:13 - mmengine - INFO - Epoch(val)  [78][ 40/116]    eta: 0:00:02  time: 0.0295  data_time: 0.0053  memory: 107  
2026/08/06 11:58:13 - mmengine - INFO - Epoch(val)  [78][ 50/116]    eta: 0:00:01  time: 0.0299  data_time: 0.0056  memory: 135  
2026/08/06 11:58:13 - mmengine - INFO - Epoch(val)  [78][ 60/116]    eta: 0:00:01  time: 0.0299  data_time: 0.0059  memory: 116  
2026/08/06 11:58:14 - mmengine - INFO - Epoch(val)  [78][ 70/116]    eta: 0:00:01  time: 0.0299  data_time: 0.0058  memory: 103  
2026/08/06 11:58:14 - mmengine - INFO - Epoch(val)  [78][ 80/116]    eta: 0:00:01  time: 0.0305  data_time: 0.0059  memory: 115  
2026/08/06 11:58:14 - mmengine - INFO - Epoch(val)  [78][ 90/116]    eta: 0:00:00  time: 0.0314  data_time: 0.0064  memory: 126  
2026/08/06 11:58:15 - mmengine - INFO - Epoch(val)  [78][100/116]    eta: 0:00:00  time: 0.0312  data_time: 0.0061  memory: 130  
2026/08/06 11:58:15 - mmengine - INFO - Epoch(val)  [78][110/116]    eta: 0:00:00  time: 0.0308  data_time: 0.0057  memory: 102  
2026/08/06 11:58:15 - mmengine - INFO - Evaluating bbox...
2026/08/06 11:58:15 - mmengine - INFO - bbox_mAP_copypaste: 0.612 0.888 0.736 0.000 0.703 0.566
2026/08/06 11:58:15 - mmengine - INFO - Evaluating segm...
2026/08/06 11:58:15 - mmengine - INFO - segm_mAP_copypaste: 0.603 0.888 0.678 0.000 0.689 0.559
2026/08/06 11:58:15 - mmengine - INFO - Epoch(val) [78][116/116]    coco/bbox_mAP: 0.6120  coco/bbox_mAP_50: 0.8880  coco/bbox_mAP_75: 0.7360  coco/bbox_mAP_s: 0.0000  coco/bbox_mAP_m: 0.7030  coco/bbox_mAP_l: 0.5660  coco/segm_mAP: 0.6030  coco/segm_mAP_50: 0.8880  coco/segm_mAP_75: 0.6780  coco/segm_mAP_s: 0.0000  coco/segm_mAP_m: 0.6890  coco/segm_mAP_l: 0.5590  data_time: 0.0058  time: 0.0302
2026/08/06 11:58:19 - mmengine - INFO - Epoch(train)  [79][10/68]  base_lr: 5.4015e-05 lr: 5.4015e-05  eta: 0:09:04  time: 0.3569  data_time: 0.1239  memory: 605  grad_norm: 10.7470  loss: 0.3860  loss_cls: 0.0878  loss_bbox: 0.2068  loss_mask: 0.0914
2026/08/06 11:58:22 - mmengine - INFO - Epoch(train)  [79][20/68]  base_lr: 5.3477e-05 lr: 5.3477e-05  eta: 0:09:01  time: 0.3590  data_time: 0.1252  memory: 602  grad_norm: 10.7138  loss: 0.3783  loss_cls: 0.0855  loss_bbox: 0.2047  loss_mask: 0.0881
2026/08/06 11:58:26 - mmengine - INFO - Epoch(train)  [79][30/68]  base_lr: 5.2941e-05 lr: 5.2941e-05  eta: 0:08:57  time: 0.3580  data_time: 0.1244  memory: 602  grad_norm: 10.7023  loss: 0.3777  loss_cls: 0.0840  loss_bbox: 0.2045  loss_mask: 0.0892
2026/08/06 11:58:30 - mmengine - INFO - Epoch(train)  [79][40/68]  base_lr: 5.2405e-05 lr: 5.2405e-05  eta: 0:08:53  time: 0.3614  data_time: 0.1300  memory: 599  grad_norm: 10.9960  loss: 0.3855  loss_cls: 0.0897  loss_bbox: 0.2061  loss_mask: 0.0897
2026/08/06 11:58:33 - mmengine - INFO - Epoch(train)  [79][50/68]  base_lr: 5.1871e-05 lr: 5.1871e-05  eta: 0:08:49  time: 0.3607  data_time: 0.1295  memory: 601  grad_norm: 11.0339  loss: 0.3746  loss_cls: 0.0851  loss_bbox: 0.2021  loss_mask: 0.0874
2026/08/06 11:58:37 - mmengine - INFO - Epoch(train)  [79][60/68]  base_lr: 5.1338e-05 lr: 5.1338e-05  eta: 0:08:46  time: 0.3679  data_time: 0.1358  memory: 605  grad_norm: 11.1846  loss: 0.3806  loss_cls: 0.0889  loss_bbox: 0.2037  loss_mask: 0.0881
2026/08/06 11:58:40 - mmengine - INFO - Exp name: rtmdet_ins_busi_20260806_111712
2026/08/06 11:58:40 - mmengine - INFO - Saving checkpoint at 79 epochs
2026/08/06 11:58:42 - mmengine - INFO - Epoch(val)  [79][ 10/116]    eta: 0:00:03  time: 0.0303  data_time: 0.0056  memory: 603  
2026/08/06 11:58:43 - mmengine - INFO - Epoch(val)  [79][ 20/116]    eta: 0:00:02  time: 0.0302  data_time: 0.0053  memory: 108  
2026/08/06 11:58:43 - mmengine - INFO - Epoch(val)  [79][ 30/116]    eta: 0:00:02  time: 0.0293  data_time: 0.0051  memory: 112  
2026/08/06 11:58:43 - mmengine - INFO - Epoch(val)  [79][ 40/116]    eta: 0:00:02  time: 0.0293  data_time: 0.0050  memory: 104  
2026/08/06 11:58:43 - mmengine - INFO - Epoch(val)  [79][ 50/116]    eta: 0:00:01  time: 0.0299  data_time: 0.0054  memory: 135  
2026/08/06 11:58:44 - mmengine - INFO - Epoch(val)  [79][ 60/116]    eta: 0:00:01  time: 0.0303  data_time: 0.0057  memory: 120  
2026/08/06 11:58:44 - mmengine - INFO - Epoch(val)  [79][ 70/116]    eta: 0:00:01  time: 0.0300  data_time: 0.0057  memory: 100  
2026/08/06 11:58:44 - mmengine - INFO - Epoch(val)  [79][ 80/116]    eta: 0:00:01  time: 0.0306  data_time: 0.0057  memory: 108  
2026/08/06 11:58:45 - mmengine - INFO - Epoch(val)  [79][ 90/116]    eta: 0:00:00  time: 0.0311  data_time: 0.0059  memory: 120  
2026/08/06 11:58:45 - mmengine - INFO - Epoch(val)  [79][100/116]    eta: 0:00:00  time: 0.0311  data_time: 0.0056  memory: 126  
2026/08/06 11:58:45 - mmengine - INFO - Epoch(val)  [79][110/116]    eta: 0:00:00  time: 0.0307  data_time: 0.0053  memory: 103  
2026/08/06 11:58:45 - mmengine - INFO - Evaluating bbox...
2026/08/06 11:58:46 - mmengine - INFO - bbox_mAP_copypaste: 0.617 0.894 0.715 0.000 0.706 0.568
2026/08/06 11:58:46 - mmengine - INFO - Evaluating segm...
2026/08/06 11:58:46 - mmengine - INFO - segm_mAP_copypaste: 0.612 0.903 0.716 0.000 0.697 0.570
2026/08/06 11:58:46 - mmengine - INFO - Epoch(val) [79][116/116]    coco/bbox_mAP: 0.6170  coco/bbox_mAP_50: 0.8940  coco/bbox_mAP_75: 0.7150  coco/bbox_mAP_s: 0.0000  coco/bbox_mAP_m: 0.7060  coco/bbox_mAP_l: 0.5680  coco/segm_mAP: 0.6120  coco/segm_mAP_50: 0.9030  coco/segm_mAP_75: 0.7160  coco/segm_mAP_s: 0.0000  coco/segm_mAP_m: 0.6970  coco/segm_mAP_l: 0.5700  data_time: 0.0055  time: 0.0304
2026/08/06 11:58:49 - mmengine - INFO - Epoch(train)  [80][10/68]  base_lr: 5.0381e-05 lr: 5.0381e-05  eta: 0:08:39  time: 0.3680  data_time: 0.1378  memory: 601  grad_norm: 10.9287  loss: 0.3807  loss_cls: 0.0909  loss_bbox: 0.2016  loss_mask: 0.0881
2026/08/06 11:58:53 - mmengine - INFO - Epoch(train)  [80][20/68]  base_lr: 4.9852e-05 lr: 4.9852e-05  eta: 0:08:36  time: 0.3699  data_time: 0.1386  memory: 602  grad_norm: 11.0471  loss: 0.3696  loss_cls: 0.0869  loss_bbox: 0.1975  loss_mask: 0.0852
2026/08/06 11:58:57 - mmengine - INFO - Epoch(train)  [80][30/68]  base_lr: 4.9323e-05 lr: 4.9323e-05  eta: 0:08:32  time: 0.3747  data_time: 0.1430  memory: 602  grad_norm: 10.7170  loss: 0.3781  loss_cls: 0.0868  loss_bbox: 0.2038  loss_mask: 0.0875
2026/08/06 11:59:01 - mmengine - INFO - Epoch(train)  [80][40/68]  base_lr: 4.8797e-05 lr: 4.8797e-05  eta: 0:08:28  time: 0.3752  data_time: 0.1450  memory: 603  grad_norm: 10.6719  loss: 0.3843  loss_cls: 0.0898  loss_bbox: 0.2070  loss_mask: 0.0876
2026/08/06 11:59:04 - mmengine - INFO - Epoch(train)  [80][50/68]  base_lr: 4.8271e-05 lr: 4.8271e-05  eta: 0:08:25  time: 0.3745  data_time: 0.1439  memory: 600  grad_norm: 10.8286  loss: 0.3866  loss_cls: 0.0897  loss_bbox: 0.2088  loss_mask: 0.0881
2026/08/06 11:59:08 - mmengine - INFO - Epoch(train)  [80][60/68]  base_lr: 4.7747e-05 lr: 4.7747e-05  eta: 0:08:21  time: 0.3799  data_time: 0.1458  memory: 601  grad_norm: 10.6744  loss: 0.3806  loss_cls: 0.0865  loss_bbox: 0.2100  loss_mask: 0.0842
2026/08/06 11:59:11 - mmengine - INFO - Exp name: rtmdet_ins_busi_20260806_111712
2026/08/06 11:59:11 - mmengine - INFO - Saving checkpoint at 80 epochs
2026/08/06 11:59:14 - mmengine - INFO - Epoch(val)  [80][ 10/116]    eta: 0:00:03  time: 0.0306  data_time: 0.0055  memory: 603  
2026/08/06 11:59:14 - mmengine - INFO - Epoch(val)  [80][ 20/116]    eta: 0:00:02  time: 0.0303  data_time: 0.0054  memory: 108  
2026/08/06 11:59:14 - mmengine - INFO - Epoch(val)  [80][ 30/116]    eta: 0:00:02  time: 0.0302  data_time: 0.0053  memory: 117  
2026/08/06 11:59:15 - mmengine - INFO - Epoch(val)  [80][ 40/116]    eta: 0:00:02  time: 0.0297  data_time: 0.0050  memory: 107  
2026/08/06 11:59:15 - mmengine - INFO - Epoch(val)  [80][ 50/116]    eta: 0:00:01  time: 0.0297  data_time: 0.0049  memory: 135  
2026/08/06 11:59:15 - mmengine - INFO - Epoch(val)  [80][ 60/116]    eta: 0:00:01  time: 0.0301  data_time: 0.0050  memory: 125  
2026/08/06 11:59:15 - mmengine - INFO - Epoch(val)  [80][ 70/116]    eta: 0:00:01  time: 0.0302  data_time: 0.0049  memory: 107  
2026/08/06 11:59:16 - mmengine - INFO - Epoch(val)  [80][ 80/116]    eta: 0:00:01  time: 0.0299  data_time: 0.0047  memory: 115  
2026/08/06 11:59:16 - mmengine - INFO - Epoch(val)  [80][ 90/116]    eta: 0:00:00  time: 0.0306  data_time: 0.0053  memory: 145  
2026/08/06 11:59:16 - mmengine - INFO - Epoch(val)  [80][100/116]    eta: 0:00:00  time: 0.0312  data_time: 0.0053  memory: 135  
2026/08/06 11:59:17 - mmengine - INFO - Epoch(val)  [80][110/116]    eta: 0:00:00  time: 0.0307  data_time: 0.0052  memory: 103  
2026/08/06 11:59:17 - mmengine - INFO - Evaluating bbox...
2026/08/06 11:59:17 - mmengine - INFO - bbox_mAP_copypaste: 0.623 0.901 0.741 0.000 0.706 0.580
2026/08/06 11:59:17 - mmengine - INFO - Evaluating segm...
2026/08/06 11:59:17 - mmengine - INFO - segm_mAP_copypaste: 0.610 0.901 0.710 0.000 0.698 0.569
2026/08/06 11:59:17 - mmengine - INFO - Epoch(val) [80][116/116]    coco/bbox_mAP: 0.6230  coco/bbox_mAP_50: 0.9010  coco/bbox_mAP_75: 0.7410  coco/bbox_mAP_s: 0.0000  coco/bbox_mAP_m: 0.7060  coco/bbox_mAP_l: 0.5800  coco/segm_mAP: 0.6100  coco/segm_mAP_50: 0.9010  coco/segm_mAP_75: 0.7100  coco/segm_mAP_s: 0.0000  coco/segm_mAP_m: 0.6980  coco/segm_mAP_l: 0.5690  data_time: 0.0052  time: 0.0302
2026/08/06 11:59:21 - mmengine - INFO - Epoch(train)  [81][10/68]  base_lr: 4.6808e-05 lr: 4.6808e-05  eta: 0:08:14  time: 0.3757  data_time: 0.1422  memory: 600  grad_norm: 10.6263  loss: 0.3881  loss_cls: 0.0839  loss_bbox: 0.2142  loss_mask: 0.0900
2026/08/06 11:59:24 - mmengine - INFO - Epoch(train)  [81][20/68]  base_lr: 4.6289e-05 lr: 4.6289e-05  eta: 0:08:11  time: 0.3756  data_time: 0.1395  memory: 601  grad_norm: 10.6611  loss: 0.3886  loss_cls: 0.0822  loss_bbox: 0.2156  loss_mask: 0.0908
2026/08/06 11:59:28 - mmengine - INFO - Epoch(train)  [81][30/68]  base_lr: 4.5771e-05 lr: 4.5771e-05  eta: 0:08:07  time: 0.3788  data_time: 0.1419  memory: 601  grad_norm: 10.4029  loss: 0.3811  loss_cls: 0.0811  loss_bbox: 0.2107  loss_mask: 0.0892
2026/08/06 11:59:32 - mmengine - INFO - Epoch(train)  [81][40/68]  base_lr: 4.5255e-05 lr: 4.5255e-05  eta: 0:08:04  time: 0.3735  data_time: 0.1400  memory: 602  grad_norm: 10.6958  loss: 0.3848  loss_cls: 0.0812  loss_bbox: 0.2106  loss_mask: 0.0930
2026/08/06 11:59:36 - mmengine - INFO - Epoch(train)  [81][50/68]  base_lr: 4.4740e-05 lr: 4.4740e-05  eta: 0:08:00  time: 0.3777  data_time: 0.1443  memory: 601  grad_norm: 10.9857  loss: 0.3760  loss_cls: 0.0807  loss_bbox: 0.2050  loss_mask: 0.0903
2026/08/06 11:59:40 - mmengine - INFO - Epoch(train)  [81][60/68]  base_lr: 4.4227e-05 lr: 4.4227e-05  eta: 0:07:56  time: 0.3829  data_time: 0.1492  memory: 601  grad_norm: 10.7922  loss: 0.3761  loss_cls: 0.0836  loss_bbox: 0.2017  loss_mask: 0.0908
2026/08/06 11:59:43 - mmengine - INFO - Exp name: rtmdet_ins_busi_20260806_111712
2026/08/06 11:59:43 - mmengine - INFO - Saving checkpoint at 81 epochs
2026/08/06 11:59:45 - mmengine - INFO - Epoch(val)  [81][ 10/116]    eta: 0:00:03  time: 0.0313  data_time: 0.0056  memory: 605  
2026/08/06 11:59:45 - mmengine - INFO - Epoch(val)  [81][ 20/116]    eta: 0:00:02  time: 0.0307  data_time: 0.0054  memory: 108  
2026/08/06 11:59:46 - mmengine - INFO - Epoch(val)  [81][ 30/116]    eta: 0:00:02  time: 0.0294  data_time: 0.0051  memory: 117  
2026/08/06 11:59:46 - mmengine - INFO - Epoch(val)  [81][ 40/116]    eta: 0:00:02  time: 0.0296  data_time: 0.0050  memory: 107  
2026/08/06 11:59:46 - mmengine - INFO - Epoch(val)  [81][ 50/116]    eta: 0:00:01  time: 0.0296  data_time: 0.0049  memory: 135  
2026/08/06 11:59:46 - mmengine - INFO - Epoch(val)  [81][ 60/116]    eta: 0:00:01  time: 0.0296  data_time: 0.0051  memory: 129  
2026/08/06 11:59:47 - mmengine - INFO - Epoch(val)  [81][ 70/116]    eta: 0:00:01  time: 0.0299  data_time: 0.0053  memory: 100  
2026/08/06 11:59:47 - mmengine - INFO - Epoch(val)  [81][ 80/116]    eta: 0:00:01  time: 0.0302  data_time: 0.0056  memory: 108  
2026/08/06 11:59:47 - mmengine - INFO - Epoch(val)  [81][ 90/116]    eta: 0:00:00  time: 0.0312  data_time: 0.0059  memory: 145  
2026/08/06 11:59:48 - mmengine - INFO - Epoch(val)  [81][100/116]    eta: 0:00:00  time: 0.0313  data_time: 0.0059  memory: 135  
2026/08/06 11:59:48 - mmengine - INFO - Epoch(val)  [81][110/116]    eta: 0:00:00  time: 0.0306  data_time: 0.0059  memory: 104  
2026/08/06 11:59:48 - mmengine - INFO - Evaluating bbox...
2026/08/06 11:59:48 - mmengine - INFO - bbox_mAP_copypaste: 0.620 0.893 0.721 0.000 0.706 0.574
2026/08/06 11:59:48 - mmengine - INFO - Evaluating segm...
2026/08/06 11:59:48 - mmengine - INFO - segm_mAP_copypaste: 0.602 0.891 0.671 0.000 0.685 0.560
2026/08/06 11:59:48 - mmengine - INFO - Epoch(val) [81][116/116]    coco/bbox_mAP: 0.6200  coco/bbox_mAP_50: 0.8930  coco/bbox_mAP_75: 0.7210  coco/bbox_mAP_s: 0.0000  coco/bbox_mAP_m: 0.7060  coco/bbox_mAP_l: 0.5740  coco/segm_mAP: 0.6020  coco/segm_mAP_50: 0.8910  coco/segm_mAP_75: 0.6710  coco/segm_mAP_s: 0.0000  coco/segm_mAP_m: 0.6850  coco/segm_mAP_l: 0.5600  data_time: 0.0055  time: 0.0302
2026/08/06 11:59:52 - mmengine - INFO - Epoch(train)  [82][10/68]  base_lr: 4.3309e-05 lr: 4.3309e-05  eta: 0:07:50  time: 0.3761  data_time: 0.1477  memory: 600  grad_norm: 11.7976  loss: 0.3719  loss_cls: 0.0855  loss_bbox: 0.1983  loss_mask: 0.0881
2026/08/06 11:59:56 - mmengine - INFO - Epoch(train)  [82][20/68]  base_lr: 4.2802e-05 lr: 4.2802e-05  eta: 0:07:46  time: 0.3786  data_time: 0.1490  memory: 602  grad_norm: 11.4224  loss: 0.3625  loss_cls: 0.0827  loss_bbox: 0.1929  loss_mask: 0.0870
2026/08/06 11:59:59 - mmengine - INFO - Epoch(train)  [82][30/68]  base_lr: 4.2296e-05 lr: 4.2296e-05  eta: 0:07:42  time: 0.3726  data_time: 0.1438  memory: 603  grad_norm: 10.9883  loss: 0.3597  loss_cls: 0.0828  loss_bbox: 0.1927  loss_mask: 0.0842
2026/08/06 12:00:03 - mmengine - INFO - Epoch(train)  [82][40/68]  base_lr: 4.1793e-05 lr: 4.1793e-05  eta: 0:07:39  time: 0.3712  data_time: 0.1421  memory: 602  grad_norm: 11.3263  loss: 0.3609  loss_cls: 0.0844  loss_bbox: 0.1941  loss_mask: 0.0824
2026/08/06 12:00:07 - mmengine - INFO - Epoch(train)  [82][50/68]  base_lr: 4.1291e-05 lr: 4.1291e-05  eta: 0:07:35  time: 0.3716  data_time: 0.1406  memory: 601  grad_norm: 11.0541  loss: 0.3599  loss_cls: 0.0812  loss_bbox: 0.1950  loss_mask: 0.0837
2026/08/06 12:00:10 - mmengine - INFO - Epoch(train)  [82][60/68]  base_lr: 4.0792e-05 lr: 4.0792e-05  eta: 0:07:31  time: 0.3677  data_time: 0.1351  memory: 601  grad_norm: 10.3852  loss: 0.3691  loss_cls: 0.0808  loss_bbox: 0.2009  loss_mask: 0.0874
2026/08/06 12:00:13 - mmengine - INFO - Exp name: rtmdet_ins_busi_20260806_111712
2026/08/06 12:00:13 - mmengine - INFO - Saving checkpoint at 82 epochs
2026/08/06 12:00:16 - mmengine - INFO - Epoch(val)  [82][ 10/116]    eta: 0:00:03  time: 0.0310  data_time: 0.0060  memory: 601  
2026/08/06 12:00:16 - mmengine - INFO - Epoch(val)  [82][ 20/116]    eta: 0:00:02  time: 0.0304  data_time: 0.0057  memory: 108  
2026/08/06 12:00:16 - mmengine - INFO - Epoch(val)  [82][ 30/116]    eta: 0:00:02  time: 0.0292  data_time: 0.0054  memory: 115  
2026/08/06 12:00:17 - mmengine - INFO - Epoch(val)  [82][ 40/116]    eta: 0:00:02  time: 0.0297  data_time: 0.0053  memory: 107  
2026/08/06 12:00:17 - mmengine - INFO - Epoch(val)  [82][ 50/116]    eta: 0:00:02  time: 0.0303  data_time: 0.0054  memory: 142  
2026/08/06 12:00:17 - mmengine - INFO - Epoch(val)  [82][ 60/116]    eta: 0:00:01  time: 0.0305  data_time: 0.0056  memory: 125  
2026/08/06 12:00:18 - mmengine - INFO - Epoch(val)  [82][ 70/116]    eta: 0:00:01  time: 0.0308  data_time: 0.0057  memory: 100  
2026/08/06 12:00:18 - mmengine - INFO - Epoch(val)  [82][ 80/116]    eta: 0:00:01  time: 0.0318  data_time: 0.0060  memory: 108  
2026/08/06 12:00:18 - mmengine - INFO - Epoch(val)  [82][ 90/116]    eta: 0:00:00  time: 0.0321  data_time: 0.0062  memory: 133  
2026/08/06 12:00:19 - mmengine - INFO - Epoch(val)  [82][100/116]    eta: 0:00:00  time: 0.0325  data_time: 0.0062  memory: 130  
2026/08/06 12:00:19 - mmengine - INFO - Epoch(val)  [82][110/116]    eta: 0:00:00  time: 0.0319  data_time: 0.0060  memory: 103  
2026/08/06 12:00:19 - mmengine - INFO - Evaluating bbox...
2026/08/06 12:00:19 - mmengine - INFO - bbox_mAP_copypaste: 0.627 0.896 0.758 0.000 0.718 0.578
2026/08/06 12:00:19 - mmengine - INFO - Evaluating segm...
2026/08/06 12:00:19 - mmengine - INFO - segm_mAP_copypaste: 0.613 0.893 0.669 0.000 0.706 0.569
2026/08/06 12:00:19 - mmengine - INFO - Epoch(val) [82][116/116]    coco/bbox_mAP: 0.6270  coco/bbox_mAP_50: 0.8960  coco/bbox_mAP_75: 0.7580  coco/bbox_mAP_s: 0.0000  coco/bbox_mAP_m: 0.7180  coco/bbox_mAP_l: 0.5780  coco/segm_mAP: 0.6130  coco/segm_mAP_50: 0.8930  coco/segm_mAP_75: 0.6690  coco/segm_mAP_s: 0.0000  coco/segm_mAP_m: 0.7060  coco/segm_mAP_l: 0.5690  data_time: 0.0058  time: 0.0312
2026/08/06 12:00:23 - mmengine - INFO - Epoch(train)  [83][10/68]  base_lr: 3.9898e-05 lr: 3.9898e-05  eta: 0:07:25  time: 0.3634  data_time: 0.1327  memory: 601  grad_norm: 10.7534  loss: 0.3713  loss_cls: 0.0795  loss_bbox: 0.2048  loss_mask: 0.0870
2026/08/06 12:00:27 - mmengine - INFO - Epoch(train)  [83][20/68]  base_lr: 3.9405e-05 lr: 3.9405e-05  eta: 0:07:21  time: 0.3650  data_time: 0.1327  memory: 601  grad_norm: 10.5763  loss: 0.3819  loss_cls: 0.0830  loss_bbox: 0.2095  loss_mask: 0.0894
2026/08/06 12:00:30 - mmengine - INFO - Epoch(train)  [83][30/68]  base_lr: 3.8914e-05 lr: 3.8914e-05  eta: 0:07:17  time: 0.3624  data_time: 0.1315  memory: 603  grad_norm: 10.4250  loss: 0.3899  loss_cls: 0.0876  loss_bbox: 0.2126  loss_mask: 0.0897
2026/08/06 12:00:34 - mmengine - INFO - Epoch(train)  [83][40/68]  base_lr: 3.8425e-05 lr: 3.8425e-05  eta: 0:07:14  time: 0.3635  data_time: 0.1338  memory: 602  grad_norm: 10.8394  loss: 0.3939  loss_cls: 0.0901  loss_bbox: 0.2133  loss_mask: 0.0905
2026/08/06 12:00:38 - mmengine - INFO - Epoch(train)  [83][50/68]  base_lr: 3.7939e-05 lr: 3.7939e-05  eta: 0:07:10  time: 0.3709  data_time: 0.1388  memory: 602  grad_norm: 10.2567  loss: 0.3874  loss_cls: 0.0895  loss_bbox: 0.2086  loss_mask: 0.0893
2026/08/06 12:00:41 - mmengine - INFO - Epoch(train)  [83][60/68]  base_lr: 3.7455e-05 lr: 3.7455e-05  eta: 0:07:06  time: 0.3702  data_time: 0.1388  memory: 600  grad_norm: 10.6692  loss: 0.3915  loss_cls: 0.0940  loss_bbox: 0.2089  loss_mask: 0.0886
2026/08/06 12:00:44 - mmengine - INFO - Exp name: rtmdet_ins_busi_20260806_111712
2026/08/06 12:00:44 - mmengine - INFO - Saving checkpoint at 83 epochs
2026/08/06 12:00:46 - mmengine - INFO - Epoch(val)  [83][ 10/116]    eta: 0:00:03  time: 0.0320  data_time: 0.0062  memory: 602  
2026/08/06 12:00:47 - mmengine - INFO - Epoch(val)  [83][ 20/116]    eta: 0:00:02  time: 0.0314  data_time: 0.0060  memory: 108  
2026/08/06 12:00:47 - mmengine - INFO - Epoch(val)  [83][ 30/116]    eta: 0:00:02  time: 0.0305  data_time: 0.0052  memory: 115  
2026/08/06 12:00:47 - mmengine - INFO - Epoch(val)  [83][ 40/116]    eta: 0:00:02  time: 0.0294  data_time: 0.0046  memory: 104  
2026/08/06 12:00:47 - mmengine - INFO - Epoch(val)  [83][ 50/116]    eta: 0:00:01  time: 0.0295  data_time: 0.0044  memory: 147  
2026/08/06 12:00:48 - mmengine - INFO - Epoch(val)  [83][ 60/116]    eta: 0:00:01  time: 0.0295  data_time: 0.0044  memory: 129  
2026/08/06 12:00:48 - mmengine - INFO - Epoch(val)  [83][ 70/116]    eta: 0:00:01  time: 0.0294  data_time: 0.0042  memory: 100  
2026/08/06 12:00:48 - mmengine - INFO - Epoch(val)  [83][ 80/116]    eta: 0:00:01  time: 0.0296  data_time: 0.0047  memory: 108  
2026/08/06 12:00:49 - mmengine - INFO - Epoch(val)  [83][ 90/116]    eta: 0:00:00  time: 0.0306  data_time: 0.0054  memory: 126  
2026/08/06 12:00:49 - mmengine - INFO - Epoch(val)  [83][100/116]    eta: 0:00:00  time: 0.0308  data_time: 0.0054  memory: 130  
2026/08/06 12:00:49 - mmengine - INFO - Epoch(val)  [83][110/116]    eta: 0:00:00  time: 0.0307  data_time: 0.0052  memory: 103  
2026/08/06 12:00:49 - mmengine - INFO - Evaluating bbox...
2026/08/06 12:00:50 - mmengine - INFO - bbox_mAP_copypaste: 0.631 0.903 0.737 0.000 0.720 0.586
2026/08/06 12:00:50 - mmengine - INFO - Evaluating segm...
2026/08/06 12:00:50 - mmengine - INFO - segm_mAP_copypaste: 0.610 0.894 0.701 0.000 0.692 0.570
2026/08/06 12:00:50 - mmengine - INFO - Epoch(val) [83][116/116]    coco/bbox_mAP: 0.6310  coco/bbox_mAP_50: 0.9030  coco/bbox_mAP_75: 0.7370  coco/bbox_mAP_s: 0.0000  coco/bbox_mAP_m: 0.7200  coco/bbox_mAP_l: 0.5860  coco/segm_mAP: 0.6100  coco/segm_mAP_50: 0.8940  coco/segm_mAP_75: 0.7010  coco/segm_mAP_s: 0.0000  coco/segm_mAP_m: 0.6920  coco/segm_mAP_l: 0.5700  data_time: 0.0049  time: 0.0301
2026/08/06 12:00:53 - mmengine - INFO - Epoch(train)  [84][10/68]  base_lr: 3.6589e-05 lr: 3.6589e-05  eta: 0:07:00  time: 0.3640  data_time: 0.1347  memory: 602  grad_norm: 10.4976  loss: 0.3807  loss_cls: 0.0919  loss_bbox: 0.2009  loss_mask: 0.0879
2026/08/06 12:00:57 - mmengine - INFO - Epoch(train)  [84][20/68]  base_lr: 3.6112e-05 lr: 3.6112e-05  eta: 0:06:56  time: 0.3689  data_time: 0.1382  memory: 600  grad_norm: 10.2437  loss: 0.3705  loss_cls: 0.0841  loss_bbox: 0.1997  loss_mask: 0.0867
2026/08/06 12:01:01 - mmengine - INFO - Epoch(train)  [84][30/68]  base_lr: 3.5637e-05 lr: 3.5637e-05  eta: 0:06:53  time: 0.3716  data_time: 0.1430  memory: 603  grad_norm: 10.2374  loss: 0.3727  loss_cls: 0.0828  loss_bbox: 0.2017  loss_mask: 0.0882
2026/08/06 12:01:05 - mmengine - INFO - Epoch(train)  [84][40/68]  base_lr: 3.5165e-05 lr: 3.5165e-05  eta: 0:06:49  time: 0.3669  data_time: 0.1402  memory: 601  grad_norm: 9.8948  loss: 0.3694  loss_cls: 0.0801  loss_bbox: 0.2002  loss_mask: 0.0891
2026/08/06 12:01:08 - mmengine - INFO - Epoch(train)  [84][50/68]  base_lr: 3.4695e-05 lr: 3.4695e-05  eta: 0:06:45  time: 0.3707  data_time: 0.1437  memory: 601  grad_norm: 10.0596  loss: 0.3634  loss_cls: 0.0749  loss_bbox: 0.2014  loss_mask: 0.0871
2026/08/06 12:01:12 - mmengine - INFO - Epoch(train)  [84][60/68]  base_lr: 3.4228e-05 lr: 3.4228e-05  eta: 0:06:41  time: 0.3683  data_time: 0.1420  memory: 601  grad_norm: 9.8788  loss: 0.3633  loss_cls: 0.0739  loss_bbox: 0.2037  loss_mask: 0.0857
2026/08/06 12:01:14 - mmengine - INFO - Exp name: rtmdet_ins_busi_20260806_111712
2026/08/06 12:01:14 - mmengine - INFO - Saving checkpoint at 84 epochs
2026/08/06 12:01:17 - mmengine - INFO - Epoch(val)  [84][ 10/116]    eta: 0:00:03  time: 0.0311  data_time: 0.0057  memory: 602  
2026/08/06 12:01:17 - mmengine - INFO - Epoch(val)  [84][ 20/116]    eta: 0:00:03  time: 0.0322  data_time: 0.0055  memory: 108  
2026/08/06 12:01:17 - mmengine - INFO - Epoch(val)  [84][ 30/116]    eta: 0:00:02  time: 0.0317  data_time: 0.0052  memory: 115  
2026/08/06 12:01:18 - mmengine - INFO - Epoch(val)  [84][ 40/116]    eta: 0:00:02  time: 0.0313  data_time: 0.0053  memory: 107  
2026/08/06 12:01:18 - mmengine - INFO - Epoch(val)  [84][ 50/116]    eta: 0:00:02  time: 0.0319  data_time: 0.0055  memory: 147  
2026/08/06 12:01:18 - mmengine - INFO - Epoch(val)  [84][ 60/116]    eta: 0:00:01  time: 0.0316  data_time: 0.0056  memory: 120  
2026/08/06 12:01:19 - mmengine - INFO - Epoch(val)  [84][ 70/116]    eta: 0:00:01  time: 0.0301  data_time: 0.0056  memory: 104  
2026/08/06 12:01:19 - mmengine - INFO - Epoch(val)  [84][ 80/116]    eta: 0:00:01  time: 0.0306  data_time: 0.0057  memory: 112  
2026/08/06 12:01:19 - mmengine - INFO - Epoch(val)  [84][ 90/116]    eta: 0:00:00  time: 0.0315  data_time: 0.0063  memory: 133  
2026/08/06 12:01:20 - mmengine - INFO - Epoch(val)  [84][100/116]    eta: 0:00:00  time: 0.0316  data_time: 0.0064  memory: 140  
2026/08/06 12:01:20 - mmengine - INFO - Epoch(val)  [84][110/116]    eta: 0:00:00  time: 0.0324  data_time: 0.0062  memory: 104  
2026/08/06 12:01:20 - mmengine - INFO - Evaluating bbox...
2026/08/06 12:01:20 - mmengine - INFO - bbox_mAP_copypaste: 0.626 0.896 0.727 0.000 0.716 0.581
2026/08/06 12:01:20 - mmengine - INFO - Evaluating segm...
2026/08/06 12:01:20 - mmengine - INFO - segm_mAP_copypaste: 0.601 0.892 0.686 0.000 0.681 0.564
2026/08/06 12:01:20 - mmengine - INFO - Epoch(val) [84][116/116]    coco/bbox_mAP: 0.6260  coco/bbox_mAP_50: 0.8960  coco/bbox_mAP_75: 0.7270  coco/bbox_mAP_s: 0.0000  coco/bbox_mAP_m: 0.7160  coco/bbox_mAP_l: 0.5810  coco/segm_mAP: 0.6010  coco/segm_mAP_50: 0.8920  coco/segm_mAP_75: 0.6860  coco/segm_mAP_s: 0.0000  coco/segm_mAP_m: 0.6810  coco/segm_mAP_l: 0.5640  data_time: 0.0059  time: 0.0319
2026/08/06 12:01:24 - mmengine - INFO - Epoch(train)  [85][10/68]  base_lr: 3.3394e-05 lr: 3.3394e-05  eta: 0:06:35  time: 0.3596  data_time: 0.1354  memory: 601  grad_norm: 10.1908  loss: 0.3584  loss_cls: 0.0756  loss_bbox: 0.1992  loss_mask: 0.0837
2026/08/06 12:01:28 - mmengine - INFO - Epoch(train)  [85][20/68]  base_lr: 3.2935e-05 lr: 3.2935e-05  eta: 0:06:31  time: 0.3628  data_time: 0.1341  memory: 602  grad_norm: 10.8039  loss: 0.3583  loss_cls: 0.0750  loss_bbox: 0.1982  loss_mask: 0.0851
2026/08/06 12:01:32 - mmengine - INFO - Epoch(train)  [85][30/68]  base_lr: 3.2479e-05 lr: 3.2479e-05  eta: 0:06:28  time: 0.3752  data_time: 0.1432  memory: 600  grad_norm: 10.6738  loss: 0.3601  loss_cls: 0.0756  loss_bbox: 0.1979  loss_mask: 0.0866
2026/08/06 12:01:36 - mmengine - INFO - Epoch(train)  [85][40/68]  base_lr: 3.2025e-05 lr: 3.2025e-05  eta: 0:06:24  time: 0.3797  data_time: 0.1466  memory: 601  grad_norm: 10.6698  loss: 0.3615  loss_cls: 0.0773  loss_bbox: 0.1965  loss_mask: 0.0877
2026/08/06 12:01:40 - mmengine - INFO - Epoch(train)  [85][50/68]  base_lr: 3.1574e-05 lr: 3.1574e-05  eta: 0:06:20  time: 0.3870  data_time: 0.1511  memory: 600  grad_norm: 10.6476  loss: 0.3567  loss_cls: 0.0737  loss_bbox: 0.1965  loss_mask: 0.0866
2026/08/06 12:01:43 - mmengine - INFO - Epoch(train)  [85][60/68]  base_lr: 3.1126e-05 lr: 3.1126e-05  eta: 0:06:17  time: 0.3763  data_time: 0.1420  memory: 601  grad_norm: 10.2345  loss: 0.3661  loss_cls: 0.0786  loss_bbox: 0.1986  loss_mask: 0.0889
2026/08/06 12:01:46 - mmengine - INFO - Exp name: rtmdet_ins_busi_20260806_111712
2026/08/06 12:01:46 - mmengine - INFO - Saving checkpoint at 85 epochs
2026/08/06 12:01:48 - mmengine - INFO - Epoch(val)  [85][ 10/116]    eta: 0:00:03  time: 0.0327  data_time: 0.0064  memory: 602  
2026/08/06 12:01:49 - mmengine - INFO - Epoch(val)  [85][ 20/116]    eta: 0:00:02  time: 0.0322  data_time: 0.0062  memory: 108  
2026/08/06 12:01:49 - mmengine - INFO - Epoch(val)  [85][ 30/116]    eta: 0:00:02  time: 0.0310  data_time: 0.0055  memory: 114  
2026/08/06 12:01:49 - mmengine - INFO - Epoch(val)  [85][ 40/116]    eta: 0:00:02  time: 0.0299  data_time: 0.0053  memory: 107  
2026/08/06 12:01:49 - mmengine - INFO - Epoch(val)  [85][ 50/116]    eta: 0:00:01  time: 0.0294  data_time: 0.0055  memory: 142  
2026/08/06 12:01:50 - mmengine - INFO - Epoch(val)  [85][ 60/116]    eta: 0:00:01  time: 0.0291  data_time: 0.0054  memory: 107  
2026/08/06 12:01:50 - mmengine - INFO - Epoch(val)  [85][ 70/116]    eta: 0:00:01  time: 0.0295  data_time: 0.0056  memory: 104  
2026/08/06 12:01:50 - mmengine - INFO - Epoch(val)  [85][ 80/116]    eta: 0:00:01  time: 0.0301  data_time: 0.0059  memory: 118  
2026/08/06 12:01:51 - mmengine - INFO - Epoch(val)  [85][ 90/116]    eta: 0:00:00  time: 0.0307  data_time: 0.0062  memory: 133  
2026/08/06 12:01:51 - mmengine - INFO - Epoch(val)  [85][100/116]    eta: 0:00:00  time: 0.0307  data_time: 0.0058  memory: 135  
2026/08/06 12:01:51 - mmengine - INFO - Epoch(val)  [85][110/116]    eta: 0:00:00  time: 0.0306  data_time: 0.0058  memory: 103  
2026/08/06 12:01:51 - mmengine - INFO - Evaluating bbox...
2026/08/06 12:01:51 - mmengine - INFO - bbox_mAP_copypaste: 0.636 0.900 0.761 0.000 0.727 0.592
2026/08/06 12:01:51 - mmengine - INFO - Evaluating segm...
2026/08/06 12:01:51 - mmengine - INFO - segm_mAP_copypaste: 0.612 0.896 0.716 0.000 0.690 0.575
2026/08/06 12:01:52 - mmengine - INFO - Epoch(val) [85][116/116]    coco/bbox_mAP: 0.6360  coco/bbox_mAP_50: 0.9000  coco/bbox_mAP_75: 0.7610  coco/bbox_mAP_s: 0.0000  coco/bbox_mAP_m: 0.7270  coco/bbox_mAP_l: 0.5920  coco/segm_mAP: 0.6120  coco/segm_mAP_50: 0.8960  coco/segm_mAP_75: 0.7160  coco/segm_mAP_s: 0.0000  coco/segm_mAP_m: 0.6900  coco/segm_mAP_l: 0.5750  data_time: 0.0056  time: 0.0299
2026/08/06 12:01:55 - mmengine - INFO - Epoch(train)  [86][10/68]  base_lr: 3.0327e-05 lr: 3.0327e-05  eta: 0:06:10  time: 0.3663  data_time: 0.1380  memory: 602  grad_norm: 10.3561  loss: 0.3726  loss_cls: 0.0792  loss_bbox: 0.2036  loss_mask: 0.0898
2026/08/06 12:01:59 - mmengine - INFO - Epoch(train)  [86][20/68]  base_lr: 2.9887e-05 lr: 2.9887e-05  eta: 0:06:06  time: 0.3586  data_time: 0.1320  memory: 601  grad_norm: 10.0832  loss: 0.3690  loss_cls: 0.0768  loss_bbox: 0.2029  loss_mask: 0.0893
2026/08/06 12:02:03 - mmengine - INFO - Epoch(train)  [86][30/68]  base_lr: 2.9451e-05 lr: 2.9451e-05  eta: 0:06:03  time: 0.3599  data_time: 0.1331  memory: 601  grad_norm: 10.1022  loss: 0.3683  loss_cls: 0.0785  loss_bbox: 0.2011  loss_mask: 0.0887
2026/08/06 12:02:06 - mmengine - INFO - Epoch(train)  [86][40/68]  base_lr: 2.9017e-05 lr: 2.9017e-05  eta: 0:05:59  time: 0.3646  data_time: 0.1371  memory: 603  grad_norm: 9.9343  loss: 0.3720  loss_cls: 0.0781  loss_bbox: 0.2027  loss_mask: 0.0911
2026/08/06 12:02:10 - mmengine - INFO - Epoch(train)  [86][50/68]  base_lr: 2.8587e-05 lr: 2.8587e-05  eta: 0:05:55  time: 0.3675  data_time: 0.1385  memory: 602  grad_norm: 10.2290  loss: 0.3665  loss_cls: 0.0793  loss_bbox: 0.1996  loss_mask: 0.0876
2026/08/06 12:02:13 - mmengine - INFO - Epoch(train)  [86][60/68]  base_lr: 2.8160e-05 lr: 2.8160e-05  eta: 0:05:52  time: 0.3650  data_time: 0.1364  memory: 600  grad_norm: 10.2314  loss: 0.3687  loss_cls: 0.0822  loss_bbox: 0.1988  loss_mask: 0.0877
2026/08/06 12:02:16 - mmengine - INFO - Exp name: rtmdet_ins_busi_20260806_111712
2026/08/06 12:02:16 - mmengine - INFO - Saving checkpoint at 86 epochs
2026/08/06 12:02:18 - mmengine - INFO - Epoch(val)  [86][ 10/116]    eta: 0:00:03  time: 0.0302  data_time: 0.0058  memory: 601  
2026/08/06 12:02:19 - mmengine - INFO - Epoch(val)  [86][ 20/116]    eta: 0:00:02  time: 0.0291  data_time: 0.0054  memory: 108  
2026/08/06 12:02:19 - mmengine - INFO - Epoch(val)  [86][ 30/116]    eta: 0:00:02  time: 0.0286  data_time: 0.0052  memory: 110  
2026/08/06 12:02:19 - mmengine - INFO - Epoch(val)  [86][ 40/116]    eta: 0:00:02  time: 0.0283  data_time: 0.0052  memory: 107  
2026/08/06 12:02:19 - mmengine - INFO - Epoch(val)  [86][ 50/116]    eta: 0:00:01  time: 0.0287  data_time: 0.0052  memory: 135  
2026/08/06 12:02:20 - mmengine - INFO - Epoch(val)  [86][ 60/116]    eta: 0:00:01  time: 0.0284  data_time: 0.0054  memory: 116  
2026/08/06 12:02:20 - mmengine - INFO - Epoch(val)  [86][ 70/116]    eta: 0:00:01  time: 0.0290  data_time: 0.0055  memory: 100  
2026/08/06 12:02:20 - mmengine - INFO - Epoch(val)  [86][ 80/116]    eta: 0:00:01  time: 0.0295  data_time: 0.0057  memory: 115  
2026/08/06 12:02:21 - mmengine - INFO - Epoch(val)  [86][ 90/116]    eta: 0:00:00  time: 0.0303  data_time: 0.0060  memory: 139  
2026/08/06 12:02:21 - mmengine - INFO - Epoch(val)  [86][100/116]    eta: 0:00:00  time: 0.0312  data_time: 0.0059  memory: 135  
2026/08/06 12:02:21 - mmengine - INFO - Epoch(val)  [86][110/116]    eta: 0:00:00  time: 0.0312  data_time: 0.0057  memory: 103  
2026/08/06 12:02:21 - mmengine - INFO - Evaluating bbox...
2026/08/06 12:02:22 - mmengine - INFO - bbox_mAP_copypaste: 0.633 0.900 0.749 0.000 0.723 0.592
2026/08/06 12:02:22 - mmengine - INFO - Evaluating segm...
2026/08/06 12:02:22 - mmengine - INFO - segm_mAP_copypaste: 0.618 0.900 0.694 0.000 0.710 0.572
2026/08/06 12:02:22 - mmengine - INFO - Epoch(val) [86][116/116]    coco/bbox_mAP: 0.6330  coco/bbox_mAP_50: 0.9000  coco/bbox_mAP_75: 0.7490  coco/bbox_mAP_s: 0.0000  coco/bbox_mAP_m: 0.7230  coco/bbox_mAP_l: 0.5920  coco/segm_mAP: 0.6180  coco/segm_mAP_50: 0.9000  coco/segm_mAP_75: 0.6940  coco/segm_mAP_s: 0.0000  coco/segm_mAP_m: 0.7100  coco/segm_mAP_l: 0.5720  data_time: 0.0056  time: 0.0299
2026/08/06 12:02:25 - mmengine - INFO - Epoch(train)  [87][10/68]  base_lr: 2.7399e-05 lr: 2.7399e-05  eta: 0:05:45  time: 0.3598  data_time: 0.1314  memory: 602  grad_norm: 10.9968  loss: 0.3832  loss_cls: 0.0876  loss_bbox: 0.2045  loss_mask: 0.0910
2026/08/06 12:02:29 - mmengine - INFO - Epoch(train)  [87][20/68]  base_lr: 2.6981e-05 lr: 2.6981e-05  eta: 0:05:41  time: 0.3614  data_time: 0.1320  memory: 602  grad_norm: 10.8337  loss: 0.3715  loss_cls: 0.0872  loss_bbox: 0.1958  loss_mask: 0.0885
2026/08/06 12:02:33 - mmengine - INFO - Epoch(train)  [87][30/68]  base_lr: 2.6566e-05 lr: 2.6566e-05  eta: 0:05:38  time: 0.3676  data_time: 0.1352  memory: 603  grad_norm: 10.7666  loss: 0.3677  loss_cls: 0.0867  loss_bbox: 0.1930  loss_mask: 0.0880
2026/08/06 12:02:37 - mmengine - INFO - Epoch(train)  [87][40/68]  base_lr: 2.6154e-05 lr: 2.6154e-05  eta: 0:05:34  time: 0.3747  data_time: 0.1418  memory: 603  grad_norm: 10.3079  loss: 0.3642  loss_cls: 0.0824  loss_bbox: 0.1940  loss_mask: 0.0877
2026/08/06 12:02:41 - mmengine - INFO - Epoch(train)  [87][50/68]  base_lr: 2.5746e-05 lr: 2.5746e-05  eta: 0:05:30  time: 0.3838  data_time: 0.1505  memory: 601  grad_norm: 10.0029  loss: 0.3592  loss_cls: 0.0796  loss_bbox: 0.1905  loss_mask: 0.0891
2026/08/06 12:02:45 - mmengine - INFO - Epoch(train)  [87][60/68]  base_lr: 2.5341e-05 lr: 2.5341e-05  eta: 0:05:27  time: 0.3822  data_time: 0.1481  memory: 602  grad_norm: 9.7639  loss: 0.3529  loss_cls: 0.0766  loss_bbox: 0.1888  loss_mask: 0.0875
2026/08/06 12:02:47 - mmengine - INFO - Exp name: rtmdet_ins_busi_20260806_111712
2026/08/06 12:02:47 - mmengine - INFO - Saving checkpoint at 87 epochs
2026/08/06 12:02:50 - mmengine - INFO - Epoch(val)  [87][ 10/116]    eta: 0:00:03  time: 0.0317  data_time: 0.0060  memory: 601  
2026/08/06 12:02:50 - mmengine - INFO - Epoch(val)  [87][ 20/116]    eta: 0:00:02  time: 0.0313  data_time: 0.0059  memory: 108  
2026/08/06 12:02:50 - mmengine - INFO - Epoch(val)  [87][ 30/116]    eta: 0:00:02  time: 0.0301  data_time: 0.0056  memory: 107  
2026/08/06 12:02:50 - mmengine - INFO - Epoch(val)  [87][ 40/116]    eta: 0:00:02  time: 0.0293  data_time: 0.0054  memory: 107  
2026/08/06 12:02:51 - mmengine - INFO - Epoch(val)  [87][ 50/116]    eta: 0:00:01  time: 0.0294  data_time: 0.0053  memory: 142  
2026/08/06 12:02:51 - mmengine - INFO - Epoch(val)  [87][ 60/116]    eta: 0:00:01  time: 0.0292  data_time: 0.0055  memory: 116  
2026/08/06 12:02:51 - mmengine - INFO - Epoch(val)  [87][ 70/116]    eta: 0:00:01  time: 0.0293  data_time: 0.0058  memory: 100  
2026/08/06 12:02:52 - mmengine - INFO - Epoch(val)  [87][ 80/116]    eta: 0:00:01  time: 0.0291  data_time: 0.0058  memory: 108  
2026/08/06 12:02:52 - mmengine - INFO - Epoch(val)  [87][ 90/116]    eta: 0:00:00  time: 0.0297  data_time: 0.0061  memory: 126  
2026/08/06 12:02:52 - mmengine - INFO - Epoch(val)  [87][100/116]    eta: 0:00:00  time: 0.0295  data_time: 0.0057  memory: 135  
2026/08/06 12:02:53 - mmengine - INFO - Epoch(val)  [87][110/116]    eta: 0:00:00  time: 0.0294  data_time: 0.0056  memory: 102  
2026/08/06 12:02:53 - mmengine - INFO - Evaluating bbox...
2026/08/06 12:02:53 - mmengine - INFO - bbox_mAP_copypaste: 0.636 0.898 0.738 0.000 0.728 0.588
2026/08/06 12:02:53 - mmengine - INFO - Evaluating segm...
2026/08/06 12:02:53 - mmengine - INFO - segm_mAP_copypaste: 0.610 0.897 0.695 0.000 0.700 0.565
2026/08/06 12:02:53 - mmengine - INFO - Epoch(val) [87][116/116]    coco/bbox_mAP: 0.6360  coco/bbox_mAP_50: 0.8980  coco/bbox_mAP_75: 0.7380  coco/bbox_mAP_s: 0.0000  coco/bbox_mAP_m: 0.7280  coco/bbox_mAP_l: 0.5880  coco/segm_mAP: 0.6100  coco/segm_mAP_50: 0.8970  coco/segm_mAP_75: 0.6950  coco/segm_mAP_s: 0.0000  coco/segm_mAP_m: 0.7000  coco/segm_mAP_l: 0.5650  data_time: 0.0055  time: 0.0294
2026/08/06 12:02:57 - mmengine - INFO - Epoch(train)  [88][10/68]  base_lr: 2.4621e-05 lr: 2.4621e-05  eta: 0:05:20  time: 0.3741  data_time: 0.1416  memory: 604  grad_norm: 10.0274  loss: 0.3579  loss_cls: 0.0774  loss_bbox: 0.1946  loss_mask: 0.0859
2026/08/06 12:03:00 - mmengine - INFO - Epoch(train)  [88][20/68]  base_lr: 2.4226e-05 lr: 2.4226e-05  eta: 0:05:16  time: 0.3639  data_time: 0.1325  memory: 601  grad_norm: 10.5908  loss: 0.3682  loss_cls: 0.0842  loss_bbox: 0.1976  loss_mask: 0.0864
2026/08/06 12:03:04 - mmengine - INFO - Epoch(train)  [88][30/68]  base_lr: 2.3835e-05 lr: 2.3835e-05  eta: 0:05:13  time: 0.3672  data_time: 0.1321  memory: 603  grad_norm: 10.5124  loss: 0.3730  loss_cls: 0.0866  loss_bbox: 0.2002  loss_mask: 0.0862
2026/08/06 12:03:07 - mmengine - INFO - Epoch(train)  [88][40/68]  base_lr: 2.3447e-05 lr: 2.3447e-05  eta: 0:05:09  time: 0.3639  data_time: 0.1299  memory: 601  grad_norm: 10.8104  loss: 0.3735  loss_cls: 0.0854  loss_bbox: 0.2023  loss_mask: 0.0858
2026/08/06 12:03:11 - mmengine - INFO - Epoch(train)  [88][50/68]  base_lr: 2.3063e-05 lr: 2.3063e-05  eta: 0:05:05  time: 0.3676  data_time: 0.1338  memory: 601  grad_norm: 10.7904  loss: 0.3704  loss_cls: 0.0826  loss_bbox: 0.2002  loss_mask: 0.0876
2026/08/06 12:03:15 - mmengine - INFO - Epoch(train)  [88][60/68]  base_lr: 2.2682e-05 lr: 2.2682e-05  eta: 0:05:02  time: 0.3652  data_time: 0.1337  memory: 602  grad_norm: 11.2826  loss: 0.3749  loss_cls: 0.0835  loss_bbox: 0.2028  loss_mask: 0.0886
2026/08/06 12:03:18 - mmengine - INFO - Exp name: rtmdet_ins_busi_20260806_111712
2026/08/06 12:03:18 - mmengine - INFO - Saving checkpoint at 88 epochs
2026/08/06 12:03:20 - mmengine - INFO - Epoch(val)  [88][ 10/116]    eta: 0:00:03  time: 0.0297  data_time: 0.0053  memory: 601  
2026/08/06 12:03:20 - mmengine - INFO - Epoch(val)  [88][ 20/116]    eta: 0:00:02  time: 0.0298  data_time: 0.0053  memory: 108  
2026/08/06 12:03:21 - mmengine - INFO - Epoch(val)  [88][ 30/116]    eta: 0:00:02  time: 0.0296  data_time: 0.0052  memory: 115  
2026/08/06 12:03:21 - mmengine - INFO - Epoch(val)  [88][ 40/116]    eta: 0:00:02  time: 0.0290  data_time: 0.0051  memory: 107  
2026/08/06 12:03:21 - mmengine - INFO - Epoch(val)  [88][ 50/116]    eta: 0:00:01  time: 0.0296  data_time: 0.0052  memory: 135  
2026/08/06 12:03:21 - mmengine - INFO - Epoch(val)  [88][ 60/116]    eta: 0:00:01  time: 0.0296  data_time: 0.0052  memory: 116  
2026/08/06 12:03:22 - mmengine - INFO - Epoch(val)  [88][ 70/116]    eta: 0:00:01  time: 0.0291  data_time: 0.0051  memory: 103  
2026/08/06 12:03:22 - mmengine - INFO - Epoch(val)  [88][ 80/116]    eta: 0:00:01  time: 0.0285  data_time: 0.0052  memory: 112  
2026/08/06 12:03:22 - mmengine - INFO - Epoch(val)  [88][ 90/116]    eta: 0:00:00  time: 0.0290  data_time: 0.0057  memory: 139  
2026/08/06 12:03:23 - mmengine - INFO - Epoch(val)  [88][100/116]    eta: 0:00:00  time: 0.0286  data_time: 0.0056  memory: 135  
2026/08/06 12:03:23 - mmengine - INFO - Epoch(val)  [88][110/116]    eta: 0:00:00  time: 0.0281  data_time: 0.0054  memory: 103  
2026/08/06 12:03:23 - mmengine - INFO - Evaluating bbox...
2026/08/06 12:03:23 - mmengine - INFO - bbox_mAP_copypaste: 0.630 0.900 0.743 0.000 0.727 0.584
2026/08/06 12:03:23 - mmengine - INFO - Evaluating segm...
2026/08/06 12:03:23 - mmengine - INFO - segm_mAP_copypaste: 0.611 0.895 0.708 0.000 0.696 0.570
2026/08/06 12:03:23 - mmengine - INFO - Epoch(val) [88][116/116]    coco/bbox_mAP: 0.6300  coco/bbox_mAP_50: 0.9000  coco/bbox_mAP_75: 0.7430  coco/bbox_mAP_s: 0.0000  coco/bbox_mAP_m: 0.7270  coco/bbox_mAP_l: 0.5840  coco/segm_mAP: 0.6110  coco/segm_mAP_50: 0.8950  coco/segm_mAP_75: 0.7080  coco/segm_mAP_s: 0.0000  coco/segm_mAP_m: 0.6960  coco/segm_mAP_l: 0.5700  data_time: 0.0053  time: 0.0291
2026/08/06 12:03:27 - mmengine - INFO - Epoch(train)  [89][10/68]  base_lr: 2.2006e-05 lr: 2.2006e-05  eta: 0:04:55  time: 0.3642  data_time: 0.1365  memory: 602  grad_norm: 11.1286  loss: 0.3680  loss_cls: 0.0789  loss_bbox: 0.2016  loss_mask: 0.0875
2026/08/06 12:03:29 - mmengine - INFO - Exp name: rtmdet_ins_busi_20260806_111712
2026/08/06 12:03:31 - mmengine - INFO - Epoch(train)  [89][20/68]  base_lr: 2.1636e-05 lr: 2.1636e-05  eta: 0:04:52  time: 0.3666  data_time: 0.1400  memory: 601  grad_norm: 11.3050  loss: 0.3627  loss_cls: 0.0786  loss_bbox: 0.1979  loss_mask: 0.0862
2026/08/06 12:03:35 - mmengine - INFO - Epoch(train)  [89][30/68]  base_lr: 2.1269e-05 lr: 2.1269e-05  eta: 0:04:48  time: 0.3697  data_time: 0.1424  memory: 601  grad_norm: 10.9791  loss: 0.3632  loss_cls: 0.0805  loss_bbox: 0.1983  loss_mask: 0.0844
2026/08/06 12:03:38 - mmengine - INFO - Epoch(train)  [89][40/68]  base_lr: 2.0906e-05 lr: 2.0906e-05  eta: 0:04:44  time: 0.3702  data_time: 0.1408  memory: 600  grad_norm: 10.4477  loss: 0.3630  loss_cls: 0.0796  loss_bbox: 0.1981  loss_mask: 0.0853
2026/08/06 12:03:42 - mmengine - INFO - Epoch(train)  [89][50/68]  base_lr: 2.0547e-05 lr: 2.0547e-05  eta: 0:04:41  time: 0.3798  data_time: 0.1494  memory: 601  grad_norm: 10.1541  loss: 0.3653  loss_cls: 0.0818  loss_bbox: 0.1975  loss_mask: 0.0860
2026/08/06 12:03:46 - mmengine - INFO - Epoch(train)  [89][60/68]  base_lr: 2.0192e-05 lr: 2.0192e-05  eta: 0:04:37  time: 0.3805  data_time: 0.1494  memory: 601  grad_norm: 10.2688  loss: 0.3618  loss_cls: 0.0828  loss_bbox: 0.1945  loss_mask: 0.0845
2026/08/06 12:03:49 - mmengine - INFO - Exp name: rtmdet_ins_busi_20260806_111712
2026/08/06 12:03:49 - mmengine - INFO - Saving checkpoint at 89 epochs
2026/08/06 12:03:51 - mmengine - INFO - Epoch(val)  [89][ 10/116]    eta: 0:00:02  time: 0.0289  data_time: 0.0053  memory: 603  
2026/08/06 12:03:51 - mmengine - INFO - Epoch(val)  [89][ 20/116]    eta: 0:00:02  time: 0.0286  data_time: 0.0052  memory: 104  
2026/08/06 12:03:51 - mmengine - INFO - Epoch(val)  [89][ 30/116]    eta: 0:00:02  time: 0.0283  data_time: 0.0050  memory: 110  
2026/08/06 12:03:52 - mmengine - INFO - Epoch(val)  [89][ 40/116]    eta: 0:00:02  time: 0.0286  data_time: 0.0051  memory: 107  
2026/08/06 12:03:52 - mmengine - INFO - Epoch(val)  [89][ 50/116]    eta: 0:00:01  time: 0.0287  data_time: 0.0052  memory: 135  
2026/08/06 12:03:52 - mmengine - INFO - Epoch(val)  [89][ 60/116]    eta: 0:00:01  time: 0.0289  data_time: 0.0055  memory: 112  
2026/08/06 12:03:53 - mmengine - INFO - Epoch(val)  [89][ 70/116]    eta: 0:00:01  time: 0.0288  data_time: 0.0055  memory: 103  
2026/08/06 12:03:53 - mmengine - INFO - Epoch(val)  [89][ 80/116]    eta: 0:00:01  time: 0.0290  data_time: 0.0056  memory: 108  
2026/08/06 12:03:53 - mmengine - INFO - Epoch(val)  [89][ 90/116]    eta: 0:00:00  time: 0.0290  data_time: 0.0059  memory: 126  
2026/08/06 12:03:53 - mmengine - INFO - Epoch(val)  [89][100/116]    eta: 0:00:00  time: 0.0287  data_time: 0.0059  memory: 135  
2026/08/06 12:03:54 - mmengine - INFO - Epoch(val)  [89][110/116]    eta: 0:00:00  time: 0.0285  data_time: 0.0058  memory: 102  
2026/08/06 12:03:54 - mmengine - INFO - Evaluating bbox...
2026/08/06 12:03:54 - mmengine - INFO - bbox_mAP_copypaste: 0.623 0.898 0.760 0.000 0.719 0.576
2026/08/06 12:03:54 - mmengine - INFO - Evaluating segm...
2026/08/06 12:03:54 - mmengine - INFO - segm_mAP_copypaste: 0.607 0.898 0.694 0.000 0.694 0.565
2026/08/06 12:03:54 - mmengine - INFO - Epoch(val) [89][116/116]    coco/bbox_mAP: 0.6230  coco/bbox_mAP_50: 0.8980  coco/bbox_mAP_75: 0.7600  coco/bbox_mAP_s: 0.0000  coco/bbox_mAP_m: 0.7190  coco/bbox_mAP_l: 0.5760  coco/segm_mAP: 0.6070  coco/segm_mAP_50: 0.8980  coco/segm_mAP_75: 0.6940  coco/segm_mAP_s: 0.0000  coco/segm_mAP_m: 0.6940  coco/segm_mAP_l: 0.5650  data_time: 0.0056  time: 0.0286
2026/08/06 12:03:58 - mmengine - INFO - Epoch(train)  [90][10/68]  base_lr: 1.9563e-05 lr: 1.9563e-05  eta: 0:04:30  time: 0.3753  data_time: 0.1426  memory: 601  grad_norm: 10.6677  loss: 0.3657  loss_cls: 0.0838  loss_bbox: 0.1953  loss_mask: 0.0866
2026/08/06 12:04:02 - mmengine - INFO - Epoch(train)  [90][20/68]  base_lr: 1.9218e-05 lr: 1.9218e-05  eta: 0:04:27  time: 0.3768  data_time: 0.1469  memory: 599  grad_norm: 10.7884  loss: 0.3614  loss_cls: 0.0847  loss_bbox: 0.1909  loss_mask: 0.0858
2026/08/06 12:04:05 - mmengine - INFO - Epoch(train)  [90][30/68]  base_lr: 1.8878e-05 lr: 1.8878e-05  eta: 0:04:23  time: 0.3721  data_time: 0.1438  memory: 602  grad_norm: 10.8719  loss: 0.3656  loss_cls: 0.0843  loss_bbox: 0.1928  loss_mask: 0.0885
2026/08/06 12:04:09 - mmengine - INFO - Epoch(train)  [90][40/68]  base_lr: 1.8542e-05 lr: 1.8542e-05  eta: 0:04:19  time: 0.3732  data_time: 0.1418  memory: 603  grad_norm: 10.8413  loss: 0.3616  loss_cls: 0.0784  loss_bbox: 0.1948  loss_mask: 0.0884
2026/08/06 12:04:13 - mmengine - INFO - Epoch(train)  [90][50/68]  base_lr: 1.8210e-05 lr: 1.8210e-05  eta: 0:04:16  time: 0.3817  data_time: 0.1459  memory: 602  grad_norm: 10.1705  loss: 0.3565  loss_cls: 0.0784  loss_bbox: 0.1901  loss_mask: 0.0879
2026/08/06 12:04:17 - mmengine - INFO - Epoch(train)  [90][60/68]  base_lr: 1.7881e-05 lr: 1.7881e-05  eta: 0:04:12  time: 0.3760  data_time: 0.1412  memory: 602  grad_norm: 10.5193  loss: 0.3561  loss_cls: 0.0768  loss_bbox: 0.1913  loss_mask: 0.0879
2026/08/06 12:04:20 - mmengine - INFO - Exp name: rtmdet_ins_busi_20260806_111712
2026/08/06 12:04:20 - mmengine - INFO - Saving checkpoint at 90 epochs
2026/08/06 12:04:22 - mmengine - INFO - Epoch(val)  [90][ 10/116]    eta: 0:00:03  time: 0.0292  data_time: 0.0058  memory: 601  
2026/08/06 12:04:22 - mmengine - INFO - Epoch(val)  [90][ 20/116]    eta: 0:00:02  time: 0.0290  data_time: 0.0055  memory: 108  
2026/08/06 12:04:23 - mmengine - INFO - Epoch(val)  [90][ 30/116]    eta: 0:00:02  time: 0.0288  data_time: 0.0049  memory: 112  
2026/08/06 12:04:23 - mmengine - INFO - Epoch(val)  [90][ 40/116]    eta: 0:00:02  time: 0.0297  data_time: 0.0048  memory: 107  
2026/08/06 12:04:23 - mmengine - INFO - Epoch(val)  [90][ 50/116]    eta: 0:00:01  time: 0.0302  data_time: 0.0050  memory: 135  
2026/08/06 12:04:24 - mmengine - INFO - Epoch(val)  [90][ 60/116]    eta: 0:00:01  time: 0.0305  data_time: 0.0053  memory: 112  
2026/08/06 12:04:24 - mmengine - INFO - Epoch(val)  [90][ 70/116]    eta: 0:00:01  time: 0.0305  data_time: 0.0055  memory: 103  
2026/08/06 12:04:24 - mmengine - INFO - Epoch(val)  [90][ 80/116]    eta: 0:00:01  time: 0.0309  data_time: 0.0056  memory: 108  
2026/08/06 12:04:24 - mmengine - INFO - Epoch(val)  [90][ 90/116]    eta: 0:00:00  time: 0.0308  data_time: 0.0060  memory: 126  
2026/08/06 12:04:25 - mmengine - INFO - Epoch(val)  [90][100/116]    eta: 0:00:00  time: 0.0309  data_time: 0.0058  memory: 135  
2026/08/06 12:04:25 - mmengine - INFO - Epoch(val)  [90][110/116]    eta: 0:00:00  time: 0.0305  data_time: 0.0056  memory: 103  
2026/08/06 12:04:25 - mmengine - INFO - Evaluating bbox...
2026/08/06 12:04:25 - mmengine - INFO - bbox_mAP_copypaste: 0.627 0.899 0.755 0.000 0.714 0.582
2026/08/06 12:04:25 - mmengine - INFO - Evaluating segm...
2026/08/06 12:04:25 - mmengine - INFO - segm_mAP_copypaste: 0.611 0.895 0.706 0.000 0.701 0.569
2026/08/06 12:04:25 - mmengine - INFO - Epoch(val) [90][116/116]    coco/bbox_mAP: 0.6270  coco/bbox_mAP_50: 0.8990  coco/bbox_mAP_75: 0.7550  coco/bbox_mAP_s: 0.0000  coco/bbox_mAP_m: 0.7140  coco/bbox_mAP_l: 0.5820  coco/segm_mAP: 0.6110  coco/segm_mAP_50: 0.8950  coco/segm_mAP_75: 0.7060  coco/segm_mAP_s: 0.0000  coco/segm_mAP_m: 0.7010  coco/segm_mAP_l: 0.5690  data_time: 0.0054  time: 0.0304
2026/08/06 12:04:29 - mmengine - INFO - Epoch(train)  [91][10/68]  base_lr: 1.7301e-05 lr: 1.7301e-05  eta: 0:04:05  time: 0.3761  data_time: 0.1383  memory: 602  grad_norm: 10.9303  loss: 0.3515  loss_cls: 0.0730  loss_bbox: 0.1930  loss_mask: 0.0855
2026/08/06 12:04:33 - mmengine - INFO - Epoch(train)  [91][20/68]  base_lr: 1.6984e-05 lr: 1.6984e-05  eta: 0:04:02  time: 0.3714  data_time: 0.1352  memory: 601  grad_norm: 10.6847  loss: 0.3429  loss_cls: 0.0679  loss_bbox: 0.1915  loss_mask: 0.0835
2026/08/06 12:04:36 - mmengine - INFO - Epoch(train)  [91][30/68]  base_lr: 1.6672e-05 lr: 1.6672e-05  eta: 0:03:58  time: 0.3678  data_time: 0.1338  memory: 602  grad_norm: 10.6006  loss: 0.3440  loss_cls: 0.0681  loss_bbox: 0.1922  loss_mask: 0.0836
2026/08/06 12:04:40 - mmengine - INFO - Epoch(train)  [91][40/68]  base_lr: 1.6363e-05 lr: 1.6363e-05  eta: 0:03:54  time: 0.3727  data_time: 0.1350  memory: 601  grad_norm: 10.2996  loss: 0.3477  loss_cls: 0.0681  loss_bbox: 0.1947  loss_mask: 0.0849
2026/08/06 12:04:44 - mmengine - INFO - Epoch(train)  [91][50/68]  base_lr: 1.6059e-05 lr: 1.6059e-05  eta: 0:03:51  time: 0.3743  data_time: 0.1350  memory: 601  grad_norm: 9.8706  loss: 0.3391  loss_cls: 0.0667  loss_bbox: 0.1885  loss_mask: 0.0840
2026/08/06 12:04:48 - mmengine - INFO - Epoch(train)  [91][60/68]  base_lr: 1.5759e-05 lr: 1.5759e-05  eta: 0:03:47  time: 0.3708  data_time: 0.1331  memory: 601  grad_norm: 9.9292  loss: 0.3439  loss_cls: 0.0693  loss_bbox: 0.1911  loss_mask: 0.0835
2026/08/06 12:04:51 - mmengine - INFO - Exp name: rtmdet_ins_busi_20260806_111712
2026/08/06 12:04:51 - mmengine - INFO - Saving checkpoint at 91 epochs
2026/08/06 12:04:53 - mmengine - INFO - Epoch(val)  [91][ 10/116]    eta: 0:00:03  time: 0.0308  data_time: 0.0057  memory: 601  
2026/08/06 12:04:53 - mmengine - INFO - Epoch(val)  [91][ 20/116]    eta: 0:00:02  time: 0.0305  data_time: 0.0057  memory: 108  
2026/08/06 12:04:54 - mmengine - INFO - Epoch(val)  [91][ 30/116]    eta: 0:00:02  time: 0.0295  data_time: 0.0053  memory: 110  
2026/08/06 12:04:54 - mmengine - INFO - Epoch(val)  [91][ 40/116]    eta: 0:00:02  time: 0.0292  data_time: 0.0050  memory: 107  
2026/08/06 12:04:54 - mmengine - INFO - Epoch(val)  [91][ 50/116]    eta: 0:00:01  time: 0.0298  data_time: 0.0052  memory: 135  
2026/08/06 12:04:54 - mmengine - INFO - Epoch(val)  [91][ 60/116]    eta: 0:00:01  time: 0.0296  data_time: 0.0055  memory: 112  
2026/08/06 12:04:55 - mmengine - INFO - Epoch(val)  [91][ 70/116]    eta: 0:00:01  time: 0.0296  data_time: 0.0053  memory: 100  
2026/08/06 12:04:55 - mmengine - INFO - Epoch(val)  [91][ 80/116]    eta: 0:00:01  time: 0.0299  data_time: 0.0055  memory: 108  
2026/08/06 12:04:55 - mmengine - INFO - Epoch(val)  [91][ 90/116]    eta: 0:00:00  time: 0.0304  data_time: 0.0060  memory: 126  
2026/08/06 12:04:56 - mmengine - INFO - Epoch(val)  [91][100/116]    eta: 0:00:00  time: 0.0298  data_time: 0.0060  memory: 143  
2026/08/06 12:04:56 - mmengine - INFO - Epoch(val)  [91][110/116]    eta: 0:00:00  time: 0.0297  data_time: 0.0058  memory: 103  
2026/08/06 12:04:56 - mmengine - INFO - Evaluating bbox...
2026/08/06 12:04:56 - mmengine - INFO - bbox_mAP_copypaste: 0.629 0.900 0.737 0.000 0.714 0.585
2026/08/06 12:04:56 - mmengine - INFO - Evaluating segm...
2026/08/06 12:04:56 - mmengine - INFO - segm_mAP_copypaste: 0.609 0.896 0.705 0.000 0.697 0.566
2026/08/06 12:04:56 - mmengine - INFO - Epoch(val) [91][116/116]    coco/bbox_mAP: 0.6290  coco/bbox_mAP_50: 0.9000  coco/bbox_mAP_75: 0.7370  coco/bbox_mAP_s: 0.0000  coco/bbox_mAP_m: 0.7140  coco/bbox_mAP_l: 0.5850  coco/segm_mAP: 0.6090  coco/segm_mAP_50: 0.8960  coco/segm_mAP_75: 0.7050  coco/segm_mAP_s: 0.0000  coco/segm_mAP_m: 0.6970  coco/segm_mAP_l: 0.5660  data_time: 0.0057  time: 0.0299
2026/08/06 12:05:00 - mmengine - INFO - Epoch(train)  [92][10/68]  base_lr: 1.5230e-05 lr: 1.5230e-05  eta: 0:03:40  time: 0.3739  data_time: 0.1352  memory: 603  grad_norm: 10.3897  loss: 0.3486  loss_cls: 0.0790  loss_bbox: 0.1872  loss_mask: 0.0824
2026/08/06 12:05:03 - mmengine - INFO - Epoch(train)  [92][20/68]  base_lr: 1.4942e-05 lr: 1.4942e-05  eta: 0:03:37  time: 0.3649  data_time: 0.1298  memory: 601  grad_norm: 10.9238  loss: 0.3534  loss_cls: 0.0828  loss_bbox: 0.1894  loss_mask: 0.0812
2026/08/06 12:05:07 - mmengine - INFO - Epoch(train)  [92][30/68]  base_lr: 1.4659e-05 lr: 1.4659e-05  eta: 0:03:33  time: 0.3676  data_time: 0.1348  memory: 602  grad_norm: 11.1023  loss: 0.3559  loss_cls: 0.0867  loss_bbox: 0.1879  loss_mask: 0.0814
2026/08/06 12:05:11 - mmengine - INFO - Epoch(train)  [92][40/68]  base_lr: 1.4379e-05 lr: 1.4379e-05  eta: 0:03:30  time: 0.3728  data_time: 0.1381  memory: 602  grad_norm: 11.1169  loss: 0.3538  loss_cls: 0.0849  loss_bbox: 0.1879  loss_mask: 0.0809
2026/08/06 12:05:15 - mmengine - INFO - Epoch(train)  [92][50/68]  base_lr: 1.4104e-05 lr: 1.4104e-05  eta: 0:03:26  time: 0.3761  data_time: 0.1403  memory: 602  grad_norm: 10.4619  loss: 0.3473  loss_cls: 0.0779  loss_bbox: 0.1865  loss_mask: 0.0829
2026/08/06 12:05:19 - mmengine - INFO - Epoch(train)  [92][60/68]  base_lr: 1.3834e-05 lr: 1.3834e-05  eta: 0:03:22  time: 0.3745  data_time: 0.1410  memory: 599  grad_norm: 10.5624  loss: 0.3611  loss_cls: 0.0813  loss_bbox: 0.1948  loss_mask: 0.0850
2026/08/06 12:05:22 - mmengine - INFO - Exp name: rtmdet_ins_busi_20260806_111712
2026/08/06 12:05:22 - mmengine - INFO - Saving checkpoint at 92 epochs
2026/08/06 12:05:24 - mmengine - INFO - Epoch(val)  [92][ 10/116]    eta: 0:00:03  time: 0.0309  data_time: 0.0063  memory: 600  
2026/08/06 12:05:24 - mmengine - INFO - Epoch(val)  [92][ 20/116]    eta: 0:00:02  time: 0.0306  data_time: 0.0061  memory: 108  
2026/08/06 12:05:25 - mmengine - INFO - Epoch(val)  [92][ 30/116]    eta: 0:00:02  time: 0.0300  data_time: 0.0056  memory: 107  
2026/08/06 12:05:25 - mmengine - INFO - Epoch(val)  [92][ 40/116]    eta: 0:00:02  time: 0.0297  data_time: 0.0055  memory: 107  
2026/08/06 12:05:25 - mmengine - INFO - Epoch(val)  [92][ 50/116]    eta: 0:00:01  time: 0.0298  data_time: 0.0055  memory: 135  
2026/08/06 12:05:25 - mmengine - INFO - Epoch(val)  [92][ 60/116]    eta: 0:00:01  time: 0.0298  data_time: 0.0057  memory: 112  
2026/08/06 12:05:26 - mmengine - INFO - Epoch(val)  [92][ 70/116]    eta: 0:00:01  time: 0.0302  data_time: 0.0058  memory: 100  
2026/08/06 12:05:26 - mmengine - INFO - Epoch(val)  [92][ 80/116]    eta: 0:00:01  time: 0.0306  data_time: 0.0060  memory: 108  
2026/08/06 12:05:26 - mmengine - INFO - Epoch(val)  [92][ 90/116]    eta: 0:00:00  time: 0.0311  data_time: 0.0063  memory: 126  
2026/08/06 12:05:27 - mmengine - INFO - Epoch(val)  [92][100/116]    eta: 0:00:00  time: 0.0311  data_time: 0.0060  memory: 140  
2026/08/06 12:05:27 - mmengine - INFO - Epoch(val)  [92][110/116]    eta: 0:00:00  time: 0.0303  data_time: 0.0056  memory: 102  
2026/08/06 12:05:27 - mmengine - INFO - Evaluating bbox...
2026/08/06 12:05:27 - mmengine - INFO - bbox_mAP_copypaste: 0.632 0.899 0.746 0.000 0.720 0.585
2026/08/06 12:05:27 - mmengine - INFO - Evaluating segm...
2026/08/06 12:05:27 - mmengine - INFO - segm_mAP_copypaste: 0.607 0.895 0.683 0.000 0.693 0.566
2026/08/06 12:05:27 - mmengine - INFO - Epoch(val) [92][116/116]    coco/bbox_mAP: 0.6320  coco/bbox_mAP_50: 0.8990  coco/bbox_mAP_75: 0.7460  coco/bbox_mAP_s: 0.0000  coco/bbox_mAP_m: 0.7200  coco/bbox_mAP_l: 0.5850  coco/segm_mAP: 0.6070  coco/segm_mAP_50: 0.8950  coco/segm_mAP_75: 0.6830  coco/segm_mAP_s: 0.0000  coco/segm_mAP_m: 0.6930  coco/segm_mAP_l: 0.5660  data_time: 0.0057  time: 0.0302
2026/08/06 12:05:31 - mmengine - INFO - Epoch(train)  [93][10/68]  base_lr: 1.3358e-05 lr: 1.3358e-05  eta: 0:03:16  time: 0.3809  data_time: 0.1451  memory: 601  grad_norm: 10.0359  loss: 0.3571  loss_cls: 0.0777  loss_bbox: 0.1950  loss_mask: 0.0844
2026/08/06 12:05:35 - mmengine - INFO - Epoch(train)  [93][20/68]  base_lr: 1.3100e-05 lr: 1.3100e-05  eta: 0:03:12  time: 0.3766  data_time: 0.1403  memory: 601  grad_norm: 10.2616  loss: 0.3595  loss_cls: 0.0769  loss_bbox: 0.1968  loss_mask: 0.0859
2026/08/06 12:05:39 - mmengine - INFO - Epoch(train)  [93][30/68]  base_lr: 1.2847e-05 lr: 1.2847e-05  eta: 0:03:08  time: 0.3764  data_time: 0.1413  memory: 601  grad_norm: 10.3412  loss: 0.3526  loss_cls: 0.0738  loss_bbox: 0.1951  loss_mask: 0.0837
2026/08/06 12:05:42 - mmengine - INFO - Epoch(train)  [93][40/68]  base_lr: 1.2598e-05 lr: 1.2598e-05  eta: 0:03:05  time: 0.3763  data_time: 0.1401  memory: 601  grad_norm: 10.3866  loss: 0.3524  loss_cls: 0.0743  loss_bbox: 0.1959  loss_mask: 0.0822
2026/08/06 12:05:46 - mmengine - INFO - Epoch(train)  [93][50/68]  base_lr: 1.2353e-05 lr: 1.2353e-05  eta: 0:03:01  time: 0.3767  data_time: 0.1390  memory: 602  grad_norm: 10.3139  loss: 0.3386  loss_cls: 0.0702  loss_bbox: 0.1860  loss_mask: 0.0824
2026/08/06 12:05:50 - mmengine - INFO - Epoch(train)  [93][60/68]  base_lr: 1.2113e-05 lr: 1.2113e-05  eta: 0:02:57  time: 0.3738  data_time: 0.1383  memory: 601  grad_norm: 10.3242  loss: 0.3374  loss_cls: 0.0694  loss_bbox: 0.1864  loss_mask: 0.0817
2026/08/06 12:05:53 - mmengine - INFO - Exp name: rtmdet_ins_busi_20260806_111712
2026/08/06 12:05:53 - mmengine - INFO - Saving checkpoint at 93 epochs
2026/08/06 12:05:55 - mmengine - INFO - Epoch(val)  [93][ 10/116]    eta: 0:00:03  time: 0.0303  data_time: 0.0059  memory: 604  
2026/08/06 12:05:55 - mmengine - INFO - Epoch(val)  [93][ 20/116]    eta: 0:00:03  time: 0.0306  data_time: 0.0057  memory: 108  
2026/08/06 12:05:56 - mmengine - INFO - Epoch(val)  [93][ 30/116]    eta: 0:00:02  time: 0.0300  data_time: 0.0054  memory: 107  
2026/08/06 12:05:56 - mmengine - INFO - Epoch(val)  [93][ 40/116]    eta: 0:00:02  time: 0.0298  data_time: 0.0053  memory: 107  
2026/08/06 12:05:56 - mmengine - INFO - Epoch(val)  [93][ 50/116]    eta: 0:00:02  time: 0.0305  data_time: 0.0056  memory: 135  
2026/08/06 12:05:57 - mmengine - INFO - Epoch(val)  [93][ 60/116]    eta: 0:00:01  time: 0.0310  data_time: 0.0059  memory: 116  
2026/08/06 12:05:57 - mmengine - INFO - Epoch(val)  [93][ 70/116]    eta: 0:00:01  time: 0.0308  data_time: 0.0059  memory: 100  
2026/08/06 12:05:57 - mmengine - INFO - Epoch(val)  [93][ 80/116]    eta: 0:00:01  time: 0.0316  data_time: 0.0061  memory: 105  
2026/08/06 12:05:58 - mmengine - INFO - Epoch(val)  [93][ 90/116]    eta: 0:00:00  time: 0.0319  data_time: 0.0066  memory: 126  
2026/08/06 12:05:58 - mmengine - INFO - Epoch(val)  [93][100/116]    eta: 0:00:00  time: 0.0314  data_time: 0.0063  memory: 135  
2026/08/06 12:05:58 - mmengine - INFO - Epoch(val)  [93][110/116]    eta: 0:00:00  time: 0.0308  data_time: 0.0058  memory: 103  
2026/08/06 12:05:58 - mmengine - INFO - Evaluating bbox...
2026/08/06 12:05:58 - mmengine - INFO - bbox_mAP_copypaste: 0.632 0.898 0.745 0.000 0.724 0.583
2026/08/06 12:05:58 - mmengine - INFO - Evaluating segm...
2026/08/06 12:05:59 - mmengine - INFO - segm_mAP_copypaste: 0.611 0.894 0.706 0.000 0.702 0.566
2026/08/06 12:05:59 - mmengine - INFO - Epoch(val) [93][116/116]    coco/bbox_mAP: 0.6320  coco/bbox_mAP_50: 0.8980  coco/bbox_mAP_75: 0.7450  coco/bbox_mAP_s: 0.0000  coco/bbox_mAP_m: 0.7240  coco/bbox_mAP_l: 0.5830  coco/segm_mAP: 0.6110  coco/segm_mAP_50: 0.8940  coco/segm_mAP_75: 0.7060  coco/segm_mAP_s: 0.0000  coco/segm_mAP_m: 0.7020  coco/segm_mAP_l: 0.5660  data_time: 0.0058  time: 0.0308
2026/08/06 12:06:02 - mmengine - INFO - Epoch(train)  [94][10/68]  base_lr: 1.1693e-05 lr: 1.1693e-05  eta: 0:02:51  time: 0.3754  data_time: 0.1397  memory: 602  grad_norm: 10.3980  loss: 0.3461  loss_cls: 0.0736  loss_bbox: 0.1899  loss_mask: 0.0825
2026/08/06 12:06:06 - mmengine - INFO - Epoch(train)  [94][20/68]  base_lr: 1.1465e-05 lr: 1.1465e-05  eta: 0:02:47  time: 0.3787  data_time: 0.1422  memory: 601  grad_norm: 10.3536  loss: 0.3367  loss_cls: 0.0701  loss_bbox: 0.1837  loss_mask: 0.0828
2026/08/06 12:06:10 - mmengine - INFO - Epoch(train)  [94][30/68]  base_lr: 1.1243e-05 lr: 1.1243e-05  eta: 0:02:43  time: 0.3831  data_time: 0.1449  memory: 602  grad_norm: 10.8869  loss: 0.3482  loss_cls: 0.0722  loss_bbox: 0.1917  loss_mask: 0.0843
2026/08/06 12:06:14 - mmengine - INFO - Epoch(train)  [94][40/68]  base_lr: 1.1025e-05 lr: 1.1025e-05  eta: 0:02:40  time: 0.3829  data_time: 0.1437  memory: 602  grad_norm: 10.8480  loss: 0.3493  loss_cls: 0.0717  loss_bbox: 0.1922  loss_mask: 0.0853
2026/08/06 12:06:18 - mmengine - INFO - Epoch(train)  [94][50/68]  base_lr: 1.0812e-05 lr: 1.0812e-05  eta: 0:02:36  time: 0.3868  data_time: 0.1451  memory: 602  grad_norm: 10.7073  loss: 0.3488  loss_cls: 0.0690  loss_bbox: 0.1937  loss_mask: 0.0862
2026/08/06 12:06:21 - mmengine - INFO - Epoch(train)  [94][60/68]  base_lr: 1.0603e-05 lr: 1.0603e-05  eta: 0:02:32  time: 0.3798  data_time: 0.1398  memory: 600  grad_norm: 10.8021  loss: 0.3388  loss_cls: 0.0656  loss_bbox: 0.1884  loss_mask: 0.0847
2026/08/06 12:06:24 - mmengine - INFO - Exp name: rtmdet_ins_busi_20260806_111712
2026/08/06 12:06:24 - mmengine - INFO - Saving checkpoint at 94 epochs
2026/08/06 12:06:27 - mmengine - INFO - Epoch(val)  [94][ 10/116]    eta: 0:00:03  time: 0.0308  data_time: 0.0058  memory: 602  
2026/08/06 12:06:27 - mmengine - INFO - Epoch(val)  [94][ 20/116]    eta: 0:00:02  time: 0.0306  data_time: 0.0057  memory: 108  
2026/08/06 12:06:27 - mmengine - INFO - Epoch(val)  [94][ 30/116]    eta: 0:00:02  time: 0.0301  data_time: 0.0054  memory: 110  
2026/08/06 12:06:28 - mmengine - INFO - Epoch(val)  [94][ 40/116]    eta: 0:00:02  time: 0.0304  data_time: 0.0056  memory: 107  
2026/08/06 12:06:28 - mmengine - INFO - Epoch(val)  [94][ 50/116]    eta: 0:00:02  time: 0.0309  data_time: 0.0058  memory: 135  
2026/08/06 12:06:28 - mmengine - INFO - Epoch(val)  [94][ 60/116]    eta: 0:00:01  time: 0.0306  data_time: 0.0058  memory: 116  
2026/08/06 12:06:29 - mmengine - INFO - Epoch(val)  [94][ 70/116]    eta: 0:00:01  time: 0.0307  data_time: 0.0058  memory: 103  
2026/08/06 12:06:29 - mmengine - INFO - Epoch(val)  [94][ 80/116]    eta: 0:00:01  time: 0.0310  data_time: 0.0057  memory: 108  
2026/08/06 12:06:29 - mmengine - INFO - Epoch(val)  [94][ 90/116]    eta: 0:00:00  time: 0.0314  data_time: 0.0060  memory: 133  
2026/08/06 12:06:30 - mmengine - INFO - Epoch(val)  [94][100/116]    eta: 0:00:00  time: 0.0307  data_time: 0.0058  memory: 135  
2026/08/06 12:06:30 - mmengine - INFO - Epoch(val)  [94][110/116]    eta: 0:00:00  time: 0.0304  data_time: 0.0056  memory: 102  
2026/08/06 12:06:30 - mmengine - INFO - Evaluating bbox...
2026/08/06 12:06:30 - mmengine - INFO - bbox_mAP_copypaste: 0.627 0.899 0.738 0.000 0.719 0.579
2026/08/06 12:06:30 - mmengine - INFO - Evaluating segm...
2026/08/06 12:06:30 - mmengine - INFO - segm_mAP_copypaste: 0.607 0.895 0.705 0.000 0.696 0.563
2026/08/06 12:06:30 - mmengine - INFO - Epoch(val) [94][116/116]    coco/bbox_mAP: 0.6270  coco/bbox_mAP_50: 0.8990  coco/bbox_mAP_75: 0.7380  coco/bbox_mAP_s: 0.0000  coco/bbox_mAP_m: 0.7190  coco/bbox_mAP_l: 0.5790  coco/segm_mAP: 0.6070  coco/segm_mAP_50: 0.8950  coco/segm_mAP_75: 0.7050  coco/segm_mAP_s: 0.0000  coco/segm_mAP_m: 0.6960  coco/segm_mAP_l: 0.5630  data_time: 0.0058  time: 0.0306
2026/08/06 12:06:34 - mmengine - INFO - Epoch(train)  [95][10/68]  base_lr: 1.0240e-05 lr: 1.0240e-05  eta: 0:02:26  time: 0.3716  data_time: 0.1331  memory: 601  grad_norm: 10.6670  loss: 0.3385  loss_cls: 0.0692  loss_bbox: 0.1870  loss_mask: 0.0822
2026/08/06 12:06:38 - mmengine - INFO - Epoch(train)  [95][20/68]  base_lr: 1.0044e-05 lr: 1.0044e-05  eta: 0:02:22  time: 0.3694  data_time: 0.1332  memory: 601  grad_norm: 10.7911  loss: 0.3371  loss_cls: 0.0704  loss_bbox: 0.1856  loss_mask: 0.0811
2026/08/06 12:06:41 - mmengine - INFO - Epoch(train)  [95][30/68]  base_lr: 9.8537e-06 lr: 9.8537e-06  eta: 0:02:18  time: 0.3682  data_time: 0.1348  memory: 602  grad_norm: 10.8497  loss: 0.3304  loss_cls: 0.0696  loss_bbox: 0.1815  loss_mask: 0.0794
2026/08/06 12:06:45 - mmengine - INFO - Epoch(train)  [95][40/68]  base_lr: 9.6679e-06 lr: 9.6679e-06  eta: 0:02:15  time: 0.3716  data_time: 0.1379  memory: 600  grad_norm: 10.6074  loss: 0.3311  loss_cls: 0.0724  loss_bbox: 0.1800  loss_mask: 0.0788
2026/08/06 12:06:49 - mmengine - INFO - Epoch(train)  [95][50/68]  base_lr: 9.4868e-06 lr: 9.4868e-06  eta: 0:02:11  time: 0.3710  data_time: 0.1356  memory: 601  grad_norm: 10.6476  loss: 0.3315  loss_cls: 0.0712  loss_bbox: 0.1802  loss_mask: 0.0801
2026/08/06 12:06:52 - mmengine - INFO - Epoch(train)  [95][60/68]  base_lr: 9.3106e-06 lr: 9.3106e-06  eta: 0:02:07  time: 0.3712  data_time: 0.1360  memory: 601  grad_norm: 10.3619  loss: 0.3333  loss_cls: 0.0744  loss_bbox: 0.1785  loss_mask: 0.0803
2026/08/06 12:06:55 - mmengine - INFO - Exp name: rtmdet_ins_busi_20260806_111712
2026/08/06 12:06:55 - mmengine - INFO - Saving checkpoint at 95 epochs
2026/08/06 12:06:57 - mmengine - INFO - Epoch(val)  [95][ 10/116]    eta: 0:00:03  time: 0.0304  data_time: 0.0058  memory: 603  
2026/08/06 12:06:58 - mmengine - INFO - Epoch(val)  [95][ 20/116]    eta: 0:00:02  time: 0.0299  data_time: 0.0058  memory: 108  
2026/08/06 12:06:58 - mmengine - INFO - Epoch(val)  [95][ 30/116]    eta: 0:00:02  time: 0.0291  data_time: 0.0054  memory: 112  
2026/08/06 12:06:58 - mmengine - INFO - Epoch(val)  [95][ 40/116]    eta: 0:00:02  time: 0.0294  data_time: 0.0053  memory: 107  
2026/08/06 12:06:59 - mmengine - INFO - Epoch(val)  [95][ 50/116]    eta: 0:00:01  time: 0.0297  data_time: 0.0055  memory: 135  
2026/08/06 12:06:59 - mmengine - INFO - Epoch(val)  [95][ 60/116]    eta: 0:00:01  time: 0.0304  data_time: 0.0056  memory: 116  
2026/08/06 12:06:59 - mmengine - INFO - Epoch(val)  [95][ 70/116]    eta: 0:00:01  time: 0.0305  data_time: 0.0056  memory: 103  
2026/08/06 12:07:00 - mmengine - INFO - Epoch(val)  [95][ 80/116]    eta: 0:00:01  time: 0.0308  data_time: 0.0056  memory: 112  
2026/08/06 12:07:00 - mmengine - INFO - Epoch(val)  [95][ 90/116]    eta: 0:00:00  time: 0.0309  data_time: 0.0060  memory: 126  
2026/08/06 12:07:00 - mmengine - INFO - Epoch(val)  [95][100/116]    eta: 0:00:00  time: 0.0304  data_time: 0.0058  memory: 130  
2026/08/06 12:07:00 - mmengine - INFO - Epoch(val)  [95][110/116]    eta: 0:00:00  time: 0.0294  data_time: 0.0056  memory: 103  
2026/08/06 12:07:01 - mmengine - INFO - Evaluating bbox...
2026/08/06 12:07:01 - mmengine - INFO - bbox_mAP_copypaste: 0.626 0.899 0.750 0.000 0.726 0.576
2026/08/06 12:07:01 - mmengine - INFO - Evaluating segm...
2026/08/06 12:07:01 - mmengine - INFO - segm_mAP_copypaste: 0.607 0.894 0.680 0.000 0.696 0.565
2026/08/06 12:07:01 - mmengine - INFO - Epoch(val) [95][116/116]    coco/bbox_mAP: 0.6260  coco/bbox_mAP_50: 0.8990  coco/bbox_mAP_75: 0.7500  coco/bbox_mAP_s: 0.0000  coco/bbox_mAP_m: 0.7260  coco/bbox_mAP_l: 0.5760  coco/segm_mAP: 0.6070  coco/segm_mAP_50: 0.8940  coco/segm_mAP_75: 0.6800  coco/segm_mAP_s: 0.0000  coco/segm_mAP_m: 0.6960  coco/segm_mAP_l: 0.5650  data_time: 0.0056  time: 0.0299
2026/08/06 12:07:05 - mmengine - INFO - Epoch(train)  [96][10/68]  base_lr: 9.0054e-06 lr: 9.0054e-06  eta: 0:02:01  time: 0.3720  data_time: 0.1360  memory: 601  grad_norm: 10.4564  loss: 0.3507  loss_cls: 0.0794  loss_bbox: 0.1878  loss_mask: 0.0835
2026/08/06 12:07:08 - mmengine - INFO - Epoch(train)  [96][20/68]  base_lr: 8.8426e-06 lr: 8.8426e-06  eta: 0:01:57  time: 0.3657  data_time: 0.1313  memory: 603  grad_norm: 10.6429  loss: 0.3511  loss_cls: 0.0786  loss_bbox: 0.1885  loss_mask: 0.0840
2026/08/06 12:07:12 - mmengine - INFO - Epoch(train)  [96][30/68]  base_lr: 8.6847e-06 lr: 8.6847e-06  eta: 0:01:53  time: 0.3682  data_time: 0.1343  memory: 603  grad_norm: 10.7853  loss: 0.3575  loss_cls: 0.0793  loss_bbox: 0.1934  loss_mask: 0.0848
2026/08/06 12:07:16 - mmengine - INFO - Epoch(train)  [96][40/68]  base_lr: 8.5316e-06 lr: 8.5316e-06  eta: 0:01:50  time: 0.3699  data_time: 0.1373  memory: 601  grad_norm: 10.7436  loss: 0.3567  loss_cls: 0.0762  loss_bbox: 0.1948  loss_mask: 0.0856
2026/08/06 12:07:19 - mmengine - INFO - Epoch(train)  [96][50/68]  base_lr: 8.3835e-06 lr: 8.3835e-06  eta: 0:01:46  time: 0.3673  data_time: 0.1350  memory: 601  grad_norm: 10.5158  loss: 0.3406  loss_cls: 0.0715  loss_bbox: 0.1879  loss_mask: 0.0812
2026/08/06 12:07:23 - mmengine - INFO - Epoch(train)  [96][60/68]  base_lr: 8.2402e-06 lr: 8.2402e-06  eta: 0:01:42  time: 0.3605  data_time: 0.1294  memory: 601  grad_norm: 10.7520  loss: 0.3522  loss_cls: 0.0758  loss_bbox: 0.1926  loss_mask: 0.0837
2026/08/06 12:07:25 - mmengine - INFO - Exp name: rtmdet_ins_busi_20260806_111712
2026/08/06 12:07:25 - mmengine - INFO - Saving checkpoint at 96 epochs
2026/08/06 12:07:28 - mmengine - INFO - Epoch(val)  [96][ 10/116]    eta: 0:00:03  time: 0.0300  data_time: 0.0056  memory: 601  
2026/08/06 12:07:28 - mmengine - INFO - Epoch(val)  [96][ 20/116]    eta: 0:00:02  time: 0.0298  data_time: 0.0055  memory: 108  
2026/08/06 12:07:28 - mmengine - INFO - Epoch(val)  [96][ 30/116]    eta: 0:00:02  time: 0.0295  data_time: 0.0051  memory: 107  
2026/08/06 12:07:29 - mmengine - INFO - Epoch(val)  [96][ 40/116]    eta: 0:00:02  time: 0.0295  data_time: 0.0050  memory: 107  
2026/08/06 12:07:29 - mmengine - INFO - Epoch(val)  [96][ 50/116]    eta: 0:00:01  time: 0.0296  data_time: 0.0052  memory: 135  
2026/08/06 12:07:29 - mmengine - INFO - Epoch(val)  [96][ 60/116]    eta: 0:00:01  time: 0.0300  data_time: 0.0056  memory: 112  
2026/08/06 12:07:30 - mmengine - INFO - Epoch(val)  [96][ 70/116]    eta: 0:00:01  time: 0.0302  data_time: 0.0057  memory: 100  
2026/08/06 12:07:30 - mmengine - INFO - Epoch(val)  [96][ 80/116]    eta: 0:00:01  time: 0.0306  data_time: 0.0058  memory: 112  
2026/08/06 12:07:30 - mmengine - INFO - Epoch(val)  [96][ 90/116]    eta: 0:00:00  time: 0.0315  data_time: 0.0061  memory: 126  
2026/08/06 12:07:31 - mmengine - INFO - Epoch(val)  [96][100/116]    eta: 0:00:00  time: 0.0318  data_time: 0.0060  memory: 135  
2026/08/06 12:07:31 - mmengine - INFO - Epoch(val)  [96][110/116]    eta: 0:00:00  time: 0.0309  data_time: 0.0056  memory: 102  
2026/08/06 12:07:31 - mmengine - INFO - Evaluating bbox...
2026/08/06 12:07:31 - mmengine - INFO - bbox_mAP_copypaste: 0.631 0.899 0.752 0.000 0.732 0.581
2026/08/06 12:07:31 - mmengine - INFO - Evaluating segm...
2026/08/06 12:07:31 - mmengine - INFO - segm_mAP_copypaste: 0.609 0.895 0.679 0.000 0.698 0.567
2026/08/06 12:07:31 - mmengine - INFO - Epoch(val) [96][116/116]    coco/bbox_mAP: 0.6310  coco/bbox_mAP_50: 0.8990  coco/bbox_mAP_75: 0.7520  coco/bbox_mAP_s: 0.0000  coco/bbox_mAP_m: 0.7320  coco/bbox_mAP_l: 0.5810  coco/segm_mAP: 0.6090  coco/segm_mAP_50: 0.8950  coco/segm_mAP_75: 0.6790  coco/segm_mAP_s: 0.0000  coco/segm_mAP_m: 0.6980  coco/segm_mAP_l: 0.5670  data_time: 0.0056  time: 0.0303
2026/08/06 12:07:35 - mmengine - INFO - Epoch(train)  [97][10/68]  base_lr: 7.9946e-06 lr: 7.9946e-06  eta: 0:01:36  time: 0.3558  data_time: 0.1252  memory: 602  grad_norm: 10.3017  loss: 0.3458  loss_cls: 0.0707  loss_bbox: 0.1911  loss_mask: 0.0840
2026/08/06 12:07:38 - mmengine - INFO - Epoch(train)  [97][20/68]  base_lr: 7.8650e-06 lr: 7.8650e-06  eta: 0:01:32  time: 0.3540  data_time: 0.1230  memory: 601  grad_norm: 10.3734  loss: 0.3522  loss_cls: 0.0712  loss_bbox: 0.1940  loss_mask: 0.0870
2026/08/06 12:07:42 - mmengine - INFO - Epoch(train)  [97][30/68]  base_lr: 7.7404e-06 lr: 7.7404e-06  eta: 0:01:28  time: 0.3589  data_time: 0.1273  memory: 601  grad_norm: 10.5307  loss: 0.3593  loss_cls: 0.0743  loss_bbox: 0.1971  loss_mask: 0.0879
2026/08/06 12:07:46 - mmengine - INFO - Epoch(train)  [97][40/68]  base_lr: 7.6207e-06 lr: 7.6207e-06  eta: 0:01:25  time: 0.3607  data_time: 0.1300  memory: 601  grad_norm: 10.5061  loss: 0.3440  loss_cls: 0.0687  loss_bbox: 0.1893  loss_mask: 0.0860
2026/08/06 12:07:49 - mmengine - INFO - Epoch(train)  [97][50/68]  base_lr: 7.5060e-06 lr: 7.5060e-06  eta: 0:01:21  time: 0.3662  data_time: 0.1329  memory: 602  grad_norm: 10.6351  loss: 0.3479  loss_cls: 0.0717  loss_bbox: 0.1889  loss_mask: 0.0872
2026/08/06 12:07:53 - mmengine - INFO - Epoch(train)  [97][60/68]  base_lr: 7.3962e-06 lr: 7.3962e-06  eta: 0:01:17  time: 0.3666  data_time: 0.1336  memory: 601  grad_norm: 10.9470  loss: 0.3439  loss_cls: 0.0701  loss_bbox: 0.1876  loss_mask: 0.0861
2026/08/06 12:07:56 - mmengine - INFO - Exp name: rtmdet_ins_busi_20260806_111712
2026/08/06 12:07:56 - mmengine - INFO - Saving checkpoint at 97 epochs
2026/08/06 12:07:58 - mmengine - INFO - Epoch(val)  [97][ 10/116]    eta: 0:00:03  time: 0.0310  data_time: 0.0060  memory: 604  
2026/08/06 12:07:58 - mmengine - INFO - Epoch(val)  [97][ 20/116]    eta: 0:00:03  time: 0.0312  data_time: 0.0060  memory: 108  
2026/08/06 12:07:59 - mmengine - INFO - Epoch(val)  [97][ 30/116]    eta: 0:00:02  time: 0.0301  data_time: 0.0056  memory: 104  
2026/08/06 12:07:59 - mmengine - INFO - Epoch(val)  [97][ 40/116]    eta: 0:00:02  time: 0.0302  data_time: 0.0056  memory: 104  
2026/08/06 12:07:59 - mmengine - INFO - Epoch(val)  [97][ 50/116]    eta: 0:00:02  time: 0.0308  data_time: 0.0056  memory: 135  
2026/08/06 12:08:00 - mmengine - INFO - Epoch(val)  [97][ 60/116]    eta: 0:00:01  time: 0.0313  data_time: 0.0057  memory: 112  
2026/08/06 12:08:00 - mmengine - INFO - Epoch(val)  [97][ 70/116]    eta: 0:00:01  time: 0.0314  data_time: 0.0056  memory: 100  
2026/08/06 12:08:00 - mmengine - INFO - Epoch(val)  [97][ 80/116]    eta: 0:00:01  time: 0.0318  data_time: 0.0060  memory: 108  
2026/08/06 12:08:01 - mmengine - INFO - Epoch(val)  [97][ 90/116]    eta: 0:00:00  time: 0.0328  data_time: 0.0062  memory: 126  
2026/08/06 12:08:01 - mmengine - INFO - Epoch(val)  [97][100/116]    eta: 0:00:00  time: 0.0325  data_time: 0.0060  memory: 140  
2026/08/06 12:08:01 - mmengine - INFO - Epoch(val)  [97][110/116]    eta: 0:00:00  time: 0.0322  data_time: 0.0059  memory: 102  
2026/08/06 12:08:02 - mmengine - INFO - Evaluating bbox...
2026/08/06 12:08:02 - mmengine - INFO - bbox_mAP_copypaste: 0.631 0.900 0.752 0.000 0.725 0.582
2026/08/06 12:08:02 - mmengine - INFO - Evaluating segm...
2026/08/06 12:08:02 - mmengine - INFO - segm_mAP_copypaste: 0.606 0.896 0.678 0.000 0.692 0.564
2026/08/06 12:08:02 - mmengine - INFO - Epoch(val) [97][116/116]    coco/bbox_mAP: 0.6310  coco/bbox_mAP_50: 0.9000  coco/bbox_mAP_75: 0.7520  coco/bbox_mAP_s: 0.0000  coco/bbox_mAP_m: 0.7250  coco/bbox_mAP_l: 0.5820  coco/segm_mAP: 0.6060  coco/segm_mAP_50: 0.8960  coco/segm_mAP_75: 0.6780  coco/segm_mAP_s: 0.0000  coco/segm_mAP_m: 0.6920  coco/segm_mAP_l: 0.5640  data_time: 0.0058  time: 0.0316
2026/08/06 12:08:05 - mmengine - INFO - Epoch(train)  [98][10/68]  base_lr: 7.2112e-06 lr: 7.2112e-06  eta: 0:01:11  time: 0.3645  data_time: 0.1323  memory: 601  grad_norm: 11.2947  loss: 0.3386  loss_cls: 0.0745  loss_bbox: 0.1797  loss_mask: 0.0844
2026/08/06 12:08:09 - mmengine - INFO - Epoch(train)  [98][20/68]  base_lr: 7.1154e-06 lr: 7.1154e-06  eta: 0:01:07  time: 0.3722  data_time: 0.1378  memory: 602  grad_norm: 11.0610  loss: 0.3416  loss_cls: 0.0778  loss_bbox: 0.1794  loss_mask: 0.0844
2026/08/06 12:08:13 - mmengine - INFO - Epoch(train)  [98][30/68]  base_lr: 7.0245e-06 lr: 7.0245e-06  eta: 0:01:03  time: 0.3675  data_time: 0.1336  memory: 601  grad_norm: 10.9231  loss: 0.3433  loss_cls: 0.0761  loss_bbox: 0.1813  loss_mask: 0.0859
2026/08/06 12:08:17 - mmengine - INFO - Epoch(train)  [98][40/68]  base_lr: 6.9387e-06 lr: 6.9387e-06  eta: 0:01:00  time: 0.3669  data_time: 0.1341  memory: 602  grad_norm: 10.6960  loss: 0.3456  loss_cls: 0.0783  loss_bbox: 0.1801  loss_mask: 0.0872
2026/08/06 12:08:20 - mmengine - INFO - Epoch(train)  [98][50/68]  base_lr: 6.8579e-06 lr: 6.8579e-06  eta: 0:00:56  time: 0.3711  data_time: 0.1370  memory: 600  grad_norm: 10.3292  loss: 0.3427  loss_cls: 0.0746  loss_bbox: 0.1805  loss_mask: 0.0876
2026/08/06 12:08:24 - mmengine - INFO - Epoch(train)  [98][60/68]  base_lr: 6.7821e-06 lr: 6.7821e-06  eta: 0:00:52  time: 0.3690  data_time: 0.1362  memory: 600  grad_norm: 10.4147  loss: 0.3402  loss_cls: 0.0767  loss_bbox: 0.1777  loss_mask: 0.0858
2026/08/06 12:08:27 - mmengine - INFO - Exp name: rtmdet_ins_busi_20260806_111712
2026/08/06 12:08:27 - mmengine - INFO - Saving checkpoint at 98 epochs
2026/08/06 12:08:29 - mmengine - INFO - Epoch(val)  [98][ 10/116]    eta: 0:00:03  time: 0.0317  data_time: 0.0060  memory: 602  
2026/08/06 12:08:30 - mmengine - INFO - Epoch(val)  [98][ 20/116]    eta: 0:00:02  time: 0.0311  data_time: 0.0056  memory: 108  
2026/08/06 12:08:30 - mmengine - INFO - Epoch(val)  [98][ 30/116]    eta: 0:00:02  time: 0.0303  data_time: 0.0052  memory: 107  
2026/08/06 12:08:30 - mmengine - INFO - Epoch(val)  [98][ 40/116]    eta: 0:00:02  time: 0.0299  data_time: 0.0052  memory: 107  
2026/08/06 12:08:30 - mmengine - INFO - Epoch(val)  [98][ 50/116]    eta: 0:00:01  time: 0.0298  data_time: 0.0051  memory: 142  
2026/08/06 12:08:31 - mmengine - INFO - Epoch(val)  [98][ 60/116]    eta: 0:00:01  time: 0.0299  data_time: 0.0054  memory: 112  
2026/08/06 12:08:31 - mmengine - INFO - Epoch(val)  [98][ 70/116]    eta: 0:00:01  time: 0.0304  data_time: 0.0057  memory: 100  
2026/08/06 12:08:31 - mmengine - INFO - Epoch(val)  [98][ 80/116]    eta: 0:00:01  time: 0.0307  data_time: 0.0059  memory: 108  
2026/08/06 12:08:32 - mmengine - INFO - Epoch(val)  [98][ 90/116]    eta: 0:00:00  time: 0.0321  data_time: 0.0061  memory: 133  
2026/08/06 12:08:32 - mmengine - INFO - Epoch(val)  [98][100/116]    eta: 0:00:00  time: 0.0319  data_time: 0.0060  memory: 135  
2026/08/06 12:08:32 - mmengine - INFO - Epoch(val)  [98][110/116]    eta: 0:00:00  time: 0.0324  data_time: 0.0059  memory: 102  
2026/08/06 12:08:33 - mmengine - INFO - Evaluating bbox...
2026/08/06 12:08:33 - mmengine - INFO - bbox_mAP_copypaste: 0.626 0.899 0.731 0.000 0.721 0.579
2026/08/06 12:08:33 - mmengine - INFO - Evaluating segm...
2026/08/06 12:08:33 - mmengine - INFO - segm_mAP_copypaste: 0.606 0.894 0.670 0.000 0.688 0.570
2026/08/06 12:08:33 - mmengine - INFO - Epoch(val) [98][116/116]    coco/bbox_mAP: 0.6260  coco/bbox_mAP_50: 0.8990  coco/bbox_mAP_75: 0.7310  coco/bbox_mAP_s: 0.0000  coco/bbox_mAP_m: 0.7210  coco/bbox_mAP_l: 0.5790  coco/segm_mAP: 0.6060  coco/segm_mAP_50: 0.8940  coco/segm_mAP_75: 0.6700  coco/segm_mAP_s: 0.0000  coco/segm_mAP_m: 0.6880  coco/segm_mAP_l: 0.5700  data_time: 0.0057  time: 0.0312
2026/08/06 12:08:37 - mmengine - INFO - Epoch(train)  [99][10/68]  base_lr: 6.6583e-06 lr: 6.6583e-06  eta: 0:00:46  time: 0.3670  data_time: 0.1354  memory: 601  grad_norm: 10.5030  loss: 0.3426  loss_cls: 0.0743  loss_bbox: 0.1826  loss_mask: 0.0857
2026/08/06 12:08:40 - mmengine - INFO - Epoch(train)  [99][20/68]  base_lr: 6.5966e-06 lr: 6.5966e-06  eta: 0:00:42  time: 0.3718  data_time: 0.1380  memory: 602  grad_norm: 10.6296  loss: 0.3343  loss_cls: 0.0726  loss_bbox: 0.1793  loss_mask: 0.0824
2026/08/06 12:08:44 - mmengine - INFO - Epoch(train)  [99][30/68]  base_lr: 6.5400e-06 lr: 6.5400e-06  eta: 0:00:38  time: 0.3744  data_time: 0.1402  memory: 601  grad_norm: 10.4668  loss: 0.3392  loss_cls: 0.0751  loss_bbox: 0.1806  loss_mask: 0.0835
2026/08/06 12:08:48 - mmengine - INFO - Epoch(train)  [99][40/68]  base_lr: 6.4883e-06 lr: 6.4883e-06  eta: 0:00:35  time: 0.3761  data_time: 0.1427  memory: 601  grad_norm: 10.1551  loss: 0.3391  loss_cls: 0.0720  loss_bbox: 0.1850  loss_mask: 0.0821
2026/08/06 12:08:51 - mmengine - INFO - Epoch(train)  [99][50/68]  base_lr: 6.4417e-06 lr: 6.4417e-06  eta: 0:00:31  time: 0.3756  data_time: 0.1420  memory: 602  grad_norm: 10.6324  loss: 0.3405  loss_cls: 0.0753  loss_bbox: 0.1830  loss_mask: 0.0822
2026/08/06 12:08:55 - mmengine - INFO - Epoch(train)  [99][60/68]  base_lr: 6.4002e-06 lr: 6.4002e-06  eta: 0:00:27  time: 0.3747  data_time: 0.1417  memory: 601  grad_norm: 10.7727  loss: 0.3492  loss_cls: 0.0777  loss_bbox: 0.1859  loss_mask: 0.0856
2026/08/06 12:08:58 - mmengine - INFO - Exp name: rtmdet_ins_busi_20260806_111712
2026/08/06 12:08:58 - mmengine - INFO - Saving checkpoint at 99 epochs
2026/08/06 12:09:00 - mmengine - INFO - Epoch(val)  [99][ 10/116]    eta: 0:00:03  time: 0.0324  data_time: 0.0061  memory: 604  
2026/08/06 12:09:01 - mmengine - INFO - Epoch(val)  [99][ 20/116]    eta: 0:00:02  time: 0.0320  data_time: 0.0060  memory: 108  
2026/08/06 12:09:01 - mmengine - INFO - Epoch(val)  [99][ 30/116]    eta: 0:00:02  time: 0.0314  data_time: 0.0056  memory: 104  
2026/08/06 12:09:01 - mmengine - INFO - Epoch(val)  [99][ 40/116]    eta: 0:00:02  time: 0.0306  data_time: 0.0052  memory: 104  
2026/08/06 12:09:01 - mmengine - INFO - Epoch(val)  [99][ 50/116]    eta: 0:00:01  time: 0.0302  data_time: 0.0049  memory: 142  
2026/08/06 12:09:02 - mmengine - INFO - Epoch(val)  [99][ 60/116]    eta: 0:00:01  time: 0.0306  data_time: 0.0049  memory: 112  
2026/08/06 12:09:02 - mmengine - INFO - Epoch(val)  [99][ 70/116]    eta: 0:00:01  time: 0.0303  data_time: 0.0051  memory: 103  
2026/08/06 12:09:02 - mmengine - INFO - Epoch(val)  [99][ 80/116]    eta: 0:00:01  time: 0.0306  data_time: 0.0052  memory: 108  
2026/08/06 12:09:03 - mmengine - INFO - Epoch(val)  [99][ 90/116]    eta: 0:00:00  time: 0.0313  data_time: 0.0056  memory: 126  
2026/08/06 12:09:03 - mmengine - INFO - Epoch(val)  [99][100/116]    eta: 0:00:00  time: 0.0312  data_time: 0.0056  memory: 135  
2026/08/06 12:09:03 - mmengine - INFO - Epoch(val)  [99][110/116]    eta: 0:00:00  time: 0.0311  data_time: 0.0056  memory: 102  
2026/08/06 12:09:04 - mmengine - INFO - Evaluating bbox...
2026/08/06 12:09:04 - mmengine - INFO - bbox_mAP_copypaste: 0.627 0.899 0.743 0.000 0.729 0.576
2026/08/06 12:09:04 - mmengine - INFO - Evaluating segm...
2026/08/06 12:09:04 - mmengine - INFO - segm_mAP_copypaste: 0.605 0.894 0.694 0.000 0.690 0.564
2026/08/06 12:09:04 - mmengine - INFO - Epoch(val) [99][116/116]    coco/bbox_mAP: 0.6270  coco/bbox_mAP_50: 0.8990  coco/bbox_mAP_75: 0.7430  coco/bbox_mAP_s: 0.0000  coco/bbox_mAP_m: 0.7290  coco/bbox_mAP_l: 0.5760  coco/segm_mAP: 0.6050  coco/segm_mAP_50: 0.8940  coco/segm_mAP_75: 0.6940  coco/segm_mAP_s: 0.0000  coco/segm_mAP_m: 0.6900  coco/segm_mAP_l: 0.5640  data_time: 0.0054  time: 0.0310
2026/08/06 12:09:08 - mmengine - INFO - Epoch(train) [100][10/68]  base_lr: 6.3382e-06 lr: 6.3382e-06  eta: 0:00:21  time: 0.3715  data_time: 0.1407  memory: 602  grad_norm: 10.8634  loss: 0.3550  loss_cls: 0.0801  loss_bbox: 0.1903  loss_mask: 0.0845
2026/08/06 12:09:11 - mmengine - INFO - Epoch(train) [100][20/68]  base_lr: 6.3108e-06 lr: 6.3108e-06  eta: 0:00:17  time: 0.3670  data_time: 0.1354  memory: 602  grad_norm: 10.6563  loss: 0.3546  loss_cls: 0.0812  loss_bbox: 0.1885  loss_mask: 0.0848
2026/08/06 12:09:15 - mmengine - INFO - Epoch(train) [100][30/68]  base_lr: 6.2885e-06 lr: 6.2885e-06  eta: 0:00:13  time: 0.3688  data_time: 0.1348  memory: 602  grad_norm: 10.2900  loss: 0.3521  loss_cls: 0.0763  loss_bbox: 0.1898  loss_mask: 0.0861
2026/08/06 12:09:19 - mmengine - INFO - Epoch(train) [100][40/68]  base_lr: 6.2713e-06 lr: 6.2713e-06  eta: 0:00:10  time: 0.3726  data_time: 0.1387  memory: 603  grad_norm: 10.1060  loss: 0.3508  loss_cls: 0.0739  loss_bbox: 0.1926  loss_mask: 0.0843
2026/08/06 12:09:22 - mmengine - INFO - Epoch(train) [100][50/68]  base_lr: 6.2591e-06 lr: 6.2591e-06  eta: 0:00:06  time: 0.3745  data_time: 0.1398  memory: 600  grad_norm: 10.0441  loss: 0.3540  loss_cls: 0.0768  loss_bbox: 0.1928  loss_mask: 0.0844
2026/08/06 12:09:26 - mmengine - INFO - Epoch(train) [100][60/68]  base_lr: 6.2521e-06 lr: 6.2521e-06  eta: 0:00:02  time: 0.3701  data_time: 0.1357  memory: 602  grad_norm: 9.8014  loss: 0.3549  loss_cls: 0.0764  loss_bbox: 0.1933  loss_mask: 0.0852
2026/08/06 12:09:29 - mmengine - INFO - Exp name: rtmdet_ins_busi_20260806_111712
2026/08/06 12:09:29 - mmengine - INFO - Saving checkpoint at 100 epochs
2026/08/06 12:09:31 - mmengine - INFO - Epoch(val) [100][ 10/116]    eta: 0:00:03  time: 0.0325  data_time: 0.0059  memory: 600  
2026/08/06 12:09:31 - mmengine - INFO - Epoch(val) [100][ 20/116]    eta: 0:00:03  time: 0.0321  data_time: 0.0061  memory: 108  
2026/08/06 12:09:32 - mmengine - INFO - Epoch(val) [100][ 30/116]    eta: 0:00:02  time: 0.0310  data_time: 0.0058  memory: 104  
2026/08/06 12:09:32 - mmengine - INFO - Epoch(val) [100][ 40/116]    eta: 0:00:02  time: 0.0306  data_time: 0.0058  memory: 104  
2026/08/06 12:09:32 - mmengine - INFO - Epoch(val) [100][ 50/116]    eta: 0:00:01  time: 0.0299  data_time: 0.0056  memory: 142  
2026/08/06 12:09:33 - mmengine - INFO - Epoch(val) [100][ 60/116]    eta: 0:00:01  time: 0.0297  data_time: 0.0056  memory: 125  
2026/08/06 12:09:33 - mmengine - INFO - Epoch(val) [100][ 70/116]    eta: 0:00:01  time: 0.0293  data_time: 0.0055  memory: 100  
2026/08/06 12:09:33 - mmengine - INFO - Epoch(val) [100][ 80/116]    eta: 0:00:01  time: 0.0298  data_time: 0.0055  memory: 108  
2026/08/06 12:09:34 - mmengine - INFO - Epoch(val) [100][ 90/116]    eta: 0:00:00  time: 0.0305  data_time: 0.0055  memory: 126  
2026/08/06 12:09:34 - mmengine - INFO - Epoch(val) [100][100/116]    eta: 0:00:00  time: 0.0305  data_time: 0.0057  memory: 135  
2026/08/06 12:09:34 - mmengine - INFO - Epoch(val) [100][110/116]    eta: 0:00:00  time: 0.0302  data_time: 0.0055  memory: 102  
2026/08/06 12:09:34 - mmengine - INFO - Evaluating bbox...
2026/08/06 12:09:34 - mmengine - INFO - bbox_mAP_copypaste: 0.623 0.900 0.751 0.000 0.712 0.580
2026/08/06 12:09:34 - mmengine - INFO - Evaluating segm...
2026/08/06 12:09:34 - mmengine - INFO - segm_mAP_copypaste: 0.600 0.900 0.679 0.000 0.689 0.559
2026/08/06 12:09:34 - mmengine - INFO - Epoch(val) [100][116/116]    coco/bbox_mAP: 0.6230  coco/bbox_mAP_50: 0.9000  coco/bbox_mAP_75: 0.7510  coco/bbox_mAP_s: 0.0000  coco/bbox_mAP_m: 0.7120  coco/bbox_mAP_l: 0.5800  coco/segm_mAP: 0.6000  coco/segm_mAP_50: 0.9000  coco/segm_mAP_75: 0.6790  coco/segm_mAP_s: 0.0000  coco/segm_mAP_m: 0.6890  coco/segm_mAP_l: 0.5590  data_time: 0.0056  time: 0.0303
