2026/08/05 13:57:03 - mmengine - INFO - 
------------------------------------------------------------
System environment:
    sys.platform: win32
    Python: 3.10.0 (tags/v3.10.0:b494f59, Oct  4 2021, 19:00:18) [MSC v.1929 64 bit (AMD64)]
    CUDA available: True
    MUSA available: False
    numpy_random_seed: 42
    GPU 0: NVIDIA GeForce RTX 2060
    CUDA_HOME: C:\Program Files\NVIDIA GPU Computing Toolkit\CUDA\v12.8
    NVCC: Cuda compilation tools, release 12.8, V12.8.93
    GCC: n/a
    PyTorch: 2.6.0+cu124
    PyTorch compiling details: PyTorch built with:
  - C++ Version: 201703
  - MSVC 192930157
  - Intel(R) oneAPI Math Kernel Library Version 2025.0.1-Product Build 20241031 for Intel(R) 64 architecture applications
  - Intel(R) MKL-DNN v3.5.3 (Git Hash 66f0cb9eb66affd2da3bf5f8d897376f04aae6af)
  - OpenMP 2019
  - LAPACK is enabled (usually provided by MKL)
  - CPU capability usage: AVX2
  - CUDA Runtime 12.4
  - NVCC architecture flags: -gencode;arch=compute_50,code=sm_50;-gencode;arch=compute_60,code=sm_60;-gencode;arch=compute_61,code=sm_61;-gencode;arch=compute_70,code=sm_70;-gencode;arch=compute_75,code=sm_75;-gencode;arch=compute_80,code=sm_80;-gencode;arch=compute_86,code=sm_86;-gencode;arch=compute_90,code=sm_90
  - CuDNN 90.1
  - Magma 2.5.4
  - Build settings: BLAS_INFO=mkl, BUILD_TYPE=Release, COMMIT_SHA=2236df1770800ffea5697b11b0bb0d910b2e59e1, CUDA_VERSION=12.4, CUDNN_VERSION=9.1.0, CXX_COMPILER=C:/actions-runner/_work/pytorch/pytorch/pytorch/.ci/pytorch/windows/tmp_bin/sccache-cl.exe, CXX_FLAGS=/DWIN32 /D_WINDOWS /GR /EHsc /Zc:__cplusplus /bigobj /FS /utf-8 -DUSE_PTHREADPOOL -DNDEBUG -DUSE_KINETO -DLIBKINETO_NOCUPTI -DLIBKINETO_NOROCTRACER -DLIBKINETO_NOXPUPTI=ON -DUSE_FBGEMM -DUSE_XNNPACK -DSYMBOLICATE_MOBILE_DEBUG_HANDLE /wd4624 /wd4068 /wd4067 /wd4267 /wd4661 /wd4717 /wd4244 /wd4804 /wd4273, LAPACK_INFO=mkl, PERF_WITH_AVX=1, PERF_WITH_AVX2=1, TORCH_VERSION=2.6.0, USE_CUDA=ON, USE_CUDNN=ON, USE_CUSPARSELT=OFF, USE_EXCEPTION_PTR=1, USE_GFLAGS=OFF, USE_GLOG=OFF, USE_GLOO=ON, USE_MKL=ON, USE_MKLDNN=ON, USE_MPI=OFF, USE_NCCL=OFF, USE_NNPACK=OFF, USE_OPENMP=ON, USE_ROCM=OFF, USE_ROCM_KERNEL_ASSERT=OFF, 

    TorchVision: 0.21.0+cu124
    OpenCV: 5.0.0
    MMEngine: 0.10.7

Runtime environment:
    cudnn_benchmark: False
    mp_cfg: {'mp_start_method': 'fork', 'opencv_num_threads': 0}
    dist_cfg: {'backend': 'nccl'}
    seed: 42
    deterministic: False
    Distributed launcher: none
    Distributed training: False
    GPU number: 1
------------------------------------------------------------

2026/08/05 13:57:04 - mmengine - INFO - Config:
ALBU = [
    dict(p=0.5, type='HorizontalFlip'),
    dict(
        p=0.7,
        rotate=(
            -15,
            15,
        ),
        scale=(
            0.85,
            1.15,
        ),
        translate_percent=(
            -0.1,
            0.1,
        ),
        type='Affine'),
    dict(alpha=30, p=0.25, sigma=6, type='ElasticTransform'),
    dict(
        brightness_limit=0.2,
        contrast_limit=0.2,
        p=0.5,
        type='RandomBrightnessContrast'),
    dict(gamma_limit=(
        80,
        120,
    ), p=0.3, type='RandomGamma'),
    dict(
        elementwise=True,
        multiplier=(
            0.85,
            1.15,
        ),
        p=0.3,
        type='MultiplicativeNoise'),
    dict(blur_limit=7, p=0.2, type='MotionBlur'),
]
ANN = 'd:/mamografi/real_time_segmentasyon/veri/coco'
AUG_SEVIYE = 'orta'
BATCH = 8
GIRDI = 512
KOK = 'd:/mamografi/real_time_segmentasyon'
MAX_EPOCH = 100
albu_sarmalayici = dict(
    bbox_params=dict(
        filter_lost_elements=True,
        format='pascal_voc',
        label_fields=[
            'gt_bboxes_labels',
        ],
        min_visibility=0.0,
        type='BboxParams'),
    keymap=dict(gt_bboxes='bboxes', gt_masks='masks', img='image'),
    transforms=[
        dict(p=0.5, type='HorizontalFlip'),
        dict(
            p=0.7,
            rotate=(
                -15,
                15,
            ),
            scale=(
                0.85,
                1.15,
            ),
            translate_percent=(
                -0.1,
                0.1,
            ),
            type='Affine'),
        dict(alpha=30, p=0.25, sigma=6, type='ElasticTransform'),
        dict(
            brightness_limit=0.2,
            contrast_limit=0.2,
            p=0.5,
            type='RandomBrightnessContrast'),
        dict(gamma_limit=(
            80,
            120,
        ), p=0.3, type='RandomGamma'),
        dict(
            elementwise=True,
            multiplier=(
                0.85,
                1.15,
            ),
            p=0.3,
            type='MultiplicativeNoise'),
        dict(blur_limit=7, p=0.2, type='MotionBlur'),
    ],
    type='AlbuBosGuvenli')
auto_scale_lr = dict(base_batch_size=16, enable=False)
backend_args = None
base_lr = 0.000125
checkpoint = 'https://download.openmmlab.com/mmdetection/v3.0/rtmdet/cspnext_rsb_pretrain/cspnext-tiny_imagenet_600e.pth'
custom_hooks = [
    dict(
        ema_type='ExpMomentumEMA',
        momentum=0.0002,
        priority=49,
        type='EMAHook',
        update_buffers=True),
]
custom_imports = dict(
    allow_failed_imports=False, imports=[
        'ozel_transformlar',
    ])
data_root = 'd:/mamografi/real_time_segmentasyon/Dataset_BUSI_with_GT/'
dataset_type = 'CocoDataset'
default_hooks = dict(
    checkpoint=dict(
        _scope_='mmdet',
        interval=1,
        max_keep_ckpts=1,
        rule='greater',
        save_best='coco/segm_mAP',
        type='CheckpointHook'),
    logger=dict(_scope_='mmdet', interval=10, type='LoggerHook'),
    param_scheduler=dict(_scope_='mmdet', type='ParamSchedulerHook'),
    sampler_seed=dict(_scope_='mmdet', type='DistSamplerSeedHook'),
    timer=dict(_scope_='mmdet', type='IterTimerHook'),
    visualization=dict(_scope_='mmdet', type='DetVisualizationHook'))
default_scope = 'mmdet'
env_cfg = dict(
    cudnn_benchmark=False,
    dist_cfg=dict(backend='nccl'),
    mp_cfg=dict(mp_start_method='fork', opencv_num_threads=0))
img_scales = [
    (
        640,
        640,
    ),
    (
        320,
        320,
    ),
    (
        960,
        960,
    ),
]
interval = 10
load_from = 'https://download.openmmlab.com/mmdetection/v3.0/rtmdet/rtmdet-ins_tiny_8xb32-300e_coco/rtmdet-ins_tiny_8xb32-300e_coco_20221130_151727-ec670f7e.pth'
log_level = 'INFO'
log_processor = dict(
    _scope_='mmdet', by_epoch=True, type='LogProcessor', window_size=50)
max_epochs = 300
metainfo = dict(
    classes=('lezyon', ), palette=[
        (
            220,
            20,
            60,
        ),
    ])
model = dict(
    _scope_='mmdet',
    backbone=dict(
        act_cfg=dict(inplace=True, type='SiLU'),
        arch='P5',
        channel_attention=True,
        deepen_factor=0.167,
        expand_ratio=0.5,
        init_cfg=dict(
            checkpoint=
            'https://download.openmmlab.com/mmdetection/v3.0/rtmdet/cspnext_rsb_pretrain/cspnext-tiny_imagenet_600e.pth',
            prefix='backbone.',
            type='Pretrained'),
        norm_cfg=dict(type='SyncBN'),
        type='CSPNeXt',
        widen_factor=0.375),
    bbox_head=dict(
        act_cfg=dict(inplace=True, type='SiLU'),
        anchor_generator=dict(
            offset=0, strides=[
                8,
                16,
                32,
            ], type='MlvlPointGenerator'),
        bbox_coder=dict(type='DistancePointBBoxCoder'),
        feat_channels=96,
        in_channels=96,
        loss_bbox=dict(loss_weight=2.0, type='GIoULoss'),
        loss_cls=dict(
            beta=2.0,
            loss_weight=1.0,
            type='QualityFocalLoss',
            use_sigmoid=True),
        loss_mask=dict(
            eps=5e-06, loss_weight=2.0, reduction='mean', type='DiceLoss'),
        norm_cfg=dict(requires_grad=True, type='SyncBN'),
        num_classes=1,
        pred_kernel_size=1,
        share_conv=True,
        stacked_convs=2,
        type='RTMDetInsSepBNHead'),
    data_preprocessor=dict(
        batch_augments=None,
        bgr_to_rgb=False,
        mean=[
            103.53,
            116.28,
            123.675,
        ],
        std=[
            57.375,
            57.12,
            58.395,
        ],
        type='DetDataPreprocessor'),
    neck=dict(
        act_cfg=dict(inplace=True, type='SiLU'),
        expand_ratio=0.5,
        in_channels=[
            96,
            192,
            384,
        ],
        norm_cfg=dict(type='SyncBN'),
        num_csp_blocks=1,
        out_channels=96,
        type='CSPNeXtPAFPN'),
    test_cfg=dict(
        mask_thr_binary=0.5,
        max_per_img=100,
        min_bbox_size=0,
        nms=dict(iou_threshold=0.6, type='nms'),
        nms_pre=1000,
        score_thr=0.05),
    train_cfg=dict(
        allowed_border=-1,
        assigner=dict(topk=13, type='DynamicSoftLabelAssigner'),
        debug=False,
        pos_weight=-1),
    type='RTMDet')
optim_wrapper = dict(
    _scope_='mmdet',
    clip_grad=dict(max_norm=1.0),
    optimizer=dict(lr=0.000125, type='AdamW', weight_decay=0.05),
    paramwise_cfg=dict(
        bias_decay_mult=0, bypass_duplicate=True, norm_decay_mult=0),
    type='OptimWrapper')
param_scheduler = [
    dict(
        begin=0, by_epoch=False, end=200, start_factor=0.001, type='LinearLR'),
    dict(
        T_max=50,
        begin=50,
        by_epoch=True,
        convert_to_iter_based=True,
        end=100,
        eta_min=6.25e-06,
        type='CosineAnnealingLR'),
]
randomness = dict(deterministic=False, seed=42)
resume = False
stage2_num_epochs = 20
test_cfg = dict(_scope_='mmdet', type='TestLoop')
test_dataloader = dict(
    batch_size=1,
    dataset=dict(
        _scope_='mmdet',
        ann_file='d:/mamografi/real_time_segmentasyon/veri/coco/busi_test.json',
        backend_args=None,
        data_prefix=dict(img=''),
        data_root='d:/mamografi/real_time_segmentasyon/Dataset_BUSI_with_GT/',
        metainfo=dict(classes=('lezyon', ), palette=[
            (
                220,
                20,
                60,
            ),
        ]),
        pipeline=[
            dict(backend_args=None, type='LoadImageFromFile'),
            dict(keep_ratio=True, scale=(
                512,
                512,
            ), type='Resize'),
            dict(
                pad_val=dict(img=(
                    114,
                    114,
                    114,
                ), masks=0),
                size=(
                    512,
                    512,
                ),
                type='Pad'),
            dict(
                poly2mask=True,
                type='LoadAnnotations',
                with_bbox=True,
                with_mask=True),
            dict(
                meta_keys=(
                    'img_id',
                    'img_path',
                    'ori_shape',
                    'img_shape',
                    'scale_factor',
                ),
                type='PackDetInputs'),
        ],
        test_mode=True,
        type='CocoDataset'),
    drop_last=False,
    num_workers=2,
    persistent_workers=True,
    sampler=dict(_scope_='mmdet', shuffle=False, type='DefaultSampler'))
test_evaluator = dict(
    _scope_='mmdet',
    ann_file='d:/mamografi/real_time_segmentasyon/veri/coco/busi_test.json',
    backend_args=None,
    format_only=False,
    metric=[
        'bbox',
        'segm',
    ],
    proposal_nums=(
        100,
        1,
        10,
    ),
    type='CocoMetric')
test_pipeline = [
    dict(backend_args=None, type='LoadImageFromFile'),
    dict(keep_ratio=True, scale=(
        512,
        512,
    ), type='Resize'),
    dict(
        pad_val=dict(img=(
            114,
            114,
            114,
        ), masks=0),
        size=(
            512,
            512,
        ),
        type='Pad'),
    dict(
        poly2mask=True, type='LoadAnnotations', with_bbox=True,
        with_mask=True),
    dict(
        meta_keys=(
            'img_id',
            'img_path',
            'ori_shape',
            'img_shape',
            'scale_factor',
        ),
        type='PackDetInputs'),
]
train_cfg = dict(
    _scope_='mmdet',
    dynamic_intervals=None,
    max_epochs=100,
    type='EpochBasedTrainLoop',
    val_interval=1)
train_dataloader = dict(
    batch_sampler=None,
    batch_size=8,
    dataset=dict(
        ann_file=
        'd:/mamografi/real_time_segmentasyon/veri/coco/busi_train.json',
        data_prefix=dict(img=''),
        data_root='d:/mamografi/real_time_segmentasyon/Dataset_BUSI_with_GT/',
        filter_cfg=dict(filter_empty_gt=False, min_size=0),
        metainfo=dict(classes=('lezyon', ), palette=[
            (
                220,
                20,
                60,
            ),
        ]),
        pipeline=[
            dict(backend_args=None, type='LoadImageFromFile'),
            dict(
                poly2mask=True,
                type='LoadAnnotations',
                with_bbox=True,
                with_mask=True),
            dict(
                bbox_params=dict(
                    filter_lost_elements=True,
                    format='pascal_voc',
                    label_fields=[
                        'gt_bboxes_labels',
                    ],
                    min_visibility=0.0,
                    type='BboxParams'),
                keymap=dict(gt_bboxes='bboxes', gt_masks='masks', img='image'),
                transforms=[
                    dict(p=0.5, type='HorizontalFlip'),
                    dict(
                        p=0.7,
                        rotate=(
                            -15,
                            15,
                        ),
                        scale=(
                            0.85,
                            1.15,
                        ),
                        translate_percent=(
                            -0.1,
                            0.1,
                        ),
                        type='Affine'),
                    dict(alpha=30, p=0.25, sigma=6, type='ElasticTransform'),
                    dict(
                        brightness_limit=0.2,
                        contrast_limit=0.2,
                        p=0.5,
                        type='RandomBrightnessContrast'),
                    dict(gamma_limit=(
                        80,
                        120,
                    ), p=0.3, type='RandomGamma'),
                    dict(
                        elementwise=True,
                        multiplier=(
                            0.85,
                            1.15,
                        ),
                        p=0.3,
                        type='MultiplicativeNoise'),
                    dict(blur_limit=7, p=0.2, type='MotionBlur'),
                ],
                type='AlbuBosGuvenli'),
            dict(keep_ratio=True, scale=(
                512,
                512,
            ), type='Resize'),
            dict(
                pad_val=dict(img=(
                    114,
                    114,
                    114,
                ), masks=0),
                size=(
                    512,
                    512,
                ),
                type='Pad'),
            dict(type='PackDetInputs'),
        ],
        type='CocoDataset'),
    num_workers=0,
    persistent_workers=False,
    pin_memory=True,
    sampler=dict(_scope_='mmdet', shuffle=True, type='DefaultSampler'))
train_pipeline = [
    dict(backend_args=None, type='LoadImageFromFile'),
    dict(
        poly2mask=True, type='LoadAnnotations', with_bbox=True,
        with_mask=True),
    dict(
        bbox_params=dict(
            filter_lost_elements=True,
            format='pascal_voc',
            label_fields=[
                'gt_bboxes_labels',
            ],
            min_visibility=0.0,
            type='BboxParams'),
        keymap=dict(gt_bboxes='bboxes', gt_masks='masks', img='image'),
        transforms=[
            dict(p=0.5, type='HorizontalFlip'),
            dict(
                p=0.7,
                rotate=(
                    -15,
                    15,
                ),
                scale=(
                    0.85,
                    1.15,
                ),
                translate_percent=(
                    -0.1,
                    0.1,
                ),
                type='Affine'),
            dict(alpha=30, p=0.25, sigma=6, type='ElasticTransform'),
            dict(
                brightness_limit=0.2,
                contrast_limit=0.2,
                p=0.5,
                type='RandomBrightnessContrast'),
            dict(gamma_limit=(
                80,
                120,
            ), p=0.3, type='RandomGamma'),
            dict(
                elementwise=True,
                multiplier=(
                    0.85,
                    1.15,
                ),
                p=0.3,
                type='MultiplicativeNoise'),
            dict(blur_limit=7, p=0.2, type='MotionBlur'),
        ],
        type='AlbuBosGuvenli'),
    dict(keep_ratio=True, scale=(
        512,
        512,
    ), type='Resize'),
    dict(
        pad_val=dict(img=(
            114,
            114,
            114,
        ), masks=0),
        size=(
            512,
            512,
        ),
        type='Pad'),
    dict(type='PackDetInputs'),
]
train_pipeline_stage2 = [
    dict(_scope_='mmdet', backend_args=None, type='LoadImageFromFile'),
    dict(
        _scope_='mmdet',
        poly2mask=False,
        type='LoadAnnotations',
        with_bbox=True,
        with_mask=True),
    dict(
        _scope_='mmdet',
        keep_ratio=True,
        ratio_range=(
            0.5,
            2.0,
        ),
        scale=(
            640,
            640,
        ),
        type='RandomResize'),
    dict(
        _scope_='mmdet',
        allow_negative_crop=True,
        crop_size=(
            640,
            640,
        ),
        recompute_bbox=True,
        type='RandomCrop'),
    dict(_scope_='mmdet', min_gt_bbox_wh=(
        1,
        1,
    ), type='FilterAnnotations'),
    dict(_scope_='mmdet', type='YOLOXHSVRandomAug'),
    dict(_scope_='mmdet', prob=0.5, type='RandomFlip'),
    dict(
        _scope_='mmdet',
        pad_val=dict(img=(
            114,
            114,
            114,
        )),
        size=(
            640,
            640,
        ),
        type='Pad'),
    dict(_scope_='mmdet', type='PackDetInputs'),
]
tta_model = dict(
    _scope_='mmdet',
    tta_cfg=dict(max_per_img=100, nms=dict(iou_threshold=0.6, type='nms')),
    type='DetTTAModel')
tta_pipeline = [
    dict(_scope_='mmdet', backend_args=None, type='LoadImageFromFile'),
    dict(
        _scope_='mmdet',
        transforms=[
            [
                dict(keep_ratio=True, scale=(
                    640,
                    640,
                ), type='Resize'),
                dict(keep_ratio=True, scale=(
                    320,
                    320,
                ), type='Resize'),
                dict(keep_ratio=True, scale=(
                    960,
                    960,
                ), type='Resize'),
            ],
            [
                dict(prob=1.0, type='RandomFlip'),
                dict(prob=0.0, type='RandomFlip'),
            ],
            [
                dict(
                    pad_val=dict(img=(
                        114,
                        114,
                        114,
                    )),
                    size=(
                        960,
                        960,
                    ),
                    type='Pad'),
            ],
            [
                dict(type='LoadAnnotations', with_bbox=True),
            ],
            [
                dict(
                    meta_keys=(
                        'img_id',
                        'img_path',
                        'ori_shape',
                        'img_shape',
                        'scale_factor',
                        'flip',
                        'flip_direction',
                    ),
                    type='PackDetInputs'),
            ],
        ],
        type='TestTimeAug'),
]
val_cfg = dict(_scope_='mmdet', type='ValLoop')
val_dataloader = dict(
    batch_size=1,
    dataset=dict(
        _scope_='mmdet',
        ann_file='d:/mamografi/real_time_segmentasyon/veri/coco/busi_val.json',
        backend_args=None,
        data_prefix=dict(img=''),
        data_root='d:/mamografi/real_time_segmentasyon/Dataset_BUSI_with_GT/',
        metainfo=dict(classes=('lezyon', ), palette=[
            (
                220,
                20,
                60,
            ),
        ]),
        pipeline=[
            dict(backend_args=None, type='LoadImageFromFile'),
            dict(keep_ratio=True, scale=(
                512,
                512,
            ), type='Resize'),
            dict(
                pad_val=dict(img=(
                    114,
                    114,
                    114,
                ), masks=0),
                size=(
                    512,
                    512,
                ),
                type='Pad'),
            dict(
                poly2mask=True,
                type='LoadAnnotations',
                with_bbox=True,
                with_mask=True),
            dict(
                meta_keys=(
                    'img_id',
                    'img_path',
                    'ori_shape',
                    'img_shape',
                    'scale_factor',
                ),
                type='PackDetInputs'),
        ],
        test_mode=True,
        type='CocoDataset'),
    drop_last=False,
    num_workers=0,
    persistent_workers=False,
    sampler=dict(_scope_='mmdet', shuffle=False, type='DefaultSampler'))
val_evaluator = dict(
    _scope_='mmdet',
    ann_file='d:/mamografi/real_time_segmentasyon/veri/coco/busi_val.json',
    backend_args=None,
    format_only=False,
    metric=[
        'bbox',
        'segm',
    ],
    proposal_nums=(
        100,
        1,
        10,
    ),
    type='CocoMetric')
vis_backends = [
    dict(_scope_='mmdet', type='LocalVisBackend'),
]
visualizer = dict(
    _scope_='mmdet',
    name='visualizer',
    type='DetLocalVisualizer',
    vis_backends=[
        dict(type='LocalVisBackend'),
    ])
work_dir = 'd:/mamografi/real_time_segmentasyon/rtmdet/calisma/rtmdet_ins_tiny_512_orta'

2026/08/05 13:57:06 - mmengine - INFO - Distributed training is not used, all SyncBatchNorm (SyncBN) layers in the model will be automatically reverted to BatchNormXd layers if they are used.
2026/08/05 13:57:06 - mmengine - INFO - Hooks will be executed in the following order:
before_run:
(VERY_HIGH   ) RuntimeInfoHook                    
(49          ) EMAHook                            
(BELOW_NORMAL) LoggerHook                         
 -------------------- 
after_load_checkpoint:
(49          ) EMAHook                            
 -------------------- 
before_train:
(VERY_HIGH   ) RuntimeInfoHook                    
(49          ) EMAHook                            
(NORMAL      ) IterTimerHook                      
(VERY_LOW    ) CheckpointHook                     
 -------------------- 
before_train_epoch:
(VERY_HIGH   ) RuntimeInfoHook                    
(NORMAL      ) IterTimerHook                      
(NORMAL      ) DistSamplerSeedHook                
 -------------------- 
before_train_iter:
(VERY_HIGH   ) RuntimeInfoHook                    
(NORMAL      ) IterTimerHook                      
 -------------------- 
after_train_iter:
(VERY_HIGH   ) RuntimeInfoHook                    
(49          ) EMAHook                            
(NORMAL      ) IterTimerHook                      
(BELOW_NORMAL) LoggerHook                         
(LOW         ) ParamSchedulerHook                 
(VERY_LOW    ) CheckpointHook                     
 -------------------- 
after_train_epoch:
(NORMAL      ) IterTimerHook                      
(LOW         ) ParamSchedulerHook                 
(VERY_LOW    ) CheckpointHook                     
 -------------------- 
before_val:
(VERY_HIGH   ) RuntimeInfoHook                    
 -------------------- 
before_val_epoch:
(49          ) EMAHook                            
(NORMAL      ) IterTimerHook                      
 -------------------- 
before_val_iter:
(NORMAL      ) IterTimerHook                      
 -------------------- 
after_val_iter:
(NORMAL      ) IterTimerHook                      
(NORMAL      ) DetVisualizationHook               
(BELOW_NORMAL) LoggerHook                         
 -------------------- 
after_val_epoch:
(VERY_HIGH   ) RuntimeInfoHook                    
(49          ) EMAHook                            
(NORMAL      ) IterTimerHook                      
(BELOW_NORMAL) LoggerHook                         
(LOW         ) ParamSchedulerHook                 
(VERY_LOW    ) CheckpointHook                     
 -------------------- 
after_val:
(VERY_HIGH   ) RuntimeInfoHook                    
 -------------------- 
before_save_checkpoint:
(49          ) EMAHook                            
 -------------------- 
after_train:
(VERY_HIGH   ) RuntimeInfoHook                    
(VERY_LOW    ) CheckpointHook                     
 -------------------- 
before_test:
(VERY_HIGH   ) RuntimeInfoHook                    
 -------------------- 
before_test_epoch:
(49          ) EMAHook                            
(NORMAL      ) IterTimerHook                      
 -------------------- 
before_test_iter:
(NORMAL      ) IterTimerHook                      
 -------------------- 
after_test_iter:
(NORMAL      ) IterTimerHook                      
(NORMAL      ) DetVisualizationHook               
(BELOW_NORMAL) LoggerHook                         
 -------------------- 
after_test_epoch:
(VERY_HIGH   ) RuntimeInfoHook                    
(49          ) EMAHook                            
(NORMAL      ) IterTimerHook                      
(BELOW_NORMAL) LoggerHook                         
 -------------------- 
after_test:
(VERY_HIGH   ) RuntimeInfoHook                    
 -------------------- 
after_run:
(BELOW_NORMAL) LoggerHook                         
 -------------------- 
2026/08/05 13:57:08 - mmengine - INFO - paramwise_options -- backbone.stem.0.bn.weight:weight_decay=0.0
2026/08/05 13:57:08 - mmengine - INFO - paramwise_options -- backbone.stem.0.bn.bias:weight_decay=0.0
2026/08/05 13:57:08 - mmengine - INFO - paramwise_options -- backbone.stem.1.bn.weight:weight_decay=0.0
2026/08/05 13:57:08 - mmengine - INFO - paramwise_options -- backbone.stem.1.bn.bias:weight_decay=0.0
2026/08/05 13:57:08 - mmengine - INFO - paramwise_options -- backbone.stem.2.bn.weight:weight_decay=0.0
2026/08/05 13:57:08 - mmengine - INFO - paramwise_options -- backbone.stem.2.bn.bias:weight_decay=0.0
2026/08/05 13:57:08 - mmengine - INFO - paramwise_options -- backbone.stage1.0.bn.weight:weight_decay=0.0
2026/08/05 13:57:08 - mmengine - INFO - paramwise_options -- backbone.stage1.0.bn.bias:weight_decay=0.0
2026/08/05 13:57:08 - mmengine - INFO - paramwise_options -- backbone.stage1.1.main_conv.bn.weight:weight_decay=0.0
2026/08/05 13:57:08 - mmengine - INFO - paramwise_options -- backbone.stage1.1.main_conv.bn.bias:weight_decay=0.0
2026/08/05 13:57:08 - mmengine - INFO - paramwise_options -- backbone.stage1.1.short_conv.bn.weight:weight_decay=0.0
2026/08/05 13:57:08 - mmengine - INFO - paramwise_options -- backbone.stage1.1.short_conv.bn.bias:weight_decay=0.0
2026/08/05 13:57:08 - mmengine - INFO - paramwise_options -- backbone.stage1.1.final_conv.bn.weight:weight_decay=0.0
2026/08/05 13:57:08 - mmengine - INFO - paramwise_options -- backbone.stage1.1.final_conv.bn.bias:weight_decay=0.0
2026/08/05 13:57:08 - mmengine - INFO - paramwise_options -- backbone.stage1.1.blocks.0.conv1.bn.weight:weight_decay=0.0
2026/08/05 13:57:08 - mmengine - INFO - paramwise_options -- backbone.stage1.1.blocks.0.conv1.bn.bias:weight_decay=0.0
2026/08/05 13:57:08 - mmengine - INFO - paramwise_options -- backbone.stage1.1.blocks.0.conv2.depthwise_conv.bn.weight:weight_decay=0.0
2026/08/05 13:57:08 - mmengine - INFO - paramwise_options -- backbone.stage1.1.blocks.0.conv2.depthwise_conv.bn.bias:weight_decay=0.0
2026/08/05 13:57:08 - mmengine - INFO - paramwise_options -- backbone.stage1.1.blocks.0.conv2.pointwise_conv.bn.weight:weight_decay=0.0
2026/08/05 13:57:08 - mmengine - INFO - paramwise_options -- backbone.stage1.1.blocks.0.conv2.pointwise_conv.bn.bias:weight_decay=0.0
2026/08/05 13:57:08 - mmengine - INFO - paramwise_options -- backbone.stage1.1.attention.fc.bias:weight_decay=0.0
2026/08/05 13:57:08 - mmengine - INFO - paramwise_options -- backbone.stage2.0.bn.weight:weight_decay=0.0
2026/08/05 13:57:08 - mmengine - INFO - paramwise_options -- backbone.stage2.0.bn.bias:weight_decay=0.0
2026/08/05 13:57:08 - mmengine - INFO - paramwise_options -- backbone.stage2.1.main_conv.bn.weight:weight_decay=0.0
2026/08/05 13:57:08 - mmengine - INFO - paramwise_options -- backbone.stage2.1.main_conv.bn.bias:weight_decay=0.0
2026/08/05 13:57:08 - mmengine - INFO - paramwise_options -- backbone.stage2.1.short_conv.bn.weight:weight_decay=0.0
2026/08/05 13:57:08 - mmengine - INFO - paramwise_options -- backbone.stage2.1.short_conv.bn.bias:weight_decay=0.0
2026/08/05 13:57:08 - mmengine - INFO - paramwise_options -- backbone.stage2.1.final_conv.bn.weight:weight_decay=0.0
2026/08/05 13:57:08 - mmengine - INFO - paramwise_options -- backbone.stage2.1.final_conv.bn.bias:weight_decay=0.0
2026/08/05 13:57:08 - mmengine - INFO - paramwise_options -- backbone.stage2.1.blocks.0.conv1.bn.weight:weight_decay=0.0
2026/08/05 13:57:08 - mmengine - INFO - paramwise_options -- backbone.stage2.1.blocks.0.conv1.bn.bias:weight_decay=0.0
2026/08/05 13:57:08 - mmengine - INFO - paramwise_options -- backbone.stage2.1.blocks.0.conv2.depthwise_conv.bn.weight:weight_decay=0.0
2026/08/05 13:57:08 - mmengine - INFO - paramwise_options -- backbone.stage2.1.blocks.0.conv2.depthwise_conv.bn.bias:weight_decay=0.0
2026/08/05 13:57:08 - mmengine - INFO - paramwise_options -- backbone.stage2.1.blocks.0.conv2.pointwise_conv.bn.weight:weight_decay=0.0
2026/08/05 13:57:08 - mmengine - INFO - paramwise_options -- backbone.stage2.1.blocks.0.conv2.pointwise_conv.bn.bias:weight_decay=0.0
2026/08/05 13:57:08 - mmengine - INFO - paramwise_options -- backbone.stage2.1.attention.fc.bias:weight_decay=0.0
2026/08/05 13:57:08 - mmengine - INFO - paramwise_options -- backbone.stage3.0.bn.weight:weight_decay=0.0
2026/08/05 13:57:08 - mmengine - INFO - paramwise_options -- backbone.stage3.0.bn.bias:weight_decay=0.0
2026/08/05 13:57:08 - mmengine - INFO - paramwise_options -- backbone.stage3.1.main_conv.bn.weight:weight_decay=0.0
2026/08/05 13:57:08 - mmengine - INFO - paramwise_options -- backbone.stage3.1.main_conv.bn.bias:weight_decay=0.0
2026/08/05 13:57:08 - mmengine - INFO - paramwise_options -- backbone.stage3.1.short_conv.bn.weight:weight_decay=0.0
2026/08/05 13:57:08 - mmengine - INFO - paramwise_options -- backbone.stage3.1.short_conv.bn.bias:weight_decay=0.0
2026/08/05 13:57:08 - mmengine - INFO - paramwise_options -- backbone.stage3.1.final_conv.bn.weight:weight_decay=0.0
2026/08/05 13:57:08 - mmengine - INFO - paramwise_options -- backbone.stage3.1.final_conv.bn.bias:weight_decay=0.0
2026/08/05 13:57:08 - mmengine - INFO - paramwise_options -- backbone.stage3.1.blocks.0.conv1.bn.weight:weight_decay=0.0
2026/08/05 13:57:08 - mmengine - INFO - paramwise_options -- backbone.stage3.1.blocks.0.conv1.bn.bias:weight_decay=0.0
2026/08/05 13:57:08 - mmengine - INFO - paramwise_options -- backbone.stage3.1.blocks.0.conv2.depthwise_conv.bn.weight:weight_decay=0.0
2026/08/05 13:57:08 - mmengine - INFO - paramwise_options -- backbone.stage3.1.blocks.0.conv2.depthwise_conv.bn.bias:weight_decay=0.0
2026/08/05 13:57:08 - mmengine - INFO - paramwise_options -- backbone.stage3.1.blocks.0.conv2.pointwise_conv.bn.weight:weight_decay=0.0
2026/08/05 13:57:08 - mmengine - INFO - paramwise_options -- backbone.stage3.1.blocks.0.conv2.pointwise_conv.bn.bias:weight_decay=0.0
2026/08/05 13:57:08 - mmengine - INFO - paramwise_options -- backbone.stage3.1.attention.fc.bias:weight_decay=0.0
2026/08/05 13:57:08 - mmengine - INFO - paramwise_options -- backbone.stage4.0.bn.weight:weight_decay=0.0
2026/08/05 13:57:08 - mmengine - INFO - paramwise_options -- backbone.stage4.0.bn.bias:weight_decay=0.0
2026/08/05 13:57:08 - mmengine - INFO - paramwise_options -- backbone.stage4.1.conv1.bn.weight:weight_decay=0.0
2026/08/05 13:57:08 - mmengine - INFO - paramwise_options -- backbone.stage4.1.conv1.bn.bias:weight_decay=0.0
2026/08/05 13:57:08 - mmengine - INFO - paramwise_options -- backbone.stage4.1.conv2.bn.weight:weight_decay=0.0
2026/08/05 13:57:08 - mmengine - INFO - paramwise_options -- backbone.stage4.1.conv2.bn.bias:weight_decay=0.0
2026/08/05 13:57:08 - mmengine - INFO - paramwise_options -- backbone.stage4.2.main_conv.bn.weight:weight_decay=0.0
2026/08/05 13:57:08 - mmengine - INFO - paramwise_options -- backbone.stage4.2.main_conv.bn.bias:weight_decay=0.0
2026/08/05 13:57:08 - mmengine - INFO - paramwise_options -- backbone.stage4.2.short_conv.bn.weight:weight_decay=0.0
2026/08/05 13:57:08 - mmengine - INFO - paramwise_options -- backbone.stage4.2.short_conv.bn.bias:weight_decay=0.0
2026/08/05 13:57:08 - mmengine - INFO - paramwise_options -- backbone.stage4.2.final_conv.bn.weight:weight_decay=0.0
2026/08/05 13:57:08 - mmengine - INFO - paramwise_options -- backbone.stage4.2.final_conv.bn.bias:weight_decay=0.0
2026/08/05 13:57:08 - mmengine - INFO - paramwise_options -- backbone.stage4.2.blocks.0.conv1.bn.weight:weight_decay=0.0
2026/08/05 13:57:08 - mmengine - INFO - paramwise_options -- backbone.stage4.2.blocks.0.conv1.bn.bias:weight_decay=0.0
2026/08/05 13:57:08 - mmengine - INFO - paramwise_options -- backbone.stage4.2.blocks.0.conv2.depthwise_conv.bn.weight:weight_decay=0.0
2026/08/05 13:57:08 - mmengine - INFO - paramwise_options -- backbone.stage4.2.blocks.0.conv2.depthwise_conv.bn.bias:weight_decay=0.0
2026/08/05 13:57:08 - mmengine - INFO - paramwise_options -- backbone.stage4.2.blocks.0.conv2.pointwise_conv.bn.weight:weight_decay=0.0
2026/08/05 13:57:08 - mmengine - INFO - paramwise_options -- backbone.stage4.2.blocks.0.conv2.pointwise_conv.bn.bias:weight_decay=0.0
2026/08/05 13:57:08 - mmengine - INFO - paramwise_options -- backbone.stage4.2.attention.fc.bias:weight_decay=0.0
2026/08/05 13:57:08 - mmengine - INFO - paramwise_options -- neck.reduce_layers.0.bn.weight:weight_decay=0.0
2026/08/05 13:57:08 - mmengine - INFO - paramwise_options -- neck.reduce_layers.0.bn.bias:weight_decay=0.0
2026/08/05 13:57:08 - mmengine - INFO - paramwise_options -- neck.reduce_layers.1.bn.weight:weight_decay=0.0
2026/08/05 13:57:08 - mmengine - INFO - paramwise_options -- neck.reduce_layers.1.bn.bias:weight_decay=0.0
2026/08/05 13:57:08 - mmengine - INFO - paramwise_options -- neck.top_down_blocks.0.main_conv.bn.weight:weight_decay=0.0
2026/08/05 13:57:08 - mmengine - INFO - paramwise_options -- neck.top_down_blocks.0.main_conv.bn.bias:weight_decay=0.0
2026/08/05 13:57:08 - mmengine - INFO - paramwise_options -- neck.top_down_blocks.0.short_conv.bn.weight:weight_decay=0.0
2026/08/05 13:57:08 - mmengine - INFO - paramwise_options -- neck.top_down_blocks.0.short_conv.bn.bias:weight_decay=0.0
2026/08/05 13:57:08 - mmengine - INFO - paramwise_options -- neck.top_down_blocks.0.final_conv.bn.weight:weight_decay=0.0
2026/08/05 13:57:08 - mmengine - INFO - paramwise_options -- neck.top_down_blocks.0.final_conv.bn.bias:weight_decay=0.0
2026/08/05 13:57:08 - mmengine - INFO - paramwise_options -- neck.top_down_blocks.0.blocks.0.conv1.bn.weight:weight_decay=0.0
2026/08/05 13:57:08 - mmengine - INFO - paramwise_options -- neck.top_down_blocks.0.blocks.0.conv1.bn.bias:weight_decay=0.0
2026/08/05 13:57:08 - mmengine - INFO - paramwise_options -- neck.top_down_blocks.0.blocks.0.conv2.depthwise_conv.bn.weight:weight_decay=0.0
2026/08/05 13:57:08 - mmengine - INFO - paramwise_options -- neck.top_down_blocks.0.blocks.0.conv2.depthwise_conv.bn.bias:weight_decay=0.0
2026/08/05 13:57:08 - mmengine - INFO - paramwise_options -- neck.top_down_blocks.0.blocks.0.conv2.pointwise_conv.bn.weight:weight_decay=0.0
2026/08/05 13:57:08 - mmengine - INFO - paramwise_options -- neck.top_down_blocks.0.blocks.0.conv2.pointwise_conv.bn.bias:weight_decay=0.0
2026/08/05 13:57:08 - mmengine - INFO - paramwise_options -- neck.top_down_blocks.1.main_conv.bn.weight:weight_decay=0.0
2026/08/05 13:57:08 - mmengine - INFO - paramwise_options -- neck.top_down_blocks.1.main_conv.bn.bias:weight_decay=0.0
2026/08/05 13:57:08 - mmengine - INFO - paramwise_options -- neck.top_down_blocks.1.short_conv.bn.weight:weight_decay=0.0
2026/08/05 13:57:08 - mmengine - INFO - paramwise_options -- neck.top_down_blocks.1.short_conv.bn.bias:weight_decay=0.0
2026/08/05 13:57:08 - mmengine - INFO - paramwise_options -- neck.top_down_blocks.1.final_conv.bn.weight:weight_decay=0.0
2026/08/05 13:57:08 - mmengine - INFO - paramwise_options -- neck.top_down_blocks.1.final_conv.bn.bias:weight_decay=0.0
2026/08/05 13:57:08 - mmengine - INFO - paramwise_options -- neck.top_down_blocks.1.blocks.0.conv1.bn.weight:weight_decay=0.0
2026/08/05 13:57:08 - mmengine - INFO - paramwise_options -- neck.top_down_blocks.1.blocks.0.conv1.bn.bias:weight_decay=0.0
2026/08/05 13:57:08 - mmengine - INFO - paramwise_options -- neck.top_down_blocks.1.blocks.0.conv2.depthwise_conv.bn.weight:weight_decay=0.0
2026/08/05 13:57:08 - mmengine - INFO - paramwise_options -- neck.top_down_blocks.1.blocks.0.conv2.depthwise_conv.bn.bias:weight_decay=0.0
2026/08/05 13:57:08 - mmengine - INFO - paramwise_options -- neck.top_down_blocks.1.blocks.0.conv2.pointwise_conv.bn.weight:weight_decay=0.0
2026/08/05 13:57:08 - mmengine - INFO - paramwise_options -- neck.top_down_blocks.1.blocks.0.conv2.pointwise_conv.bn.bias:weight_decay=0.0
2026/08/05 13:57:08 - mmengine - INFO - paramwise_options -- neck.downsamples.0.bn.weight:weight_decay=0.0
2026/08/05 13:57:08 - mmengine - INFO - paramwise_options -- neck.downsamples.0.bn.bias:weight_decay=0.0
2026/08/05 13:57:08 - mmengine - INFO - paramwise_options -- neck.downsamples.1.bn.weight:weight_decay=0.0
2026/08/05 13:57:08 - mmengine - INFO - paramwise_options -- neck.downsamples.1.bn.bias:weight_decay=0.0
2026/08/05 13:57:08 - mmengine - INFO - paramwise_options -- neck.bottom_up_blocks.0.main_conv.bn.weight:weight_decay=0.0
2026/08/05 13:57:08 - mmengine - INFO - paramwise_options -- neck.bottom_up_blocks.0.main_conv.bn.bias:weight_decay=0.0
2026/08/05 13:57:08 - mmengine - INFO - paramwise_options -- neck.bottom_up_blocks.0.short_conv.bn.weight:weight_decay=0.0
2026/08/05 13:57:08 - mmengine - INFO - paramwise_options -- neck.bottom_up_blocks.0.short_conv.bn.bias:weight_decay=0.0
2026/08/05 13:57:08 - mmengine - INFO - paramwise_options -- neck.bottom_up_blocks.0.final_conv.bn.weight:weight_decay=0.0
2026/08/05 13:57:08 - mmengine - INFO - paramwise_options -- neck.bottom_up_blocks.0.final_conv.bn.bias:weight_decay=0.0
2026/08/05 13:57:08 - mmengine - INFO - paramwise_options -- neck.bottom_up_blocks.0.blocks.0.conv1.bn.weight:weight_decay=0.0
2026/08/05 13:57:08 - mmengine - INFO - paramwise_options -- neck.bottom_up_blocks.0.blocks.0.conv1.bn.bias:weight_decay=0.0
2026/08/05 13:57:08 - mmengine - INFO - paramwise_options -- neck.bottom_up_blocks.0.blocks.0.conv2.depthwise_conv.bn.weight:weight_decay=0.0
2026/08/05 13:57:08 - mmengine - INFO - paramwise_options -- neck.bottom_up_blocks.0.blocks.0.conv2.depthwise_conv.bn.bias:weight_decay=0.0
2026/08/05 13:57:08 - mmengine - INFO - paramwise_options -- neck.bottom_up_blocks.0.blocks.0.conv2.pointwise_conv.bn.weight:weight_decay=0.0
2026/08/05 13:57:08 - mmengine - INFO - paramwise_options -- neck.bottom_up_blocks.0.blocks.0.conv2.pointwise_conv.bn.bias:weight_decay=0.0
2026/08/05 13:57:08 - mmengine - INFO - paramwise_options -- neck.bottom_up_blocks.1.main_conv.bn.weight:weight_decay=0.0
2026/08/05 13:57:08 - mmengine - INFO - paramwise_options -- neck.bottom_up_blocks.1.main_conv.bn.bias:weight_decay=0.0
2026/08/05 13:57:08 - mmengine - INFO - paramwise_options -- neck.bottom_up_blocks.1.short_conv.bn.weight:weight_decay=0.0
2026/08/05 13:57:08 - mmengine - INFO - paramwise_options -- neck.bottom_up_blocks.1.short_conv.bn.bias:weight_decay=0.0
2026/08/05 13:57:08 - mmengine - INFO - paramwise_options -- neck.bottom_up_blocks.1.final_conv.bn.weight:weight_decay=0.0
2026/08/05 13:57:08 - mmengine - INFO - paramwise_options -- neck.bottom_up_blocks.1.final_conv.bn.bias:weight_decay=0.0
2026/08/05 13:57:08 - mmengine - INFO - paramwise_options -- neck.bottom_up_blocks.1.blocks.0.conv1.bn.weight:weight_decay=0.0
2026/08/05 13:57:08 - mmengine - INFO - paramwise_options -- neck.bottom_up_blocks.1.blocks.0.conv1.bn.bias:weight_decay=0.0
2026/08/05 13:57:08 - mmengine - INFO - paramwise_options -- neck.bottom_up_blocks.1.blocks.0.conv2.depthwise_conv.bn.weight:weight_decay=0.0
2026/08/05 13:57:08 - mmengine - INFO - paramwise_options -- neck.bottom_up_blocks.1.blocks.0.conv2.depthwise_conv.bn.bias:weight_decay=0.0
2026/08/05 13:57:08 - mmengine - INFO - paramwise_options -- neck.bottom_up_blocks.1.blocks.0.conv2.pointwise_conv.bn.weight:weight_decay=0.0
2026/08/05 13:57:08 - mmengine - INFO - paramwise_options -- neck.bottom_up_blocks.1.blocks.0.conv2.pointwise_conv.bn.bias:weight_decay=0.0
2026/08/05 13:57:08 - mmengine - INFO - paramwise_options -- neck.out_convs.0.bn.weight:weight_decay=0.0
2026/08/05 13:57:08 - mmengine - INFO - paramwise_options -- neck.out_convs.0.bn.bias:weight_decay=0.0
2026/08/05 13:57:08 - mmengine - INFO - paramwise_options -- neck.out_convs.1.bn.weight:weight_decay=0.0
2026/08/05 13:57:08 - mmengine - INFO - paramwise_options -- neck.out_convs.1.bn.bias:weight_decay=0.0
2026/08/05 13:57:08 - mmengine - INFO - paramwise_options -- neck.out_convs.2.bn.weight:weight_decay=0.0
2026/08/05 13:57:08 - mmengine - INFO - paramwise_options -- neck.out_convs.2.bn.bias:weight_decay=0.0
2026/08/05 13:57:08 - mmengine - INFO - paramwise_options -- bbox_head.cls_convs.0.0.bn.weight:weight_decay=0.0
2026/08/05 13:57:08 - mmengine - INFO - paramwise_options -- bbox_head.cls_convs.0.0.bn.bias:weight_decay=0.0
2026/08/05 13:57:08 - mmengine - INFO - paramwise_options -- bbox_head.cls_convs.0.1.bn.weight:weight_decay=0.0
2026/08/05 13:57:08 - mmengine - INFO - paramwise_options -- bbox_head.cls_convs.0.1.bn.bias:weight_decay=0.0
2026/08/05 13:57:08 - mmengine - WARNING - bbox_head.cls_convs.1.0.conv is duplicate. It is skipped since bypass_duplicate=True
2026/08/05 13:57:08 - mmengine - INFO - paramwise_options -- bbox_head.cls_convs.1.0.bn.weight:weight_decay=0.0
2026/08/05 13:57:08 - mmengine - INFO - paramwise_options -- bbox_head.cls_convs.1.0.bn.bias:weight_decay=0.0
2026/08/05 13:57:08 - mmengine - WARNING - bbox_head.cls_convs.1.1.conv is duplicate. It is skipped since bypass_duplicate=True
2026/08/05 13:57:08 - mmengine - INFO - paramwise_options -- bbox_head.cls_convs.1.1.bn.weight:weight_decay=0.0
2026/08/05 13:57:08 - mmengine - INFO - paramwise_options -- bbox_head.cls_convs.1.1.bn.bias:weight_decay=0.0
2026/08/05 13:57:08 - mmengine - WARNING - bbox_head.cls_convs.2.0.conv is duplicate. It is skipped since bypass_duplicate=True
2026/08/05 13:57:08 - mmengine - INFO - paramwise_options -- bbox_head.cls_convs.2.0.bn.weight:weight_decay=0.0
2026/08/05 13:57:08 - mmengine - INFO - paramwise_options -- bbox_head.cls_convs.2.0.bn.bias:weight_decay=0.0
2026/08/05 13:57:08 - mmengine - WARNING - bbox_head.cls_convs.2.1.conv is duplicate. It is skipped since bypass_duplicate=True
2026/08/05 13:57:08 - mmengine - INFO - paramwise_options -- bbox_head.cls_convs.2.1.bn.weight:weight_decay=0.0
2026/08/05 13:57:08 - mmengine - INFO - paramwise_options -- bbox_head.cls_convs.2.1.bn.bias:weight_decay=0.0
2026/08/05 13:57:08 - mmengine - WARNING - bbox_head.reg_convs.0.0.conv is duplicate. It is skipped since bypass_duplicate=True
2026/08/05 13:57:08 - mmengine - WARNING - bbox_head.reg_convs.0.0.bn is duplicate. It is skipped since bypass_duplicate=True
2026/08/05 13:57:08 - mmengine - WARNING - bbox_head.reg_convs.0.1.conv is duplicate. It is skipped since bypass_duplicate=True
2026/08/05 13:57:08 - mmengine - WARNING - bbox_head.reg_convs.0.1.bn is duplicate. It is skipped since bypass_duplicate=True
2026/08/05 13:57:08 - mmengine - WARNING - bbox_head.reg_convs.1.0.conv is duplicate. It is skipped since bypass_duplicate=True
2026/08/05 13:57:08 - mmengine - WARNING - bbox_head.reg_convs.1.0.bn is duplicate. It is skipped since bypass_duplicate=True
2026/08/05 13:57:08 - mmengine - WARNING - bbox_head.reg_convs.1.1.conv is duplicate. It is skipped since bypass_duplicate=True
2026/08/05 13:57:08 - mmengine - WARNING - bbox_head.reg_convs.1.1.bn is duplicate. It is skipped since bypass_duplicate=True
2026/08/05 13:57:08 - mmengine - WARNING - bbox_head.reg_convs.2.0.conv is duplicate. It is skipped since bypass_duplicate=True
2026/08/05 13:57:08 - mmengine - WARNING - bbox_head.reg_convs.2.0.bn is duplicate. It is skipped since bypass_duplicate=True
2026/08/05 13:57:08 - mmengine - WARNING - bbox_head.reg_convs.2.1.conv is duplicate. It is skipped since bypass_duplicate=True
2026/08/05 13:57:08 - mmengine - WARNING - bbox_head.reg_convs.2.1.bn is duplicate. It is skipped since bypass_duplicate=True
2026/08/05 13:57:08 - mmengine - INFO - paramwise_options -- bbox_head.kernel_convs.0.0.bn.weight:weight_decay=0.0
2026/08/05 13:57:08 - mmengine - INFO - paramwise_options -- bbox_head.kernel_convs.0.0.bn.bias:weight_decay=0.0
2026/08/05 13:57:08 - mmengine - INFO - paramwise_options -- bbox_head.kernel_convs.0.1.bn.weight:weight_decay=0.0
2026/08/05 13:57:08 - mmengine - INFO - paramwise_options -- bbox_head.kernel_convs.0.1.bn.bias:weight_decay=0.0
2026/08/05 13:57:08 - mmengine - INFO - paramwise_options -- bbox_head.kernel_convs.1.0.bn.weight:weight_decay=0.0
2026/08/05 13:57:08 - mmengine - INFO - paramwise_options -- bbox_head.kernel_convs.1.0.bn.bias:weight_decay=0.0
2026/08/05 13:57:08 - mmengine - INFO - paramwise_options -- bbox_head.kernel_convs.1.1.bn.weight:weight_decay=0.0
2026/08/05 13:57:08 - mmengine - INFO - paramwise_options -- bbox_head.kernel_convs.1.1.bn.bias:weight_decay=0.0
2026/08/05 13:57:08 - mmengine - INFO - paramwise_options -- bbox_head.kernel_convs.2.0.bn.weight:weight_decay=0.0
2026/08/05 13:57:08 - mmengine - INFO - paramwise_options -- bbox_head.kernel_convs.2.0.bn.bias:weight_decay=0.0
2026/08/05 13:57:08 - mmengine - INFO - paramwise_options -- bbox_head.kernel_convs.2.1.bn.weight:weight_decay=0.0
2026/08/05 13:57:08 - mmengine - INFO - paramwise_options -- bbox_head.kernel_convs.2.1.bn.bias:weight_decay=0.0
2026/08/05 13:57:08 - mmengine - INFO - paramwise_options -- bbox_head.rtm_cls.0.bias:weight_decay=0.0
2026/08/05 13:57:08 - mmengine - INFO - paramwise_options -- bbox_head.rtm_cls.1.bias:weight_decay=0.0
2026/08/05 13:57:08 - mmengine - INFO - paramwise_options -- bbox_head.rtm_cls.2.bias:weight_decay=0.0
2026/08/05 13:57:08 - mmengine - INFO - paramwise_options -- bbox_head.rtm_reg.0.bias:weight_decay=0.0
2026/08/05 13:57:08 - mmengine - INFO - paramwise_options -- bbox_head.rtm_reg.1.bias:weight_decay=0.0
2026/08/05 13:57:08 - mmengine - INFO - paramwise_options -- bbox_head.rtm_reg.2.bias:weight_decay=0.0
2026/08/05 13:57:08 - mmengine - INFO - paramwise_options -- bbox_head.rtm_kernel.0.bias:weight_decay=0.0
2026/08/05 13:57:08 - mmengine - INFO - paramwise_options -- bbox_head.rtm_kernel.1.bias:weight_decay=0.0
2026/08/05 13:57:08 - mmengine - INFO - paramwise_options -- bbox_head.rtm_kernel.2.bias:weight_decay=0.0
2026/08/05 13:57:08 - mmengine - INFO - paramwise_options -- bbox_head.mask_head.fusion_conv.bias:weight_decay=0.0
2026/08/05 13:57:08 - mmengine - INFO - paramwise_options -- bbox_head.mask_head.stacked_convs.0.bn.weight:weight_decay=0.0
2026/08/05 13:57:08 - mmengine - INFO - paramwise_options -- bbox_head.mask_head.stacked_convs.0.bn.bias:weight_decay=0.0
2026/08/05 13:57:08 - mmengine - INFO - paramwise_options -- bbox_head.mask_head.stacked_convs.1.bn.weight:weight_decay=0.0
2026/08/05 13:57:08 - mmengine - INFO - paramwise_options -- bbox_head.mask_head.stacked_convs.1.bn.bias:weight_decay=0.0
2026/08/05 13:57:08 - mmengine - INFO - paramwise_options -- bbox_head.mask_head.stacked_convs.2.bn.weight:weight_decay=0.0
2026/08/05 13:57:08 - mmengine - INFO - paramwise_options -- bbox_head.mask_head.stacked_convs.2.bn.bias:weight_decay=0.0
2026/08/05 13:57:08 - mmengine - INFO - paramwise_options -- bbox_head.mask_head.stacked_convs.3.bn.weight:weight_decay=0.0
2026/08/05 13:57:08 - mmengine - INFO - paramwise_options -- bbox_head.mask_head.stacked_convs.3.bn.bias:weight_decay=0.0
2026/08/05 13:57:08 - mmengine - INFO - paramwise_options -- bbox_head.mask_head.projection.bias:weight_decay=0.0
2026/08/05 13:57:09 - mmengine - INFO - load backbone. in model from: https://download.openmmlab.com/mmdetection/v3.0/rtmdet/cspnext_rsb_pretrain/cspnext-tiny_imagenet_600e.pth
Name of parameter - Initialization information

backbone.stem.0.conv.weight - torch.Size([12, 3, 3, 3]): 
PretrainedInit: load from https://download.openmmlab.com/mmdetection/v3.0/rtmdet/cspnext_rsb_pretrain/cspnext-tiny_imagenet_600e.pth 

backbone.stem.0.bn.weight - torch.Size([12]): 
PretrainedInit: load from https://download.openmmlab.com/mmdetection/v3.0/rtmdet/cspnext_rsb_pretrain/cspnext-tiny_imagenet_600e.pth 

backbone.stem.0.bn.bias - torch.Size([12]): 
PretrainedInit: load from https://download.openmmlab.com/mmdetection/v3.0/rtmdet/cspnext_rsb_pretrain/cspnext-tiny_imagenet_600e.pth 

backbone.stem.1.conv.weight - torch.Size([12, 12, 3, 3]): 
PretrainedInit: load from https://download.openmmlab.com/mmdetection/v3.0/rtmdet/cspnext_rsb_pretrain/cspnext-tiny_imagenet_600e.pth 

backbone.stem.1.bn.weight - torch.Size([12]): 
PretrainedInit: load from https://download.openmmlab.com/mmdetection/v3.0/rtmdet/cspnext_rsb_pretrain/cspnext-tiny_imagenet_600e.pth 

backbone.stem.1.bn.bias - torch.Size([12]): 
PretrainedInit: load from https://download.openmmlab.com/mmdetection/v3.0/rtmdet/cspnext_rsb_pretrain/cspnext-tiny_imagenet_600e.pth 

backbone.stem.2.conv.weight - torch.Size([24, 12, 3, 3]): 
PretrainedInit: load from https://download.openmmlab.com/mmdetection/v3.0/rtmdet/cspnext_rsb_pretrain/cspnext-tiny_imagenet_600e.pth 

backbone.stem.2.bn.weight - torch.Size([24]): 
PretrainedInit: load from https://download.openmmlab.com/mmdetection/v3.0/rtmdet/cspnext_rsb_pretrain/cspnext-tiny_imagenet_600e.pth 

backbone.stem.2.bn.bias - torch.Size([24]): 
PretrainedInit: load from https://download.openmmlab.com/mmdetection/v3.0/rtmdet/cspnext_rsb_pretrain/cspnext-tiny_imagenet_600e.pth 

backbone.stage1.0.conv.weight - torch.Size([48, 24, 3, 3]): 
PretrainedInit: load from https://download.openmmlab.com/mmdetection/v3.0/rtmdet/cspnext_rsb_pretrain/cspnext-tiny_imagenet_600e.pth 

backbone.stage1.0.bn.weight - torch.Size([48]): 
PretrainedInit: load from https://download.openmmlab.com/mmdetection/v3.0/rtmdet/cspnext_rsb_pretrain/cspnext-tiny_imagenet_600e.pth 

backbone.stage1.0.bn.bias - torch.Size([48]): 
PretrainedInit: load from https://download.openmmlab.com/mmdetection/v3.0/rtmdet/cspnext_rsb_pretrain/cspnext-tiny_imagenet_600e.pth 

backbone.stage1.1.main_conv.conv.weight - torch.Size([24, 48, 1, 1]): 
PretrainedInit: load from https://download.openmmlab.com/mmdetection/v3.0/rtmdet/cspnext_rsb_pretrain/cspnext-tiny_imagenet_600e.pth 

backbone.stage1.1.main_conv.bn.weight - torch.Size([24]): 
PretrainedInit: load from https://download.openmmlab.com/mmdetection/v3.0/rtmdet/cspnext_rsb_pretrain/cspnext-tiny_imagenet_600e.pth 

backbone.stage1.1.main_conv.bn.bias - torch.Size([24]): 
PretrainedInit: load from https://download.openmmlab.com/mmdetection/v3.0/rtmdet/cspnext_rsb_pretrain/cspnext-tiny_imagenet_600e.pth 

backbone.stage1.1.short_conv.conv.weight - torch.Size([24, 48, 1, 1]): 
PretrainedInit: load from https://download.openmmlab.com/mmdetection/v3.0/rtmdet/cspnext_rsb_pretrain/cspnext-tiny_imagenet_600e.pth 

backbone.stage1.1.short_conv.bn.weight - torch.Size([24]): 
PretrainedInit: load from https://download.openmmlab.com/mmdetection/v3.0/rtmdet/cspnext_rsb_pretrain/cspnext-tiny_imagenet_600e.pth 

backbone.stage1.1.short_conv.bn.bias - torch.Size([24]): 
PretrainedInit: load from https://download.openmmlab.com/mmdetection/v3.0/rtmdet/cspnext_rsb_pretrain/cspnext-tiny_imagenet_600e.pth 

backbone.stage1.1.final_conv.conv.weight - torch.Size([48, 48, 1, 1]): 
PretrainedInit: load from https://download.openmmlab.com/mmdetection/v3.0/rtmdet/cspnext_rsb_pretrain/cspnext-tiny_imagenet_600e.pth 

backbone.stage1.1.final_conv.bn.weight - torch.Size([48]): 
PretrainedInit: load from https://download.openmmlab.com/mmdetection/v3.0/rtmdet/cspnext_rsb_pretrain/cspnext-tiny_imagenet_600e.pth 

backbone.stage1.1.final_conv.bn.bias - torch.Size([48]): 
PretrainedInit: load from https://download.openmmlab.com/mmdetection/v3.0/rtmdet/cspnext_rsb_pretrain/cspnext-tiny_imagenet_600e.pth 

backbone.stage1.1.blocks.0.conv1.conv.weight - torch.Size([24, 24, 3, 3]): 
PretrainedInit: load from https://download.openmmlab.com/mmdetection/v3.0/rtmdet/cspnext_rsb_pretrain/cspnext-tiny_imagenet_600e.pth 

backbone.stage1.1.blocks.0.conv1.bn.weight - torch.Size([24]): 
PretrainedInit: load from https://download.openmmlab.com/mmdetection/v3.0/rtmdet/cspnext_rsb_pretrain/cspnext-tiny_imagenet_600e.pth 

backbone.stage1.1.blocks.0.conv1.bn.bias - torch.Size([24]): 
PretrainedInit: load from https://download.openmmlab.com/mmdetection/v3.0/rtmdet/cspnext_rsb_pretrain/cspnext-tiny_imagenet_600e.pth 

backbone.stage1.1.blocks.0.conv2.depthwise_conv.conv.weight - torch.Size([24, 1, 5, 5]): 
PretrainedInit: load from https://download.openmmlab.com/mmdetection/v3.0/rtmdet/cspnext_rsb_pretrain/cspnext-tiny_imagenet_600e.pth 

backbone.stage1.1.blocks.0.conv2.depthwise_conv.bn.weight - torch.Size([24]): 
PretrainedInit: load from https://download.openmmlab.com/mmdetection/v3.0/rtmdet/cspnext_rsb_pretrain/cspnext-tiny_imagenet_600e.pth 

backbone.stage1.1.blocks.0.conv2.depthwise_conv.bn.bias - torch.Size([24]): 
PretrainedInit: load from https://download.openmmlab.com/mmdetection/v3.0/rtmdet/cspnext_rsb_pretrain/cspnext-tiny_imagenet_600e.pth 

backbone.stage1.1.blocks.0.conv2.pointwise_conv.conv.weight - torch.Size([24, 24, 1, 1]): 
PretrainedInit: load from https://download.openmmlab.com/mmdetection/v3.0/rtmdet/cspnext_rsb_pretrain/cspnext-tiny_imagenet_600e.pth 

backbone.stage1.1.blocks.0.conv2.pointwise_conv.bn.weight - torch.Size([24]): 
PretrainedInit: load from https://download.openmmlab.com/mmdetection/v3.0/rtmdet/cspnext_rsb_pretrain/cspnext-tiny_imagenet_600e.pth 

backbone.stage1.1.blocks.0.conv2.pointwise_conv.bn.bias - torch.Size([24]): 
PretrainedInit: load from https://download.openmmlab.com/mmdetection/v3.0/rtmdet/cspnext_rsb_pretrain/cspnext-tiny_imagenet_600e.pth 

backbone.stage1.1.attention.fc.weight - torch.Size([48, 48, 1, 1]): 
PretrainedInit: load from https://download.openmmlab.com/mmdetection/v3.0/rtmdet/cspnext_rsb_pretrain/cspnext-tiny_imagenet_600e.pth 

backbone.stage1.1.attention.fc.bias - torch.Size([48]): 
PretrainedInit: load from https://download.openmmlab.com/mmdetection/v3.0/rtmdet/cspnext_rsb_pretrain/cspnext-tiny_imagenet_600e.pth 

backbone.stage2.0.conv.weight - torch.Size([96, 48, 3, 3]): 
PretrainedInit: load from https://download.openmmlab.com/mmdetection/v3.0/rtmdet/cspnext_rsb_pretrain/cspnext-tiny_imagenet_600e.pth 

backbone.stage2.0.bn.weight - torch.Size([96]): 
PretrainedInit: load from https://download.openmmlab.com/mmdetection/v3.0/rtmdet/cspnext_rsb_pretrain/cspnext-tiny_imagenet_600e.pth 

backbone.stage2.0.bn.bias - torch.Size([96]): 
PretrainedInit: load from https://download.openmmlab.com/mmdetection/v3.0/rtmdet/cspnext_rsb_pretrain/cspnext-tiny_imagenet_600e.pth 

backbone.stage2.1.main_conv.conv.weight - torch.Size([48, 96, 1, 1]): 
PretrainedInit: load from https://download.openmmlab.com/mmdetection/v3.0/rtmdet/cspnext_rsb_pretrain/cspnext-tiny_imagenet_600e.pth 

backbone.stage2.1.main_conv.bn.weight - torch.Size([48]): 
PretrainedInit: load from https://download.openmmlab.com/mmdetection/v3.0/rtmdet/cspnext_rsb_pretrain/cspnext-tiny_imagenet_600e.pth 

backbone.stage2.1.main_conv.bn.bias - torch.Size([48]): 
PretrainedInit: load from https://download.openmmlab.com/mmdetection/v3.0/rtmdet/cspnext_rsb_pretrain/cspnext-tiny_imagenet_600e.pth 

backbone.stage2.1.short_conv.conv.weight - torch.Size([48, 96, 1, 1]): 
PretrainedInit: load from https://download.openmmlab.com/mmdetection/v3.0/rtmdet/cspnext_rsb_pretrain/cspnext-tiny_imagenet_600e.pth 

backbone.stage2.1.short_conv.bn.weight - torch.Size([48]): 
PretrainedInit: load from https://download.openmmlab.com/mmdetection/v3.0/rtmdet/cspnext_rsb_pretrain/cspnext-tiny_imagenet_600e.pth 

backbone.stage2.1.short_conv.bn.bias - torch.Size([48]): 
PretrainedInit: load from https://download.openmmlab.com/mmdetection/v3.0/rtmdet/cspnext_rsb_pretrain/cspnext-tiny_imagenet_600e.pth 

backbone.stage2.1.final_conv.conv.weight - torch.Size([96, 96, 1, 1]): 
PretrainedInit: load from https://download.openmmlab.com/mmdetection/v3.0/rtmdet/cspnext_rsb_pretrain/cspnext-tiny_imagenet_600e.pth 

backbone.stage2.1.final_conv.bn.weight - torch.Size([96]): 
PretrainedInit: load from https://download.openmmlab.com/mmdetection/v3.0/rtmdet/cspnext_rsb_pretrain/cspnext-tiny_imagenet_600e.pth 

backbone.stage2.1.final_conv.bn.bias - torch.Size([96]): 
PretrainedInit: load from https://download.openmmlab.com/mmdetection/v3.0/rtmdet/cspnext_rsb_pretrain/cspnext-tiny_imagenet_600e.pth 

backbone.stage2.1.blocks.0.conv1.conv.weight - torch.Size([48, 48, 3, 3]): 
PretrainedInit: load from https://download.openmmlab.com/mmdetection/v3.0/rtmdet/cspnext_rsb_pretrain/cspnext-tiny_imagenet_600e.pth 

backbone.stage2.1.blocks.0.conv1.bn.weight - torch.Size([48]): 
PretrainedInit: load from https://download.openmmlab.com/mmdetection/v3.0/rtmdet/cspnext_rsb_pretrain/cspnext-tiny_imagenet_600e.pth 

backbone.stage2.1.blocks.0.conv1.bn.bias - torch.Size([48]): 
PretrainedInit: load from https://download.openmmlab.com/mmdetection/v3.0/rtmdet/cspnext_rsb_pretrain/cspnext-tiny_imagenet_600e.pth 

backbone.stage2.1.blocks.0.conv2.depthwise_conv.conv.weight - torch.Size([48, 1, 5, 5]): 
PretrainedInit: load from https://download.openmmlab.com/mmdetection/v3.0/rtmdet/cspnext_rsb_pretrain/cspnext-tiny_imagenet_600e.pth 

backbone.stage2.1.blocks.0.conv2.depthwise_conv.bn.weight - torch.Size([48]): 
PretrainedInit: load from https://download.openmmlab.com/mmdetection/v3.0/rtmdet/cspnext_rsb_pretrain/cspnext-tiny_imagenet_600e.pth 

backbone.stage2.1.blocks.0.conv2.depthwise_conv.bn.bias - torch.Size([48]): 
PretrainedInit: load from https://download.openmmlab.com/mmdetection/v3.0/rtmdet/cspnext_rsb_pretrain/cspnext-tiny_imagenet_600e.pth 

backbone.stage2.1.blocks.0.conv2.pointwise_conv.conv.weight - torch.Size([48, 48, 1, 1]): 
PretrainedInit: load from https://download.openmmlab.com/mmdetection/v3.0/rtmdet/cspnext_rsb_pretrain/cspnext-tiny_imagenet_600e.pth 

backbone.stage2.1.blocks.0.conv2.pointwise_conv.bn.weight - torch.Size([48]): 
PretrainedInit: load from https://download.openmmlab.com/mmdetection/v3.0/rtmdet/cspnext_rsb_pretrain/cspnext-tiny_imagenet_600e.pth 

backbone.stage2.1.blocks.0.conv2.pointwise_conv.bn.bias - torch.Size([48]): 
PretrainedInit: load from https://download.openmmlab.com/mmdetection/v3.0/rtmdet/cspnext_rsb_pretrain/cspnext-tiny_imagenet_600e.pth 

backbone.stage2.1.attention.fc.weight - torch.Size([96, 96, 1, 1]): 
PretrainedInit: load from https://download.openmmlab.com/mmdetection/v3.0/rtmdet/cspnext_rsb_pretrain/cspnext-tiny_imagenet_600e.pth 

backbone.stage2.1.attention.fc.bias - torch.Size([96]): 
PretrainedInit: load from https://download.openmmlab.com/mmdetection/v3.0/rtmdet/cspnext_rsb_pretrain/cspnext-tiny_imagenet_600e.pth 

backbone.stage3.0.conv.weight - torch.Size([192, 96, 3, 3]): 
PretrainedInit: load from https://download.openmmlab.com/mmdetection/v3.0/rtmdet/cspnext_rsb_pretrain/cspnext-tiny_imagenet_600e.pth 

backbone.stage3.0.bn.weight - torch.Size([192]): 
PretrainedInit: load from https://download.openmmlab.com/mmdetection/v3.0/rtmdet/cspnext_rsb_pretrain/cspnext-tiny_imagenet_600e.pth 

backbone.stage3.0.bn.bias - torch.Size([192]): 
PretrainedInit: load from https://download.openmmlab.com/mmdetection/v3.0/rtmdet/cspnext_rsb_pretrain/cspnext-tiny_imagenet_600e.pth 

backbone.stage3.1.main_conv.conv.weight - torch.Size([96, 192, 1, 1]): 
PretrainedInit: load from https://download.openmmlab.com/mmdetection/v3.0/rtmdet/cspnext_rsb_pretrain/cspnext-tiny_imagenet_600e.pth 

backbone.stage3.1.main_conv.bn.weight - torch.Size([96]): 
PretrainedInit: load from https://download.openmmlab.com/mmdetection/v3.0/rtmdet/cspnext_rsb_pretrain/cspnext-tiny_imagenet_600e.pth 

backbone.stage3.1.main_conv.bn.bias - torch.Size([96]): 
PretrainedInit: load from https://download.openmmlab.com/mmdetection/v3.0/rtmdet/cspnext_rsb_pretrain/cspnext-tiny_imagenet_600e.pth 

backbone.stage3.1.short_conv.conv.weight - torch.Size([96, 192, 1, 1]): 
PretrainedInit: load from https://download.openmmlab.com/mmdetection/v3.0/rtmdet/cspnext_rsb_pretrain/cspnext-tiny_imagenet_600e.pth 

backbone.stage3.1.short_conv.bn.weight - torch.Size([96]): 
PretrainedInit: load from https://download.openmmlab.com/mmdetection/v3.0/rtmdet/cspnext_rsb_pretrain/cspnext-tiny_imagenet_600e.pth 

backbone.stage3.1.short_conv.bn.bias - torch.Size([96]): 
PretrainedInit: load from https://download.openmmlab.com/mmdetection/v3.0/rtmdet/cspnext_rsb_pretrain/cspnext-tiny_imagenet_600e.pth 

backbone.stage3.1.final_conv.conv.weight - torch.Size([192, 192, 1, 1]): 
PretrainedInit: load from https://download.openmmlab.com/mmdetection/v3.0/rtmdet/cspnext_rsb_pretrain/cspnext-tiny_imagenet_600e.pth 

backbone.stage3.1.final_conv.bn.weight - torch.Size([192]): 
PretrainedInit: load from https://download.openmmlab.com/mmdetection/v3.0/rtmdet/cspnext_rsb_pretrain/cspnext-tiny_imagenet_600e.pth 

backbone.stage3.1.final_conv.bn.bias - torch.Size([192]): 
PretrainedInit: load from https://download.openmmlab.com/mmdetection/v3.0/rtmdet/cspnext_rsb_pretrain/cspnext-tiny_imagenet_600e.pth 

backbone.stage3.1.blocks.0.conv1.conv.weight - torch.Size([96, 96, 3, 3]): 
PretrainedInit: load from https://download.openmmlab.com/mmdetection/v3.0/rtmdet/cspnext_rsb_pretrain/cspnext-tiny_imagenet_600e.pth 

backbone.stage3.1.blocks.0.conv1.bn.weight - torch.Size([96]): 
PretrainedInit: load from https://download.openmmlab.com/mmdetection/v3.0/rtmdet/cspnext_rsb_pretrain/cspnext-tiny_imagenet_600e.pth 

backbone.stage3.1.blocks.0.conv1.bn.bias - torch.Size([96]): 
PretrainedInit: load from https://download.openmmlab.com/mmdetection/v3.0/rtmdet/cspnext_rsb_pretrain/cspnext-tiny_imagenet_600e.pth 

backbone.stage3.1.blocks.0.conv2.depthwise_conv.conv.weight - torch.Size([96, 1, 5, 5]): 
PretrainedInit: load from https://download.openmmlab.com/mmdetection/v3.0/rtmdet/cspnext_rsb_pretrain/cspnext-tiny_imagenet_600e.pth 

backbone.stage3.1.blocks.0.conv2.depthwise_conv.bn.weight - torch.Size([96]): 
PretrainedInit: load from https://download.openmmlab.com/mmdetection/v3.0/rtmdet/cspnext_rsb_pretrain/cspnext-tiny_imagenet_600e.pth 

backbone.stage3.1.blocks.0.conv2.depthwise_conv.bn.bias - torch.Size([96]): 
PretrainedInit: load from https://download.openmmlab.com/mmdetection/v3.0/rtmdet/cspnext_rsb_pretrain/cspnext-tiny_imagenet_600e.pth 

backbone.stage3.1.blocks.0.conv2.pointwise_conv.conv.weight - torch.Size([96, 96, 1, 1]): 
PretrainedInit: load from https://download.openmmlab.com/mmdetection/v3.0/rtmdet/cspnext_rsb_pretrain/cspnext-tiny_imagenet_600e.pth 

backbone.stage3.1.blocks.0.conv2.pointwise_conv.bn.weight - torch.Size([96]): 
PretrainedInit: load from https://download.openmmlab.com/mmdetection/v3.0/rtmdet/cspnext_rsb_pretrain/cspnext-tiny_imagenet_600e.pth 

backbone.stage3.1.blocks.0.conv2.pointwise_conv.bn.bias - torch.Size([96]): 
PretrainedInit: load from https://download.openmmlab.com/mmdetection/v3.0/rtmdet/cspnext_rsb_pretrain/cspnext-tiny_imagenet_600e.pth 

backbone.stage3.1.attention.fc.weight - torch.Size([192, 192, 1, 1]): 
PretrainedInit: load from https://download.openmmlab.com/mmdetection/v3.0/rtmdet/cspnext_rsb_pretrain/cspnext-tiny_imagenet_600e.pth 

backbone.stage3.1.attention.fc.bias - torch.Size([192]): 
PretrainedInit: load from https://download.openmmlab.com/mmdetection/v3.0/rtmdet/cspnext_rsb_pretrain/cspnext-tiny_imagenet_600e.pth 

backbone.stage4.0.conv.weight - torch.Size([384, 192, 3, 3]): 
PretrainedInit: load from https://download.openmmlab.com/mmdetection/v3.0/rtmdet/cspnext_rsb_pretrain/cspnext-tiny_imagenet_600e.pth 

backbone.stage4.0.bn.weight - torch.Size([384]): 
PretrainedInit: load from https://download.openmmlab.com/mmdetection/v3.0/rtmdet/cspnext_rsb_pretrain/cspnext-tiny_imagenet_600e.pth 

backbone.stage4.0.bn.bias - torch.Size([384]): 
PretrainedInit: load from https://download.openmmlab.com/mmdetection/v3.0/rtmdet/cspnext_rsb_pretrain/cspnext-tiny_imagenet_600e.pth 

backbone.stage4.1.conv1.conv.weight - torch.Size([192, 384, 1, 1]): 
PretrainedInit: load from https://download.openmmlab.com/mmdetection/v3.0/rtmdet/cspnext_rsb_pretrain/cspnext-tiny_imagenet_600e.pth 

backbone.stage4.1.conv1.bn.weight - torch.Size([192]): 
PretrainedInit: load from https://download.openmmlab.com/mmdetection/v3.0/rtmdet/cspnext_rsb_pretrain/cspnext-tiny_imagenet_600e.pth 

backbone.stage4.1.conv1.bn.bias - torch.Size([192]): 
PretrainedInit: load from https://download.openmmlab.com/mmdetection/v3.0/rtmdet/cspnext_rsb_pretrain/cspnext-tiny_imagenet_600e.pth 

backbone.stage4.1.conv2.conv.weight - torch.Size([384, 768, 1, 1]): 
PretrainedInit: load from https://download.openmmlab.com/mmdetection/v3.0/rtmdet/cspnext_rsb_pretrain/cspnext-tiny_imagenet_600e.pth 

backbone.stage4.1.conv2.bn.weight - torch.Size([384]): 
PretrainedInit: load from https://download.openmmlab.com/mmdetection/v3.0/rtmdet/cspnext_rsb_pretrain/cspnext-tiny_imagenet_600e.pth 

backbone.stage4.1.conv2.bn.bias - torch.Size([384]): 
PretrainedInit: load from https://download.openmmlab.com/mmdetection/v3.0/rtmdet/cspnext_rsb_pretrain/cspnext-tiny_imagenet_600e.pth 

backbone.stage4.2.main_conv.conv.weight - torch.Size([192, 384, 1, 1]): 
PretrainedInit: load from https://download.openmmlab.com/mmdetection/v3.0/rtmdet/cspnext_rsb_pretrain/cspnext-tiny_imagenet_600e.pth 

backbone.stage4.2.main_conv.bn.weight - torch.Size([192]): 
PretrainedInit: load from https://download.openmmlab.com/mmdetection/v3.0/rtmdet/cspnext_rsb_pretrain/cspnext-tiny_imagenet_600e.pth 

backbone.stage4.2.main_conv.bn.bias - torch.Size([192]): 
PretrainedInit: load from https://download.openmmlab.com/mmdetection/v3.0/rtmdet/cspnext_rsb_pretrain/cspnext-tiny_imagenet_600e.pth 

backbone.stage4.2.short_conv.conv.weight - torch.Size([192, 384, 1, 1]): 
PretrainedInit: load from https://download.openmmlab.com/mmdetection/v3.0/rtmdet/cspnext_rsb_pretrain/cspnext-tiny_imagenet_600e.pth 

backbone.stage4.2.short_conv.bn.weight - torch.Size([192]): 
PretrainedInit: load from https://download.openmmlab.com/mmdetection/v3.0/rtmdet/cspnext_rsb_pretrain/cspnext-tiny_imagenet_600e.pth 

backbone.stage4.2.short_conv.bn.bias - torch.Size([192]): 
PretrainedInit: load from https://download.openmmlab.com/mmdetection/v3.0/rtmdet/cspnext_rsb_pretrain/cspnext-tiny_imagenet_600e.pth 

backbone.stage4.2.final_conv.conv.weight - torch.Size([384, 384, 1, 1]): 
PretrainedInit: load from https://download.openmmlab.com/mmdetection/v3.0/rtmdet/cspnext_rsb_pretrain/cspnext-tiny_imagenet_600e.pth 

backbone.stage4.2.final_conv.bn.weight - torch.Size([384]): 
PretrainedInit: load from https://download.openmmlab.com/mmdetection/v3.0/rtmdet/cspnext_rsb_pretrain/cspnext-tiny_imagenet_600e.pth 

backbone.stage4.2.final_conv.bn.bias - torch.Size([384]): 
PretrainedInit: load from https://download.openmmlab.com/mmdetection/v3.0/rtmdet/cspnext_rsb_pretrain/cspnext-tiny_imagenet_600e.pth 

backbone.stage4.2.blocks.0.conv1.conv.weight - torch.Size([192, 192, 3, 3]): 
PretrainedInit: load from https://download.openmmlab.com/mmdetection/v3.0/rtmdet/cspnext_rsb_pretrain/cspnext-tiny_imagenet_600e.pth 

backbone.stage4.2.blocks.0.conv1.bn.weight - torch.Size([192]): 
PretrainedInit: load from https://download.openmmlab.com/mmdetection/v3.0/rtmdet/cspnext_rsb_pretrain/cspnext-tiny_imagenet_600e.pth 

backbone.stage4.2.blocks.0.conv1.bn.bias - torch.Size([192]): 
PretrainedInit: load from https://download.openmmlab.com/mmdetection/v3.0/rtmdet/cspnext_rsb_pretrain/cspnext-tiny_imagenet_600e.pth 

backbone.stage4.2.blocks.0.conv2.depthwise_conv.conv.weight - torch.Size([192, 1, 5, 5]): 
PretrainedInit: load from https://download.openmmlab.com/mmdetection/v3.0/rtmdet/cspnext_rsb_pretrain/cspnext-tiny_imagenet_600e.pth 

backbone.stage4.2.blocks.0.conv2.depthwise_conv.bn.weight - torch.Size([192]): 
PretrainedInit: load from https://download.openmmlab.com/mmdetection/v3.0/rtmdet/cspnext_rsb_pretrain/cspnext-tiny_imagenet_600e.pth 

backbone.stage4.2.blocks.0.conv2.depthwise_conv.bn.bias - torch.Size([192]): 
PretrainedInit: load from https://download.openmmlab.com/mmdetection/v3.0/rtmdet/cspnext_rsb_pretrain/cspnext-tiny_imagenet_600e.pth 

backbone.stage4.2.blocks.0.conv2.pointwise_conv.conv.weight - torch.Size([192, 192, 1, 1]): 
PretrainedInit: load from https://download.openmmlab.com/mmdetection/v3.0/rtmdet/cspnext_rsb_pretrain/cspnext-tiny_imagenet_600e.pth 

backbone.stage4.2.blocks.0.conv2.pointwise_conv.bn.weight - torch.Size([192]): 
PretrainedInit: load from https://download.openmmlab.com/mmdetection/v3.0/rtmdet/cspnext_rsb_pretrain/cspnext-tiny_imagenet_600e.pth 

backbone.stage4.2.blocks.0.conv2.pointwise_conv.bn.bias - torch.Size([192]): 
PretrainedInit: load from https://download.openmmlab.com/mmdetection/v3.0/rtmdet/cspnext_rsb_pretrain/cspnext-tiny_imagenet_600e.pth 

backbone.stage4.2.attention.fc.weight - torch.Size([384, 384, 1, 1]): 
PretrainedInit: load from https://download.openmmlab.com/mmdetection/v3.0/rtmdet/cspnext_rsb_pretrain/cspnext-tiny_imagenet_600e.pth 

backbone.stage4.2.attention.fc.bias - torch.Size([384]): 
PretrainedInit: load from https://download.openmmlab.com/mmdetection/v3.0/rtmdet/cspnext_rsb_pretrain/cspnext-tiny_imagenet_600e.pth 

neck.reduce_layers.0.conv.weight - torch.Size([192, 384, 1, 1]): 
KaimingInit: a=2.23606797749979, mode=fan_in, nonlinearity=leaky_relu, distribution =uniform, bias=0 

neck.reduce_layers.0.bn.weight - torch.Size([192]): 
The value is the same before and after calling `init_weights` of RTMDet  

neck.reduce_layers.0.bn.bias - torch.Size([192]): 
The value is the same before and after calling `init_weights` of RTMDet  

neck.reduce_layers.1.conv.weight - torch.Size([96, 192, 1, 1]): 
KaimingInit: a=2.23606797749979, mode=fan_in, nonlinearity=leaky_relu, distribution =uniform, bias=0 

neck.reduce_layers.1.bn.weight - torch.Size([96]): 
The value is the same before and after calling `init_weights` of RTMDet  

neck.reduce_layers.1.bn.bias - torch.Size([96]): 
The value is the same before and after calling `init_weights` of RTMDet  

neck.top_down_blocks.0.main_conv.conv.weight - torch.Size([96, 384, 1, 1]): 
KaimingInit: a=2.23606797749979, mode=fan_in, nonlinearity=leaky_relu, distribution =uniform, bias=0 

neck.top_down_blocks.0.main_conv.bn.weight - torch.Size([96]): 
The value is the same before and after calling `init_weights` of RTMDet  

neck.top_down_blocks.0.main_conv.bn.bias - torch.Size([96]): 
The value is the same before and after calling `init_weights` of RTMDet  

neck.top_down_blocks.0.short_conv.conv.weight - torch.Size([96, 384, 1, 1]): 
KaimingInit: a=2.23606797749979, mode=fan_in, nonlinearity=leaky_relu, distribution =uniform, bias=0 

neck.top_down_blocks.0.short_conv.bn.weight - torch.Size([96]): 
The value is the same before and after calling `init_weights` of RTMDet  

neck.top_down_blocks.0.short_conv.bn.bias - torch.Size([96]): 
The value is the same before and after calling `init_weights` of RTMDet  

neck.top_down_blocks.0.final_conv.conv.weight - torch.Size([192, 192, 1, 1]): 
KaimingInit: a=2.23606797749979, mode=fan_in, nonlinearity=leaky_relu, distribution =uniform, bias=0 

neck.top_down_blocks.0.final_conv.bn.weight - torch.Size([192]): 
The value is the same before and after calling `init_weights` of RTMDet  

neck.top_down_blocks.0.final_conv.bn.bias - torch.Size([192]): 
The value is the same before and after calling `init_weights` of RTMDet  

neck.top_down_blocks.0.blocks.0.conv1.conv.weight - torch.Size([96, 96, 3, 3]): 
KaimingInit: a=2.23606797749979, mode=fan_in, nonlinearity=leaky_relu, distribution =uniform, bias=0 

neck.top_down_blocks.0.blocks.0.conv1.bn.weight - torch.Size([96]): 
The value is the same before and after calling `init_weights` of RTMDet  

neck.top_down_blocks.0.blocks.0.conv1.bn.bias - torch.Size([96]): 
The value is the same before and after calling `init_weights` of RTMDet  

neck.top_down_blocks.0.blocks.0.conv2.depthwise_conv.conv.weight - torch.Size([96, 1, 5, 5]): 
KaimingInit: a=2.23606797749979, mode=fan_in, nonlinearity=leaky_relu, distribution =uniform, bias=0 

neck.top_down_blocks.0.blocks.0.conv2.depthwise_conv.bn.weight - torch.Size([96]): 
The value is the same before and after calling `init_weights` of RTMDet  

neck.top_down_blocks.0.blocks.0.conv2.depthwise_conv.bn.bias - torch.Size([96]): 
The value is the same before and after calling `init_weights` of RTMDet  

neck.top_down_blocks.0.blocks.0.conv2.pointwise_conv.conv.weight - torch.Size([96, 96, 1, 1]): 
KaimingInit: a=2.23606797749979, mode=fan_in, nonlinearity=leaky_relu, distribution =uniform, bias=0 

neck.top_down_blocks.0.blocks.0.conv2.pointwise_conv.bn.weight - torch.Size([96]): 
The value is the same before and after calling `init_weights` of RTMDet  

neck.top_down_blocks.0.blocks.0.conv2.pointwise_conv.bn.bias - torch.Size([96]): 
The value is the same before and after calling `init_weights` of RTMDet  

neck.top_down_blocks.1.main_conv.conv.weight - torch.Size([48, 192, 1, 1]): 
KaimingInit: a=2.23606797749979, mode=fan_in, nonlinearity=leaky_relu, distribution =uniform, bias=0 

neck.top_down_blocks.1.main_conv.bn.weight - torch.Size([48]): 
The value is the same before and after calling `init_weights` of RTMDet  

neck.top_down_blocks.1.main_conv.bn.bias - torch.Size([48]): 
The value is the same before and after calling `init_weights` of RTMDet  

neck.top_down_blocks.1.short_conv.conv.weight - torch.Size([48, 192, 1, 1]): 
KaimingInit: a=2.23606797749979, mode=fan_in, nonlinearity=leaky_relu, distribution =uniform, bias=0 

neck.top_down_blocks.1.short_conv.bn.weight - torch.Size([48]): 
The value is the same before and after calling `init_weights` of RTMDet  

neck.top_down_blocks.1.short_conv.bn.bias - torch.Size([48]): 
The value is the same before and after calling `init_weights` of RTMDet  

neck.top_down_blocks.1.final_conv.conv.weight - torch.Size([96, 96, 1, 1]): 
KaimingInit: a=2.23606797749979, mode=fan_in, nonlinearity=leaky_relu, distribution =uniform, bias=0 

neck.top_down_blocks.1.final_conv.bn.weight - torch.Size([96]): 
The value is the same before and after calling `init_weights` of RTMDet  

neck.top_down_blocks.1.final_conv.bn.bias - torch.Size([96]): 
The value is the same before and after calling `init_weights` of RTMDet  

neck.top_down_blocks.1.blocks.0.conv1.conv.weight - torch.Size([48, 48, 3, 3]): 
KaimingInit: a=2.23606797749979, mode=fan_in, nonlinearity=leaky_relu, distribution =uniform, bias=0 

neck.top_down_blocks.1.blocks.0.conv1.bn.weight - torch.Size([48]): 
The value is the same before and after calling `init_weights` of RTMDet  

neck.top_down_blocks.1.blocks.0.conv1.bn.bias - torch.Size([48]): 
The value is the same before and after calling `init_weights` of RTMDet  

neck.top_down_blocks.1.blocks.0.conv2.depthwise_conv.conv.weight - torch.Size([48, 1, 5, 5]): 
KaimingInit: a=2.23606797749979, mode=fan_in, nonlinearity=leaky_relu, distribution =uniform, bias=0 

neck.top_down_blocks.1.blocks.0.conv2.depthwise_conv.bn.weight - torch.Size([48]): 
The value is the same before and after calling `init_weights` of RTMDet  

neck.top_down_blocks.1.blocks.0.conv2.depthwise_conv.bn.bias - torch.Size([48]): 
The value is the same before and after calling `init_weights` of RTMDet  

neck.top_down_blocks.1.blocks.0.conv2.pointwise_conv.conv.weight - torch.Size([48, 48, 1, 1]): 
KaimingInit: a=2.23606797749979, mode=fan_in, nonlinearity=leaky_relu, distribution =uniform, bias=0 

neck.top_down_blocks.1.blocks.0.conv2.pointwise_conv.bn.weight - torch.Size([48]): 
The value is the same before and after calling `init_weights` of RTMDet  

neck.top_down_blocks.1.blocks.0.conv2.pointwise_conv.bn.bias - torch.Size([48]): 
The value is the same before and after calling `init_weights` of RTMDet  

neck.downsamples.0.conv.weight - torch.Size([96, 96, 3, 3]): 
KaimingInit: a=2.23606797749979, mode=fan_in, nonlinearity=leaky_relu, distribution =uniform, bias=0 

neck.downsamples.0.bn.weight - torch.Size([96]): 
The value is the same before and after calling `init_weights` of RTMDet  

neck.downsamples.0.bn.bias - torch.Size([96]): 
The value is the same before and after calling `init_weights` of RTMDet  

neck.downsamples.1.conv.weight - torch.Size([192, 192, 3, 3]): 
KaimingInit: a=2.23606797749979, mode=fan_in, nonlinearity=leaky_relu, distribution =uniform, bias=0 

neck.downsamples.1.bn.weight - torch.Size([192]): 
The value is the same before and after calling `init_weights` of RTMDet  

neck.downsamples.1.bn.bias - torch.Size([192]): 
The value is the same before and after calling `init_weights` of RTMDet  

neck.bottom_up_blocks.0.main_conv.conv.weight - torch.Size([96, 192, 1, 1]): 
KaimingInit: a=2.23606797749979, mode=fan_in, nonlinearity=leaky_relu, distribution =uniform, bias=0 

neck.bottom_up_blocks.0.main_conv.bn.weight - torch.Size([96]): 
The value is the same before and after calling `init_weights` of RTMDet  

neck.bottom_up_blocks.0.main_conv.bn.bias - torch.Size([96]): 
The value is the same before and after calling `init_weights` of RTMDet  

neck.bottom_up_blocks.0.short_conv.conv.weight - torch.Size([96, 192, 1, 1]): 
KaimingInit: a=2.23606797749979, mode=fan_in, nonlinearity=leaky_relu, distribution =uniform, bias=0 

neck.bottom_up_blocks.0.short_conv.bn.weight - torch.Size([96]): 
The value is the same before and after calling `init_weights` of RTMDet  

neck.bottom_up_blocks.0.short_conv.bn.bias - torch.Size([96]): 
The value is the same before and after calling `init_weights` of RTMDet  

neck.bottom_up_blocks.0.final_conv.conv.weight - torch.Size([192, 192, 1, 1]): 
KaimingInit: a=2.23606797749979, mode=fan_in, nonlinearity=leaky_relu, distribution =uniform, bias=0 

neck.bottom_up_blocks.0.final_conv.bn.weight - torch.Size([192]): 
The value is the same before and after calling `init_weights` of RTMDet  

neck.bottom_up_blocks.0.final_conv.bn.bias - torch.Size([192]): 
The value is the same before and after calling `init_weights` of RTMDet  

neck.bottom_up_blocks.0.blocks.0.conv1.conv.weight - torch.Size([96, 96, 3, 3]): 
KaimingInit: a=2.23606797749979, mode=fan_in, nonlinearity=leaky_relu, distribution =uniform, bias=0 

neck.bottom_up_blocks.0.blocks.0.conv1.bn.weight - torch.Size([96]): 
The value is the same before and after calling `init_weights` of RTMDet  

neck.bottom_up_blocks.0.blocks.0.conv1.bn.bias - torch.Size([96]): 
The value is the same before and after calling `init_weights` of RTMDet  

neck.bottom_up_blocks.0.blocks.0.conv2.depthwise_conv.conv.weight - torch.Size([96, 1, 5, 5]): 
KaimingInit: a=2.23606797749979, mode=fan_in, nonlinearity=leaky_relu, distribution =uniform, bias=0 

neck.bottom_up_blocks.0.blocks.0.conv2.depthwise_conv.bn.weight - torch.Size([96]): 
The value is the same before and after calling `init_weights` of RTMDet  

neck.bottom_up_blocks.0.blocks.0.conv2.depthwise_conv.bn.bias - torch.Size([96]): 
The value is the same before and after calling `init_weights` of RTMDet  

neck.bottom_up_blocks.0.blocks.0.conv2.pointwise_conv.conv.weight - torch.Size([96, 96, 1, 1]): 
KaimingInit: a=2.23606797749979, mode=fan_in, nonlinearity=leaky_relu, distribution =uniform, bias=0 

neck.bottom_up_blocks.0.blocks.0.conv2.pointwise_conv.bn.weight - torch.Size([96]): 
The value is the same before and after calling `init_weights` of RTMDet  

neck.bottom_up_blocks.0.blocks.0.conv2.pointwise_conv.bn.bias - torch.Size([96]): 
The value is the same before and after calling `init_weights` of RTMDet  

neck.bottom_up_blocks.1.main_conv.conv.weight - torch.Size([192, 384, 1, 1]): 
KaimingInit: a=2.23606797749979, mode=fan_in, nonlinearity=leaky_relu, distribution =uniform, bias=0 

neck.bottom_up_blocks.1.main_conv.bn.weight - torch.Size([192]): 
The value is the same before and after calling `init_weights` of RTMDet  

neck.bottom_up_blocks.1.main_conv.bn.bias - torch.Size([192]): 
The value is the same before and after calling `init_weights` of RTMDet  

neck.bottom_up_blocks.1.short_conv.conv.weight - torch.Size([192, 384, 1, 1]): 
KaimingInit: a=2.23606797749979, mode=fan_in, nonlinearity=leaky_relu, distribution =uniform, bias=0 

neck.bottom_up_blocks.1.short_conv.bn.weight - torch.Size([192]): 
The value is the same before and after calling `init_weights` of RTMDet  

neck.bottom_up_blocks.1.short_conv.bn.bias - torch.Size([192]): 
The value is the same before and after calling `init_weights` of RTMDet  

neck.bottom_up_blocks.1.final_conv.conv.weight - torch.Size([384, 384, 1, 1]): 
KaimingInit: a=2.23606797749979, mode=fan_in, nonlinearity=leaky_relu, distribution =uniform, bias=0 

neck.bottom_up_blocks.1.final_conv.bn.weight - torch.Size([384]): 
The value is the same before and after calling `init_weights` of RTMDet  

neck.bottom_up_blocks.1.final_conv.bn.bias - torch.Size([384]): 
The value is the same before and after calling `init_weights` of RTMDet  

neck.bottom_up_blocks.1.blocks.0.conv1.conv.weight - torch.Size([192, 192, 3, 3]): 
KaimingInit: a=2.23606797749979, mode=fan_in, nonlinearity=leaky_relu, distribution =uniform, bias=0 

neck.bottom_up_blocks.1.blocks.0.conv1.bn.weight - torch.Size([192]): 
The value is the same before and after calling `init_weights` of RTMDet  

neck.bottom_up_blocks.1.blocks.0.conv1.bn.bias - torch.Size([192]): 
The value is the same before and after calling `init_weights` of RTMDet  

neck.bottom_up_blocks.1.blocks.0.conv2.depthwise_conv.conv.weight - torch.Size([192, 1, 5, 5]): 
KaimingInit: a=2.23606797749979, mode=fan_in, nonlinearity=leaky_relu, distribution =uniform, bias=0 

neck.bottom_up_blocks.1.blocks.0.conv2.depthwise_conv.bn.weight - torch.Size([192]): 
The value is the same before and after calling `init_weights` of RTMDet  

neck.bottom_up_blocks.1.blocks.0.conv2.depthwise_conv.bn.bias - torch.Size([192]): 
The value is the same before and after calling `init_weights` of RTMDet  

neck.bottom_up_blocks.1.blocks.0.conv2.pointwise_conv.conv.weight - torch.Size([192, 192, 1, 1]): 
KaimingInit: a=2.23606797749979, mode=fan_in, nonlinearity=leaky_relu, distribution =uniform, bias=0 

neck.bottom_up_blocks.1.blocks.0.conv2.pointwise_conv.bn.weight - torch.Size([192]): 
The value is the same before and after calling `init_weights` of RTMDet  

neck.bottom_up_blocks.1.blocks.0.conv2.pointwise_conv.bn.bias - torch.Size([192]): 
The value is the same before and after calling `init_weights` of RTMDet  

neck.out_convs.0.conv.weight - torch.Size([96, 96, 3, 3]): 
KaimingInit: a=2.23606797749979, mode=fan_in, nonlinearity=leaky_relu, distribution =uniform, bias=0 

neck.out_convs.0.bn.weight - torch.Size([96]): 
The value is the same before and after calling `init_weights` of RTMDet  

neck.out_convs.0.bn.bias - torch.Size([96]): 
The value is the same before and after calling `init_weights` of RTMDet  

neck.out_convs.1.conv.weight - torch.Size([96, 192, 3, 3]): 
KaimingInit: a=2.23606797749979, mode=fan_in, nonlinearity=leaky_relu, distribution =uniform, bias=0 

neck.out_convs.1.bn.weight - torch.Size([96]): 
The value is the same before and after calling `init_weights` of RTMDet  

neck.out_convs.1.bn.bias - torch.Size([96]): 
The value is the same before and after calling `init_weights` of RTMDet  

neck.out_convs.2.conv.weight - torch.Size([96, 384, 3, 3]): 
KaimingInit: a=2.23606797749979, mode=fan_in, nonlinearity=leaky_relu, distribution =uniform, bias=0 

neck.out_convs.2.bn.weight - torch.Size([96]): 
The value is the same before and after calling `init_weights` of RTMDet  

neck.out_convs.2.bn.bias - torch.Size([96]): 
The value is the same before and after calling `init_weights` of RTMDet  

bbox_head.cls_convs.0.0.conv.weight - torch.Size([96, 96, 3, 3]): 
Initialized by user-defined `init_weights` in RTMDetInsSepBNHead  

bbox_head.cls_convs.0.0.bn.weight - torch.Size([96]): 
The value is the same before and after calling `init_weights` of RTMDet  

bbox_head.cls_convs.0.0.bn.bias - torch.Size([96]): 
The value is the same before and after calling `init_weights` of RTMDet  

bbox_head.cls_convs.0.1.conv.weight - torch.Size([96, 96, 3, 3]): 
Initialized by user-defined `init_weights` in RTMDetInsSepBNHead  

bbox_head.cls_convs.0.1.bn.weight - torch.Size([96]): 
The value is the same before and after calling `init_weights` of RTMDet  

bbox_head.cls_convs.0.1.bn.bias - torch.Size([96]): 
The value is the same before and after calling `init_weights` of RTMDet  

bbox_head.cls_convs.1.0.bn.weight - torch.Size([96]): 
The value is the same before and after calling `init_weights` of RTMDet  

bbox_head.cls_convs.1.0.bn.bias - torch.Size([96]): 
The value is the same before and after calling `init_weights` of RTMDet  

bbox_head.cls_convs.1.1.bn.weight - torch.Size([96]): 
The value is the same before and after calling `init_weights` of RTMDet  

bbox_head.cls_convs.1.1.bn.bias - torch.Size([96]): 
The value is the same before and after calling `init_weights` of RTMDet  

bbox_head.cls_convs.2.0.bn.weight - torch.Size([96]): 
The value is the same before and after calling `init_weights` of RTMDet  

bbox_head.cls_convs.2.0.bn.bias - torch.Size([96]): 
The value is the same before and after calling `init_weights` of RTMDet  

bbox_head.cls_convs.2.1.bn.weight - torch.Size([96]): 
The value is the same before and after calling `init_weights` of RTMDet  

bbox_head.cls_convs.2.1.bn.bias - torch.Size([96]): 
The value is the same before and after calling `init_weights` of RTMDet  

bbox_head.kernel_convs.0.0.conv.weight - torch.Size([96, 96, 3, 3]): 
Initialized by user-defined `init_weights` in RTMDetInsSepBNHead  

bbox_head.kernel_convs.0.0.bn.weight - torch.Size([96]): 
The value is the same before and after calling `init_weights` of RTMDet  

bbox_head.kernel_convs.0.0.bn.bias - torch.Size([96]): 
The value is the same before and after calling `init_weights` of RTMDet  

bbox_head.kernel_convs.0.1.conv.weight - torch.Size([96, 96, 3, 3]): 
Initialized by user-defined `init_weights` in RTMDetInsSepBNHead  

bbox_head.kernel_convs.0.1.bn.weight - torch.Size([96]): 
The value is the same before and after calling `init_weights` of RTMDet  

bbox_head.kernel_convs.0.1.bn.bias - torch.Size([96]): 
The value is the same before and after calling `init_weights` of RTMDet  

bbox_head.kernel_convs.1.0.conv.weight - torch.Size([96, 96, 3, 3]): 
Initialized by user-defined `init_weights` in RTMDetInsSepBNHead  

bbox_head.kernel_convs.1.0.bn.weight - torch.Size([96]): 
The value is the same before and after calling `init_weights` of RTMDet  

bbox_head.kernel_convs.1.0.bn.bias - torch.Size([96]): 
The value is the same before and after calling `init_weights` of RTMDet  

bbox_head.kernel_convs.1.1.conv.weight - torch.Size([96, 96, 3, 3]): 
Initialized by user-defined `init_weights` in RTMDetInsSepBNHead  

bbox_head.kernel_convs.1.1.bn.weight - torch.Size([96]): 
The value is the same before and after calling `init_weights` of RTMDet  

bbox_head.kernel_convs.1.1.bn.bias - torch.Size([96]): 
The value is the same before and after calling `init_weights` of RTMDet  

bbox_head.kernel_convs.2.0.conv.weight - torch.Size([96, 96, 3, 3]): 
Initialized by user-defined `init_weights` in RTMDetInsSepBNHead  

bbox_head.kernel_convs.2.0.bn.weight - torch.Size([96]): 
The value is the same before and after calling `init_weights` of RTMDet  

bbox_head.kernel_convs.2.0.bn.bias - torch.Size([96]): 
The value is the same before and after calling `init_weights` of RTMDet  

bbox_head.kernel_convs.2.1.conv.weight - torch.Size([96, 96, 3, 3]): 
Initialized by user-defined `init_weights` in RTMDetInsSepBNHead  

bbox_head.kernel_convs.2.1.bn.weight - torch.Size([96]): 
The value is the same before and after calling `init_weights` of RTMDet  

bbox_head.kernel_convs.2.1.bn.bias - torch.Size([96]): 
The value is the same before and after calling `init_weights` of RTMDet  

bbox_head.rtm_cls.0.weight - torch.Size([1, 96, 1, 1]): 
Initialized by user-defined `init_weights` in RTMDetInsSepBNHead  

bbox_head.rtm_cls.0.bias - torch.Size([1]): 
Initialized by user-defined `init_weights` in RTMDetInsSepBNHead  

bbox_head.rtm_cls.1.weight - torch.Size([1, 96, 1, 1]): 
Initialized by user-defined `init_weights` in RTMDetInsSepBNHead  

bbox_head.rtm_cls.1.bias - torch.Size([1]): 
Initialized by user-defined `init_weights` in RTMDetInsSepBNHead  

bbox_head.rtm_cls.2.weight - torch.Size([1, 96, 1, 1]): 
Initialized by user-defined `init_weights` in RTMDetInsSepBNHead  

bbox_head.rtm_cls.2.bias - torch.Size([1]): 
Initialized by user-defined `init_weights` in RTMDetInsSepBNHead  

bbox_head.rtm_reg.0.weight - torch.Size([4, 96, 1, 1]): 
Initialized by user-defined `init_weights` in RTMDetInsSepBNHead  

bbox_head.rtm_reg.0.bias - torch.Size([4]): 
Initialized by user-defined `init_weights` in RTMDetInsSepBNHead  

bbox_head.rtm_reg.1.weight - torch.Size([4, 96, 1, 1]): 
Initialized by user-defined `init_weights` in RTMDetInsSepBNHead  

bbox_head.rtm_reg.1.bias - torch.Size([4]): 
Initialized by user-defined `init_weights` in RTMDetInsSepBNHead  

bbox_head.rtm_reg.2.weight - torch.Size([4, 96, 1, 1]): 
Initialized by user-defined `init_weights` in RTMDetInsSepBNHead  

bbox_head.rtm_reg.2.bias - torch.Size([4]): 
Initialized by user-defined `init_weights` in RTMDetInsSepBNHead  

bbox_head.rtm_kernel.0.weight - torch.Size([169, 96, 1, 1]): 
Initialized by user-defined `init_weights` in RTMDetInsSepBNHead  

bbox_head.rtm_kernel.0.bias - torch.Size([169]): 
Initialized by user-defined `init_weights` in RTMDetInsSepBNHead  

bbox_head.rtm_kernel.1.weight - torch.Size([169, 96, 1, 1]): 
Initialized by user-defined `init_weights` in RTMDetInsSepBNHead  

bbox_head.rtm_kernel.1.bias - torch.Size([169]): 
Initialized by user-defined `init_weights` in RTMDetInsSepBNHead  

bbox_head.rtm_kernel.2.weight - torch.Size([169, 96, 1, 1]): 
Initialized by user-defined `init_weights` in RTMDetInsSepBNHead  

bbox_head.rtm_kernel.2.bias - torch.Size([169]): 
Initialized by user-defined `init_weights` in RTMDetInsSepBNHead  

bbox_head.mask_head.fusion_conv.weight - torch.Size([96, 288, 1, 1]): 
Initialized by user-defined `init_weights` in RTMDetInsSepBNHead  

bbox_head.mask_head.fusion_conv.bias - torch.Size([96]): 
Initialized by user-defined `init_weights` in RTMDetInsSepBNHead  

bbox_head.mask_head.stacked_convs.0.conv.weight - torch.Size([96, 96, 3, 3]): 
Initialized by user-defined `init_weights` in RTMDetInsSepBNHead  

bbox_head.mask_head.stacked_convs.0.bn.weight - torch.Size([96]): 
The value is the same before and after calling `init_weights` of RTMDet  

bbox_head.mask_head.stacked_convs.0.bn.bias - torch.Size([96]): 
The value is the same before and after calling `init_weights` of RTMDet  

bbox_head.mask_head.stacked_convs.1.conv.weight - torch.Size([96, 96, 3, 3]): 
Initialized by user-defined `init_weights` in RTMDetInsSepBNHead  

bbox_head.mask_head.stacked_convs.1.bn.weight - torch.Size([96]): 
The value is the same before and after calling `init_weights` of RTMDet  

bbox_head.mask_head.stacked_convs.1.bn.bias - torch.Size([96]): 
The value is the same before and after calling `init_weights` of RTMDet  

bbox_head.mask_head.stacked_convs.2.conv.weight - torch.Size([96, 96, 3, 3]): 
Initialized by user-defined `init_weights` in RTMDetInsSepBNHead  

bbox_head.mask_head.stacked_convs.2.bn.weight - torch.Size([96]): 
The value is the same before and after calling `init_weights` of RTMDet  

bbox_head.mask_head.stacked_convs.2.bn.bias - torch.Size([96]): 
The value is the same before and after calling `init_weights` of RTMDet  

bbox_head.mask_head.stacked_convs.3.conv.weight - torch.Size([96, 96, 3, 3]): 
Initialized by user-defined `init_weights` in RTMDetInsSepBNHead  

bbox_head.mask_head.stacked_convs.3.bn.weight - torch.Size([96]): 
The value is the same before and after calling `init_weights` of RTMDet  

bbox_head.mask_head.stacked_convs.3.bn.bias - torch.Size([96]): 
The value is the same before and after calling `init_weights` of RTMDet  

bbox_head.mask_head.projection.weight - torch.Size([8, 96, 1, 1]): 
Initialized by user-defined `init_weights` in RTMDetInsSepBNHead  

bbox_head.mask_head.projection.bias - torch.Size([8]): 
Initialized by user-defined `init_weights` in RTMDetInsSepBNHead  
2026/08/05 13:57:10 - mmengine - INFO - Load checkpoint from https://download.openmmlab.com/mmdetection/v3.0/rtmdet/rtmdet-ins_tiny_8xb32-300e_coco/rtmdet-ins_tiny_8xb32-300e_coco_20221130_151727-ec670f7e.pth
2026/08/05 13:57:10 - mmengine - WARNING - "FileClient" will be deprecated in future. Please use io functions in https://mmengine.readthedocs.io/en/latest/api/fileio.html#file-io
2026/08/05 13:57:10 - mmengine - WARNING - "HardDiskBackend" is the alias of "LocalBackend" and the former will be deprecated in future.
2026/08/05 13:57:10 - mmengine - INFO - Checkpoints will be saved to d:\mamografi\real_time_segmentasyon\rtmdet\calisma\rtmdet_ins_tiny_512_orta.
2026/08/05 13:57:15 - mmengine - INFO - Epoch(train)   [1][10/68]  base_lr: 5.7726e-06 lr: 5.7726e-06  eta: 1:05:35  time: 0.5797  data_time: 0.1879  memory: 2105  grad_norm: 92.9811  loss: 3.0637  loss_cls: 1.7891  loss_bbox: 0.7906  loss_mask: 0.4841
2026/08/05 13:57:20 - mmengine - INFO - Epoch(train)   [1][20/68]  base_lr: 1.2048e-05 lr: 1.2048e-05  eta: 1:00:35  time: 0.5362  data_time: 0.1879  memory: 2095  grad_norm: 84.1103  loss: 3.0440  loss_cls: 1.7778  loss_bbox: 0.7888  loss_mask: 0.4774
2026/08/05 13:57:25 - mmengine - INFO - Epoch(train)   [1][30/68]  base_lr: 1.8323e-05 lr: 1.8323e-05  eta: 0:58:23  time: 0.5175  data_time: 0.1828  memory: 2090  grad_norm: 89.5892  loss: 3.0438  loss_cls: 1.7960  loss_bbox: 0.7799  loss_mask: 0.4679
2026/08/05 13:57:30 - mmengine - INFO - Epoch(train)   [1][40/68]  base_lr: 2.4598e-05 lr: 2.4598e-05  eta: 0:57:59  time: 0.5147  data_time: 0.1808  memory: 2091  grad_norm: 95.7319  loss: 3.0336  loss_cls: 1.7917  loss_bbox: 0.7795  loss_mask: 0.4624
2026/08/05 13:57:36 - mmengine - INFO - Epoch(train)   [1][50/68]  base_lr: 3.0873e-05 lr: 3.0873e-05  eta: 0:58:50  time: 0.5230  data_time: 0.1860  memory: 2101  grad_norm: 92.2188  loss: 3.0246  loss_cls: 1.8072  loss_bbox: 0.7717  loss_mask: 0.4457
2026/08/05 13:57:41 - mmengine - INFO - Epoch(train)   [1][60/68]  base_lr: 3.7148e-05 lr: 3.7148e-05  eta: 0:59:10  time: 0.5162  data_time: 0.1867  memory: 2100  grad_norm: 88.7345  loss: 3.0024  loss_cls: 1.7956  loss_bbox: 0.7728  loss_mask: 0.4340
2026/08/05 13:57:46 - mmengine - INFO - Exp name: rtmdet_ins_busi_20260805_135702
2026/08/05 13:57:46 - mmengine - INFO - Saving checkpoint at 1 epochs
2026/08/05 13:57:49 - mmengine - INFO - Epoch(val)   [1][ 10/116]    eta: 0:00:04  time: 0.0431  data_time: 0.0093  memory: 2099  
2026/08/05 13:57:49 - mmengine - INFO - Epoch(val)   [1][ 20/116]    eta: 0:00:03  time: 0.0410  data_time: 0.0083  memory: 111  
2026/08/05 13:57:50 - mmengine - INFO - Epoch(val)   [1][ 30/116]    eta: 0:00:03  time: 0.0403  data_time: 0.0083  memory: 111  
2026/08/05 13:57:50 - mmengine - INFO - Epoch(val)   [1][ 40/116]    eta: 0:00:02  time: 0.0389  data_time: 0.0080  memory: 111  
2026/08/05 13:57:50 - mmengine - INFO - Epoch(val)   [1][ 50/116]    eta: 0:00:02  time: 0.0372  data_time: 0.0079  memory: 111  
2026/08/05 13:57:51 - mmengine - INFO - Epoch(val)   [1][ 60/116]    eta: 0:00:02  time: 0.0360  data_time: 0.0078  memory: 111  
2026/08/05 13:57:51 - mmengine - INFO - Epoch(val)   [1][ 70/116]    eta: 0:00:01  time: 0.0355  data_time: 0.0075  memory: 111  
2026/08/05 13:57:51 - mmengine - INFO - Epoch(val)   [1][ 80/116]    eta: 0:00:01  time: 0.0347  data_time: 0.0072  memory: 111  
2026/08/05 13:57:52 - mmengine - INFO - Epoch(val)   [1][ 90/116]    eta: 0:00:00  time: 0.0344  data_time: 0.0074  memory: 111  
2026/08/05 13:57:52 - mmengine - INFO - Epoch(val)   [1][100/116]    eta: 0:00:00  time: 0.0337  data_time: 0.0071  memory: 111  
2026/08/05 13:57:52 - mmengine - INFO - Epoch(val)   [1][110/116]    eta: 0:00:00  time: 0.0315  data_time: 0.0066  memory: 111  
2026/08/05 13:57:52 - mmengine - INFO - Evaluating bbox...
2026/08/05 13:57:52 - mmengine - ERROR - D:\mamografi\.venv_mmdet\lib\site-packages\mmdet\evaluation\metrics\coco_metric.py - compute_metrics - 465 - The testing results of the whole dataset is empty.
2026/08/05 13:57:52 - mmengine - INFO - Epoch(val) [1][116/116]    data_time: 0.0074  time: 0.0342
2026/08/05 13:57:52 - mmengine - WARNING - Since `metrics` is an empty dict, the behavior to save the best checkpoint will be skipped in this evaluation.
2026/08/05 13:57:57 - mmengine - INFO - Epoch(train)   [2][10/68]  base_lr: 4.8443e-05 lr: 4.8443e-05  eta: 0:58:22  time: 0.5220  data_time: 0.1855  memory: 2105  grad_norm: 80.4234  loss: 2.9789  loss_cls: 1.8397  loss_bbox: 0.7506  loss_mask: 0.3885
2026/08/05 13:58:02 - mmengine - INFO - Epoch(train)   [2][20/68]  base_lr: 5.4719e-05 lr: 5.4719e-05  eta: 0:58:23  time: 0.5278  data_time: 0.1881  memory: 2108  grad_norm: 67.5461  loss: 2.9683  loss_cls: 1.8609  loss_bbox: 0.7385  loss_mask: 0.3689
2026/08/05 13:58:08 - mmengine - INFO - Epoch(train)   [2][30/68]  base_lr: 6.0994e-05 lr: 6.0994e-05  eta: 0:58:18  time: 0.5224  data_time: 0.1826  memory: 2105  grad_norm: 67.2580  loss: 2.9553  loss_cls: 1.8723  loss_bbox: 0.7288  loss_mask: 0.3542
2026/08/05 13:58:14 - mmengine - INFO - Epoch(train)   [2][40/68]  base_lr: 6.7269e-05 lr: 6.7269e-05  eta: 0:59:00  time: 0.5323  data_time: 0.1870  memory: 2103  grad_norm: 62.6823  loss: 2.9462  loss_cls: 1.9005  loss_bbox: 0.7105  loss_mask: 0.3352
2026/08/05 13:58:20 - mmengine - INFO - Epoch(train)   [2][50/68]  base_lr: 7.3544e-05 lr: 7.3544e-05  eta: 0:59:30  time: 0.5418  data_time: 0.1901  memory: 2112  grad_norm: 55.7152  loss: 2.9186  loss_cls: 1.9100  loss_bbox: 0.6956  loss_mask: 0.3130
2026/08/05 13:58:25 - mmengine - INFO - Epoch(train)   [2][60/68]  base_lr: 7.9819e-05 lr: 7.9819e-05  eta: 0:59:36  time: 0.5594  data_time: 0.1965  memory: 2095  grad_norm: 54.7710  loss: 2.8794  loss_cls: 1.8773  loss_bbox: 0.6917  loss_mask: 0.3104
2026/08/05 13:58:29 - mmengine - INFO - Exp name: rtmdet_ins_busi_20260805_135702
2026/08/05 13:58:29 - mmengine - INFO - Saving checkpoint at 2 epochs
2026/08/05 13:58:33 - mmengine - INFO - Epoch(val)   [2][ 10/116]    eta: 0:00:03  time: 0.0294  data_time: 0.0068  memory: 2098  
2026/08/05 13:58:33 - mmengine - INFO - Epoch(val)   [2][ 20/116]    eta: 0:00:02  time: 0.0287  data_time: 0.0064  memory: 111  
2026/08/05 13:58:33 - mmengine - INFO - Epoch(val)   [2][ 30/116]    eta: 0:00:02  time: 0.0283  data_time: 0.0061  memory: 111  
2026/08/05 13:58:33 - mmengine - INFO - Epoch(val)   [2][ 40/116]    eta: 0:00:02  time: 0.0288  data_time: 0.0061  memory: 111  
2026/08/05 13:58:34 - mmengine - INFO - Epoch(val)   [2][ 50/116]    eta: 0:00:01  time: 0.0291  data_time: 0.0060  memory: 111  
2026/08/05 13:58:34 - mmengine - INFO - Epoch(val)   [2][ 60/116]    eta: 0:00:01  time: 0.0291  data_time: 0.0062  memory: 111  
2026/08/05 13:58:34 - mmengine - INFO - Epoch(val)   [2][ 70/116]    eta: 0:00:01  time: 0.0285  data_time: 0.0060  memory: 111  
2026/08/05 13:58:35 - mmengine - INFO - Epoch(val)   [2][ 80/116]    eta: 0:00:01  time: 0.0282  data_time: 0.0060  memory: 111  
2026/08/05 13:58:35 - mmengine - INFO - Epoch(val)   [2][ 90/116]    eta: 0:00:00  time: 0.0284  data_time: 0.0066  memory: 111  
2026/08/05 13:58:35 - mmengine - INFO - Epoch(val)   [2][100/116]    eta: 0:00:00  time: 0.0282  data_time: 0.0065  memory: 111  
2026/08/05 13:58:35 - mmengine - INFO - Epoch(val)   [2][110/116]    eta: 0:00:00  time: 0.0279  data_time: 0.0061  memory: 111  
2026/08/05 13:58:36 - mmengine - INFO - Evaluating bbox...
2026/08/05 13:58:36 - mmengine - INFO - bbox_mAP_copypaste: 0.122 0.266 0.082 0.000 0.171 0.106
2026/08/05 13:58:36 - mmengine - INFO - Evaluating segm...
2026/08/05 13:58:36 - mmengine - INFO - segm_mAP_copypaste: 0.178 0.266 0.204 0.000 0.226 0.158
2026/08/05 13:58:36 - mmengine - INFO - Epoch(val) [2][116/116]    coco/bbox_mAP: 0.1220  coco/bbox_mAP_50: 0.2660  coco/bbox_mAP_75: 0.0820  coco/bbox_mAP_s: 0.0000  coco/bbox_mAP_m: 0.1710  coco/bbox_mAP_l: 0.1060  coco/segm_mAP: 0.1780  coco/segm_mAP_50: 0.2660  coco/segm_mAP_75: 0.2040  coco/segm_mAP_s: 0.0000  coco/segm_mAP_m: 0.2260  coco/segm_mAP_l: 0.1580  data_time: 0.0062  time: 0.0286
2026/08/05 13:58:37 - mmengine - INFO - The best checkpoint with 0.1780 coco/segm_mAP at 2 epoch is saved to best_coco_segm_mAP_epoch_2.pth.
2026/08/05 13:58:43 - mmengine - INFO - Epoch(train)   [3][10/68]  base_lr: 9.1114e-05 lr: 9.1114e-05  eta: 0:58:37  time: 0.5436  data_time: 0.1884  memory: 2108  grad_norm: 49.7562  loss: 2.7312  loss_cls: 1.8113  loss_bbox: 0.6467  loss_mask: 0.2733
2026/08/05 13:58:48 - mmengine - INFO - Epoch(train)   [3][20/68]  base_lr: 9.7389e-05 lr: 9.7389e-05  eta: 0:58:04  time: 0.5209  data_time: 0.1806  memory: 2103  grad_norm: 48.1599  loss: 2.5587  loss_cls: 1.6856  loss_bbox: 0.6205  loss_mask: 0.2526
2026/08/05 13:58:53 - mmengine - INFO - Epoch(train)   [3][30/68]  base_lr: 1.0366e-04 lr: 1.0366e-04  eta: 0:57:37  time: 0.4918  data_time: 0.1670  memory: 2109  grad_norm: 51.9064  loss: 2.3466  loss_cls: 1.5126  loss_bbox: 0.5905  loss_mask: 0.2436
2026/08/05 13:58:58 - mmengine - INFO - Epoch(train)   [3][40/68]  base_lr: 1.0994e-04 lr: 1.0994e-04  eta: 0:57:14  time: 0.4750  data_time: 0.1628  memory: 2110  grad_norm: 46.4402  loss: 2.0919  loss_cls: 1.3114  loss_bbox: 0.5583  loss_mask: 0.2222
2026/08/05 13:59:02 - mmengine - INFO - Epoch(train)   [3][50/68]  base_lr: 1.1621e-04 lr: 1.1621e-04  eta: 0:56:51  time: 0.4604  data_time: 0.1569  memory: 2112  grad_norm: 44.4437  loss: 1.8615  loss_cls: 1.1001  loss_bbox: 0.5460  loss_mask: 0.2154
2026/08/05 13:59:07 - mmengine - INFO - Epoch(train)   [3][60/68]  base_lr: 1.2249e-04 lr: 1.2249e-04  eta: 0:56:20  time: 0.4628  data_time: 0.1571  memory: 2105  grad_norm: 38.6592  loss: 1.6714  loss_cls: 0.9120  loss_bbox: 0.5440  loss_mask: 0.2154
2026/08/05 13:59:10 - mmengine - INFO - Exp name: rtmdet_ins_busi_20260805_135702
2026/08/05 13:59:10 - mmengine - INFO - Saving checkpoint at 3 epochs
2026/08/05 13:59:13 - mmengine - INFO - Epoch(val)   [3][ 10/116]    eta: 0:00:04  time: 0.0306  data_time: 0.0067  memory: 2100  
2026/08/05 13:59:13 - mmengine - INFO - Epoch(val)   [3][ 20/116]    eta: 0:00:04  time: 0.0339  data_time: 0.0066  memory: 176  
2026/08/05 13:59:14 - mmengine - INFO - Epoch(val)   [3][ 30/116]    eta: 0:00:03  time: 0.0366  data_time: 0.0064  memory: 200  
2026/08/05 13:59:14 - mmengine - INFO - Epoch(val)   [3][ 40/116]    eta: 0:00:03  time: 0.0395  data_time: 0.0064  memory: 180  
2026/08/05 13:59:14 - mmengine - INFO - Epoch(val)   [3][ 50/116]    eta: 0:00:02  time: 0.0433  data_time: 0.0067  memory: 240  
2026/08/05 13:59:15 - mmengine - INFO - Epoch(val)   [3][ 60/116]    eta: 0:00:02  time: 0.0439  data_time: 0.0066  memory: 190  
2026/08/05 13:59:15 - mmengine - INFO - Epoch(val)   [3][ 70/116]    eta: 0:00:01  time: 0.0434  data_time: 0.0066  memory: 160  
2026/08/05 13:59:16 - mmengine - INFO - Epoch(val)   [3][ 80/116]    eta: 0:00:01  time: 0.0427  data_time: 0.0066  memory: 170  
2026/08/05 13:59:16 - mmengine - INFO - Epoch(val)   [3][ 90/116]    eta: 0:00:01  time: 0.0432  data_time: 0.0068  memory: 232  
2026/08/05 13:59:17 - mmengine - INFO - Epoch(val)   [3][100/116]    eta: 0:00:00  time: 0.0419  data_time: 0.0064  memory: 195  
2026/08/05 13:59:17 - mmengine - INFO - Epoch(val)   [3][110/116]    eta: 0:00:00  time: 0.0415  data_time: 0.0061  memory: 220  
2026/08/05 13:59:17 - mmengine - INFO - Evaluating bbox...
2026/08/05 13:59:18 - mmengine - INFO - bbox_mAP_copypaste: 0.249 0.670 0.074 0.000 0.355 0.178
2026/08/05 13:59:18 - mmengine - INFO - Evaluating segm...
2026/08/05 13:59:18 - mmengine - INFO - segm_mAP_copypaste: 0.436 0.711 0.502 0.000 0.604 0.331
2026/08/05 13:59:18 - mmengine - INFO - Epoch(val) [3][116/116]    coco/bbox_mAP: 0.2490  coco/bbox_mAP_50: 0.6700  coco/bbox_mAP_75: 0.0740  coco/bbox_mAP_s: 0.0000  coco/bbox_mAP_m: 0.3550  coco/bbox_mAP_l: 0.1780  coco/segm_mAP: 0.4360  coco/segm_mAP_50: 0.7110  coco/segm_mAP_75: 0.5020  coco/segm_mAP_s: 0.0000  coco/segm_mAP_m: 0.6040  coco/segm_mAP_l: 0.3310  data_time: 0.0065  time: 0.0428
2026/08/05 13:59:18 - mmengine - INFO - The previous best checkpoint d:\mamografi\real_time_segmentasyon\rtmdet\calisma\rtmdet_ins_tiny_512_orta\best_coco_segm_mAP_epoch_2.pth is removed
2026/08/05 13:59:19 - mmengine - INFO - The best checkpoint with 0.4360 coco/segm_mAP at 3 epoch is saved to best_coco_segm_mAP_epoch_3.pth.
2026/08/05 13:59:26 - mmengine - INFO - Epoch(train)   [4][10/68]  base_lr: 1.2500e-04 lr: 1.2500e-04  eta: 0:55:32  time: 0.4543  data_time: 0.1529  memory: 2110  grad_norm: 30.2961  loss: 1.4788  loss_cls: 0.7305  loss_bbox: 0.5424  loss_mask: 0.2059
2026/08/05 13:59:30 - mmengine - INFO - Epoch(train)   [4][20/68]  base_lr: 1.2500e-04 lr: 1.2500e-04  eta: 0:55:07  time: 0.4446  data_time: 0.1473  memory: 2097  grad_norm: 28.5999  loss: 1.4263  loss_cls: 0.6834  loss_bbox: 0.5387  loss_mask: 0.2042
2026/08/05 13:59:35 - mmengine - INFO - Epoch(train)   [4][30/68]  base_lr: 1.2500e-04 lr: 1.2500e-04  eta: 0:54:51  time: 0.4457  data_time: 0.1467  memory: 2104  grad_norm: 26.6416  loss: 1.4122  loss_cls: 0.6815  loss_bbox: 0.5301  loss_mask: 0.2006
2026/08/05 13:59:39 - mmengine - INFO - Epoch(train)   [4][40/68]  base_lr: 1.2500e-04 lr: 1.2500e-04  eta: 0:54:32  time: 0.4456  data_time: 0.1465  memory: 2107  grad_norm: 24.8067  loss: 1.3442  loss_cls: 0.6436  loss_bbox: 0.5102  loss_mask: 0.1903
2026/08/05 13:59:44 - mmengine - INFO - Epoch(train)   [4][50/68]  base_lr: 1.2500e-04 lr: 1.2500e-04  eta: 0:54:09  time: 0.4437  data_time: 0.1477  memory: 2098  grad_norm: 20.9981  loss: 1.2893  loss_cls: 0.6057  loss_bbox: 0.4986  loss_mask: 0.1850
2026/08/05 13:59:48 - mmengine - INFO - Epoch(train)   [4][60/68]  base_lr: 1.2500e-04 lr: 1.2500e-04  eta: 0:53:43  time: 0.4383  data_time: 0.1438  memory: 2102  grad_norm: 18.8592  loss: 1.2430  loss_cls: 0.5843  loss_bbox: 0.4740  loss_mask: 0.1847
2026/08/05 13:59:52 - mmengine - INFO - Exp name: rtmdet_ins_busi_20260805_135702
2026/08/05 13:59:52 - mmengine - INFO - Saving checkpoint at 4 epochs
2026/08/05 13:59:54 - mmengine - INFO - Epoch(val)   [4][ 10/116]    eta: 0:00:04  time: 0.0434  data_time: 0.0063  memory: 2109  
2026/08/05 13:59:55 - mmengine - INFO - Epoch(val)   [4][ 20/116]    eta: 0:00:03  time: 0.0426  data_time: 0.0063  memory: 200  
2026/08/05 13:59:55 - mmengine - INFO - Epoch(val)   [4][ 30/116]    eta: 0:00:03  time: 0.0420  data_time: 0.0061  memory: 200  
2026/08/05 13:59:55 - mmengine - INFO - Epoch(val)   [4][ 40/116]    eta: 0:00:03  time: 0.0417  data_time: 0.0060  memory: 185  
2026/08/05 13:59:56 - mmengine - INFO - Epoch(val)   [4][ 50/116]    eta: 0:00:02  time: 0.0413  data_time: 0.0062  memory: 262  
2026/08/05 13:59:56 - mmengine - INFO - Epoch(val)   [4][ 60/116]    eta: 0:00:02  time: 0.0416  data_time: 0.0064  memory: 208  
2026/08/05 13:59:57 - mmengine - INFO - Epoch(val)   [4][ 70/116]    eta: 0:00:01  time: 0.0430  data_time: 0.0064  memory: 195  
2026/08/05 13:59:57 - mmengine - INFO - Epoch(val)   [4][ 80/116]    eta: 0:00:01  time: 0.0431  data_time: 0.0065  memory: 186  
2026/08/05 13:59:58 - mmengine - INFO - Epoch(val)   [4][ 90/116]    eta: 0:00:01  time: 0.0452  data_time: 0.0070  memory: 221  
2026/08/05 13:59:58 - mmengine - INFO - Epoch(val)   [4][100/116]    eta: 0:00:00  time: 0.0450  data_time: 0.0069  memory: 195  
2026/08/05 13:59:59 - mmengine - INFO - Epoch(val)   [4][110/116]    eta: 0:00:00  time: 0.0453  data_time: 0.0066  memory: 198  
2026/08/05 13:59:59 - mmengine - INFO - Evaluating bbox...
2026/08/05 13:59:59 - mmengine - INFO - bbox_mAP_copypaste: 0.401 0.798 0.325 0.000 0.474 0.356
2026/08/05 13:59:59 - mmengine - INFO - Evaluating segm...
2026/08/05 13:59:59 - mmengine - INFO - segm_mAP_copypaste: 0.487 0.771 0.564 0.000 0.652 0.386
2026/08/05 13:59:59 - mmengine - INFO - Epoch(val) [4][116/116]    coco/bbox_mAP: 0.4010  coco/bbox_mAP_50: 0.7980  coco/bbox_mAP_75: 0.3250  coco/bbox_mAP_s: 0.0000  coco/bbox_mAP_m: 0.4740  coco/bbox_mAP_l: 0.3560  coco/segm_mAP: 0.4870  coco/segm_mAP_50: 0.7710  coco/segm_mAP_75: 0.5640  coco/segm_mAP_s: 0.0000  coco/segm_mAP_m: 0.6520  coco/segm_mAP_l: 0.3860  data_time: 0.0065  time: 0.0435
2026/08/05 13:59:59 - mmengine - INFO - The previous best checkpoint d:\mamografi\real_time_segmentasyon\rtmdet\calisma\rtmdet_ins_tiny_512_orta\best_coco_segm_mAP_epoch_3.pth is removed
2026/08/05 14:00:01 - mmengine - INFO - The best checkpoint with 0.4870 coco/segm_mAP at 4 epoch is saved to best_coco_segm_mAP_epoch_4.pth.
2026/08/05 14:00:07 - mmengine - INFO - Epoch(train)   [5][10/68]  base_lr: 1.2500e-04 lr: 1.2500e-04  eta: 0:53:14  time: 0.4365  data_time: 0.1428  memory: 2104  grad_norm: 18.5910  loss: 1.1634  loss_cls: 0.5389  loss_bbox: 0.4489  loss_mask: 0.1757
2026/08/05 14:00:11 - mmengine - INFO - Epoch(train)   [5][20/68]  base_lr: 1.2500e-04 lr: 1.2500e-04  eta: 0:52:54  time: 0.4283  data_time: 0.1409  memory: 2108  grad_norm: 18.2508  loss: 1.1502  loss_cls: 0.5374  loss_bbox: 0.4425  loss_mask: 0.1704
2026/08/05 14:00:16 - mmengine - INFO - Epoch(train)   [5][30/68]  base_lr: 1.2500e-04 lr: 1.2500e-04  eta: 0:52:41  time: 0.4342  data_time: 0.1448  memory: 2108  grad_norm: 17.4799  loss: 1.1065  loss_cls: 0.5133  loss_bbox: 0.4273  loss_mask: 0.1659
2026/08/05 14:00:20 - mmengine - INFO - Epoch(train)   [5][40/68]  base_lr: 1.2500e-04 lr: 1.2500e-04  eta: 0:52:26  time: 0.4382  data_time: 0.1455  memory: 2127  grad_norm: 16.5564  loss: 1.0669  loss_cls: 0.4846  loss_bbox: 0.4209  loss_mask: 0.1613
2026/08/05 14:00:25 - mmengine - INFO - Epoch(train)   [5][50/68]  base_lr: 1.2500e-04 lr: 1.2500e-04  eta: 0:52:19  time: 0.4435  data_time: 0.1495  memory: 2117  grad_norm: 16.2798  loss: 1.0763  loss_cls: 0.4837  loss_bbox: 0.4260  loss_mask: 0.1666
2026/08/05 14:00:30 - mmengine - INFO - Epoch(train)   [5][60/68]  base_lr: 1.2500e-04 lr: 1.2500e-04  eta: 0:52:10  time: 0.4495  data_time: 0.1518  memory: 2102  grad_norm: 15.9700  loss: 1.0626  loss_cls: 0.4716  loss_bbox: 0.4227  loss_mask: 0.1683
2026/08/05 14:00:34 - mmengine - INFO - Exp name: rtmdet_ins_busi_20260805_135702
2026/08/05 14:00:34 - mmengine - INFO - Saving checkpoint at 5 epochs
2026/08/05 14:00:37 - mmengine - INFO - Epoch(val)   [5][ 10/116]    eta: 0:00:04  time: 0.0451  data_time: 0.0067  memory: 2108  
2026/08/05 14:00:37 - mmengine - INFO - Epoch(val)   [5][ 20/116]    eta: 0:00:03  time: 0.0439  data_time: 0.0065  memory: 184  
2026/08/05 14:00:37 - mmengine - INFO - Epoch(val)   [5][ 30/116]    eta: 0:00:03  time: 0.0421  data_time: 0.0062  memory: 170  
2026/08/05 14:00:38 - mmengine - INFO - Epoch(val)   [5][ 40/116]    eta: 0:00:02  time: 0.0408  data_time: 0.0060  memory: 185  
2026/08/05 14:00:38 - mmengine - INFO - Epoch(val)   [5][ 50/116]    eta: 0:00:02  time: 0.0403  data_time: 0.0062  memory: 227  
2026/08/05 14:00:39 - mmengine - INFO - Epoch(val)   [5][ 60/116]    eta: 0:00:02  time: 0.0402  data_time: 0.0065  memory: 208  
2026/08/05 14:00:39 - mmengine - INFO - Epoch(val)   [5][ 70/116]    eta: 0:00:01  time: 0.0409  data_time: 0.0066  memory: 173  
2026/08/05 14:00:40 - mmengine - INFO - Epoch(val)   [5][ 80/116]    eta: 0:00:01  time: 0.0414  data_time: 0.0067  memory: 174  
2026/08/05 14:00:40 - mmengine - INFO - Epoch(val)   [5][ 90/116]    eta: 0:00:01  time: 0.0437  data_time: 0.0072  memory: 225  
2026/08/05 14:00:41 - mmengine - INFO - Epoch(val)   [5][100/116]    eta: 0:00:00  time: 0.0441  data_time: 0.0071  memory: 185  
2026/08/05 14:00:41 - mmengine - INFO - Epoch(val)   [5][110/116]    eta: 0:00:00  time: 0.0463  data_time: 0.0070  memory: 231  
2026/08/05 14:00:41 - mmengine - INFO - Evaluating bbox...
2026/08/05 14:00:42 - mmengine - INFO - bbox_mAP_copypaste: 0.439 0.817 0.443 0.000 0.546 0.380
2026/08/05 14:00:42 - mmengine - INFO - Evaluating segm...
2026/08/05 14:00:42 - mmengine - INFO - segm_mAP_copypaste: 0.504 0.793 0.555 0.000 0.666 0.424
2026/08/05 14:00:42 - mmengine - INFO - Epoch(val) [5][116/116]    coco/bbox_mAP: 0.4390  coco/bbox_mAP_50: 0.8170  coco/bbox_mAP_75: 0.4430  coco/bbox_mAP_s: 0.0000  coco/bbox_mAP_m: 0.5460  coco/bbox_mAP_l: 0.3800  coco/segm_mAP: 0.5040  coco/segm_mAP_50: 0.7930  coco/segm_mAP_75: 0.5550  coco/segm_mAP_s: 0.0000  coco/segm_mAP_m: 0.6660  coco/segm_mAP_l: 0.4240  data_time: 0.0067  time: 0.0437
2026/08/05 14:00:42 - mmengine - INFO - The previous best checkpoint d:\mamografi\real_time_segmentasyon\rtmdet\calisma\rtmdet_ins_tiny_512_orta\best_coco_segm_mAP_epoch_4.pth is removed
2026/08/05 14:00:43 - mmengine - INFO - The best checkpoint with 0.5040 coco/segm_mAP at 5 epoch is saved to best_coco_segm_mAP_epoch_5.pth.
2026/08/05 14:00:50 - mmengine - INFO - Epoch(train)   [6][10/68]  base_lr: 1.2500e-04 lr: 1.2500e-04  eta: 0:52:01  time: 0.4671  data_time: 0.1566  memory: 2117  grad_norm: 15.7938  loss: 1.0223  loss_cls: 0.4469  loss_bbox: 0.4104  loss_mask: 0.1650
2026/08/05 14:00:54 - mmengine - INFO - Epoch(train)   [6][20/68]  base_lr: 1.2500e-04 lr: 1.2500e-04  eta: 0:51:50  time: 0.4678  data_time: 0.1579  memory: 2107  grad_norm: 16.2315  loss: 1.0477  loss_cls: 0.4675  loss_bbox: 0.4097  loss_mask: 0.1705
2026/08/05 14:00:59 - mmengine - INFO - Epoch(train)   [6][30/68]  base_lr: 1.2500e-04 lr: 1.2500e-04  eta: 0:51:39  time: 0.4658  data_time: 0.1585  memory: 2105  grad_norm: 15.7314  loss: 1.0232  loss_cls: 0.4466  loss_bbox: 0.4077  loss_mask: 0.1689
2026/08/05 14:01:03 - mmengine - INFO - Epoch(train)   [6][40/68]  base_lr: 1.2500e-04 lr: 1.2500e-04  eta: 0:51:29  time: 0.4626  data_time: 0.1542  memory: 2109  grad_norm: 15.4828  loss: 1.0001  loss_cls: 0.4370  loss_bbox: 0.3978  loss_mask: 0.1653
2026/08/05 14:01:08 - mmengine - INFO - Epoch(train)   [6][50/68]  base_lr: 1.2500e-04 lr: 1.2500e-04  eta: 0:51:23  time: 0.4530  data_time: 0.1511  memory: 2112  grad_norm: 15.7486  loss: 1.0071  loss_cls: 0.4442  loss_bbox: 0.3974  loss_mask: 0.1655
2026/08/05 14:01:13 - mmengine - INFO - Epoch(train)   [6][60/68]  base_lr: 1.2500e-04 lr: 1.2500e-04  eta: 0:51:11  time: 0.4520  data_time: 0.1515  memory: 2106  grad_norm: 15.4200  loss: 1.0175  loss_cls: 0.4466  loss_bbox: 0.4016  loss_mask: 0.1693
2026/08/05 14:01:16 - mmengine - INFO - Exp name: rtmdet_ins_busi_20260805_135702
2026/08/05 14:01:16 - mmengine - INFO - Saving checkpoint at 6 epochs
2026/08/05 14:01:19 - mmengine - INFO - Epoch(val)   [6][ 10/116]    eta: 0:00:04  time: 0.0481  data_time: 0.0072  memory: 2103  
2026/08/05 14:01:19 - mmengine - INFO - Epoch(val)   [6][ 20/116]    eta: 0:00:04  time: 0.0494  data_time: 0.0073  memory: 172  
2026/08/05 14:01:19 - mmengine - INFO - Epoch(val)   [6][ 30/116]    eta: 0:00:03  time: 0.0475  data_time: 0.0071  memory: 160  
2026/08/05 14:01:20 - mmengine - INFO - Epoch(val)   [6][ 40/116]    eta: 0:00:03  time: 0.0464  data_time: 0.0069  memory: 157  
2026/08/05 14:01:20 - mmengine - INFO - Epoch(val)   [6][ 50/116]    eta: 0:00:02  time: 0.0442  data_time: 0.0069  memory: 212  
2026/08/05 14:01:21 - mmengine - INFO - Epoch(val)   [6][ 60/116]    eta: 0:00:02  time: 0.0440  data_time: 0.0069  memory: 195  
2026/08/05 14:01:21 - mmengine - INFO - Epoch(val)   [6][ 70/116]    eta: 0:00:01  time: 0.0412  data_time: 0.0071  memory: 163  
2026/08/05 14:01:22 - mmengine - INFO - Epoch(val)   [6][ 80/116]    eta: 0:00:01  time: 0.0409  data_time: 0.0071  memory: 170  
2026/08/05 14:01:22 - mmengine - INFO - Epoch(val)   [6][ 90/116]    eta: 0:00:01  time: 0.0412  data_time: 0.0072  memory: 225  
2026/08/05 14:01:22 - mmengine - INFO - Epoch(val)   [6][100/116]    eta: 0:00:00  time: 0.0403  data_time: 0.0073  memory: 177  
2026/08/05 14:01:23 - mmengine - INFO - Epoch(val)   [6][110/116]    eta: 0:00:00  time: 0.0400  data_time: 0.0070  memory: 204  
2026/08/05 14:01:23 - mmengine - INFO - Evaluating bbox...
2026/08/05 14:01:23 - mmengine - INFO - bbox_mAP_copypaste: 0.502 0.830 0.613 0.015 0.599 0.450
2026/08/05 14:01:23 - mmengine - INFO - Evaluating segm...
2026/08/05 14:01:23 - mmengine - INFO - segm_mAP_copypaste: 0.544 0.811 0.615 0.011 0.694 0.472
2026/08/05 14:01:23 - mmengine - INFO - Epoch(val) [6][116/116]    coco/bbox_mAP: 0.5020  coco/bbox_mAP_50: 0.8300  coco/bbox_mAP_75: 0.6130  coco/bbox_mAP_s: 0.0150  coco/bbox_mAP_m: 0.5990  coco/bbox_mAP_l: 0.4500  coco/segm_mAP: 0.5440  coco/segm_mAP_50: 0.8110  coco/segm_mAP_75: 0.6150  coco/segm_mAP_s: 0.0110  coco/segm_mAP_m: 0.6940  coco/segm_mAP_l: 0.4720  data_time: 0.0070  time: 0.0422
2026/08/05 14:01:23 - mmengine - INFO - The previous best checkpoint d:\mamografi\real_time_segmentasyon\rtmdet\calisma\rtmdet_ins_tiny_512_orta\best_coco_segm_mAP_epoch_5.pth is removed
2026/08/05 14:01:25 - mmengine - INFO - The best checkpoint with 0.5440 coco/segm_mAP at 6 epoch is saved to best_coco_segm_mAP_epoch_6.pth.
2026/08/05 14:01:31 - mmengine - INFO - Epoch(train)   [7][10/68]  base_lr: 1.2500e-04 lr: 1.2500e-04  eta: 0:50:47  time: 0.4415  data_time: 0.1454  memory: 2117  grad_norm: 15.4012  loss: 0.9704  loss_cls: 0.4177  loss_bbox: 0.3936  loss_mask: 0.1591
2026/08/05 14:01:36 - mmengine - INFO - Epoch(train)   [7][20/68]  base_lr: 1.2500e-04 lr: 1.2500e-04  eta: 0:50:35  time: 0.4375  data_time: 0.1436  memory: 2116  grad_norm: 15.4946  loss: 0.9597  loss_cls: 0.4145  loss_bbox: 0.3910  loss_mask: 0.1542
2026/08/05 14:01:40 - mmengine - INFO - Epoch(train)   [7][30/68]  base_lr: 1.2500e-04 lr: 1.2500e-04  eta: 0:50:22  time: 0.4291  data_time: 0.1398  memory: 2109  grad_norm: 15.1150  loss: 0.9412  loss_cls: 0.4010  loss_bbox: 0.3871  loss_mask: 0.1531
2026/08/05 14:01:44 - mmengine - INFO - Epoch(train)   [7][40/68]  base_lr: 1.2500e-04 lr: 1.2500e-04  eta: 0:50:10  time: 0.4250  data_time: 0.1387  memory: 2102  grad_norm: 15.1161  loss: 0.9472  loss_cls: 0.4017  loss_bbox: 0.3919  loss_mask: 0.1537
2026/08/05 14:01:48 - mmengine - INFO - Epoch(train)   [7][50/68]  base_lr: 1.2500e-04 lr: 1.2500e-04  eta: 0:49:57  time: 0.4244  data_time: 0.1385  memory: 2118  grad_norm: 14.7607  loss: 0.9413  loss_cls: 0.4036  loss_bbox: 0.3847  loss_mask: 0.1529
2026/08/05 14:01:52 - mmengine - INFO - Epoch(train)   [7][60/68]  base_lr: 1.2500e-04 lr: 1.2500e-04  eta: 0:49:46  time: 0.4226  data_time: 0.1389  memory: 2105  grad_norm: 14.3556  loss: 0.9468  loss_cls: 0.4039  loss_bbox: 0.3867  loss_mask: 0.1562
2026/08/05 14:01:56 - mmengine - INFO - Exp name: rtmdet_ins_busi_20260805_135702
2026/08/05 14:01:56 - mmengine - INFO - Saving checkpoint at 7 epochs
2026/08/05 14:01:58 - mmengine - INFO - Epoch(val)   [7][ 10/116]    eta: 0:00:04  time: 0.0413  data_time: 0.0069  memory: 2108  
2026/08/05 14:01:59 - mmengine - INFO - Epoch(val)   [7][ 20/116]    eta: 0:00:03  time: 0.0403  data_time: 0.0070  memory: 196  
2026/08/05 14:01:59 - mmengine - INFO - Epoch(val)   [7][ 30/116]    eta: 0:00:03  time: 0.0394  data_time: 0.0067  memory: 173  
2026/08/05 14:01:59 - mmengine - INFO - Epoch(val)   [7][ 40/116]    eta: 0:00:02  time: 0.0391  data_time: 0.0065  memory: 164  
2026/08/05 14:02:00 - mmengine - INFO - Epoch(val)   [7][ 50/116]    eta: 0:00:02  time: 0.0390  data_time: 0.0065  memory: 240  
2026/08/05 14:02:00 - mmengine - INFO - Epoch(val)   [7][ 60/116]    eta: 0:00:02  time: 0.0393  data_time: 0.0067  memory: 181  
2026/08/05 14:02:01 - mmengine - INFO - Epoch(val)   [7][ 70/116]    eta: 0:00:01  time: 0.0399  data_time: 0.0067  memory: 163  
2026/08/05 14:02:01 - mmengine - INFO - Epoch(val)   [7][ 80/116]    eta: 0:00:01  time: 0.0416  data_time: 0.0068  memory: 174  
2026/08/05 14:02:02 - mmengine - INFO - Epoch(val)   [7][ 90/116]    eta: 0:00:01  time: 0.0437  data_time: 0.0075  memory: 206  
2026/08/05 14:02:02 - mmengine - INFO - Epoch(val)   [7][100/116]    eta: 0:00:00  time: 0.0439  data_time: 0.0075  memory: 177  
2026/08/05 14:02:02 - mmengine - INFO - Epoch(val)   [7][110/116]    eta: 0:00:00  time: 0.0451  data_time: 0.0072  memory: 224  
2026/08/05 14:02:03 - mmengine - INFO - Evaluating bbox...
2026/08/05 14:02:03 - mmengine - INFO - bbox_mAP_copypaste: 0.490 0.838 0.471 0.024 0.562 0.444
2026/08/05 14:02:03 - mmengine - INFO - Evaluating segm...
2026/08/05 14:02:03 - mmengine - INFO - segm_mAP_copypaste: 0.556 0.812 0.650 0.014 0.696 0.477
2026/08/05 14:02:03 - mmengine - INFO - Epoch(val) [7][116/116]    coco/bbox_mAP: 0.4900  coco/bbox_mAP_50: 0.8380  coco/bbox_mAP_75: 0.4710  coco/bbox_mAP_s: 0.0240  coco/bbox_mAP_m: 0.5620  coco/bbox_mAP_l: 0.4440  coco/segm_mAP: 0.5560  coco/segm_mAP_50: 0.8120  coco/segm_mAP_75: 0.6500  coco/segm_mAP_s: 0.0140  coco/segm_mAP_m: 0.6960  coco/segm_mAP_l: 0.4770  data_time: 0.0070  time: 0.0424
2026/08/05 14:02:03 - mmengine - INFO - The previous best checkpoint d:\mamografi\real_time_segmentasyon\rtmdet\calisma\rtmdet_ins_tiny_512_orta\best_coco_segm_mAP_epoch_6.pth is removed
2026/08/05 14:02:05 - mmengine - INFO - The best checkpoint with 0.5560 coco/segm_mAP at 7 epoch is saved to best_coco_segm_mAP_epoch_7.pth.
2026/08/05 14:02:12 - mmengine - INFO - Epoch(train)   [8][10/68]  base_lr: 1.2500e-04 lr: 1.2500e-04  eta: 0:49:33  time: 0.4320  data_time: 0.1450  memory: 2108  grad_norm: 13.8434  loss: 0.9197  loss_cls: 0.3808  loss_bbox: 0.3861  loss_mask: 0.1529
2026/08/05 14:02:16 - mmengine - INFO - Epoch(train)   [8][20/68]  base_lr: 1.2500e-04 lr: 1.2500e-04  eta: 0:49:26  time: 0.4392  data_time: 0.1492  memory: 2107  grad_norm: 13.9300  loss: 0.9277  loss_cls: 0.3924  loss_bbox: 0.3802  loss_mask: 0.1550
2026/08/05 14:02:21 - mmengine - INFO - Epoch(train)   [8][30/68]  base_lr: 1.2500e-04 lr: 1.2500e-04  eta: 0:49:18  time: 0.4440  data_time: 0.1507  memory: 2106  grad_norm: 14.5577  loss: 0.9136  loss_cls: 0.3820  loss_bbox: 0.3804  loss_mask: 0.1512
2026/08/05 14:02:26 - mmengine - INFO - Epoch(train)   [8][40/68]  base_lr: 1.2500e-04 lr: 1.2500e-04  eta: 0:49:15  time: 0.4551  data_time: 0.1546  memory: 2110  grad_norm: 14.8721  loss: 0.9274  loss_cls: 0.3925  loss_bbox: 0.3812  loss_mask: 0.1537
2026/08/05 14:02:30 - mmengine - INFO - Epoch(train)   [8][50/68]  base_lr: 1.2500e-04 lr: 1.2500e-04  eta: 0:49:09  time: 0.4652  data_time: 0.1582  memory: 2116  grad_norm: 14.3390  loss: 0.9241  loss_cls: 0.3941  loss_bbox: 0.3776  loss_mask: 0.1524
2026/08/05 14:02:35 - mmengine - INFO - Epoch(train)   [8][60/68]  base_lr: 1.2500e-04 lr: 1.2500e-04  eta: 0:49:05  time: 0.4638  data_time: 0.1620  memory: 2112  grad_norm: 14.0377  loss: 0.9310  loss_cls: 0.3980  loss_bbox: 0.3775  loss_mask: 0.1555
2026/08/05 14:02:38 - mmengine - INFO - Exp name: rtmdet_ins_busi_20260805_135702
2026/08/05 14:02:38 - mmengine - INFO - Saving checkpoint at 8 epochs
2026/08/05 14:02:41 - mmengine - INFO - Epoch(val)   [8][ 10/116]    eta: 0:00:04  time: 0.0455  data_time: 0.0072  memory: 2107  
2026/08/05 14:02:41 - mmengine - INFO - Epoch(val)   [8][ 20/116]    eta: 0:00:03  time: 0.0434  data_time: 0.0070  memory: 176  
2026/08/05 14:02:42 - mmengine - INFO - Epoch(val)   [8][ 30/116]    eta: 0:00:03  time: 0.0412  data_time: 0.0064  memory: 165  
2026/08/05 14:02:42 - mmengine - INFO - Epoch(val)   [8][ 40/116]    eta: 0:00:02  time: 0.0392  data_time: 0.0062  memory: 148  
2026/08/05 14:02:42 - mmengine - INFO - Epoch(val)   [8][ 50/116]    eta: 0:00:02  time: 0.0371  data_time: 0.0064  memory: 171  
2026/08/05 14:02:43 - mmengine - INFO - Epoch(val)   [8][ 60/116]    eta: 0:00:02  time: 0.0368  data_time: 0.0066  memory: 158  
2026/08/05 14:02:43 - mmengine - INFO - Epoch(val)   [8][ 70/116]    eta: 0:00:01  time: 0.0372  data_time: 0.0064  memory: 162  
2026/08/05 14:02:43 - mmengine - INFO - Epoch(val)   [8][ 80/116]    eta: 0:00:01  time: 0.0378  data_time: 0.0065  memory: 163  
2026/08/05 14:02:44 - mmengine - INFO - Epoch(val)   [8][ 90/116]    eta: 0:00:00  time: 0.0391  data_time: 0.0069  memory: 200  
2026/08/05 14:02:44 - mmengine - INFO - Epoch(val)   [8][100/116]    eta: 0:00:00  time: 0.0391  data_time: 0.0066  memory: 157  
2026/08/05 14:02:45 - mmengine - INFO - Epoch(val)   [8][110/116]    eta: 0:00:00  time: 0.0402  data_time: 0.0065  memory: 175  
2026/08/05 14:02:45 - mmengine - INFO - Evaluating bbox...
2026/08/05 14:02:45 - mmengine - INFO - bbox_mAP_copypaste: 0.500 0.841 0.534 0.033 0.564 0.462
2026/08/05 14:02:45 - mmengine - INFO - Evaluating segm...
2026/08/05 14:02:45 - mmengine - INFO - segm_mAP_copypaste: 0.558 0.820 0.659 0.030 0.711 0.479
2026/08/05 14:02:45 - mmengine - INFO - Epoch(val) [8][116/116]    coco/bbox_mAP: 0.5000  coco/bbox_mAP_50: 0.8410  coco/bbox_mAP_75: 0.5340  coco/bbox_mAP_s: 0.0330  coco/bbox_mAP_m: 0.5640  coco/bbox_mAP_l: 0.4620  coco/segm_mAP: 0.5580  coco/segm_mAP_50: 0.8200  coco/segm_mAP_75: 0.6590  coco/segm_mAP_s: 0.0300  coco/segm_mAP_m: 0.7110  coco/segm_mAP_l: 0.4790  data_time: 0.0065  time: 0.0391
2026/08/05 14:02:45 - mmengine - INFO - The previous best checkpoint d:\mamografi\real_time_segmentasyon\rtmdet\calisma\rtmdet_ins_tiny_512_orta\best_coco_segm_mAP_epoch_7.pth is removed
2026/08/05 14:02:47 - mmengine - INFO - The best checkpoint with 0.5580 coco/segm_mAP at 8 epoch is saved to best_coco_segm_mAP_epoch_8.pth.
2026/08/05 14:02:53 - mmengine - INFO - Epoch(train)   [9][10/68]  base_lr: 1.2500e-04 lr: 1.2500e-04  eta: 0:48:50  time: 0.4594  data_time: 0.1561  memory: 2115  grad_norm: 13.4741  loss: 0.8763  loss_cls: 0.3596  loss_bbox: 0.3690  loss_mask: 0.1476
2026/08/05 14:02:58 - mmengine - INFO - Epoch(train)   [9][20/68]  base_lr: 1.2500e-04 lr: 1.2500e-04  eta: 0:48:42  time: 0.4505  data_time: 0.1522  memory: 2115  grad_norm: 13.3938  loss: 0.8617  loss_cls: 0.3468  loss_bbox: 0.3692  loss_mask: 0.1457
2026/08/05 14:03:02 - mmengine - INFO - Epoch(train)   [9][30/68]  base_lr: 1.2500e-04 lr: 1.2500e-04  eta: 0:48:35  time: 0.4490  data_time: 0.1516  memory: 2117  grad_norm: 13.3217  loss: 0.8377  loss_cls: 0.3303  loss_bbox: 0.3631  loss_mask: 0.1443
2026/08/05 14:03:08 - mmengine - INFO - Epoch(train)   [9][40/68]  base_lr: 1.2500e-04 lr: 1.2500e-04  eta: 0:48:37  time: 0.4597  data_time: 0.1548  memory: 2118  grad_norm: 13.6037  loss: 0.8403  loss_cls: 0.3290  loss_bbox: 0.3654  loss_mask: 0.1459
2026/08/05 14:03:12 - mmengine - INFO - Epoch(train)   [9][50/68]  base_lr: 1.2500e-04 lr: 1.2500e-04  eta: 0:48:31  time: 0.4665  data_time: 0.1533  memory: 2117  grad_norm: 13.6547  loss: 0.8404  loss_cls: 0.3329  loss_bbox: 0.3621  loss_mask: 0.1454
2026/08/05 14:03:17 - mmengine - INFO - Epoch(train)   [9][60/68]  base_lr: 1.2500e-04 lr: 1.2500e-04  eta: 0:48:25  time: 0.4663  data_time: 0.1552  memory: 2103  grad_norm: 13.8456  loss: 0.8437  loss_cls: 0.3381  loss_bbox: 0.3590  loss_mask: 0.1465
2026/08/05 14:03:20 - mmengine - INFO - Exp name: rtmdet_ins_busi_20260805_135702
2026/08/05 14:03:20 - mmengine - INFO - Saving checkpoint at 9 epochs
2026/08/05 14:03:23 - mmengine - INFO - Epoch(val)   [9][ 10/116]    eta: 0:00:04  time: 0.0416  data_time: 0.0068  memory: 2106  
2026/08/05 14:03:23 - mmengine - INFO - Epoch(val)   [9][ 20/116]    eta: 0:00:03  time: 0.0406  data_time: 0.0068  memory: 168  
2026/08/05 14:03:24 - mmengine - INFO - Epoch(val)   [9][ 30/116]    eta: 0:00:03  time: 0.0394  data_time: 0.0063  memory: 172  
2026/08/05 14:03:24 - mmengine - INFO - Epoch(val)   [9][ 40/116]    eta: 0:00:02  time: 0.0383  data_time: 0.0061  memory: 168  
2026/08/05 14:03:24 - mmengine - INFO - Epoch(val)   [9][ 50/116]    eta: 0:00:02  time: 0.0374  data_time: 0.0062  memory: 194  
2026/08/05 14:03:25 - mmengine - INFO - Epoch(val)   [9][ 60/116]    eta: 0:00:02  time: 0.0374  data_time: 0.0063  memory: 168  
2026/08/05 14:03:25 - mmengine - INFO - Epoch(val)   [9][ 70/116]    eta: 0:00:01  time: 0.0381  data_time: 0.0063  memory: 163  
2026/08/05 14:03:26 - mmengine - INFO - Epoch(val)   [9][ 80/116]    eta: 0:00:01  time: 0.0387  data_time: 0.0065  memory: 159  
2026/08/05 14:03:26 - mmengine - INFO - Epoch(val)   [9][ 90/116]    eta: 0:00:00  time: 0.0398  data_time: 0.0068  memory: 200  
2026/08/05 14:03:26 - mmengine - INFO - Epoch(val)   [9][100/116]    eta: 0:00:00  time: 0.0394  data_time: 0.0066  memory: 155  
2026/08/05 14:03:27 - mmengine - INFO - Epoch(val)   [9][110/116]    eta: 0:00:00  time: 0.0397  data_time: 0.0064  memory: 220  
2026/08/05 14:03:27 - mmengine - INFO - Evaluating bbox...
2026/08/05 14:03:27 - mmengine - INFO - bbox_mAP_copypaste: 0.556 0.848 0.598 0.013 0.657 0.497
2026/08/05 14:03:27 - mmengine - INFO - Evaluating segm...
2026/08/05 14:03:27 - mmengine - INFO - segm_mAP_copypaste: 0.566 0.820 0.648 0.018 0.707 0.488
2026/08/05 14:03:27 - mmengine - INFO - Epoch(val) [9][116/116]    coco/bbox_mAP: 0.5560  coco/bbox_mAP_50: 0.8480  coco/bbox_mAP_75: 0.5980  coco/bbox_mAP_s: 0.0120  coco/bbox_mAP_m: 0.6570  coco/bbox_mAP_l: 0.4970  coco/segm_mAP: 0.5660  coco/segm_mAP_50: 0.8200  coco/segm_mAP_75: 0.6480  coco/segm_mAP_s: 0.0180  coco/segm_mAP_m: 0.7070  coco/segm_mAP_l: 0.4880  data_time: 0.0065  time: 0.0392
2026/08/05 14:03:27 - mmengine - INFO - The previous best checkpoint d:\mamografi\real_time_segmentasyon\rtmdet\calisma\rtmdet_ins_tiny_512_orta\best_coco_segm_mAP_epoch_8.pth is removed
2026/08/05 14:03:29 - mmengine - INFO - The best checkpoint with 0.5660 coco/segm_mAP at 9 epoch is saved to best_coco_segm_mAP_epoch_9.pth.
2026/08/05 14:03:36 - mmengine - INFO - Epoch(train)  [10][10/68]  base_lr: 1.2500e-04 lr: 1.2500e-04  eta: 0:48:16  time: 0.4750  data_time: 0.1527  memory: 2114  grad_norm: 14.7866  loss: 0.8411  loss_cls: 0.3447  loss_bbox: 0.3546  loss_mask: 0.1418
2026/08/05 14:03:41 - mmengine - INFO - Epoch(train)  [10][20/68]  base_lr: 1.2500e-04 lr: 1.2500e-04  eta: 0:48:12  time: 0.4717  data_time: 0.1500  memory: 2117  grad_norm: 14.8089  loss: 0.8368  loss_cls: 0.3410  loss_bbox: 0.3562  loss_mask: 0.1397
2026/08/05 14:03:46 - mmengine - INFO - Epoch(train)  [10][30/68]  base_lr: 1.2500e-04 lr: 1.2500e-04  eta: 0:48:07  time: 0.4656  data_time: 0.1494  memory: 2126  grad_norm: 14.7355  loss: 0.8265  loss_cls: 0.3345  loss_bbox: 0.3537  loss_mask: 0.1383
2026/08/05 14:03:50 - mmengine - INFO - Epoch(train)  [10][40/68]  base_lr: 1.2500e-04 lr: 1.2500e-04  eta: 0:48:02  time: 0.4663  data_time: 0.1530  memory: 2114  grad_norm: 14.4525  loss: 0.8242  loss_cls: 0.3326  loss_bbox: 0.3549  loss_mask: 0.1367
2026/08/05 14:03:55 - mmengine - INFO - Epoch(train)  [10][50/68]  base_lr: 1.2500e-04 lr: 1.2500e-04  eta: 0:47:58  time: 0.4722  data_time: 0.1595  memory: 2108  grad_norm: 13.8503  loss: 0.8212  loss_cls: 0.3318  loss_bbox: 0.3504  loss_mask: 0.1389
2026/08/05 14:04:00 - mmengine - INFO - Epoch(train)  [10][60/68]  base_lr: 1.2500e-04 lr: 1.2500e-04  eta: 0:47:56  time: 0.4758  data_time: 0.1688  memory: 2104  grad_norm: 13.4495  loss: 0.8308  loss_cls: 0.3320  loss_bbox: 0.3559  loss_mask: 0.1428
2026/08/05 14:04:03 - mmengine - INFO - Exp name: rtmdet_ins_busi_20260805_135702
2026/08/05 14:04:03 - mmengine - INFO - Saving checkpoint at 10 epochs
2026/08/05 14:04:06 - mmengine - INFO - Epoch(val)  [10][ 10/116]    eta: 0:00:04  time: 0.0414  data_time: 0.0068  memory: 2095  
2026/08/05 14:04:06 - mmengine - INFO - Epoch(val)  [10][ 20/116]    eta: 0:00:03  time: 0.0405  data_time: 0.0068  memory: 160  
2026/08/05 14:04:07 - mmengine - INFO - Epoch(val)  [10][ 30/116]    eta: 0:00:03  time: 0.0392  data_time: 0.0065  memory: 177  
2026/08/05 14:04:07 - mmengine - INFO - Epoch(val)  [10][ 40/116]    eta: 0:00:02  time: 0.0386  data_time: 0.0063  memory: 164  
2026/08/05 14:04:07 - mmengine - INFO - Epoch(val)  [10][ 50/116]    eta: 0:00:02  time: 0.0374  data_time: 0.0064  memory: 230  
2026/08/05 14:04:08 - mmengine - INFO - Epoch(val)  [10][ 60/116]    eta: 0:00:02  time: 0.0382  data_time: 0.0066  memory: 162  
2026/08/05 14:04:08 - mmengine - INFO - Epoch(val)  [10][ 70/116]    eta: 0:00:01  time: 0.0388  data_time: 0.0065  memory: 187  
2026/08/05 14:04:08 - mmengine - INFO - Epoch(val)  [10][ 80/116]    eta: 0:00:01  time: 0.0397  data_time: 0.0066  memory: 174  
2026/08/05 14:04:09 - mmengine - INFO - Epoch(val)  [10][ 90/116]    eta: 0:00:01  time: 0.0407  data_time: 0.0070  memory: 170  
2026/08/05 14:04:09 - mmengine - INFO - Epoch(val)  [10][100/116]    eta: 0:00:00  time: 0.0411  data_time: 0.0070  memory: 177  
2026/08/05 14:04:10 - mmengine - INFO - Epoch(val)  [10][110/116]    eta: 0:00:00  time: 0.0414  data_time: 0.0068  memory: 204  
2026/08/05 14:04:10 - mmengine - INFO - Evaluating bbox...
2026/08/05 14:04:10 - mmengine - INFO - bbox_mAP_copypaste: 0.549 0.865 0.589 0.133 0.665 0.485
2026/08/05 14:04:10 - mmengine - INFO - Evaluating segm...
2026/08/05 14:04:10 - mmengine - INFO - segm_mAP_copypaste: 0.544 0.837 0.622 0.060 0.712 0.459
2026/08/05 14:04:10 - mmengine - INFO - Epoch(val) [10][116/116]    coco/bbox_mAP: 0.5490  coco/bbox_mAP_50: 0.8650  coco/bbox_mAP_75: 0.5890  coco/bbox_mAP_s: 0.1330  coco/bbox_mAP_m: 0.6650  coco/bbox_mAP_l: 0.4850  coco/segm_mAP: 0.5440  coco/segm_mAP_50: 0.8370  coco/segm_mAP_75: 0.6220  coco/segm_mAP_s: 0.0600  coco/segm_mAP_m: 0.7120  coco/segm_mAP_l: 0.4590  data_time: 0.0067  time: 0.0399
2026/08/05 14:04:15 - mmengine - INFO - Epoch(train)  [11][10/68]  base_lr: 1.2500e-04 lr: 1.2500e-04  eta: 0:47:41  time: 0.4607  data_time: 0.1605  memory: 2126  grad_norm: 13.3917  loss: 0.8317  loss_cls: 0.3268  loss_bbox: 0.3571  loss_mask: 0.1478
2026/08/05 14:04:19 - mmengine - INFO - Epoch(train)  [11][20/68]  base_lr: 1.2500e-04 lr: 1.2500e-04  eta: 0:47:35  time: 0.4595  data_time: 0.1588  memory: 2109  grad_norm: 14.7109  loss: 0.8292  loss_cls: 0.3275  loss_bbox: 0.3554  loss_mask: 0.1463
2026/08/05 14:04:24 - mmengine - INFO - Epoch(train)  [11][30/68]  base_lr: 1.2500e-04 lr: 1.2500e-04  eta: 0:47:30  time: 0.4560  data_time: 0.1576  memory: 2106  grad_norm: 16.8524  loss: 0.8025  loss_cls: 0.3109  loss_bbox: 0.3481  loss_mask: 0.1435
2026/08/05 14:04:28 - mmengine - INFO - Epoch(train)  [11][40/68]  base_lr: 1.2500e-04 lr: 1.2500e-04  eta: 0:47:24  time: 0.4489  data_time: 0.1535  memory: 2103  grad_norm: 17.1438  loss: 0.8067  loss_cls: 0.3046  loss_bbox: 0.3553  loss_mask: 0.1467
2026/08/05 14:04:34 - mmengine - INFO - Epoch(train)  [11][50/68]  base_lr: 1.2500e-04 lr: 1.2500e-04  eta: 0:47:26  time: 0.4742  data_time: 0.1671  memory: 2100  grad_norm: 18.0228  loss: 0.7966  loss_cls: 0.3004  loss_bbox: 0.3529  loss_mask: 0.1432
2026/08/05 14:04:39 - mmengine - INFO - Epoch(train)  [11][60/68]  base_lr: 1.2500e-04 lr: 1.2500e-04  eta: 0:47:21  time: 0.4773  data_time: 0.1711  memory: 2122  grad_norm: 18.5449  loss: 0.7885  loss_cls: 0.2945  loss_bbox: 0.3522  loss_mask: 0.1418
2026/08/05 14:04:42 - mmengine - INFO - Exp name: rtmdet_ins_busi_20260805_135702
2026/08/05 14:04:42 - mmengine - INFO - Saving checkpoint at 11 epochs
2026/08/05 14:04:45 - mmengine - INFO - Epoch(val)  [11][ 10/116]    eta: 0:00:03  time: 0.0415  data_time: 0.0066  memory: 2106  
2026/08/05 14:04:45 - mmengine - INFO - Epoch(val)  [11][ 20/116]    eta: 0:00:03  time: 0.0405  data_time: 0.0067  memory: 180  
2026/08/05 14:04:45 - mmengine - INFO - Epoch(val)  [11][ 30/116]    eta: 0:00:03  time: 0.0384  data_time: 0.0059  memory: 149  
2026/08/05 14:04:46 - mmengine - INFO - Epoch(val)  [11][ 40/116]    eta: 0:00:02  time: 0.0368  data_time: 0.0057  memory: 164  
2026/08/05 14:04:46 - mmengine - INFO - Epoch(val)  [11][ 50/116]    eta: 0:00:02  time: 0.0354  data_time: 0.0058  memory: 188  
2026/08/05 14:04:46 - mmengine - INFO - Epoch(val)  [11][ 60/116]    eta: 0:00:01  time: 0.0352  data_time: 0.0059  memory: 143  
2026/08/05 14:04:47 - mmengine - INFO - Epoch(val)  [11][ 70/116]    eta: 0:00:01  time: 0.0352  data_time: 0.0056  memory: 178  
2026/08/05 14:04:47 - mmengine - INFO - Epoch(val)  [11][ 80/116]    eta: 0:00:01  time: 0.0362  data_time: 0.0061  memory: 161  
2026/08/05 14:04:47 - mmengine - INFO - Epoch(val)  [11][ 90/116]    eta: 0:00:00  time: 0.0373  data_time: 0.0063  memory: 188  
2026/08/05 14:04:48 - mmengine - INFO - Epoch(val)  [11][100/116]    eta: 0:00:00  time: 0.0372  data_time: 0.0059  memory: 160  
2026/08/05 14:04:48 - mmengine - INFO - Epoch(val)  [11][110/116]    eta: 0:00:00  time: 0.0378  data_time: 0.0060  memory: 182  
2026/08/05 14:04:49 - mmengine - INFO - Evaluating bbox...
2026/08/05 14:04:49 - mmengine - INFO - bbox_mAP_copypaste: 0.498 0.864 0.579 0.075 0.557 0.466
2026/08/05 14:04:49 - mmengine - INFO - Evaluating segm...
2026/08/05 14:04:49 - mmengine - INFO - segm_mAP_copypaste: 0.566 0.835 0.637 0.050 0.720 0.484
2026/08/05 14:04:49 - mmengine - INFO - Epoch(val) [11][116/116]    coco/bbox_mAP: 0.4980  coco/bbox_mAP_50: 0.8640  coco/bbox_mAP_75: 0.5790  coco/bbox_mAP_s: 0.0750  coco/bbox_mAP_m: 0.5570  coco/bbox_mAP_l: 0.4660  coco/segm_mAP: 0.5660  coco/segm_mAP_50: 0.8350  coco/segm_mAP_75: 0.6370  coco/segm_mAP_s: 0.0500  coco/segm_mAP_m: 0.7200  coco/segm_mAP_l: 0.4840  data_time: 0.0059  time: 0.0367
2026/08/05 14:04:53 - mmengine - INFO - Epoch(train)  [12][10/68]  base_lr: 1.2500e-04 lr: 1.2500e-04  eta: 0:47:08  time: 0.4704  data_time: 0.1680  memory: 2109  grad_norm: 16.1461  loss: 0.7963  loss_cls: 0.2988  loss_bbox: 0.3572  loss_mask: 0.1403
2026/08/05 14:04:58 - mmengine - INFO - Epoch(train)  [12][20/68]  base_lr: 1.2500e-04 lr: 1.2500e-04  eta: 0:47:03  time: 0.4699  data_time: 0.1679  memory: 2107  grad_norm: 16.2954  loss: 0.7928  loss_cls: 0.3023  loss_bbox: 0.3502  loss_mask: 0.1403
2026/08/05 14:05:02 - mmengine - INFO - Epoch(train)  [12][30/68]  base_lr: 1.2500e-04 lr: 1.2500e-04  eta: 0:46:58  time: 0.4552  data_time: 0.1625  memory: 2121  grad_norm: 15.9833  loss: 0.7865  loss_cls: 0.3027  loss_bbox: 0.3447  loss_mask: 0.1392
2026/08/05 14:05:07 - mmengine - INFO - Epoch(train)  [12][40/68]  base_lr: 1.2500e-04 lr: 1.2500e-04  eta: 0:46:52  time: 0.4505  data_time: 0.1585  memory: 2108  grad_norm: 14.8532  loss: 0.7851  loss_cls: 0.3026  loss_bbox: 0.3434  loss_mask: 0.1391
2026/08/05 14:05:12 - mmengine - INFO - Epoch(train)  [12][50/68]  base_lr: 1.2500e-04 lr: 1.2500e-04  eta: 0:46:49  time: 0.4652  data_time: 0.1703  memory: 2111  grad_norm: 14.4148  loss: 0.7657  loss_cls: 0.2905  loss_bbox: 0.3399  loss_mask: 0.1353
2026/08/05 14:05:17 - mmengine - INFO - Epoch(train)  [12][60/68]  base_lr: 1.2500e-04 lr: 1.2500e-04  eta: 0:46:45  time: 0.4676  data_time: 0.1730  memory: 2108  grad_norm: 14.1450  loss: 0.7576  loss_cls: 0.2867  loss_bbox: 0.3349  loss_mask: 0.1360
2026/08/05 14:05:20 - mmengine - INFO - Exp name: rtmdet_ins_busi_20260805_135702
2026/08/05 14:05:20 - mmengine - INFO - Saving checkpoint at 12 epochs
2026/08/05 14:05:23 - mmengine - INFO - Epoch(val)  [12][ 10/116]    eta: 0:00:04  time: 0.0391  data_time: 0.0062  memory: 2108  
2026/08/05 14:05:24 - mmengine - INFO - Epoch(val)  [12][ 20/116]    eta: 0:00:03  time: 0.0387  data_time: 0.0062  memory: 148  
2026/08/05 14:05:24 - mmengine - INFO - Epoch(val)  [12][ 30/116]    eta: 0:00:03  time: 0.0387  data_time: 0.0064  memory: 158  
2026/08/05 14:05:24 - mmengine - INFO - Epoch(val)  [12][ 40/116]    eta: 0:00:02  time: 0.0389  data_time: 0.0063  memory: 157  
2026/08/05 14:05:25 - mmengine - INFO - Epoch(val)  [12][ 50/116]    eta: 0:00:02  time: 0.0389  data_time: 0.0065  memory: 200  
2026/08/05 14:05:25 - mmengine - INFO - Epoch(val)  [12][ 60/116]    eta: 0:00:02  time: 0.0382  data_time: 0.0066  memory: 150  
2026/08/05 14:05:26 - mmengine - INFO - Epoch(val)  [12][ 70/116]    eta: 0:00:01  time: 0.0380  data_time: 0.0066  memory: 178  
2026/08/05 14:05:26 - mmengine - INFO - Epoch(val)  [12][ 80/116]    eta: 0:00:01  time: 0.0374  data_time: 0.0065  memory: 164  
2026/08/05 14:05:26 - mmengine - INFO - Epoch(val)  [12][ 90/116]    eta: 0:00:00  time: 0.0377  data_time: 0.0068  memory: 182  
2026/08/05 14:05:27 - mmengine - INFO - Epoch(val)  [12][100/116]    eta: 0:00:00  time: 0.0373  data_time: 0.0065  memory: 175  
2026/08/05 14:05:27 - mmengine - INFO - Epoch(val)  [12][110/116]    eta: 0:00:00  time: 0.0375  data_time: 0.0062  memory: 175  
2026/08/05 14:05:27 - mmengine - INFO - Evaluating bbox...
2026/08/05 14:05:28 - mmengine - INFO - bbox_mAP_copypaste: 0.571 0.865 0.654 0.067 0.692 0.502
2026/08/05 14:05:28 - mmengine - INFO - Evaluating segm...
2026/08/05 14:05:28 - mmengine - INFO - segm_mAP_copypaste: 0.588 0.842 0.699 0.075 0.744 0.505
2026/08/05 14:05:28 - mmengine - INFO - Epoch(val) [12][116/116]    coco/bbox_mAP: 0.5710  coco/bbox_mAP_50: 0.8650  coco/bbox_mAP_75: 0.6540  coco/bbox_mAP_s: 0.0670  coco/bbox_mAP_m: 0.6920  coco/bbox_mAP_l: 0.5020  coco/segm_mAP: 0.5880  coco/segm_mAP_50: 0.8420  coco/segm_mAP_75: 0.6990  coco/segm_mAP_s: 0.0750  coco/segm_mAP_m: 0.7440  coco/segm_mAP_l: 0.5050  data_time: 0.0064  time: 0.0382
2026/08/05 14:05:28 - mmengine - INFO - The previous best checkpoint d:\mamografi\real_time_segmentasyon\rtmdet\calisma\rtmdet_ins_tiny_512_orta\best_coco_segm_mAP_epoch_9.pth is removed
2026/08/05 14:05:29 - mmengine - INFO - The best checkpoint with 0.5880 coco/segm_mAP at 12 epoch is saved to best_coco_segm_mAP_epoch_12.pth.
2026/08/05 14:05:36 - mmengine - INFO - Epoch(train)  [13][10/68]  base_lr: 1.2500e-04 lr: 1.2500e-04  eta: 0:46:36  time: 0.4689  data_time: 0.1676  memory: 2119  grad_norm: 14.1366  loss: 0.7584  loss_cls: 0.2869  loss_bbox: 0.3366  loss_mask: 0.1348
2026/08/05 14:05:41 - mmengine - INFO - Epoch(train)  [13][20/68]  base_lr: 1.2500e-04 lr: 1.2500e-04  eta: 0:46:30  time: 0.4681  data_time: 0.1692  memory: 2099  grad_norm: 14.3648  loss: 0.7570  loss_cls: 0.2816  loss_bbox: 0.3394  loss_mask: 0.1360
2026/08/05 14:05:45 - mmengine - INFO - Epoch(train)  [13][30/68]  base_lr: 1.2500e-04 lr: 1.2500e-04  eta: 0:46:22  time: 0.4569  data_time: 0.1591  memory: 2109  grad_norm: 14.1961  loss: 0.7715  loss_cls: 0.2912  loss_bbox: 0.3431  loss_mask: 0.1372
2026/08/05 14:05:49 - mmengine - INFO - Epoch(train)  [13][40/68]  base_lr: 1.2500e-04 lr: 1.2500e-04  eta: 0:46:16  time: 0.4502  data_time: 0.1548  memory: 2120  grad_norm: 13.8050  loss: 0.7734  loss_cls: 0.2846  loss_bbox: 0.3481  loss_mask: 0.1407
2026/08/05 14:05:54 - mmengine - INFO - Epoch(train)  [13][50/68]  base_lr: 1.2500e-04 lr: 1.2500e-04  eta: 0:46:09  time: 0.4448  data_time: 0.1509  memory: 2110  grad_norm: 13.5500  loss: 0.7622  loss_cls: 0.2806  loss_bbox: 0.3424  loss_mask: 0.1393
2026/08/05 14:05:58 - mmengine - INFO - Epoch(train)  [13][60/68]  base_lr: 1.2500e-04 lr: 1.2500e-04  eta: 0:46:03  time: 0.4394  data_time: 0.1523  memory: 2112  grad_norm: 13.2375  loss: 0.7502  loss_cls: 0.2735  loss_bbox: 0.3394  loss_mask: 0.1373
2026/08/05 14:06:02 - mmengine - INFO - Exp name: rtmdet_ins_busi_20260805_135702
2026/08/05 14:06:02 - mmengine - INFO - Saving checkpoint at 13 epochs
2026/08/05 14:06:05 - mmengine - INFO - Epoch(val)  [13][ 10/116]    eta: 0:00:03  time: 0.0383  data_time: 0.0066  memory: 2107  
2026/08/05 14:06:05 - mmengine - INFO - Epoch(val)  [13][ 20/116]    eta: 0:00:03  time: 0.0374  data_time: 0.0062  memory: 175  
2026/08/05 14:06:06 - mmengine - INFO - Epoch(val)  [13][ 30/116]    eta: 0:00:02  time: 0.0361  data_time: 0.0057  memory: 160  
2026/08/05 14:06:06 - mmengine - INFO - Epoch(val)  [13][ 40/116]    eta: 0:00:02  time: 0.0351  data_time: 0.0054  memory: 148  
2026/08/05 14:06:06 - mmengine - INFO - Epoch(val)  [13][ 50/116]    eta: 0:00:02  time: 0.0373  data_time: 0.0065  memory: 188  
2026/08/05 14:06:07 - mmengine - INFO - Epoch(val)  [13][ 60/116]    eta: 0:00:02  time: 0.0381  data_time: 0.0067  memory: 143  
2026/08/05 14:06:07 - mmengine - INFO - Epoch(val)  [13][ 70/116]    eta: 0:00:01  time: 0.0402  data_time: 0.0071  memory: 174  
2026/08/05 14:06:08 - mmengine - INFO - Epoch(val)  [13][ 80/116]    eta: 0:00:01  time: 0.0426  data_time: 0.0076  memory: 160  
2026/08/05 14:06:08 - mmengine - INFO - Epoch(val)  [13][ 90/116]    eta: 0:00:01  time: 0.0442  data_time: 0.0083  memory: 200  
2026/08/05 14:06:09 - mmengine - INFO - Epoch(val)  [13][100/116]    eta: 0:00:00  time: 0.0433  data_time: 0.0080  memory: 173  
2026/08/05 14:06:09 - mmengine - INFO - Epoch(val)  [13][110/116]    eta: 0:00:00  time: 0.0432  data_time: 0.0078  memory: 175  
2026/08/05 14:06:09 - mmengine - INFO - Evaluating bbox...
2026/08/05 14:06:09 - mmengine - INFO - bbox_mAP_copypaste: 0.588 0.871 0.694 0.033 0.688 0.529
2026/08/05 14:06:09 - mmengine - INFO - Evaluating segm...
2026/08/05 14:06:10 - mmengine - INFO - segm_mAP_copypaste: 0.593 0.853 0.716 0.100 0.725 0.521
2026/08/05 14:06:10 - mmengine - INFO - Epoch(val) [13][116/116]    coco/bbox_mAP: 0.5880  coco/bbox_mAP_50: 0.8710  coco/bbox_mAP_75: 0.6940  coco/bbox_mAP_s: 0.0330  coco/bbox_mAP_m: 0.6880  coco/bbox_mAP_l: 0.5290  coco/segm_mAP: 0.5930  coco/segm_mAP_50: 0.8530  coco/segm_mAP_75: 0.7160  coco/segm_mAP_s: 0.1000  coco/segm_mAP_m: 0.7250  coco/segm_mAP_l: 0.5210  data_time: 0.0072  time: 0.0404
2026/08/05 14:06:10 - mmengine - INFO - The previous best checkpoint d:\mamografi\real_time_segmentasyon\rtmdet\calisma\rtmdet_ins_tiny_512_orta\best_coco_segm_mAP_epoch_12.pth is removed
2026/08/05 14:06:11 - mmengine - INFO - The best checkpoint with 0.5930 coco/segm_mAP at 13 epoch is saved to best_coco_segm_mAP_epoch_13.pth.
2026/08/05 14:06:18 - mmengine - INFO - Epoch(train)  [14][10/68]  base_lr: 1.2500e-04 lr: 1.2500e-04  eta: 0:45:54  time: 0.4502  data_time: 0.1515  memory: 2111  grad_norm: 13.5322  loss: 0.7241  loss_cls: 0.2666  loss_bbox: 0.3260  loss_mask: 0.1314
2026/08/05 14:06:23 - mmengine - INFO - Epoch(train)  [14][20/68]  base_lr: 1.2500e-04 lr: 1.2500e-04  eta: 0:45:50  time: 0.4558  data_time: 0.1535  memory: 2108  grad_norm: 13.3905  loss: 0.7109  loss_cls: 0.2613  loss_bbox: 0.3204  loss_mask: 0.1292
2026/08/05 14:06:27 - mmengine - INFO - Epoch(train)  [14][30/68]  base_lr: 1.2500e-04 lr: 1.2500e-04  eta: 0:45:45  time: 0.4614  data_time: 0.1565  memory: 2109  grad_norm: 13.4927  loss: 0.7348  loss_cls: 0.2759  loss_bbox: 0.3235  loss_mask: 0.1353
2026/08/05 14:06:32 - mmengine - INFO - Epoch(train)  [14][40/68]  base_lr: 1.2500e-04 lr: 1.2500e-04  eta: 0:45:39  time: 0.4644  data_time: 0.1614  memory: 2108  grad_norm: 13.4631  loss: 0.7401  loss_cls: 0.2778  loss_bbox: 0.3260  loss_mask: 0.1362
2026/08/05 14:06:36 - mmengine - INFO - Epoch(train)  [14][50/68]  base_lr: 1.2500e-04 lr: 1.2500e-04  eta: 0:45:33  time: 0.4547  data_time: 0.1561  memory: 2123  grad_norm: 13.1336  loss: 0.7281  loss_cls: 0.2677  loss_bbox: 0.3237  loss_mask: 0.1366
2026/08/05 14:06:41 - mmengine - INFO - Epoch(train)  [14][60/68]  base_lr: 1.2500e-04 lr: 1.2500e-04  eta: 0:45:27  time: 0.4552  data_time: 0.1598  memory: 2110  grad_norm: 13.1933  loss: 0.7302  loss_cls: 0.2689  loss_bbox: 0.3256  loss_mask: 0.1358
2026/08/05 14:06:44 - mmengine - INFO - Exp name: rtmdet_ins_busi_20260805_135702
2026/08/05 14:06:44 - mmengine - INFO - Saving checkpoint at 14 epochs
2026/08/05 14:06:46 - mmengine - INFO - Epoch(val)  [14][ 10/116]    eta: 0:00:03  time: 0.0413  data_time: 0.0076  memory: 2100  
2026/08/05 14:06:47 - mmengine - INFO - Epoch(val)  [14][ 20/116]    eta: 0:00:03  time: 0.0388  data_time: 0.0073  memory: 137  
2026/08/05 14:06:47 - mmengine - INFO - Epoch(val)  [14][ 30/116]    eta: 0:00:02  time: 0.0355  data_time: 0.0061  memory: 163  
2026/08/05 14:06:47 - mmengine - INFO - Epoch(val)  [14][ 40/116]    eta: 0:00:02  time: 0.0343  data_time: 0.0058  memory: 147  
2026/08/05 14:06:48 - mmengine - INFO - Epoch(val)  [14][ 50/116]    eta: 0:00:02  time: 0.0326  data_time: 0.0055  memory: 182  
2026/08/05 14:06:48 - mmengine - INFO - Epoch(val)  [14][ 60/116]    eta: 0:00:01  time: 0.0323  data_time: 0.0059  memory: 153  
2026/08/05 14:06:48 - mmengine - INFO - Epoch(val)  [14][ 70/116]    eta: 0:00:01  time: 0.0329  data_time: 0.0062  memory: 168  
2026/08/05 14:06:49 - mmengine - INFO - Epoch(val)  [14][ 80/116]    eta: 0:00:01  time: 0.0334  data_time: 0.0064  memory: 170  
2026/08/05 14:06:49 - mmengine - INFO - Epoch(val)  [14][ 90/116]    eta: 0:00:00  time: 0.0344  data_time: 0.0071  memory: 212  
2026/08/05 14:06:49 - mmengine - INFO - Epoch(val)  [14][100/116]    eta: 0:00:00  time: 0.0350  data_time: 0.0074  memory: 204  
2026/08/05 14:06:50 - mmengine - INFO - Epoch(val)  [14][110/116]    eta: 0:00:00  time: 0.0358  data_time: 0.0070  memory: 170  
2026/08/05 14:06:50 - mmengine - INFO - Evaluating bbox...
2026/08/05 14:06:50 - mmengine - INFO - bbox_mAP_copypaste: 0.580 0.857 0.638 0.033 0.732 0.494
2026/08/05 14:06:50 - mmengine - INFO - Evaluating segm...
2026/08/05 14:06:50 - mmengine - INFO - segm_mAP_copypaste: 0.580 0.840 0.675 0.100 0.736 0.494
2026/08/05 14:06:50 - mmengine - INFO - Epoch(val) [14][116/116]    coco/bbox_mAP: 0.5800  coco/bbox_mAP_50: 0.8570  coco/bbox_mAP_75: 0.6380  coco/bbox_mAP_s: 0.0330  coco/bbox_mAP_m: 0.7320  coco/bbox_mAP_l: 0.4940  coco/segm_mAP: 0.5800  coco/segm_mAP_50: 0.8400  coco/segm_mAP_75: 0.6750  coco/segm_mAP_s: 0.1000  coco/segm_mAP_m: 0.7360  coco/segm_mAP_l: 0.4940  data_time: 0.0064  time: 0.0345
2026/08/05 14:06:55 - mmengine - INFO - Epoch(train)  [15][10/68]  base_lr: 1.2500e-04 lr: 1.2500e-04  eta: 0:45:14  time: 0.4387  data_time: 0.1476  memory: 2115  grad_norm: 13.4393  loss: 0.7192  loss_cls: 0.2575  loss_bbox: 0.3295  loss_mask: 0.1322
2026/08/05 14:07:00 - mmengine - INFO - Epoch(train)  [15][20/68]  base_lr: 1.2500e-04 lr: 1.2500e-04  eta: 0:45:12  time: 0.4499  data_time: 0.1534  memory: 2098  grad_norm: 15.0967  loss: 0.7179  loss_cls: 0.2517  loss_bbox: 0.3315  loss_mask: 0.1346
2026/08/05 14:07:05 - mmengine - INFO - Epoch(train)  [15][30/68]  base_lr: 1.2500e-04 lr: 1.2500e-04  eta: 0:45:08  time: 0.4577  data_time: 0.1599  memory: 2109  grad_norm: 15.2194  loss: 0.7032  loss_cls: 0.2514  loss_bbox: 0.3214  loss_mask: 0.1304
2026/08/05 14:07:09 - mmengine - INFO - Epoch(train)  [15][40/68]  base_lr: 1.2500e-04 lr: 1.2500e-04  eta: 0:45:03  time: 0.4561  data_time: 0.1587  memory: 2111  grad_norm: 15.3124  loss: 0.6943  loss_cls: 0.2446  loss_bbox: 0.3182  loss_mask: 0.1315
2026/08/05 14:07:13 - mmengine - INFO - Exp name: rtmdet_ins_busi_20260805_135702
2026/08/05 14:07:14 - mmengine - INFO - Epoch(train)  [15][50/68]  base_lr: 1.2500e-04 lr: 1.2500e-04  eta: 0:44:57  time: 0.4671  data_time: 0.1654  memory: 2100  grad_norm: 15.1249  loss: 0.6884  loss_cls: 0.2468  loss_bbox: 0.3126  loss_mask: 0.1290
2026/08/05 14:07:18 - mmengine - INFO - Epoch(train)  [15][60/68]  base_lr: 1.2500e-04 lr: 1.2500e-04  eta: 0:44:51  time: 0.4646  data_time: 0.1655  memory: 2111  grad_norm: 15.4620  loss: 0.7074  loss_cls: 0.2594  loss_bbox: 0.3158  loss_mask: 0.1322
2026/08/05 14:07:21 - mmengine - INFO - Exp name: rtmdet_ins_busi_20260805_135702
2026/08/05 14:07:21 - mmengine - INFO - Saving checkpoint at 15 epochs
2026/08/05 14:07:24 - mmengine - INFO - Epoch(val)  [15][ 10/116]    eta: 0:00:03  time: 0.0367  data_time: 0.0068  memory: 2116  
2026/08/05 14:07:24 - mmengine - INFO - Epoch(val)  [15][ 20/116]    eta: 0:00:03  time: 0.0365  data_time: 0.0067  memory: 160  
2026/08/05 14:07:25 - mmengine - INFO - Epoch(val)  [15][ 30/116]    eta: 0:00:02  time: 0.0352  data_time: 0.0061  memory: 154  
2026/08/05 14:07:25 - mmengine - INFO - Epoch(val)  [15][ 40/116]    eta: 0:00:02  time: 0.0353  data_time: 0.0058  memory: 186  
2026/08/05 14:07:25 - mmengine - INFO - Epoch(val)  [15][ 50/116]    eta: 0:00:02  time: 0.0346  data_time: 0.0057  memory: 206  
2026/08/05 14:07:26 - mmengine - INFO - Epoch(val)  [15][ 60/116]    eta: 0:00:01  time: 0.0349  data_time: 0.0062  memory: 167  
2026/08/05 14:07:26 - mmengine - INFO - Epoch(val)  [15][ 70/116]    eta: 0:00:01  time: 0.0351  data_time: 0.0063  memory: 144  
2026/08/05 14:07:26 - mmengine - INFO - Epoch(val)  [15][ 80/116]    eta: 0:00:01  time: 0.0359  data_time: 0.0063  memory: 158  
2026/08/05 14:07:27 - mmengine - INFO - Epoch(val)  [15][ 90/116]    eta: 0:00:00  time: 0.0360  data_time: 0.0066  memory: 200  
2026/08/05 14:07:27 - mmengine - INFO - Epoch(val)  [15][100/116]    eta: 0:00:00  time: 0.0363  data_time: 0.0066  memory: 196  
2026/08/05 14:07:27 - mmengine - INFO - Epoch(val)  [15][110/116]    eta: 0:00:00  time: 0.0369  data_time: 0.0063  memory: 177  
2026/08/05 14:07:28 - mmengine - INFO - Evaluating bbox...
2026/08/05 14:07:28 - mmengine - INFO - bbox_mAP_copypaste: 0.553 0.851 0.630 0.100 0.678 0.480
2026/08/05 14:07:28 - mmengine - INFO - Evaluating segm...
2026/08/05 14:07:28 - mmengine - INFO - segm_mAP_copypaste: 0.585 0.834 0.698 0.060 0.739 0.499
2026/08/05 14:07:28 - mmengine - INFO - Epoch(val) [15][116/116]    coco/bbox_mAP: 0.5530  coco/bbox_mAP_50: 0.8510  coco/bbox_mAP_75: 0.6300  coco/bbox_mAP_s: 0.1000  coco/bbox_mAP_m: 0.6780  coco/bbox_mAP_l: 0.4800  coco/segm_mAP: 0.5850  coco/segm_mAP_50: 0.8340  coco/segm_mAP_75: 0.6980  coco/segm_mAP_s: 0.0600  coco/segm_mAP_m: 0.7390  coco/segm_mAP_l: 0.4990  data_time: 0.0061  time: 0.0360
2026/08/05 14:07:32 - mmengine - INFO - Epoch(train)  [16][10/68]  base_lr: 1.2500e-04 lr: 1.2500e-04  eta: 0:44:38  time: 0.4357  data_time: 0.1443  memory: 2105  grad_norm: 13.9513  loss: 0.6786  loss_cls: 0.2418  loss_bbox: 0.3111  loss_mask: 0.1257
2026/08/05 14:07:36 - mmengine - INFO - Epoch(train)  [16][20/68]  base_lr: 1.2500e-04 lr: 1.2500e-04  eta: 0:44:30  time: 0.4304  data_time: 0.1418  memory: 2108  grad_norm: 13.7733  loss: 0.6694  loss_cls: 0.2319  loss_bbox: 0.3091  loss_mask: 0.1284
2026/08/05 14:07:41 - mmengine - INFO - Epoch(train)  [16][30/68]  base_lr: 1.2500e-04 lr: 1.2500e-04  eta: 0:44:24  time: 0.4261  data_time: 0.1404  memory: 2121  grad_norm: 13.4458  loss: 0.6655  loss_cls: 0.2259  loss_bbox: 0.3116  loss_mask: 0.1279
2026/08/05 14:07:45 - mmengine - INFO - Epoch(train)  [16][40/68]  base_lr: 1.2500e-04 lr: 1.2500e-04  eta: 0:44:17  time: 0.4198  data_time: 0.1375  memory: 2117  grad_norm: 13.4937  loss: 0.6627  loss_cls: 0.2262  loss_bbox: 0.3088  loss_mask: 0.1276
2026/08/05 14:07:49 - mmengine - INFO - Epoch(train)  [16][50/68]  base_lr: 1.2500e-04 lr: 1.2500e-04  eta: 0:44:10  time: 0.4190  data_time: 0.1372  memory: 2110  grad_norm: 13.6021  loss: 0.6747  loss_cls: 0.2354  loss_bbox: 0.3088  loss_mask: 0.1305
2026/08/05 14:07:53 - mmengine - INFO - Epoch(train)  [16][60/68]  base_lr: 1.2500e-04 lr: 1.2500e-04  eta: 0:44:03  time: 0.4197  data_time: 0.1387  memory: 2109  grad_norm: 13.1885  loss: 0.6894  loss_cls: 0.2406  loss_bbox: 0.3148  loss_mask: 0.1340
2026/08/05 14:07:57 - mmengine - INFO - Exp name: rtmdet_ins_busi_20260805_135702
2026/08/05 14:07:57 - mmengine - INFO - Saving checkpoint at 16 epochs
2026/08/05 14:07:59 - mmengine - INFO - Epoch(val)  [16][ 10/116]    eta: 0:00:03  time: 0.0371  data_time: 0.0062  memory: 2108  
2026/08/05 14:08:00 - mmengine - INFO - Epoch(val)  [16][ 20/116]    eta: 0:00:03  time: 0.0371  data_time: 0.0067  memory: 148  
2026/08/05 14:08:00 - mmengine - INFO - Epoch(val)  [16][ 30/116]    eta: 0:00:02  time: 0.0361  data_time: 0.0059  memory: 154  
2026/08/05 14:08:00 - mmengine - INFO - Epoch(val)  [16][ 40/116]    eta: 0:00:02  time: 0.0355  data_time: 0.0060  memory: 162  
2026/08/05 14:08:01 - mmengine - INFO - Epoch(val)  [16][ 50/116]    eta: 0:00:02  time: 0.0349  data_time: 0.0067  memory: 182  
2026/08/05 14:08:01 - mmengine - INFO - Epoch(val)  [16][ 60/116]    eta: 0:00:01  time: 0.0348  data_time: 0.0067  memory: 175  
2026/08/05 14:08:02 - mmengine - INFO - Epoch(val)  [16][ 70/116]    eta: 0:00:01  time: 0.0348  data_time: 0.0067  memory: 178  
2026/08/05 14:08:02 - mmengine - INFO - Epoch(val)  [16][ 80/116]    eta: 0:00:01  time: 0.0363  data_time: 0.0073  memory: 167  
2026/08/05 14:08:02 - mmengine - INFO - Epoch(val)  [16][ 90/116]    eta: 0:00:00  time: 0.0371  data_time: 0.0073  memory: 188  
2026/08/05 14:08:03 - mmengine - INFO - Epoch(val)  [16][100/116]    eta: 0:00:00  time: 0.0374  data_time: 0.0066  memory: 231  
2026/08/05 14:08:03 - mmengine - INFO - Epoch(val)  [16][110/116]    eta: 0:00:00  time: 0.0386  data_time: 0.0063  memory: 178  
2026/08/05 14:08:03 - mmengine - INFO - Evaluating bbox...
2026/08/05 14:08:03 - mmengine - INFO - bbox_mAP_copypaste: 0.573 0.885 0.655 0.100 0.694 0.503
2026/08/05 14:08:03 - mmengine - INFO - Evaluating segm...
2026/08/05 14:08:04 - mmengine - INFO - segm_mAP_copypaste: 0.601 0.871 0.690 0.150 0.751 0.517
2026/08/05 14:08:04 - mmengine - INFO - Epoch(val) [16][116/116]    coco/bbox_mAP: 0.5730  coco/bbox_mAP_50: 0.8850  coco/bbox_mAP_75: 0.6550  coco/bbox_mAP_s: 0.1000  coco/bbox_mAP_m: 0.6940  coco/bbox_mAP_l: 0.5030  coco/segm_mAP: 0.6010  coco/segm_mAP_50: 0.8710  coco/segm_mAP_75: 0.6900  coco/segm_mAP_s: 0.1500  coco/segm_mAP_m: 0.7510  coco/segm_mAP_l: 0.5170  data_time: 0.0065  time: 0.0367
2026/08/05 14:08:04 - mmengine - INFO - The previous best checkpoint d:\mamografi\real_time_segmentasyon\rtmdet\calisma\rtmdet_ins_tiny_512_orta\best_coco_segm_mAP_epoch_13.pth is removed
2026/08/05 14:08:06 - mmengine - INFO - The best checkpoint with 0.6010 coco/segm_mAP at 16 epoch is saved to best_coco_segm_mAP_epoch_16.pth.
2026/08/05 14:08:12 - mmengine - INFO - Epoch(train)  [17][10/68]  base_lr: 1.2500e-04 lr: 1.2500e-04  eta: 0:43:53  time: 0.4279  data_time: 0.1378  memory: 2121  grad_norm: 13.3983  loss: 0.7041  loss_cls: 0.2471  loss_bbox: 0.3230  loss_mask: 0.1339
2026/08/05 14:08:17 - mmengine - INFO - Epoch(train)  [17][20/68]  base_lr: 1.2500e-04 lr: 1.2500e-04  eta: 0:43:46  time: 0.4282  data_time: 0.1380  memory: 2110  grad_norm: 13.4776  loss: 0.6866  loss_cls: 0.2356  loss_bbox: 0.3187  loss_mask: 0.1323
2026/08/05 14:08:21 - mmengine - INFO - Epoch(train)  [17][30/68]  base_lr: 1.2500e-04 lr: 1.2500e-04  eta: 0:43:42  time: 0.4418  data_time: 0.1471  memory: 2110  grad_norm: 13.6253  loss: 0.6792  loss_cls: 0.2343  loss_bbox: 0.3147  loss_mask: 0.1302
2026/08/05 14:08:26 - mmengine - INFO - Epoch(train)  [17][40/68]  base_lr: 1.2500e-04 lr: 1.2500e-04  eta: 0:43:39  time: 0.4540  data_time: 0.1542  memory: 2140  grad_norm: 13.5341  loss: 0.6732  loss_cls: 0.2268  loss_bbox: 0.3172  loss_mask: 0.1291
2026/08/05 14:08:31 - mmengine - INFO - Epoch(train)  [17][50/68]  base_lr: 1.2500e-04 lr: 1.2500e-04  eta: 0:43:34  time: 0.4602  data_time: 0.1557  memory: 2122  grad_norm: 13.9424  loss: 0.6517  loss_cls: 0.2171  loss_bbox: 0.3069  loss_mask: 0.1277
2026/08/05 14:08:35 - mmengine - INFO - Epoch(train)  [17][60/68]  base_lr: 1.2500e-04 lr: 1.2500e-04  eta: 0:43:29  time: 0.4563  data_time: 0.1563  memory: 2104  grad_norm: 14.0721  loss: 0.6410  loss_cls: 0.2136  loss_bbox: 0.3030  loss_mask: 0.1243
2026/08/05 14:08:39 - mmengine - INFO - Exp name: rtmdet_ins_busi_20260805_135702
2026/08/05 14:08:39 - mmengine - INFO - Saving checkpoint at 17 epochs
2026/08/05 14:08:41 - mmengine - INFO - Epoch(val)  [17][ 10/116]    eta: 0:00:03  time: 0.0389  data_time: 0.0056  memory: 2108  
2026/08/05 14:08:41 - mmengine - INFO - Epoch(val)  [17][ 20/116]    eta: 0:00:03  time: 0.0380  data_time: 0.0059  memory: 140  
2026/08/05 14:08:42 - mmengine - INFO - Epoch(val)  [17][ 30/116]    eta: 0:00:02  time: 0.0362  data_time: 0.0055  memory: 139  
2026/08/05 14:08:42 - mmengine - INFO - Epoch(val)  [17][ 40/116]    eta: 0:00:02  time: 0.0352  data_time: 0.0053  memory: 157  
2026/08/05 14:08:42 - mmengine - INFO - Epoch(val)  [17][ 50/116]    eta: 0:00:02  time: 0.0340  data_time: 0.0058  memory: 160  
2026/08/05 14:08:43 - mmengine - INFO - Epoch(val)  [17][ 60/116]    eta: 0:00:01  time: 0.0338  data_time: 0.0064  memory: 135  
2026/08/05 14:08:43 - mmengine - INFO - Epoch(val)  [17][ 70/116]    eta: 0:00:01  time: 0.0339  data_time: 0.0064  memory: 149  
2026/08/05 14:08:43 - mmengine - INFO - Epoch(val)  [17][ 80/116]    eta: 0:00:01  time: 0.0346  data_time: 0.0068  memory: 148  
2026/08/05 14:08:44 - mmengine - INFO - Epoch(val)  [17][ 90/116]    eta: 0:00:00  time: 0.0352  data_time: 0.0071  memory: 176  
2026/08/05 14:08:44 - mmengine - INFO - Epoch(val)  [17][100/116]    eta: 0:00:00  time: 0.0354  data_time: 0.0067  memory: 190  
2026/08/05 14:08:45 - mmengine - INFO - Epoch(val)  [17][110/116]    eta: 0:00:00  time: 0.0360  data_time: 0.0062  memory: 157  
2026/08/05 14:08:45 - mmengine - INFO - Evaluating bbox...
2026/08/05 14:08:45 - mmengine - INFO - bbox_mAP_copypaste: 0.577 0.864 0.694 0.000 0.694 0.506
2026/08/05 14:08:45 - mmengine - INFO - Evaluating segm...
2026/08/05 14:08:45 - mmengine - INFO - segm_mAP_copypaste: 0.603 0.853 0.712 0.150 0.730 0.531
2026/08/05 14:08:45 - mmengine - INFO - Epoch(val) [17][116/116]    coco/bbox_mAP: 0.5770  coco/bbox_mAP_50: 0.8640  coco/bbox_mAP_75: 0.6940  coco/bbox_mAP_s: 0.0000  coco/bbox_mAP_m: 0.6940  coco/bbox_mAP_l: 0.5060  coco/segm_mAP: 0.6030  coco/segm_mAP_50: 0.8530  coco/segm_mAP_75: 0.7120  coco/segm_mAP_s: 0.1500  coco/segm_mAP_m: 0.7300  coco/segm_mAP_l: 0.5310  data_time: 0.0061  time: 0.0352
2026/08/05 14:08:45 - mmengine - INFO - The previous best checkpoint d:\mamografi\real_time_segmentasyon\rtmdet\calisma\rtmdet_ins_tiny_512_orta\best_coco_segm_mAP_epoch_16.pth is removed
2026/08/05 14:08:47 - mmengine - INFO - The best checkpoint with 0.6030 coco/segm_mAP at 17 epoch is saved to best_coco_segm_mAP_epoch_17.pth.
2026/08/05 14:08:54 - mmengine - INFO - Epoch(train)  [18][10/68]  base_lr: 1.2500e-04 lr: 1.2500e-04  eta: 0:43:19  time: 0.4540  data_time: 0.1552  memory: 2108  grad_norm: 14.1587  loss: 0.6550  loss_cls: 0.2096  loss_bbox: 0.3175  loss_mask: 0.1279
2026/08/05 14:08:59 - mmengine - INFO - Epoch(train)  [18][20/68]  base_lr: 1.2500e-04 lr: 1.2500e-04  eta: 0:43:14  time: 0.4540  data_time: 0.1534  memory: 2111  grad_norm: 13.7733  loss: 0.6488  loss_cls: 0.2084  loss_bbox: 0.3131  loss_mask: 0.1273
2026/08/05 14:09:03 - mmengine - INFO - Epoch(train)  [18][30/68]  base_lr: 1.2500e-04 lr: 1.2500e-04  eta: 0:43:09  time: 0.4504  data_time: 0.1510  memory: 2101  grad_norm: 12.9520  loss: 0.6370  loss_cls: 0.2075  loss_bbox: 0.3048  loss_mask: 0.1248
2026/08/05 14:09:08 - mmengine - INFO - Epoch(train)  [18][40/68]  base_lr: 1.2500e-04 lr: 1.2500e-04  eta: 0:43:05  time: 0.4540  data_time: 0.1538  memory: 2120  grad_norm: 12.6169  loss: 0.6512  loss_cls: 0.2131  loss_bbox: 0.3085  loss_mask: 0.1296
2026/08/05 14:09:13 - mmengine - INFO - Epoch(train)  [18][50/68]  base_lr: 1.2500e-04 lr: 1.2500e-04  eta: 0:43:03  time: 0.4720  data_time: 0.1613  memory: 2109  grad_norm: 12.8653  loss: 0.6259  loss_cls: 0.2032  loss_bbox: 0.2971  loss_mask: 0.1256
2026/08/05 14:09:18 - mmengine - INFO - Epoch(train)  [18][60/68]  base_lr: 1.2500e-04 lr: 1.2500e-04  eta: 0:43:01  time: 0.4831  data_time: 0.1677  memory: 2117  grad_norm: 13.1465  loss: 0.6293  loss_cls: 0.2079  loss_bbox: 0.2948  loss_mask: 0.1265
2026/08/05 14:09:22 - mmengine - INFO - Exp name: rtmdet_ins_busi_20260805_135702
2026/08/05 14:09:22 - mmengine - INFO - Saving checkpoint at 18 epochs
2026/08/05 14:09:26 - mmengine - INFO - Epoch(val)  [18][ 10/116]    eta: 0:00:04  time: 0.0376  data_time: 0.0062  memory: 2109  
2026/08/05 14:09:26 - mmengine - INFO - Epoch(val)  [18][ 20/116]    eta: 0:00:03  time: 0.0382  data_time: 0.0064  memory: 135  
2026/08/05 14:09:27 - mmengine - INFO - Epoch(val)  [18][ 30/116]    eta: 0:00:03  time: 0.0386  data_time: 0.0064  memory: 151  
2026/08/05 14:09:27 - mmengine - INFO - Epoch(val)  [18][ 40/116]    eta: 0:00:02  time: 0.0390  data_time: 0.0064  memory: 157  
2026/08/05 14:09:27 - mmengine - INFO - Epoch(val)  [18][ 50/116]    eta: 0:00:02  time: 0.0399  data_time: 0.0068  memory: 177  
2026/08/05 14:09:28 - mmengine - INFO - Epoch(val)  [18][ 60/116]    eta: 0:00:02  time: 0.0401  data_time: 0.0070  memory: 197  
2026/08/05 14:09:28 - mmengine - INFO - Epoch(val)  [18][ 70/116]    eta: 0:00:01  time: 0.0406  data_time: 0.0070  memory: 175  
2026/08/05 14:09:29 - mmengine - INFO - Epoch(val)  [18][ 80/116]    eta: 0:00:01  time: 0.0416  data_time: 0.0072  memory: 154  
2026/08/05 14:09:29 - mmengine - INFO - Epoch(val)  [18][ 90/116]    eta: 0:00:01  time: 0.0430  data_time: 0.0077  memory: 163  
2026/08/05 14:09:30 - mmengine - INFO - Epoch(val)  [18][100/116]    eta: 0:00:00  time: 0.0436  data_time: 0.0078  memory: 249  
2026/08/05 14:09:30 - mmengine - INFO - Epoch(val)  [18][110/116]    eta: 0:00:00  time: 0.0439  data_time: 0.0075  memory: 178  
2026/08/05 14:09:30 - mmengine - INFO - Evaluating bbox...
2026/08/05 14:09:30 - mmengine - INFO - bbox_mAP_copypaste: 0.576 0.864 0.706 0.100 0.662 0.526
2026/08/05 14:09:30 - mmengine - INFO - Evaluating segm...
2026/08/05 14:09:31 - mmengine - INFO - segm_mAP_copypaste: 0.585 0.847 0.676 0.150 0.712 0.516
2026/08/05 14:09:31 - mmengine - INFO - Epoch(val) [18][116/116]    coco/bbox_mAP: 0.5760  coco/bbox_mAP_50: 0.8640  coco/bbox_mAP_75: 0.7060  coco/bbox_mAP_s: 0.1000  coco/bbox_mAP_m: 0.6620  coco/bbox_mAP_l: 0.5260  coco/segm_mAP: 0.5850  coco/segm_mAP_50: 0.8470  coco/segm_mAP_75: 0.6760  coco/segm_mAP_s: 0.1500  coco/segm_mAP_m: 0.7120  coco/segm_mAP_l: 0.5160  data_time: 0.0072  time: 0.0420
2026/08/05 14:09:36 - mmengine - INFO - Epoch(train)  [19][10/68]  base_lr: 1.2500e-04 lr: 1.2500e-04  eta: 0:42:57  time: 0.5044  data_time: 0.1714  memory: 2109  grad_norm: 13.0430  loss: 0.6490  loss_cls: 0.2166  loss_bbox: 0.3037  loss_mask: 0.1287
2026/08/05 14:09:42 - mmengine - INFO - Epoch(train)  [19][20/68]  base_lr: 1.2500e-04 lr: 1.2500e-04  eta: 0:42:57  time: 0.5230  data_time: 0.1794  memory: 2120  grad_norm: 13.4348  loss: 0.6453  loss_cls: 0.2129  loss_bbox: 0.3045  loss_mask: 0.1278
2026/08/05 14:09:47 - mmengine - INFO - Epoch(train)  [19][30/68]  base_lr: 1.2500e-04 lr: 1.2500e-04  eta: 0:42:56  time: 0.5315  data_time: 0.1808  memory: 2107  grad_norm: 13.6249  loss: 0.6547  loss_cls: 0.2126  loss_bbox: 0.3118  loss_mask: 0.1304
2026/08/05 14:09:52 - mmengine - INFO - Epoch(train)  [19][40/68]  base_lr: 1.2500e-04 lr: 1.2500e-04  eta: 0:42:54  time: 0.5341  data_time: 0.1779  memory: 2120  grad_norm: 12.9905  loss: 0.6413  loss_cls: 0.2060  loss_bbox: 0.3072  loss_mask: 0.1281
2026/08/05 14:09:58 - mmengine - INFO - Epoch(train)  [19][50/68]  base_lr: 1.2500e-04 lr: 1.2500e-04  eta: 0:42:52  time: 0.5431  data_time: 0.1796  memory: 2100  grad_norm: 12.8908  loss: 0.6294  loss_cls: 0.1983  loss_bbox: 0.3025  loss_mask: 0.1285
2026/08/05 14:10:03 - mmengine - INFO - Epoch(train)  [19][60/68]  base_lr: 1.2500e-04 lr: 1.2500e-04  eta: 0:42:50  time: 0.5386  data_time: 0.1810  memory: 2112  grad_norm: 12.7801  loss: 0.6286  loss_cls: 0.1955  loss_bbox: 0.3043  loss_mask: 0.1287
2026/08/05 14:10:07 - mmengine - INFO - Exp name: rtmdet_ins_busi_20260805_135702
2026/08/05 14:10:07 - mmengine - INFO - Saving checkpoint at 19 epochs
2026/08/05 14:10:10 - mmengine - INFO - Epoch(val)  [19][ 10/116]    eta: 0:00:04  time: 0.0442  data_time: 0.0075  memory: 2107  
2026/08/05 14:10:10 - mmengine - INFO - Epoch(val)  [19][ 20/116]    eta: 0:00:03  time: 0.0426  data_time: 0.0075  memory: 140  
2026/08/05 14:10:11 - mmengine - INFO - Epoch(val)  [19][ 30/116]    eta: 0:00:03  time: 0.0411  data_time: 0.0069  memory: 158  
2026/08/05 14:10:11 - mmengine - INFO - Epoch(val)  [19][ 40/116]    eta: 0:00:02  time: 0.0406  data_time: 0.0066  memory: 155  
2026/08/05 14:10:11 - mmengine - INFO - Epoch(val)  [19][ 50/116]    eta: 0:00:02  time: 0.0397  data_time: 0.0067  memory: 169  
2026/08/05 14:10:12 - mmengine - INFO - Epoch(val)  [19][ 60/116]    eta: 0:00:02  time: 0.0399  data_time: 0.0070  memory: 157  
2026/08/05 14:10:12 - mmengine - INFO - Epoch(val)  [19][ 70/116]    eta: 0:00:01  time: 0.0399  data_time: 0.0069  memory: 187  
2026/08/05 14:10:13 - mmengine - INFO - Epoch(val)  [19][ 80/116]    eta: 0:00:01  time: 0.0416  data_time: 0.0071  memory: 160  
2026/08/05 14:10:13 - mmengine - INFO - Epoch(val)  [19][ 90/116]    eta: 0:00:01  time: 0.0422  data_time: 0.0076  memory: 182  
2026/08/05 14:10:14 - mmengine - INFO - Epoch(val)  [19][100/116]    eta: 0:00:00  time: 0.0427  data_time: 0.0074  memory: 254  
2026/08/05 14:10:14 - mmengine - INFO - Epoch(val)  [19][110/116]    eta: 0:00:00  time: 0.0433  data_time: 0.0071  memory: 177  
2026/08/05 14:10:14 - mmengine - INFO - Evaluating bbox...
2026/08/05 14:10:14 - mmengine - INFO - bbox_mAP_copypaste: 0.582 0.878 0.663 0.204 0.685 0.524
2026/08/05 14:10:14 - mmengine - INFO - Evaluating segm...
2026/08/05 14:10:15 - mmengine - INFO - segm_mAP_copypaste: 0.589 0.848 0.680 0.300 0.719 0.516
2026/08/05 14:10:15 - mmengine - INFO - Epoch(val) [19][116/116]    coco/bbox_mAP: 0.5820  coco/bbox_mAP_50: 0.8780  coco/bbox_mAP_75: 0.6630  coco/bbox_mAP_s: 0.2040  coco/bbox_mAP_m: 0.6850  coco/bbox_mAP_l: 0.5240  coco/segm_mAP: 0.5890  coco/segm_mAP_50: 0.8480  coco/segm_mAP_75: 0.6800  coco/segm_mAP_s: 0.3000  coco/segm_mAP_m: 0.7190  coco/segm_mAP_l: 0.5160  data_time: 0.0071  time: 0.0416
2026/08/05 14:10:20 - mmengine - INFO - Epoch(train)  [20][10/68]  base_lr: 1.2500e-04 lr: 1.2500e-04  eta: 0:42:44  time: 0.5190  data_time: 0.1744  memory: 2109  grad_norm: 12.6596  loss: 0.6292  loss_cls: 0.2042  loss_bbox: 0.2978  loss_mask: 0.1272
2026/08/05 14:10:25 - mmengine - INFO - Epoch(train)  [20][20/68]  base_lr: 1.2500e-04 lr: 1.2500e-04  eta: 0:42:41  time: 0.5150  data_time: 0.1730  memory: 2114  grad_norm: 12.2505  loss: 0.6255  loss_cls: 0.2021  loss_bbox: 0.2973  loss_mask: 0.1261
2026/08/05 14:10:31 - mmengine - INFO - Epoch(train)  [20][30/68]  base_lr: 1.2500e-04 lr: 1.2500e-04  eta: 0:42:43  time: 0.5333  data_time: 0.1989  memory: 2107  grad_norm: 12.3182  loss: 0.6361  loss_cls: 0.2083  loss_bbox: 0.2986  loss_mask: 0.1292
2026/08/05 14:10:38 - mmengine - INFO - Epoch(train)  [20][40/68]  base_lr: 1.2500e-04 lr: 1.2500e-04  eta: 0:42:48  time: 0.5631  data_time: 0.2353  memory: 2116  grad_norm: 12.5014  loss: 0.6276  loss_cls: 0.2056  loss_bbox: 0.2953  loss_mask: 0.1267
2026/08/05 14:10:45 - mmengine - INFO - Epoch(train)  [20][50/68]  base_lr: 1.2500e-04 lr: 1.2500e-04  eta: 0:42:54  time: 0.6173  data_time: 0.2810  memory: 2122  grad_norm: 12.0589  loss: 0.6261  loss_cls: 0.1982  loss_bbox: 0.3018  loss_mask: 0.1261
2026/08/05 14:10:53 - mmengine - INFO - Epoch(train)  [20][60/68]  base_lr: 1.2500e-04 lr: 1.2500e-04  eta: 0:43:01  time: 0.6659  data_time: 0.3305  memory: 2111  grad_norm: 12.4398  loss: 0.6323  loss_cls: 0.2022  loss_bbox: 0.3058  loss_mask: 0.1244
2026/08/05 14:10:59 - mmengine - INFO - Exp name: rtmdet_ins_busi_20260805_135702
2026/08/05 14:10:59 - mmengine - INFO - Saving checkpoint at 20 epochs
2026/08/05 14:11:02 - mmengine - INFO - Epoch(val)  [20][ 10/116]    eta: 0:00:06  time: 0.0470  data_time: 0.0099  memory: 2109  
2026/08/05 14:11:02 - mmengine - INFO - Epoch(val)  [20][ 20/116]    eta: 0:00:04  time: 0.0453  data_time: 0.0098  memory: 144  
2026/08/05 14:11:03 - mmengine - INFO - Epoch(val)  [20][ 30/116]    eta: 0:00:03  time: 0.0438  data_time: 0.0095  memory: 146  
2026/08/05 14:11:03 - mmengine - INFO - Epoch(val)  [20][ 40/116]    eta: 0:00:03  time: 0.0429  data_time: 0.0092  memory: 151  
2026/08/05 14:11:04 - mmengine - INFO - Epoch(val)  [20][ 50/116]    eta: 0:00:02  time: 0.0419  data_time: 0.0092  memory: 171  
2026/08/05 14:11:04 - mmengine - INFO - Epoch(val)  [20][ 60/116]    eta: 0:00:02  time: 0.0380  data_time: 0.0068  memory: 150  
2026/08/05 14:11:04 - mmengine - INFO - Epoch(val)  [20][ 70/116]    eta: 0:00:01  time: 0.0383  data_time: 0.0067  memory: 181  
2026/08/05 14:11:05 - mmengine - INFO - Epoch(val)  [20][ 80/116]    eta: 0:00:01  time: 0.0397  data_time: 0.0069  memory: 165  
2026/08/05 14:11:05 - mmengine - INFO - Epoch(val)  [20][ 90/116]    eta: 0:00:01  time: 0.0412  data_time: 0.0075  memory: 188  
2026/08/05 14:11:06 - mmengine - INFO - Epoch(val)  [20][100/116]    eta: 0:00:00  time: 0.0425  data_time: 0.0075  memory: 252  
2026/08/05 14:11:06 - mmengine - INFO - Epoch(val)  [20][110/116]    eta: 0:00:00  time: 0.0435  data_time: 0.0072  memory: 193  
2026/08/05 14:11:07 - mmengine - INFO - Evaluating bbox...
2026/08/05 14:11:07 - mmengine - INFO - bbox_mAP_copypaste: 0.611 0.871 0.707 0.033 0.730 0.539
2026/08/05 14:11:07 - mmengine - INFO - Evaluating segm...
2026/08/05 14:11:07 - mmengine - INFO - segm_mAP_copypaste: 0.599 0.852 0.690 0.100 0.736 0.521
2026/08/05 14:11:07 - mmengine - INFO - Epoch(val) [20][116/116]    coco/bbox_mAP: 0.6110  coco/bbox_mAP_50: 0.8710  coco/bbox_mAP_75: 0.7070  coco/bbox_mAP_s: 0.0330  coco/bbox_mAP_m: 0.7300  coco/bbox_mAP_l: 0.5390  coco/segm_mAP: 0.5990  coco/segm_mAP_50: 0.8520  coco/segm_mAP_75: 0.6900  coco/segm_mAP_s: 0.1000  coco/segm_mAP_m: 0.7360  coco/segm_mAP_l: 0.5210  data_time: 0.0082  time: 0.0424
2026/08/05 14:11:12 - mmengine - INFO - Epoch(train)  [21][10/68]  base_lr: 1.2500e-04 lr: 1.2500e-04  eta: 0:43:02  time: 0.6878  data_time: 0.3544  memory: 2109  grad_norm: 12.7787  loss: 0.6346  loss_cls: 0.2052  loss_bbox: 0.3051  loss_mask: 0.1243
2026/08/05 14:11:18 - mmengine - INFO - Epoch(train)  [21][20/68]  base_lr: 1.2500e-04 lr: 1.2500e-04  eta: 0:43:00  time: 0.6573  data_time: 0.3214  memory: 2118  grad_norm: 12.7842  loss: 0.6341  loss_cls: 0.2012  loss_bbox: 0.3077  loss_mask: 0.1251
2026/08/05 14:11:25 - mmengine - INFO - Epoch(train)  [21][30/68]  base_lr: 1.2500e-04 lr: 1.2500e-04  eta: 0:43:04  time: 0.6531  data_time: 0.3145  memory: 2110  grad_norm: 12.8221  loss: 0.6228  loss_cls: 0.1957  loss_bbox: 0.3005  loss_mask: 0.1266
2026/08/05 14:11:32 - mmengine - INFO - Epoch(train)  [21][40/68]  base_lr: 1.2500e-04 lr: 1.2500e-04  eta: 0:43:11  time: 0.6587  data_time: 0.3201  memory: 2111  grad_norm: 13.0135  loss: 0.6181  loss_cls: 0.1952  loss_bbox: 0.2957  loss_mask: 0.1272
2026/08/05 14:11:41 - mmengine - INFO - Epoch(train)  [21][50/68]  base_lr: 1.2500e-04 lr: 1.2500e-04  eta: 0:43:20  time: 0.6786  data_time: 0.3311  memory: 2118  grad_norm: 12.8279  loss: 0.6053  loss_cls: 0.1862  loss_bbox: 0.2937  loss_mask: 0.1254
2026/08/05 14:11:50 - mmengine - INFO - Epoch(train)  [21][60/68]  base_lr: 1.2500e-04 lr: 1.2500e-04  eta: 0:43:31  time: 0.7567  data_time: 0.3971  memory: 2104  grad_norm: 12.8217  loss: 0.6123  loss_cls: 0.1907  loss_bbox: 0.2970  loss_mask: 0.1246
2026/08/05 14:11:57 - mmengine - INFO - Exp name: rtmdet_ins_busi_20260805_135702
2026/08/05 14:11:57 - mmengine - INFO - Saving checkpoint at 21 epochs
2026/08/05 14:12:01 - mmengine - INFO - Epoch(val)  [21][ 10/116]    eta: 0:00:10  time: 0.0555  data_time: 0.0171  memory: 2109  
2026/08/05 14:12:02 - mmengine - INFO - Epoch(val)  [21][ 20/116]    eta: 0:00:07  time: 0.0575  data_time: 0.0201  memory: 140  
2026/08/05 14:12:02 - mmengine - INFO - Epoch(val)  [21][ 30/116]    eta: 0:00:06  time: 0.0597  data_time: 0.0237  memory: 140  
2026/08/05 14:12:03 - mmengine - INFO - Epoch(val)  [21][ 40/116]    eta: 0:00:05  time: 0.0672  data_time: 0.0313  memory: 166  
2026/08/05 14:12:04 - mmengine - INFO - Epoch(val)  [21][ 50/116]    eta: 0:00:05  time: 0.0783  data_time: 0.0408  memory: 177  
2026/08/05 14:12:05 - mmengine - INFO - Epoch(val)  [21][ 60/116]    eta: 0:00:04  time: 0.0732  data_time: 0.0369  memory: 170  
2026/08/05 14:12:05 - mmengine - INFO - Epoch(val)  [21][ 70/116]    eta: 0:00:03  time: 0.0746  data_time: 0.0378  memory: 190  
2026/08/05 14:12:07 - mmengine - INFO - Epoch(val)  [21][ 80/116]    eta: 0:00:02  time: 0.0846  data_time: 0.0450  memory: 193  
2026/08/05 14:12:08 - mmengine - INFO - Epoch(val)  [21][ 90/116]    eta: 0:00:02  time: 0.0927  data_time: 0.0530  memory: 194  
2026/08/05 14:12:08 - mmengine - INFO - Epoch(val)  [21][100/116]    eta: 0:00:01  time: 0.0853  data_time: 0.0471  memory: 243  
2026/08/05 14:12:10 - mmengine - INFO - Epoch(val)  [21][110/116]    eta: 0:00:00  time: 0.0945  data_time: 0.0552  memory: 167  
2026/08/05 14:12:10 - mmengine - INFO - Evaluating bbox...
2026/08/05 14:12:10 - mmengine - INFO - bbox_mAP_copypaste: 0.584 0.871 0.688 0.000 0.683 0.526
2026/08/05 14:12:10 - mmengine - INFO - Evaluating segm...
2026/08/05 14:12:11 - mmengine - INFO - segm_mAP_copypaste: 0.607 0.846 0.732 0.300 0.743 0.527
2026/08/05 14:12:11 - mmengine - INFO - Epoch(val) [21][116/116]    coco/bbox_mAP: 0.5840  coco/bbox_mAP_50: 0.8710  coco/bbox_mAP_75: 0.6880  coco/bbox_mAP_s: 0.0000  coco/bbox_mAP_m: 0.6830  coco/bbox_mAP_l: 0.5260  coco/segm_mAP: 0.6070  coco/segm_mAP_50: 0.8460  coco/segm_mAP_75: 0.7320  coco/segm_mAP_s: 0.3000  coco/segm_mAP_m: 0.7430  coco/segm_mAP_l: 0.5270  data_time: 0.0491  time: 0.0870
2026/08/05 14:12:11 - mmengine - INFO - The previous best checkpoint d:\mamografi\real_time_segmentasyon\rtmdet\calisma\rtmdet_ins_tiny_512_orta\best_coco_segm_mAP_epoch_17.pth is removed
2026/08/05 14:12:13 - mmengine - INFO - The best checkpoint with 0.6070 coco/segm_mAP at 21 epoch is saved to best_coco_segm_mAP_epoch_21.pth.
2026/08/05 14:12:23 - mmengine - INFO - Epoch(train)  [22][10/68]  base_lr: 1.2500e-04 lr: 1.2500e-04  eta: 0:43:43  time: 0.8150  data_time: 0.4522  memory: 2111  grad_norm: 13.6099  loss: 0.6169  loss_cls: 0.2034  loss_bbox: 0.2920  loss_mask: 0.1215
2026/08/05 14:12:30 - mmengine - INFO - Epoch(train)  [22][20/68]  base_lr: 1.2500e-04 lr: 1.2500e-04  eta: 0:43:48  time: 0.8195  data_time: 0.4578  memory: 2109  grad_norm: 13.1626  loss: 0.6080  loss_cls: 0.1955  loss_bbox: 0.2916  loss_mask: 0.1209
2026/08/05 14:12:38 - mmengine - INFO - Epoch(train)  [22][30/68]  base_lr: 1.2500e-04 lr: 1.2500e-04  eta: 0:43:52  time: 0.8053  data_time: 0.4490  memory: 2105  grad_norm: 12.9047  loss: 0.6099  loss_cls: 0.1939  loss_bbox: 0.2940  loss_mask: 0.1220
2026/08/05 14:12:45 - mmengine - INFO - Epoch(train)  [22][40/68]  base_lr: 1.2500e-04 lr: 1.2500e-04  eta: 0:43:55  time: 0.7677  data_time: 0.4237  memory: 2117  grad_norm: 12.8522  loss: 0.6033  loss_cls: 0.1897  loss_bbox: 0.2910  loss_mask: 0.1226
2026/08/05 14:12:51 - mmengine - INFO - Epoch(train)  [22][50/68]  base_lr: 1.2500e-04 lr: 1.2500e-04  eta: 0:43:54  time: 0.6921  data_time: 0.3574  memory: 2110  grad_norm: 13.2810  loss: 0.5925  loss_cls: 0.1829  loss_bbox: 0.2876  loss_mask: 0.1220
2026/08/05 14:12:57 - mmengine - INFO - Epoch(train)  [22][60/68]  base_lr: 1.2500e-04 lr: 1.2500e-04  eta: 0:43:53  time: 0.6827  data_time: 0.3502  memory: 2113  grad_norm: 12.8969  loss: 0.5875  loss_cls: 0.1788  loss_bbox: 0.2869  loss_mask: 0.1218
2026/08/05 14:13:02 - mmengine - INFO - Exp name: rtmdet_ins_busi_20260805_135702
2026/08/05 14:13:02 - mmengine - INFO - Saving checkpoint at 22 epochs
2026/08/05 14:13:05 - mmengine - INFO - Epoch(val)  [22][ 10/116]    eta: 0:00:03  time: 0.0897  data_time: 0.0521  memory: 2132  
2026/08/05 14:13:05 - mmengine - INFO - Epoch(val)  [22][ 20/116]    eta: 0:00:03  time: 0.0722  data_time: 0.0366  memory: 135  
2026/08/05 14:13:06 - mmengine - INFO - Epoch(val)  [22][ 30/116]    eta: 0:00:03  time: 0.0676  data_time: 0.0337  memory: 136  
2026/08/05 14:13:06 - mmengine - INFO - Epoch(val)  [22][ 40/116]    eta: 0:00:02  time: 0.0527  data_time: 0.0197  memory: 143  
2026/08/05 14:13:07 - mmengine - INFO - Epoch(val)  [22][ 50/116]    eta: 0:00:02  time: 0.0416  data_time: 0.0070  memory: 177  
2026/08/05 14:13:07 - mmengine - INFO - Epoch(val)  [22][ 60/116]    eta: 0:00:02  time: 0.0447  data_time: 0.0077  memory: 153  
2026/08/05 14:13:08 - mmengine - INFO - Epoch(val)  [22][ 70/116]    eta: 0:00:02  time: 0.0476  data_time: 0.0080  memory: 184  
2026/08/05 14:13:08 - mmengine - INFO - Epoch(val)  [22][ 80/116]    eta: 0:00:01  time: 0.0522  data_time: 0.0086  memory: 152  
2026/08/05 14:13:09 - mmengine - INFO - Epoch(val)  [22][ 90/116]    eta: 0:00:01  time: 0.0549  data_time: 0.0090  memory: 182  
2026/08/05 14:13:09 - mmengine - INFO - Epoch(val)  [22][100/116]    eta: 0:00:00  time: 0.0544  data_time: 0.0088  memory: 213  
2026/08/05 14:13:10 - mmengine - INFO - Epoch(val)  [22][110/116]    eta: 0:00:00  time: 0.0528  data_time: 0.0082  memory: 178  
2026/08/05 14:13:10 - mmengine - INFO - Evaluating bbox...
2026/08/05 14:13:10 - mmengine - INFO - bbox_mAP_copypaste: 0.591 0.874 0.686 0.050 0.705 0.521
2026/08/05 14:13:10 - mmengine - INFO - Evaluating segm...
2026/08/05 14:13:10 - mmengine - INFO - segm_mAP_copypaste: 0.611 0.865 0.726 0.150 0.734 0.539
2026/08/05 14:13:10 - mmengine - INFO - Epoch(val) [22][116/116]    coco/bbox_mAP: 0.5910  coco/bbox_mAP_50: 0.8740  coco/bbox_mAP_75: 0.6860  coco/bbox_mAP_s: 0.0500  coco/bbox_mAP_m: 0.7050  coco/bbox_mAP_l: 0.5210  coco/segm_mAP: 0.6110  coco/segm_mAP_50: 0.8650  coco/segm_mAP_75: 0.7260  coco/segm_mAP_s: 0.1500  coco/segm_mAP_m: 0.7340  coco/segm_mAP_l: 0.5390  data_time: 0.0079  time: 0.0473
2026/08/05 14:13:10 - mmengine - INFO - The previous best checkpoint d:\mamografi\real_time_segmentasyon\rtmdet\calisma\rtmdet_ins_tiny_512_orta\best_coco_segm_mAP_epoch_21.pth is removed
2026/08/05 14:13:12 - mmengine - INFO - The best checkpoint with 0.6110 coco/segm_mAP at 22 epoch is saved to best_coco_segm_mAP_epoch_22.pth.
2026/08/05 14:13:20 - mmengine - INFO - Epoch(train)  [23][10/68]  base_lr: 1.2500e-04 lr: 1.2500e-04  eta: 0:43:49  time: 0.6158  data_time: 0.2749  memory: 2108  grad_norm: 13.8064  loss: 0.5929  loss_cls: 0.1863  loss_bbox: 0.2867  loss_mask: 0.1199
2026/08/05 14:13:25 - mmengine - INFO - Epoch(train)  [23][20/68]  base_lr: 1.2500e-04 lr: 1.2500e-04  eta: 0:43:44  time: 0.5661  data_time: 0.2265  memory: 2117  grad_norm: 13.6521  loss: 0.5838  loss_cls: 0.1837  loss_bbox: 0.2835  loss_mask: 0.1166
2026/08/05 14:13:29 - mmengine - INFO - Epoch(train)  [23][30/68]  base_lr: 1.2500e-04 lr: 1.2500e-04  eta: 0:43:37  time: 0.5390  data_time: 0.2071  memory: 2110  grad_norm: 13.2678  loss: 0.5905  loss_cls: 0.1834  loss_bbox: 0.2890  loss_mask: 0.1181
2026/08/05 14:13:34 - mmengine - INFO - Epoch(train)  [23][40/68]  base_lr: 1.2500e-04 lr: 1.2500e-04  eta: 0:43:30  time: 0.5069  data_time: 0.1851  memory: 2110  grad_norm: 13.3431  loss: 0.5912  loss_cls: 0.1845  loss_bbox: 0.2897  loss_mask: 0.1169
2026/08/05 14:13:38 - mmengine - INFO - Epoch(train)  [23][50/68]  base_lr: 1.2500e-04 lr: 1.2500e-04  eta: 0:43:24  time: 0.4725  data_time: 0.1634  memory: 2110  grad_norm: 13.4292  loss: 0.6116  loss_cls: 0.1993  loss_bbox: 0.2923  loss_mask: 0.1200
2026/08/05 14:13:43 - mmengine - INFO - Epoch(train)  [23][60/68]  base_lr: 1.2500e-04 lr: 1.2500e-04  eta: 0:43:18  time: 0.4615  data_time: 0.1655  memory: 2117  grad_norm: 12.8649  loss: 0.6170  loss_cls: 0.1988  loss_bbox: 0.2973  loss_mask: 0.1209
2026/08/05 14:13:46 - mmengine - INFO - Exp name: rtmdet_ins_busi_20260805_135702
2026/08/05 14:13:46 - mmengine - INFO - Saving checkpoint at 23 epochs
2026/08/05 14:13:49 - mmengine - INFO - Epoch(val)  [23][ 10/116]    eta: 0:00:04  time: 0.0491  data_time: 0.0083  memory: 2109  
2026/08/05 14:13:50 - mmengine - INFO - Epoch(val)  [23][ 20/116]    eta: 0:00:03  time: 0.0447  data_time: 0.0077  memory: 140  
2026/08/05 14:13:50 - mmengine - INFO - Epoch(val)  [23][ 30/116]    eta: 0:00:03  time: 0.0413  data_time: 0.0074  memory: 146  
2026/08/05 14:13:50 - mmengine - INFO - Epoch(val)  [23][ 40/116]    eta: 0:00:02  time: 0.0397  data_time: 0.0071  memory: 146  
2026/08/05 14:13:51 - mmengine - INFO - Epoch(val)  [23][ 50/116]    eta: 0:00:02  time: 0.0388  data_time: 0.0070  memory: 142  
2026/08/05 14:13:51 - mmengine - INFO - Epoch(val)  [23][ 60/116]    eta: 0:00:02  time: 0.0384  data_time: 0.0071  memory: 157  
2026/08/05 14:13:52 - mmengine - INFO - Epoch(val)  [23][ 70/116]    eta: 0:00:01  time: 0.0391  data_time: 0.0071  memory: 197  
2026/08/05 14:13:52 - mmengine - INFO - Epoch(val)  [23][ 80/116]    eta: 0:00:01  time: 0.0394  data_time: 0.0071  memory: 160  
2026/08/05 14:13:52 - mmengine - INFO - Epoch(val)  [23][ 90/116]    eta: 0:00:01  time: 0.0396  data_time: 0.0073  memory: 176  
2026/08/05 14:13:53 - mmengine - INFO - Epoch(val)  [23][100/116]    eta: 0:00:00  time: 0.0390  data_time: 0.0071  memory: 204  
2026/08/05 14:13:53 - mmengine - INFO - Epoch(val)  [23][110/116]    eta: 0:00:00  time: 0.0387  data_time: 0.0067  memory: 163  
2026/08/05 14:13:53 - mmengine - INFO - Evaluating bbox...
2026/08/05 14:13:54 - mmengine - INFO - bbox_mAP_copypaste: 0.618 0.883 0.720 0.100 0.727 0.558
2026/08/05 14:13:54 - mmengine - INFO - Evaluating segm...
2026/08/05 14:13:54 - mmengine - INFO - segm_mAP_copypaste: 0.611 0.855 0.710 0.300 0.756 0.535
2026/08/05 14:13:54 - mmengine - INFO - Epoch(val) [23][116/116]    coco/bbox_mAP: 0.6180  coco/bbox_mAP_50: 0.8830  coco/bbox_mAP_75: 0.7200  coco/bbox_mAP_s: 0.1000  coco/bbox_mAP_m: 0.7270  coco/bbox_mAP_l: 0.5580  coco/segm_mAP: 0.6110  coco/segm_mAP_50: 0.8550  coco/segm_mAP_75: 0.7100  coco/segm_mAP_s: 0.3000  coco/segm_mAP_m: 0.7560  coco/segm_mAP_l: 0.5350  data_time: 0.0070  time: 0.0390
2026/08/05 14:13:58 - mmengine - INFO - Epoch(train)  [24][10/68]  base_lr: 1.2500e-04 lr: 1.2500e-04  eta: 0:43:06  time: 0.4522  data_time: 0.1605  memory: 2111  grad_norm: 12.9382  loss: 0.6014  loss_cls: 0.1946  loss_bbox: 0.2902  loss_mask: 0.1165
2026/08/05 14:14:03 - mmengine - INFO - Epoch(train)  [24][20/68]  base_lr: 1.2500e-04 lr: 1.2500e-04  eta: 0:43:00  time: 0.4553  data_time: 0.1601  memory: 2111  grad_norm: 12.8329  loss: 0.5856  loss_cls: 0.1799  loss_bbox: 0.2878  loss_mask: 0.1179
2026/08/05 14:14:08 - mmengine - INFO - Epoch(train)  [24][30/68]  base_lr: 1.2500e-04 lr: 1.2500e-04  eta: 0:42:54  time: 0.4562  data_time: 0.1607  memory: 2110  grad_norm: 12.3513  loss: 0.5777  loss_cls: 0.1681  loss_bbox: 0.2887  loss_mask: 0.1209
2026/08/05 14:14:12 - mmengine - INFO - Epoch(train)  [24][40/68]  base_lr: 1.2500e-04 lr: 1.2500e-04  eta: 0:42:48  time: 0.4548  data_time: 0.1599  memory: 2113  grad_norm: 12.5524  loss: 0.5675  loss_cls: 0.1601  loss_bbox: 0.2885  loss_mask: 0.1189
2026/08/05 14:14:17 - mmengine - INFO - Epoch(train)  [24][50/68]  base_lr: 1.2500e-04 lr: 1.2500e-04  eta: 0:42:43  time: 0.4677  data_time: 0.1706  memory: 2110  grad_norm: 12.2279  loss: 0.5625  loss_cls: 0.1556  loss_bbox: 0.2873  loss_mask: 0.1197
2026/08/05 14:14:22 - mmengine - INFO - Epoch(train)  [24][60/68]  base_lr: 1.2500e-04 lr: 1.2500e-04  eta: 0:42:37  time: 0.4675  data_time: 0.1713  memory: 2110  grad_norm: 12.2725  loss: 0.5652  loss_cls: 0.1569  loss_bbox: 0.2878  loss_mask: 0.1205
2026/08/05 14:14:25 - mmengine - INFO - Exp name: rtmdet_ins_busi_20260805_135702
2026/08/05 14:14:25 - mmengine - INFO - Saving checkpoint at 24 epochs
2026/08/05 14:14:28 - mmengine - INFO - Epoch(val)  [24][ 10/116]    eta: 0:00:03  time: 0.0382  data_time: 0.0068  memory: 2110  
2026/08/05 14:14:28 - mmengine - INFO - Epoch(val)  [24][ 20/116]    eta: 0:00:03  time: 0.0372  data_time: 0.0068  memory: 135  
2026/08/05 14:14:28 - mmengine - INFO - Epoch(val)  [24][ 30/116]    eta: 0:00:02  time: 0.0360  data_time: 0.0063  memory: 133  
2026/08/05 14:14:29 - mmengine - INFO - Epoch(val)  [24][ 40/116]    eta: 0:00:02  time: 0.0356  data_time: 0.0062  memory: 136  
2026/08/05 14:14:29 - mmengine - INFO - Epoch(val)  [24][ 50/116]    eta: 0:00:02  time: 0.0339  data_time: 0.0063  memory: 142  
2026/08/05 14:14:30 - mmengine - INFO - Epoch(val)  [24][ 60/116]    eta: 0:00:01  time: 0.0343  data_time: 0.0066  memory: 144  
2026/08/05 14:14:30 - mmengine - INFO - Epoch(val)  [24][ 70/116]    eta: 0:00:01  time: 0.0346  data_time: 0.0066  memory: 149  
2026/08/05 14:14:30 - mmengine - INFO - Epoch(val)  [24][ 80/116]    eta: 0:00:01  time: 0.0354  data_time: 0.0068  memory: 141  
2026/08/05 14:14:31 - mmengine - INFO - Epoch(val)  [24][ 90/116]    eta: 0:00:00  time: 0.0360  data_time: 0.0072  memory: 194  
2026/08/05 14:14:31 - mmengine - INFO - Epoch(val)  [24][100/116]    eta: 0:00:00  time: 0.0366  data_time: 0.0071  memory: 152  
2026/08/05 14:14:31 - mmengine - INFO - Epoch(val)  [24][110/116]    eta: 0:00:00  time: 0.0364  data_time: 0.0069  memory: 134  
2026/08/05 14:14:32 - mmengine - INFO - Evaluating bbox...
2026/08/05 14:14:32 - mmengine - INFO - bbox_mAP_copypaste: 0.606 0.880 0.722 0.200 0.721 0.544
2026/08/05 14:14:32 - mmengine - INFO - Evaluating segm...
2026/08/05 14:14:32 - mmengine - INFO - segm_mAP_copypaste: 0.623 0.850 0.743 0.300 0.759 0.550
2026/08/05 14:14:32 - mmengine - INFO - Epoch(val) [24][116/116]    coco/bbox_mAP: 0.6060  coco/bbox_mAP_50: 0.8800  coco/bbox_mAP_75: 0.7220  coco/bbox_mAP_s: 0.2000  coco/bbox_mAP_m: 0.7210  coco/bbox_mAP_l: 0.5440  coco/segm_mAP: 0.6230  coco/segm_mAP_50: 0.8500  coco/segm_mAP_75: 0.7430  coco/segm_mAP_s: 0.3000  coco/segm_mAP_m: 0.7590  coco/segm_mAP_l: 0.5500  data_time: 0.0067  time: 0.0354
2026/08/05 14:14:32 - mmengine - INFO - The previous best checkpoint d:\mamografi\real_time_segmentasyon\rtmdet\calisma\rtmdet_ins_tiny_512_orta\best_coco_segm_mAP_epoch_22.pth is removed
2026/08/05 14:14:34 - mmengine - INFO - The best checkpoint with 0.6230 coco/segm_mAP at 24 epoch is saved to best_coco_segm_mAP_epoch_24.pth.
2026/08/05 14:14:41 - mmengine - INFO - Epoch(train)  [25][10/68]  base_lr: 1.2500e-04 lr: 1.2500e-04  eta: 0:42:27  time: 0.4681  data_time: 0.1722  memory: 2118  grad_norm: 12.2924  loss: 0.5674  loss_cls: 0.1545  loss_bbox: 0.2948  loss_mask: 0.1181
2026/08/05 14:14:46 - mmengine - INFO - Epoch(train)  [25][20/68]  base_lr: 1.2500e-04 lr: 1.2500e-04  eta: 0:42:21  time: 0.4684  data_time: 0.1698  memory: 2112  grad_norm: 12.2806  loss: 0.5550  loss_cls: 0.1501  loss_bbox: 0.2897  loss_mask: 0.1151
2026/08/05 14:14:51 - mmengine - INFO - Epoch(train)  [25][30/68]  base_lr: 1.2500e-04 lr: 1.2500e-04  eta: 0:42:14  time: 0.4631  data_time: 0.1618  memory: 2109  grad_norm: 12.9539  loss: 0.5773  loss_cls: 0.1601  loss_bbox: 0.2975  loss_mask: 0.1197
2026/08/05 14:14:55 - mmengine - INFO - Epoch(train)  [25][40/68]  base_lr: 1.2500e-04 lr: 1.2500e-04  eta: 0:42:09  time: 0.4658  data_time: 0.1649  memory: 2110  grad_norm: 12.9988  loss: 0.5719  loss_cls: 0.1587  loss_bbox: 0.2933  loss_mask: 0.1199
2026/08/05 14:15:00 - mmengine - INFO - Epoch(train)  [25][50/68]  base_lr: 1.2500e-04 lr: 1.2500e-04  eta: 0:42:03  time: 0.4744  data_time: 0.1704  memory: 2122  grad_norm: 13.3074  loss: 0.5698  loss_cls: 0.1617  loss_bbox: 0.2891  loss_mask: 0.1190
2026/08/05 14:15:05 - mmengine - INFO - Epoch(train)  [25][60/68]  base_lr: 1.2500e-04 lr: 1.2500e-04  eta: 0:41:58  time: 0.4658  data_time: 0.1652  memory: 2115  grad_norm: 13.5035  loss: 0.5759  loss_cls: 0.1645  loss_bbox: 0.2902  loss_mask: 0.1212
2026/08/05 14:15:08 - mmengine - INFO - Exp name: rtmdet_ins_busi_20260805_135702
2026/08/05 14:15:08 - mmengine - INFO - Saving checkpoint at 25 epochs
2026/08/05 14:15:11 - mmengine - INFO - Epoch(val)  [25][ 10/116]    eta: 0:00:03  time: 0.0372  data_time: 0.0069  memory: 2100  
2026/08/05 14:15:11 - mmengine - INFO - Epoch(val)  [25][ 20/116]    eta: 0:00:03  time: 0.0366  data_time: 0.0070  memory: 135  
2026/08/05 14:15:12 - mmengine - INFO - Epoch(val)  [25][ 30/116]    eta: 0:00:02  time: 0.0356  data_time: 0.0066  memory: 126  
2026/08/05 14:15:12 - mmengine - INFO - Epoch(val)  [25][ 40/116]    eta: 0:00:02  time: 0.0353  data_time: 0.0063  memory: 132  
2026/08/05 14:15:12 - mmengine - INFO - Epoch(val)  [25][ 50/116]    eta: 0:00:02  time: 0.0352  data_time: 0.0065  memory: 150  
2026/08/05 14:15:13 - mmengine - INFO - Epoch(val)  [25][ 60/116]    eta: 0:00:01  time: 0.0351  data_time: 0.0069  memory: 157  
2026/08/05 14:15:13 - mmengine - INFO - Epoch(val)  [25][ 70/116]    eta: 0:00:01  time: 0.0349  data_time: 0.0066  memory: 156  
2026/08/05 14:15:13 - mmengine - INFO - Epoch(val)  [25][ 80/116]    eta: 0:00:01  time: 0.0357  data_time: 0.0069  memory: 140  
2026/08/05 14:15:14 - mmengine - INFO - Epoch(val)  [25][ 90/116]    eta: 0:00:00  time: 0.0362  data_time: 0.0069  memory: 158  
2026/08/05 14:15:14 - mmengine - INFO - Epoch(val)  [25][100/116]    eta: 0:00:00  time: 0.0367  data_time: 0.0068  memory: 181  
2026/08/05 14:15:15 - mmengine - INFO - Epoch(val)  [25][110/116]    eta: 0:00:00  time: 0.0377  data_time: 0.0067  memory: 153  
2026/08/05 14:15:15 - mmengine - INFO - Evaluating bbox...
2026/08/05 14:15:15 - mmengine - INFO - bbox_mAP_copypaste: 0.608 0.882 0.696 0.100 0.714 0.549
2026/08/05 14:15:15 - mmengine - INFO - Evaluating segm...
2026/08/05 14:15:15 - mmengine - INFO - segm_mAP_copypaste: 0.595 0.856 0.681 0.150 0.726 0.528
2026/08/05 14:15:15 - mmengine - INFO - Epoch(val) [25][116/116]    coco/bbox_mAP: 0.6080  coco/bbox_mAP_50: 0.8820  coco/bbox_mAP_75: 0.6960  coco/bbox_mAP_s: 0.1000  coco/bbox_mAP_m: 0.7140  coco/bbox_mAP_l: 0.5490  coco/segm_mAP: 0.5950  coco/segm_mAP_50: 0.8560  coco/segm_mAP_75: 0.6810  coco/segm_mAP_s: 0.1500  coco/segm_mAP_m: 0.7260  coco/segm_mAP_l: 0.5280  data_time: 0.0068  time: 0.0366
2026/08/05 14:15:20 - mmengine - INFO - Epoch(train)  [26][10/68]  base_lr: 1.2500e-04 lr: 1.2500e-04  eta: 0:41:46  time: 0.4556  data_time: 0.1595  memory: 2112  grad_norm: 14.4588  loss: 0.5754  loss_cls: 0.1736  loss_bbox: 0.2830  loss_mask: 0.1188
2026/08/05 14:15:24 - mmengine - INFO - Epoch(train)  [26][20/68]  base_lr: 1.2500e-04 lr: 1.2500e-04  eta: 0:41:40  time: 0.4530  data_time: 0.1600  memory: 2111  grad_norm: 14.7449  loss: 0.5696  loss_cls: 0.1726  loss_bbox: 0.2783  loss_mask: 0.1187
2026/08/05 14:15:29 - mmengine - INFO - Epoch(train)  [26][30/68]  base_lr: 1.2500e-04 lr: 1.2500e-04  eta: 0:41:34  time: 0.4543  data_time: 0.1581  memory: 2110  grad_norm: 14.3219  loss: 0.5577  loss_cls: 0.1630  loss_bbox: 0.2768  loss_mask: 0.1179
2026/08/05 14:15:33 - mmengine - INFO - Epoch(train)  [26][40/68]  base_lr: 1.2500e-04 lr: 1.2500e-04  eta: 0:41:28  time: 0.4525  data_time: 0.1575  memory: 2119  grad_norm: 14.4692  loss: 0.5661  loss_cls: 0.1725  loss_bbox: 0.2762  loss_mask: 0.1174
2026/08/05 14:15:38 - mmengine - INFO - Epoch(train)  [26][50/68]  base_lr: 1.2500e-04 lr: 1.2500e-04  eta: 0:41:23  time: 0.4613  data_time: 0.1634  memory: 2119  grad_norm: 13.6091  loss: 0.5429  loss_cls: 0.1576  loss_bbox: 0.2704  loss_mask: 0.1150
2026/08/05 14:15:43 - mmengine - INFO - Epoch(train)  [26][60/68]  base_lr: 1.2500e-04 lr: 1.2500e-04  eta: 0:41:18  time: 0.4703  data_time: 0.1696  memory: 2121  grad_norm: 12.7892  loss: 0.5409  loss_cls: 0.1523  loss_bbox: 0.2748  loss_mask: 0.1139
2026/08/05 14:15:47 - mmengine - INFO - Exp name: rtmdet_ins_busi_20260805_135702
2026/08/05 14:15:47 - mmengine - INFO - Saving checkpoint at 26 epochs
2026/08/05 14:15:50 - mmengine - INFO - Epoch(val)  [26][ 10/116]    eta: 0:00:03  time: 0.0382  data_time: 0.0069  memory: 2110  
2026/08/05 14:15:50 - mmengine - INFO - Epoch(val)  [26][ 20/116]    eta: 0:00:03  time: 0.0374  data_time: 0.0069  memory: 119  
2026/08/05 14:15:50 - mmengine - INFO - Epoch(val)  [26][ 30/116]    eta: 0:00:02  time: 0.0357  data_time: 0.0066  memory: 120  
2026/08/05 14:15:51 - mmengine - INFO - Epoch(val)  [26][ 40/116]    eta: 0:00:02  time: 0.0348  data_time: 0.0062  memory: 146  
2026/08/05 14:15:51 - mmengine - INFO - Epoch(val)  [26][ 50/116]    eta: 0:00:02  time: 0.0336  data_time: 0.0063  memory: 135  
2026/08/05 14:15:51 - mmengine - INFO - Epoch(val)  [26][ 60/116]    eta: 0:00:01  time: 0.0337  data_time: 0.0065  memory: 167  
2026/08/05 14:15:52 - mmengine - INFO - Epoch(val)  [26][ 70/116]    eta: 0:00:01  time: 0.0344  data_time: 0.0067  memory: 153  
2026/08/05 14:15:52 - mmengine - INFO - Epoch(val)  [26][ 80/116]    eta: 0:00:01  time: 0.0371  data_time: 0.0073  memory: 152  
2026/08/05 14:15:53 - mmengine - INFO - Epoch(val)  [26][ 90/116]    eta: 0:00:00  time: 0.0398  data_time: 0.0081  memory: 194  
2026/08/05 14:15:53 - mmengine - INFO - Epoch(val)  [26][100/116]    eta: 0:00:00  time: 0.0421  data_time: 0.0085  memory: 169  
2026/08/05 14:15:54 - mmengine - INFO - Epoch(val)  [26][110/116]    eta: 0:00:00  time: 0.0444  data_time: 0.0085  memory: 157  
2026/08/05 14:15:54 - mmengine - INFO - Evaluating bbox...
2026/08/05 14:15:54 - mmengine - INFO - bbox_mAP_copypaste: 0.595 0.878 0.633 0.150 0.697 0.540
2026/08/05 14:15:54 - mmengine - INFO - Evaluating segm...
2026/08/05 14:15:54 - mmengine - INFO - segm_mAP_copypaste: 0.603 0.863 0.709 0.150 0.737 0.531
2026/08/05 14:15:54 - mmengine - INFO - Epoch(val) [26][116/116]    coco/bbox_mAP: 0.5950  coco/bbox_mAP_50: 0.8780  coco/bbox_mAP_75: 0.6330  coco/bbox_mAP_s: 0.1500  coco/bbox_mAP_m: 0.6970  coco/bbox_mAP_l: 0.5400  coco/segm_mAP: 0.6030  coco/segm_mAP_50: 0.8630  coco/segm_mAP_75: 0.7090  coco/segm_mAP_s: 0.1500  coco/segm_mAP_m: 0.7370  coco/segm_mAP_l: 0.5310  data_time: 0.0075  time: 0.0394
2026/08/05 14:15:59 - mmengine - INFO - Epoch(train)  [27][10/68]  base_lr: 1.2500e-04 lr: 1.2500e-04  eta: 0:41:09  time: 0.4784  data_time: 0.1720  memory: 2130  grad_norm: 12.7128  loss: 0.5626  loss_cls: 0.1597  loss_bbox: 0.2881  loss_mask: 0.1148
2026/08/05 14:16:04 - mmengine - INFO - Epoch(train)  [27][20/68]  base_lr: 1.2500e-04 lr: 1.2500e-04  eta: 0:41:04  time: 0.4831  data_time: 0.1761  memory: 2110  grad_norm: 12.8115  loss: 0.5564  loss_cls: 0.1540  loss_bbox: 0.2882  loss_mask: 0.1142
2026/08/05 14:16:08 - mmengine - INFO - Epoch(train)  [27][30/68]  base_lr: 1.2500e-04 lr: 1.2500e-04  eta: 0:40:57  time: 0.4750  data_time: 0.1704  memory: 2110  grad_norm: 13.3449  loss: 0.5570  loss_cls: 0.1514  loss_bbox: 0.2912  loss_mask: 0.1144
2026/08/05 14:16:13 - mmengine - INFO - Epoch(train)  [27][40/68]  base_lr: 1.2500e-04 lr: 1.2500e-04  eta: 0:40:51  time: 0.4726  data_time: 0.1685  memory: 2111  grad_norm: 13.2560  loss: 0.5444  loss_cls: 0.1475  loss_bbox: 0.2831  loss_mask: 0.1137
2026/08/05 14:16:18 - mmengine - INFO - Epoch(train)  [27][50/68]  base_lr: 1.2500e-04 lr: 1.2500e-04  eta: 0:40:45  time: 0.4727  data_time: 0.1671  memory: 2112  grad_norm: 13.0234  loss: 0.5419  loss_cls: 0.1539  loss_bbox: 0.2736  loss_mask: 0.1144
2026/08/05 14:16:23 - mmengine - INFO - Epoch(train)  [27][60/68]  base_lr: 1.2500e-04 lr: 1.2500e-04  eta: 0:40:41  time: 0.4686  data_time: 0.1622  memory: 2109  grad_norm: 12.8375  loss: 0.5397  loss_cls: 0.1558  loss_bbox: 0.2701  loss_mask: 0.1138
2026/08/05 14:16:27 - mmengine - INFO - Exp name: rtmdet_ins_busi_20260805_135702
2026/08/05 14:16:27 - mmengine - INFO - Saving checkpoint at 27 epochs
2026/08/05 14:16:30 - mmengine - INFO - Epoch(val)  [27][ 10/116]    eta: 0:00:04  time: 0.0463  data_time: 0.0086  memory: 2111  
2026/08/05 14:16:30 - mmengine - INFO - Epoch(val)  [27][ 20/116]    eta: 0:00:03  time: 0.0437  data_time: 0.0084  memory: 119  
2026/08/05 14:16:30 - mmengine - INFO - Epoch(val)  [27][ 30/116]    eta: 0:00:03  time: 0.0414  data_time: 0.0075  memory: 120  
2026/08/05 14:16:31 - mmengine - INFO - Epoch(val)  [27][ 40/116]    eta: 0:00:02  time: 0.0395  data_time: 0.0072  memory: 143  
2026/08/05 14:16:31 - mmengine - INFO - Epoch(val)  [27][ 50/116]    eta: 0:00:02  time: 0.0364  data_time: 0.0068  memory: 136  
2026/08/05 14:16:31 - mmengine - INFO - Epoch(val)  [27][ 60/116]    eta: 0:00:02  time: 0.0361  data_time: 0.0070  memory: 126  
2026/08/05 14:16:32 - mmengine - INFO - Epoch(val)  [27][ 70/116]    eta: 0:00:01  time: 0.0367  data_time: 0.0070  memory: 136  
2026/08/05 14:16:32 - mmengine - INFO - Epoch(val)  [27][ 80/116]    eta: 0:00:01  time: 0.0376  data_time: 0.0070  memory: 147  
2026/08/05 14:16:33 - mmengine - INFO - Epoch(val)  [27][ 90/116]    eta: 0:00:00  time: 0.0385  data_time: 0.0075  memory: 151  
2026/08/05 14:16:33 - mmengine - INFO - Epoch(val)  [27][100/116]    eta: 0:00:00  time: 0.0385  data_time: 0.0072  memory: 155  
2026/08/05 14:16:33 - mmengine - INFO - Epoch(val)  [27][110/116]    eta: 0:00:00  time: 0.0386  data_time: 0.0069  memory: 127  
2026/08/05 14:16:34 - mmengine - INFO - Evaluating bbox...
2026/08/05 14:16:34 - mmengine - INFO - bbox_mAP_copypaste: 0.595 0.870 0.707 0.100 0.733 0.528
2026/08/05 14:16:34 - mmengine - INFO - Evaluating segm...
2026/08/05 14:16:34 - mmengine - INFO - segm_mAP_copypaste: 0.589 0.837 0.707 0.150 0.744 0.512
2026/08/05 14:16:34 - mmengine - INFO - Epoch(val) [27][116/116]    coco/bbox_mAP: 0.5950  coco/bbox_mAP_50: 0.8700  coco/bbox_mAP_75: 0.7070  coco/bbox_mAP_s: 0.1000  coco/bbox_mAP_m: 0.7330  coco/bbox_mAP_l: 0.5280  coco/segm_mAP: 0.5890  coco/segm_mAP_50: 0.8370  coco/segm_mAP_75: 0.7070  coco/segm_mAP_s: 0.1500  coco/segm_mAP_m: 0.7440  coco/segm_mAP_l: 0.5120  data_time: 0.0071  time: 0.0378
2026/08/05 14:16:39 - mmengine - INFO - Epoch(train)  [28][10/68]  base_lr: 1.2500e-04 lr: 1.2500e-04  eta: 0:40:32  time: 0.4791  data_time: 0.1697  memory: 2110  grad_norm: 12.4342  loss: 0.5491  loss_cls: 0.1643  loss_bbox: 0.2684  loss_mask: 0.1165
2026/08/05 14:16:44 - mmengine - INFO - Epoch(train)  [28][20/68]  base_lr: 1.2500e-04 lr: 1.2500e-04  eta: 0:40:27  time: 0.4855  data_time: 0.1726  memory: 2124  grad_norm: 11.6664  loss: 0.5477  loss_cls: 0.1608  loss_bbox: 0.2696  loss_mask: 0.1174
2026/08/05 14:16:49 - mmengine - INFO - Epoch(train)  [28][30/68]  base_lr: 1.2500e-04 lr: 1.2500e-04  eta: 0:40:23  time: 0.4982  data_time: 0.1816  memory: 2110  grad_norm: 11.6812  loss: 0.5480  loss_cls: 0.1570  loss_bbox: 0.2745  loss_mask: 0.1165
2026/08/05 14:16:54 - mmengine - INFO - Epoch(train)  [28][40/68]  base_lr: 1.2500e-04 lr: 1.2500e-04  eta: 0:40:18  time: 0.4955  data_time: 0.1787  memory: 2109  grad_norm: 11.7288  loss: 0.5513  loss_cls: 0.1573  loss_bbox: 0.2760  loss_mask: 0.1180
2026/08/05 14:16:59 - mmengine - INFO - Epoch(train)  [28][50/68]  base_lr: 1.2500e-04 lr: 1.2500e-04  eta: 0:40:13  time: 0.4947  data_time: 0.1730  memory: 2108  grad_norm: 11.8917  loss: 0.5405  loss_cls: 0.1522  loss_bbox: 0.2732  loss_mask: 0.1151
2026/08/05 14:17:03 - mmengine - INFO - Epoch(train)  [28][60/68]  base_lr: 1.2500e-04 lr: 1.2500e-04  eta: 0:40:08  time: 0.4923  data_time: 0.1722  memory: 2117  grad_norm: 12.1599  loss: 0.5420  loss_cls: 0.1499  loss_bbox: 0.2773  loss_mask: 0.1147
2026/08/05 14:17:07 - mmengine - INFO - Exp name: rtmdet_ins_busi_20260805_135702
2026/08/05 14:17:07 - mmengine - INFO - Saving checkpoint at 28 epochs
2026/08/05 14:17:10 - mmengine - INFO - Epoch(val)  [28][ 10/116]    eta: 0:00:03  time: 0.0381  data_time: 0.0074  memory: 2111  
2026/08/05 14:17:10 - mmengine - INFO - Epoch(val)  [28][ 20/116]    eta: 0:00:03  time: 0.0363  data_time: 0.0073  memory: 126  
2026/08/05 14:17:10 - mmengine - INFO - Epoch(val)  [28][ 30/116]    eta: 0:00:02  time: 0.0353  data_time: 0.0070  memory: 124  
2026/08/05 14:17:11 - mmengine - INFO - Epoch(val)  [28][ 40/116]    eta: 0:00:02  time: 0.0354  data_time: 0.0069  memory: 151  
2026/08/05 14:17:11 - mmengine - INFO - Epoch(val)  [28][ 50/116]    eta: 0:00:02  time: 0.0343  data_time: 0.0068  memory: 139  
2026/08/05 14:17:12 - mmengine - INFO - Epoch(val)  [28][ 60/116]    eta: 0:00:01  time: 0.0350  data_time: 0.0068  memory: 132  
2026/08/05 14:17:12 - mmengine - INFO - Epoch(val)  [28][ 70/116]    eta: 0:00:01  time: 0.0356  data_time: 0.0069  memory: 127  
2026/08/05 14:17:12 - mmengine - INFO - Epoch(val)  [28][ 80/116]    eta: 0:00:01  time: 0.0362  data_time: 0.0068  memory: 150  
2026/08/05 14:17:13 - mmengine - INFO - Epoch(val)  [28][ 90/116]    eta: 0:00:00  time: 0.0362  data_time: 0.0071  memory: 170  
2026/08/05 14:17:13 - mmengine - INFO - Epoch(val)  [28][100/116]    eta: 0:00:00  time: 0.0366  data_time: 0.0068  memory: 160  
2026/08/05 14:17:13 - mmengine - INFO - Epoch(val)  [28][110/116]    eta: 0:00:00  time: 0.0369  data_time: 0.0067  memory: 145  
2026/08/05 14:17:14 - mmengine - INFO - Evaluating bbox...
2026/08/05 14:17:14 - mmengine - INFO - bbox_mAP_copypaste: 0.605 0.879 0.683 0.200 0.701 0.550
2026/08/05 14:17:14 - mmengine - INFO - Evaluating segm...
2026/08/05 14:17:14 - mmengine - INFO - segm_mAP_copypaste: 0.602 0.855 0.712 0.300 0.737 0.530
2026/08/05 14:17:14 - mmengine - INFO - Epoch(val) [28][116/116]    coco/bbox_mAP: 0.6050  coco/bbox_mAP_50: 0.8790  coco/bbox_mAP_75: 0.6830  coco/bbox_mAP_s: 0.2000  coco/bbox_mAP_m: 0.7010  coco/bbox_mAP_l: 0.5500  coco/segm_mAP: 0.6020  coco/segm_mAP_50: 0.8550  coco/segm_mAP_75: 0.7120  coco/segm_mAP_s: 0.3000  coco/segm_mAP_m: 0.7370  coco/segm_mAP_l: 0.5300  data_time: 0.0068  time: 0.0357
2026/08/05 14:17:19 - mmengine - INFO - Epoch(train)  [29][10/68]  base_lr: 1.2500e-04 lr: 1.2500e-04  eta: 0:39:57  time: 0.4769  data_time: 0.1658  memory: 2128  grad_norm: 13.2984  loss: 0.5655  loss_cls: 0.1660  loss_bbox: 0.2799  loss_mask: 0.1197
2026/08/05 14:17:24 - mmengine - INFO - Epoch(train)  [29][20/68]  base_lr: 1.2500e-04 lr: 1.2500e-04  eta: 0:39:54  time: 0.4835  data_time: 0.1719  memory: 2102  grad_norm: 13.5513  loss: 0.5661  loss_cls: 0.1670  loss_bbox: 0.2791  loss_mask: 0.1200
2026/08/05 14:17:30 - mmengine - INFO - Epoch(train)  [29][30/68]  base_lr: 1.2500e-04 lr: 1.2500e-04  eta: 0:39:50  time: 0.4967  data_time: 0.1766  memory: 2110  grad_norm: 13.6812  loss: 0.5657  loss_cls: 0.1630  loss_bbox: 0.2843  loss_mask: 0.1184
2026/08/05 14:17:35 - mmengine - INFO - Epoch(train)  [29][40/68]  base_lr: 1.2500e-04 lr: 1.2500e-04  eta: 0:39:46  time: 0.5072  data_time: 0.1795  memory: 2112  grad_norm: 13.3963  loss: 0.5567  loss_cls: 0.1597  loss_bbox: 0.2802  loss_mask: 0.1168
2026/08/05 14:17:40 - mmengine - INFO - Epoch(train)  [29][50/68]  base_lr: 1.2500e-04 lr: 1.2500e-04  eta: 0:39:41  time: 0.5180  data_time: 0.1857  memory: 2123  grad_norm: 13.0457  loss: 0.5509  loss_cls: 0.1577  loss_bbox: 0.2796  loss_mask: 0.1137
2026/08/05 14:17:45 - mmengine - INFO - Epoch(train)  [29][60/68]  base_lr: 1.2500e-04 lr: 1.2500e-04  eta: 0:39:36  time: 0.5206  data_time: 0.1880  memory: 2105  grad_norm: 12.5871  loss: 0.5368  loss_cls: 0.1445  loss_bbox: 0.2792  loss_mask: 0.1130
2026/08/05 14:17:48 - mmengine - INFO - Exp name: rtmdet_ins_busi_20260805_135702
2026/08/05 14:17:48 - mmengine - INFO - Saving checkpoint at 29 epochs
2026/08/05 14:17:52 - mmengine - INFO - Epoch(val)  [29][ 10/116]    eta: 0:00:03  time: 0.0370  data_time: 0.0066  memory: 2107  
2026/08/05 14:17:52 - mmengine - INFO - Epoch(val)  [29][ 20/116]    eta: 0:00:03  time: 0.0364  data_time: 0.0067  memory: 116  
2026/08/05 14:17:52 - mmengine - INFO - Epoch(val)  [29][ 30/116]    eta: 0:00:02  time: 0.0349  data_time: 0.0067  memory: 116  
2026/08/05 14:17:53 - mmengine - INFO - Epoch(val)  [29][ 40/116]    eta: 0:00:02  time: 0.0343  data_time: 0.0065  memory: 136  
2026/08/05 14:17:53 - mmengine - INFO - Epoch(val)  [29][ 50/116]    eta: 0:00:02  time: 0.0337  data_time: 0.0064  memory: 136  
2026/08/05 14:17:53 - mmengine - INFO - Epoch(val)  [29][ 60/116]    eta: 0:00:01  time: 0.0341  data_time: 0.0067  memory: 126  
2026/08/05 14:17:54 - mmengine - INFO - Epoch(val)  [29][ 70/116]    eta: 0:00:01  time: 0.0343  data_time: 0.0068  memory: 118  
2026/08/05 14:17:54 - mmengine - INFO - Epoch(val)  [29][ 80/116]    eta: 0:00:01  time: 0.0352  data_time: 0.0068  memory: 152  
2026/08/05 14:17:55 - mmengine - INFO - Epoch(val)  [29][ 90/116]    eta: 0:00:00  time: 0.0366  data_time: 0.0074  memory: 170  
2026/08/05 14:17:55 - mmengine - INFO - Epoch(val)  [29][100/116]    eta: 0:00:00  time: 0.0368  data_time: 0.0073  memory: 155  
2026/08/05 14:17:55 - mmengine - INFO - Epoch(val)  [29][110/116]    eta: 0:00:00  time: 0.0362  data_time: 0.0070  memory: 145  
2026/08/05 14:17:56 - mmengine - INFO - Evaluating bbox...
2026/08/05 14:17:56 - mmengine - INFO - bbox_mAP_copypaste: 0.585 0.882 0.686 0.150 0.705 0.520
2026/08/05 14:17:56 - mmengine - INFO - Evaluating segm...
2026/08/05 14:17:56 - mmengine - INFO - segm_mAP_copypaste: 0.606 0.852 0.736 0.150 0.738 0.534
2026/08/05 14:17:56 - mmengine - INFO - Epoch(val) [29][116/116]    coco/bbox_mAP: 0.5850  coco/bbox_mAP_50: 0.8820  coco/bbox_mAP_75: 0.6860  coco/bbox_mAP_s: 0.1500  coco/bbox_mAP_m: 0.7050  coco/bbox_mAP_l: 0.5200  coco/segm_mAP: 0.6060  coco/segm_mAP_50: 0.8520  coco/segm_mAP_75: 0.7360  coco/segm_mAP_s: 0.1500  coco/segm_mAP_m: 0.7380  coco/segm_mAP_l: 0.5340  data_time: 0.0068  time: 0.0351
2026/08/05 14:18:01 - mmengine - INFO - Epoch(train)  [30][10/68]  base_lr: 1.2500e-04 lr: 1.2500e-04  eta: 0:39:27  time: 0.4934  data_time: 0.1793  memory: 2107  grad_norm: 12.8957  loss: 0.5466  loss_cls: 0.1517  loss_bbox: 0.2800  loss_mask: 0.1149
2026/08/05 14:18:05 - mmengine - INFO - Epoch(train)  [30][20/68]  base_lr: 1.2500e-04 lr: 1.2500e-04  eta: 0:39:21  time: 0.4790  data_time: 0.1736  memory: 2111  grad_norm: 12.5586  loss: 0.5461  loss_cls: 0.1562  loss_bbox: 0.2762  loss_mask: 0.1138
2026/08/05 14:18:09 - mmengine - INFO - Exp name: rtmdet_ins_busi_20260805_135702
2026/08/05 14:18:10 - mmengine - INFO - Epoch(train)  [30][30/68]  base_lr: 1.2500e-04 lr: 1.2500e-04  eta: 0:39:16  time: 0.4801  data_time: 0.1727  memory: 2108  grad_norm: 12.5471  loss: 0.5468  loss_cls: 0.1600  loss_bbox: 0.2727  loss_mask: 0.1141
2026/08/05 14:18:15 - mmengine - INFO - Epoch(train)  [30][40/68]  base_lr: 1.2500e-04 lr: 1.2500e-04  eta: 0:39:11  time: 0.4775  data_time: 0.1702  memory: 2119  grad_norm: 12.5130  loss: 0.5516  loss_cls: 0.1635  loss_bbox: 0.2730  loss_mask: 0.1151
2026/08/05 14:18:20 - mmengine - INFO - Epoch(train)  [30][50/68]  base_lr: 1.2500e-04 lr: 1.2500e-04  eta: 0:39:05  time: 0.4770  data_time: 0.1690  memory: 2122  grad_norm: 12.8934  loss: 0.5247  loss_cls: 0.1532  loss_bbox: 0.2599  loss_mask: 0.1116
2026/08/05 14:18:24 - mmengine - INFO - Epoch(train)  [30][60/68]  base_lr: 1.2500e-04 lr: 1.2500e-04  eta: 0:39:00  time: 0.4748  data_time: 0.1647  memory: 2126  grad_norm: 12.3784  loss: 0.5106  loss_cls: 0.1443  loss_bbox: 0.2575  loss_mask: 0.1087
2026/08/05 14:18:28 - mmengine - INFO - Exp name: rtmdet_ins_busi_20260805_135702
2026/08/05 14:18:28 - mmengine - INFO - Saving checkpoint at 30 epochs
2026/08/05 14:18:30 - mmengine - INFO - Epoch(val)  [30][ 10/116]    eta: 0:00:03  time: 0.0358  data_time: 0.0070  memory: 2110  
2026/08/05 14:18:31 - mmengine - INFO - Epoch(val)  [30][ 20/116]    eta: 0:00:02  time: 0.0339  data_time: 0.0065  memory: 124  
2026/08/05 14:18:31 - mmengine - INFO - Epoch(val)  [30][ 30/116]    eta: 0:00:02  time: 0.0335  data_time: 0.0063  memory: 119  
2026/08/05 14:18:31 - mmengine - INFO - Epoch(val)  [30][ 40/116]    eta: 0:00:02  time: 0.0338  data_time: 0.0065  memory: 143  
2026/08/05 14:18:32 - mmengine - INFO - Epoch(val)  [30][ 50/116]    eta: 0:00:02  time: 0.0332  data_time: 0.0062  memory: 142  
2026/08/05 14:18:32 - mmengine - INFO - Epoch(val)  [30][ 60/116]    eta: 0:00:01  time: 0.0335  data_time: 0.0062  memory: 144  
2026/08/05 14:18:32 - mmengine - INFO - Epoch(val)  [30][ 70/116]    eta: 0:00:01  time: 0.0341  data_time: 0.0065  memory: 178  
2026/08/05 14:18:33 - mmengine - INFO - Epoch(val)  [30][ 80/116]    eta: 0:00:01  time: 0.0347  data_time: 0.0066  memory: 150  
2026/08/05 14:18:33 - mmengine - INFO - Epoch(val)  [30][ 90/116]    eta: 0:00:00  time: 0.0359  data_time: 0.0067  memory: 151  
2026/08/05 14:18:34 - mmengine - INFO - Epoch(val)  [30][100/116]    eta: 0:00:00  time: 0.0372  data_time: 0.0070  memory: 160  
2026/08/05 14:18:34 - mmengine - INFO - Epoch(val)  [30][110/116]    eta: 0:00:00  time: 0.0377  data_time: 0.0071  memory: 133  
2026/08/05 14:18:34 - mmengine - INFO - Evaluating bbox...
2026/08/05 14:18:34 - mmengine - INFO - bbox_mAP_copypaste: 0.582 0.872 0.659 0.200 0.690 0.522
2026/08/05 14:18:34 - mmengine - INFO - Evaluating segm...
2026/08/05 14:18:34 - mmengine - INFO - segm_mAP_copypaste: 0.607 0.854 0.715 0.300 0.746 0.534
2026/08/05 14:18:34 - mmengine - INFO - Epoch(val) [30][116/116]    coco/bbox_mAP: 0.5820  coco/bbox_mAP_50: 0.8720  coco/bbox_mAP_75: 0.6590  coco/bbox_mAP_s: 0.2000  coco/bbox_mAP_m: 0.6900  coco/bbox_mAP_l: 0.5220  coco/segm_mAP: 0.6070  coco/segm_mAP_50: 0.8540  coco/segm_mAP_75: 0.7150  coco/segm_mAP_s: 0.3000  coco/segm_mAP_m: 0.7460  coco/segm_mAP_l: 0.5340  data_time: 0.0067  time: 0.0350
2026/08/05 14:18:39 - mmengine - INFO - Epoch(train)  [31][10/68]  base_lr: 1.2500e-04 lr: 1.2500e-04  eta: 0:38:50  time: 0.4649  data_time: 0.1583  memory: 2111  grad_norm: 12.9390  loss: 0.5061  loss_cls: 0.1375  loss_bbox: 0.2604  loss_mask: 0.1082
2026/08/05 14:18:43 - mmengine - INFO - Epoch(train)  [31][20/68]  base_lr: 1.2500e-04 lr: 1.2500e-04  eta: 0:38:43  time: 0.4560  data_time: 0.1536  memory: 2111  grad_norm: 13.0414  loss: 0.5107  loss_cls: 0.1375  loss_bbox: 0.2635  loss_mask: 0.1097
2026/08/05 14:18:48 - mmengine - INFO - Epoch(train)  [31][30/68]  base_lr: 1.2500e-04 lr: 1.2500e-04  eta: 0:38:38  time: 0.4576  data_time: 0.1516  memory: 2110  grad_norm: 12.5971  loss: 0.5036  loss_cls: 0.1316  loss_bbox: 0.2630  loss_mask: 0.1090
2026/08/05 14:18:53 - mmengine - INFO - Epoch(train)  [31][40/68]  base_lr: 1.2500e-04 lr: 1.2500e-04  eta: 0:38:33  time: 0.4602  data_time: 0.1538  memory: 2110  grad_norm: 12.5275  loss: 0.5162  loss_cls: 0.1345  loss_bbox: 0.2701  loss_mask: 0.1115
2026/08/05 14:18:57 - mmengine - INFO - Epoch(train)  [31][50/68]  base_lr: 1.2500e-04 lr: 1.2500e-04  eta: 0:38:27  time: 0.4600  data_time: 0.1562  memory: 2110  grad_norm: 12.2760  loss: 0.5157  loss_cls: 0.1363  loss_bbox: 0.2675  loss_mask: 0.1118
2026/08/05 14:19:02 - mmengine - INFO - Epoch(train)  [31][60/68]  base_lr: 1.2500e-04 lr: 1.2500e-04  eta: 0:38:22  time: 0.4642  data_time: 0.1631  memory: 2118  grad_norm: 12.1315  loss: 0.5214  loss_cls: 0.1355  loss_bbox: 0.2726  loss_mask: 0.1133
2026/08/05 14:19:06 - mmengine - INFO - Exp name: rtmdet_ins_busi_20260805_135702
2026/08/05 14:19:06 - mmengine - INFO - Saving checkpoint at 31 epochs
2026/08/05 14:19:09 - mmengine - INFO - Epoch(val)  [31][ 10/116]    eta: 0:00:03  time: 0.0371  data_time: 0.0074  memory: 2102  
2026/08/05 14:19:09 - mmengine - INFO - Epoch(val)  [31][ 20/116]    eta: 0:00:03  time: 0.0352  data_time: 0.0071  memory: 114  
2026/08/05 14:19:09 - mmengine - INFO - Epoch(val)  [31][ 30/116]    eta: 0:00:02  time: 0.0334  data_time: 0.0068  memory: 116  
2026/08/05 14:19:10 - mmengine - INFO - Epoch(val)  [31][ 40/116]    eta: 0:00:02  time: 0.0327  data_time: 0.0069  memory: 129  
2026/08/05 14:19:10 - mmengine - INFO - Epoch(val)  [31][ 50/116]    eta: 0:00:02  time: 0.0326  data_time: 0.0065  memory: 142  
2026/08/05 14:19:10 - mmengine - INFO - Epoch(val)  [31][ 60/116]    eta: 0:00:01  time: 0.0322  data_time: 0.0066  memory: 118  
2026/08/05 14:19:11 - mmengine - INFO - Epoch(val)  [31][ 70/116]    eta: 0:00:01  time: 0.0322  data_time: 0.0070  memory: 124  
2026/08/05 14:19:11 - mmengine - INFO - Epoch(val)  [31][ 80/116]    eta: 0:00:01  time: 0.0335  data_time: 0.0073  memory: 137  
2026/08/05 14:19:11 - mmengine - INFO - Epoch(val)  [31][ 90/116]    eta: 0:00:00  time: 0.0341  data_time: 0.0075  memory: 146  
2026/08/05 14:19:12 - mmengine - INFO - Epoch(val)  [31][100/116]    eta: 0:00:00  time: 0.0339  data_time: 0.0075  memory: 146  
2026/08/05 14:19:12 - mmengine - INFO - Epoch(val)  [31][110/116]    eta: 0:00:00  time: 0.0334  data_time: 0.0070  memory: 117  
2026/08/05 14:19:12 - mmengine - INFO - Evaluating bbox...
2026/08/05 14:19:12 - mmengine - INFO - bbox_mAP_copypaste: 0.577 0.886 0.637 0.150 0.675 0.520
2026/08/05 14:19:12 - mmengine - INFO - Evaluating segm...
2026/08/05 14:19:12 - mmengine - INFO - segm_mAP_copypaste: 0.620 0.875 0.738 0.150 0.744 0.551
2026/08/05 14:19:12 - mmengine - INFO - Epoch(val) [31][116/116]    coco/bbox_mAP: 0.5770  coco/bbox_mAP_50: 0.8860  coco/bbox_mAP_75: 0.6370  coco/bbox_mAP_s: 0.1500  coco/bbox_mAP_m: 0.6750  coco/bbox_mAP_l: 0.5200  coco/segm_mAP: 0.6200  coco/segm_mAP_50: 0.8750  coco/segm_mAP_75: 0.7380  coco/segm_mAP_s: 0.1500  coco/segm_mAP_m: 0.7440  coco/segm_mAP_l: 0.5510  data_time: 0.0068  time: 0.0331
2026/08/05 14:19:17 - mmengine - INFO - Epoch(train)  [32][10/68]  base_lr: 1.2500e-04 lr: 1.2500e-04  eta: 0:38:12  time: 0.4667  data_time: 0.1685  memory: 2122  grad_norm: 12.2469  loss: 0.5236  loss_cls: 0.1385  loss_bbox: 0.2715  loss_mask: 0.1137
2026/08/05 14:19:22 - mmengine - INFO - Epoch(train)  [32][20/68]  base_lr: 1.2500e-04 lr: 1.2500e-04  eta: 0:38:07  time: 0.4665  data_time: 0.1721  memory: 2111  grad_norm: 12.1845  loss: 0.5194  loss_cls: 0.1337  loss_bbox: 0.2703  loss_mask: 0.1154
2026/08/05 14:19:26 - mmengine - INFO - Epoch(train)  [32][30/68]  base_lr: 1.2500e-04 lr: 1.2500e-04  eta: 0:38:01  time: 0.4583  data_time: 0.1647  memory: 2111  grad_norm: 12.1567  loss: 0.5066  loss_cls: 0.1288  loss_bbox: 0.2645  loss_mask: 0.1132
2026/08/05 14:19:31 - mmengine - INFO - Epoch(train)  [32][40/68]  base_lr: 1.2500e-04 lr: 1.2500e-04  eta: 0:37:56  time: 0.4623  data_time: 0.1640  memory: 2106  grad_norm: 12.1548  loss: 0.5046  loss_cls: 0.1295  loss_bbox: 0.2618  loss_mask: 0.1133
2026/08/05 14:19:36 - mmengine - INFO - Epoch(train)  [32][50/68]  base_lr: 1.2500e-04 lr: 1.2500e-04  eta: 0:37:51  time: 0.4673  data_time: 0.1613  memory: 2108  grad_norm: 12.5549  loss: 0.5212  loss_cls: 0.1333  loss_bbox: 0.2734  loss_mask: 0.1145
2026/08/05 14:19:40 - mmengine - INFO - Epoch(train)  [32][60/68]  base_lr: 1.2500e-04 lr: 1.2500e-04  eta: 0:37:45  time: 0.4696  data_time: 0.1626  memory: 2111  grad_norm: 12.4866  loss: 0.5163  loss_cls: 0.1321  loss_bbox: 0.2722  loss_mask: 0.1120
2026/08/05 14:19:44 - mmengine - INFO - Exp name: rtmdet_ins_busi_20260805_135702
2026/08/05 14:19:44 - mmengine - INFO - Saving checkpoint at 32 epochs
2026/08/05 14:19:47 - mmengine - INFO - Epoch(val)  [32][ 10/116]    eta: 0:00:03  time: 0.0335  data_time: 0.0063  memory: 2109  
2026/08/05 14:19:47 - mmengine - INFO - Epoch(val)  [32][ 20/116]    eta: 0:00:03  time: 0.0333  data_time: 0.0061  memory: 116  
2026/08/05 14:19:47 - mmengine - INFO - Epoch(val)  [32][ 30/116]    eta: 0:00:02  time: 0.0330  data_time: 0.0059  memory: 115  
2026/08/05 14:19:48 - mmengine - INFO - Epoch(val)  [32][ 40/116]    eta: 0:00:02  time: 0.0332  data_time: 0.0061  memory: 128  
2026/08/05 14:19:48 - mmengine - INFO - Epoch(val)  [32][ 50/116]    eta: 0:00:02  time: 0.0337  data_time: 0.0061  memory: 136  
2026/08/05 14:19:48 - mmengine - INFO - Epoch(val)  [32][ 60/116]    eta: 0:00:01  time: 0.0341  data_time: 0.0070  memory: 122  
2026/08/05 14:19:49 - mmengine - INFO - Epoch(val)  [32][ 70/116]    eta: 0:00:01  time: 0.0338  data_time: 0.0072  memory: 130  
2026/08/05 14:19:49 - mmengine - INFO - Epoch(val)  [32][ 80/116]    eta: 0:00:01  time: 0.0346  data_time: 0.0072  memory: 146  
2026/08/05 14:19:50 - mmengine - INFO - Epoch(val)  [32][ 90/116]    eta: 0:00:00  time: 0.0355  data_time: 0.0075  memory: 138  
2026/08/05 14:19:50 - mmengine - INFO - Epoch(val)  [32][100/116]    eta: 0:00:00  time: 0.0362  data_time: 0.0078  memory: 142  
2026/08/05 14:19:50 - mmengine - INFO - Epoch(val)  [32][110/116]    eta: 0:00:00  time: 0.0362  data_time: 0.0069  memory: 135  
2026/08/05 14:19:51 - mmengine - INFO - Evaluating bbox...
2026/08/05 14:19:51 - mmengine - INFO - bbox_mAP_copypaste: 0.587 0.880 0.654 0.150 0.666 0.536
2026/08/05 14:19:51 - mmengine - INFO - Evaluating segm...
2026/08/05 14:19:51 - mmengine - INFO - segm_mAP_copypaste: 0.611 0.856 0.752 0.150 0.719 0.549
2026/08/05 14:19:51 - mmengine - INFO - Epoch(val) [32][116/116]    coco/bbox_mAP: 0.5870  coco/bbox_mAP_50: 0.8800  coco/bbox_mAP_75: 0.6540  coco/bbox_mAP_s: 0.1500  coco/bbox_mAP_m: 0.6660  coco/bbox_mAP_l: 0.5360  coco/segm_mAP: 0.6110  coco/segm_mAP_50: 0.8560  coco/segm_mAP_75: 0.7520  coco/segm_mAP_s: 0.1500  coco/segm_mAP_m: 0.7190  coco/segm_mAP_l: 0.5490  data_time: 0.0069  time: 0.0351
2026/08/05 14:19:56 - mmengine - INFO - Epoch(train)  [33][10/68]  base_lr: 1.2500e-04 lr: 1.2500e-04  eta: 0:37:36  time: 0.4736  data_time: 0.1662  memory: 2109  grad_norm: 13.1961  loss: 0.5049  loss_cls: 0.1311  loss_bbox: 0.2666  loss_mask: 0.1073
2026/08/05 14:20:00 - mmengine - INFO - Epoch(train)  [33][20/68]  base_lr: 1.2500e-04 lr: 1.2500e-04  eta: 0:37:31  time: 0.4759  data_time: 0.1674  memory: 2117  grad_norm: 13.0699  loss: 0.5047  loss_cls: 0.1291  loss_bbox: 0.2683  loss_mask: 0.1073
2026/08/05 14:20:05 - mmengine - INFO - Epoch(train)  [33][30/68]  base_lr: 1.2500e-04 lr: 1.2500e-04  eta: 0:37:26  time: 0.4715  data_time: 0.1659  memory: 2120  grad_norm: 12.6877  loss: 0.5062  loss_cls: 0.1292  loss_bbox: 0.2648  loss_mask: 0.1121
2026/08/05 14:20:10 - mmengine - INFO - Epoch(train)  [33][40/68]  base_lr: 1.2500e-04 lr: 1.2500e-04  eta: 0:37:20  time: 0.4748  data_time: 0.1684  memory: 2118  grad_norm: 12.5148  loss: 0.4984  loss_cls: 0.1276  loss_bbox: 0.2607  loss_mask: 0.1102
2026/08/05 14:20:15 - mmengine - INFO - Epoch(train)  [33][50/68]  base_lr: 1.2500e-04 lr: 1.2500e-04  eta: 0:37:16  time: 0.4868  data_time: 0.1732  memory: 2111  grad_norm: 12.5845  loss: 0.5055  loss_cls: 0.1295  loss_bbox: 0.2636  loss_mask: 0.1124
2026/08/05 14:20:20 - mmengine - INFO - Epoch(train)  [33][60/68]  base_lr: 1.2500e-04 lr: 1.2500e-04  eta: 0:37:12  time: 0.4956  data_time: 0.1737  memory: 2110  grad_norm: 12.3499  loss: 0.5132  loss_cls: 0.1329  loss_bbox: 0.2661  loss_mask: 0.1142
2026/08/05 14:20:24 - mmengine - INFO - Exp name: rtmdet_ins_busi_20260805_135702
2026/08/05 14:20:24 - mmengine - INFO - Saving checkpoint at 33 epochs
2026/08/05 14:20:27 - mmengine - INFO - Epoch(val)  [33][ 10/116]    eta: 0:00:03  time: 0.0373  data_time: 0.0071  memory: 2110  
2026/08/05 14:20:28 - mmengine - INFO - Epoch(val)  [33][ 20/116]    eta: 0:00:03  time: 0.0370  data_time: 0.0071  memory: 118  
2026/08/05 14:20:28 - mmengine - INFO - Epoch(val)  [33][ 30/116]    eta: 0:00:03  time: 0.0364  data_time: 0.0069  memory: 114  
2026/08/05 14:20:28 - mmengine - INFO - Epoch(val)  [33][ 40/116]    eta: 0:00:02  time: 0.0358  data_time: 0.0069  memory: 128  
2026/08/05 14:20:29 - mmengine - INFO - Epoch(val)  [33][ 50/116]    eta: 0:00:02  time: 0.0354  data_time: 0.0067  memory: 126  
2026/08/05 14:20:29 - mmengine - INFO - Epoch(val)  [33][ 60/116]    eta: 0:00:02  time: 0.0361  data_time: 0.0068  memory: 132  
2026/08/05 14:20:29 - mmengine - INFO - Epoch(val)  [33][ 70/116]    eta: 0:00:01  time: 0.0369  data_time: 0.0068  memory: 147  
2026/08/05 14:20:30 - mmengine - INFO - Epoch(val)  [33][ 80/116]    eta: 0:00:01  time: 0.0375  data_time: 0.0069  memory: 144  
2026/08/05 14:20:30 - mmengine - INFO - Epoch(val)  [33][ 90/116]    eta: 0:00:00  time: 0.0385  data_time: 0.0072  memory: 158  
2026/08/05 14:20:31 - mmengine - INFO - Epoch(val)  [33][100/116]    eta: 0:00:00  time: 0.0378  data_time: 0.0070  memory: 137  
2026/08/05 14:20:31 - mmengine - INFO - Epoch(val)  [33][110/116]    eta: 0:00:00  time: 0.0366  data_time: 0.0068  memory: 126  
2026/08/05 14:20:31 - mmengine - INFO - Evaluating bbox...
2026/08/05 14:20:31 - mmengine - INFO - bbox_mAP_copypaste: 0.609 0.894 0.685 0.100 0.720 0.556
2026/08/05 14:20:31 - mmengine - INFO - Evaluating segm...
2026/08/05 14:20:31 - mmengine - INFO - segm_mAP_copypaste: 0.599 0.875 0.686 0.150 0.727 0.537
2026/08/05 14:20:31 - mmengine - INFO - Epoch(val) [33][116/116]    coco/bbox_mAP: 0.6090  coco/bbox_mAP_50: 0.8940  coco/bbox_mAP_75: 0.6850  coco/bbox_mAP_s: 0.1000  coco/bbox_mAP_m: 0.7200  coco/bbox_mAP_l: 0.5560  coco/segm_mAP: 0.5990  coco/segm_mAP_50: 0.8750  coco/segm_mAP_75: 0.6860  coco/segm_mAP_s: 0.1500  coco/segm_mAP_m: 0.7270  coco/segm_mAP_l: 0.5370  data_time: 0.0068  time: 0.0361
2026/08/05 14:20:36 - mmengine - INFO - Epoch(train)  [34][10/68]  base_lr: 1.2500e-04 lr: 1.2500e-04  eta: 0:37:02  time: 0.4893  data_time: 0.1709  memory: 2111  grad_norm: 12.7690  loss: 0.5157  loss_cls: 0.1384  loss_bbox: 0.2686  loss_mask: 0.1087
2026/08/05 14:20:40 - mmengine - INFO - Epoch(train)  [34][20/68]  base_lr: 1.2500e-04 lr: 1.2500e-04  eta: 0:36:56  time: 0.4822  data_time: 0.1686  memory: 2121  grad_norm: 12.6796  loss: 0.5081  loss_cls: 0.1346  loss_bbox: 0.2675  loss_mask: 0.1061
2026/08/05 14:20:45 - mmengine - INFO - Epoch(train)  [34][30/68]  base_lr: 1.2500e-04 lr: 1.2500e-04  eta: 0:36:51  time: 0.4691  data_time: 0.1616  memory: 2111  grad_norm: 12.4913  loss: 0.5053  loss_cls: 0.1315  loss_bbox: 0.2642  loss_mask: 0.1096
2026/08/05 14:20:50 - mmengine - INFO - Epoch(train)  [34][40/68]  base_lr: 1.2500e-04 lr: 1.2500e-04  eta: 0:36:46  time: 0.4598  data_time: 0.1565  memory: 2114  grad_norm: 12.3300  loss: 0.5017  loss_cls: 0.1331  loss_bbox: 0.2602  loss_mask: 0.1085
2026/08/05 14:20:55 - mmengine - INFO - Epoch(train)  [34][50/68]  base_lr: 1.2500e-04 lr: 1.2500e-04  eta: 0:36:42  time: 0.4722  data_time: 0.1641  memory: 2111  grad_norm: 12.1686  loss: 0.4931  loss_cls: 0.1278  loss_bbox: 0.2563  loss_mask: 0.1090
2026/08/05 14:21:06 - mmengine - INFO - Epoch(train)  [34][60/68]  base_lr: 1.2500e-04 lr: 1.2500e-04  eta: 0:36:49  time: 0.6031  data_time: 0.2868  memory: 2112  grad_norm: 12.0646  loss: 0.4876  loss_cls: 0.1235  loss_bbox: 0.2528  loss_mask: 0.1114
2026/08/05 14:21:16 - mmengine - INFO - Exp name: rtmdet_ins_busi_20260805_135702
2026/08/05 14:21:16 - mmengine - INFO - Saving checkpoint at 34 epochs
2026/08/05 14:21:19 - mmengine - INFO - Epoch(val)  [34][ 10/116]    eta: 0:00:05  time: 0.0391  data_time: 0.0109  memory: 2121  
2026/08/05 14:21:20 - mmengine - INFO - Epoch(val)  [34][ 20/116]    eta: 0:00:04  time: 0.0409  data_time: 0.0135  memory: 116  
2026/08/05 14:21:20 - mmengine - INFO - Epoch(val)  [34][ 30/116]    eta: 0:00:04  time: 0.0465  data_time: 0.0199  memory: 113  
2026/08/05 14:21:21 - mmengine - INFO - Epoch(val)  [34][ 40/116]    eta: 0:00:04  time: 0.0532  data_time: 0.0266  memory: 132  
2026/08/05 14:21:22 - mmengine - INFO - Epoch(val)  [34][ 50/116]    eta: 0:00:04  time: 0.0612  data_time: 0.0345  memory: 142  
2026/08/05 14:21:22 - mmengine - INFO - Epoch(val)  [34][ 60/116]    eta: 0:00:03  time: 0.0619  data_time: 0.0349  memory: 118  
2026/08/05 14:21:23 - mmengine - INFO - Epoch(val)  [34][ 70/116]    eta: 0:00:02  time: 0.0616  data_time: 0.0344  memory: 124  
2026/08/05 14:21:23 - mmengine - INFO - Epoch(val)  [34][ 80/116]    eta: 0:00:02  time: 0.0589  data_time: 0.0309  memory: 147  
2026/08/05 14:21:24 - mmengine - INFO - Epoch(val)  [34][ 90/116]    eta: 0:00:01  time: 0.0571  data_time: 0.0287  memory: 127  
2026/08/05 14:21:25 - mmengine - INFO - Epoch(val)  [34][100/116]    eta: 0:00:00  time: 0.0570  data_time: 0.0279  memory: 146  
2026/08/05 14:21:25 - mmengine - INFO - Epoch(val)  [34][110/116]    eta: 0:00:00  time: 0.0581  data_time: 0.0286  memory: 133  
2026/08/05 14:21:26 - mmengine - INFO - Evaluating bbox...
2026/08/05 14:21:26 - mmengine - INFO - bbox_mAP_copypaste: 0.589 0.874 0.697 0.150 0.695 0.533
2026/08/05 14:21:26 - mmengine - INFO - Evaluating segm...
2026/08/05 14:21:26 - mmengine - INFO - segm_mAP_copypaste: 0.595 0.851 0.696 0.150 0.737 0.521
2026/08/05 14:21:26 - mmengine - INFO - Epoch(val) [34][116/116]    coco/bbox_mAP: 0.5890  coco/bbox_mAP_50: 0.8740  coco/bbox_mAP_75: 0.6970  coco/bbox_mAP_s: 0.1500  coco/bbox_mAP_m: 0.6950  coco/bbox_mAP_l: 0.5330  coco/segm_mAP: 0.5950  coco/segm_mAP_50: 0.8510  coco/segm_mAP_75: 0.6960  coco/segm_mAP_s: 0.1500  coco/segm_mAP_m: 0.7370  coco/segm_mAP_l: 0.5210  data_time: 0.0313  time: 0.0592
2026/08/05 14:21:34 - mmengine - INFO - Epoch(train)  [35][10/68]  base_lr: 1.2500e-04 lr: 1.2500e-04  eta: 0:36:58  time: 0.8081  data_time: 0.4856  memory: 2111  grad_norm: 12.3799  loss: 0.4955  loss_cls: 0.1327  loss_bbox: 0.2525  loss_mask: 0.1103
2026/08/05 14:21:43 - mmengine - INFO - Epoch(train)  [35][20/68]  base_lr: 1.2500e-04 lr: 1.2500e-04  eta: 0:37:02  time: 0.9038  data_time: 0.5819  memory: 2112  grad_norm: 12.7782  loss: 0.4908  loss_cls: 0.1272  loss_bbox: 0.2531  loss_mask: 0.1104
2026/08/05 14:21:52 - mmengine - INFO - Epoch(train)  [35][30/68]  base_lr: 1.2500e-04 lr: 1.2500e-04  eta: 0:37:05  time: 0.9813  data_time: 0.6668  memory: 2124  grad_norm: 12.7652  loss: 0.4894  loss_cls: 0.1262  loss_bbox: 0.2514  loss_mask: 0.1118
2026/08/05 14:21:59 - mmengine - INFO - Epoch(train)  [35][40/68]  base_lr: 1.2500e-04 lr: 1.2500e-04  eta: 0:37:03  time: 0.9447  data_time: 0.6333  memory: 2121  grad_norm: 12.8081  loss: 0.4978  loss_cls: 0.1280  loss_bbox: 0.2583  loss_mask: 0.1115
2026/08/05 14:22:05 - mmengine - INFO - Epoch(train)  [35][50/68]  base_lr: 1.2500e-04 lr: 1.2500e-04  eta: 0:37:00  time: 0.7834  data_time: 0.4743  memory: 2119  grad_norm: 12.8312  loss: 0.4959  loss_cls: 0.1265  loss_bbox: 0.2601  loss_mask: 0.1093
2026/08/05 14:22:11 - mmengine - INFO - Epoch(train)  [35][60/68]  base_lr: 1.2500e-04 lr: 1.2500e-04  eta: 0:36:56  time: 0.7423  data_time: 0.4313  memory: 2110  grad_norm: 12.8137  loss: 0.4966  loss_cls: 0.1225  loss_bbox: 0.2665  loss_mask: 0.1075
2026/08/05 14:22:15 - mmengine - INFO - Exp name: rtmdet_ins_busi_20260805_135702
2026/08/05 14:22:15 - mmengine - INFO - Saving checkpoint at 35 epochs
2026/08/05 14:22:18 - mmengine - INFO - Epoch(val)  [35][ 10/116]    eta: 0:00:05  time: 0.0609  data_time: 0.0317  memory: 2110  
2026/08/05 14:22:19 - mmengine - INFO - Epoch(val)  [35][ 20/116]    eta: 0:00:04  time: 0.0591  data_time: 0.0313  memory: 116  
2026/08/05 14:22:19 - mmengine - INFO - Epoch(val)  [35][ 30/116]    eta: 0:00:03  time: 0.0558  data_time: 0.0286  memory: 120  
2026/08/05 14:22:20 - mmengine - INFO - Epoch(val)  [35][ 40/116]    eta: 0:00:03  time: 0.0509  data_time: 0.0240  memory: 128  
2026/08/05 14:22:20 - mmengine - INFO - Epoch(val)  [35][ 50/116]    eta: 0:00:03  time: 0.0463  data_time: 0.0196  memory: 136  
2026/08/05 14:22:21 - mmengine - INFO - Epoch(val)  [35][ 60/116]    eta: 0:00:02  time: 0.0462  data_time: 0.0194  memory: 114  
2026/08/05 14:22:21 - mmengine - INFO - Epoch(val)  [35][ 70/116]    eta: 0:00:02  time: 0.0459  data_time: 0.0185  memory: 134  
2026/08/05 14:22:21 - mmengine - INFO - Epoch(val)  [35][ 80/116]    eta: 0:00:01  time: 0.0477  data_time: 0.0200  memory: 137  
2026/08/05 14:22:22 - mmengine - INFO - Epoch(val)  [35][ 90/116]    eta: 0:00:01  time: 0.0465  data_time: 0.0188  memory: 127  
2026/08/05 14:22:22 - mmengine - INFO - Epoch(val)  [35][100/116]    eta: 0:00:00  time: 0.0470  data_time: 0.0190  memory: 142  
2026/08/05 14:22:23 - mmengine - INFO - Epoch(val)  [35][110/116]    eta: 0:00:00  time: 0.0455  data_time: 0.0176  memory: 129  
2026/08/05 14:22:23 - mmengine - INFO - Evaluating bbox...
2026/08/05 14:22:23 - mmengine - INFO - bbox_mAP_copypaste: 0.566 0.860 0.693 0.200 0.686 0.511
2026/08/05 14:22:23 - mmengine - INFO - Evaluating segm...
2026/08/05 14:22:23 - mmengine - INFO - segm_mAP_copypaste: 0.585 0.844 0.709 0.150 0.724 0.519
2026/08/05 14:22:23 - mmengine - INFO - Epoch(val) [35][116/116]    coco/bbox_mAP: 0.5660  coco/bbox_mAP_50: 0.8600  coco/bbox_mAP_75: 0.6930  coco/bbox_mAP_s: 0.2000  coco/bbox_mAP_m: 0.6860  coco/bbox_mAP_l: 0.5110  coco/segm_mAP: 0.5850  coco/segm_mAP_50: 0.8440  coco/segm_mAP_75: 0.7090  coco/segm_mAP_s: 0.1500  coco/segm_mAP_m: 0.7240  coco/segm_mAP_l: 0.5190  data_time: 0.0192  time: 0.0465
2026/08/05 14:22:28 - mmengine - INFO - Epoch(train)  [36][10/68]  base_lr: 1.2500e-04 lr: 1.2500e-04  eta: 0:36:47  time: 0.5781  data_time: 0.2688  memory: 2118  grad_norm: 13.1912  loss: 0.5136  loss_cls: 0.1312  loss_bbox: 0.2752  loss_mask: 0.1073
2026/08/05 14:22:33 - mmengine - INFO - Epoch(train)  [36][20/68]  base_lr: 1.2500e-04 lr: 1.2500e-04  eta: 0:36:42  time: 0.5412  data_time: 0.2334  memory: 2110  grad_norm: 13.6116  loss: 0.5061  loss_cls: 0.1259  loss_bbox: 0.2759  loss_mask: 0.1043
2026/08/05 14:22:38 - mmengine - INFO - Epoch(train)  [36][30/68]  base_lr: 1.2500e-04 lr: 1.2500e-04  eta: 0:36:37  time: 0.5142  data_time: 0.2062  memory: 2121  grad_norm: 13.4817  loss: 0.4995  loss_cls: 0.1257  loss_bbox: 0.2700  loss_mask: 0.1038
2026/08/05 14:22:43 - mmengine - INFO - Epoch(train)  [36][40/68]  base_lr: 1.2500e-04 lr: 1.2500e-04  eta: 0:36:31  time: 0.4957  data_time: 0.1914  memory: 2113  grad_norm: 12.9032  loss: 0.4863  loss_cls: 0.1265  loss_bbox: 0.2579  loss_mask: 0.1019
2026/08/05 14:22:47 - mmengine - INFO - Epoch(train)  [36][50/68]  base_lr: 1.2500e-04 lr: 1.2500e-04  eta: 0:36:26  time: 0.4809  data_time: 0.1779  memory: 2100  grad_norm: 12.7465  loss: 0.4781  loss_cls: 0.1205  loss_bbox: 0.2555  loss_mask: 0.1021
2026/08/05 14:22:52 - mmengine - INFO - Epoch(train)  [36][60/68]  base_lr: 1.2500e-04 lr: 1.2500e-04  eta: 0:36:21  time: 0.4829  data_time: 0.1818  memory: 2125  grad_norm: 12.6052  loss: 0.4819  loss_cls: 0.1228  loss_bbox: 0.2574  loss_mask: 0.1017
2026/08/05 14:22:56 - mmengine - INFO - Exp name: rtmdet_ins_busi_20260805_135702
2026/08/05 14:22:56 - mmengine - INFO - Saving checkpoint at 36 epochs
2026/08/05 14:22:59 - mmengine - INFO - Epoch(val)  [36][ 10/116]    eta: 0:00:03  time: 0.0427  data_time: 0.0146  memory: 2109  
2026/08/05 14:22:59 - mmengine - INFO - Epoch(val)  [36][ 20/116]    eta: 0:00:03  time: 0.0384  data_time: 0.0113  memory: 119  
2026/08/05 14:23:00 - mmengine - INFO - Epoch(val)  [36][ 30/116]    eta: 0:00:02  time: 0.0367  data_time: 0.0100  memory: 112  
2026/08/05 14:23:00 - mmengine - INFO - Epoch(val)  [36][ 40/116]    eta: 0:00:02  time: 0.0345  data_time: 0.0076  memory: 129  
2026/08/05 14:23:00 - mmengine - INFO - Epoch(val)  [36][ 50/116]    eta: 0:00:02  time: 0.0331  data_time: 0.0063  memory: 139  
2026/08/05 14:23:01 - mmengine - INFO - Epoch(val)  [36][ 60/116]    eta: 0:00:01  time: 0.0348  data_time: 0.0071  memory: 126  
2026/08/05 14:23:01 - mmengine - INFO - Epoch(val)  [36][ 70/116]    eta: 0:00:01  time: 0.0365  data_time: 0.0072  memory: 127  
2026/08/05 14:23:02 - mmengine - INFO - Epoch(val)  [36][ 80/116]    eta: 0:00:01  time: 0.0371  data_time: 0.0075  memory: 127  
2026/08/05 14:23:02 - mmengine - INFO - Epoch(val)  [36][ 90/116]    eta: 0:00:00  time: 0.0379  data_time: 0.0080  memory: 120  
2026/08/05 14:23:02 - mmengine - INFO - Epoch(val)  [36][100/116]    eta: 0:00:00  time: 0.0388  data_time: 0.0079  memory: 155  
2026/08/05 14:23:03 - mmengine - INFO - Epoch(val)  [36][110/116]    eta: 0:00:00  time: 0.0380  data_time: 0.0072  memory: 132  
2026/08/05 14:23:03 - mmengine - INFO - Evaluating bbox...
2026/08/05 14:23:03 - mmengine - INFO - bbox_mAP_copypaste: 0.593 0.867 0.701 0.150 0.696 0.544
2026/08/05 14:23:03 - mmengine - INFO - Evaluating segm...
2026/08/05 14:23:03 - mmengine - INFO - segm_mAP_copypaste: 0.596 0.858 0.709 0.150 0.725 0.532
2026/08/05 14:23:03 - mmengine - INFO - Epoch(val) [36][116/116]    coco/bbox_mAP: 0.5930  coco/bbox_mAP_50: 0.8670  coco/bbox_mAP_75: 0.7010  coco/bbox_mAP_s: 0.1500  coco/bbox_mAP_m: 0.6960  coco/bbox_mAP_l: 0.5440  coco/segm_mAP: 0.5960  coco/segm_mAP_50: 0.8580  coco/segm_mAP_75: 0.7090  coco/segm_mAP_s: 0.1500  coco/segm_mAP_m: 0.7250  coco/segm_mAP_l: 0.5320  data_time: 0.0071  time: 0.0362
2026/08/05 14:23:08 - mmengine - INFO - Epoch(train)  [37][10/68]  base_lr: 1.2500e-04 lr: 1.2500e-04  eta: 0:36:12  time: 0.4896  data_time: 0.1902  memory: 2111  grad_norm: 13.0624  loss: 0.4873  loss_cls: 0.1227  loss_bbox: 0.2598  loss_mask: 0.1048
2026/08/05 14:23:13 - mmengine - INFO - Epoch(train)  [37][20/68]  base_lr: 1.2500e-04 lr: 1.2500e-04  eta: 0:36:06  time: 0.4883  data_time: 0.1861  memory: 2111  grad_norm: 13.0797  loss: 0.5021  loss_cls: 0.1259  loss_bbox: 0.2683  loss_mask: 0.1079
2026/08/05 14:23:18 - mmengine - INFO - Epoch(train)  [37][30/68]  base_lr: 1.2500e-04 lr: 1.2500e-04  eta: 0:36:01  time: 0.4925  data_time: 0.1843  memory: 2118  grad_norm: 13.0554  loss: 0.5076  loss_cls: 0.1290  loss_bbox: 0.2690  loss_mask: 0.1095
2026/08/05 14:23:22 - mmengine - INFO - Epoch(train)  [37][40/68]  base_lr: 1.2500e-04 lr: 1.2500e-04  eta: 0:35:56  time: 0.4878  data_time: 0.1764  memory: 2108  grad_norm: 12.3987  loss: 0.5093  loss_cls: 0.1335  loss_bbox: 0.2652  loss_mask: 0.1106
2026/08/05 14:23:27 - mmengine - INFO - Epoch(train)  [37][50/68]  base_lr: 1.2500e-04 lr: 1.2500e-04  eta: 0:35:50  time: 0.4788  data_time: 0.1652  memory: 2112  grad_norm: 11.5641  loss: 0.5065  loss_cls: 0.1335  loss_bbox: 0.2625  loss_mask: 0.1105
2026/08/05 14:23:32 - mmengine - INFO - Epoch(train)  [37][60/68]  base_lr: 1.2500e-04 lr: 1.2500e-04  eta: 0:35:45  time: 0.4721  data_time: 0.1645  memory: 2111  grad_norm: 11.3637  loss: 0.5023  loss_cls: 0.1327  loss_bbox: 0.2590  loss_mask: 0.1106
2026/08/05 14:23:35 - mmengine - INFO - Exp name: rtmdet_ins_busi_20260805_135702
2026/08/05 14:23:35 - mmengine - INFO - Saving checkpoint at 37 epochs
2026/08/05 14:23:38 - mmengine - INFO - Epoch(val)  [37][ 10/116]    eta: 0:00:03  time: 0.0373  data_time: 0.0074  memory: 2118  
2026/08/05 14:23:39 - mmengine - INFO - Epoch(val)  [37][ 20/116]    eta: 0:00:03  time: 0.0368  data_time: 0.0073  memory: 119  
2026/08/05 14:23:39 - mmengine - INFO - Epoch(val)  [37][ 30/116]    eta: 0:00:02  time: 0.0345  data_time: 0.0067  memory: 111  
2026/08/05 14:23:39 - mmengine - INFO - Epoch(val)  [37][ 40/116]    eta: 0:00:02  time: 0.0331  data_time: 0.0066  memory: 128  
2026/08/05 14:23:39 - mmengine - INFO - Epoch(val)  [37][ 50/116]    eta: 0:00:02  time: 0.0325  data_time: 0.0065  memory: 124  
2026/08/05 14:23:40 - mmengine - INFO - Epoch(val)  [37][ 60/116]    eta: 0:00:01  time: 0.0325  data_time: 0.0066  memory: 118  
2026/08/05 14:23:40 - mmengine - INFO - Epoch(val)  [37][ 70/116]    eta: 0:00:01  time: 0.0327  data_time: 0.0066  memory: 140  
2026/08/05 14:23:41 - mmengine - INFO - Epoch(val)  [37][ 80/116]    eta: 0:00:01  time: 0.0341  data_time: 0.0070  memory: 144  
2026/08/05 14:23:41 - mmengine - INFO - Epoch(val)  [37][ 90/116]    eta: 0:00:00  time: 0.0350  data_time: 0.0075  memory: 136  
2026/08/05 14:23:41 - mmengine - INFO - Epoch(val)  [37][100/116]    eta: 0:00:00  time: 0.0353  data_time: 0.0073  memory: 142  
2026/08/05 14:23:42 - mmengine - INFO - Epoch(val)  [37][110/116]    eta: 0:00:00  time: 0.0356  data_time: 0.0070  memory: 132  
2026/08/05 14:23:42 - mmengine - INFO - Evaluating bbox...
2026/08/05 14:23:42 - mmengine - INFO - bbox_mAP_copypaste: 0.603 0.886 0.717 0.200 0.699 0.547
2026/08/05 14:23:42 - mmengine - INFO - Evaluating segm...
2026/08/05 14:23:42 - mmengine - INFO - segm_mAP_copypaste: 0.616 0.862 0.724 0.100 0.737 0.548
2026/08/05 14:23:42 - mmengine - INFO - Epoch(val) [37][116/116]    coco/bbox_mAP: 0.6030  coco/bbox_mAP_50: 0.8860  coco/bbox_mAP_75: 0.7170  coco/bbox_mAP_s: 0.2000  coco/bbox_mAP_m: 0.6990  coco/bbox_mAP_l: 0.5470  coco/segm_mAP: 0.6160  coco/segm_mAP_50: 0.8620  coco/segm_mAP_75: 0.7240  coco/segm_mAP_s: 0.1000  coco/segm_mAP_m: 0.7370  coco/segm_mAP_l: 0.5480  data_time: 0.0069  time: 0.0341
2026/08/05 14:23:47 - mmengine - INFO - Epoch(train)  [38][10/68]  base_lr: 1.2500e-04 lr: 1.2500e-04  eta: 0:35:34  time: 0.4651  data_time: 0.1610  memory: 2116  grad_norm: 11.9331  loss: 0.5092  loss_cls: 0.1392  loss_bbox: 0.2623  loss_mask: 0.1077
2026/08/05 14:23:52 - mmengine - INFO - Epoch(train)  [38][20/68]  base_lr: 1.2500e-04 lr: 1.2500e-04  eta: 0:35:29  time: 0.4682  data_time: 0.1653  memory: 2111  grad_norm: 12.1215  loss: 0.5004  loss_cls: 0.1308  loss_bbox: 0.2642  loss_mask: 0.1054
2026/08/05 14:23:57 - mmengine - INFO - Epoch(train)  [38][30/68]  base_lr: 1.2500e-04 lr: 1.2500e-04  eta: 0:35:24  time: 0.4727  data_time: 0.1709  memory: 2111  grad_norm: 12.2836  loss: 0.4933  loss_cls: 0.1254  loss_bbox: 0.2636  loss_mask: 0.1043
2026/08/05 14:24:01 - mmengine - INFO - Epoch(train)  [38][40/68]  base_lr: 1.2500e-04 lr: 1.2500e-04  eta: 0:35:17  time: 0.4611  data_time: 0.1607  memory: 2120  grad_norm: 12.5795  loss: 0.4989  loss_cls: 0.1308  loss_bbox: 0.2636  loss_mask: 0.1045
2026/08/05 14:24:06 - mmengine - INFO - Epoch(train)  [38][50/68]  base_lr: 1.2500e-04 lr: 1.2500e-04  eta: 0:35:13  time: 0.4796  data_time: 0.1681  memory: 2111  grad_norm: 11.9067  loss: 0.4924  loss_cls: 0.1276  loss_bbox: 0.2595  loss_mask: 0.1053
2026/08/05 14:24:12 - mmengine - INFO - Epoch(train)  [38][60/68]  base_lr: 1.2500e-04 lr: 1.2500e-04  eta: 0:35:09  time: 0.4918  data_time: 0.1776  memory: 2120  grad_norm: 12.1251  loss: 0.4842  loss_cls: 0.1241  loss_bbox: 0.2561  loss_mask: 0.1040
2026/08/05 14:24:16 - mmengine - INFO - Exp name: rtmdet_ins_busi_20260805_135702
2026/08/05 14:24:16 - mmengine - INFO - Saving checkpoint at 38 epochs
2026/08/05 14:24:19 - mmengine - INFO - Epoch(val)  [38][ 10/116]    eta: 0:00:03  time: 0.0357  data_time: 0.0071  memory: 2111  
2026/08/05 14:24:20 - mmengine - INFO - Epoch(val)  [38][ 20/116]    eta: 0:00:03  time: 0.0343  data_time: 0.0070  memory: 118  
2026/08/05 14:24:20 - mmengine - INFO - Epoch(val)  [38][ 30/116]    eta: 0:00:02  time: 0.0331  data_time: 0.0067  memory: 111  
2026/08/05 14:24:20 - mmengine - INFO - Epoch(val)  [38][ 40/116]    eta: 0:00:02  time: 0.0331  data_time: 0.0064  memory: 128  
2026/08/05 14:24:21 - mmengine - INFO - Epoch(val)  [38][ 50/116]    eta: 0:00:02  time: 0.0328  data_time: 0.0064  memory: 142  
2026/08/05 14:24:21 - mmengine - INFO - Epoch(val)  [38][ 60/116]    eta: 0:00:01  time: 0.0327  data_time: 0.0062  memory: 126  
2026/08/05 14:24:21 - mmengine - INFO - Epoch(val)  [38][ 70/116]    eta: 0:00:01  time: 0.0329  data_time: 0.0060  memory: 136  
2026/08/05 14:24:22 - mmengine - INFO - Epoch(val)  [38][ 80/116]    eta: 0:00:01  time: 0.0335  data_time: 0.0058  memory: 144  
2026/08/05 14:24:22 - mmengine - INFO - Epoch(val)  [38][ 90/116]    eta: 0:00:00  time: 0.0335  data_time: 0.0062  memory: 146  
2026/08/05 14:24:22 - mmengine - INFO - Epoch(val)  [38][100/116]    eta: 0:00:00  time: 0.0358  data_time: 0.0086  memory: 169  
2026/08/05 14:24:23 - mmengine - INFO - Epoch(val)  [38][110/116]    eta: 0:00:00  time: 0.0367  data_time: 0.0097  memory: 126  
2026/08/05 14:24:23 - mmengine - INFO - Evaluating bbox...
2026/08/05 14:24:23 - mmengine - INFO - bbox_mAP_copypaste: 0.620 0.898 0.695 0.150 0.711 0.564
2026/08/05 14:24:23 - mmengine - INFO - Evaluating segm...
2026/08/05 14:24:23 - mmengine - INFO - segm_mAP_copypaste: 0.612 0.865 0.713 0.150 0.750 0.535
2026/08/05 14:24:23 - mmengine - INFO - Epoch(val) [38][116/116]    coco/bbox_mAP: 0.6200  coco/bbox_mAP_50: 0.8980  coco/bbox_mAP_75: 0.6950  coco/bbox_mAP_s: 0.1500  coco/bbox_mAP_m: 0.7110  coco/bbox_mAP_l: 0.5640  coco/segm_mAP: 0.6120  coco/segm_mAP_50: 0.8650  coco/segm_mAP_75: 0.7130  coco/segm_mAP_s: 0.1500  coco/segm_mAP_m: 0.7500  coco/segm_mAP_l: 0.5350  data_time: 0.0079  time: 0.0348
2026/08/05 14:24:29 - mmengine - INFO - Epoch(train)  [39][10/68]  base_lr: 1.2500e-04 lr: 1.2500e-04  eta: 0:35:03  time: 0.5315  data_time: 0.2081  memory: 2117  grad_norm: 12.1107  loss: 0.4659  loss_cls: 0.1189  loss_bbox: 0.2446  loss_mask: 0.1024
2026/08/05 14:24:35 - mmengine - INFO - Epoch(train)  [39][20/68]  base_lr: 1.2500e-04 lr: 1.2500e-04  eta: 0:34:59  time: 0.5634  data_time: 0.2275  memory: 2110  grad_norm: 12.4912  loss: 0.4621  loss_cls: 0.1158  loss_bbox: 0.2467  loss_mask: 0.0996
2026/08/05 14:24:41 - mmengine - INFO - Epoch(train)  [39][30/68]  base_lr: 1.2500e-04 lr: 1.2500e-04  eta: 0:34:55  time: 0.5809  data_time: 0.2495  memory: 2124  grad_norm: 12.3594  loss: 0.4620  loss_cls: 0.1151  loss_bbox: 0.2460  loss_mask: 0.1009
2026/08/05 14:24:46 - mmengine - INFO - Epoch(train)  [39][40/68]  base_lr: 1.2500e-04 lr: 1.2500e-04  eta: 0:34:51  time: 0.5796  data_time: 0.2578  memory: 2108  grad_norm: 12.3386  loss: 0.4675  loss_cls: 0.1153  loss_bbox: 0.2493  loss_mask: 0.1030
2026/08/05 14:24:52 - mmengine - INFO - Epoch(train)  [39][50/68]  base_lr: 1.2500e-04 lr: 1.2500e-04  eta: 0:34:47  time: 0.5695  data_time: 0.2454  memory: 2121  grad_norm: 12.3212  loss: 0.4736  loss_cls: 0.1171  loss_bbox: 0.2521  loss_mask: 0.1044
2026/08/05 14:24:57 - mmengine - INFO - Epoch(train)  [39][60/68]  base_lr: 1.2500e-04 lr: 1.2500e-04  eta: 0:34:42  time: 0.5594  data_time: 0.2496  memory: 2111  grad_norm: 12.1179  loss: 0.4781  loss_cls: 0.1230  loss_bbox: 0.2509  loss_mask: 0.1042
2026/08/05 14:25:02 - mmengine - INFO - Exp name: rtmdet_ins_busi_20260805_135702
2026/08/05 14:25:02 - mmengine - INFO - Saving checkpoint at 39 epochs
2026/08/05 14:25:05 - mmengine - INFO - Epoch(val)  [39][ 10/116]    eta: 0:00:03  time: 0.0381  data_time: 0.0105  memory: 2110  
2026/08/05 14:25:05 - mmengine - INFO - Epoch(val)  [39][ 20/116]    eta: 0:00:03  time: 0.0379  data_time: 0.0105  memory: 118  
2026/08/05 14:25:06 - mmengine - INFO - Epoch(val)  [39][ 30/116]    eta: 0:00:02  time: 0.0377  data_time: 0.0103  memory: 111  
2026/08/05 14:25:06 - mmengine - INFO - Epoch(val)  [39][ 40/116]    eta: 0:00:02  time: 0.0347  data_time: 0.0072  memory: 128  
2026/08/05 14:25:06 - mmengine - INFO - Epoch(val)  [39][ 50/116]    eta: 0:00:02  time: 0.0341  data_time: 0.0067  memory: 124  
2026/08/05 14:25:07 - mmengine - INFO - Epoch(val)  [39][ 60/116]    eta: 0:00:01  time: 0.0344  data_time: 0.0070  memory: 114  
2026/08/05 14:25:07 - mmengine - INFO - Epoch(val)  [39][ 70/116]    eta: 0:00:01  time: 0.0342  data_time: 0.0069  memory: 121  
2026/08/05 14:25:07 - mmengine - INFO - Epoch(val)  [39][ 80/116]    eta: 0:00:01  time: 0.0343  data_time: 0.0070  memory: 137  
2026/08/05 14:25:08 - mmengine - INFO - Epoch(val)  [39][ 90/116]    eta: 0:00:00  time: 0.0350  data_time: 0.0074  memory: 151  
2026/08/05 14:25:08 - mmengine - INFO - Epoch(val)  [39][100/116]    eta: 0:00:00  time: 0.0352  data_time: 0.0072  memory: 127  
2026/08/05 14:25:08 - mmengine - INFO - Epoch(val)  [39][110/116]    eta: 0:00:00  time: 0.0349  data_time: 0.0069  memory: 117  
2026/08/05 14:25:09 - mmengine - INFO - Evaluating bbox...
2026/08/05 14:25:09 - mmengine - INFO - bbox_mAP_copypaste: 0.609 0.894 0.740 0.100 0.698 0.561
2026/08/05 14:25:09 - mmengine - INFO - Evaluating segm...
2026/08/05 14:25:09 - mmengine - INFO - segm_mAP_copypaste: 0.617 0.871 0.726 0.150 0.734 0.556
2026/08/05 14:25:09 - mmengine - INFO - Epoch(val) [39][116/116]    coco/bbox_mAP: 0.6090  coco/bbox_mAP_50: 0.8940  coco/bbox_mAP_75: 0.7400  coco/bbox_mAP_s: 0.1000  coco/bbox_mAP_m: 0.6980  coco/bbox_mAP_l: 0.5610  coco/segm_mAP: 0.6170  coco/segm_mAP_50: 0.8710  coco/segm_mAP_75: 0.7260  coco/segm_mAP_s: 0.1500  coco/segm_mAP_m: 0.7340  coco/segm_mAP_l: 0.5560  data_time: 0.0070  time: 0.0345
2026/08/05 14:25:14 - mmengine - INFO - Epoch(train)  [40][10/68]  base_lr: 1.2500e-04 lr: 1.2500e-04  eta: 0:34:35  time: 0.5520  data_time: 0.2478  memory: 2112  grad_norm: 12.6207  loss: 0.4884  loss_cls: 0.1353  loss_bbox: 0.2476  loss_mask: 0.1055
2026/08/05 14:25:19 - mmengine - INFO - Epoch(train)  [40][20/68]  base_lr: 1.2500e-04 lr: 1.2500e-04  eta: 0:34:30  time: 0.5387  data_time: 0.2304  memory: 2110  grad_norm: 13.1172  loss: 0.5029  loss_cls: 0.1433  loss_bbox: 0.2543  loss_mask: 0.1053
2026/08/05 14:25:23 - mmengine - INFO - Epoch(train)  [40][30/68]  base_lr: 1.2500e-04 lr: 1.2500e-04  eta: 0:34:24  time: 0.5235  data_time: 0.2151  memory: 2112  grad_norm: 13.2013  loss: 0.5004  loss_cls: 0.1404  loss_bbox: 0.2556  loss_mask: 0.1044
2026/08/05 14:25:28 - mmengine - INFO - Epoch(train)  [40][40/68]  base_lr: 1.2500e-04 lr: 1.2500e-04  eta: 0:34:19  time: 0.5122  data_time: 0.2023  memory: 2123  grad_norm: 13.0782  loss: 0.5051  loss_cls: 0.1388  loss_bbox: 0.2620  loss_mask: 0.1043
2026/08/05 14:25:33 - mmengine - INFO - Epoch(train)  [40][50/68]  base_lr: 1.2500e-04 lr: 1.2500e-04  eta: 0:34:14  time: 0.4838  data_time: 0.1699  memory: 2121  grad_norm: 12.5988  loss: 0.4861  loss_cls: 0.1241  loss_bbox: 0.2588  loss_mask: 0.1032
2026/08/05 14:25:38 - mmengine - INFO - Epoch(train)  [40][60/68]  base_lr: 1.2500e-04 lr: 1.2500e-04  eta: 0:34:08  time: 0.4762  data_time: 0.1719  memory: 2112  grad_norm: 12.7628  loss: 0.4963  loss_cls: 0.1265  loss_bbox: 0.2636  loss_mask: 0.1062
2026/08/05 14:25:41 - mmengine - INFO - Exp name: rtmdet_ins_busi_20260805_135702
2026/08/05 14:25:41 - mmengine - INFO - Saving checkpoint at 40 epochs
2026/08/05 14:25:44 - mmengine - INFO - Epoch(val)  [40][ 10/116]    eta: 0:00:04  time: 0.0374  data_time: 0.0075  memory: 2112  
2026/08/05 14:25:44 - mmengine - INFO - Epoch(val)  [40][ 20/116]    eta: 0:00:04  time: 0.0386  data_time: 0.0077  memory: 126  
2026/08/05 14:25:45 - mmengine - INFO - Epoch(val)  [40][ 30/116]    eta: 0:00:03  time: 0.0395  data_time: 0.0075  memory: 111  
2026/08/05 14:25:45 - mmengine - INFO - Epoch(val)  [40][ 40/116]    eta: 0:00:03  time: 0.0409  data_time: 0.0076  memory: 121  
2026/08/05 14:25:46 - mmengine - INFO - Epoch(val)  [40][ 50/116]    eta: 0:00:02  time: 0.0419  data_time: 0.0077  memory: 130  
2026/08/05 14:25:46 - mmengine - INFO - Epoch(val)  [40][ 60/116]    eta: 0:00:02  time: 0.0407  data_time: 0.0077  memory: 118  
2026/08/05 14:25:46 - mmengine - INFO - Epoch(val)  [40][ 70/116]    eta: 0:00:01  time: 0.0397  data_time: 0.0075  memory: 121  
2026/08/05 14:25:47 - mmengine - INFO - Epoch(val)  [40][ 80/116]    eta: 0:00:01  time: 0.0405  data_time: 0.0078  memory: 134  
2026/08/05 14:25:47 - mmengine - INFO - Epoch(val)  [40][ 90/116]    eta: 0:00:01  time: 0.0407  data_time: 0.0083  memory: 146  
2026/08/05 14:25:48 - mmengine - INFO - Epoch(val)  [40][100/116]    eta: 0:00:00  time: 0.0428  data_time: 0.0088  memory: 146  
2026/08/05 14:25:48 - mmengine - INFO - Epoch(val)  [40][110/116]    eta: 0:00:00  time: 0.0443  data_time: 0.0091  memory: 122  
2026/08/05 14:25:48 - mmengine - INFO - Evaluating bbox...
2026/08/05 14:25:49 - mmengine - INFO - bbox_mAP_copypaste: 0.611 0.880 0.675 0.100 0.703 0.560
2026/08/05 14:25:49 - mmengine - INFO - Evaluating segm...
2026/08/05 14:25:49 - mmengine - INFO - segm_mAP_copypaste: 0.599 0.860 0.710 0.100 0.712 0.537
2026/08/05 14:25:49 - mmengine - INFO - Epoch(val) [40][116/116]    coco/bbox_mAP: 0.6110  coco/bbox_mAP_50: 0.8800  coco/bbox_mAP_75: 0.6750  coco/bbox_mAP_s: 0.1000  coco/bbox_mAP_m: 0.7030  coco/bbox_mAP_l: 0.5600  coco/segm_mAP: 0.5990  coco/segm_mAP_50: 0.8600  coco/segm_mAP_75: 0.7100  coco/segm_mAP_s: 0.1000  coco/segm_mAP_m: 0.7120  coco/segm_mAP_l: 0.5370  data_time: 0.0084  time: 0.0424
2026/08/05 14:25:54 - mmengine - INFO - Epoch(train)  [41][10/68]  base_lr: 1.2500e-04 lr: 1.2500e-04  eta: 0:33:58  time: 0.4712  data_time: 0.1669  memory: 2131  grad_norm: 11.9410  loss: 0.4839  loss_cls: 0.1237  loss_bbox: 0.2548  loss_mask: 0.1054
2026/08/05 14:25:59 - mmengine - INFO - Epoch(train)  [41][20/68]  base_lr: 1.2500e-04 lr: 1.2500e-04  eta: 0:33:53  time: 0.4754  data_time: 0.1657  memory: 2108  grad_norm: 11.7864  loss: 0.4847  loss_cls: 0.1261  loss_bbox: 0.2534  loss_mask: 0.1052
2026/08/05 14:26:03 - mmengine - INFO - Epoch(train)  [41][30/68]  base_lr: 1.2500e-04 lr: 1.2500e-04  eta: 0:33:47  time: 0.4654  data_time: 0.1574  memory: 2112  grad_norm: 11.5635  loss: 0.4778  loss_cls: 0.1235  loss_bbox: 0.2481  loss_mask: 0.1062
2026/08/05 14:26:08 - mmengine - INFO - Epoch(train)  [41][40/68]  base_lr: 1.2500e-04 lr: 1.2500e-04  eta: 0:33:41  time: 0.4637  data_time: 0.1551  memory: 2118  grad_norm: 11.5670  loss: 0.4687  loss_cls: 0.1203  loss_bbox: 0.2436  loss_mask: 0.1047
2026/08/05 14:26:12 - mmengine - INFO - Epoch(train)  [41][50/68]  base_lr: 1.2500e-04 lr: 1.2500e-04  eta: 0:33:35  time: 0.4625  data_time: 0.1531  memory: 2102  grad_norm: 11.6095  loss: 0.4675  loss_cls: 0.1186  loss_bbox: 0.2444  loss_mask: 0.1046
2026/08/05 14:26:16 - mmengine - INFO - Epoch(train)  [41][60/68]  base_lr: 1.2500e-04 lr: 1.2500e-04  eta: 0:33:29  time: 0.4451  data_time: 0.1478  memory: 2111  grad_norm: 11.7336  loss: 0.4715  loss_cls: 0.1150  loss_bbox: 0.2510  loss_mask: 0.1056
2026/08/05 14:26:19 - mmengine - INFO - Exp name: rtmdet_ins_busi_20260805_135702
2026/08/05 14:26:19 - mmengine - INFO - Saving checkpoint at 41 epochs
2026/08/05 14:26:25 - mmengine - INFO - Epoch(val)  [41][ 10/116]    eta: 0:00:03  time: 0.0429  data_time: 0.0090  memory: 2118  
2026/08/05 14:26:25 - mmengine - INFO - Epoch(val)  [41][ 20/116]    eta: 0:00:03  time: 0.0407  data_time: 0.0084  memory: 114  
2026/08/05 14:26:26 - mmengine - INFO - Epoch(val)  [41][ 30/116]    eta: 0:00:02  time: 0.0366  data_time: 0.0068  memory: 114  
2026/08/05 14:26:26 - mmengine - INFO - Epoch(val)  [41][ 40/116]    eta: 0:00:02  time: 0.0341  data_time: 0.0059  memory: 136  
2026/08/05 14:26:27 - mmengine - INFO - Epoch(val)  [41][ 50/116]    eta: 0:00:02  time: 0.0335  data_time: 0.0060  memory: 130  
2026/08/05 14:26:27 - mmengine - INFO - Epoch(val)  [41][ 60/116]    eta: 0:00:01  time: 0.0348  data_time: 0.0063  memory: 118  
2026/08/05 14:26:27 - mmengine - INFO - Epoch(val)  [41][ 70/116]    eta: 0:00:01  time: 0.0359  data_time: 0.0065  memory: 122  
2026/08/05 14:26:28 - mmengine - INFO - Epoch(val)  [41][ 80/116]    eta: 0:00:01  time: 0.0371  data_time: 0.0067  memory: 144  
2026/08/05 14:26:28 - mmengine - INFO - Epoch(val)  [41][ 90/116]    eta: 0:00:00  time: 0.0378  data_time: 0.0075  memory: 138  
2026/08/05 14:26:28 - mmengine - INFO - Epoch(val)  [41][100/116]    eta: 0:00:00  time: 0.0370  data_time: 0.0071  memory: 146  
2026/08/05 14:26:29 - mmengine - INFO - Epoch(val)  [41][110/116]    eta: 0:00:00  time: 0.0366  data_time: 0.0071  memory: 126  
2026/08/05 14:26:29 - mmengine - INFO - Evaluating bbox...
2026/08/05 14:26:29 - mmengine - INFO - bbox_mAP_copypaste: 0.605 0.857 0.708 0.300 0.718 0.542
2026/08/05 14:26:29 - mmengine - INFO - Evaluating segm...
2026/08/05 14:26:29 - mmengine - INFO - segm_mAP_copypaste: 0.600 0.846 0.692 0.300 0.731 0.528
2026/08/05 14:26:29 - mmengine - INFO - Epoch(val) [41][116/116]    coco/bbox_mAP: 0.6050  coco/bbox_mAP_50: 0.8570  coco/bbox_mAP_75: 0.7080  coco/bbox_mAP_s: 0.3000  coco/bbox_mAP_m: 0.7180  coco/bbox_mAP_l: 0.5420  coco/segm_mAP: 0.6000  coco/segm_mAP_50: 0.8460  coco/segm_mAP_75: 0.6920  coco/segm_mAP_s: 0.3000  coco/segm_mAP_m: 0.7310  coco/segm_mAP_l: 0.5280  data_time: 0.0066  time: 0.0355
2026/08/05 14:26:34 - mmengine - INFO - Epoch(train)  [42][10/68]  base_lr: 1.2500e-04 lr: 1.2500e-04  eta: 0:33:18  time: 0.4251  data_time: 0.1381  memory: 2112  grad_norm: 12.3295  loss: 0.4877  loss_cls: 0.1215  loss_bbox: 0.2601  loss_mask: 0.1060
2026/08/05 14:26:38 - mmengine - INFO - Epoch(train)  [42][20/68]  base_lr: 1.2500e-04 lr: 1.2500e-04  eta: 0:33:12  time: 0.4276  data_time: 0.1372  memory: 2119  grad_norm: 12.4214  loss: 0.4965  loss_cls: 0.1223  loss_bbox: 0.2655  loss_mask: 0.1087
2026/08/05 14:26:43 - mmengine - INFO - Epoch(train)  [42][30/68]  base_lr: 1.2500e-04 lr: 1.2500e-04  eta: 0:33:07  time: 0.4390  data_time: 0.1441  memory: 2123  grad_norm: 12.2465  loss: 0.4888  loss_cls: 0.1235  loss_bbox: 0.2570  loss_mask: 0.1083
2026/08/05 14:26:48 - mmengine - INFO - Epoch(train)  [42][40/68]  base_lr: 1.2500e-04 lr: 1.2500e-04  eta: 0:33:01  time: 0.4446  data_time: 0.1458  memory: 2111  grad_norm: 12.0560  loss: 0.4801  loss_cls: 0.1236  loss_bbox: 0.2498  loss_mask: 0.1067
2026/08/05 14:26:52 - mmengine - INFO - Epoch(train)  [42][50/68]  base_lr: 1.2500e-04 lr: 1.2500e-04  eta: 0:32:56  time: 0.4572  data_time: 0.1519  memory: 2114  grad_norm: 11.6500  loss: 0.4760  loss_cls: 0.1242  loss_bbox: 0.2457  loss_mask: 0.1061
2026/08/05 14:26:57 - mmengine - INFO - Epoch(train)  [42][60/68]  base_lr: 1.2500e-04 lr: 1.2500e-04  eta: 0:32:50  time: 0.4601  data_time: 0.1531  memory: 2111  grad_norm: 11.3660  loss: 0.4639  loss_cls: 0.1169  loss_bbox: 0.2419  loss_mask: 0.1050
2026/08/05 14:27:01 - mmengine - INFO - Exp name: rtmdet_ins_busi_20260805_135702
2026/08/05 14:27:01 - mmengine - INFO - Saving checkpoint at 42 epochs
2026/08/05 14:27:03 - mmengine - INFO - Epoch(val)  [42][ 10/116]    eta: 0:00:03  time: 0.0366  data_time: 0.0076  memory: 2112  
2026/08/05 14:27:04 - mmengine - INFO - Epoch(val)  [42][ 20/116]    eta: 0:00:03  time: 0.0361  data_time: 0.0074  memory: 118  
2026/08/05 14:27:04 - mmengine - INFO - Epoch(val)  [42][ 30/116]    eta: 0:00:02  time: 0.0354  data_time: 0.0069  memory: 118  
2026/08/05 14:27:04 - mmengine - INFO - Epoch(val)  [42][ 40/116]    eta: 0:00:02  time: 0.0352  data_time: 0.0067  memory: 140  
2026/08/05 14:27:05 - mmengine - INFO - Epoch(val)  [42][ 50/116]    eta: 0:00:02  time: 0.0348  data_time: 0.0067  memory: 142  
2026/08/05 14:27:05 - mmengine - INFO - Epoch(val)  [42][ 60/116]    eta: 0:00:01  time: 0.0349  data_time: 0.0069  memory: 111  
2026/08/05 14:27:05 - mmengine - INFO - Epoch(val)  [42][ 70/116]    eta: 0:00:01  time: 0.0344  data_time: 0.0068  memory: 114  
2026/08/05 14:27:06 - mmengine - INFO - Epoch(val)  [42][ 80/116]    eta: 0:00:01  time: 0.0346  data_time: 0.0069  memory: 127  
2026/08/05 14:27:06 - mmengine - INFO - Epoch(val)  [42][ 90/116]    eta: 0:00:00  time: 0.0349  data_time: 0.0073  memory: 132  
2026/08/05 14:27:06 - mmengine - INFO - Epoch(val)  [42][100/116]    eta: 0:00:00  time: 0.0352  data_time: 0.0072  memory: 131  
2026/08/05 14:27:07 - mmengine - INFO - Epoch(val)  [42][110/116]    eta: 0:00:00  time: 0.0350  data_time: 0.0069  memory: 135  
2026/08/05 14:27:07 - mmengine - INFO - Evaluating bbox...
2026/08/05 14:27:07 - mmengine - INFO - bbox_mAP_copypaste: 0.608 0.863 0.667 0.150 0.723 0.543
2026/08/05 14:27:07 - mmengine - INFO - Evaluating segm...
2026/08/05 14:27:07 - mmengine - INFO - segm_mAP_copypaste: 0.602 0.841 0.708 0.150 0.731 0.531
2026/08/05 14:27:07 - mmengine - INFO - Epoch(val) [42][116/116]    coco/bbox_mAP: 0.6080  coco/bbox_mAP_50: 0.8630  coco/bbox_mAP_75: 0.6670  coco/bbox_mAP_s: 0.1500  coco/bbox_mAP_m: 0.7230  coco/bbox_mAP_l: 0.5430  coco/segm_mAP: 0.6020  coco/segm_mAP_50: 0.8410  coco/segm_mAP_75: 0.7080  coco/segm_mAP_s: 0.1500  coco/segm_mAP_m: 0.7310  coco/segm_mAP_l: 0.5310  data_time: 0.0069  time: 0.0349
2026/08/05 14:27:12 - mmengine - INFO - Epoch(train)  [43][10/68]  base_lr: 1.2500e-04 lr: 1.2500e-04  eta: 0:32:40  time: 0.4575  data_time: 0.1501  memory: 2111  grad_norm: 11.6678  loss: 0.4658  loss_cls: 0.1191  loss_bbox: 0.2428  loss_mask: 0.1039
2026/08/05 14:27:16 - mmengine - INFO - Epoch(train)  [43][20/68]  base_lr: 1.2500e-04 lr: 1.2500e-04  eta: 0:32:35  time: 0.4546  data_time: 0.1496  memory: 2113  grad_norm: 11.8419  loss: 0.4727  loss_cls: 0.1240  loss_bbox: 0.2452  loss_mask: 0.1036
2026/08/05 14:27:21 - mmengine - INFO - Epoch(train)  [43][30/68]  base_lr: 1.2500e-04 lr: 1.2500e-04  eta: 0:32:29  time: 0.4546  data_time: 0.1515  memory: 2112  grad_norm: 11.5809  loss: 0.4633  loss_cls: 0.1174  loss_bbox: 0.2441  loss_mask: 0.1018
2026/08/05 14:27:25 - mmengine - INFO - Epoch(train)  [43][40/68]  base_lr: 1.2500e-04 lr: 1.2500e-04  eta: 0:32:23  time: 0.4541  data_time: 0.1521  memory: 2111  grad_norm: 11.7103  loss: 0.4585  loss_cls: 0.1152  loss_bbox: 0.2422  loss_mask: 0.1012
2026/08/05 14:27:30 - mmengine - INFO - Epoch(train)  [43][50/68]  base_lr: 1.2500e-04 lr: 1.2500e-04  eta: 0:32:18  time: 0.4488  data_time: 0.1504  memory: 2109  grad_norm: 11.6843  loss: 0.4512  loss_cls: 0.1132  loss_bbox: 0.2387  loss_mask: 0.0993
2026/08/05 14:27:34 - mmengine - INFO - Epoch(train)  [43][60/68]  base_lr: 1.2500e-04 lr: 1.2500e-04  eta: 0:32:12  time: 0.4476  data_time: 0.1501  memory: 2121  grad_norm: 12.0890  loss: 0.4565  loss_cls: 0.1133  loss_bbox: 0.2446  loss_mask: 0.0986
2026/08/05 14:27:37 - mmengine - INFO - Exp name: rtmdet_ins_busi_20260805_135702
2026/08/05 14:27:37 - mmengine - INFO - Saving checkpoint at 43 epochs
2026/08/05 14:27:40 - mmengine - INFO - Epoch(val)  [43][ 10/116]    eta: 0:00:03  time: 0.0349  data_time: 0.0068  memory: 2122  
2026/08/05 14:27:40 - mmengine - INFO - Epoch(val)  [43][ 20/116]    eta: 0:00:02  time: 0.0338  data_time: 0.0065  memory: 119  
2026/08/05 14:27:40 - mmengine - INFO - Epoch(val)  [43][ 30/116]    eta: 0:00:02  time: 0.0323  data_time: 0.0058  memory: 114  
2026/08/05 14:27:41 - mmengine - INFO - Epoch(val)  [43][ 40/116]    eta: 0:00:02  time: 0.0312  data_time: 0.0054  memory: 125  
2026/08/05 14:27:41 - mmengine - INFO - Epoch(val)  [43][ 50/116]    eta: 0:00:02  time: 0.0310  data_time: 0.0054  memory: 130  
2026/08/05 14:27:41 - mmengine - INFO - Epoch(val)  [43][ 60/116]    eta: 0:00:01  time: 0.0309  data_time: 0.0057  memory: 111  
2026/08/05 14:27:42 - mmengine - INFO - Epoch(val)  [43][ 70/116]    eta: 0:00:01  time: 0.0306  data_time: 0.0057  memory: 118  
2026/08/05 14:27:42 - mmengine - INFO - Epoch(val)  [43][ 80/116]    eta: 0:00:01  time: 0.0312  data_time: 0.0058  memory: 134  
2026/08/05 14:27:42 - mmengine - INFO - Epoch(val)  [43][ 90/116]    eta: 0:00:00  time: 0.0317  data_time: 0.0062  memory: 138  
2026/08/05 14:27:43 - mmengine - INFO - Epoch(val)  [43][100/116]    eta: 0:00:00  time: 0.0314  data_time: 0.0060  memory: 149  
2026/08/05 14:27:43 - mmengine - INFO - Epoch(val)  [43][110/116]    eta: 0:00:00  time: 0.0321  data_time: 0.0060  memory: 122  
2026/08/05 14:27:43 - mmengine - INFO - Evaluating bbox...
2026/08/05 14:27:43 - mmengine - INFO - bbox_mAP_copypaste: 0.606 0.866 0.703 0.150 0.700 0.551
2026/08/05 14:27:43 - mmengine - INFO - Evaluating segm...
2026/08/05 14:27:43 - mmengine - INFO - segm_mAP_copypaste: 0.610 0.851 0.703 0.150 0.734 0.541
2026/08/05 14:27:43 - mmengine - INFO - Epoch(val) [43][116/116]    coco/bbox_mAP: 0.6060  coco/bbox_mAP_50: 0.8660  coco/bbox_mAP_75: 0.7030  coco/bbox_mAP_s: 0.1500  coco/bbox_mAP_m: 0.7000  coco/bbox_mAP_l: 0.5510  coco/segm_mAP: 0.6100  coco/segm_mAP_50: 0.8510  coco/segm_mAP_75: 0.7030  coco/segm_mAP_s: 0.1500  coco/segm_mAP_m: 0.7340  coco/segm_mAP_l: 0.5410  data_time: 0.0058  time: 0.0314
2026/08/05 14:27:47 - mmengine - INFO - Epoch(train)  [44][10/68]  base_lr: 1.2500e-04 lr: 1.2500e-04  eta: 0:32:01  time: 0.4355  data_time: 0.1414  memory: 2112  grad_norm: 12.2236  loss: 0.4595  loss_cls: 0.1146  loss_bbox: 0.2441  loss_mask: 0.1009
2026/08/05 14:27:51 - mmengine - INFO - Epoch(train)  [44][20/68]  base_lr: 1.2500e-04 lr: 1.2500e-04  eta: 0:31:55  time: 0.4250  data_time: 0.1348  memory: 2110  grad_norm: 12.1836  loss: 0.4583  loss_cls: 0.1130  loss_bbox: 0.2452  loss_mask: 0.1001
2026/08/05 14:27:56 - mmengine - INFO - Epoch(train)  [44][30/68]  base_lr: 1.2500e-04 lr: 1.2500e-04  eta: 0:31:49  time: 0.4192  data_time: 0.1343  memory: 2118  grad_norm: 11.9340  loss: 0.4600  loss_cls: 0.1137  loss_bbox: 0.2448  loss_mask: 0.1015
2026/08/05 14:28:00 - mmengine - INFO - Epoch(train)  [44][40/68]  base_lr: 1.2500e-04 lr: 1.2500e-04  eta: 0:31:43  time: 0.4136  data_time: 0.1336  memory: 2110  grad_norm: 11.4794  loss: 0.4549  loss_cls: 0.1131  loss_bbox: 0.2416  loss_mask: 0.1003
2026/08/05 14:28:04 - mmengine - INFO - Epoch(train)  [44][50/68]  base_lr: 1.2500e-04 lr: 1.2500e-04  eta: 0:31:37  time: 0.4112  data_time: 0.1320  memory: 2120  grad_norm: 10.6145  loss: 0.4460  loss_cls: 0.1106  loss_bbox: 0.2366  loss_mask: 0.0989
2026/08/05 14:28:08 - mmengine - INFO - Epoch(train)  [44][60/68]  base_lr: 1.2500e-04 lr: 1.2500e-04  eta: 0:31:31  time: 0.4165  data_time: 0.1369  memory: 2112  grad_norm: 11.1454  loss: 0.4550  loss_cls: 0.1137  loss_bbox: 0.2396  loss_mask: 0.1017
2026/08/05 14:28:11 - mmengine - INFO - Exp name: rtmdet_ins_busi_20260805_135702
2026/08/05 14:28:11 - mmengine - INFO - Saving checkpoint at 44 epochs
2026/08/05 14:28:13 - mmengine - INFO - Epoch(val)  [44][ 10/116]    eta: 0:00:03  time: 0.0322  data_time: 0.0063  memory: 2112  
2026/08/05 14:28:14 - mmengine - INFO - Epoch(val)  [44][ 20/116]    eta: 0:00:02  time: 0.0316  data_time: 0.0062  memory: 122  
2026/08/05 14:28:14 - mmengine - INFO - Epoch(val)  [44][ 30/116]    eta: 0:00:02  time: 0.0307  data_time: 0.0061  memory: 120  
2026/08/05 14:28:14 - mmengine - INFO - Epoch(val)  [44][ 40/116]    eta: 0:00:02  time: 0.0301  data_time: 0.0058  memory: 121  
2026/08/05 14:28:15 - mmengine - INFO - Epoch(val)  [44][ 50/116]    eta: 0:00:01  time: 0.0300  data_time: 0.0062  memory: 126  
2026/08/05 14:28:15 - mmengine - INFO - Epoch(val)  [44][ 60/116]    eta: 0:00:01  time: 0.0303  data_time: 0.0061  memory: 118  
2026/08/05 14:28:15 - mmengine - INFO - Epoch(val)  [44][ 70/116]    eta: 0:00:01  time: 0.0302  data_time: 0.0059  memory: 118  
2026/08/05 14:28:16 - mmengine - INFO - Epoch(val)  [44][ 80/116]    eta: 0:00:01  time: 0.0306  data_time: 0.0058  memory: 134  
2026/08/05 14:28:16 - mmengine - INFO - Epoch(val)  [44][ 90/116]    eta: 0:00:00  time: 0.0305  data_time: 0.0062  memory: 127  
2026/08/05 14:28:16 - mmengine - INFO - Epoch(val)  [44][100/116]    eta: 0:00:00  time: 0.0303  data_time: 0.0057  memory: 134  
2026/08/05 14:28:16 - mmengine - INFO - Epoch(val)  [44][110/116]    eta: 0:00:00  time: 0.0298  data_time: 0.0053  memory: 118  
2026/08/05 14:28:17 - mmengine - INFO - Evaluating bbox...
2026/08/05 14:28:17 - mmengine - INFO - bbox_mAP_copypaste: 0.614 0.881 0.717 0.150 0.721 0.561
2026/08/05 14:28:17 - mmengine - INFO - Evaluating segm...
2026/08/05 14:28:17 - mmengine - INFO - segm_mAP_copypaste: 0.605 0.858 0.716 0.150 0.744 0.535
2026/08/05 14:28:17 - mmengine - INFO - Epoch(val) [44][116/116]    coco/bbox_mAP: 0.6140  coco/bbox_mAP_50: 0.8810  coco/bbox_mAP_75: 0.7170  coco/bbox_mAP_s: 0.1500  coco/bbox_mAP_m: 0.7210  coco/bbox_mAP_l: 0.5610  coco/segm_mAP: 0.6050  coco/segm_mAP_50: 0.8580  coco/segm_mAP_75: 0.7160  coco/segm_mAP_s: 0.1500  coco/segm_mAP_m: 0.7440  coco/segm_mAP_l: 0.5350  data_time: 0.0058  time: 0.0301
2026/08/05 14:28:20 - mmengine - INFO - Exp name: rtmdet_ins_busi_20260805_135702
2026/08/05 14:28:21 - mmengine - INFO - Epoch(train)  [45][10/68]  base_lr: 1.2500e-04 lr: 1.2500e-04  eta: 0:31:20  time: 0.4134  data_time: 0.1339  memory: 2109  grad_norm: 11.7196  loss: 0.4534  loss_cls: 0.1127  loss_bbox: 0.2376  loss_mask: 0.1032
2026/08/05 14:28:25 - mmengine - INFO - Epoch(train)  [45][20/68]  base_lr: 1.2500e-04 lr: 1.2500e-04  eta: 0:31:14  time: 0.4067  data_time: 0.1280  memory: 2127  grad_norm: 11.4888  loss: 0.4553  loss_cls: 0.1114  loss_bbox: 0.2382  loss_mask: 0.1056
2026/08/05 14:28:29 - mmengine - INFO - Epoch(train)  [45][30/68]  base_lr: 1.2500e-04 lr: 1.2500e-04  eta: 0:31:07  time: 0.4046  data_time: 0.1262  memory: 2119  grad_norm: 11.6289  loss: 0.4592  loss_cls: 0.1107  loss_bbox: 0.2428  loss_mask: 0.1057
2026/08/05 14:28:33 - mmengine - INFO - Epoch(train)  [45][40/68]  base_lr: 1.2500e-04 lr: 1.2500e-04  eta: 0:31:02  time: 0.4055  data_time: 0.1284  memory: 2122  grad_norm: 11.4296  loss: 0.4524  loss_cls: 0.1082  loss_bbox: 0.2421  loss_mask: 0.1021
2026/08/05 14:28:38 - mmengine - INFO - Epoch(train)  [45][50/68]  base_lr: 1.2500e-04 lr: 1.2500e-04  eta: 0:30:56  time: 0.4146  data_time: 0.1318  memory: 2112  grad_norm: 11.4460  loss: 0.4473  loss_cls: 0.1054  loss_bbox: 0.2395  loss_mask: 0.1024
2026/08/05 14:28:42 - mmengine - INFO - Epoch(train)  [45][60/68]  base_lr: 1.2500e-04 lr: 1.2500e-04  eta: 0:30:51  time: 0.4295  data_time: 0.1429  memory: 2111  grad_norm: 11.4088  loss: 0.4571  loss_cls: 0.1100  loss_bbox: 0.2448  loss_mask: 0.1023
2026/08/05 14:28:46 - mmengine - INFO - Exp name: rtmdet_ins_busi_20260805_135702
2026/08/05 14:28:46 - mmengine - INFO - Saving checkpoint at 45 epochs
2026/08/05 14:28:49 - mmengine - INFO - Epoch(val)  [45][ 10/116]    eta: 0:00:04  time: 0.0320  data_time: 0.0061  memory: 2118  
2026/08/05 14:28:49 - mmengine - INFO - Epoch(val)  [45][ 20/116]    eta: 0:00:03  time: 0.0327  data_time: 0.0060  memory: 111  
2026/08/05 14:28:49 - mmengine - INFO - Epoch(val)  [45][ 30/116]    eta: 0:00:03  time: 0.0335  data_time: 0.0060  memory: 118  
2026/08/05 14:28:50 - mmengine - INFO - Epoch(val)  [45][ 40/116]    eta: 0:00:02  time: 0.0352  data_time: 0.0065  memory: 119  
2026/08/05 14:28:50 - mmengine - INFO - Epoch(val)  [45][ 50/116]    eta: 0:00:02  time: 0.0366  data_time: 0.0070  memory: 136  
2026/08/05 14:28:50 - mmengine - INFO - Epoch(val)  [45][ 60/116]    eta: 0:00:02  time: 0.0361  data_time: 0.0072  memory: 118  
2026/08/05 14:28:51 - mmengine - INFO - Epoch(val)  [45][ 70/116]    eta: 0:00:01  time: 0.0360  data_time: 0.0072  memory: 111  
2026/08/05 14:28:51 - mmengine - INFO - Epoch(val)  [45][ 80/116]    eta: 0:00:01  time: 0.0362  data_time: 0.0073  memory: 137  
2026/08/05 14:28:51 - mmengine - INFO - Epoch(val)  [45][ 90/116]    eta: 0:00:00  time: 0.0358  data_time: 0.0076  memory: 132  
2026/08/05 14:28:52 - mmengine - INFO - Epoch(val)  [45][100/116]    eta: 0:00:00  time: 0.0350  data_time: 0.0074  memory: 127  
2026/08/05 14:28:52 - mmengine - INFO - Epoch(val)  [45][110/116]    eta: 0:00:00  time: 0.0339  data_time: 0.0070  memory: 111  
2026/08/05 14:28:52 - mmengine - INFO - Evaluating bbox...
2026/08/05 14:28:52 - mmengine - INFO - bbox_mAP_copypaste: 0.603 0.855 0.714 0.133 0.688 0.552
2026/08/05 14:28:52 - mmengine - INFO - Evaluating segm...
2026/08/05 14:28:52 - mmengine - INFO - segm_mAP_copypaste: 0.596 0.846 0.733 0.100 0.711 0.532
2026/08/05 14:28:52 - mmengine - INFO - Epoch(val) [45][116/116]    coco/bbox_mAP: 0.6030  coco/bbox_mAP_50: 0.8550  coco/bbox_mAP_75: 0.7140  coco/bbox_mAP_s: 0.1330  coco/bbox_mAP_m: 0.6880  coco/bbox_mAP_l: 0.5520  coco/segm_mAP: 0.5960  coco/segm_mAP_50: 0.8460  coco/segm_mAP_75: 0.7330  coco/segm_mAP_s: 0.1000  coco/segm_mAP_m: 0.7110  coco/segm_mAP_l: 0.5320  data_time: 0.0071  time: 0.0352
2026/08/05 14:28:57 - mmengine - INFO - Epoch(train)  [46][10/68]  base_lr: 1.2500e-04 lr: 1.2500e-04  eta: 0:30:42  time: 0.4580  data_time: 0.1602  memory: 2109  grad_norm: 11.8071  loss: 0.4656  loss_cls: 0.1160  loss_bbox: 0.2469  loss_mask: 0.1027
2026/08/05 14:29:03 - mmengine - INFO - Epoch(train)  [46][20/68]  base_lr: 1.2500e-04 lr: 1.2500e-04  eta: 0:30:37  time: 0.4828  data_time: 0.1704  memory: 2111  grad_norm: 12.2335  loss: 0.4607  loss_cls: 0.1107  loss_bbox: 0.2461  loss_mask: 0.1039
2026/08/05 14:29:09 - mmengine - INFO - Epoch(train)  [46][30/68]  base_lr: 1.2500e-04 lr: 1.2500e-04  eta: 0:30:34  time: 0.5276  data_time: 0.1913  memory: 2111  grad_norm: 12.2219  loss: 0.4580  loss_cls: 0.1111  loss_bbox: 0.2452  loss_mask: 0.1017
2026/08/05 14:29:15 - mmengine - INFO - Epoch(train)  [46][40/68]  base_lr: 1.2500e-04 lr: 1.2500e-04  eta: 0:30:30  time: 0.5380  data_time: 0.1938  memory: 2112  grad_norm: 12.4762  loss: 0.4491  loss_cls: 0.1082  loss_bbox: 0.2374  loss_mask: 0.1034
2026/08/05 14:29:19 - mmengine - INFO - Epoch(train)  [46][50/68]  base_lr: 1.2500e-04 lr: 1.2500e-04  eta: 0:30:25  time: 0.5397  data_time: 0.1909  memory: 2119  grad_norm: 11.8586  loss: 0.4432  loss_cls: 0.1084  loss_bbox: 0.2334  loss_mask: 0.1013
2026/08/05 14:29:24 - mmengine - INFO - Epoch(train)  [46][60/68]  base_lr: 1.2500e-04 lr: 1.2500e-04  eta: 0:30:19  time: 0.5326  data_time: 0.1854  memory: 2111  grad_norm: 11.7569  loss: 0.4417  loss_cls: 0.1078  loss_bbox: 0.2347  loss_mask: 0.0993
2026/08/05 14:29:28 - mmengine - INFO - Exp name: rtmdet_ins_busi_20260805_135702
2026/08/05 14:29:28 - mmengine - INFO - Saving checkpoint at 46 epochs
2026/08/05 14:29:30 - mmengine - INFO - Epoch(val)  [46][ 10/116]    eta: 0:00:03  time: 0.0340  data_time: 0.0071  memory: 2111  
2026/08/05 14:29:31 - mmengine - INFO - Epoch(val)  [46][ 20/116]    eta: 0:00:03  time: 0.0338  data_time: 0.0071  memory: 118  
2026/08/05 14:29:31 - mmengine - INFO - Epoch(val)  [46][ 30/116]    eta: 0:00:03  time: 0.0339  data_time: 0.0068  memory: 111  
2026/08/05 14:29:31 - mmengine - INFO - Epoch(val)  [46][ 40/116]    eta: 0:00:02  time: 0.0347  data_time: 0.0068  memory: 121  
2026/08/05 14:29:32 - mmengine - INFO - Epoch(val)  [46][ 50/116]    eta: 0:00:02  time: 0.0357  data_time: 0.0070  memory: 124  
2026/08/05 14:29:32 - mmengine - INFO - Epoch(val)  [46][ 60/116]    eta: 0:00:02  time: 0.0361  data_time: 0.0073  memory: 114  
2026/08/05 14:29:32 - mmengine - INFO - Epoch(val)  [46][ 70/116]    eta: 0:00:01  time: 0.0358  data_time: 0.0072  memory: 116  
2026/08/05 14:29:33 - mmengine - INFO - Epoch(val)  [46][ 80/116]    eta: 0:00:01  time: 0.0358  data_time: 0.0072  memory: 127  
2026/08/05 14:29:33 - mmengine - INFO - Epoch(val)  [46][ 90/116]    eta: 0:00:00  time: 0.0362  data_time: 0.0076  memory: 120  
2026/08/05 14:29:33 - mmengine - INFO - Epoch(val)  [46][100/116]    eta: 0:00:00  time: 0.0355  data_time: 0.0073  memory: 143  
2026/08/05 14:29:34 - mmengine - INFO - Epoch(val)  [46][110/116]    eta: 0:00:00  time: 0.0351  data_time: 0.0069  memory: 129  
2026/08/05 14:29:34 - mmengine - INFO - Evaluating bbox...
2026/08/05 14:29:34 - mmengine - INFO - bbox_mAP_copypaste: 0.618 0.862 0.707 0.200 0.724 0.555
2026/08/05 14:29:34 - mmengine - INFO - Evaluating segm...
2026/08/05 14:29:34 - mmengine - INFO - segm_mAP_copypaste: 0.600 0.844 0.707 0.150 0.731 0.527
2026/08/05 14:29:34 - mmengine - INFO - Epoch(val) [46][116/116]    coco/bbox_mAP: 0.6180  coco/bbox_mAP_50: 0.8620  coco/bbox_mAP_75: 0.7070  coco/bbox_mAP_s: 0.2000  coco/bbox_mAP_m: 0.7240  coco/bbox_mAP_l: 0.5550  coco/segm_mAP: 0.6000  coco/segm_mAP_50: 0.8440  coco/segm_mAP_75: 0.7070  coco/segm_mAP_s: 0.1500  coco/segm_mAP_m: 0.7310  coco/segm_mAP_l: 0.5270  data_time: 0.0071  time: 0.0355
2026/08/05 14:29:39 - mmengine - INFO - Epoch(train)  [47][10/68]  base_lr: 1.2500e-04 lr: 1.2500e-04  eta: 0:30:10  time: 0.4945  data_time: 0.1712  memory: 2111  grad_norm: 11.5704  loss: 0.4637  loss_cls: 0.1190  loss_bbox: 0.2396  loss_mask: 0.1051
2026/08/05 14:29:44 - mmengine - INFO - Epoch(train)  [47][20/68]  base_lr: 1.2500e-04 lr: 1.2500e-04  eta: 0:30:05  time: 0.4713  data_time: 0.1595  memory: 2119  grad_norm: 11.1117  loss: 0.4718  loss_cls: 0.1182  loss_bbox: 0.2478  loss_mask: 0.1059
2026/08/05 14:29:49 - mmengine - INFO - Epoch(train)  [47][30/68]  base_lr: 1.2500e-04 lr: 1.2500e-04  eta: 0:30:00  time: 0.4750  data_time: 0.1635  memory: 2122  grad_norm: 11.3011  loss: 0.4692  loss_cls: 0.1165  loss_bbox: 0.2482  loss_mask: 0.1046
2026/08/05 14:29:54 - mmengine - INFO - Epoch(train)  [47][40/68]  base_lr: 1.2500e-04 lr: 1.2500e-04  eta: 0:29:55  time: 0.4822  data_time: 0.1676  memory: 2101  grad_norm: 11.8351  loss: 0.4661  loss_cls: 0.1166  loss_bbox: 0.2440  loss_mask: 0.1055
2026/08/05 14:29:58 - mmengine - INFO - Epoch(train)  [47][50/68]  base_lr: 1.2500e-04 lr: 1.2500e-04  eta: 0:29:50  time: 0.4859  data_time: 0.1670  memory: 2111  grad_norm: 11.7686  loss: 0.4657  loss_cls: 0.1165  loss_bbox: 0.2458  loss_mask: 0.1034
2026/08/05 14:30:03 - mmengine - INFO - Epoch(train)  [47][60/68]  base_lr: 1.2500e-04 lr: 1.2500e-04  eta: 0:29:45  time: 0.4799  data_time: 0.1628  memory: 2112  grad_norm: 11.3929  loss: 0.4579  loss_cls: 0.1143  loss_bbox: 0.2432  loss_mask: 0.1004
2026/08/05 14:30:07 - mmengine - INFO - Exp name: rtmdet_ins_busi_20260805_135702
2026/08/05 14:30:07 - mmengine - INFO - Saving checkpoint at 47 epochs
2026/08/05 14:30:10 - mmengine - INFO - Epoch(val)  [47][ 10/116]    eta: 0:00:04  time: 0.0362  data_time: 0.0073  memory: 2112  
2026/08/05 14:30:11 - mmengine - INFO - Epoch(val)  [47][ 20/116]    eta: 0:00:03  time: 0.0362  data_time: 0.0072  memory: 132  
2026/08/05 14:30:11 - mmengine - INFO - Epoch(val)  [47][ 30/116]    eta: 0:00:03  time: 0.0370  data_time: 0.0072  memory: 118  
2026/08/05 14:30:12 - mmengine - INFO - Epoch(val)  [47][ 40/116]    eta: 0:00:02  time: 0.0372  data_time: 0.0070  memory: 117  
2026/08/05 14:30:12 - mmengine - INFO - Epoch(val)  [47][ 50/116]    eta: 0:00:02  time: 0.0380  data_time: 0.0073  memory: 142  
2026/08/05 14:30:12 - mmengine - INFO - Epoch(val)  [47][ 60/116]    eta: 0:00:02  time: 0.0379  data_time: 0.0074  memory: 114  
2026/08/05 14:30:13 - mmengine - INFO - Epoch(val)  [47][ 70/116]    eta: 0:00:01  time: 0.0368  data_time: 0.0072  memory: 126  
2026/08/05 14:30:13 - mmengine - INFO - Epoch(val)  [47][ 80/116]    eta: 0:00:01  time: 0.0366  data_time: 0.0071  memory: 147  
2026/08/05 14:30:13 - mmengine - INFO - Epoch(val)  [47][ 90/116]    eta: 0:00:00  time: 0.0369  data_time: 0.0075  memory: 138  
2026/08/05 14:30:14 - mmengine - INFO - Epoch(val)  [47][100/116]    eta: 0:00:00  time: 0.0362  data_time: 0.0072  memory: 145  
2026/08/05 14:30:14 - mmengine - INFO - Epoch(val)  [47][110/116]    eta: 0:00:00  time: 0.0353  data_time: 0.0069  memory: 115  
2026/08/05 14:30:14 - mmengine - INFO - Evaluating bbox...
2026/08/05 14:30:14 - mmengine - INFO - bbox_mAP_copypaste: 0.601 0.865 0.728 0.200 0.697 0.555
2026/08/05 14:30:14 - mmengine - INFO - Evaluating segm...
2026/08/05 14:30:14 - mmengine - INFO - segm_mAP_copypaste: 0.604 0.858 0.729 0.400 0.735 0.539
2026/08/05 14:30:15 - mmengine - INFO - Epoch(val) [47][116/116]    coco/bbox_mAP: 0.6010  coco/bbox_mAP_50: 0.8650  coco/bbox_mAP_75: 0.7280  coco/bbox_mAP_s: 0.2000  coco/bbox_mAP_m: 0.6970  coco/bbox_mAP_l: 0.5550  coco/segm_mAP: 0.6040  coco/segm_mAP_50: 0.8580  coco/segm_mAP_75: 0.7290  coco/segm_mAP_s: 0.4000  coco/segm_mAP_m: 0.7350  coco/segm_mAP_l: 0.5390  data_time: 0.0072  time: 0.0368
2026/08/05 14:30:19 - mmengine - INFO - Epoch(train)  [48][10/68]  base_lr: 1.2500e-04 lr: 1.2500e-04  eta: 0:29:36  time: 0.4861  data_time: 0.1640  memory: 2123  grad_norm: 11.1321  loss: 0.4568  loss_cls: 0.1175  loss_bbox: 0.2386  loss_mask: 0.1007
2026/08/05 14:30:24 - mmengine - INFO - Epoch(train)  [48][20/68]  base_lr: 1.2500e-04 lr: 1.2500e-04  eta: 0:29:31  time: 0.4804  data_time: 0.1618  memory: 2121  grad_norm: 11.2474  loss: 0.4512  loss_cls: 0.1134  loss_bbox: 0.2378  loss_mask: 0.1000
2026/08/05 14:30:29 - mmengine - INFO - Epoch(train)  [48][30/68]  base_lr: 1.2500e-04 lr: 1.2500e-04  eta: 0:29:25  time: 0.4797  data_time: 0.1626  memory: 2101  grad_norm: 11.4827  loss: 0.4679  loss_cls: 0.1202  loss_bbox: 0.2450  loss_mask: 0.1026
2026/08/05 14:30:33 - mmengine - INFO - Epoch(train)  [48][40/68]  base_lr: 1.2500e-04 lr: 1.2500e-04  eta: 0:29:20  time: 0.4759  data_time: 0.1575  memory: 2122  grad_norm: 11.0694  loss: 0.4627  loss_cls: 0.1148  loss_bbox: 0.2463  loss_mask: 0.1016
2026/08/05 14:30:38 - mmengine - INFO - Epoch(train)  [48][50/68]  base_lr: 1.2500e-04 lr: 1.2500e-04  eta: 0:29:15  time: 0.4707  data_time: 0.1555  memory: 2112  grad_norm: 10.9772  loss: 0.4517  loss_cls: 0.1057  loss_bbox: 0.2462  loss_mask: 0.0998
2026/08/05 14:30:43 - mmengine - INFO - Epoch(train)  [48][60/68]  base_lr: 1.2500e-04 lr: 1.2500e-04  eta: 0:29:10  time: 0.4670  data_time: 0.1550  memory: 2101  grad_norm: 11.1466  loss: 0.4645  loss_cls: 0.1134  loss_bbox: 0.2503  loss_mask: 0.1008
2026/08/05 14:30:46 - mmengine - INFO - Exp name: rtmdet_ins_busi_20260805_135702
2026/08/05 14:30:46 - mmengine - INFO - Saving checkpoint at 48 epochs
2026/08/05 14:30:49 - mmengine - INFO - Epoch(val)  [48][ 10/116]    eta: 0:00:03  time: 0.0361  data_time: 0.0073  memory: 2122  
2026/08/05 14:30:49 - mmengine - INFO - Epoch(val)  [48][ 20/116]    eta: 0:00:03  time: 0.0358  data_time: 0.0072  memory: 127  
2026/08/05 14:30:50 - mmengine - INFO - Epoch(val)  [48][ 30/116]    eta: 0:00:03  time: 0.0353  data_time: 0.0069  memory: 116  
2026/08/05 14:30:50 - mmengine - INFO - Epoch(val)  [48][ 40/116]    eta: 0:00:02  time: 0.0349  data_time: 0.0067  memory: 112  
2026/08/05 14:30:50 - mmengine - INFO - Epoch(val)  [48][ 50/116]    eta: 0:00:02  time: 0.0343  data_time: 0.0067  memory: 136  
2026/08/05 14:30:51 - mmengine - INFO - Epoch(val)  [48][ 60/116]    eta: 0:00:01  time: 0.0343  data_time: 0.0069  memory: 122  
2026/08/05 14:30:51 - mmengine - INFO - Epoch(val)  [48][ 70/116]    eta: 0:00:01  time: 0.0336  data_time: 0.0067  memory: 112  
2026/08/05 14:30:51 - mmengine - INFO - Epoch(val)  [48][ 80/116]    eta: 0:00:01  time: 0.0335  data_time: 0.0066  memory: 140  
2026/08/05 14:30:52 - mmengine - INFO - Epoch(val)  [48][ 90/116]    eta: 0:00:00  time: 0.0342  data_time: 0.0069  memory: 146  
2026/08/05 14:30:52 - mmengine - INFO - Epoch(val)  [48][100/116]    eta: 0:00:00  time: 0.0344  data_time: 0.0068  memory: 128  
2026/08/05 14:30:52 - mmengine - INFO - Epoch(val)  [48][110/116]    eta: 0:00:00  time: 0.0340  data_time: 0.0065  memory: 122  
2026/08/05 14:30:53 - mmengine - INFO - Evaluating bbox...
2026/08/05 14:30:53 - mmengine - INFO - bbox_mAP_copypaste: 0.610 0.856 0.737 0.100 0.718 0.558
2026/08/05 14:30:53 - mmengine - INFO - Evaluating segm...
2026/08/05 14:30:53 - mmengine - INFO - segm_mAP_copypaste: 0.591 0.843 0.665 0.100 0.730 0.524
2026/08/05 14:30:53 - mmengine - INFO - Epoch(val) [48][116/116]    coco/bbox_mAP: 0.6100  coco/bbox_mAP_50: 0.8560  coco/bbox_mAP_75: 0.7370  coco/bbox_mAP_s: 0.1000  coco/bbox_mAP_m: 0.7180  coco/bbox_mAP_l: 0.5580  coco/segm_mAP: 0.5910  coco/segm_mAP_50: 0.8430  coco/segm_mAP_75: 0.6650  coco/segm_mAP_s: 0.1000  coco/segm_mAP_m: 0.7300  coco/segm_mAP_l: 0.5240  data_time: 0.0068  time: 0.0343
2026/08/05 14:30:58 - mmengine - INFO - Epoch(train)  [49][10/68]  base_lr: 1.2500e-04 lr: 1.2500e-04  eta: 0:29:01  time: 0.4804  data_time: 0.1620  memory: 2120  grad_norm: 10.8266  loss: 0.4569  loss_cls: 0.1156  loss_bbox: 0.2434  loss_mask: 0.0979
2026/08/05 14:31:04 - mmengine - INFO - Epoch(train)  [49][20/68]  base_lr: 1.2500e-04 lr: 1.2500e-04  eta: 0:28:56  time: 0.4924  data_time: 0.1673  memory: 2123  grad_norm: 10.8078  loss: 0.4499  loss_cls: 0.1151  loss_bbox: 0.2379  loss_mask: 0.0969
2026/08/05 14:31:08 - mmengine - INFO - Epoch(train)  [49][30/68]  base_lr: 1.2500e-04 lr: 1.2500e-04  eta: 0:28:51  time: 0.4952  data_time: 0.1702  memory: 2112  grad_norm: 10.8735  loss: 0.4515  loss_cls: 0.1160  loss_bbox: 0.2363  loss_mask: 0.0992
2026/08/05 14:31:13 - mmengine - INFO - Epoch(train)  [49][40/68]  base_lr: 1.2500e-04 lr: 1.2500e-04  eta: 0:28:46  time: 0.4903  data_time: 0.1650  memory: 2114  grad_norm: 10.8520  loss: 0.4330  loss_cls: 0.1063  loss_bbox: 0.2295  loss_mask: 0.0971
2026/08/05 14:31:17 - mmengine - INFO - Epoch(train)  [49][50/68]  base_lr: 1.2500e-04 lr: 1.2500e-04  eta: 0:28:40  time: 0.4907  data_time: 0.1653  memory: 2117  grad_norm: 10.5893  loss: 0.4315  loss_cls: 0.1019  loss_bbox: 0.2330  loss_mask: 0.0966
2026/08/05 14:31:22 - mmengine - INFO - Epoch(train)  [49][60/68]  base_lr: 1.2500e-04 lr: 1.2500e-04  eta: 0:28:35  time: 0.4731  data_time: 0.1558  memory: 2108  grad_norm: 11.0836  loss: 0.4461  loss_cls: 0.1034  loss_bbox: 0.2433  loss_mask: 0.0994
2026/08/05 14:31:25 - mmengine - INFO - Exp name: rtmdet_ins_busi_20260805_135702
2026/08/05 14:31:25 - mmengine - INFO - Saving checkpoint at 49 epochs
2026/08/05 14:31:28 - mmengine - INFO - Epoch(val)  [49][ 10/116]    eta: 0:00:03  time: 0.0352  data_time: 0.0071  memory: 2110  
2026/08/05 14:31:28 - mmengine - INFO - Epoch(val)  [49][ 20/116]    eta: 0:00:03  time: 0.0347  data_time: 0.0072  memory: 116  
2026/08/05 14:31:29 - mmengine - INFO - Epoch(val)  [49][ 30/116]    eta: 0:00:02  time: 0.0342  data_time: 0.0068  memory: 120  
2026/08/05 14:31:29 - mmengine - INFO - Epoch(val)  [49][ 40/116]    eta: 0:00:02  time: 0.0345  data_time: 0.0065  memory: 140  
2026/08/05 14:31:29 - mmengine - INFO - Epoch(val)  [49][ 50/116]    eta: 0:00:02  time: 0.0343  data_time: 0.0066  memory: 136  
2026/08/05 14:31:30 - mmengine - INFO - Epoch(val)  [49][ 60/116]    eta: 0:00:01  time: 0.0341  data_time: 0.0067  memory: 111  
2026/08/05 14:31:30 - mmengine - INFO - Epoch(val)  [49][ 70/116]    eta: 0:00:01  time: 0.0342  data_time: 0.0067  memory: 130  
2026/08/05 14:31:30 - mmengine - INFO - Epoch(val)  [49][ 80/116]    eta: 0:00:01  time: 0.0346  data_time: 0.0068  memory: 140  
2026/08/05 14:31:31 - mmengine - INFO - Epoch(val)  [49][ 90/116]    eta: 0:00:00  time: 0.0354  data_time: 0.0072  memory: 151  
2026/08/05 14:31:31 - mmengine - INFO - Epoch(val)  [49][100/116]    eta: 0:00:00  time: 0.0349  data_time: 0.0070  memory: 142  
2026/08/05 14:31:31 - mmengine - INFO - Epoch(val)  [49][110/116]    eta: 0:00:00  time: 0.0346  data_time: 0.0068  memory: 145  
2026/08/05 14:31:32 - mmengine - INFO - Evaluating bbox...
2026/08/05 14:31:32 - mmengine - INFO - bbox_mAP_copypaste: 0.597 0.883 0.684 0.150 0.696 0.541
2026/08/05 14:31:32 - mmengine - INFO - Evaluating segm...
2026/08/05 14:31:32 - mmengine - INFO - segm_mAP_copypaste: 0.594 0.856 0.714 0.150 0.733 0.520
2026/08/05 14:31:32 - mmengine - INFO - Epoch(val) [49][116/116]    coco/bbox_mAP: 0.5970  coco/bbox_mAP_50: 0.8830  coco/bbox_mAP_75: 0.6840  coco/bbox_mAP_s: 0.1500  coco/bbox_mAP_m: 0.6960  coco/bbox_mAP_l: 0.5410  coco/segm_mAP: 0.5940  coco/segm_mAP_50: 0.8560  coco/segm_mAP_75: 0.7140  coco/segm_mAP_s: 0.1500  coco/segm_mAP_m: 0.7330  coco/segm_mAP_l: 0.5200  data_time: 0.0068  time: 0.0345
2026/08/05 14:31:36 - mmengine - INFO - Epoch(train)  [50][10/68]  base_lr: 1.2500e-04 lr: 1.2500e-04  eta: 0:28:25  time: 0.4527  data_time: 0.1444  memory: 2117  grad_norm: 11.4268  loss: 0.4646  loss_cls: 0.1103  loss_bbox: 0.2529  loss_mask: 0.1013
2026/08/05 14:31:41 - mmengine - INFO - Epoch(train)  [50][20/68]  base_lr: 1.2500e-04 lr: 1.2500e-04  eta: 0:28:20  time: 0.4498  data_time: 0.1439  memory: 2112  grad_norm: 11.6168  loss: 0.4641  loss_cls: 0.1100  loss_bbox: 0.2534  loss_mask: 0.1008
2026/08/05 14:31:46 - mmengine - INFO - Epoch(train)  [50][30/68]  base_lr: 1.2500e-04 lr: 1.2500e-04  eta: 0:28:15  time: 0.4529  data_time: 0.1472  memory: 2110  grad_norm: 11.7448  loss: 0.4708  loss_cls: 0.1133  loss_bbox: 0.2556  loss_mask: 0.1018
2026/08/05 14:31:51 - mmengine - INFO - Epoch(train)  [50][40/68]  base_lr: 1.2500e-04 lr: 1.2500e-04  eta: 0:28:10  time: 0.4664  data_time: 0.1536  memory: 2113  grad_norm: 11.7280  loss: 0.4589  loss_cls: 0.1125  loss_bbox: 0.2475  loss_mask: 0.0990
2026/08/05 14:31:56 - mmengine - INFO - Epoch(train)  [50][50/68]  base_lr: 1.2500e-04 lr: 1.2500e-04  eta: 0:28:05  time: 0.4783  data_time: 0.1566  memory: 2122  grad_norm: 11.9251  loss: 0.4535  loss_cls: 0.1100  loss_bbox: 0.2463  loss_mask: 0.0972
2026/08/05 14:32:01 - mmengine - INFO - Epoch(train)  [50][60/68]  base_lr: 1.2500e-04 lr: 1.2500e-04  eta: 0:28:00  time: 0.4830  data_time: 0.1601  memory: 2110  grad_norm: 12.3106  loss: 0.4525  loss_cls: 0.1114  loss_bbox: 0.2432  loss_mask: 0.0978
2026/08/05 14:32:04 - mmengine - INFO - Exp name: rtmdet_ins_busi_20260805_135702
2026/08/05 14:32:04 - mmengine - INFO - Saving checkpoint at 50 epochs
2026/08/05 14:32:07 - mmengine - INFO - Epoch(val)  [50][ 10/116]    eta: 0:00:03  time: 0.0347  data_time: 0.0070  memory: 2112  
2026/08/05 14:32:07 - mmengine - INFO - Epoch(val)  [50][ 20/116]    eta: 0:00:03  time: 0.0338  data_time: 0.0068  memory: 116  
2026/08/05 14:32:07 - mmengine - INFO - Epoch(val)  [50][ 30/116]    eta: 0:00:02  time: 0.0331  data_time: 0.0065  memory: 111  
2026/08/05 14:32:08 - mmengine - INFO - Epoch(val)  [50][ 40/116]    eta: 0:00:02  time: 0.0332  data_time: 0.0064  memory: 117  
2026/08/05 14:32:08 - mmengine - INFO - Epoch(val)  [50][ 50/116]    eta: 0:00:02  time: 0.0335  data_time: 0.0064  memory: 130  
2026/08/05 14:32:08 - mmengine - INFO - Epoch(val)  [50][ 60/116]    eta: 0:00:01  time: 0.0335  data_time: 0.0067  memory: 114  
2026/08/05 14:32:09 - mmengine - INFO - Epoch(val)  [50][ 70/116]    eta: 0:00:01  time: 0.0338  data_time: 0.0069  memory: 114  
2026/08/05 14:32:09 - mmengine - INFO - Epoch(val)  [50][ 80/116]    eta: 0:00:01  time: 0.0343  data_time: 0.0071  memory: 128  
2026/08/05 14:32:09 - mmengine - INFO - Epoch(val)  [50][ 90/116]    eta: 0:00:00  time: 0.0347  data_time: 0.0075  memory: 151  
2026/08/05 14:32:10 - mmengine - INFO - Epoch(val)  [50][100/116]    eta: 0:00:00  time: 0.0343  data_time: 0.0075  memory: 128  
2026/08/05 14:32:10 - mmengine - INFO - Epoch(val)  [50][110/116]    eta: 0:00:00  time: 0.0343  data_time: 0.0073  memory: 126  
2026/08/05 14:32:10 - mmengine - INFO - Evaluating bbox...
2026/08/05 14:32:10 - mmengine - INFO - bbox_mAP_copypaste: 0.597 0.864 0.694 0.150 0.671 0.559
2026/08/05 14:32:10 - mmengine - INFO - Evaluating segm...
2026/08/05 14:32:10 - mmengine - INFO - segm_mAP_copypaste: 0.594 0.854 0.732 0.150 0.711 0.532
2026/08/05 14:32:10 - mmengine - INFO - Epoch(val) [50][116/116]    coco/bbox_mAP: 0.5970  coco/bbox_mAP_50: 0.8640  coco/bbox_mAP_75: 0.6940  coco/bbox_mAP_s: 0.1500  coco/bbox_mAP_m: 0.6710  coco/bbox_mAP_l: 0.5590  coco/segm_mAP: 0.5940  coco/segm_mAP_50: 0.8540  coco/segm_mAP_75: 0.7320  coco/segm_mAP_s: 0.1500  coco/segm_mAP_m: 0.7110  coco/segm_mAP_l: 0.5320  data_time: 0.0070  time: 0.0339
2026/08/05 14:32:15 - mmengine - INFO - Epoch(train)  [51][10/68]  base_lr: 1.2500e-04 lr: 1.2500e-04  eta: 0:27:51  time: 0.4805  data_time: 0.1549  memory: 2111  grad_norm: 12.1971  loss: 0.4481  loss_cls: 0.1111  loss_bbox: 0.2407  loss_mask: 0.0964
2026/08/05 14:32:20 - mmengine - INFO - Epoch(train)  [51][20/68]  base_lr: 1.2499e-04 lr: 1.2499e-04  eta: 0:27:45  time: 0.4739  data_time: 0.1520  memory: 2111  grad_norm: 12.0528  loss: 0.4435  loss_cls: 0.1064  loss_bbox: 0.2408  loss_mask: 0.0963
2026/08/05 14:32:25 - mmengine - INFO - Epoch(train)  [51][30/68]  base_lr: 1.2498e-04 lr: 1.2498e-04  eta: 0:27:40  time: 0.4648  data_time: 0.1523  memory: 2118  grad_norm: 11.8226  loss: 0.4472  loss_cls: 0.1111  loss_bbox: 0.2404  loss_mask: 0.0957
2026/08/05 14:32:29 - mmengine - INFO - Epoch(train)  [51][40/68]  base_lr: 1.2496e-04 lr: 1.2496e-04  eta: 0:27:35  time: 0.4641  data_time: 0.1535  memory: 2119  grad_norm: 11.6201  loss: 0.4400  loss_cls: 0.1059  loss_bbox: 0.2390  loss_mask: 0.0951
2026/08/05 14:32:34 - mmengine - INFO - Epoch(train)  [51][50/68]  base_lr: 1.2494e-04 lr: 1.2494e-04  eta: 0:27:30  time: 0.4720  data_time: 0.1599  memory: 2112  grad_norm: 11.1688  loss: 0.4338  loss_cls: 0.1039  loss_bbox: 0.2347  loss_mask: 0.0951
2026/08/05 14:32:39 - mmengine - INFO - Epoch(train)  [51][60/68]  base_lr: 1.2491e-04 lr: 1.2491e-04  eta: 0:27:25  time: 0.4752  data_time: 0.1608  memory: 2112  grad_norm: 11.1814  loss: 0.4434  loss_cls: 0.1113  loss_bbox: 0.2350  loss_mask: 0.0970
2026/08/05 14:32:43 - mmengine - INFO - Exp name: rtmdet_ins_busi_20260805_135702
2026/08/05 14:32:43 - mmengine - INFO - Saving checkpoint at 51 epochs
2026/08/05 14:32:46 - mmengine - INFO - Epoch(val)  [51][ 10/116]    eta: 0:00:04  time: 0.0356  data_time: 0.0074  memory: 2121  
2026/08/05 14:32:46 - mmengine - INFO - Epoch(val)  [51][ 20/116]    eta: 0:00:03  time: 0.0358  data_time: 0.0073  memory: 122  
2026/08/05 14:32:46 - mmengine - INFO - Epoch(val)  [51][ 30/116]    eta: 0:00:03  time: 0.0352  data_time: 0.0069  memory: 111  
2026/08/05 14:32:47 - mmengine - INFO - Epoch(val)  [51][ 40/116]    eta: 0:00:02  time: 0.0354  data_time: 0.0067  memory: 111  
2026/08/05 14:32:47 - mmengine - INFO - Epoch(val)  [51][ 50/116]    eta: 0:00:02  time: 0.0351  data_time: 0.0066  memory: 119  
2026/08/05 14:32:47 - mmengine - INFO - Epoch(val)  [51][ 60/116]    eta: 0:00:01  time: 0.0347  data_time: 0.0067  memory: 114  
2026/08/05 14:32:48 - mmengine - INFO - Epoch(val)  [51][ 70/116]    eta: 0:00:01  time: 0.0342  data_time: 0.0067  memory: 111  
2026/08/05 14:32:48 - mmengine - INFO - Epoch(val)  [51][ 80/116]    eta: 0:00:01  time: 0.0346  data_time: 0.0068  memory: 118  
2026/08/05 14:32:48 - mmengine - INFO - Epoch(val)  [51][ 90/116]    eta: 0:00:00  time: 0.0355  data_time: 0.0072  memory: 158  
2026/08/05 14:32:49 - mmengine - INFO - Epoch(val)  [51][100/116]    eta: 0:00:00  time: 0.0353  data_time: 0.0072  memory: 114  
2026/08/05 14:32:49 - mmengine - INFO - Epoch(val)  [51][110/116]    eta: 0:00:00  time: 0.0346  data_time: 0.0069  memory: 115  
2026/08/05 14:32:49 - mmengine - INFO - Evaluating bbox...
2026/08/05 14:32:49 - mmengine - INFO - bbox_mAP_copypaste: 0.625 0.862 0.730 0.150 0.716 0.573
2026/08/05 14:32:49 - mmengine - INFO - Evaluating segm...
2026/08/05 14:32:49 - mmengine - INFO - segm_mAP_copypaste: 0.600 0.846 0.696 0.150 0.718 0.538
2026/08/05 14:32:50 - mmengine - INFO - Epoch(val) [51][116/116]    coco/bbox_mAP: 0.6250  coco/bbox_mAP_50: 0.8620  coco/bbox_mAP_75: 0.7300  coco/bbox_mAP_s: 0.1500  coco/bbox_mAP_m: 0.7160  coco/bbox_mAP_l: 0.5730  coco/segm_mAP: 0.6000  coco/segm_mAP_50: 0.8460  coco/segm_mAP_75: 0.6960  coco/segm_mAP_s: 0.1500  coco/segm_mAP_m: 0.7180  coco/segm_mAP_l: 0.5380  data_time: 0.0069  time: 0.0351
2026/08/05 14:32:54 - mmengine - INFO - Epoch(train)  [52][10/68]  base_lr: 1.2485e-04 lr: 1.2485e-04  eta: 0:27:16  time: 0.4799  data_time: 0.1619  memory: 2112  grad_norm: 11.5828  loss: 0.4345  loss_cls: 0.1070  loss_bbox: 0.2268  loss_mask: 0.1006
2026/08/05 14:32:59 - mmengine - INFO - Epoch(train)  [52][20/68]  base_lr: 1.2481e-04 lr: 1.2481e-04  eta: 0:27:11  time: 0.4839  data_time: 0.1632  memory: 2112  grad_norm: 11.2696  loss: 0.4317  loss_cls: 0.1081  loss_bbox: 0.2242  loss_mask: 0.0994
2026/08/05 14:33:04 - mmengine - INFO - Epoch(train)  [52][30/68]  base_lr: 1.2476e-04 lr: 1.2476e-04  eta: 0:27:06  time: 0.4884  data_time: 0.1659  memory: 2112  grad_norm: 11.2934  loss: 0.4358  loss_cls: 0.1080  loss_bbox: 0.2265  loss_mask: 0.1012
2026/08/05 14:33:09 - mmengine - INFO - Epoch(train)  [52][40/68]  base_lr: 1.2471e-04 lr: 1.2471e-04  eta: 0:27:01  time: 0.4923  data_time: 0.1688  memory: 2122  grad_norm: 11.4883  loss: 0.4405  loss_cls: 0.1093  loss_bbox: 0.2294  loss_mask: 0.1018
2026/08/05 14:33:14 - mmengine - INFO - Epoch(train)  [52][50/68]  base_lr: 1.2465e-04 lr: 1.2465e-04  eta: 0:26:56  time: 0.4958  data_time: 0.1709  memory: 2111  grad_norm: 10.7477  loss: 0.4318  loss_cls: 0.1029  loss_bbox: 0.2299  loss_mask: 0.0990
2026/08/05 14:33:19 - mmengine - INFO - Epoch(train)  [52][60/68]  base_lr: 1.2459e-04 lr: 1.2459e-04  eta: 0:26:51  time: 0.4935  data_time: 0.1704  memory: 2112  grad_norm: 10.5532  loss: 0.4340  loss_cls: 0.1025  loss_bbox: 0.2312  loss_mask: 0.1003
2026/08/05 14:33:23 - mmengine - INFO - Exp name: rtmdet_ins_busi_20260805_135702
2026/08/05 14:33:23 - mmengine - INFO - Saving checkpoint at 52 epochs
2026/08/05 14:33:26 - mmengine - INFO - Epoch(val)  [52][ 10/116]    eta: 0:00:03  time: 0.0355  data_time: 0.0073  memory: 2122  
2026/08/05 14:33:26 - mmengine - INFO - Epoch(val)  [52][ 20/116]    eta: 0:00:03  time: 0.0364  data_time: 0.0074  memory: 119  
2026/08/05 14:33:27 - mmengine - INFO - Epoch(val)  [52][ 30/116]    eta: 0:00:03  time: 0.0365  data_time: 0.0071  memory: 111  
2026/08/05 14:33:27 - mmengine - INFO - Epoch(val)  [52][ 40/116]    eta: 0:00:02  time: 0.0375  data_time: 0.0069  memory: 116  
2026/08/05 14:33:28 - mmengine - INFO - Epoch(val)  [52][ 50/116]    eta: 0:00:02  time: 0.0386  data_time: 0.0072  memory: 124  
2026/08/05 14:33:28 - mmengine - INFO - Epoch(val)  [52][ 60/116]    eta: 0:00:02  time: 0.0395  data_time: 0.0075  memory: 111  
2026/08/05 14:33:28 - mmengine - INFO - Epoch(val)  [52][ 70/116]    eta: 0:00:01  time: 0.0388  data_time: 0.0074  memory: 118  
2026/08/05 14:33:29 - mmengine - INFO - Epoch(val)  [52][ 80/116]    eta: 0:00:01  time: 0.0384  data_time: 0.0073  memory: 141  
2026/08/05 14:33:29 - mmengine - INFO - Epoch(val)  [52][ 90/116]    eta: 0:00:00  time: 0.0378  data_time: 0.0076  memory: 138  
2026/08/05 14:33:29 - mmengine - INFO - Epoch(val)  [52][100/116]    eta: 0:00:00  time: 0.0376  data_time: 0.0074  memory: 119  
2026/08/05 14:33:30 - mmengine - INFO - Epoch(val)  [52][110/116]    eta: 0:00:00  time: 0.0363  data_time: 0.0070  memory: 117  
2026/08/05 14:33:30 - mmengine - INFO - Evaluating bbox...
2026/08/05 14:33:30 - mmengine - INFO - bbox_mAP_copypaste: 0.624 0.869 0.736 0.300 0.709 0.573
2026/08/05 14:33:30 - mmengine - INFO - Evaluating segm...
2026/08/05 14:33:30 - mmengine - INFO - segm_mAP_copypaste: 0.609 0.860 0.729 0.300 0.710 0.548
2026/08/05 14:33:30 - mmengine - INFO - Epoch(val) [52][116/116]    coco/bbox_mAP: 0.6240  coco/bbox_mAP_50: 0.8690  coco/bbox_mAP_75: 0.7360  coco/bbox_mAP_s: 0.3000  coco/bbox_mAP_m: 0.7090  coco/bbox_mAP_l: 0.5730  coco/segm_mAP: 0.6090  coco/segm_mAP_50: 0.8600  coco/segm_mAP_75: 0.7290  coco/segm_mAP_s: 0.3000  coco/segm_mAP_m: 0.7100  coco/segm_mAP_l: 0.5480  data_time: 0.0072  time: 0.0376
2026/08/05 14:33:35 - mmengine - INFO - Epoch(train)  [53][10/68]  base_lr: 1.2447e-04 lr: 1.2447e-04  eta: 0:26:42  time: 0.4879  data_time: 0.1675  memory: 2123  grad_norm: 11.2035  loss: 0.4311  loss_cls: 0.0987  loss_bbox: 0.2329  loss_mask: 0.0996
2026/08/05 14:33:39 - mmengine - INFO - Epoch(train)  [53][20/68]  base_lr: 1.2439e-04 lr: 1.2439e-04  eta: 0:26:37  time: 0.4778  data_time: 0.1645  memory: 2112  grad_norm: 11.3356  loss: 0.4229  loss_cls: 0.0967  loss_bbox: 0.2296  loss_mask: 0.0966
2026/08/05 14:33:44 - mmengine - INFO - Epoch(train)  [53][30/68]  base_lr: 1.2431e-04 lr: 1.2431e-04  eta: 0:26:32  time: 0.4660  data_time: 0.1583  memory: 2121  grad_norm: 11.5753  loss: 0.4240  loss_cls: 0.0938  loss_bbox: 0.2339  loss_mask: 0.0964
2026/08/05 14:33:49 - mmengine - INFO - Epoch(train)  [53][40/68]  base_lr: 1.2423e-04 lr: 1.2423e-04  eta: 0:26:27  time: 0.4687  data_time: 0.1639  memory: 2121  grad_norm: 11.7342  loss: 0.4246  loss_cls: 0.0959  loss_bbox: 0.2335  loss_mask: 0.0952
2026/08/05 14:33:54 - mmengine - INFO - Epoch(train)  [53][50/68]  base_lr: 1.2413e-04 lr: 1.2413e-04  eta: 0:26:22  time: 0.4686  data_time: 0.1639  memory: 2105  grad_norm: 11.0704  loss: 0.4266  loss_cls: 0.0956  loss_bbox: 0.2345  loss_mask: 0.0964
2026/08/05 14:33:58 - mmengine - INFO - Epoch(train)  [53][60/68]  base_lr: 1.2404e-04 lr: 1.2404e-04  eta: 0:26:16  time: 0.4633  data_time: 0.1589  memory: 2112  grad_norm: 11.1804  loss: 0.4194  loss_cls: 0.0951  loss_bbox: 0.2306  loss_mask: 0.0937
2026/08/05 14:34:02 - mmengine - INFO - Exp name: rtmdet_ins_busi_20260805_135702
2026/08/05 14:34:02 - mmengine - INFO - Saving checkpoint at 53 epochs
2026/08/05 14:34:04 - mmengine - INFO - Epoch(val)  [53][ 10/116]    eta: 0:00:03  time: 0.0360  data_time: 0.0072  memory: 2109  
2026/08/05 14:34:04 - mmengine - INFO - Epoch(val)  [53][ 20/116]    eta: 0:00:03  time: 0.0361  data_time: 0.0074  memory: 116  
2026/08/05 14:34:05 - mmengine - INFO - Epoch(val)  [53][ 30/116]    eta: 0:00:02  time: 0.0343  data_time: 0.0067  memory: 111  
2026/08/05 14:34:05 - mmengine - INFO - Epoch(val)  [53][ 40/116]    eta: 0:00:02  time: 0.0338  data_time: 0.0066  memory: 114  
2026/08/05 14:34:05 - mmengine - INFO - Epoch(val)  [53][ 50/116]    eta: 0:00:02  time: 0.0332  data_time: 0.0066  memory: 136  
2026/08/05 14:34:06 - mmengine - INFO - Epoch(val)  [53][ 60/116]    eta: 0:00:01  time: 0.0333  data_time: 0.0067  memory: 111  
2026/08/05 14:34:06 - mmengine - INFO - Epoch(val)  [53][ 70/116]    eta: 0:00:01  time: 0.0330  data_time: 0.0067  memory: 116  
2026/08/05 14:34:06 - mmengine - INFO - Epoch(val)  [53][ 80/116]    eta: 0:00:01  time: 0.0335  data_time: 0.0071  memory: 122  
2026/08/05 14:34:07 - mmengine - INFO - Epoch(val)  [53][ 90/116]    eta: 0:00:00  time: 0.0344  data_time: 0.0075  memory: 138  
2026/08/05 14:34:07 - mmengine - INFO - Epoch(val)  [53][100/116]    eta: 0:00:00  time: 0.0346  data_time: 0.0073  memory: 119  
2026/08/05 14:34:08 - mmengine - INFO - Epoch(val)  [53][110/116]    eta: 0:00:00  time: 0.0351  data_time: 0.0071  memory: 114  
2026/08/05 14:34:08 - mmengine - INFO - Evaluating bbox...
2026/08/05 14:34:08 - mmengine - INFO - bbox_mAP_copypaste: 0.619 0.874 0.736 0.400 0.726 0.556
2026/08/05 14:34:08 - mmengine - INFO - Evaluating segm...
2026/08/05 14:34:08 - mmengine - INFO - segm_mAP_copypaste: 0.611 0.855 0.742 0.300 0.735 0.542
2026/08/05 14:34:08 - mmengine - INFO - Epoch(val) [53][116/116]    coco/bbox_mAP: 0.6190  coco/bbox_mAP_50: 0.8740  coco/bbox_mAP_75: 0.7360  coco/bbox_mAP_s: 0.4000  coco/bbox_mAP_m: 0.7260  coco/bbox_mAP_l: 0.5560  coco/segm_mAP: 0.6110  coco/segm_mAP_50: 0.8550  coco/segm_mAP_75: 0.7420  coco/segm_mAP_s: 0.3000  coco/segm_mAP_m: 0.7350  coco/segm_mAP_l: 0.5420  data_time: 0.0070  time: 0.0344
2026/08/05 14:34:13 - mmengine - INFO - Epoch(train)  [54][10/68]  base_lr: 1.2385e-04 lr: 1.2385e-04  eta: 0:26:07  time: 0.4680  data_time: 0.1596  memory: 2110  grad_norm: 11.5607  loss: 0.4409  loss_cls: 0.1078  loss_bbox: 0.2356  loss_mask: 0.0975
2026/08/05 14:34:18 - mmengine - INFO - Epoch(train)  [54][20/68]  base_lr: 1.2374e-04 lr: 1.2374e-04  eta: 0:26:02  time: 0.4722  data_time: 0.1605  memory: 2111  grad_norm: 11.3902  loss: 0.4336  loss_cls: 0.1061  loss_bbox: 0.2298  loss_mask: 0.0976
2026/08/05 14:34:23 - mmengine - INFO - Epoch(train)  [54][30/68]  base_lr: 1.2363e-04 lr: 1.2363e-04  eta: 0:25:57  time: 0.4738  data_time: 0.1589  memory: 2111  grad_norm: 11.6950  loss: 0.4342  loss_cls: 0.1070  loss_bbox: 0.2313  loss_mask: 0.0959
2026/08/05 14:34:28 - mmengine - INFO - Epoch(train)  [54][40/68]  base_lr: 1.2351e-04 lr: 1.2351e-04  eta: 0:25:52  time: 0.4804  data_time: 0.1645  memory: 2107  grad_norm: 11.8450  loss: 0.4375  loss_cls: 0.1099  loss_bbox: 0.2325  loss_mask: 0.0951
2026/08/05 14:34:32 - mmengine - INFO - Epoch(train)  [54][50/68]  base_lr: 1.2338e-04 lr: 1.2338e-04  eta: 0:25:47  time: 0.4854  data_time: 0.1658  memory: 2122  grad_norm: 11.3005  loss: 0.4234  loss_cls: 0.1015  loss_bbox: 0.2281  loss_mask: 0.0937
2026/08/05 14:34:37 - mmengine - INFO - Epoch(train)  [54][60/68]  base_lr: 1.2326e-04 lr: 1.2326e-04  eta: 0:25:42  time: 0.4823  data_time: 0.1639  memory: 2112  grad_norm: 11.6759  loss: 0.4246  loss_cls: 0.1000  loss_bbox: 0.2287  loss_mask: 0.0958
2026/08/05 14:34:41 - mmengine - INFO - Exp name: rtmdet_ins_busi_20260805_135702
2026/08/05 14:34:41 - mmengine - INFO - Saving checkpoint at 54 epochs
2026/08/05 14:34:44 - mmengine - INFO - Epoch(val)  [54][ 10/116]    eta: 0:00:03  time: 0.0364  data_time: 0.0072  memory: 2115  
2026/08/05 14:34:44 - mmengine - INFO - Epoch(val)  [54][ 20/116]    eta: 0:00:03  time: 0.0363  data_time: 0.0071  memory: 116  
2026/08/05 14:34:44 - mmengine - INFO - Epoch(val)  [54][ 30/116]    eta: 0:00:02  time: 0.0354  data_time: 0.0068  memory: 111  
2026/08/05 14:34:45 - mmengine - INFO - Epoch(val)  [54][ 40/116]    eta: 0:00:02  time: 0.0359  data_time: 0.0068  memory: 117  
2026/08/05 14:34:45 - mmengine - INFO - Epoch(val)  [54][ 50/116]    eta: 0:00:02  time: 0.0359  data_time: 0.0069  memory: 124  
2026/08/05 14:34:45 - mmengine - INFO - Epoch(val)  [54][ 60/116]    eta: 0:00:02  time: 0.0360  data_time: 0.0072  memory: 111  
2026/08/05 14:34:46 - mmengine - INFO - Epoch(val)  [54][ 70/116]    eta: 0:00:01  time: 0.0362  data_time: 0.0072  memory: 111  
2026/08/05 14:34:46 - mmengine - INFO - Epoch(val)  [54][ 80/116]    eta: 0:00:01  time: 0.0369  data_time: 0.0074  memory: 118  
2026/08/05 14:34:46 - mmengine - INFO - Epoch(val)  [54][ 90/116]    eta: 0:00:00  time: 0.0368  data_time: 0.0076  memory: 151  
2026/08/05 14:34:47 - mmengine - INFO - Epoch(val)  [54][100/116]    eta: 0:00:00  time: 0.0357  data_time: 0.0073  memory: 119  
2026/08/05 14:34:47 - mmengine - INFO - Epoch(val)  [54][110/116]    eta: 0:00:00  time: 0.0345  data_time: 0.0069  memory: 114  
2026/08/05 14:34:47 - mmengine - INFO - Evaluating bbox...
2026/08/05 14:34:47 - mmengine - INFO - bbox_mAP_copypaste: 0.601 0.875 0.696 0.300 0.692 0.547
2026/08/05 14:34:47 - mmengine - INFO - Evaluating segm...
2026/08/05 14:34:47 - mmengine - INFO - segm_mAP_copypaste: 0.605 0.858 0.727 0.300 0.724 0.538
2026/08/05 14:34:48 - mmengine - INFO - Epoch(val) [54][116/116]    coco/bbox_mAP: 0.6010  coco/bbox_mAP_50: 0.8750  coco/bbox_mAP_75: 0.6960  coco/bbox_mAP_s: 0.3000  coco/bbox_mAP_m: 0.6920  coco/bbox_mAP_l: 0.5470  coco/segm_mAP: 0.6050  coco/segm_mAP_50: 0.8580  coco/segm_mAP_75: 0.7270  coco/segm_mAP_s: 0.3000  coco/segm_mAP_m: 0.7240  coco/segm_mAP_l: 0.5380  data_time: 0.0070  time: 0.0353
2026/08/05 14:34:52 - mmengine - INFO - Epoch(train)  [55][10/68]  base_lr: 1.2301e-04 lr: 1.2301e-04  eta: 0:25:33  time: 0.4760  data_time: 0.1604  memory: 2112  grad_norm: 11.6597  loss: 0.4258  loss_cls: 0.0966  loss_bbox: 0.2324  loss_mask: 0.0969
2026/08/05 14:34:57 - mmengine - INFO - Epoch(train)  [55][20/68]  base_lr: 1.2287e-04 lr: 1.2287e-04  eta: 0:25:28  time: 0.4807  data_time: 0.1621  memory: 2123  grad_norm: 10.9239  loss: 0.4243  loss_cls: 0.0926  loss_bbox: 0.2327  loss_mask: 0.0990
2026/08/05 14:35:02 - mmengine - INFO - Epoch(train)  [55][30/68]  base_lr: 1.2272e-04 lr: 1.2272e-04  eta: 0:25:23  time: 0.4840  data_time: 0.1620  memory: 2119  grad_norm: 11.1231  loss: 0.4371  loss_cls: 0.1030  loss_bbox: 0.2341  loss_mask: 0.1000
2026/08/05 14:35:07 - mmengine - INFO - Epoch(train)  [55][40/68]  base_lr: 1.2257e-04 lr: 1.2257e-04  eta: 0:25:18  time: 0.4847  data_time: 0.1619  memory: 2112  grad_norm: 10.6525  loss: 0.4343  loss_cls: 0.1025  loss_bbox: 0.2343  loss_mask: 0.0975
2026/08/05 14:35:12 - mmengine - INFO - Epoch(train)  [55][50/68]  base_lr: 1.2241e-04 lr: 1.2241e-04  eta: 0:25:13  time: 0.4828  data_time: 0.1568  memory: 2111  grad_norm: 10.3424  loss: 0.4270  loss_cls: 0.0997  loss_bbox: 0.2307  loss_mask: 0.0967
2026/08/05 14:35:17 - mmengine - INFO - Epoch(train)  [55][60/68]  base_lr: 1.2224e-04 lr: 1.2224e-04  eta: 0:25:08  time: 0.4851  data_time: 0.1576  memory: 2112  grad_norm: 10.3268  loss: 0.4390  loss_cls: 0.1039  loss_bbox: 0.2340  loss_mask: 0.1011
2026/08/05 14:35:20 - mmengine - INFO - Exp name: rtmdet_ins_busi_20260805_135702
2026/08/05 14:35:20 - mmengine - INFO - Saving checkpoint at 55 epochs
2026/08/05 14:35:23 - mmengine - INFO - Epoch(val)  [55][ 10/116]    eta: 0:00:03  time: 0.0338  data_time: 0.0069  memory: 2120  
2026/08/05 14:35:23 - mmengine - INFO - Epoch(val)  [55][ 20/116]    eta: 0:00:03  time: 0.0330  data_time: 0.0069  memory: 114  
2026/08/05 14:35:24 - mmengine - INFO - Epoch(val)  [55][ 30/116]    eta: 0:00:02  time: 0.0325  data_time: 0.0064  memory: 113  
2026/08/05 14:35:24 - mmengine - INFO - Epoch(val)  [55][ 40/116]    eta: 0:00:02  time: 0.0321  data_time: 0.0062  memory: 121  
2026/08/05 14:35:24 - mmengine - INFO - Epoch(val)  [55][ 50/116]    eta: 0:00:02  time: 0.0322  data_time: 0.0063  memory: 130  
2026/08/05 14:35:25 - mmengine - INFO - Epoch(val)  [55][ 60/116]    eta: 0:00:01  time: 0.0328  data_time: 0.0065  memory: 114  
2026/08/05 14:35:25 - mmengine - INFO - Epoch(val)  [55][ 70/116]    eta: 0:00:01  time: 0.0328  data_time: 0.0064  memory: 118  
2026/08/05 14:35:25 - mmengine - INFO - Epoch(val)  [55][ 80/116]    eta: 0:00:01  time: 0.0336  data_time: 0.0067  memory: 130  
2026/08/05 14:35:26 - mmengine - INFO - Epoch(val)  [55][ 90/116]    eta: 0:00:00  time: 0.0345  data_time: 0.0071  memory: 127  
2026/08/05 14:35:26 - mmengine - INFO - Epoch(val)  [55][100/116]    eta: 0:00:00  time: 0.0343  data_time: 0.0070  memory: 137  
2026/08/05 14:35:26 - mmengine - INFO - Epoch(val)  [55][110/116]    eta: 0:00:00  time: 0.0333  data_time: 0.0068  memory: 115  
2026/08/05 14:35:26 - mmengine - INFO - Evaluating bbox...
2026/08/05 14:35:27 - mmengine - INFO - bbox_mAP_copypaste: 0.603 0.878 0.693 0.200 0.732 0.537
2026/08/05 14:35:27 - mmengine - INFO - Evaluating segm...
2026/08/05 14:35:27 - mmengine - INFO - segm_mAP_copypaste: 0.605 0.864 0.693 0.300 0.727 0.537
2026/08/05 14:35:27 - mmengine - INFO - Epoch(val) [55][116/116]    coco/bbox_mAP: 0.6030  coco/bbox_mAP_50: 0.8780  coco/bbox_mAP_75: 0.6930  coco/bbox_mAP_s: 0.2000  coco/bbox_mAP_m: 0.7320  coco/bbox_mAP_l: 0.5370  coco/segm_mAP: 0.6050  coco/segm_mAP_50: 0.8640  coco/segm_mAP_75: 0.6930  coco/segm_mAP_s: 0.3000  coco/segm_mAP_m: 0.7270  coco/segm_mAP_l: 0.5370  data_time: 0.0067  time: 0.0331
2026/08/05 14:35:31 - mmengine - INFO - Epoch(train)  [56][10/68]  base_lr: 1.2194e-04 lr: 1.2194e-04  eta: 0:24:59  time: 0.4673  data_time: 0.1514  memory: 2123  grad_norm: 10.8069  loss: 0.4117  loss_cls: 0.0927  loss_bbox: 0.2239  loss_mask: 0.0951
2026/08/05 14:35:35 - mmengine - INFO - Epoch(train)  [56][20/68]  base_lr: 1.2176e-04 lr: 1.2176e-04  eta: 0:24:53  time: 0.4512  data_time: 0.1469  memory: 2118  grad_norm: 11.1314  loss: 0.4070  loss_cls: 0.0932  loss_bbox: 0.2208  loss_mask: 0.0930
2026/08/05 14:35:39 - mmengine - INFO - Epoch(train)  [56][30/68]  base_lr: 1.2158e-04 lr: 1.2158e-04  eta: 0:24:48  time: 0.4464  data_time: 0.1475  memory: 2126  grad_norm: 11.2539  loss: 0.4125  loss_cls: 0.0986  loss_bbox: 0.2202  loss_mask: 0.0937
2026/08/05 14:35:43 - mmengine - INFO - Epoch(train)  [56][40/68]  base_lr: 1.2140e-04 lr: 1.2140e-04  eta: 0:24:42  time: 0.4250  data_time: 0.1388  memory: 2101  grad_norm: 11.1971  loss: 0.4231  loss_cls: 0.1030  loss_bbox: 0.2270  loss_mask: 0.0931
2026/08/05 14:35:48 - mmengine - INFO - Epoch(train)  [56][50/68]  base_lr: 1.2121e-04 lr: 1.2121e-04  eta: 0:24:36  time: 0.4183  data_time: 0.1378  memory: 2118  grad_norm: 10.9219  loss: 0.4229  loss_cls: 0.1024  loss_bbox: 0.2273  loss_mask: 0.0932
2026/08/05 14:35:52 - mmengine - INFO - Epoch(train)  [56][60/68]  base_lr: 1.2101e-04 lr: 1.2101e-04  eta: 0:24:31  time: 0.4129  data_time: 0.1359  memory: 2118  grad_norm: 10.5948  loss: 0.4344  loss_cls: 0.1067  loss_bbox: 0.2319  loss_mask: 0.0958
2026/08/05 14:35:55 - mmengine - INFO - Exp name: rtmdet_ins_busi_20260805_135702
2026/08/05 14:35:55 - mmengine - INFO - Saving checkpoint at 56 epochs
2026/08/05 14:35:57 - mmengine - INFO - Epoch(val)  [56][ 10/116]    eta: 0:00:03  time: 0.0330  data_time: 0.0070  memory: 2113  
2026/08/05 14:35:57 - mmengine - INFO - Epoch(val)  [56][ 20/116]    eta: 0:00:02  time: 0.0312  data_time: 0.0067  memory: 114  
2026/08/05 14:35:58 - mmengine - INFO - Epoch(val)  [56][ 30/116]    eta: 0:00:02  time: 0.0303  data_time: 0.0061  memory: 118  
2026/08/05 14:35:58 - mmengine - INFO - Epoch(val)  [56][ 40/116]    eta: 0:00:02  time: 0.0300  data_time: 0.0058  memory: 117  
2026/08/05 14:35:58 - mmengine - INFO - Epoch(val)  [56][ 50/116]    eta: 0:00:01  time: 0.0295  data_time: 0.0058  memory: 130  
2026/08/05 14:35:58 - mmengine - INFO - Epoch(val)  [56][ 60/116]    eta: 0:00:01  time: 0.0296  data_time: 0.0059  memory: 114  
2026/08/05 14:35:59 - mmengine - INFO - Epoch(val)  [56][ 70/116]    eta: 0:00:01  time: 0.0301  data_time: 0.0059  memory: 114  
2026/08/05 14:35:59 - mmengine - INFO - Epoch(val)  [56][ 80/116]    eta: 0:00:01  time: 0.0307  data_time: 0.0061  memory: 128  
2026/08/05 14:35:59 - mmengine - INFO - Epoch(val)  [56][ 90/116]    eta: 0:00:00  time: 0.0308  data_time: 0.0063  memory: 146  
2026/08/05 14:36:00 - mmengine - INFO - Epoch(val)  [56][100/116]    eta: 0:00:00  time: 0.0307  data_time: 0.0059  memory: 119  
2026/08/05 14:36:00 - mmengine - INFO - Epoch(val)  [56][110/116]    eta: 0:00:00  time: 0.0301  data_time: 0.0057  memory: 111  
2026/08/05 14:36:00 - mmengine - INFO - Evaluating bbox...
2026/08/05 14:36:00 - mmengine - INFO - bbox_mAP_copypaste: 0.592 0.874 0.698 0.200 0.698 0.538
2026/08/05 14:36:00 - mmengine - INFO - Evaluating segm...
2026/08/05 14:36:00 - mmengine - INFO - segm_mAP_copypaste: 0.599 0.834 0.699 0.300 0.733 0.532
2026/08/05 14:36:00 - mmengine - INFO - Epoch(val) [56][116/116]    coco/bbox_mAP: 0.5920  coco/bbox_mAP_50: 0.8740  coco/bbox_mAP_75: 0.6980  coco/bbox_mAP_s: 0.2000  coco/bbox_mAP_m: 0.6980  coco/bbox_mAP_l: 0.5380  coco/segm_mAP: 0.5990  coco/segm_mAP_50: 0.8340  coco/segm_mAP_75: 0.6990  coco/segm_mAP_s: 0.3000  coco/segm_mAP_m: 0.7330  coco/segm_mAP_l: 0.5320  data_time: 0.0059  time: 0.0299
2026/08/05 14:36:04 - mmengine - INFO - Epoch(train)  [57][10/68]  base_lr: 1.2065e-04 lr: 1.2065e-04  eta: 0:24:21  time: 0.4061  data_time: 0.1332  memory: 2102  grad_norm: 10.1264  loss: 0.4229  loss_cls: 0.0999  loss_bbox: 0.2292  loss_mask: 0.0937
2026/08/05 14:36:09 - mmengine - INFO - Epoch(train)  [57][20/68]  base_lr: 1.2044e-04 lr: 1.2044e-04  eta: 0:24:15  time: 0.4094  data_time: 0.1341  memory: 2122  grad_norm: 9.7242  loss: 0.4105  loss_cls: 0.0945  loss_bbox: 0.2229  loss_mask: 0.0932
2026/08/05 14:36:12 - mmengine - INFO - Epoch(train)  [57][30/68]  base_lr: 1.2023e-04 lr: 1.2023e-04  eta: 0:24:10  time: 0.4048  data_time: 0.1301  memory: 2113  grad_norm: 9.9643  loss: 0.4070  loss_cls: 0.0934  loss_bbox: 0.2216  loss_mask: 0.0920
2026/08/05 14:36:17 - mmengine - INFO - Epoch(train)  [57][40/68]  base_lr: 1.2001e-04 lr: 1.2001e-04  eta: 0:24:04  time: 0.4039  data_time: 0.1284  memory: 2112  grad_norm: 9.9888  loss: 0.3977  loss_cls: 0.0878  loss_bbox: 0.2189  loss_mask: 0.0910
2026/08/05 14:36:21 - mmengine - INFO - Epoch(train)  [57][50/68]  base_lr: 1.1978e-04 lr: 1.1978e-04  eta: 0:23:59  time: 0.4151  data_time: 0.1321  memory: 2113  grad_norm: 10.2494  loss: 0.4213  loss_cls: 0.0974  loss_bbox: 0.2299  loss_mask: 0.0940
2026/08/05 14:36:26 - mmengine - INFO - Epoch(train)  [57][60/68]  base_lr: 1.1956e-04 lr: 1.1956e-04  eta: 0:23:54  time: 0.4225  data_time: 0.1328  memory: 2118  grad_norm: 10.4137  loss: 0.4168  loss_cls: 0.0976  loss_bbox: 0.2267  loss_mask: 0.0924
2026/08/05 14:36:29 - mmengine - INFO - Exp name: rtmdet_ins_busi_20260805_135702
2026/08/05 14:36:29 - mmengine - INFO - Saving checkpoint at 57 epochs
2026/08/05 14:36:32 - mmengine - INFO - Epoch(val)  [57][ 10/116]    eta: 0:00:03  time: 0.0304  data_time: 0.0064  memory: 2116  
2026/08/05 14:36:32 - mmengine - INFO - Epoch(val)  [57][ 20/116]    eta: 0:00:03  time: 0.0304  data_time: 0.0064  memory: 116  
2026/08/05 14:36:32 - mmengine - INFO - Epoch(val)  [57][ 30/116]    eta: 0:00:02  time: 0.0299  data_time: 0.0061  memory: 126  
2026/08/05 14:36:33 - mmengine - INFO - Epoch(val)  [57][ 40/116]    eta: 0:00:02  time: 0.0310  data_time: 0.0061  memory: 120  
2026/08/05 14:36:33 - mmengine - INFO - Epoch(val)  [57][ 50/116]    eta: 0:00:02  time: 0.0317  data_time: 0.0061  memory: 130  
2026/08/05 14:36:33 - mmengine - INFO - Epoch(val)  [57][ 60/116]    eta: 0:00:01  time: 0.0319  data_time: 0.0060  memory: 118  
2026/08/05 14:36:34 - mmengine - INFO - Epoch(val)  [57][ 70/116]    eta: 0:00:01  time: 0.0319  data_time: 0.0062  memory: 116  
2026/08/05 14:36:34 - mmengine - INFO - Epoch(val)  [57][ 80/116]    eta: 0:00:01  time: 0.0324  data_time: 0.0066  memory: 120  
2026/08/05 14:36:34 - mmengine - INFO - Epoch(val)  [57][ 90/116]    eta: 0:00:00  time: 0.0326  data_time: 0.0069  memory: 151  
2026/08/05 14:36:35 - mmengine - INFO - Epoch(val)  [57][100/116]    eta: 0:00:00  time: 0.0324  data_time: 0.0069  memory: 123  
2026/08/05 14:36:35 - mmengine - INFO - Epoch(val)  [57][110/116]    eta: 0:00:00  time: 0.0325  data_time: 0.0068  memory: 132  
2026/08/05 14:36:35 - mmengine - INFO - Evaluating bbox...
2026/08/05 14:36:35 - mmengine - INFO - bbox_mAP_copypaste: 0.630 0.878 0.710 0.150 0.746 0.569
2026/08/05 14:36:35 - mmengine - INFO - Evaluating segm...
2026/08/05 14:36:35 - mmengine - INFO - segm_mAP_copypaste: 0.614 0.858 0.742 0.100 0.741 0.547
2026/08/05 14:36:35 - mmengine - INFO - Epoch(val) [57][116/116]    coco/bbox_mAP: 0.6300  coco/bbox_mAP_50: 0.8780  coco/bbox_mAP_75: 0.7100  coco/bbox_mAP_s: 0.1500  coco/bbox_mAP_m: 0.7460  coco/bbox_mAP_l: 0.5690  coco/segm_mAP: 0.6140  coco/segm_mAP_50: 0.8580  coco/segm_mAP_75: 0.7420  coco/segm_mAP_s: 0.1000  coco/segm_mAP_m: 0.7410  coco/segm_mAP_l: 0.5470  data_time: 0.0065  time: 0.0320
2026/08/05 14:36:40 - mmengine - INFO - Epoch(train)  [58][10/68]  base_lr: 1.1914e-04 lr: 1.1914e-04  eta: 0:23:44  time: 0.4394  data_time: 0.1439  memory: 2122  grad_norm: 11.3755  loss: 0.4305  loss_cls: 0.1029  loss_bbox: 0.2327  loss_mask: 0.0949
2026/08/05 14:36:44 - mmengine - INFO - Epoch(train)  [58][20/68]  base_lr: 1.1890e-04 lr: 1.1890e-04  eta: 0:23:39  time: 0.4481  data_time: 0.1506  memory: 2120  grad_norm: 11.5813  loss: 0.4405  loss_cls: 0.1108  loss_bbox: 0.2341  loss_mask: 0.0956
2026/08/05 14:36:49 - mmengine - INFO - Epoch(train)  [58][30/68]  base_lr: 1.1865e-04 lr: 1.1865e-04  eta: 0:23:34  time: 0.4532  data_time: 0.1574  memory: 2119  grad_norm: 11.7596  loss: 0.4340  loss_cls: 0.1077  loss_bbox: 0.2308  loss_mask: 0.0955
2026/08/05 14:36:54 - mmengine - INFO - Epoch(train)  [58][40/68]  base_lr: 1.1840e-04 lr: 1.1840e-04  eta: 0:23:29  time: 0.4557  data_time: 0.1651  memory: 2112  grad_norm: 11.6665  loss: 0.4315  loss_cls: 0.1093  loss_bbox: 0.2284  loss_mask: 0.0938
2026/08/05 14:36:58 - mmengine - INFO - Epoch(train)  [58][50/68]  base_lr: 1.1815e-04 lr: 1.1815e-04  eta: 0:23:24  time: 0.4512  data_time: 0.1602  memory: 2114  grad_norm: 10.8505  loss: 0.4072  loss_cls: 0.1013  loss_bbox: 0.2148  loss_mask: 0.0911
2026/08/05 14:37:03 - mmengine - INFO - Epoch(train)  [58][60/68]  base_lr: 1.1789e-04 lr: 1.1789e-04  eta: 0:23:19  time: 0.4537  data_time: 0.1626  memory: 2111  grad_norm: 10.6315  loss: 0.4179  loss_cls: 0.1052  loss_bbox: 0.2194  loss_mask: 0.0933
2026/08/05 14:37:06 - mmengine - INFO - Exp name: rtmdet_ins_busi_20260805_135702
2026/08/05 14:37:06 - mmengine - INFO - Saving checkpoint at 58 epochs
2026/08/05 14:37:09 - mmengine - INFO - Epoch(val)  [58][ 10/116]    eta: 0:00:04  time: 0.0339  data_time: 0.0069  memory: 2111  
2026/08/05 14:37:09 - mmengine - INFO - Epoch(val)  [58][ 20/116]    eta: 0:00:03  time: 0.0341  data_time: 0.0070  memory: 119  
2026/08/05 14:37:09 - mmengine - INFO - Epoch(val)  [58][ 30/116]    eta: 0:00:02  time: 0.0336  data_time: 0.0066  memory: 120  
2026/08/05 14:37:10 - mmengine - INFO - Epoch(val)  [58][ 40/116]    eta: 0:00:02  time: 0.0338  data_time: 0.0065  memory: 128  
2026/08/05 14:37:10 - mmengine - INFO - Epoch(val)  [58][ 50/116]    eta: 0:00:02  time: 0.0343  data_time: 0.0065  memory: 130  
2026/08/05 14:37:10 - mmengine - INFO - Epoch(val)  [58][ 60/116]    eta: 0:00:01  time: 0.0334  data_time: 0.0066  memory: 118  
2026/08/05 14:37:11 - mmengine - INFO - Epoch(val)  [58][ 70/116]    eta: 0:00:01  time: 0.0331  data_time: 0.0066  memory: 126  
2026/08/05 14:37:11 - mmengine - INFO - Epoch(val)  [58][ 80/116]    eta: 0:00:01  time: 0.0338  data_time: 0.0068  memory: 137  
2026/08/05 14:37:11 - mmengine - INFO - Epoch(val)  [58][ 90/116]    eta: 0:00:00  time: 0.0343  data_time: 0.0071  memory: 138  
2026/08/05 14:37:12 - mmengine - INFO - Epoch(val)  [58][100/116]    eta: 0:00:00  time: 0.0338  data_time: 0.0070  memory: 119  
2026/08/05 14:37:12 - mmengine - INFO - Epoch(val)  [58][110/116]    eta: 0:00:00  time: 0.0335  data_time: 0.0068  memory: 129  
2026/08/05 14:37:12 - mmengine - INFO - Evaluating bbox...
2026/08/05 14:37:12 - mmengine - INFO - bbox_mAP_copypaste: 0.571 0.851 0.677 0.000 0.690 0.513
2026/08/05 14:37:12 - mmengine - INFO - Evaluating segm...
2026/08/05 14:37:12 - mmengine - INFO - segm_mAP_copypaste: 0.591 0.835 0.708 0.000 0.716 0.530
2026/08/05 14:37:12 - mmengine - INFO - Epoch(val) [58][116/116]    coco/bbox_mAP: 0.5710  coco/bbox_mAP_50: 0.8510  coco/bbox_mAP_75: 0.6770  coco/bbox_mAP_s: 0.0000  coco/bbox_mAP_m: 0.6900  coco/bbox_mAP_l: 0.5130  coco/segm_mAP: 0.5910  coco/segm_mAP_50: 0.8350  coco/segm_mAP_75: 0.7080  coco/segm_mAP_s: 0.0000  coco/segm_mAP_m: 0.7160  coco/segm_mAP_l: 0.5300  data_time: 0.0068  time: 0.0339
2026/08/05 14:37:17 - mmengine - INFO - Epoch(train)  [59][10/68]  base_lr: 1.1742e-04 lr: 1.1742e-04  eta: 0:23:09  time: 0.4513  data_time: 0.1584  memory: 2124  grad_norm: 10.5983  loss: 0.4183  loss_cls: 0.1025  loss_bbox: 0.2236  loss_mask: 0.0922
2026/08/05 14:37:22 - mmengine - INFO - Epoch(train)  [59][20/68]  base_lr: 1.1715e-04 lr: 1.1715e-04  eta: 0:23:04  time: 0.4519  data_time: 0.1557  memory: 2102  grad_norm: 10.1275  loss: 0.4210  loss_cls: 0.0985  loss_bbox: 0.2266  loss_mask: 0.0959
2026/08/05 14:37:26 - mmengine - INFO - Epoch(train)  [59][30/68]  base_lr: 1.1687e-04 lr: 1.1687e-04  eta: 0:22:59  time: 0.4546  data_time: 0.1575  memory: 2112  grad_norm: 10.5197  loss: 0.4267  loss_cls: 0.1028  loss_bbox: 0.2296  loss_mask: 0.0943
2026/08/05 14:37:31 - mmengine - INFO - Epoch(train)  [59][40/68]  base_lr: 1.1659e-04 lr: 1.1659e-04  eta: 0:22:54  time: 0.4547  data_time: 0.1569  memory: 2120  grad_norm: 10.4269  loss: 0.4298  loss_cls: 0.1001  loss_bbox: 0.2346  loss_mask: 0.0951
2026/08/05 14:37:35 - mmengine - INFO - Epoch(train)  [59][50/68]  base_lr: 1.1631e-04 lr: 1.1631e-04  eta: 0:22:49  time: 0.4585  data_time: 0.1585  memory: 2111  grad_norm: 10.5140  loss: 0.4297  loss_cls: 0.0978  loss_bbox: 0.2366  loss_mask: 0.0952
2026/08/05 14:37:38 - mmengine - INFO - Exp name: rtmdet_ins_busi_20260805_135702
2026/08/05 14:37:40 - mmengine - INFO - Epoch(train)  [59][60/68]  base_lr: 1.1602e-04 lr: 1.1602e-04  eta: 0:22:44  time: 0.4542  data_time: 0.1543  memory: 2112  grad_norm: 10.3526  loss: 0.4280  loss_cls: 0.0979  loss_bbox: 0.2333  loss_mask: 0.0968
2026/08/05 14:37:43 - mmengine - INFO - Exp name: rtmdet_ins_busi_20260805_135702
2026/08/05 14:37:43 - mmengine - INFO - Saving checkpoint at 59 epochs
2026/08/05 14:37:46 - mmengine - INFO - Epoch(val)  [59][ 10/116]    eta: 0:00:03  time: 0.0349  data_time: 0.0069  memory: 2130  
2026/08/05 14:37:46 - mmengine - INFO - Epoch(val)  [59][ 20/116]    eta: 0:00:03  time: 0.0339  data_time: 0.0067  memory: 114  
2026/08/05 14:37:46 - mmengine - INFO - Epoch(val)  [59][ 30/116]    eta: 0:00:02  time: 0.0331  data_time: 0.0063  memory: 116  
2026/08/05 14:37:47 - mmengine - INFO - Epoch(val)  [59][ 40/116]    eta: 0:00:02  time: 0.0335  data_time: 0.0061  memory: 123  
2026/08/05 14:37:47 - mmengine - INFO - Epoch(val)  [59][ 50/116]    eta: 0:00:02  time: 0.0334  data_time: 0.0063  memory: 124  
2026/08/05 14:37:47 - mmengine - INFO - Epoch(val)  [59][ 60/116]    eta: 0:00:01  time: 0.0327  data_time: 0.0066  memory: 111  
2026/08/05 14:37:48 - mmengine - INFO - Epoch(val)  [59][ 70/116]    eta: 0:00:01  time: 0.0331  data_time: 0.0068  memory: 117  
2026/08/05 14:37:48 - mmengine - INFO - Epoch(val)  [59][ 80/116]    eta: 0:00:01  time: 0.0338  data_time: 0.0070  memory: 124  
2026/08/05 14:37:48 - mmengine - INFO - Epoch(val)  [59][ 90/116]    eta: 0:00:00  time: 0.0343  data_time: 0.0073  memory: 146  
2026/08/05 14:37:49 - mmengine - INFO - Epoch(val)  [59][100/116]    eta: 0:00:00  time: 0.0338  data_time: 0.0071  memory: 119  
2026/08/05 14:37:49 - mmengine - INFO - Epoch(val)  [59][110/116]    eta: 0:00:00  time: 0.0335  data_time: 0.0068  memory: 129  
2026/08/05 14:37:49 - mmengine - INFO - Evaluating bbox...
2026/08/05 14:37:49 - mmengine - INFO - bbox_mAP_copypaste: 0.602 0.866 0.697 0.060 0.723 0.548
2026/08/05 14:37:49 - mmengine - INFO - Evaluating segm...
2026/08/05 14:37:50 - mmengine - INFO - segm_mAP_copypaste: 0.605 0.838 0.721 0.033 0.739 0.546
2026/08/05 14:37:50 - mmengine - INFO - Epoch(val) [59][116/116]    coco/bbox_mAP: 0.6020  coco/bbox_mAP_50: 0.8660  coco/bbox_mAP_75: 0.6970  coco/bbox_mAP_s: 0.0600  coco/bbox_mAP_m: 0.7230  coco/bbox_mAP_l: 0.5480  coco/segm_mAP: 0.6050  coco/segm_mAP_50: 0.8380  coco/segm_mAP_75: 0.7210  coco/segm_mAP_s: 0.0330  coco/segm_mAP_m: 0.7390  coco/segm_mAP_l: 0.5460  data_time: 0.0067  time: 0.0335
2026/08/05 14:37:54 - mmengine - INFO - Epoch(train)  [60][10/68]  base_lr: 1.1549e-04 lr: 1.1549e-04  eta: 0:22:35  time: 0.4517  data_time: 0.1505  memory: 2112  grad_norm: 11.3255  loss: 0.4216  loss_cls: 0.0973  loss_bbox: 0.2290  loss_mask: 0.0953
2026/08/05 14:37:59 - mmengine - INFO - Epoch(train)  [60][20/68]  base_lr: 1.1519e-04 lr: 1.1519e-04  eta: 0:22:29  time: 0.4483  data_time: 0.1483  memory: 2123  grad_norm: 11.1489  loss: 0.4243  loss_cls: 0.1052  loss_bbox: 0.2252  loss_mask: 0.0939
2026/08/05 14:38:03 - mmengine - INFO - Epoch(train)  [60][30/68]  base_lr: 1.1489e-04 lr: 1.1489e-04  eta: 0:22:24  time: 0.4483  data_time: 0.1486  memory: 2111  grad_norm: 10.9899  loss: 0.4209  loss_cls: 0.1064  loss_bbox: 0.2221  loss_mask: 0.0925
2026/08/05 14:38:08 - mmengine - INFO - Epoch(train)  [60][40/68]  base_lr: 1.1458e-04 lr: 1.1458e-04  eta: 0:22:19  time: 0.4477  data_time: 0.1492  memory: 2123  grad_norm: 11.4881  loss: 0.4279  loss_cls: 0.1049  loss_bbox: 0.2299  loss_mask: 0.0932
2026/08/05 14:38:12 - mmengine - INFO - Epoch(train)  [60][50/68]  base_lr: 1.1427e-04 lr: 1.1427e-04  eta: 0:22:14  time: 0.4483  data_time: 0.1483  memory: 2118  grad_norm: 10.9587  loss: 0.4253  loss_cls: 0.1042  loss_bbox: 0.2304  loss_mask: 0.0908
2026/08/05 14:38:17 - mmengine - INFO - Epoch(train)  [60][60/68]  base_lr: 1.1395e-04 lr: 1.1395e-04  eta: 0:22:09  time: 0.4506  data_time: 0.1520  memory: 2117  grad_norm: 10.4151  loss: 0.4301  loss_cls: 0.1056  loss_bbox: 0.2332  loss_mask: 0.0913
2026/08/05 14:38:20 - mmengine - INFO - Exp name: rtmdet_ins_busi_20260805_135702
2026/08/05 14:38:20 - mmengine - INFO - Saving checkpoint at 60 epochs
2026/08/05 14:38:23 - mmengine - INFO - Epoch(val)  [60][ 10/116]    eta: 0:00:03  time: 0.0345  data_time: 0.0070  memory: 2103  
2026/08/05 14:38:23 - mmengine - INFO - Epoch(val)  [60][ 20/116]    eta: 0:00:03  time: 0.0338  data_time: 0.0068  memory: 118  
2026/08/05 14:38:24 - mmengine - INFO - Epoch(val)  [60][ 30/116]    eta: 0:00:02  time: 0.0333  data_time: 0.0065  memory: 118  
2026/08/05 14:38:24 - mmengine - INFO - Epoch(val)  [60][ 40/116]    eta: 0:00:02  time: 0.0334  data_time: 0.0063  memory: 116  
2026/08/05 14:38:24 - mmengine - INFO - Epoch(val)  [60][ 50/116]    eta: 0:00:02  time: 0.0337  data_time: 0.0064  memory: 130  
2026/08/05 14:38:25 - mmengine - INFO - Epoch(val)  [60][ 60/116]    eta: 0:00:01  time: 0.0332  data_time: 0.0066  memory: 126  
2026/08/05 14:38:25 - mmengine - INFO - Epoch(val)  [60][ 70/116]    eta: 0:00:01  time: 0.0331  data_time: 0.0067  memory: 124  
2026/08/05 14:38:25 - mmengine - INFO - Epoch(val)  [60][ 80/116]    eta: 0:00:01  time: 0.0335  data_time: 0.0068  memory: 124  
2026/08/05 14:38:26 - mmengine - INFO - Epoch(val)  [60][ 90/116]    eta: 0:00:00  time: 0.0340  data_time: 0.0072  memory: 127  
2026/08/05 14:38:26 - mmengine - INFO - Epoch(val)  [60][100/116]    eta: 0:00:00  time: 0.0332  data_time: 0.0071  memory: 123  
2026/08/05 14:38:26 - mmengine - INFO - Epoch(val)  [60][110/116]    eta: 0:00:00  time: 0.0327  data_time: 0.0068  memory: 116  
2026/08/05 14:38:27 - mmengine - INFO - Evaluating bbox...
2026/08/05 14:38:27 - mmengine - INFO - bbox_mAP_copypaste: 0.618 0.872 0.724 0.033 0.721 0.561
2026/08/05 14:38:27 - mmengine - INFO - Evaluating segm...
2026/08/05 14:38:27 - mmengine - INFO - segm_mAP_copypaste: 0.608 0.863 0.704 0.020 0.722 0.545
2026/08/05 14:38:27 - mmengine - INFO - Epoch(val) [60][116/116]    coco/bbox_mAP: 0.6180  coco/bbox_mAP_50: 0.8720  coco/bbox_mAP_75: 0.7240  coco/bbox_mAP_s: 0.0330  coco/bbox_mAP_m: 0.7210  coco/bbox_mAP_l: 0.5610  coco/segm_mAP: 0.6080  coco/segm_mAP_50: 0.8630  coco/segm_mAP_75: 0.7040  coco/segm_mAP_s: 0.0200  coco/segm_mAP_m: 0.7220  coco/segm_mAP_l: 0.5450  data_time: 0.0068  time: 0.0334
2026/08/05 14:38:31 - mmengine - INFO - Epoch(train)  [61][10/68]  base_lr: 1.1337e-04 lr: 1.1337e-04  eta: 0:22:00  time: 0.4517  data_time: 0.1524  memory: 2129  grad_norm: 11.0706  loss: 0.4198  loss_cls: 0.0964  loss_bbox: 0.2337  loss_mask: 0.0897
2026/08/05 14:38:36 - mmengine - INFO - Epoch(train)  [61][20/68]  base_lr: 1.1304e-04 lr: 1.1304e-04  eta: 0:21:55  time: 0.4567  data_time: 0.1569  memory: 2110  grad_norm: 10.5049  loss: 0.4028  loss_cls: 0.0899  loss_bbox: 0.2247  loss_mask: 0.0882
2026/08/05 14:38:40 - mmengine - INFO - Epoch(train)  [61][30/68]  base_lr: 1.1271e-04 lr: 1.1271e-04  eta: 0:21:49  time: 0.4522  data_time: 0.1532  memory: 2113  grad_norm: 10.2381  loss: 0.3989  loss_cls: 0.0897  loss_bbox: 0.2204  loss_mask: 0.0889
2026/08/05 14:38:45 - mmengine - INFO - Epoch(train)  [61][40/68]  base_lr: 1.1237e-04 lr: 1.1237e-04  eta: 0:21:44  time: 0.4539  data_time: 0.1544  memory: 2112  grad_norm: 10.4415  loss: 0.4068  loss_cls: 0.0910  loss_bbox: 0.2253  loss_mask: 0.0905
2026/08/05 14:38:50 - mmengine - INFO - Epoch(train)  [61][50/68]  base_lr: 1.1203e-04 lr: 1.1203e-04  eta: 0:21:39  time: 0.4614  data_time: 0.1580  memory: 2117  grad_norm: 10.2347  loss: 0.4115  loss_cls: 0.0922  loss_bbox: 0.2268  loss_mask: 0.0925
2026/08/05 14:38:54 - mmengine - INFO - Epoch(train)  [61][60/68]  base_lr: 1.1169e-04 lr: 1.1169e-04  eta: 0:21:35  time: 0.4634  data_time: 0.1615  memory: 2113  grad_norm: 9.8925  loss: 0.4012  loss_cls: 0.0895  loss_bbox: 0.2192  loss_mask: 0.0925
2026/08/05 14:38:58 - mmengine - INFO - Exp name: rtmdet_ins_busi_20260805_135702
2026/08/05 14:38:58 - mmengine - INFO - Saving checkpoint at 61 epochs
2026/08/05 14:39:01 - mmengine - INFO - Epoch(val)  [61][ 10/116]    eta: 0:00:03  time: 0.0336  data_time: 0.0071  memory: 2100  
2026/08/05 14:39:01 - mmengine - INFO - Epoch(val)  [61][ 20/116]    eta: 0:00:03  time: 0.0328  data_time: 0.0069  memory: 116  
2026/08/05 14:39:01 - mmengine - INFO - Epoch(val)  [61][ 30/116]    eta: 0:00:02  time: 0.0328  data_time: 0.0065  memory: 120  
2026/08/05 14:39:01 - mmengine - INFO - Epoch(val)  [61][ 40/116]    eta: 0:00:02  time: 0.0332  data_time: 0.0064  memory: 120  
2026/08/05 14:39:02 - mmengine - INFO - Epoch(val)  [61][ 50/116]    eta: 0:00:02  time: 0.0333  data_time: 0.0064  memory: 132  
2026/08/05 14:39:02 - mmengine - INFO - Epoch(val)  [61][ 60/116]    eta: 0:00:01  time: 0.0335  data_time: 0.0067  memory: 118  
2026/08/05 14:39:03 - mmengine - INFO - Epoch(val)  [61][ 70/116]    eta: 0:00:01  time: 0.0339  data_time: 0.0068  memory: 127  
2026/08/05 14:39:03 - mmengine - INFO - Epoch(val)  [61][ 80/116]    eta: 0:00:01  time: 0.0340  data_time: 0.0069  memory: 134  
2026/08/05 14:39:03 - mmengine - INFO - Epoch(val)  [61][ 90/116]    eta: 0:00:00  time: 0.0341  data_time: 0.0073  memory: 123  
2026/08/05 14:39:04 - mmengine - INFO - Epoch(val)  [61][100/116]    eta: 0:00:00  time: 0.0336  data_time: 0.0072  memory: 132  
2026/08/05 14:39:04 - mmengine - INFO - Epoch(val)  [61][110/116]    eta: 0:00:00  time: 0.0333  data_time: 0.0069  memory: 122  
2026/08/05 14:39:04 - mmengine - INFO - Evaluating bbox...
2026/08/05 14:39:04 - mmengine - INFO - bbox_mAP_copypaste: 0.605 0.867 0.672 0.200 0.744 0.536
2026/08/05 14:39:04 - mmengine - INFO - Evaluating segm...
2026/08/05 14:39:04 - mmengine - INFO - segm_mAP_copypaste: 0.607 0.858 0.718 0.100 0.748 0.533
2026/08/05 14:39:04 - mmengine - INFO - Epoch(val) [61][116/116]    coco/bbox_mAP: 0.6050  coco/bbox_mAP_50: 0.8670  coco/bbox_mAP_75: 0.6720  coco/bbox_mAP_s: 0.2000  coco/bbox_mAP_m: 0.7440  coco/bbox_mAP_l: 0.5360  coco/segm_mAP: 0.6070  coco/segm_mAP_50: 0.8580  coco/segm_mAP_75: 0.7180  coco/segm_mAP_s: 0.1000  coco/segm_mAP_m: 0.7480  coco/segm_mAP_l: 0.5330  data_time: 0.0068  time: 0.0334
2026/08/05 14:39:09 - mmengine - INFO - Epoch(train)  [62][10/68]  base_lr: 1.1106e-04 lr: 1.1106e-04  eta: 0:21:25  time: 0.4618  data_time: 0.1633  memory: 2112  grad_norm: 10.4656  loss: 0.4085  loss_cls: 0.0954  loss_bbox: 0.2198  loss_mask: 0.0934
2026/08/05 14:39:13 - mmengine - INFO - Epoch(train)  [62][20/68]  base_lr: 1.1070e-04 lr: 1.1070e-04  eta: 0:21:20  time: 0.4580  data_time: 0.1590  memory: 2111  grad_norm: 10.6629  loss: 0.4011  loss_cls: 0.0951  loss_bbox: 0.2144  loss_mask: 0.0916
2026/08/05 14:39:18 - mmengine - INFO - Epoch(train)  [62][30/68]  base_lr: 1.1034e-04 lr: 1.1034e-04  eta: 0:21:15  time: 0.4541  data_time: 0.1563  memory: 2120  grad_norm: 10.8989  loss: 0.4002  loss_cls: 0.0933  loss_bbox: 0.2156  loss_mask: 0.0913
2026/08/05 14:39:22 - mmengine - INFO - Epoch(train)  [62][40/68]  base_lr: 1.0998e-04 lr: 1.0998e-04  eta: 0:21:10  time: 0.4527  data_time: 0.1558  memory: 2103  grad_norm: 10.8386  loss: 0.3989  loss_cls: 0.0962  loss_bbox: 0.2127  loss_mask: 0.0900
2026/08/05 14:39:27 - mmengine - INFO - Epoch(train)  [62][50/68]  base_lr: 1.0961e-04 lr: 1.0961e-04  eta: 0:21:05  time: 0.4566  data_time: 0.1561  memory: 2111  grad_norm: 10.2666  loss: 0.4040  loss_cls: 0.0947  loss_bbox: 0.2183  loss_mask: 0.0910
2026/08/05 14:39:32 - mmengine - INFO - Epoch(train)  [62][60/68]  base_lr: 1.0924e-04 lr: 1.0924e-04  eta: 0:21:00  time: 0.4572  data_time: 0.1570  memory: 2124  grad_norm: 10.2172  loss: 0.4029  loss_cls: 0.0937  loss_bbox: 0.2181  loss_mask: 0.0911
2026/08/05 14:39:35 - mmengine - INFO - Exp name: rtmdet_ins_busi_20260805_135702
2026/08/05 14:39:35 - mmengine - INFO - Saving checkpoint at 62 epochs
2026/08/05 14:39:38 - mmengine - INFO - Epoch(val)  [62][ 10/116]    eta: 0:00:03  time: 0.0340  data_time: 0.0071  memory: 2110  
2026/08/05 14:39:38 - mmengine - INFO - Epoch(val)  [62][ 20/116]    eta: 0:00:03  time: 0.0336  data_time: 0.0071  memory: 116  
2026/08/05 14:39:38 - mmengine - INFO - Epoch(val)  [62][ 30/116]    eta: 0:00:02  time: 0.0331  data_time: 0.0066  memory: 115  
2026/08/05 14:39:39 - mmengine - INFO - Epoch(val)  [62][ 40/116]    eta: 0:00:02  time: 0.0328  data_time: 0.0064  memory: 111  
2026/08/05 14:39:39 - mmengine - INFO - Epoch(val)  [62][ 50/116]    eta: 0:00:02  time: 0.0325  data_time: 0.0065  memory: 124  
2026/08/05 14:39:39 - mmengine - INFO - Epoch(val)  [62][ 60/116]    eta: 0:00:01  time: 0.0322  data_time: 0.0068  memory: 111  
2026/08/05 14:39:40 - mmengine - INFO - Epoch(val)  [62][ 70/116]    eta: 0:00:01  time: 0.0323  data_time: 0.0066  memory: 127  
2026/08/05 14:39:40 - mmengine - INFO - Epoch(val)  [62][ 80/116]    eta: 0:00:01  time: 0.0329  data_time: 0.0068  memory: 134  
2026/08/05 14:39:40 - mmengine - INFO - Epoch(val)  [62][ 90/116]    eta: 0:00:00  time: 0.0335  data_time: 0.0071  memory: 132  
2026/08/05 14:39:41 - mmengine - INFO - Epoch(val)  [62][100/116]    eta: 0:00:00  time: 0.0339  data_time: 0.0069  memory: 119  
2026/08/05 14:39:41 - mmengine - INFO - Epoch(val)  [62][110/116]    eta: 0:00:00  time: 0.0335  data_time: 0.0067  memory: 114  
2026/08/05 14:39:41 - mmengine - INFO - Evaluating bbox...
2026/08/05 14:39:41 - mmengine - INFO - bbox_mAP_copypaste: 0.609 0.864 0.706 0.200 0.723 0.554
2026/08/05 14:39:41 - mmengine - INFO - Evaluating segm...
2026/08/05 14:39:41 - mmengine - INFO - segm_mAP_copypaste: 0.598 0.852 0.689 0.150 0.723 0.535
2026/08/05 14:39:41 - mmengine - INFO - Epoch(val) [62][116/116]    coco/bbox_mAP: 0.6090  coco/bbox_mAP_50: 0.8640  coco/bbox_mAP_75: 0.7060  coco/bbox_mAP_s: 0.2000  coco/bbox_mAP_m: 0.7230  coco/bbox_mAP_l: 0.5540  coco/segm_mAP: 0.5980  coco/segm_mAP_50: 0.8520  coco/segm_mAP_75: 0.6890  coco/segm_mAP_s: 0.1500  coco/segm_mAP_m: 0.7230  coco/segm_mAP_l: 0.5350  data_time: 0.0068  time: 0.0330
2026/08/05 14:39:46 - mmengine - INFO - Epoch(train)  [63][10/68]  base_lr: 1.0857e-04 lr: 1.0857e-04  eta: 0:20:51  time: 0.4580  data_time: 0.1564  memory: 2110  grad_norm: 9.8821  loss: 0.3819  loss_cls: 0.0853  loss_bbox: 0.2089  loss_mask: 0.0876
2026/08/05 14:39:51 - mmengine - INFO - Epoch(train)  [63][20/68]  base_lr: 1.0819e-04 lr: 1.0819e-04  eta: 0:20:46  time: 0.4573  data_time: 0.1579  memory: 2110  grad_norm: 9.9442  loss: 0.3863  loss_cls: 0.0830  loss_bbox: 0.2141  loss_mask: 0.0892
2026/08/05 14:39:55 - mmengine - INFO - Epoch(train)  [63][30/68]  base_lr: 1.0780e-04 lr: 1.0780e-04  eta: 0:20:41  time: 0.4597  data_time: 0.1593  memory: 2122  grad_norm: 9.9718  loss: 0.3794  loss_cls: 0.0769  loss_bbox: 0.2114  loss_mask: 0.0911
2026/08/05 14:40:00 - mmengine - INFO - Epoch(train)  [63][40/68]  base_lr: 1.0742e-04 lr: 1.0742e-04  eta: 0:20:36  time: 0.4552  data_time: 0.1555  memory: 2112  grad_norm: 10.1025  loss: 0.3747  loss_cls: 0.0757  loss_bbox: 0.2084  loss_mask: 0.0906
2026/08/05 14:40:04 - mmengine - INFO - Epoch(train)  [63][50/68]  base_lr: 1.0702e-04 lr: 1.0702e-04  eta: 0:20:31  time: 0.4581  data_time: 0.1562  memory: 2111  grad_norm: 10.1185  loss: 0.3822  loss_cls: 0.0800  loss_bbox: 0.2113  loss_mask: 0.0909
2026/08/05 14:40:09 - mmengine - INFO - Epoch(train)  [63][60/68]  base_lr: 1.0663e-04 lr: 1.0663e-04  eta: 0:20:26  time: 0.4538  data_time: 0.1552  memory: 2113  grad_norm: 10.5980  loss: 0.4013  loss_cls: 0.0888  loss_bbox: 0.2190  loss_mask: 0.0935
2026/08/05 14:40:12 - mmengine - INFO - Exp name: rtmdet_ins_busi_20260805_135702
2026/08/05 14:40:12 - mmengine - INFO - Saving checkpoint at 63 epochs
2026/08/05 14:40:15 - mmengine - INFO - Epoch(val)  [63][ 10/116]    eta: 0:00:03  time: 0.0339  data_time: 0.0069  memory: 2111  
2026/08/05 14:40:15 - mmengine - INFO - Epoch(val)  [63][ 20/116]    eta: 0:00:03  time: 0.0334  data_time: 0.0068  memory: 116  
2026/08/05 14:40:15 - mmengine - INFO - Epoch(val)  [63][ 30/116]    eta: 0:00:02  time: 0.0326  data_time: 0.0064  memory: 117  
2026/08/05 14:40:16 - mmengine - INFO - Epoch(val)  [63][ 40/116]    eta: 0:00:02  time: 0.0328  data_time: 0.0062  memory: 114  
2026/08/05 14:40:16 - mmengine - INFO - Epoch(val)  [63][ 50/116]    eta: 0:00:02  time: 0.0329  data_time: 0.0063  memory: 130  
2026/08/05 14:40:16 - mmengine - INFO - Epoch(val)  [63][ 60/116]    eta: 0:00:01  time: 0.0325  data_time: 0.0066  memory: 111  
2026/08/05 14:40:17 - mmengine - INFO - Epoch(val)  [63][ 70/116]    eta: 0:00:01  time: 0.0322  data_time: 0.0066  memory: 127  
2026/08/05 14:40:17 - mmengine - INFO - Epoch(val)  [63][ 80/116]    eta: 0:00:01  time: 0.0330  data_time: 0.0067  memory: 124  
2026/08/05 14:40:17 - mmengine - INFO - Epoch(val)  [63][ 90/116]    eta: 0:00:00  time: 0.0332  data_time: 0.0070  memory: 138  
2026/08/05 14:40:18 - mmengine - INFO - Epoch(val)  [63][100/116]    eta: 0:00:00  time: 0.0328  data_time: 0.0069  memory: 114  
2026/08/05 14:40:18 - mmengine - INFO - Epoch(val)  [63][110/116]    eta: 0:00:00  time: 0.0325  data_time: 0.0066  memory: 114  
2026/08/05 14:40:18 - mmengine - INFO - Evaluating bbox...
2026/08/05 14:40:18 - mmengine - INFO - bbox_mAP_copypaste: 0.604 0.867 0.689 0.100 0.709 0.543
2026/08/05 14:40:18 - mmengine - INFO - Evaluating segm...
2026/08/05 14:40:18 - mmengine - INFO - segm_mAP_copypaste: 0.599 0.857 0.695 0.100 0.725 0.531
2026/08/05 14:40:18 - mmengine - INFO - Epoch(val) [63][116/116]    coco/bbox_mAP: 0.6040  coco/bbox_mAP_50: 0.8670  coco/bbox_mAP_75: 0.6890  coco/bbox_mAP_s: 0.1000  coco/bbox_mAP_m: 0.7090  coco/bbox_mAP_l: 0.5430  coco/segm_mAP: 0.5990  coco/segm_mAP_50: 0.8570  coco/segm_mAP_75: 0.6950  coco/segm_mAP_s: 0.1000  coco/segm_mAP_m: 0.7250  coco/segm_mAP_l: 0.5310  data_time: 0.0066  time: 0.0327
2026/08/05 14:40:23 - mmengine - INFO - Epoch(train)  [64][10/68]  base_lr: 1.0591e-04 lr: 1.0591e-04  eta: 0:20:16  time: 0.4450  data_time: 0.1473  memory: 2113  grad_norm: 10.9470  loss: 0.3963  loss_cls: 0.0888  loss_bbox: 0.2159  loss_mask: 0.0916
2026/08/05 14:40:27 - mmengine - INFO - Epoch(train)  [64][20/68]  base_lr: 1.0550e-04 lr: 1.0550e-04  eta: 0:20:11  time: 0.4440  data_time: 0.1457  memory: 2120  grad_norm: 11.0578  loss: 0.3982  loss_cls: 0.0897  loss_bbox: 0.2167  loss_mask: 0.0918
2026/08/05 14:40:32 - mmengine - INFO - Epoch(train)  [64][30/68]  base_lr: 1.0510e-04 lr: 1.0510e-04  eta: 0:20:06  time: 0.4505  data_time: 0.1523  memory: 2112  grad_norm: 11.1073  loss: 0.3998  loss_cls: 0.0923  loss_bbox: 0.2151  loss_mask: 0.0924
2026/08/05 14:40:37 - mmengine - INFO - Epoch(train)  [64][40/68]  base_lr: 1.0468e-04 lr: 1.0468e-04  eta: 0:20:01  time: 0.4483  data_time: 0.1500  memory: 2111  grad_norm: 10.8348  loss: 0.3849  loss_cls: 0.0819  loss_bbox: 0.2124  loss_mask: 0.0906
2026/08/05 14:40:41 - mmengine - INFO - Epoch(train)  [64][50/68]  base_lr: 1.0427e-04 lr: 1.0427e-04  eta: 0:19:56  time: 0.4567  data_time: 0.1562  memory: 2112  grad_norm: 10.1951  loss: 0.3837  loss_cls: 0.0800  loss_bbox: 0.2136  loss_mask: 0.0900
2026/08/05 14:40:46 - mmengine - INFO - Epoch(train)  [64][60/68]  base_lr: 1.0385e-04 lr: 1.0385e-04  eta: 0:19:51  time: 0.4527  data_time: 0.1534  memory: 2112  grad_norm: 10.6831  loss: 0.3973  loss_cls: 0.0904  loss_bbox: 0.2156  loss_mask: 0.0913
2026/08/05 14:40:49 - mmengine - INFO - Exp name: rtmdet_ins_busi_20260805_135702
2026/08/05 14:40:49 - mmengine - INFO - Saving checkpoint at 64 epochs
2026/08/05 14:40:52 - mmengine - INFO - Epoch(val)  [64][ 10/116]    eta: 0:00:04  time: 0.0338  data_time: 0.0070  memory: 2101  
2026/08/05 14:40:52 - mmengine - INFO - Epoch(val)  [64][ 20/116]    eta: 0:00:03  time: 0.0334  data_time: 0.0069  memory: 116  
2026/08/05 14:40:52 - mmengine - INFO - Epoch(val)  [64][ 30/116]    eta: 0:00:02  time: 0.0328  data_time: 0.0066  memory: 111  
2026/08/05 14:40:52 - mmengine - INFO - Epoch(val)  [64][ 40/116]    eta: 0:00:02  time: 0.0332  data_time: 0.0066  memory: 111  
2026/08/05 14:40:53 - mmengine - INFO - Epoch(val)  [64][ 50/116]    eta: 0:00:02  time: 0.0332  data_time: 0.0068  memory: 119  
2026/08/05 14:40:53 - mmengine - INFO - Epoch(val)  [64][ 60/116]    eta: 0:00:01  time: 0.0325  data_time: 0.0069  memory: 111  
2026/08/05 14:40:53 - mmengine - INFO - Epoch(val)  [64][ 70/116]    eta: 0:00:01  time: 0.0323  data_time: 0.0069  memory: 111  
2026/08/05 14:40:54 - mmengine - INFO - Epoch(val)  [64][ 80/116]    eta: 0:00:01  time: 0.0328  data_time: 0.0070  memory: 124  
2026/08/05 14:40:54 - mmengine - INFO - Epoch(val)  [64][ 90/116]    eta: 0:00:00  time: 0.0332  data_time: 0.0071  memory: 132  
2026/08/05 14:40:54 - mmengine - INFO - Epoch(val)  [64][100/116]    eta: 0:00:00  time: 0.0330  data_time: 0.0070  memory: 119  
2026/08/05 14:40:55 - mmengine - INFO - Epoch(val)  [64][110/116]    eta: 0:00:00  time: 0.0323  data_time: 0.0068  memory: 114  
2026/08/05 14:40:55 - mmengine - INFO - Evaluating bbox...
2026/08/05 14:40:55 - mmengine - INFO - bbox_mAP_copypaste: 0.605 0.863 0.698 0.043 0.697 0.556
2026/08/05 14:40:55 - mmengine - INFO - Evaluating segm...
2026/08/05 14:40:55 - mmengine - INFO - segm_mAP_copypaste: 0.595 0.858 0.682 0.015 0.712 0.531
2026/08/05 14:40:55 - mmengine - INFO - Epoch(val) [64][116/116]    coco/bbox_mAP: 0.6050  coco/bbox_mAP_50: 0.8630  coco/bbox_mAP_75: 0.6980  coco/bbox_mAP_s: 0.0430  coco/bbox_mAP_m: 0.6970  coco/bbox_mAP_l: 0.5560  coco/segm_mAP: 0.5950  coco/segm_mAP_50: 0.8580  coco/segm_mAP_75: 0.6820  coco/segm_mAP_s: 0.0150  coco/segm_mAP_m: 0.7120  coco/segm_mAP_l: 0.5310  data_time: 0.0068  time: 0.0329
2026/08/05 14:41:00 - mmengine - INFO - Epoch(train)  [65][10/68]  base_lr: 1.0309e-04 lr: 1.0309e-04  eta: 0:19:42  time: 0.4456  data_time: 0.1487  memory: 2113  grad_norm: 11.2662  loss: 0.4210  loss_cls: 0.0980  loss_bbox: 0.2285  loss_mask: 0.0945
2026/08/05 14:41:04 - mmengine - INFO - Epoch(train)  [65][20/68]  base_lr: 1.0266e-04 lr: 1.0266e-04  eta: 0:19:37  time: 0.4489  data_time: 0.1515  memory: 2123  grad_norm: 11.3617  loss: 0.4281  loss_cls: 0.1021  loss_bbox: 0.2324  loss_mask: 0.0935
2026/08/05 14:41:09 - mmengine - INFO - Epoch(train)  [65][30/68]  base_lr: 1.0223e-04 lr: 1.0223e-04  eta: 0:19:32  time: 0.4479  data_time: 0.1482  memory: 2112  grad_norm: 11.0154  loss: 0.4269  loss_cls: 0.1033  loss_bbox: 0.2288  loss_mask: 0.0948
2026/08/05 14:41:14 - mmengine - INFO - Epoch(train)  [65][40/68]  base_lr: 1.0180e-04 lr: 1.0180e-04  eta: 0:19:27  time: 0.4536  data_time: 0.1531  memory: 2111  grad_norm: 10.9373  loss: 0.4147  loss_cls: 0.0953  loss_bbox: 0.2264  loss_mask: 0.0931
2026/08/05 14:41:18 - mmengine - INFO - Epoch(train)  [65][50/68]  base_lr: 1.0136e-04 lr: 1.0136e-04  eta: 0:19:22  time: 0.4640  data_time: 0.1602  memory: 2112  grad_norm: 10.3885  loss: 0.3813  loss_cls: 0.0842  loss_bbox: 0.2091  loss_mask: 0.0880
2026/08/05 14:41:23 - mmengine - INFO - Epoch(train)  [65][60/68]  base_lr: 1.0092e-04 lr: 1.0092e-04  eta: 0:19:17  time: 0.4606  data_time: 0.1596  memory: 2109  grad_norm: 10.4164  loss: 0.3750  loss_cls: 0.0749  loss_bbox: 0.2137  loss_mask: 0.0864
2026/08/05 14:41:26 - mmengine - INFO - Exp name: rtmdet_ins_busi_20260805_135702
2026/08/05 14:41:26 - mmengine - INFO - Saving checkpoint at 65 epochs
2026/08/05 14:41:29 - mmengine - INFO - Epoch(val)  [65][ 10/116]    eta: 0:00:03  time: 0.0338  data_time: 0.0069  memory: 2120  
2026/08/05 14:41:29 - mmengine - INFO - Epoch(val)  [65][ 20/116]    eta: 0:00:03  time: 0.0334  data_time: 0.0069  memory: 111  
2026/08/05 14:41:30 - mmengine - INFO - Epoch(val)  [65][ 30/116]    eta: 0:00:02  time: 0.0325  data_time: 0.0065  memory: 111  
2026/08/05 14:41:30 - mmengine - INFO - Epoch(val)  [65][ 40/116]    eta: 0:00:02  time: 0.0335  data_time: 0.0063  memory: 111  
2026/08/05 14:41:30 - mmengine - INFO - Epoch(val)  [65][ 50/116]    eta: 0:00:02  time: 0.0337  data_time: 0.0066  memory: 130  
2026/08/05 14:41:31 - mmengine - INFO - Epoch(val)  [65][ 60/116]    eta: 0:00:01  time: 0.0329  data_time: 0.0067  memory: 111  
2026/08/05 14:41:31 - mmengine - INFO - Epoch(val)  [65][ 70/116]    eta: 0:00:01  time: 0.0329  data_time: 0.0067  memory: 114  
2026/08/05 14:41:31 - mmengine - INFO - Epoch(val)  [65][ 80/116]    eta: 0:00:01  time: 0.0337  data_time: 0.0069  memory: 124  
2026/08/05 14:41:32 - mmengine - INFO - Epoch(val)  [65][ 90/116]    eta: 0:00:00  time: 0.0334  data_time: 0.0073  memory: 127  
2026/08/05 14:41:32 - mmengine - INFO - Epoch(val)  [65][100/116]    eta: 0:00:00  time: 0.0334  data_time: 0.0070  memory: 119  
2026/08/05 14:41:32 - mmengine - INFO - Epoch(val)  [65][110/116]    eta: 0:00:00  time: 0.0329  data_time: 0.0068  memory: 111  
2026/08/05 14:41:33 - mmengine - INFO - Evaluating bbox...
2026/08/05 14:41:33 - mmengine - INFO - bbox_mAP_copypaste: 0.605 0.875 0.702 0.060 0.691 0.551
2026/08/05 14:41:33 - mmengine - INFO - Evaluating segm...
2026/08/05 14:41:33 - mmengine - INFO - segm_mAP_copypaste: 0.599 0.858 0.708 0.023 0.713 0.534
2026/08/05 14:41:33 - mmengine - INFO - Epoch(val) [65][116/116]    coco/bbox_mAP: 0.6050  coco/bbox_mAP_50: 0.8750  coco/bbox_mAP_75: 0.7020  coco/bbox_mAP_s: 0.0600  coco/bbox_mAP_m: 0.6910  coco/bbox_mAP_l: 0.5510  coco/segm_mAP: 0.5990  coco/segm_mAP_50: 0.8580  coco/segm_mAP_75: 0.7080  coco/segm_mAP_s: 0.0230  coco/segm_mAP_m: 0.7130  coco/segm_mAP_l: 0.5340  data_time: 0.0068  time: 0.0333
2026/08/05 14:41:37 - mmengine - INFO - Epoch(train)  [66][10/68]  base_lr: 1.0012e-04 lr: 1.0012e-04  eta: 0:19:08  time: 0.4589  data_time: 0.1580  memory: 2112  grad_norm: 10.6245  loss: 0.3903  loss_cls: 0.0870  loss_bbox: 0.2144  loss_mask: 0.0889
2026/08/05 14:41:42 - mmengine - INFO - Epoch(train)  [66][20/68]  base_lr: 9.9676e-05 lr: 9.9676e-05  eta: 0:19:03  time: 0.4571  data_time: 0.1577  memory: 2109  grad_norm: 10.7423  loss: 0.3868  loss_cls: 0.0887  loss_bbox: 0.2111  loss_mask: 0.0870
2026/08/05 14:41:47 - mmengine - INFO - Epoch(train)  [66][30/68]  base_lr: 9.9225e-05 lr: 9.9225e-05  eta: 0:18:58  time: 0.4543  data_time: 0.1548  memory: 2112  grad_norm: 11.2250  loss: 0.4040  loss_cls: 0.0978  loss_bbox: 0.2174  loss_mask: 0.0887
2026/08/05 14:41:51 - mmengine - INFO - Epoch(train)  [66][40/68]  base_lr: 9.8771e-05 lr: 9.8771e-05  eta: 0:18:53  time: 0.4567  data_time: 0.1555  memory: 2108  grad_norm: 10.7508  loss: 0.4161  loss_cls: 0.1056  loss_bbox: 0.2201  loss_mask: 0.0904
2026/08/05 14:41:56 - mmengine - INFO - Epoch(train)  [66][50/68]  base_lr: 9.8315e-05 lr: 9.8315e-05  eta: 0:18:48  time: 0.4607  data_time: 0.1563  memory: 2113  grad_norm: 10.5711  loss: 0.4044  loss_cls: 0.0991  loss_bbox: 0.2160  loss_mask: 0.0892
2026/08/05 14:42:00 - mmengine - INFO - Epoch(train)  [66][60/68]  base_lr: 9.7856e-05 lr: 9.7856e-05  eta: 0:18:43  time: 0.4545  data_time: 0.1528  memory: 2120  grad_norm: 10.6590  loss: 0.4061  loss_cls: 0.0950  loss_bbox: 0.2204  loss_mask: 0.0906
2026/08/05 14:42:04 - mmengine - INFO - Exp name: rtmdet_ins_busi_20260805_135702
2026/08/05 14:42:04 - mmengine - INFO - Saving checkpoint at 66 epochs
2026/08/05 14:42:06 - mmengine - INFO - Epoch(val)  [66][ 10/116]    eta: 0:00:03  time: 0.0340  data_time: 0.0069  memory: 2112  
2026/08/05 14:42:07 - mmengine - INFO - Epoch(val)  [66][ 20/116]    eta: 0:00:03  time: 0.0333  data_time: 0.0067  memory: 116  
2026/08/05 14:42:07 - mmengine - INFO - Epoch(val)  [66][ 30/116]    eta: 0:00:02  time: 0.0334  data_time: 0.0065  memory: 111  
2026/08/05 14:42:07 - mmengine - INFO - Epoch(val)  [66][ 40/116]    eta: 0:00:02  time: 0.0334  data_time: 0.0064  memory: 111  
2026/08/05 14:42:08 - mmengine - INFO - Epoch(val)  [66][ 50/116]    eta: 0:00:02  time: 0.0335  data_time: 0.0065  memory: 130  
2026/08/05 14:42:08 - mmengine - INFO - Epoch(val)  [66][ 60/116]    eta: 0:00:01  time: 0.0328  data_time: 0.0068  memory: 122  
2026/08/05 14:42:08 - mmengine - INFO - Epoch(val)  [66][ 70/116]    eta: 0:00:01  time: 0.0327  data_time: 0.0067  memory: 111  
2026/08/05 14:42:09 - mmengine - INFO - Epoch(val)  [66][ 80/116]    eta: 0:00:01  time: 0.0326  data_time: 0.0067  memory: 121  
2026/08/05 14:42:09 - mmengine - INFO - Epoch(val)  [66][ 90/116]    eta: 0:00:00  time: 0.0330  data_time: 0.0070  memory: 138  
2026/08/05 14:42:09 - mmengine - INFO - Epoch(val)  [66][100/116]    eta: 0:00:00  time: 0.0330  data_time: 0.0068  memory: 137  
2026/08/05 14:42:10 - mmengine - INFO - Epoch(val)  [66][110/116]    eta: 0:00:00  time: 0.0329  data_time: 0.0065  memory: 111  
2026/08/05 14:42:10 - mmengine - INFO - Evaluating bbox...
2026/08/05 14:42:10 - mmengine - INFO - bbox_mAP_copypaste: 0.602 0.860 0.663 0.150 0.693 0.551
2026/08/05 14:42:10 - mmengine - INFO - Evaluating segm...
2026/08/05 14:42:10 - mmengine - INFO - segm_mAP_copypaste: 0.596 0.852 0.693 0.080 0.713 0.536
2026/08/05 14:42:10 - mmengine - INFO - Epoch(val) [66][116/116]    coco/bbox_mAP: 0.6020  coco/bbox_mAP_50: 0.8600  coco/bbox_mAP_75: 0.6630  coco/bbox_mAP_s: 0.1500  coco/bbox_mAP_m: 0.6930  coco/bbox_mAP_l: 0.5510  coco/segm_mAP: 0.5960  coco/segm_mAP_50: 0.8520  coco/segm_mAP_75: 0.6930  coco/segm_mAP_s: 0.0800  coco/segm_mAP_m: 0.7130  coco/segm_mAP_l: 0.5360  data_time: 0.0066  time: 0.0333
2026/08/05 14:42:15 - mmengine - INFO - Epoch(train)  [67][10/68]  base_lr: 9.7022e-05 lr: 9.7022e-05  eta: 0:18:34  time: 0.4541  data_time: 0.1518  memory: 2139  grad_norm: 10.5236  loss: 0.4049  loss_cls: 0.0907  loss_bbox: 0.2227  loss_mask: 0.0915
2026/08/05 14:42:19 - mmengine - INFO - Epoch(train)  [67][20/68]  base_lr: 9.6555e-05 lr: 9.6555e-05  eta: 0:18:29  time: 0.4523  data_time: 0.1499  memory: 2123  grad_norm: 10.6030  loss: 0.4007  loss_cls: 0.0884  loss_bbox: 0.2212  loss_mask: 0.0911
2026/08/05 14:42:24 - mmengine - INFO - Epoch(train)  [67][30/68]  base_lr: 9.6085e-05 lr: 9.6085e-05  eta: 0:18:24  time: 0.4554  data_time: 0.1543  memory: 2112  grad_norm: 10.8271  loss: 0.3866  loss_cls: 0.0829  loss_bbox: 0.2148  loss_mask: 0.0890
2026/08/05 14:42:29 - mmengine - INFO - Epoch(train)  [67][40/68]  base_lr: 9.5613e-05 lr: 9.5613e-05  eta: 0:18:19  time: 0.4627  data_time: 0.1602  memory: 2113  grad_norm: 10.6922  loss: 0.3833  loss_cls: 0.0865  loss_bbox: 0.2085  loss_mask: 0.0883
2026/08/05 14:42:33 - mmengine - INFO - Epoch(train)  [67][50/68]  base_lr: 9.5138e-05 lr: 9.5138e-05  eta: 0:18:14  time: 0.4649  data_time: 0.1602  memory: 2101  grad_norm: 10.4737  loss: 0.3853  loss_cls: 0.0906  loss_bbox: 0.2069  loss_mask: 0.0878
2026/08/05 14:42:38 - mmengine - INFO - Epoch(train)  [67][60/68]  base_lr: 9.4661e-05 lr: 9.4661e-05  eta: 0:18:09  time: 0.4602  data_time: 0.1588  memory: 2112  grad_norm: 10.2504  loss: 0.3776  loss_cls: 0.0889  loss_bbox: 0.2014  loss_mask: 0.0873
2026/08/05 14:42:41 - mmengine - INFO - Exp name: rtmdet_ins_busi_20260805_135702
2026/08/05 14:42:41 - mmengine - INFO - Saving checkpoint at 67 epochs
2026/08/05 14:42:44 - mmengine - INFO - Epoch(val)  [67][ 10/116]    eta: 0:00:03  time: 0.0341  data_time: 0.0068  memory: 2120  
2026/08/05 14:42:44 - mmengine - INFO - Epoch(val)  [67][ 20/116]    eta: 0:00:03  time: 0.0335  data_time: 0.0067  memory: 116  
2026/08/05 14:42:44 - mmengine - INFO - Epoch(val)  [67][ 30/116]    eta: 0:00:02  time: 0.0338  data_time: 0.0065  memory: 118  
2026/08/05 14:42:45 - mmengine - INFO - Epoch(val)  [67][ 40/116]    eta: 0:00:02  time: 0.0335  data_time: 0.0065  memory: 117  
2026/08/05 14:42:45 - mmengine - INFO - Epoch(val)  [67][ 50/116]    eta: 0:00:02  time: 0.0334  data_time: 0.0066  memory: 124  
2026/08/05 14:42:45 - mmengine - INFO - Epoch(val)  [67][ 60/116]    eta: 0:00:01  time: 0.0330  data_time: 0.0068  memory: 114  
2026/08/05 14:42:46 - mmengine - INFO - Epoch(val)  [67][ 70/116]    eta: 0:00:01  time: 0.0333  data_time: 0.0068  memory: 121  
2026/08/05 14:42:46 - mmengine - INFO - Epoch(val)  [67][ 80/116]    eta: 0:00:01  time: 0.0329  data_time: 0.0069  memory: 130  
2026/08/05 14:42:46 - mmengine - INFO - Epoch(val)  [67][ 90/116]    eta: 0:00:00  time: 0.0338  data_time: 0.0075  memory: 151  
2026/08/05 14:42:47 - mmengine - INFO - Epoch(val)  [67][100/116]    eta: 0:00:00  time: 0.0343  data_time: 0.0073  memory: 127  
2026/08/05 14:42:47 - mmengine - INFO - Epoch(val)  [67][110/116]    eta: 0:00:00  time: 0.0341  data_time: 0.0071  memory: 126  
2026/08/05 14:42:47 - mmengine - INFO - Evaluating bbox...
2026/08/05 14:42:47 - mmengine - INFO - bbox_mAP_copypaste: 0.608 0.877 0.691 0.033 0.691 0.565
2026/08/05 14:42:47 - mmengine - INFO - Evaluating segm...
2026/08/05 14:42:47 - mmengine - INFO - segm_mAP_copypaste: 0.607 0.864 0.714 0.020 0.712 0.553
2026/08/05 14:42:47 - mmengine - INFO - Epoch(val) [67][116/116]    coco/bbox_mAP: 0.6080  coco/bbox_mAP_50: 0.8770  coco/bbox_mAP_75: 0.6910  coco/bbox_mAP_s: 0.0330  coco/bbox_mAP_m: 0.6910  coco/bbox_mAP_l: 0.5650  coco/segm_mAP: 0.6070  coco/segm_mAP_50: 0.8640  coco/segm_mAP_75: 0.7140  coco/segm_mAP_s: 0.0200  coco/segm_mAP_m: 0.7120  coco/segm_mAP_l: 0.5530  data_time: 0.0069  time: 0.0336
2026/08/05 14:42:52 - mmengine - INFO - Epoch(train)  [68][10/68]  base_lr: 9.3795e-05 lr: 9.3795e-05  eta: 0:18:00  time: 0.4560  data_time: 0.1552  memory: 2104  grad_norm: 10.3112  loss: 0.3735  loss_cls: 0.0863  loss_bbox: 0.2018  loss_mask: 0.0854
2026/08/05 14:42:57 - mmengine - INFO - Epoch(train)  [68][20/68]  base_lr: 9.3311e-05 lr: 9.3311e-05  eta: 0:17:55  time: 0.4501  data_time: 0.1513  memory: 2119  grad_norm: 10.1422  loss: 0.3686  loss_cls: 0.0787  loss_bbox: 0.2050  loss_mask: 0.0849
2026/08/05 14:43:01 - mmengine - INFO - Epoch(train)  [68][30/68]  base_lr: 9.2825e-05 lr: 9.2825e-05  eta: 0:17:50  time: 0.4487  data_time: 0.1492  memory: 2121  grad_norm: 10.1818  loss: 0.3761  loss_cls: 0.0782  loss_bbox: 0.2105  loss_mask: 0.0873
2026/08/05 14:43:06 - mmengine - INFO - Epoch(train)  [68][40/68]  base_lr: 9.2336e-05 lr: 9.2336e-05  eta: 0:17:45  time: 0.4537  data_time: 0.1533  memory: 2120  grad_norm: 10.3471  loss: 0.3868  loss_cls: 0.0837  loss_bbox: 0.2141  loss_mask: 0.0889
2026/08/05 14:43:10 - mmengine - INFO - Epoch(train)  [68][50/68]  base_lr: 9.1845e-05 lr: 9.1845e-05  eta: 0:17:40  time: 0.4577  data_time: 0.1551  memory: 2111  grad_norm: 9.8100  loss: 0.3814  loss_cls: 0.0803  loss_bbox: 0.2132  loss_mask: 0.0878
2026/08/05 14:43:15 - mmengine - INFO - Epoch(train)  [68][60/68]  base_lr: 9.1352e-05 lr: 9.1352e-05  eta: 0:17:35  time: 0.4501  data_time: 0.1496  memory: 2123  grad_norm: 9.6334  loss: 0.3792  loss_cls: 0.0811  loss_bbox: 0.2101  loss_mask: 0.0880
2026/08/05 14:43:18 - mmengine - INFO - Exp name: rtmdet_ins_busi_20260805_135702
2026/08/05 14:43:18 - mmengine - INFO - Saving checkpoint at 68 epochs
2026/08/05 14:43:21 - mmengine - INFO - Epoch(val)  [68][ 10/116]    eta: 0:00:03  time: 0.0346  data_time: 0.0071  memory: 2113  
2026/08/05 14:43:21 - mmengine - INFO - Epoch(val)  [68][ 20/116]    eta: 0:00:03  time: 0.0342  data_time: 0.0069  memory: 119  
2026/08/05 14:43:22 - mmengine - INFO - Epoch(val)  [68][ 30/116]    eta: 0:00:02  time: 0.0326  data_time: 0.0063  memory: 118  
2026/08/05 14:43:22 - mmengine - INFO - Epoch(val)  [68][ 40/116]    eta: 0:00:02  time: 0.0322  data_time: 0.0062  memory: 111  
2026/08/05 14:43:22 - mmengine - INFO - Epoch(val)  [68][ 50/116]    eta: 0:00:02  time: 0.0323  data_time: 0.0063  memory: 119  
2026/08/05 14:43:23 - mmengine - INFO - Epoch(val)  [68][ 60/116]    eta: 0:00:01  time: 0.0321  data_time: 0.0067  memory: 111  
2026/08/05 14:43:23 - mmengine - INFO - Epoch(val)  [68][ 70/116]    eta: 0:00:01  time: 0.0320  data_time: 0.0067  memory: 111  
2026/08/05 14:43:23 - mmengine - INFO - Epoch(val)  [68][ 80/116]    eta: 0:00:01  time: 0.0327  data_time: 0.0069  memory: 134  
2026/08/05 14:43:24 - mmengine - INFO - Epoch(val)  [68][ 90/116]    eta: 0:00:00  time: 0.0334  data_time: 0.0073  memory: 138  
2026/08/05 14:43:24 - mmengine - INFO - Epoch(val)  [68][100/116]    eta: 0:00:00  time: 0.0334  data_time: 0.0071  memory: 123  
2026/08/05 14:43:24 - mmengine - INFO - Epoch(val)  [68][110/116]    eta: 0:00:00  time: 0.0327  data_time: 0.0067  memory: 115  
2026/08/05 14:43:24 - mmengine - INFO - Evaluating bbox...
2026/08/05 14:43:24 - mmengine - INFO - bbox_mAP_copypaste: 0.615 0.873 0.703 0.000 0.704 0.564
2026/08/05 14:43:24 - mmengine - INFO - Evaluating segm...
2026/08/05 14:43:24 - mmengine - INFO - segm_mAP_copypaste: 0.607 0.860 0.736 0.000 0.719 0.545
2026/08/05 14:43:25 - mmengine - INFO - Epoch(val) [68][116/116]    coco/bbox_mAP: 0.6150  coco/bbox_mAP_50: 0.8730  coco/bbox_mAP_75: 0.7030  coco/bbox_mAP_s: 0.0000  coco/bbox_mAP_m: 0.7040  coco/bbox_mAP_l: 0.5640  coco/segm_mAP: 0.6070  coco/segm_mAP_50: 0.8600  coco/segm_mAP_75: 0.7360  coco/segm_mAP_s: 0.0000  coco/segm_mAP_m: 0.7190  coco/segm_mAP_l: 0.5450  data_time: 0.0067  time: 0.0327
2026/08/05 14:43:29 - mmengine - INFO - Epoch(train)  [69][10/68]  base_lr: 9.0458e-05 lr: 9.0458e-05  eta: 0:17:26  time: 0.4544  data_time: 0.1539  memory: 2112  grad_norm: 9.8218  loss: 0.3724  loss_cls: 0.0821  loss_bbox: 0.2055  loss_mask: 0.0849
2026/08/05 14:43:34 - mmengine - INFO - Epoch(train)  [69][20/68]  base_lr: 8.9959e-05 lr: 8.9959e-05  eta: 0:17:21  time: 0.4520  data_time: 0.1518  memory: 2112  grad_norm: 9.6138  loss: 0.3582  loss_cls: 0.0784  loss_bbox: 0.1979  loss_mask: 0.0819
2026/08/05 14:43:38 - mmengine - INFO - Epoch(train)  [69][30/68]  base_lr: 8.9457e-05 lr: 8.9457e-05  eta: 0:17:16  time: 0.4513  data_time: 0.1514  memory: 2113  grad_norm: 10.1875  loss: 0.3808  loss_cls: 0.0878  loss_bbox: 0.2067  loss_mask: 0.0863
2026/08/05 14:43:43 - mmengine - INFO - Epoch(train)  [69][40/68]  base_lr: 8.8954e-05 lr: 8.8954e-05  eta: 0:17:11  time: 0.4488  data_time: 0.1493  memory: 2112  grad_norm: 10.3824  loss: 0.3760  loss_cls: 0.0861  loss_bbox: 0.2045  loss_mask: 0.0854
2026/08/05 14:43:47 - mmengine - INFO - Epoch(train)  [69][50/68]  base_lr: 8.8448e-05 lr: 8.8448e-05  eta: 0:17:07  time: 0.4548  data_time: 0.1530  memory: 2123  grad_norm: 10.1959  loss: 0.3748  loss_cls: 0.0859  loss_bbox: 0.2048  loss_mask: 0.0841
2026/08/05 14:43:52 - mmengine - INFO - Epoch(train)  [69][60/68]  base_lr: 8.7941e-05 lr: 8.7941e-05  eta: 0:17:02  time: 0.4549  data_time: 0.1540  memory: 2112  grad_norm: 10.4538  loss: 0.3796  loss_cls: 0.0864  loss_bbox: 0.2063  loss_mask: 0.0869
2026/08/05 14:43:55 - mmengine - INFO - Exp name: rtmdet_ins_busi_20260805_135702
2026/08/05 14:43:55 - mmengine - INFO - Saving checkpoint at 69 epochs
2026/08/05 14:43:58 - mmengine - INFO - Epoch(val)  [69][ 10/116]    eta: 0:00:03  time: 0.0335  data_time: 0.0068  memory: 2102  
2026/08/05 14:43:58 - mmengine - INFO - Epoch(val)  [69][ 20/116]    eta: 0:00:03  time: 0.0328  data_time: 0.0068  memory: 119  
2026/08/05 14:43:58 - mmengine - INFO - Epoch(val)  [69][ 30/116]    eta: 0:00:02  time: 0.0322  data_time: 0.0064  memory: 116  
2026/08/05 14:43:59 - mmengine - INFO - Epoch(val)  [69][ 40/116]    eta: 0:00:02  time: 0.0324  data_time: 0.0063  memory: 116  
2026/08/05 14:43:59 - mmengine - INFO - Epoch(val)  [69][ 50/116]    eta: 0:00:02  time: 0.0322  data_time: 0.0064  memory: 124  
2026/08/05 14:43:59 - mmengine - INFO - Epoch(val)  [69][ 60/116]    eta: 0:00:01  time: 0.0321  data_time: 0.0067  memory: 114  
2026/08/05 14:44:00 - mmengine - INFO - Epoch(val)  [69][ 70/116]    eta: 0:00:01  time: 0.0320  data_time: 0.0066  memory: 114  
2026/08/05 14:44:00 - mmengine - INFO - Epoch(val)  [69][ 80/116]    eta: 0:00:01  time: 0.0324  data_time: 0.0068  memory: 130  
2026/08/05 14:44:00 - mmengine - INFO - Epoch(val)  [69][ 90/116]    eta: 0:00:00  time: 0.0330  data_time: 0.0072  memory: 132  
2026/08/05 14:44:01 - mmengine - INFO - Epoch(val)  [69][100/116]    eta: 0:00:00  time: 0.0335  data_time: 0.0071  memory: 127  
2026/08/05 14:44:01 - mmengine - INFO - Epoch(val)  [69][110/116]    eta: 0:00:00  time: 0.0334  data_time: 0.0069  memory: 122  
2026/08/05 14:44:01 - mmengine - INFO - Evaluating bbox...
2026/08/05 14:44:01 - mmengine - INFO - bbox_mAP_copypaste: 0.607 0.858 0.692 0.000 0.703 0.552
2026/08/05 14:44:01 - mmengine - INFO - Evaluating segm...
2026/08/05 14:44:01 - mmengine - INFO - segm_mAP_copypaste: 0.607 0.854 0.706 0.000 0.723 0.544
2026/08/05 14:44:01 - mmengine - INFO - Epoch(val) [69][116/116]    coco/bbox_mAP: 0.6070  coco/bbox_mAP_50: 0.8580  coco/bbox_mAP_75: 0.6920  coco/bbox_mAP_s: 0.0000  coco/bbox_mAP_m: 0.7030  coco/bbox_mAP_l: 0.5520  coco/segm_mAP: 0.6070  coco/segm_mAP_50: 0.8540  coco/segm_mAP_75: 0.7060  coco/segm_mAP_s: 0.0000  coco/segm_mAP_m: 0.7230  coco/segm_mAP_l: 0.5440  data_time: 0.0068  time: 0.0329
2026/08/05 14:44:06 - mmengine - INFO - Epoch(train)  [70][10/68]  base_lr: 8.7023e-05 lr: 8.7023e-05  eta: 0:16:53  time: 0.4522  data_time: 0.1525  memory: 2112  grad_norm: 10.5989  loss: 0.3699  loss_cls: 0.0774  loss_bbox: 0.2048  loss_mask: 0.0877
2026/08/05 14:44:11 - mmengine - INFO - Epoch(train)  [70][20/68]  base_lr: 8.6510e-05 lr: 8.6510e-05  eta: 0:16:48  time: 0.4575  data_time: 0.1564  memory: 2113  grad_norm: 10.5687  loss: 0.3732  loss_cls: 0.0800  loss_bbox: 0.2055  loss_mask: 0.0877
2026/08/05 14:44:15 - mmengine - INFO - Epoch(train)  [70][30/68]  base_lr: 8.5995e-05 lr: 8.5995e-05  eta: 0:16:43  time: 0.4513  data_time: 0.1493  memory: 2125  grad_norm: 10.1617  loss: 0.3733  loss_cls: 0.0785  loss_bbox: 0.2054  loss_mask: 0.0894
2026/08/05 14:44:20 - mmengine - INFO - Epoch(train)  [70][40/68]  base_lr: 8.5479e-05 lr: 8.5479e-05  eta: 0:16:38  time: 0.4482  data_time: 0.1447  memory: 2112  grad_norm: 9.7848  loss: 0.3682  loss_cls: 0.0782  loss_bbox: 0.2031  loss_mask: 0.0869
2026/08/05 14:44:24 - mmengine - INFO - Epoch(train)  [70][50/68]  base_lr: 8.4961e-05 lr: 8.4961e-05  eta: 0:16:33  time: 0.4561  data_time: 0.1503  memory: 2112  grad_norm: 9.6054  loss: 0.3789  loss_cls: 0.0832  loss_bbox: 0.2065  loss_mask: 0.0892
2026/08/05 14:44:29 - mmengine - INFO - Epoch(train)  [70][60/68]  base_lr: 8.4442e-05 lr: 8.4442e-05  eta: 0:16:28  time: 0.4567  data_time: 0.1520  memory: 2110  grad_norm: 9.6946  loss: 0.3835  loss_cls: 0.0836  loss_bbox: 0.2113  loss_mask: 0.0885
2026/08/05 14:44:32 - mmengine - INFO - Exp name: rtmdet_ins_busi_20260805_135702
2026/08/05 14:44:32 - mmengine - INFO - Saving checkpoint at 70 epochs
2026/08/05 14:44:35 - mmengine - INFO - Epoch(val)  [70][ 10/116]    eta: 0:00:04  time: 0.0350  data_time: 0.0071  memory: 2101  
2026/08/05 14:44:35 - mmengine - INFO - Epoch(val)  [70][ 20/116]    eta: 0:00:03  time: 0.0344  data_time: 0.0071  memory: 111  
2026/08/05 14:44:36 - mmengine - INFO - Epoch(val)  [70][ 30/116]    eta: 0:00:02  time: 0.0338  data_time: 0.0067  memory: 111  
2026/08/05 14:44:36 - mmengine - INFO - Epoch(val)  [70][ 40/116]    eta: 0:00:02  time: 0.0336  data_time: 0.0064  memory: 116  
2026/08/05 14:44:36 - mmengine - INFO - Epoch(val)  [70][ 50/116]    eta: 0:00:02  time: 0.0336  data_time: 0.0066  memory: 130  
2026/08/05 14:44:37 - mmengine - INFO - Epoch(val)  [70][ 60/116]    eta: 0:00:01  time: 0.0327  data_time: 0.0068  memory: 114  
2026/08/05 14:44:37 - mmengine - INFO - Epoch(val)  [70][ 70/116]    eta: 0:00:01  time: 0.0328  data_time: 0.0069  memory: 111  
2026/08/05 14:44:37 - mmengine - INFO - Epoch(val)  [70][ 80/116]    eta: 0:00:01  time: 0.0330  data_time: 0.0071  memory: 130  
2026/08/05 14:44:38 - mmengine - INFO - Epoch(val)  [70][ 90/116]    eta: 0:00:00  time: 0.0336  data_time: 0.0075  memory: 127  
2026/08/05 14:44:38 - mmengine - INFO - Epoch(val)  [70][100/116]    eta: 0:00:00  time: 0.0335  data_time: 0.0074  memory: 137  
2026/08/05 14:44:38 - mmengine - INFO - Epoch(val)  [70][110/116]    eta: 0:00:00  time: 0.0331  data_time: 0.0070  memory: 118  
2026/08/05 14:44:39 - mmengine - INFO - Evaluating bbox...
2026/08/05 14:44:39 - mmengine - INFO - bbox_mAP_copypaste: 0.608 0.871 0.697 0.000 0.673 0.574
2026/08/05 14:44:39 - mmengine - INFO - Evaluating segm...
2026/08/05 14:44:39 - mmengine - INFO - segm_mAP_copypaste: 0.603 0.860 0.716 0.000 0.713 0.546
2026/08/05 14:44:39 - mmengine - INFO - Epoch(val) [70][116/116]    coco/bbox_mAP: 0.6080  coco/bbox_mAP_50: 0.8710  coco/bbox_mAP_75: 0.6970  coco/bbox_mAP_s: 0.0000  coco/bbox_mAP_m: 0.6730  coco/bbox_mAP_l: 0.5740  coco/segm_mAP: 0.6030  coco/segm_mAP_50: 0.8600  coco/segm_mAP_75: 0.7160  coco/segm_mAP_s: 0.0000  coco/segm_mAP_m: 0.7130  coco/segm_mAP_l: 0.5460  data_time: 0.0069  time: 0.0334
2026/08/05 14:44:43 - mmengine - INFO - Epoch(train)  [71][10/68]  base_lr: 8.3503e-05 lr: 8.3503e-05  eta: 0:16:19  time: 0.4542  data_time: 0.1545  memory: 2111  grad_norm: 10.4868  loss: 0.3836  loss_cls: 0.0805  loss_bbox: 0.2140  loss_mask: 0.0891
2026/08/05 14:44:48 - mmengine - INFO - Epoch(train)  [71][20/68]  base_lr: 8.2979e-05 lr: 8.2979e-05  eta: 0:16:14  time: 0.4523  data_time: 0.1549  memory: 2110  grad_norm: 10.7858  loss: 0.3868  loss_cls: 0.0812  loss_bbox: 0.2166  loss_mask: 0.0889
2026/08/05 14:44:52 - mmengine - INFO - Epoch(train)  [71][30/68]  base_lr: 8.2453e-05 lr: 8.2453e-05  eta: 0:16:09  time: 0.4482  data_time: 0.1528  memory: 2111  grad_norm: 10.9829  loss: 0.3998  loss_cls: 0.0913  loss_bbox: 0.2191  loss_mask: 0.0894
2026/08/05 14:44:57 - mmengine - INFO - Epoch(train)  [71][40/68]  base_lr: 8.1927e-05 lr: 8.1927e-05  eta: 0:16:04  time: 0.4474  data_time: 0.1519  memory: 2112  grad_norm: 10.7799  loss: 0.3969  loss_cls: 0.0922  loss_bbox: 0.2164  loss_mask: 0.0882
2026/08/05 14:45:01 - mmengine - INFO - Epoch(train)  [71][50/68]  base_lr: 8.1398e-05 lr: 8.1398e-05  eta: 0:15:59  time: 0.4534  data_time: 0.1545  memory: 2120  grad_norm: 9.9122  loss: 0.3861  loss_cls: 0.0862  loss_bbox: 0.2136  loss_mask: 0.0862
2026/08/05 14:45:06 - mmengine - INFO - Epoch(train)  [71][60/68]  base_lr: 8.0869e-05 lr: 8.0869e-05  eta: 0:15:54  time: 0.4533  data_time: 0.1545  memory: 2112  grad_norm: 10.0550  loss: 0.3886  loss_cls: 0.0890  loss_bbox: 0.2149  loss_mask: 0.0847
2026/08/05 14:45:09 - mmengine - INFO - Exp name: rtmdet_ins_busi_20260805_135702
2026/08/05 14:45:09 - mmengine - INFO - Saving checkpoint at 71 epochs
2026/08/05 14:45:12 - mmengine - INFO - Epoch(val)  [71][ 10/116]    eta: 0:00:03  time: 0.0343  data_time: 0.0070  memory: 2112  
2026/08/05 14:45:12 - mmengine - INFO - Epoch(val)  [71][ 20/116]    eta: 0:00:03  time: 0.0335  data_time: 0.0069  memory: 112  
2026/08/05 14:45:13 - mmengine - INFO - Epoch(val)  [71][ 30/116]    eta: 0:00:02  time: 0.0331  data_time: 0.0065  memory: 116  
2026/08/05 14:45:13 - mmengine - INFO - Epoch(val)  [71][ 40/116]    eta: 0:00:02  time: 0.0333  data_time: 0.0063  memory: 119  
2026/08/05 14:45:13 - mmengine - INFO - Epoch(val)  [71][ 50/116]    eta: 0:00:02  time: 0.0334  data_time: 0.0065  memory: 130  
2026/08/05 14:45:14 - mmengine - INFO - Epoch(val)  [71][ 60/116]    eta: 0:00:01  time: 0.0331  data_time: 0.0067  memory: 111  
2026/08/05 14:45:14 - mmengine - INFO - Epoch(val)  [71][ 70/116]    eta: 0:00:01  time: 0.0330  data_time: 0.0067  memory: 111  
2026/08/05 14:45:14 - mmengine - INFO - Epoch(val)  [71][ 80/116]    eta: 0:00:01  time: 0.0336  data_time: 0.0069  memory: 144  
2026/08/05 14:45:15 - mmengine - INFO - Epoch(val)  [71][ 90/116]    eta: 0:00:00  time: 0.0339  data_time: 0.0072  memory: 132  
2026/08/05 14:45:15 - mmengine - INFO - Epoch(val)  [71][100/116]    eta: 0:00:00  time: 0.0342  data_time: 0.0070  memory: 132  
2026/08/05 14:45:15 - mmengine - INFO - Epoch(val)  [71][110/116]    eta: 0:00:00  time: 0.0339  data_time: 0.0067  memory: 122  
2026/08/05 14:45:16 - mmengine - INFO - Evaluating bbox...
2026/08/05 14:45:16 - mmengine - INFO - bbox_mAP_copypaste: 0.623 0.880 0.731 0.067 0.705 0.573
2026/08/05 14:45:16 - mmengine - INFO - Evaluating segm...
2026/08/05 14:45:16 - mmengine - INFO - segm_mAP_copypaste: 0.623 0.873 0.728 0.100 0.733 0.559
2026/08/05 14:45:16 - mmengine - INFO - Epoch(val) [71][116/116]    coco/bbox_mAP: 0.6230  coco/bbox_mAP_50: 0.8800  coco/bbox_mAP_75: 0.7310  coco/bbox_mAP_s: 0.0670  coco/bbox_mAP_m: 0.7050  coco/bbox_mAP_l: 0.5730  coco/segm_mAP: 0.6230  coco/segm_mAP_50: 0.8730  coco/segm_mAP_75: 0.7280  coco/segm_mAP_s: 0.1000  coco/segm_mAP_m: 0.7330  coco/segm_mAP_l: 0.5590  data_time: 0.0068  time: 0.0337
2026/08/05 14:45:20 - mmengine - INFO - Epoch(train)  [72][10/68]  base_lr: 7.9912e-05 lr: 7.9912e-05  eta: 0:15:45  time: 0.4530  data_time: 0.1534  memory: 2112  grad_norm: 9.9561  loss: 0.3689  loss_cls: 0.0762  loss_bbox: 0.2070  loss_mask: 0.0857
2026/08/05 14:45:25 - mmengine - INFO - Epoch(train)  [72][20/68]  base_lr: 7.9379e-05 lr: 7.9379e-05  eta: 0:15:40  time: 0.4468  data_time: 0.1476  memory: 2121  grad_norm: 10.0716  loss: 0.3615  loss_cls: 0.0751  loss_bbox: 0.2016  loss_mask: 0.0848
2026/08/05 14:45:29 - mmengine - INFO - Epoch(train)  [72][30/68]  base_lr: 7.8845e-05 lr: 7.8845e-05  eta: 0:15:35  time: 0.4442  data_time: 0.1459  memory: 2113  grad_norm: 10.3884  loss: 0.3723  loss_cls: 0.0827  loss_bbox: 0.2035  loss_mask: 0.0861
2026/08/05 14:45:33 - mmengine - INFO - Epoch(train)  [72][40/68]  base_lr: 7.8309e-05 lr: 7.8309e-05  eta: 0:15:30  time: 0.4410  data_time: 0.1434  memory: 2121  grad_norm: 10.2481  loss: 0.3679  loss_cls: 0.0829  loss_bbox: 0.1996  loss_mask: 0.0854
2026/08/05 14:45:38 - mmengine - INFO - Epoch(train)  [72][50/68]  base_lr: 7.7773e-05 lr: 7.7773e-05  eta: 0:15:25  time: 0.4456  data_time: 0.1449  memory: 2110  grad_norm: 9.7710  loss: 0.3740  loss_cls: 0.0856  loss_bbox: 0.2013  loss_mask: 0.0870
2026/08/05 14:45:42 - mmengine - INFO - Epoch(train)  [72][60/68]  base_lr: 7.7235e-05 lr: 7.7235e-05  eta: 0:15:20  time: 0.4450  data_time: 0.1463  memory: 2120  grad_norm: 9.7310  loss: 0.3702  loss_cls: 0.0825  loss_bbox: 0.2016  loss_mask: 0.0862
2026/08/05 14:45:46 - mmengine - INFO - Exp name: rtmdet_ins_busi_20260805_135702
2026/08/05 14:45:46 - mmengine - INFO - Saving checkpoint at 72 epochs
2026/08/05 14:45:49 - mmengine - INFO - Epoch(val)  [72][ 10/116]    eta: 0:00:03  time: 0.0352  data_time: 0.0068  memory: 2122  
2026/08/05 14:45:49 - mmengine - INFO - Epoch(val)  [72][ 20/116]    eta: 0:00:03  time: 0.0342  data_time: 0.0067  memory: 111  
2026/08/05 14:45:49 - mmengine - INFO - Epoch(val)  [72][ 30/116]    eta: 0:00:02  time: 0.0334  data_time: 0.0064  memory: 116  
2026/08/05 14:45:50 - mmengine - INFO - Epoch(val)  [72][ 40/116]    eta: 0:00:02  time: 0.0327  data_time: 0.0063  memory: 111  
2026/08/05 14:45:50 - mmengine - INFO - Epoch(val)  [72][ 50/116]    eta: 0:00:02  time: 0.0332  data_time: 0.0064  memory: 130  
2026/08/05 14:45:50 - mmengine - INFO - Epoch(val)  [72][ 60/116]    eta: 0:00:01  time: 0.0325  data_time: 0.0065  memory: 111  
2026/08/05 14:45:51 - mmengine - INFO - Epoch(val)  [72][ 70/116]    eta: 0:00:01  time: 0.0327  data_time: 0.0066  memory: 111  
2026/08/05 14:45:51 - mmengine - INFO - Epoch(val)  [72][ 80/116]    eta: 0:00:01  time: 0.0332  data_time: 0.0068  memory: 127  
2026/08/05 14:45:51 - mmengine - INFO - Epoch(val)  [72][ 90/116]    eta: 0:00:00  time: 0.0338  data_time: 0.0072  memory: 132  
2026/08/05 14:45:52 - mmengine - INFO - Epoch(val)  [72][100/116]    eta: 0:00:00  time: 0.0329  data_time: 0.0069  memory: 114  
2026/08/05 14:45:52 - mmengine - INFO - Epoch(val)  [72][110/116]    eta: 0:00:00  time: 0.0325  data_time: 0.0067  memory: 111  
2026/08/05 14:45:52 - mmengine - INFO - Evaluating bbox...
2026/08/05 14:45:52 - mmengine - INFO - bbox_mAP_copypaste: 0.616 0.869 0.727 0.000 0.705 0.564
2026/08/05 14:45:52 - mmengine - INFO - Evaluating segm...
2026/08/05 14:45:52 - mmengine - INFO - segm_mAP_copypaste: 0.617 0.864 0.709 0.000 0.736 0.552
2026/08/05 14:45:52 - mmengine - INFO - Epoch(val) [72][116/116]    coco/bbox_mAP: 0.6160  coco/bbox_mAP_50: 0.8690  coco/bbox_mAP_75: 0.7270  coco/bbox_mAP_s: 0.0000  coco/bbox_mAP_m: 0.7050  coco/bbox_mAP_l: 0.5640  coco/segm_mAP: 0.6170  coco/segm_mAP_50: 0.8640  coco/segm_mAP_75: 0.7090  coco/segm_mAP_s: 0.0000  coco/segm_mAP_m: 0.7360  coco/segm_mAP_l: 0.5520  data_time: 0.0066  time: 0.0329
2026/08/05 14:45:57 - mmengine - INFO - Epoch(train)  [73][10/68]  base_lr: 7.6265e-05 lr: 7.6265e-05  eta: 0:15:12  time: 0.4540  data_time: 0.1538  memory: 2121  grad_norm: 9.7142  loss: 0.3696  loss_cls: 0.0843  loss_bbox: 0.2006  loss_mask: 0.0846
2026/08/05 14:46:02 - mmengine - INFO - Epoch(train)  [73][20/68]  base_lr: 7.5725e-05 lr: 7.5725e-05  eta: 0:15:07  time: 0.4566  data_time: 0.1569  memory: 2125  grad_norm: 9.8263  loss: 0.3731  loss_cls: 0.0865  loss_bbox: 0.2019  loss_mask: 0.0847
2026/08/05 14:46:06 - mmengine - INFO - Epoch(train)  [73][30/68]  base_lr: 7.5184e-05 lr: 7.5184e-05  eta: 0:15:02  time: 0.4594  data_time: 0.1603  memory: 2110  grad_norm: 10.1916  loss: 0.3668  loss_cls: 0.0847  loss_bbox: 0.1996  loss_mask: 0.0825
2026/08/05 14:46:11 - mmengine - INFO - Epoch(train)  [73][40/68]  base_lr: 7.4642e-05 lr: 7.4642e-05  eta: 0:14:57  time: 0.4591  data_time: 0.1607  memory: 2111  grad_norm: 10.1314  loss: 0.3810  loss_cls: 0.0913  loss_bbox: 0.2065  loss_mask: 0.0832
2026/08/05 14:46:15 - mmengine - INFO - Epoch(train)  [73][50/68]  base_lr: 7.4100e-05 lr: 7.4100e-05  eta: 0:14:52  time: 0.4623  data_time: 0.1620  memory: 2112  grad_norm: 10.2929  loss: 0.3851  loss_cls: 0.0892  loss_bbox: 0.2104  loss_mask: 0.0855
2026/08/05 14:46:20 - mmengine - INFO - Epoch(train)  [73][60/68]  base_lr: 7.3556e-05 lr: 7.3556e-05  eta: 0:14:47  time: 0.4583  data_time: 0.1605  memory: 2112  grad_norm: 9.7550  loss: 0.3873  loss_cls: 0.0865  loss_bbox: 0.2144  loss_mask: 0.0863
2026/08/05 14:46:24 - mmengine - INFO - Exp name: rtmdet_ins_busi_20260805_135702
2026/08/05 14:46:24 - mmengine - INFO - Saving checkpoint at 73 epochs
2026/08/05 14:46:26 - mmengine - INFO - Epoch(val)  [73][ 10/116]    eta: 0:00:03  time: 0.0331  data_time: 0.0069  memory: 2118  
2026/08/05 14:46:27 - mmengine - INFO - Epoch(val)  [73][ 20/116]    eta: 0:00:03  time: 0.0328  data_time: 0.0068  memory: 111  
2026/08/05 14:46:27 - mmengine - INFO - Epoch(val)  [73][ 30/116]    eta: 0:00:02  time: 0.0323  data_time: 0.0065  memory: 111  
2026/08/05 14:46:27 - mmengine - INFO - Epoch(val)  [73][ 40/116]    eta: 0:00:02  time: 0.0327  data_time: 0.0064  memory: 111  
2026/08/05 14:46:27 - mmengine - INFO - Epoch(val)  [73][ 50/116]    eta: 0:00:02  time: 0.0324  data_time: 0.0065  memory: 136  
2026/08/05 14:46:28 - mmengine - INFO - Epoch(val)  [73][ 60/116]    eta: 0:00:01  time: 0.0335  data_time: 0.0069  memory: 111  
2026/08/05 14:46:28 - mmengine - INFO - Epoch(val)  [73][ 70/116]    eta: 0:00:01  time: 0.0341  data_time: 0.0070  memory: 111  
2026/08/05 14:46:29 - mmengine - INFO - Epoch(val)  [73][ 80/116]    eta: 0:00:01  time: 0.0350  data_time: 0.0074  memory: 121  
2026/08/05 14:46:29 - mmengine - INFO - Epoch(val)  [73][ 90/116]    eta: 0:00:00  time: 0.0356  data_time: 0.0078  memory: 138  
2026/08/05 14:46:29 - mmengine - INFO - Epoch(val)  [73][100/116]    eta: 0:00:00  time: 0.0356  data_time: 0.0078  memory: 114  
2026/08/05 14:46:30 - mmengine - INFO - Epoch(val)  [73][110/116]    eta: 0:00:00  time: 0.0341  data_time: 0.0072  memory: 114  
2026/08/05 14:46:30 - mmengine - INFO - Evaluating bbox...
2026/08/05 14:46:30 - mmengine - INFO - bbox_mAP_copypaste: 0.620 0.869 0.738 0.060 0.724 0.565
2026/08/05 14:46:30 - mmengine - INFO - Evaluating segm...
2026/08/05 14:46:30 - mmengine - INFO - segm_mAP_copypaste: 0.611 0.858 0.712 0.025 0.733 0.544
2026/08/05 14:46:30 - mmengine - INFO - Epoch(val) [73][116/116]    coco/bbox_mAP: 0.6200  coco/bbox_mAP_50: 0.8690  coco/bbox_mAP_75: 0.7380  coco/bbox_mAP_s: 0.0600  coco/bbox_mAP_m: 0.7240  coco/bbox_mAP_l: 0.5650  coco/segm_mAP: 0.6110  coco/segm_mAP_50: 0.8580  coco/segm_mAP_75: 0.7120  coco/segm_mAP_s: 0.0250  coco/segm_mAP_m: 0.7330  coco/segm_mAP_l: 0.5440  data_time: 0.0071  time: 0.0338
2026/08/05 14:46:35 - mmengine - INFO - Epoch(train)  [74][10/68]  base_lr: 7.2577e-05 lr: 7.2577e-05  eta: 0:14:38  time: 0.4578  data_time: 0.1601  memory: 2110  grad_norm: 10.0256  loss: 0.3847  loss_cls: 0.0825  loss_bbox: 0.2174  loss_mask: 0.0848
2026/08/05 14:46:39 - mmengine - INFO - Epoch(train)  [74][20/68]  base_lr: 7.2031e-05 lr: 7.2031e-05  eta: 0:14:33  time: 0.4589  data_time: 0.1615  memory: 2103  grad_norm: 10.3496  loss: 0.3811  loss_cls: 0.0833  loss_bbox: 0.2138  loss_mask: 0.0840
2026/08/05 14:46:44 - mmengine - INFO - Epoch(train)  [74][30/68]  base_lr: 7.1486e-05 lr: 7.1486e-05  eta: 0:14:28  time: 0.4633  data_time: 0.1655  memory: 2112  grad_norm: 9.9218  loss: 0.3641  loss_cls: 0.0754  loss_bbox: 0.2058  loss_mask: 0.0829
2026/08/05 14:46:47 - mmengine - INFO - Exp name: rtmdet_ins_busi_20260805_135702
2026/08/05 14:46:49 - mmengine - INFO - Epoch(train)  [74][40/68]  base_lr: 7.0940e-05 lr: 7.0940e-05  eta: 0:14:24  time: 0.4638  data_time: 0.1646  memory: 2123  grad_norm: 9.9477  loss: 0.3569  loss_cls: 0.0775  loss_bbox: 0.1995  loss_mask: 0.0799
2026/08/05 14:46:53 - mmengine - INFO - Epoch(train)  [74][50/68]  base_lr: 7.0393e-05 lr: 7.0393e-05  eta: 0:14:19  time: 0.4641  data_time: 0.1627  memory: 2113  grad_norm: 9.5628  loss: 0.3599  loss_cls: 0.0813  loss_bbox: 0.1971  loss_mask: 0.0816
2026/08/05 14:46:58 - mmengine - INFO - Epoch(train)  [74][60/68]  base_lr: 6.9846e-05 lr: 6.9846e-05  eta: 0:14:14  time: 0.4594  data_time: 0.1578  memory: 2123  grad_norm: 9.2358  loss: 0.3611  loss_cls: 0.0824  loss_bbox: 0.1972  loss_mask: 0.0815
2026/08/05 14:47:01 - mmengine - INFO - Exp name: rtmdet_ins_busi_20260805_135702
2026/08/05 14:47:01 - mmengine - INFO - Saving checkpoint at 74 epochs
2026/08/05 14:47:04 - mmengine - INFO - Epoch(val)  [74][ 10/116]    eta: 0:00:03  time: 0.0337  data_time: 0.0072  memory: 2110  
2026/08/05 14:47:04 - mmengine - INFO - Epoch(val)  [74][ 20/116]    eta: 0:00:03  time: 0.0332  data_time: 0.0069  memory: 111  
2026/08/05 14:47:05 - mmengine - INFO - Epoch(val)  [74][ 30/116]    eta: 0:00:02  time: 0.0323  data_time: 0.0065  memory: 111  
2026/08/05 14:47:05 - mmengine - INFO - Epoch(val)  [74][ 40/116]    eta: 0:00:02  time: 0.0321  data_time: 0.0063  memory: 111  
2026/08/05 14:47:05 - mmengine - INFO - Epoch(val)  [74][ 50/116]    eta: 0:00:02  time: 0.0324  data_time: 0.0065  memory: 136  
2026/08/05 14:47:06 - mmengine - INFO - Epoch(val)  [74][ 60/116]    eta: 0:00:01  time: 0.0320  data_time: 0.0067  memory: 111  
2026/08/05 14:47:06 - mmengine - INFO - Epoch(val)  [74][ 70/116]    eta: 0:00:01  time: 0.0319  data_time: 0.0068  memory: 111  
2026/08/05 14:47:06 - mmengine - INFO - Epoch(val)  [74][ 80/116]    eta: 0:00:01  time: 0.0329  data_time: 0.0069  memory: 121  
2026/08/05 14:47:07 - mmengine - INFO - Epoch(val)  [74][ 90/116]    eta: 0:00:00  time: 0.0336  data_time: 0.0074  memory: 127  
2026/08/05 14:47:07 - mmengine - INFO - Epoch(val)  [74][100/116]    eta: 0:00:00  time: 0.0331  data_time: 0.0071  memory: 132  
2026/08/05 14:47:07 - mmengine - INFO - Epoch(val)  [74][110/116]    eta: 0:00:00  time: 0.0326  data_time: 0.0067  memory: 111  
2026/08/05 14:47:07 - mmengine - INFO - Evaluating bbox...
2026/08/05 14:47:08 - mmengine - INFO - bbox_mAP_copypaste: 0.610 0.877 0.740 0.150 0.680 0.572
2026/08/05 14:47:08 - mmengine - INFO - Evaluating segm...
2026/08/05 14:47:08 - mmengine - INFO - segm_mAP_copypaste: 0.608 0.865 0.728 0.150 0.722 0.545
2026/08/05 14:47:08 - mmengine - INFO - Epoch(val) [74][116/116]    coco/bbox_mAP: 0.6100  coco/bbox_mAP_50: 0.8770  coco/bbox_mAP_75: 0.7400  coco/bbox_mAP_s: 0.1500  coco/bbox_mAP_m: 0.6800  coco/bbox_mAP_l: 0.5720  coco/segm_mAP: 0.6080  coco/segm_mAP_50: 0.8650  coco/segm_mAP_75: 0.7280  coco/segm_mAP_s: 0.1500  coco/segm_mAP_m: 0.7220  coco/segm_mAP_l: 0.5450  data_time: 0.0068  time: 0.0325
2026/08/05 14:47:12 - mmengine - INFO - Epoch(train)  [75][10/68]  base_lr: 6.8860e-05 lr: 6.8860e-05  eta: 0:14:05  time: 0.4571  data_time: 0.1563  memory: 2112  grad_norm: 9.4703  loss: 0.3563  loss_cls: 0.0811  loss_bbox: 0.1930  loss_mask: 0.0822
2026/08/05 14:47:17 - mmengine - INFO - Epoch(train)  [75][20/68]  base_lr: 6.8312e-05 lr: 6.8312e-05  eta: 0:14:00  time: 0.4552  data_time: 0.1558  memory: 2113  grad_norm: 9.7015  loss: 0.3582  loss_cls: 0.0810  loss_bbox: 0.1939  loss_mask: 0.0834
2026/08/05 14:47:21 - mmengine - INFO - Epoch(train)  [75][30/68]  base_lr: 6.7764e-05 lr: 6.7764e-05  eta: 0:13:55  time: 0.4555  data_time: 0.1561  memory: 2112  grad_norm: 9.7836  loss: 0.3507  loss_cls: 0.0792  loss_bbox: 0.1902  loss_mask: 0.0813
2026/08/05 14:47:26 - mmengine - INFO - Epoch(train)  [75][40/68]  base_lr: 6.7216e-05 lr: 6.7216e-05  eta: 0:13:50  time: 0.4546  data_time: 0.1568  memory: 2112  grad_norm: 10.0099  loss: 0.3619  loss_cls: 0.0857  loss_bbox: 0.1926  loss_mask: 0.0836
2026/08/05 14:47:31 - mmengine - INFO - Epoch(train)  [75][50/68]  base_lr: 6.6667e-05 lr: 6.6667e-05  eta: 0:13:45  time: 0.4580  data_time: 0.1579  memory: 2112  grad_norm: 9.6821  loss: 0.3560  loss_cls: 0.0790  loss_bbox: 0.1936  loss_mask: 0.0835
2026/08/05 14:47:35 - mmengine - INFO - Epoch(train)  [75][60/68]  base_lr: 6.6119e-05 lr: 6.6119e-05  eta: 0:13:40  time: 0.4549  data_time: 0.1557  memory: 2115  grad_norm: 9.4289  loss: 0.3514  loss_cls: 0.0759  loss_bbox: 0.1935  loss_mask: 0.0820
2026/08/05 14:47:38 - mmengine - INFO - Exp name: rtmdet_ins_busi_20260805_135702
2026/08/05 14:47:38 - mmengine - INFO - Saving checkpoint at 75 epochs
2026/08/05 14:47:41 - mmengine - INFO - Epoch(val)  [75][ 10/116]    eta: 0:00:03  time: 0.0337  data_time: 0.0070  memory: 2126  
2026/08/05 14:47:41 - mmengine - INFO - Epoch(val)  [75][ 20/116]    eta: 0:00:03  time: 0.0332  data_time: 0.0068  memory: 114  
2026/08/05 14:47:42 - mmengine - INFO - Epoch(val)  [75][ 30/116]    eta: 0:00:02  time: 0.0324  data_time: 0.0065  memory: 116  
2026/08/05 14:47:42 - mmengine - INFO - Epoch(val)  [75][ 40/116]    eta: 0:00:02  time: 0.0325  data_time: 0.0063  memory: 111  
2026/08/05 14:47:42 - mmengine - INFO - Epoch(val)  [75][ 50/116]    eta: 0:00:02  time: 0.0327  data_time: 0.0063  memory: 130  
2026/08/05 14:47:43 - mmengine - INFO - Epoch(val)  [75][ 60/116]    eta: 0:00:01  time: 0.0323  data_time: 0.0065  memory: 111  
2026/08/05 14:47:43 - mmengine - INFO - Epoch(val)  [75][ 70/116]    eta: 0:00:01  time: 0.0320  data_time: 0.0064  memory: 111  
2026/08/05 14:47:43 - mmengine - INFO - Epoch(val)  [75][ 80/116]    eta: 0:00:01  time: 0.0330  data_time: 0.0066  memory: 124  
2026/08/05 14:47:44 - mmengine - INFO - Epoch(val)  [75][ 90/116]    eta: 0:00:00  time: 0.0339  data_time: 0.0072  memory: 132  
2026/08/05 14:47:44 - mmengine - INFO - Epoch(val)  [75][100/116]    eta: 0:00:00  time: 0.0337  data_time: 0.0071  memory: 127  
2026/08/05 14:47:44 - mmengine - INFO - Epoch(val)  [75][110/116]    eta: 0:00:00  time: 0.0328  data_time: 0.0066  memory: 114  
2026/08/05 14:47:45 - mmengine - INFO - Evaluating bbox...
2026/08/05 14:47:45 - mmengine - INFO - bbox_mAP_copypaste: 0.622 0.880 0.715 0.300 0.709 0.571
2026/08/05 14:47:45 - mmengine - INFO - Evaluating segm...
2026/08/05 14:47:45 - mmengine - INFO - segm_mAP_copypaste: 0.610 0.871 0.726 0.100 0.726 0.544
2026/08/05 14:47:45 - mmengine - INFO - Epoch(val) [75][116/116]    coco/bbox_mAP: 0.6220  coco/bbox_mAP_50: 0.8800  coco/bbox_mAP_75: 0.7150  coco/bbox_mAP_s: 0.3000  coco/bbox_mAP_m: 0.7090  coco/bbox_mAP_l: 0.5710  coco/segm_mAP: 0.6100  coco/segm_mAP_50: 0.8710  coco/segm_mAP_75: 0.7260  coco/segm_mAP_s: 0.1000  coco/segm_mAP_m: 0.7260  coco/segm_mAP_l: 0.5440  data_time: 0.0066  time: 0.0329
2026/08/05 14:47:49 - mmengine - INFO - Epoch(train)  [76][10/68]  base_lr: 6.5131e-05 lr: 6.5131e-05  eta: 0:13:32  time: 0.4499  data_time: 0.1506  memory: 2121  grad_norm: 9.3859  loss: 0.3553  loss_cls: 0.0788  loss_bbox: 0.1937  loss_mask: 0.0828
2026/08/05 14:47:54 - mmengine - INFO - Epoch(train)  [76][20/68]  base_lr: 6.4583e-05 lr: 6.4583e-05  eta: 0:13:27  time: 0.4428  data_time: 0.1430  memory: 2112  grad_norm: 8.8244  loss: 0.3473  loss_cls: 0.0758  loss_bbox: 0.1886  loss_mask: 0.0829
2026/08/05 14:47:58 - mmengine - INFO - Epoch(train)  [76][30/68]  base_lr: 6.4034e-05 lr: 6.4034e-05  eta: 0:13:22  time: 0.4470  data_time: 0.1460  memory: 2125  grad_norm: 9.2765  loss: 0.3485  loss_cls: 0.0739  loss_bbox: 0.1919  loss_mask: 0.0827
2026/08/05 14:48:03 - mmengine - INFO - Epoch(train)  [76][40/68]  base_lr: 6.3486e-05 lr: 6.3486e-05  eta: 0:13:17  time: 0.4530  data_time: 0.1529  memory: 2112  grad_norm: 9.9391  loss: 0.3551  loss_cls: 0.0787  loss_bbox: 0.1927  loss_mask: 0.0836
2026/08/05 14:48:07 - mmengine - INFO - Epoch(train)  [76][50/68]  base_lr: 6.2938e-05 lr: 6.2938e-05  eta: 0:13:12  time: 0.4545  data_time: 0.1512  memory: 2137  grad_norm: 10.1021  loss: 0.3570  loss_cls: 0.0766  loss_bbox: 0.1962  loss_mask: 0.0843
2026/08/05 14:48:12 - mmengine - INFO - Epoch(train)  [76][60/68]  base_lr: 6.2390e-05 lr: 6.2390e-05  eta: 0:13:07  time: 0.4581  data_time: 0.1580  memory: 2113  grad_norm: 10.0346  loss: 0.3642  loss_cls: 0.0783  loss_bbox: 0.2001  loss_mask: 0.0858
2026/08/05 14:48:16 - mmengine - INFO - Exp name: rtmdet_ins_busi_20260805_135702
2026/08/05 14:48:16 - mmengine - INFO - Saving checkpoint at 76 epochs
2026/08/05 14:48:18 - mmengine - INFO - Epoch(val)  [76][ 10/116]    eta: 0:00:03  time: 0.0339  data_time: 0.0069  memory: 2103  
2026/08/05 14:48:19 - mmengine - INFO - Epoch(val)  [76][ 20/116]    eta: 0:00:03  time: 0.0328  data_time: 0.0067  memory: 112  
2026/08/05 14:48:19 - mmengine - INFO - Epoch(val)  [76][ 30/116]    eta: 0:00:02  time: 0.0320  data_time: 0.0063  memory: 111  
2026/08/05 14:48:19 - mmengine - INFO - Epoch(val)  [76][ 40/116]    eta: 0:00:02  time: 0.0321  data_time: 0.0063  memory: 112  
2026/08/05 14:48:19 - mmengine - INFO - Epoch(val)  [76][ 50/116]    eta: 0:00:02  time: 0.0321  data_time: 0.0064  memory: 124  
2026/08/05 14:48:20 - mmengine - INFO - Epoch(val)  [76][ 60/116]    eta: 0:00:01  time: 0.0315  data_time: 0.0066  memory: 111  
2026/08/05 14:48:20 - mmengine - INFO - Epoch(val)  [76][ 70/116]    eta: 0:00:01  time: 0.0317  data_time: 0.0065  memory: 116  
2026/08/05 14:48:20 - mmengine - INFO - Epoch(val)  [76][ 80/116]    eta: 0:00:01  time: 0.0322  data_time: 0.0067  memory: 118  
2026/08/05 14:48:21 - mmengine - INFO - Epoch(val)  [76][ 90/116]    eta: 0:00:00  time: 0.0327  data_time: 0.0071  memory: 132  
2026/08/05 14:48:21 - mmengine - INFO - Epoch(val)  [76][100/116]    eta: 0:00:00  time: 0.0328  data_time: 0.0070  memory: 119  
2026/08/05 14:48:21 - mmengine - INFO - Epoch(val)  [76][110/116]    eta: 0:00:00  time: 0.0329  data_time: 0.0068  memory: 111  
2026/08/05 14:48:22 - mmengine - INFO - Evaluating bbox...
2026/08/05 14:48:22 - mmengine - INFO - bbox_mAP_copypaste: 0.618 0.869 0.709 0.150 0.715 0.561
2026/08/05 14:48:22 - mmengine - INFO - Evaluating segm...
2026/08/05 14:48:22 - mmengine - INFO - segm_mAP_copypaste: 0.608 0.858 0.715 0.150 0.722 0.544
2026/08/05 14:48:22 - mmengine - INFO - Epoch(val) [76][116/116]    coco/bbox_mAP: 0.6180  coco/bbox_mAP_50: 0.8690  coco/bbox_mAP_75: 0.7090  coco/bbox_mAP_s: 0.1500  coco/bbox_mAP_m: 0.7150  coco/bbox_mAP_l: 0.5610  coco/segm_mAP: 0.6080  coco/segm_mAP_50: 0.8580  coco/segm_mAP_75: 0.7150  coco/segm_mAP_s: 0.1500  coco/segm_mAP_m: 0.7220  coco/segm_mAP_l: 0.5440  data_time: 0.0067  time: 0.0325
2026/08/05 14:48:27 - mmengine - INFO - Epoch(train)  [77][10/68]  base_lr: 6.1404e-05 lr: 6.1404e-05  eta: 0:12:58  time: 0.4607  data_time: 0.1619  memory: 2112  grad_norm: 10.5388  loss: 0.3587  loss_cls: 0.0775  loss_bbox: 0.1972  loss_mask: 0.0840
2026/08/05 14:48:31 - mmengine - INFO - Epoch(train)  [77][20/68]  base_lr: 6.0857e-05 lr: 6.0857e-05  eta: 0:12:54  time: 0.4565  data_time: 0.1547  memory: 2114  grad_norm: 9.9935  loss: 0.3530  loss_cls: 0.0744  loss_bbox: 0.1949  loss_mask: 0.0837
2026/08/05 14:48:36 - mmengine - INFO - Epoch(train)  [77][30/68]  base_lr: 6.0310e-05 lr: 6.0310e-05  eta: 0:12:49  time: 0.4581  data_time: 0.1569  memory: 2112  grad_norm: 9.7340  loss: 0.3511  loss_cls: 0.0745  loss_bbox: 0.1935  loss_mask: 0.0831
2026/08/05 14:48:40 - mmengine - INFO - Epoch(train)  [77][40/68]  base_lr: 5.9764e-05 lr: 5.9764e-05  eta: 0:12:44  time: 0.4576  data_time: 0.1569  memory: 2124  grad_norm: 10.0885  loss: 0.3575  loss_cls: 0.0799  loss_bbox: 0.1965  loss_mask: 0.0811
2026/08/05 14:48:45 - mmengine - INFO - Epoch(train)  [77][50/68]  base_lr: 5.9219e-05 lr: 5.9219e-05  eta: 0:12:39  time: 0.4663  data_time: 0.1626  memory: 2124  grad_norm: 9.8785  loss: 0.3499  loss_cls: 0.0765  loss_bbox: 0.1929  loss_mask: 0.0804
2026/08/05 14:48:50 - mmengine - INFO - Epoch(train)  [77][60/68]  base_lr: 5.8673e-05 lr: 5.8673e-05  eta: 0:12:34  time: 0.4637  data_time: 0.1629  memory: 2112  grad_norm: 9.7635  loss: 0.3596  loss_cls: 0.0810  loss_bbox: 0.1974  loss_mask: 0.0812
2026/08/05 14:48:53 - mmengine - INFO - Exp name: rtmdet_ins_busi_20260805_135702
2026/08/05 14:48:53 - mmengine - INFO - Saving checkpoint at 77 epochs
2026/08/05 14:48:56 - mmengine - INFO - Epoch(val)  [77][ 10/116]    eta: 0:00:03  time: 0.0337  data_time: 0.0068  memory: 2110  
2026/08/05 14:48:56 - mmengine - INFO - Epoch(val)  [77][ 20/116]    eta: 0:00:03  time: 0.0329  data_time: 0.0067  memory: 112  
2026/08/05 14:48:57 - mmengine - INFO - Epoch(val)  [77][ 30/116]    eta: 0:00:02  time: 0.0323  data_time: 0.0062  memory: 111  
2026/08/05 14:48:57 - mmengine - INFO - Epoch(val)  [77][ 40/116]    eta: 0:00:02  time: 0.0318  data_time: 0.0060  memory: 111  
2026/08/05 14:48:57 - mmengine - INFO - Epoch(val)  [77][ 50/116]    eta: 0:00:02  time: 0.0317  data_time: 0.0062  memory: 124  
2026/08/05 14:48:57 - mmengine - INFO - Epoch(val)  [77][ 60/116]    eta: 0:00:01  time: 0.0314  data_time: 0.0065  memory: 111  
2026/08/05 14:48:58 - mmengine - INFO - Epoch(val)  [77][ 70/116]    eta: 0:00:01  time: 0.0317  data_time: 0.0067  memory: 111  
2026/08/05 14:48:58 - mmengine - INFO - Epoch(val)  [77][ 80/116]    eta: 0:00:01  time: 0.0323  data_time: 0.0070  memory: 127  
2026/08/05 14:48:58 - mmengine - INFO - Epoch(val)  [77][ 90/116]    eta: 0:00:00  time: 0.0329  data_time: 0.0074  memory: 120  
2026/08/05 14:48:59 - mmengine - INFO - Epoch(val)  [77][100/116]    eta: 0:00:00  time: 0.0328  data_time: 0.0073  memory: 111  
2026/08/05 14:48:59 - mmengine - INFO - Epoch(val)  [77][110/116]    eta: 0:00:00  time: 0.0321  data_time: 0.0069  memory: 111  
2026/08/05 14:48:59 - mmengine - INFO - Evaluating bbox...
2026/08/05 14:48:59 - mmengine - INFO - bbox_mAP_copypaste: 0.608 0.866 0.674 0.150 0.698 0.557
2026/08/05 14:48:59 - mmengine - INFO - Evaluating segm...
2026/08/05 14:48:59 - mmengine - INFO - segm_mAP_copypaste: 0.601 0.858 0.723 0.150 0.721 0.537
2026/08/05 14:48:59 - mmengine - INFO - Epoch(val) [77][116/116]    coco/bbox_mAP: 0.6080  coco/bbox_mAP_50: 0.8660  coco/bbox_mAP_75: 0.6740  coco/bbox_mAP_s: 0.1500  coco/bbox_mAP_m: 0.6980  coco/bbox_mAP_l: 0.5570  coco/segm_mAP: 0.6010  coco/segm_mAP_50: 0.8580  coco/segm_mAP_75: 0.7230  coco/segm_mAP_s: 0.1500  coco/segm_mAP_m: 0.7210  coco/segm_mAP_l: 0.5370  data_time: 0.0067  time: 0.0319
2026/08/05 14:49:04 - mmengine - INFO - Epoch(train)  [78][10/68]  base_lr: 5.7694e-05 lr: 5.7694e-05  eta: 0:12:25  time: 0.4628  data_time: 0.1662  memory: 2115  grad_norm: 10.3139  loss: 0.3735  loss_cls: 0.0917  loss_bbox: 0.1985  loss_mask: 0.0832
2026/08/05 14:49:09 - mmengine - INFO - Epoch(train)  [78][20/68]  base_lr: 5.7150e-05 lr: 5.7150e-05  eta: 0:12:20  time: 0.4607  data_time: 0.1623  memory: 2112  grad_norm: 10.2271  loss: 0.3723  loss_cls: 0.0907  loss_bbox: 0.1972  loss_mask: 0.0844
2026/08/05 14:49:13 - mmengine - INFO - Epoch(train)  [78][30/68]  base_lr: 5.6608e-05 lr: 5.6608e-05  eta: 0:12:16  time: 0.4565  data_time: 0.1594  memory: 2123  grad_norm: 10.1398  loss: 0.3677  loss_cls: 0.0878  loss_bbox: 0.1951  loss_mask: 0.0848
2026/08/05 14:49:18 - mmengine - INFO - Epoch(train)  [78][40/68]  base_lr: 5.6066e-05 lr: 5.6066e-05  eta: 0:12:11  time: 0.4563  data_time: 0.1592  memory: 2115  grad_norm: 10.4620  loss: 0.3700  loss_cls: 0.0866  loss_bbox: 0.1986  loss_mask: 0.0848
2026/08/05 14:49:22 - mmengine - INFO - Epoch(train)  [78][50/68]  base_lr: 5.5525e-05 lr: 5.5525e-05  eta: 0:12:06  time: 0.4598  data_time: 0.1597  memory: 2113  grad_norm: 10.1168  loss: 0.3654  loss_cls: 0.0836  loss_bbox: 0.1984  loss_mask: 0.0834
2026/08/05 14:49:27 - mmengine - INFO - Epoch(train)  [78][60/68]  base_lr: 5.4985e-05 lr: 5.4985e-05  eta: 0:12:01  time: 0.4586  data_time: 0.1579  memory: 2112  grad_norm: 9.7592  loss: 0.3600  loss_cls: 0.0781  loss_bbox: 0.1982  loss_mask: 0.0837
2026/08/05 14:49:30 - mmengine - INFO - Exp name: rtmdet_ins_busi_20260805_135702
2026/08/05 14:49:30 - mmengine - INFO - Saving checkpoint at 78 epochs
2026/08/05 14:49:33 - mmengine - INFO - Epoch(val)  [78][ 10/116]    eta: 0:00:03  time: 0.0316  data_time: 0.0068  memory: 2112  
2026/08/05 14:49:33 - mmengine - INFO - Epoch(val)  [78][ 20/116]    eta: 0:00:02  time: 0.0310  data_time: 0.0065  memory: 114  
2026/08/05 14:49:33 - mmengine - INFO - Epoch(val)  [78][ 30/116]    eta: 0:00:02  time: 0.0302  data_time: 0.0060  memory: 111  
2026/08/05 14:49:33 - mmengine - INFO - Epoch(val)  [78][ 40/116]    eta: 0:00:02  time: 0.0299  data_time: 0.0058  memory: 111  
2026/08/05 14:49:34 - mmengine - INFO - Epoch(val)  [78][ 50/116]    eta: 0:00:01  time: 0.0302  data_time: 0.0058  memory: 124  
2026/08/05 14:49:34 - mmengine - INFO - Epoch(val)  [78][ 60/116]    eta: 0:00:01  time: 0.0301  data_time: 0.0060  memory: 111  
2026/08/05 14:49:34 - mmengine - INFO - Epoch(val)  [78][ 70/116]    eta: 0:00:01  time: 0.0298  data_time: 0.0060  memory: 111  
2026/08/05 14:49:35 - mmengine - INFO - Epoch(val)  [78][ 80/116]    eta: 0:00:01  time: 0.0307  data_time: 0.0065  memory: 117  
2026/08/05 14:49:35 - mmengine - INFO - Epoch(val)  [78][ 90/116]    eta: 0:00:00  time: 0.0315  data_time: 0.0068  memory: 120  
2026/08/05 14:49:35 - mmengine - INFO - Epoch(val)  [78][100/116]    eta: 0:00:00  time: 0.0308  data_time: 0.0066  memory: 119  
2026/08/05 14:49:36 - mmengine - INFO - Epoch(val)  [78][110/116]    eta: 0:00:00  time: 0.0315  data_time: 0.0068  memory: 111  
2026/08/05 14:49:36 - mmengine - INFO - Evaluating bbox...
2026/08/05 14:49:36 - mmengine - INFO - bbox_mAP_copypaste: 0.605 0.871 0.683 0.150 0.697 0.552
2026/08/05 14:49:36 - mmengine - INFO - Evaluating segm...
2026/08/05 14:49:36 - mmengine - INFO - segm_mAP_copypaste: 0.598 0.857 0.675 0.150 0.719 0.536
2026/08/05 14:49:36 - mmengine - INFO - Epoch(val) [78][116/116]    coco/bbox_mAP: 0.6050  coco/bbox_mAP_50: 0.8710  coco/bbox_mAP_75: 0.6830  coco/bbox_mAP_s: 0.1500  coco/bbox_mAP_m: 0.6970  coco/bbox_mAP_l: 0.5520  coco/segm_mAP: 0.5980  coco/segm_mAP_50: 0.8570  coco/segm_mAP_75: 0.6750  coco/segm_mAP_s: 0.1500  coco/segm_mAP_m: 0.7190  coco/segm_mAP_l: 0.5360  data_time: 0.0063  time: 0.0309
2026/08/05 14:49:40 - mmengine - INFO - Epoch(train)  [79][10/68]  base_lr: 5.4015e-05 lr: 5.4015e-05  eta: 0:11:52  time: 0.4461  data_time: 0.1495  memory: 2124  grad_norm: 9.8006  loss: 0.3518  loss_cls: 0.0721  loss_bbox: 0.1981  loss_mask: 0.0816
2026/08/05 14:49:44 - mmengine - INFO - Epoch(train)  [79][20/68]  base_lr: 5.3477e-05 lr: 5.3477e-05  eta: 0:11:47  time: 0.4357  data_time: 0.1430  memory: 2113  grad_norm: 9.9558  loss: 0.3586  loss_cls: 0.0742  loss_bbox: 0.2020  loss_mask: 0.0825
2026/08/05 14:49:49 - mmengine - INFO - Epoch(train)  [79][30/68]  base_lr: 5.2941e-05 lr: 5.2941e-05  eta: 0:11:42  time: 0.4258  data_time: 0.1372  memory: 2114  grad_norm: 10.1101  loss: 0.3531  loss_cls: 0.0707  loss_bbox: 0.2006  loss_mask: 0.0818
2026/08/05 14:49:53 - mmengine - INFO - Epoch(train)  [79][40/68]  base_lr: 5.2405e-05 lr: 5.2405e-05  eta: 0:11:37  time: 0.4154  data_time: 0.1326  memory: 2102  grad_norm: 10.2740  loss: 0.3578  loss_cls: 0.0753  loss_bbox: 0.2009  loss_mask: 0.0816
2026/08/05 14:49:57 - mmengine - INFO - Epoch(train)  [79][50/68]  base_lr: 5.1871e-05 lr: 5.1871e-05  eta: 0:11:32  time: 0.4170  data_time: 0.1354  memory: 2112  grad_norm: 10.3421  loss: 0.3679  loss_cls: 0.0833  loss_bbox: 0.2024  loss_mask: 0.0823
2026/08/05 14:50:01 - mmengine - INFO - Epoch(train)  [79][60/68]  base_lr: 5.1338e-05 lr: 5.1338e-05  eta: 0:11:27  time: 0.4139  data_time: 0.1357  memory: 2136  grad_norm: 10.5092  loss: 0.3626  loss_cls: 0.0798  loss_bbox: 0.2005  loss_mask: 0.0823
2026/08/05 14:50:04 - mmengine - INFO - Exp name: rtmdet_ins_busi_20260805_135702
2026/08/05 14:50:04 - mmengine - INFO - Saving checkpoint at 79 epochs
2026/08/05 14:50:06 - mmengine - INFO - Epoch(val)  [79][ 10/116]    eta: 0:00:03  time: 0.0321  data_time: 0.0068  memory: 2120  
2026/08/05 14:50:07 - mmengine - INFO - Epoch(val)  [79][ 20/116]    eta: 0:00:02  time: 0.0312  data_time: 0.0066  memory: 111  
2026/08/05 14:50:07 - mmengine - INFO - Epoch(val)  [79][ 30/116]    eta: 0:00:02  time: 0.0303  data_time: 0.0063  memory: 113  
2026/08/05 14:50:07 - mmengine - INFO - Epoch(val)  [79][ 40/116]    eta: 0:00:02  time: 0.0301  data_time: 0.0061  memory: 111  
2026/08/05 14:50:08 - mmengine - INFO - Epoch(val)  [79][ 50/116]    eta: 0:00:01  time: 0.0291  data_time: 0.0060  memory: 124  
2026/08/05 14:50:08 - mmengine - INFO - Epoch(val)  [79][ 60/116]    eta: 0:00:01  time: 0.0293  data_time: 0.0060  memory: 111  
2026/08/05 14:50:08 - mmengine - INFO - Epoch(val)  [79][ 70/116]    eta: 0:00:01  time: 0.0295  data_time: 0.0060  memory: 111  
2026/08/05 14:50:08 - mmengine - INFO - Epoch(val)  [79][ 80/116]    eta: 0:00:01  time: 0.0298  data_time: 0.0063  memory: 116  
2026/08/05 14:50:09 - mmengine - INFO - Epoch(val)  [79][ 90/116]    eta: 0:00:00  time: 0.0301  data_time: 0.0066  memory: 127  
2026/08/05 14:50:09 - mmengine - INFO - Epoch(val)  [79][100/116]    eta: 0:00:00  time: 0.0300  data_time: 0.0065  memory: 119  
2026/08/05 14:50:09 - mmengine - INFO - Epoch(val)  [79][110/116]    eta: 0:00:00  time: 0.0297  data_time: 0.0063  memory: 111  
2026/08/05 14:50:10 - mmengine - INFO - Evaluating bbox...
2026/08/05 14:50:10 - mmengine - INFO - bbox_mAP_copypaste: 0.615 0.866 0.695 0.150 0.711 0.559
2026/08/05 14:50:10 - mmengine - INFO - Evaluating segm...
2026/08/05 14:50:10 - mmengine - INFO - segm_mAP_copypaste: 0.595 0.852 0.686 0.100 0.711 0.531
2026/08/05 14:50:10 - mmengine - INFO - Epoch(val) [79][116/116]    coco/bbox_mAP: 0.6150  coco/bbox_mAP_50: 0.8660  coco/bbox_mAP_75: 0.6950  coco/bbox_mAP_s: 0.1500  coco/bbox_mAP_m: 0.7110  coco/bbox_mAP_l: 0.5590  coco/segm_mAP: 0.5950  coco/segm_mAP_50: 0.8520  coco/segm_mAP_75: 0.6860  coco/segm_mAP_s: 0.1000  coco/segm_mAP_m: 0.7110  coco/segm_mAP_l: 0.5310  data_time: 0.0062  time: 0.0298
2026/08/05 14:50:14 - mmengine - INFO - Epoch(train)  [80][10/68]  base_lr: 5.0381e-05 lr: 5.0381e-05  eta: 0:11:18  time: 0.4174  data_time: 0.1385  memory: 2113  grad_norm: 10.4092  loss: 0.3528  loss_cls: 0.0770  loss_bbox: 0.1947  loss_mask: 0.0811
2026/08/05 14:50:18 - mmengine - INFO - Epoch(train)  [80][20/68]  base_lr: 4.9852e-05 lr: 4.9852e-05  eta: 0:11:13  time: 0.4203  data_time: 0.1388  memory: 2123  grad_norm: 10.4515  loss: 0.3396  loss_cls: 0.0729  loss_bbox: 0.1873  loss_mask: 0.0794
2026/08/05 14:50:23 - mmengine - INFO - Epoch(train)  [80][30/68]  base_lr: 4.9323e-05 lr: 4.9323e-05  eta: 0:11:09  time: 0.4249  data_time: 0.1412  memory: 2112  grad_norm: 10.1238  loss: 0.3321  loss_cls: 0.0680  loss_bbox: 0.1849  loss_mask: 0.0791
2026/08/05 14:50:27 - mmengine - INFO - Epoch(train)  [80][40/68]  base_lr: 4.8797e-05 lr: 4.8797e-05  eta: 0:11:04  time: 0.4247  data_time: 0.1380  memory: 2124  grad_norm: 10.0018  loss: 0.3346  loss_cls: 0.0685  loss_bbox: 0.1869  loss_mask: 0.0791
2026/08/05 14:50:31 - mmengine - INFO - Epoch(train)  [80][50/68]  base_lr: 4.8271e-05 lr: 4.8271e-05  eta: 0:10:59  time: 0.4275  data_time: 0.1376  memory: 2111  grad_norm: 10.0797  loss: 0.3451  loss_cls: 0.0706  loss_bbox: 0.1930  loss_mask: 0.0815
2026/08/05 14:50:35 - mmengine - INFO - Epoch(train)  [80][60/68]  base_lr: 4.7747e-05 lr: 4.7747e-05  eta: 0:10:54  time: 0.4234  data_time: 0.1341  memory: 2111  grad_norm: 9.9513  loss: 0.3463  loss_cls: 0.0747  loss_bbox: 0.1916  loss_mask: 0.0800
2026/08/05 14:50:39 - mmengine - INFO - Exp name: rtmdet_ins_busi_20260805_135702
2026/08/05 14:50:39 - mmengine - INFO - Saving checkpoint at 80 epochs
2026/08/05 14:50:41 - mmengine - INFO - Epoch(val)  [80][ 10/116]    eta: 0:00:03  time: 0.0304  data_time: 0.0064  memory: 2122  
2026/08/05 14:50:41 - mmengine - INFO - Epoch(val)  [80][ 20/116]    eta: 0:00:03  time: 0.0308  data_time: 0.0062  memory: 111  
2026/08/05 14:50:42 - mmengine - INFO - Epoch(val)  [80][ 30/116]    eta: 0:00:02  time: 0.0310  data_time: 0.0061  memory: 111  
2026/08/05 14:50:42 - mmengine - INFO - Epoch(val)  [80][ 40/116]    eta: 0:00:02  time: 0.0311  data_time: 0.0058  memory: 111  
2026/08/05 14:50:42 - mmengine - INFO - Epoch(val)  [80][ 50/116]    eta: 0:00:02  time: 0.0314  data_time: 0.0056  memory: 130  
2026/08/05 14:50:43 - mmengine - INFO - Epoch(val)  [80][ 60/116]    eta: 0:00:01  time: 0.0316  data_time: 0.0060  memory: 111  
2026/08/05 14:50:43 - mmengine - INFO - Epoch(val)  [80][ 70/116]    eta: 0:00:01  time: 0.0312  data_time: 0.0059  memory: 111  
2026/08/05 14:50:43 - mmengine - INFO - Epoch(val)  [80][ 80/116]    eta: 0:00:01  time: 0.0314  data_time: 0.0060  memory: 116  
2026/08/05 14:50:44 - mmengine - INFO - Epoch(val)  [80][ 90/116]    eta: 0:00:00  time: 0.0317  data_time: 0.0068  memory: 120  
2026/08/05 14:50:44 - mmengine - INFO - Epoch(val)  [80][100/116]    eta: 0:00:00  time: 0.0316  data_time: 0.0067  memory: 114  
2026/08/05 14:50:44 - mmengine - INFO - Epoch(val)  [80][110/116]    eta: 0:00:00  time: 0.0316  data_time: 0.0064  memory: 111  
2026/08/05 14:50:44 - mmengine - INFO - Evaluating bbox...
2026/08/05 14:50:44 - mmengine - INFO - bbox_mAP_copypaste: 0.624 0.872 0.680 0.000 0.725 0.572
2026/08/05 14:50:44 - mmengine - INFO - Evaluating segm...
2026/08/05 14:50:45 - mmengine - INFO - segm_mAP_copypaste: 0.609 0.856 0.707 0.000 0.726 0.547
2026/08/05 14:50:45 - mmengine - INFO - Epoch(val) [80][116/116]    coco/bbox_mAP: 0.6240  coco/bbox_mAP_50: 0.8720  coco/bbox_mAP_75: 0.6800  coco/bbox_mAP_s: 0.0000  coco/bbox_mAP_m: 0.7250  coco/bbox_mAP_l: 0.5720  coco/segm_mAP: 0.6090  coco/segm_mAP_50: 0.8560  coco/segm_mAP_75: 0.7070  coco/segm_mAP_s: 0.0000  coco/segm_mAP_m: 0.7260  coco/segm_mAP_l: 0.5470  data_time: 0.0061  time: 0.0315
2026/08/05 14:50:49 - mmengine - INFO - Epoch(train)  [81][10/68]  base_lr: 4.6808e-05 lr: 4.6808e-05  eta: 0:10:45  time: 0.4230  data_time: 0.1344  memory: 2111  grad_norm: 10.2781  loss: 0.3507  loss_cls: 0.0739  loss_bbox: 0.1949  loss_mask: 0.0819
2026/08/05 14:50:53 - mmengine - INFO - Epoch(train)  [81][20/68]  base_lr: 4.6289e-05 lr: 4.6289e-05  eta: 0:10:40  time: 0.4220  data_time: 0.1322  memory: 2112  grad_norm: 10.0779  loss: 0.3500  loss_cls: 0.0737  loss_bbox: 0.1945  loss_mask: 0.0819
2026/08/05 14:50:57 - mmengine - INFO - Epoch(train)  [81][30/68]  base_lr: 4.5771e-05 lr: 4.5771e-05  eta: 0:10:35  time: 0.4201  data_time: 0.1305  memory: 2112  grad_norm: 9.8993  loss: 0.3427  loss_cls: 0.0717  loss_bbox: 0.1909  loss_mask: 0.0800
2026/08/05 14:51:02 - mmengine - INFO - Epoch(train)  [81][40/68]  base_lr: 4.5255e-05 lr: 4.5255e-05  eta: 0:10:30  time: 0.4266  data_time: 0.1354  memory: 2115  grad_norm: 9.7375  loss: 0.3334  loss_cls: 0.0654  loss_bbox: 0.1875  loss_mask: 0.0805
2026/08/05 14:51:06 - mmengine - INFO - Epoch(train)  [81][50/68]  base_lr: 4.4740e-05 lr: 4.4740e-05  eta: 0:10:25  time: 0.4268  data_time: 0.1357  memory: 2112  grad_norm: 9.7226  loss: 0.3388  loss_cls: 0.0696  loss_bbox: 0.1897  loss_mask: 0.0795
2026/08/05 14:51:10 - mmengine - INFO - Epoch(train)  [81][60/68]  base_lr: 4.4227e-05 lr: 4.4227e-05  eta: 0:10:20  time: 0.4252  data_time: 0.1342  memory: 2124  grad_norm: 9.6833  loss: 0.3399  loss_cls: 0.0681  loss_bbox: 0.1916  loss_mask: 0.0802
2026/08/05 14:51:13 - mmengine - INFO - Exp name: rtmdet_ins_busi_20260805_135702
2026/08/05 14:51:13 - mmengine - INFO - Saving checkpoint at 81 epochs
2026/08/05 14:51:16 - mmengine - INFO - Epoch(val)  [81][ 10/116]    eta: 0:00:03  time: 0.0312  data_time: 0.0064  memory: 2125  
2026/08/05 14:51:16 - mmengine - INFO - Epoch(val)  [81][ 20/116]    eta: 0:00:02  time: 0.0308  data_time: 0.0063  memory: 112  
2026/08/05 14:51:16 - mmengine - INFO - Epoch(val)  [81][ 30/116]    eta: 0:00:02  time: 0.0302  data_time: 0.0057  memory: 111  
2026/08/05 14:51:16 - mmengine - INFO - Epoch(val)  [81][ 40/116]    eta: 0:00:02  time: 0.0300  data_time: 0.0058  memory: 111  
2026/08/05 14:51:17 - mmengine - INFO - Epoch(val)  [81][ 50/116]    eta: 0:00:01  time: 0.0302  data_time: 0.0059  memory: 130  
2026/08/05 14:51:17 - mmengine - INFO - Epoch(val)  [81][ 60/116]    eta: 0:00:01  time: 0.0303  data_time: 0.0058  memory: 111  
2026/08/05 14:51:17 - mmengine - INFO - Epoch(val)  [81][ 70/116]    eta: 0:00:01  time: 0.0306  data_time: 0.0059  memory: 111  
2026/08/05 14:51:18 - mmengine - INFO - Epoch(val)  [81][ 80/116]    eta: 0:00:01  time: 0.0308  data_time: 0.0060  memory: 116  
2026/08/05 14:51:18 - mmengine - INFO - Epoch(val)  [81][ 90/116]    eta: 0:00:00  time: 0.0312  data_time: 0.0064  memory: 123  
2026/08/05 14:51:18 - mmengine - INFO - Epoch(val)  [81][100/116]    eta: 0:00:00  time: 0.0307  data_time: 0.0065  memory: 111  
2026/08/05 14:51:19 - mmengine - INFO - Epoch(val)  [81][110/116]    eta: 0:00:00  time: 0.0301  data_time: 0.0064  memory: 111  
2026/08/05 14:51:19 - mmengine - INFO - Evaluating bbox...
2026/08/05 14:51:19 - mmengine - INFO - bbox_mAP_copypaste: 0.614 0.867 0.698 0.000 0.710 0.562
2026/08/05 14:51:19 - mmengine - INFO - Evaluating segm...
2026/08/05 14:51:19 - mmengine - INFO - segm_mAP_copypaste: 0.599 0.854 0.721 0.000 0.710 0.538
2026/08/05 14:51:19 - mmengine - INFO - Epoch(val) [81][116/116]    coco/bbox_mAP: 0.6140  coco/bbox_mAP_50: 0.8670  coco/bbox_mAP_75: 0.6980  coco/bbox_mAP_s: 0.0000  coco/bbox_mAP_m: 0.7100  coco/bbox_mAP_l: 0.5620  coco/segm_mAP: 0.5990  coco/segm_mAP_50: 0.8540  coco/segm_mAP_75: 0.7210  coco/segm_mAP_s: 0.0000  coco/segm_mAP_m: 0.7100  coco/segm_mAP_l: 0.5380  data_time: 0.0062  time: 0.0303
2026/08/05 14:51:23 - mmengine - INFO - Epoch(train)  [82][10/68]  base_lr: 4.3309e-05 lr: 4.3309e-05  eta: 0:10:11  time: 0.4216  data_time: 0.1338  memory: 2111  grad_norm: 10.0005  loss: 0.3346  loss_cls: 0.0714  loss_bbox: 0.1848  loss_mask: 0.0784
2026/08/05 14:51:28 - mmengine - INFO - Epoch(train)  [82][20/68]  base_lr: 4.2802e-05 lr: 4.2802e-05  eta: 0:10:07  time: 0.4234  data_time: 0.1366  memory: 2113  grad_norm: 9.9992  loss: 0.3415  loss_cls: 0.0736  loss_bbox: 0.1867  loss_mask: 0.0812
2026/08/05 14:51:32 - mmengine - INFO - Epoch(train)  [82][30/68]  base_lr: 4.2296e-05 lr: 4.2296e-05  eta: 0:10:02  time: 0.4250  data_time: 0.1371  memory: 2116  grad_norm: 9.9341  loss: 0.3402  loss_cls: 0.0726  loss_bbox: 0.1874  loss_mask: 0.0802
2026/08/05 14:51:36 - mmengine - INFO - Epoch(train)  [82][40/68]  base_lr: 4.1793e-05 lr: 4.1793e-05  eta: 0:09:57  time: 0.4279  data_time: 0.1416  memory: 2124  grad_norm: 9.7064  loss: 0.3493  loss_cls: 0.0766  loss_bbox: 0.1913  loss_mask: 0.0814
2026/08/05 14:51:41 - mmengine - INFO - Epoch(train)  [82][50/68]  base_lr: 4.1291e-05 lr: 4.1291e-05  eta: 0:09:52  time: 0.4338  data_time: 0.1451  memory: 2113  grad_norm: 9.4337  loss: 0.3451  loss_cls: 0.0727  loss_bbox: 0.1904  loss_mask: 0.0821
2026/08/05 14:51:45 - mmengine - INFO - Epoch(train)  [82][60/68]  base_lr: 4.0792e-05 lr: 4.0792e-05  eta: 0:09:47  time: 0.4348  data_time: 0.1459  memory: 2112  grad_norm: 9.2116  loss: 0.3459  loss_cls: 0.0731  loss_bbox: 0.1887  loss_mask: 0.0841
2026/08/05 14:51:48 - mmengine - INFO - Exp name: rtmdet_ins_busi_20260805_135702
2026/08/05 14:51:48 - mmengine - INFO - Saving checkpoint at 82 epochs
2026/08/05 14:51:51 - mmengine - INFO - Epoch(val)  [82][ 10/116]    eta: 0:00:03  time: 0.0299  data_time: 0.0064  memory: 2113  
2026/08/05 14:51:51 - mmengine - INFO - Epoch(val)  [82][ 20/116]    eta: 0:00:02  time: 0.0296  data_time: 0.0064  memory: 112  
2026/08/05 14:51:51 - mmengine - INFO - Epoch(val)  [82][ 30/116]    eta: 0:00:02  time: 0.0292  data_time: 0.0057  memory: 113  
2026/08/05 14:51:51 - mmengine - INFO - Epoch(val)  [82][ 40/116]    eta: 0:00:02  time: 0.0295  data_time: 0.0055  memory: 111  
2026/08/05 14:51:52 - mmengine - INFO - Epoch(val)  [82][ 50/116]    eta: 0:00:01  time: 0.0295  data_time: 0.0057  memory: 124  
2026/08/05 14:51:52 - mmengine - INFO - Epoch(val)  [82][ 60/116]    eta: 0:00:01  time: 0.0300  data_time: 0.0060  memory: 111  
2026/08/05 14:51:52 - mmengine - INFO - Epoch(val)  [82][ 70/116]    eta: 0:00:01  time: 0.0299  data_time: 0.0059  memory: 111  
2026/08/05 14:51:53 - mmengine - INFO - Epoch(val)  [82][ 80/116]    eta: 0:00:01  time: 0.0300  data_time: 0.0059  memory: 118  
2026/08/05 14:51:53 - mmengine - INFO - Epoch(val)  [82][ 90/116]    eta: 0:00:00  time: 0.0306  data_time: 0.0063  memory: 120  
2026/08/05 14:51:53 - mmengine - INFO - Epoch(val)  [82][100/116]    eta: 0:00:00  time: 0.0303  data_time: 0.0060  memory: 114  
2026/08/05 14:51:54 - mmengine - INFO - Epoch(val)  [82][110/116]    eta: 0:00:00  time: 0.0306  data_time: 0.0059  memory: 111  
2026/08/05 14:51:54 - mmengine - INFO - Evaluating bbox...
2026/08/05 14:51:54 - mmengine - INFO - bbox_mAP_copypaste: 0.622 0.867 0.712 0.000 0.729 0.565
2026/08/05 14:51:54 - mmengine - INFO - Evaluating segm...
2026/08/05 14:51:54 - mmengine - INFO - segm_mAP_copypaste: 0.597 0.854 0.699 0.000 0.715 0.533
2026/08/05 14:51:54 - mmengine - INFO - Epoch(val) [82][116/116]    coco/bbox_mAP: 0.6220  coco/bbox_mAP_50: 0.8670  coco/bbox_mAP_75: 0.7120  coco/bbox_mAP_s: 0.0000  coco/bbox_mAP_m: 0.7290  coco/bbox_mAP_l: 0.5650  coco/segm_mAP: 0.5970  coco/segm_mAP_50: 0.8540  coco/segm_mAP_75: 0.6990  coco/segm_mAP_s: 0.0000  coco/segm_mAP_m: 0.7150  coco/segm_mAP_l: 0.5330  data_time: 0.0060  time: 0.0301
2026/08/05 14:51:58 - mmengine - INFO - Epoch(train)  [83][10/68]  base_lr: 3.9898e-05 lr: 3.9898e-05  eta: 0:09:38  time: 0.4253  data_time: 0.1371  memory: 2110  grad_norm: 9.1204  loss: 0.3322  loss_cls: 0.0711  loss_bbox: 0.1800  loss_mask: 0.0810
2026/08/05 14:52:02 - mmengine - INFO - Epoch(train)  [83][20/68]  base_lr: 3.9405e-05 lr: 3.9405e-05  eta: 0:09:33  time: 0.4245  data_time: 0.1358  memory: 2111  grad_norm: 9.1252  loss: 0.3314  loss_cls: 0.0712  loss_bbox: 0.1787  loss_mask: 0.0815
2026/08/05 14:52:07 - mmengine - INFO - Epoch(train)  [83][30/68]  base_lr: 3.8914e-05 lr: 3.8914e-05  eta: 0:09:29  time: 0.4230  data_time: 0.1358  memory: 2125  grad_norm: 9.2116  loss: 0.3315  loss_cls: 0.0754  loss_bbox: 0.1756  loss_mask: 0.0806
2026/08/05 14:52:11 - mmengine - INFO - Epoch(train)  [83][40/68]  base_lr: 3.8425e-05 lr: 3.8425e-05  eta: 0:09:24  time: 0.4198  data_time: 0.1330  memory: 2123  grad_norm: 9.2991  loss: 0.3332  loss_cls: 0.0747  loss_bbox: 0.1786  loss_mask: 0.0799
2026/08/05 14:52:15 - mmengine - INFO - Epoch(train)  [83][50/68]  base_lr: 3.7939e-05 lr: 3.7939e-05  eta: 0:09:19  time: 0.4226  data_time: 0.1345  memory: 2112  grad_norm: 9.1231  loss: 0.3368  loss_cls: 0.0724  loss_bbox: 0.1835  loss_mask: 0.0808
2026/08/05 14:52:19 - mmengine - INFO - Epoch(train)  [83][60/68]  base_lr: 3.7455e-05 lr: 3.7455e-05  eta: 0:09:14  time: 0.4238  data_time: 0.1373  memory: 2102  grad_norm: 9.4876  loss: 0.3405  loss_cls: 0.0719  loss_bbox: 0.1877  loss_mask: 0.0810
2026/08/05 14:52:22 - mmengine - INFO - Exp name: rtmdet_ins_busi_20260805_135702
2026/08/05 14:52:22 - mmengine - INFO - Saving checkpoint at 83 epochs
2026/08/05 14:52:25 - mmengine - INFO - Epoch(val)  [83][ 10/116]    eta: 0:00:03  time: 0.0314  data_time: 0.0065  memory: 2112  
2026/08/05 14:52:25 - mmengine - INFO - Epoch(val)  [83][ 20/116]    eta: 0:00:02  time: 0.0310  data_time: 0.0066  memory: 112  
2026/08/05 14:52:25 - mmengine - INFO - Epoch(val)  [83][ 30/116]    eta: 0:00:02  time: 0.0306  data_time: 0.0062  memory: 111  
2026/08/05 14:52:25 - mmengine - INFO - Epoch(val)  [83][ 40/116]    eta: 0:00:02  time: 0.0300  data_time: 0.0059  memory: 111  
2026/08/05 14:52:26 - mmengine - INFO - Epoch(val)  [83][ 50/116]    eta: 0:00:01  time: 0.0300  data_time: 0.0057  memory: 119  
2026/08/05 14:52:26 - mmengine - INFO - Epoch(val)  [83][ 60/116]    eta: 0:00:01  time: 0.0298  data_time: 0.0058  memory: 111  
2026/08/05 14:52:26 - mmengine - INFO - Epoch(val)  [83][ 70/116]    eta: 0:00:01  time: 0.0302  data_time: 0.0057  memory: 111  
2026/08/05 14:52:27 - mmengine - INFO - Epoch(val)  [83][ 80/116]    eta: 0:00:01  time: 0.0308  data_time: 0.0058  memory: 118  
2026/08/05 14:52:27 - mmengine - INFO - Epoch(val)  [83][ 90/116]    eta: 0:00:00  time: 0.0316  data_time: 0.0062  memory: 120  
2026/08/05 14:52:27 - mmengine - INFO - Epoch(val)  [83][100/116]    eta: 0:00:00  time: 0.0316  data_time: 0.0065  memory: 111  
2026/08/05 14:52:28 - mmengine - INFO - Epoch(val)  [83][110/116]    eta: 0:00:00  time: 0.0307  data_time: 0.0060  memory: 111  
2026/08/05 14:52:28 - mmengine - INFO - Evaluating bbox...
2026/08/05 14:52:28 - mmengine - INFO - bbox_mAP_copypaste: 0.622 0.868 0.738 0.000 0.721 0.571
2026/08/05 14:52:28 - mmengine - INFO - Evaluating segm...
2026/08/05 14:52:28 - mmengine - INFO - segm_mAP_copypaste: 0.602 0.852 0.706 0.000 0.724 0.537
2026/08/05 14:52:28 - mmengine - INFO - Epoch(val) [83][116/116]    coco/bbox_mAP: 0.6220  coco/bbox_mAP_50: 0.8680  coco/bbox_mAP_75: 0.7380  coco/bbox_mAP_s: 0.0000  coco/bbox_mAP_m: 0.7210  coco/bbox_mAP_l: 0.5710  coco/segm_mAP: 0.6020  coco/segm_mAP_50: 0.8520  coco/segm_mAP_75: 0.7060  coco/segm_mAP_s: 0.0000  coco/segm_mAP_m: 0.7240  coco/segm_mAP_l: 0.5370  data_time: 0.0061  time: 0.0305
2026/08/05 14:52:32 - mmengine - INFO - Epoch(train)  [84][10/68]  base_lr: 3.6589e-05 lr: 3.6589e-05  eta: 0:09:05  time: 0.4173  data_time: 0.1301  memory: 2114  grad_norm: 9.6047  loss: 0.3417  loss_cls: 0.0713  loss_bbox: 0.1896  loss_mask: 0.0807
2026/08/05 14:52:37 - mmengine - INFO - Epoch(train)  [84][20/68]  base_lr: 3.6112e-05 lr: 3.6112e-05  eta: 0:09:00  time: 0.4228  data_time: 0.1358  memory: 2103  grad_norm: 9.5723  loss: 0.3397  loss_cls: 0.0681  loss_bbox: 0.1902  loss_mask: 0.0814
2026/08/05 14:52:41 - mmengine - INFO - Epoch(train)  [84][30/68]  base_lr: 3.5637e-05 lr: 3.5637e-05  eta: 0:08:55  time: 0.4219  data_time: 0.1357  memory: 2123  grad_norm: 9.8278  loss: 0.3367  loss_cls: 0.0679  loss_bbox: 0.1877  loss_mask: 0.0812
2026/08/05 14:52:45 - mmengine - INFO - Epoch(train)  [84][40/68]  base_lr: 3.5165e-05 lr: 3.5165e-05  eta: 0:08:51  time: 0.4225  data_time: 0.1347  memory: 2112  grad_norm: 9.7532  loss: 0.3330  loss_cls: 0.0676  loss_bbox: 0.1857  loss_mask: 0.0798
2026/08/05 14:52:49 - mmengine - INFO - Epoch(train)  [84][50/68]  base_lr: 3.4695e-05 lr: 3.4695e-05  eta: 0:08:46  time: 0.4301  data_time: 0.1406  memory: 2112  grad_norm: 9.3070  loss: 0.3255  loss_cls: 0.0669  loss_bbox: 0.1800  loss_mask: 0.0785
2026/08/05 14:52:54 - mmengine - INFO - Epoch(train)  [84][60/68]  base_lr: 3.4228e-05 lr: 3.4228e-05  eta: 0:08:41  time: 0.4320  data_time: 0.1415  memory: 2112  grad_norm: 9.3929  loss: 0.3292  loss_cls: 0.0705  loss_bbox: 0.1802  loss_mask: 0.0785
2026/08/05 14:52:57 - mmengine - INFO - Exp name: rtmdet_ins_busi_20260805_135702
2026/08/05 14:52:57 - mmengine - INFO - Saving checkpoint at 84 epochs
2026/08/05 14:52:59 - mmengine - INFO - Epoch(val)  [84][ 10/116]    eta: 0:00:03  time: 0.0308  data_time: 0.0064  memory: 2121  
2026/08/05 14:53:00 - mmengine - INFO - Epoch(val)  [84][ 20/116]    eta: 0:00:02  time: 0.0299  data_time: 0.0063  memory: 114  
2026/08/05 14:53:00 - mmengine - INFO - Epoch(val)  [84][ 30/116]    eta: 0:00:02  time: 0.0295  data_time: 0.0059  memory: 111  
2026/08/05 14:53:00 - mmengine - INFO - Epoch(val)  [84][ 40/116]    eta: 0:00:02  time: 0.0296  data_time: 0.0058  memory: 111  
2026/08/05 14:53:01 - mmengine - INFO - Epoch(val)  [84][ 50/116]    eta: 0:00:01  time: 0.0300  data_time: 0.0059  memory: 130  
2026/08/05 14:53:01 - mmengine - INFO - Epoch(val)  [84][ 60/116]    eta: 0:00:01  time: 0.0302  data_time: 0.0061  memory: 111  
2026/08/05 14:53:01 - mmengine - INFO - Epoch(val)  [84][ 70/116]    eta: 0:00:01  time: 0.0304  data_time: 0.0063  memory: 111  
2026/08/05 14:53:02 - mmengine - INFO - Epoch(val)  [84][ 80/116]    eta: 0:00:01  time: 0.0305  data_time: 0.0065  memory: 121  
2026/08/05 14:53:02 - mmengine - INFO - Epoch(val)  [84][ 90/116]    eta: 0:00:00  time: 0.0310  data_time: 0.0067  memory: 127  
2026/08/05 14:53:02 - mmengine - INFO - Epoch(val)  [84][100/116]    eta: 0:00:00  time: 0.0303  data_time: 0.0063  memory: 114  
2026/08/05 14:53:02 - mmengine - INFO - Epoch(val)  [84][110/116]    eta: 0:00:00  time: 0.0299  data_time: 0.0060  memory: 111  
2026/08/05 14:53:03 - mmengine - INFO - Evaluating bbox...
2026/08/05 14:53:03 - mmengine - INFO - bbox_mAP_copypaste: 0.624 0.873 0.731 0.075 0.726 0.567
2026/08/05 14:53:03 - mmengine - INFO - Evaluating segm...
2026/08/05 14:53:03 - mmengine - INFO - segm_mAP_copypaste: 0.613 0.862 0.703 0.067 0.735 0.545
2026/08/05 14:53:03 - mmengine - INFO - Epoch(val) [84][116/116]    coco/bbox_mAP: 0.6240  coco/bbox_mAP_50: 0.8730  coco/bbox_mAP_75: 0.7310  coco/bbox_mAP_s: 0.0750  coco/bbox_mAP_m: 0.7260  coco/bbox_mAP_l: 0.5670  coco/segm_mAP: 0.6130  coco/segm_mAP_50: 0.8620  coco/segm_mAP_75: 0.7030  coco/segm_mAP_s: 0.0670  coco/segm_mAP_m: 0.7350  coco/segm_mAP_l: 0.5450  data_time: 0.0061  time: 0.0302
2026/08/05 14:53:07 - mmengine - INFO - Epoch(train)  [85][10/68]  base_lr: 3.3394e-05 lr: 3.3394e-05  eta: 0:08:32  time: 0.4288  data_time: 0.1378  memory: 2113  grad_norm: 9.7612  loss: 0.3353  loss_cls: 0.0713  loss_bbox: 0.1859  loss_mask: 0.0782
2026/08/05 14:53:11 - mmengine - INFO - Epoch(train)  [85][20/68]  base_lr: 3.2935e-05 lr: 3.2935e-05  eta: 0:08:27  time: 0.4256  data_time: 0.1358  memory: 2114  grad_norm: 9.7068  loss: 0.3347  loss_cls: 0.0708  loss_bbox: 0.1842  loss_mask: 0.0797
2026/08/05 14:53:16 - mmengine - INFO - Epoch(train)  [85][30/68]  base_lr: 3.2479e-05 lr: 3.2479e-05  eta: 0:08:22  time: 0.4283  data_time: 0.1376  memory: 2112  grad_norm: 9.8586  loss: 0.3462  loss_cls: 0.0748  loss_bbox: 0.1904  loss_mask: 0.0810
2026/08/05 14:53:20 - mmengine - INFO - Epoch(train)  [85][40/68]  base_lr: 3.2025e-05 lr: 3.2025e-05  eta: 0:08:18  time: 0.4260  data_time: 0.1376  memory: 2114  grad_norm: 9.7150  loss: 0.3423  loss_cls: 0.0725  loss_bbox: 0.1899  loss_mask: 0.0799
2026/08/05 14:53:24 - mmengine - INFO - Epoch(train)  [85][50/68]  base_lr: 3.1574e-05 lr: 3.1574e-05  eta: 0:08:13  time: 0.4278  data_time: 0.1384  memory: 2102  grad_norm: 9.4575  loss: 0.3377  loss_cls: 0.0708  loss_bbox: 0.1882  loss_mask: 0.0787
2026/08/05 14:53:28 - mmengine - INFO - Epoch(train)  [85][60/68]  base_lr: 3.1126e-05 lr: 3.1126e-05  eta: 0:08:08  time: 0.4243  data_time: 0.1358  memory: 2114  grad_norm: 9.2321  loss: 0.3386  loss_cls: 0.0720  loss_bbox: 0.1873  loss_mask: 0.0793
2026/08/05 14:53:32 - mmengine - INFO - Exp name: rtmdet_ins_busi_20260805_135702
2026/08/05 14:53:32 - mmengine - INFO - Saving checkpoint at 85 epochs
2026/08/05 14:53:34 - mmengine - INFO - Epoch(val)  [85][ 10/116]    eta: 0:00:03  time: 0.0300  data_time: 0.0059  memory: 2117  
2026/08/05 14:53:34 - mmengine - INFO - Epoch(val)  [85][ 20/116]    eta: 0:00:02  time: 0.0297  data_time: 0.0057  memory: 114  
2026/08/05 14:53:34 - mmengine - INFO - Epoch(val)  [85][ 30/116]    eta: 0:00:02  time: 0.0293  data_time: 0.0053  memory: 111  
2026/08/05 14:53:35 - mmengine - INFO - Epoch(val)  [85][ 40/116]    eta: 0:00:02  time: 0.0294  data_time: 0.0054  memory: 111  
2026/08/05 14:53:35 - mmengine - INFO - Epoch(val)  [85][ 50/116]    eta: 0:00:01  time: 0.0295  data_time: 0.0053  memory: 130  
2026/08/05 14:53:35 - mmengine - INFO - Epoch(val)  [85][ 60/116]    eta: 0:00:01  time: 0.0298  data_time: 0.0055  memory: 111  
2026/08/05 14:53:36 - mmengine - INFO - Epoch(val)  [85][ 70/116]    eta: 0:00:01  time: 0.0298  data_time: 0.0057  memory: 111  
2026/08/05 14:53:36 - mmengine - INFO - Epoch(val)  [85][ 80/116]    eta: 0:00:01  time: 0.0301  data_time: 0.0058  memory: 118  
2026/08/05 14:53:36 - mmengine - INFO - Epoch(val)  [85][ 90/116]    eta: 0:00:00  time: 0.0304  data_time: 0.0058  memory: 120  
2026/08/05 14:53:37 - mmengine - INFO - Epoch(val)  [85][100/116]    eta: 0:00:00  time: 0.0300  data_time: 0.0059  memory: 114  
2026/08/05 14:53:37 - mmengine - INFO - Epoch(val)  [85][110/116]    eta: 0:00:00  time: 0.0299  data_time: 0.0057  memory: 111  
2026/08/05 14:53:37 - mmengine - INFO - Evaluating bbox...
2026/08/05 14:53:37 - mmengine - INFO - bbox_mAP_copypaste: 0.622 0.877 0.689 0.150 0.724 0.566
2026/08/05 14:53:37 - mmengine - INFO - Evaluating segm...
2026/08/05 14:53:37 - mmengine - INFO - segm_mAP_copypaste: 0.607 0.865 0.704 0.150 0.727 0.542
2026/08/05 14:53:37 - mmengine - INFO - Epoch(val) [85][116/116]    coco/bbox_mAP: 0.6220  coco/bbox_mAP_50: 0.8770  coco/bbox_mAP_75: 0.6890  coco/bbox_mAP_s: 0.1500  coco/bbox_mAP_m: 0.7240  coco/bbox_mAP_l: 0.5660  coco/segm_mAP: 0.6070  coco/segm_mAP_50: 0.8650  coco/segm_mAP_75: 0.7040  coco/segm_mAP_s: 0.1500  coco/segm_mAP_m: 0.7270  coco/segm_mAP_l: 0.5420  data_time: 0.0057  time: 0.0299
2026/08/05 14:53:42 - mmengine - INFO - Epoch(train)  [86][10/68]  base_lr: 3.0327e-05 lr: 3.0327e-05  eta: 0:07:59  time: 0.4225  data_time: 0.1361  memory: 2123  grad_norm: 9.4933  loss: 0.3289  loss_cls: 0.0698  loss_bbox: 0.1815  loss_mask: 0.0777
2026/08/05 14:53:46 - mmengine - INFO - Epoch(train)  [86][20/68]  base_lr: 2.9887e-05 lr: 2.9887e-05  eta: 0:07:54  time: 0.4207  data_time: 0.1335  memory: 2109  grad_norm: 9.7790  loss: 0.3305  loss_cls: 0.0691  loss_bbox: 0.1844  loss_mask: 0.0770
2026/08/05 14:53:50 - mmengine - INFO - Epoch(train)  [86][30/68]  base_lr: 2.9451e-05 lr: 2.9451e-05  eta: 0:07:50  time: 0.4213  data_time: 0.1351  memory: 2111  grad_norm: 10.1955  loss: 0.3245  loss_cls: 0.0665  loss_bbox: 0.1811  loss_mask: 0.0769
2026/08/05 14:53:54 - mmengine - INFO - Epoch(train)  [86][40/68]  base_lr: 2.9017e-05 lr: 2.9017e-05  eta: 0:07:45  time: 0.4252  data_time: 0.1384  memory: 2123  grad_norm: 9.9384  loss: 0.3314  loss_cls: 0.0690  loss_bbox: 0.1847  loss_mask: 0.0777
2026/08/05 14:53:59 - mmengine - INFO - Epoch(train)  [86][50/68]  base_lr: 2.8587e-05 lr: 2.8587e-05  eta: 0:07:40  time: 0.4299  data_time: 0.1407  memory: 2114  grad_norm: 9.7427  loss: 0.3407  loss_cls: 0.0736  loss_bbox: 0.1888  loss_mask: 0.0783
2026/08/05 14:54:03 - mmengine - INFO - Epoch(train)  [86][60/68]  base_lr: 2.8160e-05 lr: 2.8160e-05  eta: 0:07:35  time: 0.4283  data_time: 0.1387  memory: 2103  grad_norm: 9.8035  loss: 0.3395  loss_cls: 0.0727  loss_bbox: 0.1883  loss_mask: 0.0785
2026/08/05 14:54:06 - mmengine - INFO - Exp name: rtmdet_ins_busi_20260805_135702
2026/08/05 14:54:06 - mmengine - INFO - Saving checkpoint at 86 epochs
2026/08/05 14:54:08 - mmengine - INFO - Epoch(val)  [86][ 10/116]    eta: 0:00:03  time: 0.0302  data_time: 0.0060  memory: 2113  
2026/08/05 14:54:09 - mmengine - INFO - Epoch(val)  [86][ 20/116]    eta: 0:00:02  time: 0.0299  data_time: 0.0061  memory: 114  
2026/08/05 14:54:09 - mmengine - INFO - Epoch(val)  [86][ 30/116]    eta: 0:00:02  time: 0.0297  data_time: 0.0064  memory: 113  
2026/08/05 14:54:09 - mmengine - INFO - Epoch(val)  [86][ 40/116]    eta: 0:00:02  time: 0.0293  data_time: 0.0061  memory: 111  
2026/08/05 14:54:10 - mmengine - INFO - Epoch(val)  [86][ 50/116]    eta: 0:00:01  time: 0.0296  data_time: 0.0062  memory: 130  
2026/08/05 14:54:10 - mmengine - INFO - Epoch(val)  [86][ 60/116]    eta: 0:00:01  time: 0.0294  data_time: 0.0065  memory: 111  
2026/08/05 14:54:10 - mmengine - INFO - Epoch(val)  [86][ 70/116]    eta: 0:00:01  time: 0.0293  data_time: 0.0065  memory: 111  
2026/08/05 14:54:10 - mmengine - INFO - Epoch(val)  [86][ 80/116]    eta: 0:00:01  time: 0.0294  data_time: 0.0062  memory: 117  
2026/08/05 14:54:11 - mmengine - INFO - Epoch(val)  [86][ 90/116]    eta: 0:00:00  time: 0.0301  data_time: 0.0067  memory: 123  
2026/08/05 14:54:11 - mmengine - INFO - Epoch(val)  [86][100/116]    eta: 0:00:00  time: 0.0296  data_time: 0.0061  memory: 114  
2026/08/05 14:54:11 - mmengine - INFO - Epoch(val)  [86][110/116]    eta: 0:00:00  time: 0.0292  data_time: 0.0058  memory: 111  
2026/08/05 14:54:12 - mmengine - INFO - Evaluating bbox...
2026/08/05 14:54:12 - mmengine - INFO - bbox_mAP_copypaste: 0.624 0.881 0.704 0.150 0.712 0.575
2026/08/05 14:54:12 - mmengine - INFO - Evaluating segm...
2026/08/05 14:54:12 - mmengine - INFO - segm_mAP_copypaste: 0.607 0.865 0.721 0.200 0.729 0.540
2026/08/05 14:54:12 - mmengine - INFO - Epoch(val) [86][116/116]    coco/bbox_mAP: 0.6240  coco/bbox_mAP_50: 0.8810  coco/bbox_mAP_75: 0.7040  coco/bbox_mAP_s: 0.1500  coco/bbox_mAP_m: 0.7120  coco/bbox_mAP_l: 0.5750  coco/segm_mAP: 0.6070  coco/segm_mAP_50: 0.8650  coco/segm_mAP_75: 0.7210  coco/segm_mAP_s: 0.2000  coco/segm_mAP_m: 0.7290  coco/segm_mAP_l: 0.5400  data_time: 0.0061  time: 0.0295
2026/08/05 14:54:16 - mmengine - INFO - Epoch(train)  [87][10/68]  base_lr: 2.7399e-05 lr: 2.7399e-05  eta: 0:07:26  time: 0.4258  data_time: 0.1356  memory: 2113  grad_norm: 9.4785  loss: 0.3517  loss_cls: 0.0780  loss_bbox: 0.1914  loss_mask: 0.0823
2026/08/05 14:54:20 - mmengine - INFO - Epoch(train)  [87][20/68]  base_lr: 2.6981e-05 lr: 2.6981e-05  eta: 0:07:22  time: 0.4220  data_time: 0.1324  memory: 2113  grad_norm: 9.5908  loss: 0.3442  loss_cls: 0.0751  loss_bbox: 0.1869  loss_mask: 0.0822
2026/08/05 14:54:25 - mmengine - INFO - Epoch(train)  [87][30/68]  base_lr: 2.6566e-05 lr: 2.6566e-05  eta: 0:07:17  time: 0.4257  data_time: 0.1332  memory: 2124  grad_norm: 9.6128  loss: 0.3349  loss_cls: 0.0693  loss_bbox: 0.1847  loss_mask: 0.0809
2026/08/05 14:54:29 - mmengine - INFO - Epoch(train)  [87][40/68]  base_lr: 2.6154e-05 lr: 2.6154e-05  eta: 0:07:12  time: 0.4230  data_time: 0.1340  memory: 2138  grad_norm: 9.2408  loss: 0.3266  loss_cls: 0.0650  loss_bbox: 0.1828  loss_mask: 0.0788
2026/08/05 14:54:33 - mmengine - INFO - Epoch(train)  [87][50/68]  base_lr: 2.5746e-05 lr: 2.5746e-05  eta: 0:07:07  time: 0.4242  data_time: 0.1363  memory: 2113  grad_norm: 9.0493  loss: 0.3218  loss_cls: 0.0614  loss_bbox: 0.1815  loss_mask: 0.0789
2026/08/05 14:54:37 - mmengine - INFO - Epoch(train)  [87][60/68]  base_lr: 2.5341e-05 lr: 2.5341e-05  eta: 0:07:02  time: 0.4180  data_time: 0.1337  memory: 2112  grad_norm: 9.3947  loss: 0.3193  loss_cls: 0.0595  loss_bbox: 0.1824  loss_mask: 0.0774
2026/08/05 14:54:40 - mmengine - INFO - Exp name: rtmdet_ins_busi_20260805_135702
2026/08/05 14:54:40 - mmengine - INFO - Saving checkpoint at 87 epochs
2026/08/05 14:54:42 - mmengine - INFO - Epoch(val)  [87][ 10/116]    eta: 0:00:03  time: 0.0295  data_time: 0.0058  memory: 2112  
2026/08/05 14:54:43 - mmengine - INFO - Epoch(val)  [87][ 20/116]    eta: 0:00:02  time: 0.0287  data_time: 0.0058  memory: 114  
2026/08/05 14:54:43 - mmengine - INFO - Epoch(val)  [87][ 30/116]    eta: 0:00:02  time: 0.0280  data_time: 0.0055  memory: 111  
2026/08/05 14:54:43 - mmengine - INFO - Epoch(val)  [87][ 40/116]    eta: 0:00:02  time: 0.0281  data_time: 0.0059  memory: 111  
2026/08/05 14:54:43 - mmengine - INFO - Epoch(val)  [87][ 50/116]    eta: 0:00:01  time: 0.0285  data_time: 0.0060  memory: 136  
2026/08/05 14:54:44 - mmengine - INFO - Epoch(val)  [87][ 60/116]    eta: 0:00:01  time: 0.0288  data_time: 0.0064  memory: 111  
2026/08/05 14:54:44 - mmengine - INFO - Epoch(val)  [87][ 70/116]    eta: 0:00:01  time: 0.0296  data_time: 0.0064  memory: 111  
2026/08/05 14:54:44 - mmengine - INFO - Epoch(val)  [87][ 80/116]    eta: 0:00:01  time: 0.0302  data_time: 0.0065  memory: 117  
2026/08/05 14:54:45 - mmengine - INFO - Epoch(val)  [87][ 90/116]    eta: 0:00:00  time: 0.0306  data_time: 0.0069  memory: 127  
2026/08/05 14:54:45 - mmengine - INFO - Epoch(val)  [87][100/116]    eta: 0:00:00  time: 0.0300  data_time: 0.0064  memory: 111  
2026/08/05 14:54:45 - mmengine - INFO - Epoch(val)  [87][110/116]    eta: 0:00:00  time: 0.0291  data_time: 0.0063  memory: 111  
2026/08/05 14:54:45 - mmengine - INFO - Evaluating bbox...
2026/08/05 14:54:45 - mmengine - INFO - bbox_mAP_copypaste: 0.623 0.872 0.710 0.150 0.734 0.563
2026/08/05 14:54:45 - mmengine - INFO - Evaluating segm...
2026/08/05 14:54:45 - mmengine - INFO - segm_mAP_copypaste: 0.610 0.865 0.723 0.200 0.732 0.541
2026/08/05 14:54:46 - mmengine - INFO - Epoch(val) [87][116/116]    coco/bbox_mAP: 0.6230  coco/bbox_mAP_50: 0.8720  coco/bbox_mAP_75: 0.7100  coco/bbox_mAP_s: 0.1500  coco/bbox_mAP_m: 0.7340  coco/bbox_mAP_l: 0.5630  coco/segm_mAP: 0.6100  coco/segm_mAP_50: 0.8650  coco/segm_mAP_75: 0.7230  coco/segm_mAP_s: 0.2000  coco/segm_mAP_m: 0.7320  coco/segm_mAP_l: 0.5410  data_time: 0.0063  time: 0.0289
2026/08/05 14:54:50 - mmengine - INFO - Epoch(train)  [88][10/68]  base_lr: 2.4621e-05 lr: 2.4621e-05  eta: 0:06:54  time: 0.4114  data_time: 0.1341  memory: 2124  grad_norm: 9.0315  loss: 0.3222  loss_cls: 0.0626  loss_bbox: 0.1827  loss_mask: 0.0769
2026/08/05 14:54:54 - mmengine - INFO - Epoch(train)  [88][20/68]  base_lr: 2.4226e-05 lr: 2.4226e-05  eta: 0:06:49  time: 0.4060  data_time: 0.1284  memory: 2112  grad_norm: 9.1622  loss: 0.3230  loss_cls: 0.0625  loss_bbox: 0.1832  loss_mask: 0.0772
2026/08/05 14:54:58 - mmengine - INFO - Epoch(train)  [88][30/68]  base_lr: 2.3835e-05 lr: 2.3835e-05  eta: 0:06:44  time: 0.4084  data_time: 0.1285  memory: 2124  grad_norm: 9.1746  loss: 0.3238  loss_cls: 0.0637  loss_bbox: 0.1825  loss_mask: 0.0776
2026/08/05 14:55:02 - mmengine - INFO - Epoch(train)  [88][40/68]  base_lr: 2.3447e-05 lr: 2.3447e-05  eta: 0:06:39  time: 0.4076  data_time: 0.1265  memory: 2112  grad_norm: 8.7226  loss: 0.3256  loss_cls: 0.0659  loss_bbox: 0.1823  loss_mask: 0.0774
2026/08/05 14:55:06 - mmengine - INFO - Epoch(train)  [88][50/68]  base_lr: 2.3063e-05 lr: 2.3063e-05  eta: 0:06:34  time: 0.4166  data_time: 0.1302  memory: 2112  grad_norm: 9.1312  loss: 0.3279  loss_cls: 0.0672  loss_bbox: 0.1826  loss_mask: 0.0781
2026/08/05 14:55:11 - mmengine - INFO - Epoch(train)  [88][60/68]  base_lr: 2.2682e-05 lr: 2.2682e-05  eta: 0:06:29  time: 0.4178  data_time: 0.1299  memory: 2113  grad_norm: 9.2043  loss: 0.3179  loss_cls: 0.0630  loss_bbox: 0.1766  loss_mask: 0.0783
2026/08/05 14:55:14 - mmengine - INFO - Exp name: rtmdet_ins_busi_20260805_135702
2026/08/05 14:55:14 - mmengine - INFO - Saving checkpoint at 88 epochs
2026/08/05 14:55:16 - mmengine - INFO - Epoch(val)  [88][ 10/116]    eta: 0:00:03  time: 0.0286  data_time: 0.0063  memory: 2115  
2026/08/05 14:55:16 - mmengine - INFO - Epoch(val)  [88][ 20/116]    eta: 0:00:02  time: 0.0283  data_time: 0.0059  memory: 114  
2026/08/05 14:55:17 - mmengine - INFO - Epoch(val)  [88][ 30/116]    eta: 0:00:02  time: 0.0281  data_time: 0.0057  memory: 111  
2026/08/05 14:55:17 - mmengine - INFO - Epoch(val)  [88][ 40/116]    eta: 0:00:02  time: 0.0285  data_time: 0.0055  memory: 111  
2026/08/05 14:55:17 - mmengine - INFO - Epoch(val)  [88][ 50/116]    eta: 0:00:01  time: 0.0294  data_time: 0.0055  memory: 130  
2026/08/05 14:55:18 - mmengine - INFO - Epoch(val)  [88][ 60/116]    eta: 0:00:01  time: 0.0298  data_time: 0.0057  memory: 111  
2026/08/05 14:55:18 - mmengine - INFO - Epoch(val)  [88][ 70/116]    eta: 0:00:01  time: 0.0300  data_time: 0.0057  memory: 111  
2026/08/05 14:55:18 - mmengine - INFO - Epoch(val)  [88][ 80/116]    eta: 0:00:01  time: 0.0302  data_time: 0.0057  memory: 118  
2026/08/05 14:55:19 - mmengine - INFO - Epoch(val)  [88][ 90/116]    eta: 0:00:00  time: 0.0310  data_time: 0.0058  memory: 120  
2026/08/05 14:55:19 - mmengine - INFO - Epoch(val)  [88][100/116]    eta: 0:00:00  time: 0.0306  data_time: 0.0058  memory: 111  
2026/08/05 14:55:19 - mmengine - INFO - Epoch(val)  [88][110/116]    eta: 0:00:00  time: 0.0297  data_time: 0.0057  memory: 111  
2026/08/05 14:55:19 - mmengine - INFO - Evaluating bbox...
2026/08/05 14:55:19 - mmengine - INFO - bbox_mAP_copypaste: 0.615 0.878 0.700 0.150 0.703 0.564
2026/08/05 14:55:19 - mmengine - INFO - Evaluating segm...
2026/08/05 14:55:19 - mmengine - INFO - segm_mAP_copypaste: 0.606 0.866 0.725 0.200 0.723 0.538
2026/08/05 14:55:19 - mmengine - INFO - Epoch(val) [88][116/116]    coco/bbox_mAP: 0.6150  coco/bbox_mAP_50: 0.8780  coco/bbox_mAP_75: 0.7000  coco/bbox_mAP_s: 0.1500  coco/bbox_mAP_m: 0.7030  coco/bbox_mAP_l: 0.5640  coco/segm_mAP: 0.6060  coco/segm_mAP_50: 0.8660  coco/segm_mAP_75: 0.7250  coco/segm_mAP_s: 0.2000  coco/segm_mAP_m: 0.7230  coco/segm_mAP_l: 0.5380  data_time: 0.0058  time: 0.0297
2026/08/05 14:55:24 - mmengine - INFO - Epoch(train)  [89][10/68]  base_lr: 2.2006e-05 lr: 2.2006e-05  eta: 0:06:21  time: 0.4226  data_time: 0.1357  memory: 2113  grad_norm: 9.7548  loss: 0.3298  loss_cls: 0.0697  loss_bbox: 0.1827  loss_mask: 0.0775
2026/08/05 14:55:26 - mmengine - INFO - Exp name: rtmdet_ins_busi_20260805_135702
2026/08/05 14:55:28 - mmengine - INFO - Epoch(train)  [89][20/68]  base_lr: 2.1636e-05 lr: 2.1636e-05  eta: 0:06:16  time: 0.4275  data_time: 0.1393  memory: 2112  grad_norm: 10.1908  loss: 0.3228  loss_cls: 0.0671  loss_bbox: 0.1785  loss_mask: 0.0772
2026/08/05 14:55:32 - mmengine - INFO - Epoch(train)  [89][30/68]  base_lr: 2.1269e-05 lr: 2.1269e-05  eta: 0:06:11  time: 0.4269  data_time: 0.1392  memory: 2112  grad_norm: 9.7951  loss: 0.3204  loss_cls: 0.0683  loss_bbox: 0.1761  loss_mask: 0.0760
2026/08/05 14:55:37 - mmengine - INFO - Epoch(train)  [89][40/68]  base_lr: 2.0906e-05 lr: 2.0906e-05  eta: 0:06:06  time: 0.4278  data_time: 0.1416  memory: 2113  grad_norm: 9.8989  loss: 0.3324  loss_cls: 0.0732  loss_bbox: 0.1801  loss_mask: 0.0791
2026/08/05 14:55:41 - mmengine - INFO - Epoch(train)  [89][50/68]  base_lr: 2.0547e-05 lr: 2.0547e-05  eta: 0:06:02  time: 0.4345  data_time: 0.1442  memory: 2113  grad_norm: 9.6276  loss: 0.3358  loss_cls: 0.0765  loss_bbox: 0.1787  loss_mask: 0.0807
2026/08/05 14:55:45 - mmengine - INFO - Epoch(train)  [89][60/68]  base_lr: 2.0192e-05 lr: 2.0192e-05  eta: 0:05:57  time: 0.4322  data_time: 0.1429  memory: 2112  grad_norm: 9.6864  loss: 0.3243  loss_cls: 0.0728  loss_bbox: 0.1737  loss_mask: 0.0778
2026/08/05 14:55:49 - mmengine - INFO - Exp name: rtmdet_ins_busi_20260805_135702
2026/08/05 14:55:49 - mmengine - INFO - Saving checkpoint at 89 epochs
2026/08/05 14:55:51 - mmengine - INFO - Epoch(val)  [89][ 10/116]    eta: 0:00:03  time: 0.0302  data_time: 0.0062  memory: 2123  
2026/08/05 14:55:51 - mmengine - INFO - Epoch(val)  [89][ 20/116]    eta: 0:00:03  time: 0.0303  data_time: 0.0064  memory: 114  
2026/08/05 14:55:51 - mmengine - INFO - Epoch(val)  [89][ 30/116]    eta: 0:00:02  time: 0.0296  data_time: 0.0060  memory: 111  
2026/08/05 14:55:52 - mmengine - INFO - Epoch(val)  [89][ 40/116]    eta: 0:00:02  time: 0.0298  data_time: 0.0060  memory: 111  
2026/08/05 14:55:52 - mmengine - INFO - Epoch(val)  [89][ 50/116]    eta: 0:00:01  time: 0.0302  data_time: 0.0059  memory: 130  
2026/08/05 14:55:52 - mmengine - INFO - Epoch(val)  [89][ 60/116]    eta: 0:00:01  time: 0.0302  data_time: 0.0061  memory: 111  
2026/08/05 14:55:53 - mmengine - INFO - Epoch(val)  [89][ 70/116]    eta: 0:00:01  time: 0.0301  data_time: 0.0062  memory: 111  
2026/08/05 14:55:53 - mmengine - INFO - Epoch(val)  [89][ 80/116]    eta: 0:00:01  time: 0.0308  data_time: 0.0065  memory: 121  
2026/08/05 14:55:53 - mmengine - INFO - Epoch(val)  [89][ 90/116]    eta: 0:00:00  time: 0.0313  data_time: 0.0069  memory: 120  
2026/08/05 14:55:53 - mmengine - INFO - Epoch(val)  [89][100/116]    eta: 0:00:00  time: 0.0309  data_time: 0.0071  memory: 119  
2026/08/05 14:55:54 - mmengine - INFO - Epoch(val)  [89][110/116]    eta: 0:00:00  time: 0.0302  data_time: 0.0066  memory: 111  
2026/08/05 14:55:54 - mmengine - INFO - Evaluating bbox...
2026/08/05 14:55:54 - mmengine - INFO - bbox_mAP_copypaste: 0.623 0.884 0.703 0.150 0.716 0.571
2026/08/05 14:55:54 - mmengine - INFO - Evaluating segm...
2026/08/05 14:55:54 - mmengine - INFO - segm_mAP_copypaste: 0.606 0.873 0.707 0.200 0.729 0.538
2026/08/05 14:55:54 - mmengine - INFO - Epoch(val) [89][116/116]    coco/bbox_mAP: 0.6230  coco/bbox_mAP_50: 0.8840  coco/bbox_mAP_75: 0.7030  coco/bbox_mAP_s: 0.1500  coco/bbox_mAP_m: 0.7160  coco/bbox_mAP_l: 0.5710  coco/segm_mAP: 0.6060  coco/segm_mAP_50: 0.8730  coco/segm_mAP_75: 0.7070  coco/segm_mAP_s: 0.2000  coco/segm_mAP_m: 0.7290  coco/segm_mAP_l: 0.5380  data_time: 0.0065  time: 0.0302
2026/08/05 14:55:59 - mmengine - INFO - Epoch(train)  [90][10/68]  base_lr: 1.9563e-05 lr: 1.9563e-05  eta: 0:05:48  time: 0.4259  data_time: 0.1380  memory: 2112  grad_norm: 10.0260  loss: 0.3426  loss_cls: 0.0787  loss_bbox: 0.1849  loss_mask: 0.0790
2026/08/05 14:56:03 - mmengine - INFO - Epoch(train)  [90][20/68]  base_lr: 1.9218e-05 lr: 1.9218e-05  eta: 0:05:43  time: 0.4256  data_time: 0.1380  memory: 2102  grad_norm: 10.2065  loss: 0.3386  loss_cls: 0.0794  loss_bbox: 0.1833  loss_mask: 0.0760
2026/08/05 14:56:07 - mmengine - INFO - Epoch(train)  [90][30/68]  base_lr: 1.8878e-05 lr: 1.8878e-05  eta: 0:05:39  time: 0.4221  data_time: 0.1363  memory: 2122  grad_norm: 10.3490  loss: 0.3372  loss_cls: 0.0783  loss_bbox: 0.1840  loss_mask: 0.0749
2026/08/05 14:56:11 - mmengine - INFO - Epoch(train)  [90][40/68]  base_lr: 1.8542e-05 lr: 1.8542e-05  eta: 0:05:34  time: 0.4273  data_time: 0.1406  memory: 2123  grad_norm: 10.0727  loss: 0.3340  loss_cls: 0.0722  loss_bbox: 0.1849  loss_mask: 0.0768
2026/08/05 14:56:16 - mmengine - INFO - Epoch(train)  [90][50/68]  base_lr: 1.8210e-05 lr: 1.8210e-05  eta: 0:05:29  time: 0.4347  data_time: 0.1442  memory: 2113  grad_norm: 9.5543  loss: 0.3217  loss_cls: 0.0669  loss_bbox: 0.1783  loss_mask: 0.0765
2026/08/05 14:56:20 - mmengine - INFO - Epoch(train)  [90][60/68]  base_lr: 1.7881e-05 lr: 1.7881e-05  eta: 0:05:24  time: 0.4306  data_time: 0.1408  memory: 2113  grad_norm: 9.3770  loss: 0.3158  loss_cls: 0.0649  loss_bbox: 0.1754  loss_mask: 0.0755
2026/08/05 14:56:23 - mmengine - INFO - Exp name: rtmdet_ins_busi_20260805_135702
2026/08/05 14:56:23 - mmengine - INFO - Saving checkpoint at 90 epochs
2026/08/05 14:56:26 - mmengine - INFO - Epoch(val)  [90][ 10/116]    eta: 0:00:03  time: 0.0302  data_time: 0.0068  memory: 2112  
2026/08/05 14:56:26 - mmengine - INFO - Epoch(val)  [90][ 20/116]    eta: 0:00:02  time: 0.0298  data_time: 0.0065  memory: 114  
2026/08/05 14:56:26 - mmengine - INFO - Epoch(val)  [90][ 30/116]    eta: 0:00:02  time: 0.0294  data_time: 0.0059  memory: 111  
2026/08/05 14:56:27 - mmengine - INFO - Epoch(val)  [90][ 40/116]    eta: 0:00:02  time: 0.0297  data_time: 0.0059  memory: 111  
2026/08/05 14:56:27 - mmengine - INFO - Epoch(val)  [90][ 50/116]    eta: 0:00:02  time: 0.0305  data_time: 0.0058  memory: 124  
2026/08/05 14:56:27 - mmengine - INFO - Epoch(val)  [90][ 60/116]    eta: 0:00:01  time: 0.0307  data_time: 0.0060  memory: 111  
2026/08/05 14:56:27 - mmengine - INFO - Epoch(val)  [90][ 70/116]    eta: 0:00:01  time: 0.0304  data_time: 0.0061  memory: 111  
2026/08/05 14:56:28 - mmengine - INFO - Epoch(val)  [90][ 80/116]    eta: 0:00:01  time: 0.0308  data_time: 0.0063  memory: 124  
2026/08/05 14:56:28 - mmengine - INFO - Epoch(val)  [90][ 90/116]    eta: 0:00:00  time: 0.0313  data_time: 0.0067  memory: 120  
2026/08/05 14:56:28 - mmengine - INFO - Epoch(val)  [90][100/116]    eta: 0:00:00  time: 0.0309  data_time: 0.0065  memory: 119  
2026/08/05 14:56:29 - mmengine - INFO - Epoch(val)  [90][110/116]    eta: 0:00:00  time: 0.0301  data_time: 0.0063  memory: 111  
2026/08/05 14:56:29 - mmengine - INFO - Evaluating bbox...
2026/08/05 14:56:29 - mmengine - INFO - bbox_mAP_copypaste: 0.623 0.884 0.706 0.150 0.718 0.570
2026/08/05 14:56:29 - mmengine - INFO - Evaluating segm...
2026/08/05 14:56:29 - mmengine - INFO - segm_mAP_copypaste: 0.613 0.874 0.724 0.200 0.725 0.547
2026/08/05 14:56:29 - mmengine - INFO - Epoch(val) [90][116/116]    coco/bbox_mAP: 0.6230  coco/bbox_mAP_50: 0.8840  coco/bbox_mAP_75: 0.7060  coco/bbox_mAP_s: 0.1500  coco/bbox_mAP_m: 0.7180  coco/bbox_mAP_l: 0.5700  coco/segm_mAP: 0.6130  coco/segm_mAP_50: 0.8740  coco/segm_mAP_75: 0.7240  coco/segm_mAP_s: 0.2000  coco/segm_mAP_m: 0.7250  coco/segm_mAP_l: 0.5470  data_time: 0.0062  time: 0.0306
2026/08/05 14:56:33 - mmengine - INFO - Epoch(train)  [91][10/68]  base_lr: 1.7301e-05 lr: 1.7301e-05  eta: 0:05:16  time: 0.4280  data_time: 0.1380  memory: 2112  grad_norm: 9.4786  loss: 0.3125  loss_cls: 0.0621  loss_bbox: 0.1749  loss_mask: 0.0755
2026/08/05 14:56:38 - mmengine - INFO - Epoch(train)  [91][20/68]  base_lr: 1.6984e-05 lr: 1.6984e-05  eta: 0:05:11  time: 0.4245  data_time: 0.1353  memory: 2111  grad_norm: 9.2894  loss: 0.3116  loss_cls: 0.0619  loss_bbox: 0.1751  loss_mask: 0.0746
2026/08/05 14:56:42 - mmengine - INFO - Epoch(train)  [91][30/68]  base_lr: 1.6672e-05 lr: 1.6672e-05  eta: 0:05:06  time: 0.4208  data_time: 0.1330  memory: 2113  grad_norm: 9.3240  loss: 0.3085  loss_cls: 0.0604  loss_bbox: 0.1737  loss_mask: 0.0744
2026/08/05 14:56:46 - mmengine - INFO - Epoch(train)  [91][40/68]  base_lr: 1.6363e-05 lr: 1.6363e-05  eta: 0:05:01  time: 0.4200  data_time: 0.1324  memory: 2113  grad_norm: 9.3163  loss: 0.3121  loss_cls: 0.0607  loss_bbox: 0.1761  loss_mask: 0.0753
2026/08/05 14:56:50 - mmengine - INFO - Epoch(train)  [91][50/68]  base_lr: 1.6059e-05 lr: 1.6059e-05  eta: 0:04:57  time: 0.4249  data_time: 0.1347  memory: 2113  grad_norm: 8.9164  loss: 0.3137  loss_cls: 0.0592  loss_bbox: 0.1784  loss_mask: 0.0761
2026/08/05 14:56:55 - mmengine - INFO - Epoch(train)  [91][60/68]  base_lr: 1.5759e-05 lr: 1.5759e-05  eta: 0:04:52  time: 0.4259  data_time: 0.1364  memory: 2110  grad_norm: 9.1597  loss: 0.3127  loss_cls: 0.0596  loss_bbox: 0.1761  loss_mask: 0.0771
2026/08/05 14:56:58 - mmengine - INFO - Exp name: rtmdet_ins_busi_20260805_135702
2026/08/05 14:56:58 - mmengine - INFO - Saving checkpoint at 91 epochs
2026/08/05 14:57:00 - mmengine - INFO - Epoch(val)  [91][ 10/116]    eta: 0:00:03  time: 0.0310  data_time: 0.0065  memory: 2112  
2026/08/05 14:57:00 - mmengine - INFO - Epoch(val)  [91][ 20/116]    eta: 0:00:02  time: 0.0305  data_time: 0.0065  memory: 114  
2026/08/05 14:57:00 - mmengine - INFO - Epoch(val)  [91][ 30/116]    eta: 0:00:02  time: 0.0298  data_time: 0.0058  memory: 111  
2026/08/05 14:57:01 - mmengine - INFO - Epoch(val)  [91][ 40/116]    eta: 0:00:02  time: 0.0299  data_time: 0.0057  memory: 111  
2026/08/05 14:57:01 - mmengine - INFO - Epoch(val)  [91][ 50/116]    eta: 0:00:01  time: 0.0302  data_time: 0.0057  memory: 130  
2026/08/05 14:57:01 - mmengine - INFO - Epoch(val)  [91][ 60/116]    eta: 0:00:01  time: 0.0299  data_time: 0.0056  memory: 111  
2026/08/05 14:57:02 - mmengine - INFO - Epoch(val)  [91][ 70/116]    eta: 0:00:01  time: 0.0301  data_time: 0.0057  memory: 111  
2026/08/05 14:57:02 - mmengine - INFO - Epoch(val)  [91][ 80/116]    eta: 0:00:01  time: 0.0304  data_time: 0.0059  memory: 124  
2026/08/05 14:57:02 - mmengine - INFO - Epoch(val)  [91][ 90/116]    eta: 0:00:00  time: 0.0310  data_time: 0.0062  memory: 120  
2026/08/05 14:57:03 - mmengine - INFO - Epoch(val)  [91][100/116]    eta: 0:00:00  time: 0.0302  data_time: 0.0059  memory: 119  
2026/08/05 14:57:03 - mmengine - INFO - Epoch(val)  [91][110/116]    eta: 0:00:00  time: 0.0299  data_time: 0.0059  memory: 111  
2026/08/05 14:57:03 - mmengine - INFO - Evaluating bbox...
2026/08/05 14:57:03 - mmengine - INFO - bbox_mAP_copypaste: 0.621 0.878 0.727 0.150 0.710 0.568
2026/08/05 14:57:03 - mmengine - INFO - Evaluating segm...
2026/08/05 14:57:03 - mmengine - INFO - segm_mAP_copypaste: 0.612 0.865 0.709 0.200 0.733 0.544
2026/08/05 14:57:03 - mmengine - INFO - Epoch(val) [91][116/116]    coco/bbox_mAP: 0.6210  coco/bbox_mAP_50: 0.8780  coco/bbox_mAP_75: 0.7270  coco/bbox_mAP_s: 0.1500  coco/bbox_mAP_m: 0.7100  coco/bbox_mAP_l: 0.5680  coco/segm_mAP: 0.6120  coco/segm_mAP_50: 0.8650  coco/segm_mAP_75: 0.7090  coco/segm_mAP_s: 0.2000  coco/segm_mAP_m: 0.7330  coco/segm_mAP_l: 0.5440  data_time: 0.0058  time: 0.0300
2026/08/05 14:57:08 - mmengine - INFO - Epoch(train)  [92][10/68]  base_lr: 1.5230e-05 lr: 1.5230e-05  eta: 0:04:43  time: 0.4221  data_time: 0.1324  memory: 2125  grad_norm: 9.2832  loss: 0.3149  loss_cls: 0.0610  loss_bbox: 0.1770  loss_mask: 0.0768
2026/08/05 14:57:12 - mmengine - INFO - Epoch(train)  [92][20/68]  base_lr: 1.4942e-05 lr: 1.4942e-05  eta: 0:04:39  time: 0.4360  data_time: 0.1426  memory: 2110  grad_norm: 9.6898  loss: 0.3192  loss_cls: 0.0641  loss_bbox: 0.1768  loss_mask: 0.0784
2026/08/05 14:57:17 - mmengine - INFO - Epoch(train)  [92][30/68]  base_lr: 1.4659e-05 lr: 1.4659e-05  eta: 0:04:34  time: 0.4407  data_time: 0.1426  memory: 2113  grad_norm: 10.1381  loss: 0.3170  loss_cls: 0.0635  loss_bbox: 0.1754  loss_mask: 0.0781
2026/08/05 14:57:21 - mmengine - INFO - Epoch(train)  [92][40/68]  base_lr: 1.4379e-05 lr: 1.4379e-05  eta: 0:04:29  time: 0.4407  data_time: 0.1414  memory: 2109  grad_norm: 10.1470  loss: 0.3222  loss_cls: 0.0687  loss_bbox: 0.1757  loss_mask: 0.0777
2026/08/05 14:57:26 - mmengine - INFO - Epoch(train)  [92][50/68]  base_lr: 1.4104e-05 lr: 1.4104e-05  eta: 0:04:24  time: 0.4598  data_time: 0.1533  memory: 2113  grad_norm: 9.9540  loss: 0.3205  loss_cls: 0.0679  loss_bbox: 0.1740  loss_mask: 0.0786
2026/08/05 14:57:30 - mmengine - INFO - Epoch(train)  [92][60/68]  base_lr: 1.3834e-05 lr: 1.3834e-05  eta: 0:04:20  time: 0.4568  data_time: 0.1562  memory: 2111  grad_norm: 10.0566  loss: 0.3269  loss_cls: 0.0719  loss_bbox: 0.1757  loss_mask: 0.0794
2026/08/05 14:57:33 - mmengine - INFO - Exp name: rtmdet_ins_busi_20260805_135702
2026/08/05 14:57:33 - mmengine - INFO - Saving checkpoint at 92 epochs
2026/08/05 14:57:36 - mmengine - INFO - Epoch(val)  [92][ 10/116]    eta: 0:00:03  time: 0.0296  data_time: 0.0063  memory: 2102  
2026/08/05 14:57:36 - mmengine - INFO - Epoch(val)  [92][ 20/116]    eta: 0:00:02  time: 0.0290  data_time: 0.0061  memory: 114  
2026/08/05 14:57:36 - mmengine - INFO - Epoch(val)  [92][ 30/116]    eta: 0:00:02  time: 0.0285  data_time: 0.0061  memory: 111  
2026/08/05 14:57:36 - mmengine - INFO - Epoch(val)  [92][ 40/116]    eta: 0:00:02  time: 0.0278  data_time: 0.0058  memory: 111  
2026/08/05 14:57:37 - mmengine - INFO - Epoch(val)  [92][ 50/116]    eta: 0:00:01  time: 0.0279  data_time: 0.0056  memory: 124  
2026/08/05 14:57:37 - mmengine - INFO - Epoch(val)  [92][ 60/116]    eta: 0:00:01  time: 0.0284  data_time: 0.0061  memory: 111  
2026/08/05 14:57:37 - mmengine - INFO - Epoch(val)  [92][ 70/116]    eta: 0:00:01  time: 0.0285  data_time: 0.0063  memory: 111  
2026/08/05 14:57:38 - mmengine - INFO - Epoch(val)  [92][ 80/116]    eta: 0:00:01  time: 0.0293  data_time: 0.0064  memory: 124  
2026/08/05 14:57:38 - mmengine - INFO - Epoch(val)  [92][ 90/116]    eta: 0:00:00  time: 0.0303  data_time: 0.0069  memory: 120  
2026/08/05 14:57:38 - mmengine - INFO - Epoch(val)  [92][100/116]    eta: 0:00:00  time: 0.0306  data_time: 0.0073  memory: 114  
2026/08/05 14:57:39 - mmengine - INFO - Epoch(val)  [92][110/116]    eta: 0:00:00  time: 0.0296  data_time: 0.0063  memory: 111  
2026/08/05 14:57:39 - mmengine - INFO - Evaluating bbox...
2026/08/05 14:57:39 - mmengine - INFO - bbox_mAP_copypaste: 0.628 0.885 0.680 0.300 0.724 0.573
2026/08/05 14:57:39 - mmengine - INFO - Evaluating segm...
2026/08/05 14:57:39 - mmengine - INFO - segm_mAP_copypaste: 0.611 0.876 0.713 0.400 0.722 0.547
2026/08/05 14:57:39 - mmengine - INFO - Epoch(val) [92][116/116]    coco/bbox_mAP: 0.6280  coco/bbox_mAP_50: 0.8850  coco/bbox_mAP_75: 0.6800  coco/bbox_mAP_s: 0.3000  coco/bbox_mAP_m: 0.7240  coco/bbox_mAP_l: 0.5730  coco/segm_mAP: 0.6110  coco/segm_mAP_50: 0.8760  coco/segm_mAP_75: 0.7130  coco/segm_mAP_s: 0.4000  coco/segm_mAP_m: 0.7220  coco/segm_mAP_l: 0.5470  data_time: 0.0063  time: 0.0289
2026/08/05 14:57:43 - mmengine - INFO - Epoch(train)  [93][10/68]  base_lr: 1.3358e-05 lr: 1.3358e-05  eta: 0:04:11  time: 0.4357  data_time: 0.1461  memory: 2113  grad_norm: 9.8844  loss: 0.3282  loss_cls: 0.0729  loss_bbox: 0.1774  loss_mask: 0.0779
2026/08/05 14:57:47 - mmengine - INFO - Epoch(train)  [93][20/68]  base_lr: 1.3100e-05 lr: 1.3100e-05  eta: 0:04:06  time: 0.4306  data_time: 0.1473  memory: 2112  grad_norm: 9.7307  loss: 0.3359  loss_cls: 0.0731  loss_bbox: 0.1840  loss_mask: 0.0788
2026/08/05 14:57:51 - mmengine - INFO - Epoch(train)  [93][30/68]  base_lr: 1.2847e-05 lr: 1.2847e-05  eta: 0:04:02  time: 0.4158  data_time: 0.1404  memory: 2111  grad_norm: 9.5544  loss: 0.3349  loss_cls: 0.0728  loss_bbox: 0.1840  loss_mask: 0.0781
2026/08/05 14:57:56 - mmengine - INFO - Epoch(train)  [93][40/68]  base_lr: 1.2598e-05 lr: 1.2598e-05  eta: 0:03:57  time: 0.4120  data_time: 0.1361  memory: 2111  grad_norm: 9.2496  loss: 0.3300  loss_cls: 0.0706  loss_bbox: 0.1818  loss_mask: 0.0775
2026/08/05 14:58:00 - mmengine - INFO - Epoch(train)  [93][50/68]  base_lr: 1.2353e-05 lr: 1.2353e-05  eta: 0:03:52  time: 0.4130  data_time: 0.1368  memory: 2113  grad_norm: 8.9561  loss: 0.3264  loss_cls: 0.0683  loss_bbox: 0.1798  loss_mask: 0.0783
2026/08/05 14:58:03 - mmengine - INFO - Epoch(train)  [93][60/68]  base_lr: 1.2113e-05 lr: 1.2113e-05  eta: 0:03:47  time: 0.4054  data_time: 0.1315  memory: 2112  grad_norm: 8.9832  loss: 0.3292  loss_cls: 0.0672  loss_bbox: 0.1833  loss_mask: 0.0786
2026/08/05 14:58:07 - mmengine - INFO - Exp name: rtmdet_ins_busi_20260805_135702
2026/08/05 14:58:07 - mmengine - INFO - Saving checkpoint at 93 epochs
2026/08/05 14:58:09 - mmengine - INFO - Epoch(val)  [93][ 10/116]    eta: 0:00:03  time: 0.0297  data_time: 0.0064  memory: 2124  
2026/08/05 14:58:09 - mmengine - INFO - Epoch(val)  [93][ 20/116]    eta: 0:00:02  time: 0.0289  data_time: 0.0061  memory: 111  
2026/08/05 14:58:09 - mmengine - INFO - Epoch(val)  [93][ 30/116]    eta: 0:00:02  time: 0.0283  data_time: 0.0056  memory: 111  
2026/08/05 14:58:10 - mmengine - INFO - Epoch(val)  [93][ 40/116]    eta: 0:00:02  time: 0.0283  data_time: 0.0052  memory: 111  
2026/08/05 14:58:10 - mmengine - INFO - Epoch(val)  [93][ 50/116]    eta: 0:00:01  time: 0.0287  data_time: 0.0053  memory: 130  
2026/08/05 14:58:10 - mmengine - INFO - Epoch(val)  [93][ 60/116]    eta: 0:00:01  time: 0.0285  data_time: 0.0055  memory: 111  
2026/08/05 14:58:11 - mmengine - INFO - Epoch(val)  [93][ 70/116]    eta: 0:00:01  time: 0.0286  data_time: 0.0057  memory: 111  
2026/08/05 14:58:11 - mmengine - INFO - Epoch(val)  [93][ 80/116]    eta: 0:00:01  time: 0.0288  data_time: 0.0061  memory: 121  
2026/08/05 14:58:11 - mmengine - INFO - Epoch(val)  [93][ 90/116]    eta: 0:00:00  time: 0.0290  data_time: 0.0066  memory: 120  
2026/08/05 14:58:11 - mmengine - INFO - Epoch(val)  [93][100/116]    eta: 0:00:00  time: 0.0287  data_time: 0.0062  memory: 114  
2026/08/05 14:58:12 - mmengine - INFO - Epoch(val)  [93][110/116]    eta: 0:00:00  time: 0.0280  data_time: 0.0058  memory: 111  
2026/08/05 14:58:12 - mmengine - INFO - Evaluating bbox...
2026/08/05 14:58:12 - mmengine - INFO - bbox_mAP_copypaste: 0.617 0.883 0.678 0.300 0.708 0.566
2026/08/05 14:58:12 - mmengine - INFO - Evaluating segm...
2026/08/05 14:58:12 - mmengine - INFO - segm_mAP_copypaste: 0.608 0.869 0.706 0.400 0.726 0.540
2026/08/05 14:58:12 - mmengine - INFO - Epoch(val) [93][116/116]    coco/bbox_mAP: 0.6170  coco/bbox_mAP_50: 0.8830  coco/bbox_mAP_75: 0.6780  coco/bbox_mAP_s: 0.3000  coco/bbox_mAP_m: 0.7080  coco/bbox_mAP_l: 0.5660  coco/segm_mAP: 0.6080  coco/segm_mAP_50: 0.8690  coco/segm_mAP_75: 0.7060  coco/segm_mAP_s: 0.4000  coco/segm_mAP_m: 0.7260  coco/segm_mAP_l: 0.5400  data_time: 0.0057  time: 0.0283
2026/08/05 14:58:16 - mmengine - INFO - Epoch(train)  [94][10/68]  base_lr: 1.1693e-05 lr: 1.1693e-05  eta: 0:03:39  time: 0.4037  data_time: 0.1305  memory: 2114  grad_norm: 8.9406  loss: 0.3180  loss_cls: 0.0633  loss_bbox: 0.1766  loss_mask: 0.0782
2026/08/05 14:58:20 - mmengine - INFO - Epoch(train)  [94][20/68]  base_lr: 1.1465e-05 lr: 1.1465e-05  eta: 0:03:34  time: 0.4043  data_time: 0.1325  memory: 2112  grad_norm: 9.1304  loss: 0.3125  loss_cls: 0.0604  loss_bbox: 0.1743  loss_mask: 0.0778
2026/08/05 14:58:25 - mmengine - INFO - Epoch(train)  [94][30/68]  base_lr: 1.1243e-05 lr: 1.1243e-05  eta: 0:03:29  time: 0.4086  data_time: 0.1350  memory: 2112  grad_norm: 9.7302  loss: 0.3160  loss_cls: 0.0629  loss_bbox: 0.1760  loss_mask: 0.0771
2026/08/05 14:58:29 - mmengine - INFO - Epoch(train)  [94][40/68]  base_lr: 1.1025e-05 lr: 1.1025e-05  eta: 0:03:25  time: 0.4141  data_time: 0.1381  memory: 2114  grad_norm: 9.2235  loss: 0.3070  loss_cls: 0.0591  loss_bbox: 0.1720  loss_mask: 0.0759
2026/08/05 14:58:33 - mmengine - INFO - Epoch(train)  [94][50/68]  base_lr: 1.0812e-05 lr: 1.0812e-05  eta: 0:03:20  time: 0.4184  data_time: 0.1389  memory: 2112  grad_norm: 9.5679  loss: 0.3130  loss_cls: 0.0631  loss_bbox: 0.1730  loss_mask: 0.0769
2026/08/05 14:58:37 - mmengine - INFO - Epoch(train)  [94][60/68]  base_lr: 1.0603e-05 lr: 1.0603e-05  eta: 0:03:15  time: 0.4146  data_time: 0.1359  memory: 2114  grad_norm: 9.3988  loss: 0.3081  loss_cls: 0.0607  loss_bbox: 0.1705  loss_mask: 0.0769
2026/08/05 14:58:40 - mmengine - INFO - Exp name: rtmdet_ins_busi_20260805_135702
2026/08/05 14:58:40 - mmengine - INFO - Saving checkpoint at 94 epochs
2026/08/05 14:58:42 - mmengine - INFO - Epoch(val)  [94][ 10/116]    eta: 0:00:03  time: 0.0287  data_time: 0.0056  memory: 2114  
2026/08/05 14:58:42 - mmengine - INFO - Epoch(val)  [94][ 20/116]    eta: 0:00:02  time: 0.0283  data_time: 0.0056  memory: 111  
2026/08/05 14:58:43 - mmengine - INFO - Epoch(val)  [94][ 30/116]    eta: 0:00:02  time: 0.0280  data_time: 0.0052  memory: 111  
2026/08/05 14:58:43 - mmengine - INFO - Epoch(val)  [94][ 40/116]    eta: 0:00:02  time: 0.0280  data_time: 0.0050  memory: 111  
2026/08/05 14:58:43 - mmengine - INFO - Epoch(val)  [94][ 50/116]    eta: 0:00:01  time: 0.0287  data_time: 0.0052  memory: 124  
2026/08/05 14:58:44 - mmengine - INFO - Epoch(val)  [94][ 60/116]    eta: 0:00:01  time: 0.0280  data_time: 0.0054  memory: 111  
2026/08/05 14:58:44 - mmengine - INFO - Epoch(val)  [94][ 70/116]    eta: 0:00:01  time: 0.0280  data_time: 0.0053  memory: 111  
2026/08/05 14:58:44 - mmengine - INFO - Epoch(val)  [94][ 80/116]    eta: 0:00:01  time: 0.0284  data_time: 0.0057  memory: 121  
2026/08/05 14:58:44 - mmengine - INFO - Epoch(val)  [94][ 90/116]    eta: 0:00:00  time: 0.0286  data_time: 0.0060  memory: 120  
2026/08/05 14:58:45 - mmengine - INFO - Epoch(val)  [94][100/116]    eta: 0:00:00  time: 0.0289  data_time: 0.0061  memory: 114  
2026/08/05 14:58:45 - mmengine - INFO - Epoch(val)  [94][110/116]    eta: 0:00:00  time: 0.0285  data_time: 0.0060  memory: 111  
2026/08/05 14:58:45 - mmengine - INFO - Evaluating bbox...
2026/08/05 14:58:45 - mmengine - INFO - bbox_mAP_copypaste: 0.616 0.883 0.687 0.300 0.708 0.564
2026/08/05 14:58:45 - mmengine - INFO - Evaluating segm...
2026/08/05 14:58:45 - mmengine - INFO - segm_mAP_copypaste: 0.600 0.869 0.688 0.400 0.715 0.534
2026/08/05 14:58:45 - mmengine - INFO - Epoch(val) [94][116/116]    coco/bbox_mAP: 0.6160  coco/bbox_mAP_50: 0.8830  coco/bbox_mAP_75: 0.6870  coco/bbox_mAP_s: 0.3000  coco/bbox_mAP_m: 0.7080  coco/bbox_mAP_l: 0.5640  coco/segm_mAP: 0.6000  coco/segm_mAP_50: 0.8690  coco/segm_mAP_75: 0.6880  coco/segm_mAP_s: 0.4000  coco/segm_mAP_m: 0.7150  coco/segm_mAP_l: 0.5340  data_time: 0.0058  time: 0.0286
2026/08/05 14:58:49 - mmengine - INFO - Epoch(train)  [95][10/68]  base_lr: 1.0240e-05 lr: 1.0240e-05  eta: 0:03:07  time: 0.4068  data_time: 0.1283  memory: 2122  grad_norm: 8.9997  loss: 0.3139  loss_cls: 0.0659  loss_bbox: 0.1712  loss_mask: 0.0767
2026/08/05 14:58:54 - mmengine - INFO - Epoch(train)  [95][20/68]  base_lr: 1.0044e-05 lr: 1.0044e-05  eta: 0:03:02  time: 0.4064  data_time: 0.1291  memory: 2115  grad_norm: 9.1417  loss: 0.3182  loss_cls: 0.0680  loss_bbox: 0.1731  loss_mask: 0.0771
2026/08/05 14:58:58 - mmengine - INFO - Epoch(train)  [95][30/68]  base_lr: 9.8537e-06 lr: 9.8537e-06  eta: 0:02:57  time: 0.4069  data_time: 0.1317  memory: 2112  grad_norm: 9.2355  loss: 0.3129  loss_cls: 0.0661  loss_bbox: 0.1714  loss_mask: 0.0755
2026/08/05 14:59:02 - mmengine - INFO - Epoch(train)  [95][40/68]  base_lr: 9.6679e-06 lr: 9.6679e-06  eta: 0:02:52  time: 0.4063  data_time: 0.1314  memory: 2111  grad_norm: 8.9741  loss: 0.3114  loss_cls: 0.0656  loss_bbox: 0.1714  loss_mask: 0.0744
2026/08/05 14:59:06 - mmengine - INFO - Epoch(train)  [95][50/68]  base_lr: 9.4868e-06 lr: 9.4868e-06  eta: 0:02:48  time: 0.4128  data_time: 0.1363  memory: 2119  grad_norm: 8.8599  loss: 0.3086  loss_cls: 0.0623  loss_bbox: 0.1722  loss_mask: 0.0741
2026/08/05 14:59:10 - mmengine - INFO - Epoch(train)  [95][60/68]  base_lr: 9.3106e-06 lr: 9.3106e-06  eta: 0:02:43  time: 0.4102  data_time: 0.1359  memory: 2115  grad_norm: 9.1761  loss: 0.3188  loss_cls: 0.0709  loss_bbox: 0.1730  loss_mask: 0.0749
2026/08/05 14:59:13 - mmengine - INFO - Exp name: rtmdet_ins_busi_20260805_135702
2026/08/05 14:59:13 - mmengine - INFO - Saving checkpoint at 95 epochs
2026/08/05 14:59:15 - mmengine - INFO - Epoch(val)  [95][ 10/116]    eta: 0:00:03  time: 0.0293  data_time: 0.0064  memory: 2122  
2026/08/05 14:59:15 - mmengine - INFO - Epoch(val)  [95][ 20/116]    eta: 0:00:02  time: 0.0294  data_time: 0.0065  memory: 111  
2026/08/05 14:59:16 - mmengine - INFO - Epoch(val)  [95][ 30/116]    eta: 0:00:02  time: 0.0290  data_time: 0.0060  memory: 111  
2026/08/05 14:59:16 - mmengine - INFO - Epoch(val)  [95][ 40/116]    eta: 0:00:02  time: 0.0291  data_time: 0.0055  memory: 111  
2026/08/05 14:59:16 - mmengine - INFO - Epoch(val)  [95][ 50/116]    eta: 0:00:01  time: 0.0298  data_time: 0.0056  memory: 124  
2026/08/05 14:59:17 - mmengine - INFO - Epoch(val)  [95][ 60/116]    eta: 0:00:01  time: 0.0290  data_time: 0.0057  memory: 111  
2026/08/05 14:59:17 - mmengine - INFO - Epoch(val)  [95][ 70/116]    eta: 0:00:01  time: 0.0289  data_time: 0.0055  memory: 111  
2026/08/05 14:59:17 - mmengine - INFO - Epoch(val)  [95][ 80/116]    eta: 0:00:01  time: 0.0288  data_time: 0.0057  memory: 121  
2026/08/05 14:59:17 - mmengine - INFO - Epoch(val)  [95][ 90/116]    eta: 0:00:00  time: 0.0294  data_time: 0.0064  memory: 120  
2026/08/05 14:59:18 - mmengine - INFO - Epoch(val)  [95][100/116]    eta: 0:00:00  time: 0.0284  data_time: 0.0062  memory: 119  
2026/08/05 14:59:18 - mmengine - INFO - Epoch(val)  [95][110/116]    eta: 0:00:00  time: 0.0282  data_time: 0.0059  memory: 111  
2026/08/05 14:59:18 - mmengine - INFO - Evaluating bbox...
2026/08/05 14:59:18 - mmengine - INFO - bbox_mAP_copypaste: 0.617 0.883 0.700 0.300 0.706 0.568
2026/08/05 14:59:18 - mmengine - INFO - Evaluating segm...
2026/08/05 14:59:18 - mmengine - INFO - segm_mAP_copypaste: 0.607 0.869 0.705 0.400 0.726 0.539
2026/08/05 14:59:18 - mmengine - INFO - Epoch(val) [95][116/116]    coco/bbox_mAP: 0.6170  coco/bbox_mAP_50: 0.8830  coco/bbox_mAP_75: 0.7000  coco/bbox_mAP_s: 0.3000  coco/bbox_mAP_m: 0.7060  coco/bbox_mAP_l: 0.5680  coco/segm_mAP: 0.6070  coco/segm_mAP_50: 0.8690  coco/segm_mAP_75: 0.7050  coco/segm_mAP_s: 0.4000  coco/segm_mAP_m: 0.7260  coco/segm_mAP_l: 0.5390  data_time: 0.0059  time: 0.0289
2026/08/05 14:59:23 - mmengine - INFO - Epoch(train)  [96][10/68]  base_lr: 9.0054e-06 lr: 9.0054e-06  eta: 0:02:34  time: 0.4030  data_time: 0.1324  memory: 2111  grad_norm: 9.6980  loss: 0.3254  loss_cls: 0.0748  loss_bbox: 0.1745  loss_mask: 0.0762
2026/08/05 14:59:26 - mmengine - INFO - Epoch(train)  [96][20/68]  base_lr: 8.8426e-06 lr: 8.8426e-06  eta: 0:02:30  time: 0.4009  data_time: 0.1310  memory: 2123  grad_norm: 9.9847  loss: 0.3298  loss_cls: 0.0750  loss_bbox: 0.1774  loss_mask: 0.0774
2026/08/05 14:59:31 - mmengine - INFO - Epoch(train)  [96][30/68]  base_lr: 8.6847e-06 lr: 8.6847e-06  eta: 0:02:25  time: 0.4019  data_time: 0.1296  memory: 2114  grad_norm: 10.2170  loss: 0.3352  loss_cls: 0.0751  loss_bbox: 0.1816  loss_mask: 0.0785
2026/08/05 14:59:35 - mmengine - INFO - Epoch(train)  [96][40/68]  base_lr: 8.5316e-06 lr: 8.5316e-06  eta: 0:02:20  time: 0.4051  data_time: 0.1314  memory: 2113  grad_norm: 10.1466  loss: 0.3278  loss_cls: 0.0697  loss_bbox: 0.1800  loss_mask: 0.0781
2026/08/05 14:59:39 - mmengine - INFO - Epoch(train)  [96][50/68]  base_lr: 8.3835e-06 lr: 8.3835e-06  eta: 0:02:15  time: 0.4107  data_time: 0.1334  memory: 2113  grad_norm: 9.7367  loss: 0.3168  loss_cls: 0.0660  loss_bbox: 0.1752  loss_mask: 0.0756
2026/08/05 14:59:43 - mmengine - INFO - Epoch(train)  [96][60/68]  base_lr: 8.2402e-06 lr: 8.2402e-06  eta: 0:02:11  time: 0.4098  data_time: 0.1338  memory: 2112  grad_norm: 9.4793  loss: 0.3179  loss_cls: 0.0662  loss_bbox: 0.1755  loss_mask: 0.0762
2026/08/05 14:59:46 - mmengine - INFO - Exp name: rtmdet_ins_busi_20260805_135702
2026/08/05 14:59:46 - mmengine - INFO - Saving checkpoint at 96 epochs
2026/08/05 14:59:48 - mmengine - INFO - Epoch(val)  [96][ 10/116]    eta: 0:00:03  time: 0.0290  data_time: 0.0065  memory: 2112  
2026/08/05 14:59:49 - mmengine - INFO - Epoch(val)  [96][ 20/116]    eta: 0:00:02  time: 0.0284  data_time: 0.0061  memory: 112  
2026/08/05 14:59:49 - mmengine - INFO - Epoch(val)  [96][ 30/116]    eta: 0:00:02  time: 0.0285  data_time: 0.0058  memory: 113  
2026/08/05 14:59:49 - mmengine - INFO - Epoch(val)  [96][ 40/116]    eta: 0:00:02  time: 0.0287  data_time: 0.0054  memory: 111  
2026/08/05 14:59:49 - mmengine - INFO - Epoch(val)  [96][ 50/116]    eta: 0:00:01  time: 0.0290  data_time: 0.0057  memory: 130  
2026/08/05 14:59:50 - mmengine - INFO - Epoch(val)  [96][ 60/116]    eta: 0:00:01  time: 0.0280  data_time: 0.0058  memory: 111  
2026/08/05 14:59:50 - mmengine - INFO - Epoch(val)  [96][ 70/116]    eta: 0:00:01  time: 0.0282  data_time: 0.0060  memory: 111  
2026/08/05 14:59:50 - mmengine - INFO - Epoch(val)  [96][ 80/116]    eta: 0:00:01  time: 0.0286  data_time: 0.0064  memory: 121  
2026/08/05 14:59:51 - mmengine - INFO - Epoch(val)  [96][ 90/116]    eta: 0:00:00  time: 0.0291  data_time: 0.0065  memory: 127  
2026/08/05 14:59:51 - mmengine - INFO - Epoch(val)  [96][100/116]    eta: 0:00:00  time: 0.0284  data_time: 0.0062  memory: 114  
2026/08/05 14:59:51 - mmengine - INFO - Epoch(val)  [96][110/116]    eta: 0:00:00  time: 0.0283  data_time: 0.0059  memory: 111  
2026/08/05 14:59:51 - mmengine - INFO - Evaluating bbox...
2026/08/05 14:59:51 - mmengine - INFO - bbox_mAP_copypaste: 0.618 0.880 0.719 0.150 0.697 0.571
2026/08/05 14:59:51 - mmengine - INFO - Evaluating segm...
2026/08/05 14:59:51 - mmengine - INFO - segm_mAP_copypaste: 0.606 0.867 0.719 0.200 0.726 0.539
2026/08/05 14:59:51 - mmengine - INFO - Epoch(val) [96][116/116]    coco/bbox_mAP: 0.6180  coco/bbox_mAP_50: 0.8800  coco/bbox_mAP_75: 0.7190  coco/bbox_mAP_s: 0.1500  coco/bbox_mAP_m: 0.6970  coco/bbox_mAP_l: 0.5710  coco/segm_mAP: 0.6060  coco/segm_mAP_50: 0.8670  coco/segm_mAP_75: 0.7190  coco/segm_mAP_s: 0.2000  coco/segm_mAP_m: 0.7260  coco/segm_mAP_l: 0.5390  data_time: 0.0059  time: 0.0285
2026/08/05 14:59:56 - mmengine - INFO - Epoch(train)  [97][10/68]  base_lr: 7.9946e-06 lr: 7.9946e-06  eta: 0:02:02  time: 0.4081  data_time: 0.1339  memory: 2114  grad_norm: 9.1286  loss: 0.3116  loss_cls: 0.0654  loss_bbox: 0.1696  loss_mask: 0.0766
2026/08/05 15:00:00 - mmengine - INFO - Epoch(train)  [97][20/68]  base_lr: 7.8650e-06 lr: 7.8650e-06  eta: 0:01:58  time: 0.4038  data_time: 0.1316  memory: 2113  grad_norm: 9.1649  loss: 0.3175  loss_cls: 0.0677  loss_bbox: 0.1716  loss_mask: 0.0783
2026/08/05 15:00:04 - mmengine - INFO - Epoch(train)  [97][30/68]  base_lr: 7.7404e-06 lr: 7.7404e-06  eta: 0:01:53  time: 0.4034  data_time: 0.1317  memory: 2124  grad_norm: 9.1062  loss: 0.3100  loss_cls: 0.0650  loss_bbox: 0.1672  loss_mask: 0.0778
2026/08/05 15:00:08 - mmengine - INFO - Epoch(train)  [97][40/68]  base_lr: 7.6207e-06 lr: 7.6207e-06  eta: 0:01:48  time: 0.4006  data_time: 0.1291  memory: 2113  grad_norm: 9.2541  loss: 0.2990  loss_cls: 0.0613  loss_bbox: 0.1634  loss_mask: 0.0743
2026/08/05 15:00:12 - mmengine - INFO - Epoch(train)  [97][50/68]  base_lr: 7.5060e-06 lr: 7.5060e-06  eta: 0:01:43  time: 0.4088  data_time: 0.1353  memory: 2123  grad_norm: 9.2984  loss: 0.3035  loss_cls: 0.0622  loss_bbox: 0.1669  loss_mask: 0.0745
2026/08/05 15:00:16 - mmengine - INFO - Epoch(train)  [97][60/68]  base_lr: 7.3962e-06 lr: 7.3962e-06  eta: 0:01:39  time: 0.4082  data_time: 0.1359  memory: 2112  grad_norm: 9.5876  loss: 0.2982  loss_cls: 0.0605  loss_bbox: 0.1647  loss_mask: 0.0730
2026/08/05 15:00:19 - mmengine - INFO - Exp name: rtmdet_ins_busi_20260805_135702
2026/08/05 15:00:19 - mmengine - INFO - Saving checkpoint at 97 epochs
2026/08/05 15:00:21 - mmengine - INFO - Epoch(val)  [97][ 10/116]    eta: 0:00:03  time: 0.0293  data_time: 0.0058  memory: 2123  
2026/08/05 15:00:22 - mmengine - INFO - Epoch(val)  [97][ 20/116]    eta: 0:00:03  time: 0.0293  data_time: 0.0062  memory: 111  
2026/08/05 15:00:22 - mmengine - INFO - Epoch(val)  [97][ 30/116]    eta: 0:00:02  time: 0.0295  data_time: 0.0061  memory: 111  
2026/08/05 15:00:22 - mmengine - INFO - Epoch(val)  [97][ 40/116]    eta: 0:00:02  time: 0.0296  data_time: 0.0059  memory: 111  
2026/08/05 15:00:22 - mmengine - INFO - Epoch(val)  [97][ 50/116]    eta: 0:00:01  time: 0.0298  data_time: 0.0058  memory: 130  
2026/08/05 15:00:23 - mmengine - INFO - Epoch(val)  [97][ 60/116]    eta: 0:00:01  time: 0.0293  data_time: 0.0062  memory: 111  
2026/08/05 15:00:23 - mmengine - INFO - Epoch(val)  [97][ 70/116]    eta: 0:00:01  time: 0.0288  data_time: 0.0061  memory: 111  
2026/08/05 15:00:23 - mmengine - INFO - Epoch(val)  [97][ 80/116]    eta: 0:00:01  time: 0.0290  data_time: 0.0063  memory: 121  
2026/08/05 15:00:24 - mmengine - INFO - Epoch(val)  [97][ 90/116]    eta: 0:00:00  time: 0.0294  data_time: 0.0070  memory: 127  
2026/08/05 15:00:24 - mmengine - INFO - Epoch(val)  [97][100/116]    eta: 0:00:00  time: 0.0292  data_time: 0.0069  memory: 114  
2026/08/05 15:00:24 - mmengine - INFO - Epoch(val)  [97][110/116]    eta: 0:00:00  time: 0.0282  data_time: 0.0061  memory: 111  
2026/08/05 15:00:24 - mmengine - INFO - Evaluating bbox...
2026/08/05 15:00:24 - mmengine - INFO - bbox_mAP_copypaste: 0.620 0.882 0.713 0.150 0.706 0.570
2026/08/05 15:00:24 - mmengine - INFO - Evaluating segm...
2026/08/05 15:00:24 - mmengine - INFO - segm_mAP_copypaste: 0.609 0.869 0.705 0.200 0.724 0.543
2026/08/05 15:00:24 - mmengine - INFO - Epoch(val) [97][116/116]    coco/bbox_mAP: 0.6200  coco/bbox_mAP_50: 0.8820  coco/bbox_mAP_75: 0.7130  coco/bbox_mAP_s: 0.1500  coco/bbox_mAP_m: 0.7060  coco/bbox_mAP_l: 0.5700  coco/segm_mAP: 0.6090  coco/segm_mAP_50: 0.8690  coco/segm_mAP_75: 0.7050  coco/segm_mAP_s: 0.2000  coco/segm_mAP_m: 0.7240  coco/segm_mAP_l: 0.5430  data_time: 0.0061  time: 0.0292
2026/08/05 15:00:29 - mmengine - INFO - Epoch(train)  [98][10/68]  base_lr: 7.2112e-06 lr: 7.2112e-06  eta: 0:01:30  time: 0.4092  data_time: 0.1358  memory: 2115  grad_norm: 9.4729  loss: 0.2953  loss_cls: 0.0636  loss_bbox: 0.1603  loss_mask: 0.0713
2026/08/05 15:00:33 - mmengine - INFO - Epoch(train)  [98][20/68]  base_lr: 7.1154e-06 lr: 7.1154e-06  eta: 0:01:26  time: 0.4079  data_time: 0.1327  memory: 2114  grad_norm: 9.3041  loss: 0.3025  loss_cls: 0.0676  loss_bbox: 0.1628  loss_mask: 0.0721
2026/08/05 15:00:37 - mmengine - INFO - Epoch(train)  [98][30/68]  base_lr: 7.0245e-06 lr: 7.0245e-06  eta: 0:01:21  time: 0.4106  data_time: 0.1339  memory: 2114  grad_norm: 9.3652  loss: 0.3073  loss_cls: 0.0683  loss_bbox: 0.1652  loss_mask: 0.0737
2026/08/05 15:00:41 - mmengine - INFO - Epoch(train)  [98][40/68]  base_lr: 6.9387e-06 lr: 6.9387e-06  eta: 0:01:16  time: 0.4106  data_time: 0.1329  memory: 2113  grad_norm: 9.2783  loss: 0.3104  loss_cls: 0.0677  loss_bbox: 0.1677  loss_mask: 0.0749
2026/08/05 15:00:45 - mmengine - INFO - Epoch(train)  [98][50/68]  base_lr: 6.8579e-06 lr: 6.8579e-06  eta: 0:01:12  time: 0.4157  data_time: 0.1363  memory: 2102  grad_norm: 9.3123  loss: 0.3187  loss_cls: 0.0679  loss_bbox: 0.1739  loss_mask: 0.0769
2026/08/05 15:00:49 - mmengine - INFO - Epoch(train)  [98][60/68]  base_lr: 6.7821e-06 lr: 6.7821e-06  eta: 0:01:07  time: 0.4098  data_time: 0.1328  memory: 2103  grad_norm: 9.4420  loss: 0.3115  loss_cls: 0.0661  loss_bbox: 0.1695  loss_mask: 0.0758
2026/08/05 15:00:52 - mmengine - INFO - Exp name: rtmdet_ins_busi_20260805_135702
2026/08/05 15:00:52 - mmengine - INFO - Saving checkpoint at 98 epochs
2026/08/05 15:00:55 - mmengine - INFO - Epoch(val)  [98][ 10/116]    eta: 0:00:03  time: 0.0288  data_time: 0.0060  memory: 2112  
2026/08/05 15:00:55 - mmengine - INFO - Epoch(val)  [98][ 20/116]    eta: 0:00:02  time: 0.0282  data_time: 0.0053  memory: 111  
2026/08/05 15:00:55 - mmengine - INFO - Epoch(val)  [98][ 30/116]    eta: 0:00:02  time: 0.0279  data_time: 0.0052  memory: 111  
2026/08/05 15:00:55 - mmengine - INFO - Epoch(val)  [98][ 40/116]    eta: 0:00:02  time: 0.0281  data_time: 0.0050  memory: 111  
2026/08/05 15:00:56 - mmengine - INFO - Epoch(val)  [98][ 50/116]    eta: 0:00:01  time: 0.0282  data_time: 0.0056  memory: 130  
2026/08/05 15:00:56 - mmengine - INFO - Epoch(val)  [98][ 60/116]    eta: 0:00:01  time: 0.0280  data_time: 0.0058  memory: 111  
2026/08/05 15:00:56 - mmengine - INFO - Epoch(val)  [98][ 70/116]    eta: 0:00:01  time: 0.0282  data_time: 0.0061  memory: 111  
2026/08/05 15:00:57 - mmengine - INFO - Epoch(val)  [98][ 80/116]    eta: 0:00:01  time: 0.0290  data_time: 0.0062  memory: 121  
2026/08/05 15:00:57 - mmengine - INFO - Epoch(val)  [98][ 90/116]    eta: 0:00:00  time: 0.0296  data_time: 0.0067  memory: 123  
2026/08/05 15:00:57 - mmengine - INFO - Epoch(val)  [98][100/116]    eta: 0:00:00  time: 0.0295  data_time: 0.0063  memory: 114  
2026/08/05 15:00:58 - mmengine - INFO - Epoch(val)  [98][110/116]    eta: 0:00:00  time: 0.0288  data_time: 0.0063  memory: 111  
2026/08/05 15:00:58 - mmengine - INFO - Evaluating bbox...
2026/08/05 15:00:58 - mmengine - INFO - bbox_mAP_copypaste: 0.619 0.881 0.726 0.150 0.708 0.568
2026/08/05 15:00:58 - mmengine - INFO - Evaluating segm...
2026/08/05 15:00:58 - mmengine - INFO - segm_mAP_copypaste: 0.609 0.868 0.703 0.200 0.726 0.544
2026/08/05 15:00:58 - mmengine - INFO - Epoch(val) [98][116/116]    coco/bbox_mAP: 0.6190  coco/bbox_mAP_50: 0.8810  coco/bbox_mAP_75: 0.7260  coco/bbox_mAP_s: 0.1500  coco/bbox_mAP_m: 0.7080  coco/bbox_mAP_l: 0.5680  coco/segm_mAP: 0.6090  coco/segm_mAP_50: 0.8680  coco/segm_mAP_75: 0.7030  coco/segm_mAP_s: 0.2000  coco/segm_mAP_m: 0.7260  coco/segm_mAP_l: 0.5440  data_time: 0.0060  time: 0.0284
2026/08/05 15:01:02 - mmengine - INFO - Epoch(train)  [99][10/68]  base_lr: 6.6583e-06 lr: 6.6583e-06  eta: 0:00:58  time: 0.4116  data_time: 0.1369  memory: 2111  grad_norm: 9.7574  loss: 0.3086  loss_cls: 0.0655  loss_bbox: 0.1666  loss_mask: 0.0766
2026/08/05 15:01:06 - mmengine - INFO - Epoch(train)  [99][20/68]  base_lr: 6.5966e-06 lr: 6.5966e-06  eta: 0:00:54  time: 0.4123  data_time: 0.1382  memory: 2123  grad_norm: 9.7894  loss: 0.3074  loss_cls: 0.0652  loss_bbox: 0.1671  loss_mask: 0.0751
2026/08/05 15:01:10 - mmengine - INFO - Epoch(train)  [99][30/68]  base_lr: 6.5400e-06 lr: 6.5400e-06  eta: 0:00:49  time: 0.4131  data_time: 0.1383  memory: 2112  grad_norm: 9.5763  loss: 0.3047  loss_cls: 0.0625  loss_bbox: 0.1671  loss_mask: 0.0750
2026/08/05 15:01:15 - mmengine - INFO - Epoch(train)  [99][40/68]  base_lr: 6.4883e-06 lr: 6.4883e-06  eta: 0:00:44  time: 0.4159  data_time: 0.1424  memory: 2112  grad_norm: 9.6599  loss: 0.3086  loss_cls: 0.0627  loss_bbox: 0.1718  loss_mask: 0.0740
2026/08/05 15:01:19 - mmengine - INFO - Epoch(train)  [99][50/68]  base_lr: 6.4417e-06 lr: 6.4417e-06  eta: 0:00:40  time: 0.4155  data_time: 0.1406  memory: 2112  grad_norm: 9.8382  loss: 0.3124  loss_cls: 0.0654  loss_bbox: 0.1720  loss_mask: 0.0750
2026/08/05 15:01:23 - mmengine - INFO - Epoch(train)  [99][60/68]  base_lr: 6.4002e-06 lr: 6.4002e-06  eta: 0:00:35  time: 0.4184  data_time: 0.1444  memory: 2112  grad_norm: 9.9577  loss: 0.3124  loss_cls: 0.0629  loss_bbox: 0.1742  loss_mask: 0.0753
2026/08/05 15:01:26 - mmengine - INFO - Exp name: rtmdet_ins_busi_20260805_135702
2026/08/05 15:01:26 - mmengine - INFO - Saving checkpoint at 99 epochs
2026/08/05 15:01:28 - mmengine - INFO - Epoch(val)  [99][ 10/116]    eta: 0:00:03  time: 0.0294  data_time: 0.0063  memory: 2127  
2026/08/05 15:01:29 - mmengine - INFO - Epoch(val)  [99][ 20/116]    eta: 0:00:02  time: 0.0281  data_time: 0.0062  memory: 111  
2026/08/05 15:01:29 - mmengine - INFO - Epoch(val)  [99][ 30/116]    eta: 0:00:02  time: 0.0278  data_time: 0.0061  memory: 111  
2026/08/05 15:01:29 - mmengine - INFO - Epoch(val)  [99][ 40/116]    eta: 0:00:02  time: 0.0282  data_time: 0.0059  memory: 111  
2026/08/05 15:01:29 - mmengine - INFO - Epoch(val)  [99][ 50/116]    eta: 0:00:01  time: 0.0289  data_time: 0.0058  memory: 130  
2026/08/05 15:01:30 - mmengine - INFO - Epoch(val)  [99][ 60/116]    eta: 0:00:01  time: 0.0289  data_time: 0.0063  memory: 111  
2026/08/05 15:01:30 - mmengine - INFO - Epoch(val)  [99][ 70/116]    eta: 0:00:01  time: 0.0293  data_time: 0.0063  memory: 111  
2026/08/05 15:01:30 - mmengine - INFO - Epoch(val)  [99][ 80/116]    eta: 0:00:01  time: 0.0296  data_time: 0.0066  memory: 121  
2026/08/05 15:01:31 - mmengine - INFO - Epoch(val)  [99][ 90/116]    eta: 0:00:00  time: 0.0296  data_time: 0.0068  memory: 120  
2026/08/05 15:01:31 - mmengine - INFO - Epoch(val)  [99][100/116]    eta: 0:00:00  time: 0.0294  data_time: 0.0067  memory: 119  
2026/08/05 15:01:31 - mmengine - INFO - Epoch(val)  [99][110/116]    eta: 0:00:00  time: 0.0287  data_time: 0.0062  memory: 111  
2026/08/05 15:01:31 - mmengine - INFO - Evaluating bbox...
2026/08/05 15:01:31 - mmengine - INFO - bbox_mAP_copypaste: 0.620 0.881 0.713 0.150 0.712 0.566
2026/08/05 15:01:31 - mmengine - INFO - Evaluating segm...
2026/08/05 15:01:32 - mmengine - INFO - segm_mAP_copypaste: 0.610 0.867 0.705 0.200 0.727 0.545
2026/08/05 15:01:32 - mmengine - INFO - Epoch(val) [99][116/116]    coco/bbox_mAP: 0.6200  coco/bbox_mAP_50: 0.8810  coco/bbox_mAP_75: 0.7130  coco/bbox_mAP_s: 0.1500  coco/bbox_mAP_m: 0.7120  coco/bbox_mAP_l: 0.5660  coco/segm_mAP: 0.6100  coco/segm_mAP_50: 0.8670  coco/segm_mAP_75: 0.7050  coco/segm_mAP_s: 0.2000  coco/segm_mAP_m: 0.7270  coco/segm_mAP_l: 0.5450  data_time: 0.0063  time: 0.0291
2026/08/05 15:01:36 - mmengine - INFO - Epoch(train) [100][10/68]  base_lr: 6.3382e-06 lr: 6.3382e-06  eta: 0:00:27  time: 0.4134  data_time: 0.1403  memory: 2121  grad_norm: 10.0508  loss: 0.3129  loss_cls: 0.0616  loss_bbox: 0.1747  loss_mask: 0.0765
2026/08/05 15:01:40 - mmengine - INFO - Epoch(train) [100][20/68]  base_lr: 6.3108e-06 lr: 6.3108e-06  eta: 0:00:22  time: 0.4193  data_time: 0.1445  memory: 2112  grad_norm: 10.1389  loss: 0.3141  loss_cls: 0.0612  loss_bbox: 0.1764  loss_mask: 0.0765
2026/08/05 15:01:44 - mmengine - INFO - Epoch(train) [100][30/68]  base_lr: 6.2885e-06 lr: 6.2885e-06  eta: 0:00:17  time: 0.4217  data_time: 0.1439  memory: 2112  grad_norm: 9.9356  loss: 0.3141  loss_cls: 0.0596  loss_bbox: 0.1772  loss_mask: 0.0772
2026/08/05 15:01:49 - mmengine - INFO - Epoch(train) [100][40/68]  base_lr: 6.2713e-06 lr: 6.2713e-06  eta: 0:00:13  time: 0.4247  data_time: 0.1472  memory: 2123  grad_norm: 9.6084  loss: 0.3155  loss_cls: 0.0595  loss_bbox: 0.1789  loss_mask: 0.0771
2026/08/05 15:01:53 - mmengine - INFO - Epoch(train) [100][50/68]  base_lr: 6.2591e-06 lr: 6.2591e-06  eta: 0:00:08  time: 0.4297  data_time: 0.1513  memory: 2102  grad_norm: 9.6507  loss: 0.3213  loss_cls: 0.0652  loss_bbox: 0.1804  loss_mask: 0.0757
2026/08/05 15:01:57 - mmengine - INFO - Epoch(train) [100][60/68]  base_lr: 6.2521e-06 lr: 6.2521e-06  eta: 0:00:03  time: 0.4263  data_time: 0.1506  memory: 2112  grad_norm: 9.7205  loss: 0.3255  loss_cls: 0.0676  loss_bbox: 0.1814  loss_mask: 0.0765
2026/08/05 15:02:00 - mmengine - INFO - Exp name: rtmdet_ins_busi_20260805_135702
2026/08/05 15:02:00 - mmengine - INFO - Saving checkpoint at 100 epochs
2026/08/05 15:02:03 - mmengine - INFO - Epoch(val) [100][ 10/116]    eta: 0:00:03  time: 0.0301  data_time: 0.0067  memory: 2103  
2026/08/05 15:02:03 - mmengine - INFO - Epoch(val) [100][ 20/116]    eta: 0:00:02  time: 0.0297  data_time: 0.0065  memory: 111  
2026/08/05 15:02:03 - mmengine - INFO - Epoch(val) [100][ 30/116]    eta: 0:00:02  time: 0.0291  data_time: 0.0062  memory: 111  
2026/08/05 15:02:04 - mmengine - INFO - Epoch(val) [100][ 40/116]    eta: 0:00:02  time: 0.0286  data_time: 0.0063  memory: 111  
2026/08/05 15:02:04 - mmengine - INFO - Epoch(val) [100][ 50/116]    eta: 0:00:01  time: 0.0292  data_time: 0.0065  memory: 130  
2026/08/05 15:02:04 - mmengine - INFO - Epoch(val) [100][ 60/116]    eta: 0:00:01  time: 0.0282  data_time: 0.0058  memory: 111  
2026/08/05 15:02:04 - mmengine - INFO - Epoch(val) [100][ 70/116]    eta: 0:00:01  time: 0.0283  data_time: 0.0060  memory: 111  
2026/08/05 15:02:05 - mmengine - INFO - Epoch(val) [100][ 80/116]    eta: 0:00:01  time: 0.0291  data_time: 0.0060  memory: 121  
2026/08/05 15:02:05 - mmengine - INFO - Epoch(val) [100][ 90/116]    eta: 0:00:00  time: 0.0299  data_time: 0.0059  memory: 120  
2026/08/05 15:02:05 - mmengine - INFO - Epoch(val) [100][100/116]    eta: 0:00:00  time: 0.0292  data_time: 0.0057  memory: 114  
2026/08/05 15:02:06 - mmengine - INFO - Epoch(val) [100][110/116]    eta: 0:00:00  time: 0.0287  data_time: 0.0054  memory: 111  
2026/08/05 15:02:06 - mmengine - INFO - Evaluating bbox...
2026/08/05 15:02:06 - mmengine - INFO - bbox_mAP_copypaste: 0.622 0.877 0.705 0.150 0.716 0.570
2026/08/05 15:02:06 - mmengine - INFO - Evaluating segm...
2026/08/05 15:02:06 - mmengine - INFO - segm_mAP_copypaste: 0.610 0.864 0.703 0.200 0.726 0.544
2026/08/05 15:02:06 - mmengine - INFO - Epoch(val) [100][116/116]    coco/bbox_mAP: 0.6220  coco/bbox_mAP_50: 0.8770  coco/bbox_mAP_75: 0.7050  coco/bbox_mAP_s: 0.1500  coco/bbox_mAP_m: 0.7160  coco/bbox_mAP_l: 0.5700  coco/segm_mAP: 0.6100  coco/segm_mAP_50: 0.8640  coco/segm_mAP_75: 0.7030  coco/segm_mAP_s: 0.2000  coco/segm_mAP_m: 0.7260  coco/segm_mAP_l: 0.5440  data_time: 0.0060  time: 0.0290
