2026/08/05 12:44:09 - mmengine - INFO - 
------------------------------------------------------------
System environment:
    sys.platform: win32
    Python: 3.10.0 (tags/v3.10.0:b494f59, Oct  4 2021, 19:00:18) [MSC v.1929 64 bit (AMD64)]
    CUDA available: True
    MUSA available: False
    numpy_random_seed: 42
    GPU 0: NVIDIA GeForce RTX 2060
    CUDA_HOME: C:\Program Files\NVIDIA GPU Computing Toolkit\CUDA\v12.8
    NVCC: Cuda compilation tools, release 12.8, V12.8.93
    GCC: n/a
    PyTorch: 2.6.0+cu124
    PyTorch compiling details: PyTorch built with:
  - C++ Version: 201703
  - MSVC 192930157
  - Intel(R) oneAPI Math Kernel Library Version 2025.0.1-Product Build 20241031 for Intel(R) 64 architecture applications
  - Intel(R) MKL-DNN v3.5.3 (Git Hash 66f0cb9eb66affd2da3bf5f8d897376f04aae6af)
  - OpenMP 2019
  - LAPACK is enabled (usually provided by MKL)
  - CPU capability usage: AVX2
  - CUDA Runtime 12.4
  - NVCC architecture flags: -gencode;arch=compute_50,code=sm_50;-gencode;arch=compute_60,code=sm_60;-gencode;arch=compute_61,code=sm_61;-gencode;arch=compute_70,code=sm_70;-gencode;arch=compute_75,code=sm_75;-gencode;arch=compute_80,code=sm_80;-gencode;arch=compute_86,code=sm_86;-gencode;arch=compute_90,code=sm_90
  - CuDNN 90.1
  - Magma 2.5.4
  - Build settings: BLAS_INFO=mkl, BUILD_TYPE=Release, COMMIT_SHA=2236df1770800ffea5697b11b0bb0d910b2e59e1, CUDA_VERSION=12.4, CUDNN_VERSION=9.1.0, CXX_COMPILER=C:/actions-runner/_work/pytorch/pytorch/pytorch/.ci/pytorch/windows/tmp_bin/sccache-cl.exe, CXX_FLAGS=/DWIN32 /D_WINDOWS /GR /EHsc /Zc:__cplusplus /bigobj /FS /utf-8 -DUSE_PTHREADPOOL -DNDEBUG -DUSE_KINETO -DLIBKINETO_NOCUPTI -DLIBKINETO_NOROCTRACER -DLIBKINETO_NOXPUPTI=ON -DUSE_FBGEMM -DUSE_XNNPACK -DSYMBOLICATE_MOBILE_DEBUG_HANDLE /wd4624 /wd4068 /wd4067 /wd4267 /wd4661 /wd4717 /wd4244 /wd4804 /wd4273, LAPACK_INFO=mkl, PERF_WITH_AVX=1, PERF_WITH_AVX2=1, TORCH_VERSION=2.6.0, USE_CUDA=ON, USE_CUDNN=ON, USE_CUSPARSELT=OFF, USE_EXCEPTION_PTR=1, USE_GFLAGS=OFF, USE_GLOG=OFF, USE_GLOO=ON, USE_MKL=ON, USE_MKLDNN=ON, USE_MPI=OFF, USE_NCCL=OFF, USE_NNPACK=OFF, USE_OPENMP=ON, USE_ROCM=OFF, USE_ROCM_KERNEL_ASSERT=OFF, 

    TorchVision: 0.21.0+cu124
    OpenCV: 5.0.0
    MMEngine: 0.10.7

Runtime environment:
    cudnn_benchmark: False
    mp_cfg: {'mp_start_method': 'fork', 'opencv_num_threads': 0}
    dist_cfg: {'backend': 'nccl'}
    seed: 42
    deterministic: False
    Distributed launcher: none
    Distributed training: False
    GPU number: 1
------------------------------------------------------------

2026/08/05 12:44:11 - mmengine - INFO - Config:
ALBU = [
    dict(p=0.5, type='HorizontalFlip'),
    dict(
        p=0.7,
        rotate=(
            -15,
            15,
        ),
        scale=(
            0.85,
            1.15,
        ),
        translate_percent=(
            -0.1,
            0.1,
        ),
        type='Affine'),
    dict(alpha=30, p=0.25, sigma=6, type='ElasticTransform'),
    dict(
        brightness_limit=0.2,
        contrast_limit=0.2,
        p=0.5,
        type='RandomBrightnessContrast'),
    dict(gamma_limit=(
        80,
        120,
    ), p=0.3, type='RandomGamma'),
    dict(
        elementwise=True,
        multiplier=(
            0.85,
            1.15,
        ),
        p=0.3,
        type='MultiplicativeNoise'),
    dict(blur_limit=7, p=0.2, type='MotionBlur'),
]
ANN = 'd:/mamografi/real_time_segmentasyon/veri/coco'
AUG_SEVIYE = 'orta'
BATCH = 8
GIRDI = 256
KOK = 'd:/mamografi/real_time_segmentasyon'
MAX_EPOCH = 100
albu_sarmalayici = dict(
    bbox_params=dict(
        filter_lost_elements=True,
        format='pascal_voc',
        label_fields=[
            'gt_bboxes_labels',
        ],
        min_visibility=0.0,
        type='BboxParams'),
    keymap=dict(gt_bboxes='bboxes', gt_masks='masks', img='image'),
    transforms=[
        dict(p=0.5, type='HorizontalFlip'),
        dict(
            p=0.7,
            rotate=(
                -15,
                15,
            ),
            scale=(
                0.85,
                1.15,
            ),
            translate_percent=(
                -0.1,
                0.1,
            ),
            type='Affine'),
        dict(alpha=30, p=0.25, sigma=6, type='ElasticTransform'),
        dict(
            brightness_limit=0.2,
            contrast_limit=0.2,
            p=0.5,
            type='RandomBrightnessContrast'),
        dict(gamma_limit=(
            80,
            120,
        ), p=0.3, type='RandomGamma'),
        dict(
            elementwise=True,
            multiplier=(
                0.85,
                1.15,
            ),
            p=0.3,
            type='MultiplicativeNoise'),
        dict(blur_limit=7, p=0.2, type='MotionBlur'),
    ],
    type='AlbuBosGuvenli')
auto_scale_lr = dict(base_batch_size=16, enable=False)
backend_args = None
base_lr = 0.000125
checkpoint = 'https://download.openmmlab.com/mmdetection/v3.0/rtmdet/cspnext_rsb_pretrain/cspnext-tiny_imagenet_600e.pth'
custom_hooks = [
    dict(
        ema_type='ExpMomentumEMA',
        momentum=0.0002,
        priority=49,
        type='EMAHook',
        update_buffers=True),
]
custom_imports = dict(
    allow_failed_imports=False, imports=[
        'ozel_transformlar',
    ])
data_root = 'd:/mamografi/real_time_segmentasyon/Dataset_BUSI_with_GT/'
dataset_type = 'CocoDataset'
default_hooks = dict(
    checkpoint=dict(
        _scope_='mmdet',
        interval=1,
        max_keep_ckpts=1,
        rule='greater',
        save_best='coco/segm_mAP',
        type='CheckpointHook'),
    logger=dict(_scope_='mmdet', interval=10, type='LoggerHook'),
    param_scheduler=dict(_scope_='mmdet', type='ParamSchedulerHook'),
    sampler_seed=dict(_scope_='mmdet', type='DistSamplerSeedHook'),
    timer=dict(_scope_='mmdet', type='IterTimerHook'),
    visualization=dict(_scope_='mmdet', type='DetVisualizationHook'))
default_scope = 'mmdet'
env_cfg = dict(
    cudnn_benchmark=False,
    dist_cfg=dict(backend='nccl'),
    mp_cfg=dict(mp_start_method='fork', opencv_num_threads=0))
img_scales = [
    (
        640,
        640,
    ),
    (
        320,
        320,
    ),
    (
        960,
        960,
    ),
]
interval = 10
load_from = 'https://download.openmmlab.com/mmdetection/v3.0/rtmdet/rtmdet-ins_tiny_8xb32-300e_coco/rtmdet-ins_tiny_8xb32-300e_coco_20221130_151727-ec670f7e.pth'
log_level = 'INFO'
log_processor = dict(
    _scope_='mmdet', by_epoch=True, type='LogProcessor', window_size=50)
max_epochs = 300
metainfo = dict(
    classes=('lezyon', ), palette=[
        (
            220,
            20,
            60,
        ),
    ])
model = dict(
    _scope_='mmdet',
    backbone=dict(
        act_cfg=dict(inplace=True, type='SiLU'),
        arch='P5',
        channel_attention=True,
        deepen_factor=0.167,
        expand_ratio=0.5,
        init_cfg=dict(
            checkpoint=
            'https://download.openmmlab.com/mmdetection/v3.0/rtmdet/cspnext_rsb_pretrain/cspnext-tiny_imagenet_600e.pth',
            prefix='backbone.',
            type='Pretrained'),
        norm_cfg=dict(type='SyncBN'),
        type='CSPNeXt',
        widen_factor=0.375),
    bbox_head=dict(
        act_cfg=dict(inplace=True, type='SiLU'),
        anchor_generator=dict(
            offset=0, strides=[
                8,
                16,
                32,
            ], type='MlvlPointGenerator'),
        bbox_coder=dict(type='DistancePointBBoxCoder'),
        feat_channels=96,
        in_channels=96,
        loss_bbox=dict(loss_weight=2.0, type='GIoULoss'),
        loss_cls=dict(
            beta=2.0,
            loss_weight=1.0,
            type='QualityFocalLoss',
            use_sigmoid=True),
        loss_mask=dict(
            eps=5e-06, loss_weight=2.0, reduction='mean', type='DiceLoss'),
        norm_cfg=dict(requires_grad=True, type='SyncBN'),
        num_classes=1,
        pred_kernel_size=1,
        share_conv=True,
        stacked_convs=2,
        type='RTMDetInsSepBNHead'),
    data_preprocessor=dict(
        batch_augments=None,
        bgr_to_rgb=False,
        mean=[
            103.53,
            116.28,
            123.675,
        ],
        std=[
            57.375,
            57.12,
            58.395,
        ],
        type='DetDataPreprocessor'),
    neck=dict(
        act_cfg=dict(inplace=True, type='SiLU'),
        expand_ratio=0.5,
        in_channels=[
            96,
            192,
            384,
        ],
        norm_cfg=dict(type='SyncBN'),
        num_csp_blocks=1,
        out_channels=96,
        type='CSPNeXtPAFPN'),
    test_cfg=dict(
        mask_thr_binary=0.5,
        max_per_img=100,
        min_bbox_size=0,
        nms=dict(iou_threshold=0.6, type='nms'),
        nms_pre=1000,
        score_thr=0.05),
    train_cfg=dict(
        allowed_border=-1,
        assigner=dict(topk=13, type='DynamicSoftLabelAssigner'),
        debug=False,
        pos_weight=-1),
    type='RTMDet')
optim_wrapper = dict(
    _scope_='mmdet',
    clip_grad=dict(max_norm=1.0),
    optimizer=dict(lr=0.000125, type='AdamW', weight_decay=0.05),
    paramwise_cfg=dict(
        bias_decay_mult=0, bypass_duplicate=True, norm_decay_mult=0),
    type='OptimWrapper')
param_scheduler = [
    dict(
        begin=0, by_epoch=False, end=200, start_factor=0.001, type='LinearLR'),
    dict(
        T_max=50,
        begin=50,
        by_epoch=True,
        convert_to_iter_based=True,
        end=100,
        eta_min=6.25e-06,
        type='CosineAnnealingLR'),
]
randomness = dict(deterministic=False, seed=42)
resume = False
stage2_num_epochs = 20
test_cfg = dict(_scope_='mmdet', type='TestLoop')
test_dataloader = dict(
    batch_size=1,
    dataset=dict(
        _scope_='mmdet',
        ann_file='d:/mamografi/real_time_segmentasyon/veri/coco/busi_test.json',
        backend_args=None,
        data_prefix=dict(img=''),
        data_root='d:/mamografi/real_time_segmentasyon/Dataset_BUSI_with_GT/',
        metainfo=dict(classes=('lezyon', ), palette=[
            (
                220,
                20,
                60,
            ),
        ]),
        pipeline=[
            dict(backend_args=None, type='LoadImageFromFile'),
            dict(keep_ratio=True, scale=(
                256,
                256,
            ), type='Resize'),
            dict(
                pad_val=dict(img=(
                    114,
                    114,
                    114,
                ), masks=0),
                size=(
                    256,
                    256,
                ),
                type='Pad'),
            dict(
                poly2mask=True,
                type='LoadAnnotations',
                with_bbox=True,
                with_mask=True),
            dict(
                meta_keys=(
                    'img_id',
                    'img_path',
                    'ori_shape',
                    'img_shape',
                    'scale_factor',
                ),
                type='PackDetInputs'),
        ],
        test_mode=True,
        type='CocoDataset'),
    drop_last=False,
    num_workers=2,
    persistent_workers=True,
    sampler=dict(_scope_='mmdet', shuffle=False, type='DefaultSampler'))
test_evaluator = dict(
    _scope_='mmdet',
    ann_file='d:/mamografi/real_time_segmentasyon/veri/coco/busi_test.json',
    backend_args=None,
    format_only=False,
    metric=[
        'bbox',
        'segm',
    ],
    proposal_nums=(
        100,
        1,
        10,
    ),
    type='CocoMetric')
test_pipeline = [
    dict(backend_args=None, type='LoadImageFromFile'),
    dict(keep_ratio=True, scale=(
        256,
        256,
    ), type='Resize'),
    dict(
        pad_val=dict(img=(
            114,
            114,
            114,
        ), masks=0),
        size=(
            256,
            256,
        ),
        type='Pad'),
    dict(
        poly2mask=True, type='LoadAnnotations', with_bbox=True,
        with_mask=True),
    dict(
        meta_keys=(
            'img_id',
            'img_path',
            'ori_shape',
            'img_shape',
            'scale_factor',
        ),
        type='PackDetInputs'),
]
train_cfg = dict(
    _scope_='mmdet',
    dynamic_intervals=None,
    max_epochs=100,
    type='EpochBasedTrainLoop',
    val_interval=1)
train_dataloader = dict(
    batch_sampler=None,
    batch_size=8,
    dataset=dict(
        ann_file=
        'd:/mamografi/real_time_segmentasyon/veri/coco/busi_train.json',
        data_prefix=dict(img=''),
        data_root='d:/mamografi/real_time_segmentasyon/Dataset_BUSI_with_GT/',
        filter_cfg=dict(filter_empty_gt=False, min_size=0),
        metainfo=dict(classes=('lezyon', ), palette=[
            (
                220,
                20,
                60,
            ),
        ]),
        pipeline=[
            dict(backend_args=None, type='LoadImageFromFile'),
            dict(
                poly2mask=True,
                type='LoadAnnotations',
                with_bbox=True,
                with_mask=True),
            dict(
                bbox_params=dict(
                    filter_lost_elements=True,
                    format='pascal_voc',
                    label_fields=[
                        'gt_bboxes_labels',
                    ],
                    min_visibility=0.0,
                    type='BboxParams'),
                keymap=dict(gt_bboxes='bboxes', gt_masks='masks', img='image'),
                transforms=[
                    dict(p=0.5, type='HorizontalFlip'),
                    dict(
                        p=0.7,
                        rotate=(
                            -15,
                            15,
                        ),
                        scale=(
                            0.85,
                            1.15,
                        ),
                        translate_percent=(
                            -0.1,
                            0.1,
                        ),
                        type='Affine'),
                    dict(alpha=30, p=0.25, sigma=6, type='ElasticTransform'),
                    dict(
                        brightness_limit=0.2,
                        contrast_limit=0.2,
                        p=0.5,
                        type='RandomBrightnessContrast'),
                    dict(gamma_limit=(
                        80,
                        120,
                    ), p=0.3, type='RandomGamma'),
                    dict(
                        elementwise=True,
                        multiplier=(
                            0.85,
                            1.15,
                        ),
                        p=0.3,
                        type='MultiplicativeNoise'),
                    dict(blur_limit=7, p=0.2, type='MotionBlur'),
                ],
                type='AlbuBosGuvenli'),
            dict(keep_ratio=True, scale=(
                256,
                256,
            ), type='Resize'),
            dict(
                pad_val=dict(img=(
                    114,
                    114,
                    114,
                ), masks=0),
                size=(
                    256,
                    256,
                ),
                type='Pad'),
            dict(type='PackDetInputs'),
        ],
        type='CocoDataset'),
    num_workers=0,
    persistent_workers=False,
    pin_memory=True,
    sampler=dict(_scope_='mmdet', shuffle=True, type='DefaultSampler'))
train_pipeline = [
    dict(backend_args=None, type='LoadImageFromFile'),
    dict(
        poly2mask=True, type='LoadAnnotations', with_bbox=True,
        with_mask=True),
    dict(
        bbox_params=dict(
            filter_lost_elements=True,
            format='pascal_voc',
            label_fields=[
                'gt_bboxes_labels',
            ],
            min_visibility=0.0,
            type='BboxParams'),
        keymap=dict(gt_bboxes='bboxes', gt_masks='masks', img='image'),
        transforms=[
            dict(p=0.5, type='HorizontalFlip'),
            dict(
                p=0.7,
                rotate=(
                    -15,
                    15,
                ),
                scale=(
                    0.85,
                    1.15,
                ),
                translate_percent=(
                    -0.1,
                    0.1,
                ),
                type='Affine'),
            dict(alpha=30, p=0.25, sigma=6, type='ElasticTransform'),
            dict(
                brightness_limit=0.2,
                contrast_limit=0.2,
                p=0.5,
                type='RandomBrightnessContrast'),
            dict(gamma_limit=(
                80,
                120,
            ), p=0.3, type='RandomGamma'),
            dict(
                elementwise=True,
                multiplier=(
                    0.85,
                    1.15,
                ),
                p=0.3,
                type='MultiplicativeNoise'),
            dict(blur_limit=7, p=0.2, type='MotionBlur'),
        ],
        type='AlbuBosGuvenli'),
    dict(keep_ratio=True, scale=(
        256,
        256,
    ), type='Resize'),
    dict(
        pad_val=dict(img=(
            114,
            114,
            114,
        ), masks=0),
        size=(
            256,
            256,
        ),
        type='Pad'),
    dict(type='PackDetInputs'),
]
train_pipeline_stage2 = [
    dict(_scope_='mmdet', backend_args=None, type='LoadImageFromFile'),
    dict(
        _scope_='mmdet',
        poly2mask=False,
        type='LoadAnnotations',
        with_bbox=True,
        with_mask=True),
    dict(
        _scope_='mmdet',
        keep_ratio=True,
        ratio_range=(
            0.5,
            2.0,
        ),
        scale=(
            640,
            640,
        ),
        type='RandomResize'),
    dict(
        _scope_='mmdet',
        allow_negative_crop=True,
        crop_size=(
            640,
            640,
        ),
        recompute_bbox=True,
        type='RandomCrop'),
    dict(_scope_='mmdet', min_gt_bbox_wh=(
        1,
        1,
    ), type='FilterAnnotations'),
    dict(_scope_='mmdet', type='YOLOXHSVRandomAug'),
    dict(_scope_='mmdet', prob=0.5, type='RandomFlip'),
    dict(
        _scope_='mmdet',
        pad_val=dict(img=(
            114,
            114,
            114,
        )),
        size=(
            640,
            640,
        ),
        type='Pad'),
    dict(_scope_='mmdet', type='PackDetInputs'),
]
tta_model = dict(
    _scope_='mmdet',
    tta_cfg=dict(max_per_img=100, nms=dict(iou_threshold=0.6, type='nms')),
    type='DetTTAModel')
tta_pipeline = [
    dict(_scope_='mmdet', backend_args=None, type='LoadImageFromFile'),
    dict(
        _scope_='mmdet',
        transforms=[
            [
                dict(keep_ratio=True, scale=(
                    640,
                    640,
                ), type='Resize'),
                dict(keep_ratio=True, scale=(
                    320,
                    320,
                ), type='Resize'),
                dict(keep_ratio=True, scale=(
                    960,
                    960,
                ), type='Resize'),
            ],
            [
                dict(prob=1.0, type='RandomFlip'),
                dict(prob=0.0, type='RandomFlip'),
            ],
            [
                dict(
                    pad_val=dict(img=(
                        114,
                        114,
                        114,
                    )),
                    size=(
                        960,
                        960,
                    ),
                    type='Pad'),
            ],
            [
                dict(type='LoadAnnotations', with_bbox=True),
            ],
            [
                dict(
                    meta_keys=(
                        'img_id',
                        'img_path',
                        'ori_shape',
                        'img_shape',
                        'scale_factor',
                        'flip',
                        'flip_direction',
                    ),
                    type='PackDetInputs'),
            ],
        ],
        type='TestTimeAug'),
]
val_cfg = dict(_scope_='mmdet', type='ValLoop')
val_dataloader = dict(
    batch_size=1,
    dataset=dict(
        _scope_='mmdet',
        ann_file='d:/mamografi/real_time_segmentasyon/veri/coco/busi_val.json',
        backend_args=None,
        data_prefix=dict(img=''),
        data_root='d:/mamografi/real_time_segmentasyon/Dataset_BUSI_with_GT/',
        metainfo=dict(classes=('lezyon', ), palette=[
            (
                220,
                20,
                60,
            ),
        ]),
        pipeline=[
            dict(backend_args=None, type='LoadImageFromFile'),
            dict(keep_ratio=True, scale=(
                256,
                256,
            ), type='Resize'),
            dict(
                pad_val=dict(img=(
                    114,
                    114,
                    114,
                ), masks=0),
                size=(
                    256,
                    256,
                ),
                type='Pad'),
            dict(
                poly2mask=True,
                type='LoadAnnotations',
                with_bbox=True,
                with_mask=True),
            dict(
                meta_keys=(
                    'img_id',
                    'img_path',
                    'ori_shape',
                    'img_shape',
                    'scale_factor',
                ),
                type='PackDetInputs'),
        ],
        test_mode=True,
        type='CocoDataset'),
    drop_last=False,
    num_workers=0,
    persistent_workers=False,
    sampler=dict(_scope_='mmdet', shuffle=False, type='DefaultSampler'))
val_evaluator = dict(
    _scope_='mmdet',
    ann_file='d:/mamografi/real_time_segmentasyon/veri/coco/busi_val.json',
    backend_args=None,
    format_only=False,
    metric=[
        'bbox',
        'segm',
    ],
    proposal_nums=(
        100,
        1,
        10,
    ),
    type='CocoMetric')
vis_backends = [
    dict(_scope_='mmdet', type='LocalVisBackend'),
]
visualizer = dict(
    _scope_='mmdet',
    name='visualizer',
    type='DetLocalVisualizer',
    vis_backends=[
        dict(type='LocalVisBackend'),
    ])
work_dir = 'd:/mamografi/real_time_segmentasyon/rtmdet/calisma/rtmdet_ins_tiny_256_orta'

2026/08/05 12:44:12 - mmengine - INFO - Distributed training is not used, all SyncBatchNorm (SyncBN) layers in the model will be automatically reverted to BatchNormXd layers if they are used.
2026/08/05 12:44:12 - mmengine - INFO - Hooks will be executed in the following order:
before_run:
(VERY_HIGH   ) RuntimeInfoHook                    
(49          ) EMAHook                            
(BELOW_NORMAL) LoggerHook                         
 -------------------- 
after_load_checkpoint:
(49          ) EMAHook                            
 -------------------- 
before_train:
(VERY_HIGH   ) RuntimeInfoHook                    
(49          ) EMAHook                            
(NORMAL      ) IterTimerHook                      
(VERY_LOW    ) CheckpointHook                     
 -------------------- 
before_train_epoch:
(VERY_HIGH   ) RuntimeInfoHook                    
(NORMAL      ) IterTimerHook                      
(NORMAL      ) DistSamplerSeedHook                
 -------------------- 
before_train_iter:
(VERY_HIGH   ) RuntimeInfoHook                    
(NORMAL      ) IterTimerHook                      
 -------------------- 
after_train_iter:
(VERY_HIGH   ) RuntimeInfoHook                    
(49          ) EMAHook                            
(NORMAL      ) IterTimerHook                      
(BELOW_NORMAL) LoggerHook                         
(LOW         ) ParamSchedulerHook                 
(VERY_LOW    ) CheckpointHook                     
 -------------------- 
after_train_epoch:
(NORMAL      ) IterTimerHook                      
(LOW         ) ParamSchedulerHook                 
(VERY_LOW    ) CheckpointHook                     
 -------------------- 
before_val:
(VERY_HIGH   ) RuntimeInfoHook                    
 -------------------- 
before_val_epoch:
(49          ) EMAHook                            
(NORMAL      ) IterTimerHook                      
 -------------------- 
before_val_iter:
(NORMAL      ) IterTimerHook                      
 -------------------- 
after_val_iter:
(NORMAL      ) IterTimerHook                      
(NORMAL      ) DetVisualizationHook               
(BELOW_NORMAL) LoggerHook                         
 -------------------- 
after_val_epoch:
(VERY_HIGH   ) RuntimeInfoHook                    
(49          ) EMAHook                            
(NORMAL      ) IterTimerHook                      
(BELOW_NORMAL) LoggerHook                         
(LOW         ) ParamSchedulerHook                 
(VERY_LOW    ) CheckpointHook                     
 -------------------- 
after_val:
(VERY_HIGH   ) RuntimeInfoHook                    
 -------------------- 
before_save_checkpoint:
(49          ) EMAHook                            
 -------------------- 
after_train:
(VERY_HIGH   ) RuntimeInfoHook                    
(VERY_LOW    ) CheckpointHook                     
 -------------------- 
before_test:
(VERY_HIGH   ) RuntimeInfoHook                    
 -------------------- 
before_test_epoch:
(49          ) EMAHook                            
(NORMAL      ) IterTimerHook                      
 -------------------- 
before_test_iter:
(NORMAL      ) IterTimerHook                      
 -------------------- 
after_test_iter:
(NORMAL      ) IterTimerHook                      
(NORMAL      ) DetVisualizationHook               
(BELOW_NORMAL) LoggerHook                         
 -------------------- 
after_test_epoch:
(VERY_HIGH   ) RuntimeInfoHook                    
(49          ) EMAHook                            
(NORMAL      ) IterTimerHook                      
(BELOW_NORMAL) LoggerHook                         
 -------------------- 
after_test:
(VERY_HIGH   ) RuntimeInfoHook                    
 -------------------- 
after_run:
(BELOW_NORMAL) LoggerHook                         
 -------------------- 
2026/08/05 12:44:14 - mmengine - INFO - paramwise_options -- backbone.stem.0.bn.weight:weight_decay=0.0
2026/08/05 12:44:14 - mmengine - INFO - paramwise_options -- backbone.stem.0.bn.bias:weight_decay=0.0
2026/08/05 12:44:14 - mmengine - INFO - paramwise_options -- backbone.stem.1.bn.weight:weight_decay=0.0
2026/08/05 12:44:14 - mmengine - INFO - paramwise_options -- backbone.stem.1.bn.bias:weight_decay=0.0
2026/08/05 12:44:14 - mmengine - INFO - paramwise_options -- backbone.stem.2.bn.weight:weight_decay=0.0
2026/08/05 12:44:14 - mmengine - INFO - paramwise_options -- backbone.stem.2.bn.bias:weight_decay=0.0
2026/08/05 12:44:14 - mmengine - INFO - paramwise_options -- backbone.stage1.0.bn.weight:weight_decay=0.0
2026/08/05 12:44:14 - mmengine - INFO - paramwise_options -- backbone.stage1.0.bn.bias:weight_decay=0.0
2026/08/05 12:44:14 - mmengine - INFO - paramwise_options -- backbone.stage1.1.main_conv.bn.weight:weight_decay=0.0
2026/08/05 12:44:14 - mmengine - INFO - paramwise_options -- backbone.stage1.1.main_conv.bn.bias:weight_decay=0.0
2026/08/05 12:44:14 - mmengine - INFO - paramwise_options -- backbone.stage1.1.short_conv.bn.weight:weight_decay=0.0
2026/08/05 12:44:14 - mmengine - INFO - paramwise_options -- backbone.stage1.1.short_conv.bn.bias:weight_decay=0.0
2026/08/05 12:44:14 - mmengine - INFO - paramwise_options -- backbone.stage1.1.final_conv.bn.weight:weight_decay=0.0
2026/08/05 12:44:14 - mmengine - INFO - paramwise_options -- backbone.stage1.1.final_conv.bn.bias:weight_decay=0.0
2026/08/05 12:44:14 - mmengine - INFO - paramwise_options -- backbone.stage1.1.blocks.0.conv1.bn.weight:weight_decay=0.0
2026/08/05 12:44:14 - mmengine - INFO - paramwise_options -- backbone.stage1.1.blocks.0.conv1.bn.bias:weight_decay=0.0
2026/08/05 12:44:14 - mmengine - INFO - paramwise_options -- backbone.stage1.1.blocks.0.conv2.depthwise_conv.bn.weight:weight_decay=0.0
2026/08/05 12:44:14 - mmengine - INFO - paramwise_options -- backbone.stage1.1.blocks.0.conv2.depthwise_conv.bn.bias:weight_decay=0.0
2026/08/05 12:44:14 - mmengine - INFO - paramwise_options -- backbone.stage1.1.blocks.0.conv2.pointwise_conv.bn.weight:weight_decay=0.0
2026/08/05 12:44:14 - mmengine - INFO - paramwise_options -- backbone.stage1.1.blocks.0.conv2.pointwise_conv.bn.bias:weight_decay=0.0
2026/08/05 12:44:14 - mmengine - INFO - paramwise_options -- backbone.stage1.1.attention.fc.bias:weight_decay=0.0
2026/08/05 12:44:14 - mmengine - INFO - paramwise_options -- backbone.stage2.0.bn.weight:weight_decay=0.0
2026/08/05 12:44:14 - mmengine - INFO - paramwise_options -- backbone.stage2.0.bn.bias:weight_decay=0.0
2026/08/05 12:44:14 - mmengine - INFO - paramwise_options -- backbone.stage2.1.main_conv.bn.weight:weight_decay=0.0
2026/08/05 12:44:14 - mmengine - INFO - paramwise_options -- backbone.stage2.1.main_conv.bn.bias:weight_decay=0.0
2026/08/05 12:44:14 - mmengine - INFO - paramwise_options -- backbone.stage2.1.short_conv.bn.weight:weight_decay=0.0
2026/08/05 12:44:14 - mmengine - INFO - paramwise_options -- backbone.stage2.1.short_conv.bn.bias:weight_decay=0.0
2026/08/05 12:44:14 - mmengine - INFO - paramwise_options -- backbone.stage2.1.final_conv.bn.weight:weight_decay=0.0
2026/08/05 12:44:14 - mmengine - INFO - paramwise_options -- backbone.stage2.1.final_conv.bn.bias:weight_decay=0.0
2026/08/05 12:44:14 - mmengine - INFO - paramwise_options -- backbone.stage2.1.blocks.0.conv1.bn.weight:weight_decay=0.0
2026/08/05 12:44:14 - mmengine - INFO - paramwise_options -- backbone.stage2.1.blocks.0.conv1.bn.bias:weight_decay=0.0
2026/08/05 12:44:14 - mmengine - INFO - paramwise_options -- backbone.stage2.1.blocks.0.conv2.depthwise_conv.bn.weight:weight_decay=0.0
2026/08/05 12:44:14 - mmengine - INFO - paramwise_options -- backbone.stage2.1.blocks.0.conv2.depthwise_conv.bn.bias:weight_decay=0.0
2026/08/05 12:44:14 - mmengine - INFO - paramwise_options -- backbone.stage2.1.blocks.0.conv2.pointwise_conv.bn.weight:weight_decay=0.0
2026/08/05 12:44:14 - mmengine - INFO - paramwise_options -- backbone.stage2.1.blocks.0.conv2.pointwise_conv.bn.bias:weight_decay=0.0
2026/08/05 12:44:14 - mmengine - INFO - paramwise_options -- backbone.stage2.1.attention.fc.bias:weight_decay=0.0
2026/08/05 12:44:14 - mmengine - INFO - paramwise_options -- backbone.stage3.0.bn.weight:weight_decay=0.0
2026/08/05 12:44:14 - mmengine - INFO - paramwise_options -- backbone.stage3.0.bn.bias:weight_decay=0.0
2026/08/05 12:44:14 - mmengine - INFO - paramwise_options -- backbone.stage3.1.main_conv.bn.weight:weight_decay=0.0
2026/08/05 12:44:14 - mmengine - INFO - paramwise_options -- backbone.stage3.1.main_conv.bn.bias:weight_decay=0.0
2026/08/05 12:44:14 - mmengine - INFO - paramwise_options -- backbone.stage3.1.short_conv.bn.weight:weight_decay=0.0
2026/08/05 12:44:14 - mmengine - INFO - paramwise_options -- backbone.stage3.1.short_conv.bn.bias:weight_decay=0.0
2026/08/05 12:44:14 - mmengine - INFO - paramwise_options -- backbone.stage3.1.final_conv.bn.weight:weight_decay=0.0
2026/08/05 12:44:14 - mmengine - INFO - paramwise_options -- backbone.stage3.1.final_conv.bn.bias:weight_decay=0.0
2026/08/05 12:44:14 - mmengine - INFO - paramwise_options -- backbone.stage3.1.blocks.0.conv1.bn.weight:weight_decay=0.0
2026/08/05 12:44:14 - mmengine - INFO - paramwise_options -- backbone.stage3.1.blocks.0.conv1.bn.bias:weight_decay=0.0
2026/08/05 12:44:14 - mmengine - INFO - paramwise_options -- backbone.stage3.1.blocks.0.conv2.depthwise_conv.bn.weight:weight_decay=0.0
2026/08/05 12:44:14 - mmengine - INFO - paramwise_options -- backbone.stage3.1.blocks.0.conv2.depthwise_conv.bn.bias:weight_decay=0.0
2026/08/05 12:44:14 - mmengine - INFO - paramwise_options -- backbone.stage3.1.blocks.0.conv2.pointwise_conv.bn.weight:weight_decay=0.0
2026/08/05 12:44:14 - mmengine - INFO - paramwise_options -- backbone.stage3.1.blocks.0.conv2.pointwise_conv.bn.bias:weight_decay=0.0
2026/08/05 12:44:14 - mmengine - INFO - paramwise_options -- backbone.stage3.1.attention.fc.bias:weight_decay=0.0
2026/08/05 12:44:14 - mmengine - INFO - paramwise_options -- backbone.stage4.0.bn.weight:weight_decay=0.0
2026/08/05 12:44:14 - mmengine - INFO - paramwise_options -- backbone.stage4.0.bn.bias:weight_decay=0.0
2026/08/05 12:44:14 - mmengine - INFO - paramwise_options -- backbone.stage4.1.conv1.bn.weight:weight_decay=0.0
2026/08/05 12:44:14 - mmengine - INFO - paramwise_options -- backbone.stage4.1.conv1.bn.bias:weight_decay=0.0
2026/08/05 12:44:14 - mmengine - INFO - paramwise_options -- backbone.stage4.1.conv2.bn.weight:weight_decay=0.0
2026/08/05 12:44:14 - mmengine - INFO - paramwise_options -- backbone.stage4.1.conv2.bn.bias:weight_decay=0.0
2026/08/05 12:44:14 - mmengine - INFO - paramwise_options -- backbone.stage4.2.main_conv.bn.weight:weight_decay=0.0
2026/08/05 12:44:14 - mmengine - INFO - paramwise_options -- backbone.stage4.2.main_conv.bn.bias:weight_decay=0.0
2026/08/05 12:44:14 - mmengine - INFO - paramwise_options -- backbone.stage4.2.short_conv.bn.weight:weight_decay=0.0
2026/08/05 12:44:14 - mmengine - INFO - paramwise_options -- backbone.stage4.2.short_conv.bn.bias:weight_decay=0.0
2026/08/05 12:44:14 - mmengine - INFO - paramwise_options -- backbone.stage4.2.final_conv.bn.weight:weight_decay=0.0
2026/08/05 12:44:14 - mmengine - INFO - paramwise_options -- backbone.stage4.2.final_conv.bn.bias:weight_decay=0.0
2026/08/05 12:44:14 - mmengine - INFO - paramwise_options -- backbone.stage4.2.blocks.0.conv1.bn.weight:weight_decay=0.0
2026/08/05 12:44:14 - mmengine - INFO - paramwise_options -- backbone.stage4.2.blocks.0.conv1.bn.bias:weight_decay=0.0
2026/08/05 12:44:14 - mmengine - INFO - paramwise_options -- backbone.stage4.2.blocks.0.conv2.depthwise_conv.bn.weight:weight_decay=0.0
2026/08/05 12:44:14 - mmengine - INFO - paramwise_options -- backbone.stage4.2.blocks.0.conv2.depthwise_conv.bn.bias:weight_decay=0.0
2026/08/05 12:44:14 - mmengine - INFO - paramwise_options -- backbone.stage4.2.blocks.0.conv2.pointwise_conv.bn.weight:weight_decay=0.0
2026/08/05 12:44:14 - mmengine - INFO - paramwise_options -- backbone.stage4.2.blocks.0.conv2.pointwise_conv.bn.bias:weight_decay=0.0
2026/08/05 12:44:14 - mmengine - INFO - paramwise_options -- backbone.stage4.2.attention.fc.bias:weight_decay=0.0
2026/08/05 12:44:14 - mmengine - INFO - paramwise_options -- neck.reduce_layers.0.bn.weight:weight_decay=0.0
2026/08/05 12:44:14 - mmengine - INFO - paramwise_options -- neck.reduce_layers.0.bn.bias:weight_decay=0.0
2026/08/05 12:44:14 - mmengine - INFO - paramwise_options -- neck.reduce_layers.1.bn.weight:weight_decay=0.0
2026/08/05 12:44:14 - mmengine - INFO - paramwise_options -- neck.reduce_layers.1.bn.bias:weight_decay=0.0
2026/08/05 12:44:14 - mmengine - INFO - paramwise_options -- neck.top_down_blocks.0.main_conv.bn.weight:weight_decay=0.0
2026/08/05 12:44:14 - mmengine - INFO - paramwise_options -- neck.top_down_blocks.0.main_conv.bn.bias:weight_decay=0.0
2026/08/05 12:44:14 - mmengine - INFO - paramwise_options -- neck.top_down_blocks.0.short_conv.bn.weight:weight_decay=0.0
2026/08/05 12:44:14 - mmengine - INFO - paramwise_options -- neck.top_down_blocks.0.short_conv.bn.bias:weight_decay=0.0
2026/08/05 12:44:14 - mmengine - INFO - paramwise_options -- neck.top_down_blocks.0.final_conv.bn.weight:weight_decay=0.0
2026/08/05 12:44:14 - mmengine - INFO - paramwise_options -- neck.top_down_blocks.0.final_conv.bn.bias:weight_decay=0.0
2026/08/05 12:44:14 - mmengine - INFO - paramwise_options -- neck.top_down_blocks.0.blocks.0.conv1.bn.weight:weight_decay=0.0
2026/08/05 12:44:14 - mmengine - INFO - paramwise_options -- neck.top_down_blocks.0.blocks.0.conv1.bn.bias:weight_decay=0.0
2026/08/05 12:44:14 - mmengine - INFO - paramwise_options -- neck.top_down_blocks.0.blocks.0.conv2.depthwise_conv.bn.weight:weight_decay=0.0
2026/08/05 12:44:14 - mmengine - INFO - paramwise_options -- neck.top_down_blocks.0.blocks.0.conv2.depthwise_conv.bn.bias:weight_decay=0.0
2026/08/05 12:44:14 - mmengine - INFO - paramwise_options -- neck.top_down_blocks.0.blocks.0.conv2.pointwise_conv.bn.weight:weight_decay=0.0
2026/08/05 12:44:14 - mmengine - INFO - paramwise_options -- neck.top_down_blocks.0.blocks.0.conv2.pointwise_conv.bn.bias:weight_decay=0.0
2026/08/05 12:44:14 - mmengine - INFO - paramwise_options -- neck.top_down_blocks.1.main_conv.bn.weight:weight_decay=0.0
2026/08/05 12:44:14 - mmengine - INFO - paramwise_options -- neck.top_down_blocks.1.main_conv.bn.bias:weight_decay=0.0
2026/08/05 12:44:14 - mmengine - INFO - paramwise_options -- neck.top_down_blocks.1.short_conv.bn.weight:weight_decay=0.0
2026/08/05 12:44:14 - mmengine - INFO - paramwise_options -- neck.top_down_blocks.1.short_conv.bn.bias:weight_decay=0.0
2026/08/05 12:44:14 - mmengine - INFO - paramwise_options -- neck.top_down_blocks.1.final_conv.bn.weight:weight_decay=0.0
2026/08/05 12:44:14 - mmengine - INFO - paramwise_options -- neck.top_down_blocks.1.final_conv.bn.bias:weight_decay=0.0
2026/08/05 12:44:14 - mmengine - INFO - paramwise_options -- neck.top_down_blocks.1.blocks.0.conv1.bn.weight:weight_decay=0.0
2026/08/05 12:44:14 - mmengine - INFO - paramwise_options -- neck.top_down_blocks.1.blocks.0.conv1.bn.bias:weight_decay=0.0
2026/08/05 12:44:14 - mmengine - INFO - paramwise_options -- neck.top_down_blocks.1.blocks.0.conv2.depthwise_conv.bn.weight:weight_decay=0.0
2026/08/05 12:44:14 - mmengine - INFO - paramwise_options -- neck.top_down_blocks.1.blocks.0.conv2.depthwise_conv.bn.bias:weight_decay=0.0
2026/08/05 12:44:14 - mmengine - INFO - paramwise_options -- neck.top_down_blocks.1.blocks.0.conv2.pointwise_conv.bn.weight:weight_decay=0.0
2026/08/05 12:44:14 - mmengine - INFO - paramwise_options -- neck.top_down_blocks.1.blocks.0.conv2.pointwise_conv.bn.bias:weight_decay=0.0
2026/08/05 12:44:14 - mmengine - INFO - paramwise_options -- neck.downsamples.0.bn.weight:weight_decay=0.0
2026/08/05 12:44:14 - mmengine - INFO - paramwise_options -- neck.downsamples.0.bn.bias:weight_decay=0.0
2026/08/05 12:44:14 - mmengine - INFO - paramwise_options -- neck.downsamples.1.bn.weight:weight_decay=0.0
2026/08/05 12:44:14 - mmengine - INFO - paramwise_options -- neck.downsamples.1.bn.bias:weight_decay=0.0
2026/08/05 12:44:14 - mmengine - INFO - paramwise_options -- neck.bottom_up_blocks.0.main_conv.bn.weight:weight_decay=0.0
2026/08/05 12:44:14 - mmengine - INFO - paramwise_options -- neck.bottom_up_blocks.0.main_conv.bn.bias:weight_decay=0.0
2026/08/05 12:44:14 - mmengine - INFO - paramwise_options -- neck.bottom_up_blocks.0.short_conv.bn.weight:weight_decay=0.0
2026/08/05 12:44:14 - mmengine - INFO - paramwise_options -- neck.bottom_up_blocks.0.short_conv.bn.bias:weight_decay=0.0
2026/08/05 12:44:14 - mmengine - INFO - paramwise_options -- neck.bottom_up_blocks.0.final_conv.bn.weight:weight_decay=0.0
2026/08/05 12:44:14 - mmengine - INFO - paramwise_options -- neck.bottom_up_blocks.0.final_conv.bn.bias:weight_decay=0.0
2026/08/05 12:44:14 - mmengine - INFO - paramwise_options -- neck.bottom_up_blocks.0.blocks.0.conv1.bn.weight:weight_decay=0.0
2026/08/05 12:44:14 - mmengine - INFO - paramwise_options -- neck.bottom_up_blocks.0.blocks.0.conv1.bn.bias:weight_decay=0.0
2026/08/05 12:44:14 - mmengine - INFO - paramwise_options -- neck.bottom_up_blocks.0.blocks.0.conv2.depthwise_conv.bn.weight:weight_decay=0.0
2026/08/05 12:44:14 - mmengine - INFO - paramwise_options -- neck.bottom_up_blocks.0.blocks.0.conv2.depthwise_conv.bn.bias:weight_decay=0.0
2026/08/05 12:44:14 - mmengine - INFO - paramwise_options -- neck.bottom_up_blocks.0.blocks.0.conv2.pointwise_conv.bn.weight:weight_decay=0.0
2026/08/05 12:44:14 - mmengine - INFO - paramwise_options -- neck.bottom_up_blocks.0.blocks.0.conv2.pointwise_conv.bn.bias:weight_decay=0.0
2026/08/05 12:44:14 - mmengine - INFO - paramwise_options -- neck.bottom_up_blocks.1.main_conv.bn.weight:weight_decay=0.0
2026/08/05 12:44:14 - mmengine - INFO - paramwise_options -- neck.bottom_up_blocks.1.main_conv.bn.bias:weight_decay=0.0
2026/08/05 12:44:14 - mmengine - INFO - paramwise_options -- neck.bottom_up_blocks.1.short_conv.bn.weight:weight_decay=0.0
2026/08/05 12:44:14 - mmengine - INFO - paramwise_options -- neck.bottom_up_blocks.1.short_conv.bn.bias:weight_decay=0.0
2026/08/05 12:44:14 - mmengine - INFO - paramwise_options -- neck.bottom_up_blocks.1.final_conv.bn.weight:weight_decay=0.0
2026/08/05 12:44:14 - mmengine - INFO - paramwise_options -- neck.bottom_up_blocks.1.final_conv.bn.bias:weight_decay=0.0
2026/08/05 12:44:14 - mmengine - INFO - paramwise_options -- neck.bottom_up_blocks.1.blocks.0.conv1.bn.weight:weight_decay=0.0
2026/08/05 12:44:14 - mmengine - INFO - paramwise_options -- neck.bottom_up_blocks.1.blocks.0.conv1.bn.bias:weight_decay=0.0
2026/08/05 12:44:14 - mmengine - INFO - paramwise_options -- neck.bottom_up_blocks.1.blocks.0.conv2.depthwise_conv.bn.weight:weight_decay=0.0
2026/08/05 12:44:14 - mmengine - INFO - paramwise_options -- neck.bottom_up_blocks.1.blocks.0.conv2.depthwise_conv.bn.bias:weight_decay=0.0
2026/08/05 12:44:14 - mmengine - INFO - paramwise_options -- neck.bottom_up_blocks.1.blocks.0.conv2.pointwise_conv.bn.weight:weight_decay=0.0
2026/08/05 12:44:14 - mmengine - INFO - paramwise_options -- neck.bottom_up_blocks.1.blocks.0.conv2.pointwise_conv.bn.bias:weight_decay=0.0
2026/08/05 12:44:14 - mmengine - INFO - paramwise_options -- neck.out_convs.0.bn.weight:weight_decay=0.0
2026/08/05 12:44:14 - mmengine - INFO - paramwise_options -- neck.out_convs.0.bn.bias:weight_decay=0.0
2026/08/05 12:44:14 - mmengine - INFO - paramwise_options -- neck.out_convs.1.bn.weight:weight_decay=0.0
2026/08/05 12:44:14 - mmengine - INFO - paramwise_options -- neck.out_convs.1.bn.bias:weight_decay=0.0
2026/08/05 12:44:14 - mmengine - INFO - paramwise_options -- neck.out_convs.2.bn.weight:weight_decay=0.0
2026/08/05 12:44:14 - mmengine - INFO - paramwise_options -- neck.out_convs.2.bn.bias:weight_decay=0.0
2026/08/05 12:44:14 - mmengine - INFO - paramwise_options -- bbox_head.cls_convs.0.0.bn.weight:weight_decay=0.0
2026/08/05 12:44:14 - mmengine - INFO - paramwise_options -- bbox_head.cls_convs.0.0.bn.bias:weight_decay=0.0
2026/08/05 12:44:14 - mmengine - INFO - paramwise_options -- bbox_head.cls_convs.0.1.bn.weight:weight_decay=0.0
2026/08/05 12:44:14 - mmengine - INFO - paramwise_options -- bbox_head.cls_convs.0.1.bn.bias:weight_decay=0.0
2026/08/05 12:44:14 - mmengine - WARNING - bbox_head.cls_convs.1.0.conv is duplicate. It is skipped since bypass_duplicate=True
2026/08/05 12:44:14 - mmengine - INFO - paramwise_options -- bbox_head.cls_convs.1.0.bn.weight:weight_decay=0.0
2026/08/05 12:44:14 - mmengine - INFO - paramwise_options -- bbox_head.cls_convs.1.0.bn.bias:weight_decay=0.0
2026/08/05 12:44:14 - mmengine - WARNING - bbox_head.cls_convs.1.1.conv is duplicate. It is skipped since bypass_duplicate=True
2026/08/05 12:44:14 - mmengine - INFO - paramwise_options -- bbox_head.cls_convs.1.1.bn.weight:weight_decay=0.0
2026/08/05 12:44:14 - mmengine - INFO - paramwise_options -- bbox_head.cls_convs.1.1.bn.bias:weight_decay=0.0
2026/08/05 12:44:14 - mmengine - WARNING - bbox_head.cls_convs.2.0.conv is duplicate. It is skipped since bypass_duplicate=True
2026/08/05 12:44:14 - mmengine - INFO - paramwise_options -- bbox_head.cls_convs.2.0.bn.weight:weight_decay=0.0
2026/08/05 12:44:14 - mmengine - INFO - paramwise_options -- bbox_head.cls_convs.2.0.bn.bias:weight_decay=0.0
2026/08/05 12:44:14 - mmengine - WARNING - bbox_head.cls_convs.2.1.conv is duplicate. It is skipped since bypass_duplicate=True
2026/08/05 12:44:14 - mmengine - INFO - paramwise_options -- bbox_head.cls_convs.2.1.bn.weight:weight_decay=0.0
2026/08/05 12:44:14 - mmengine - INFO - paramwise_options -- bbox_head.cls_convs.2.1.bn.bias:weight_decay=0.0
2026/08/05 12:44:14 - mmengine - WARNING - bbox_head.reg_convs.0.0.conv is duplicate. It is skipped since bypass_duplicate=True
2026/08/05 12:44:14 - mmengine - WARNING - bbox_head.reg_convs.0.0.bn is duplicate. It is skipped since bypass_duplicate=True
2026/08/05 12:44:14 - mmengine - WARNING - bbox_head.reg_convs.0.1.conv is duplicate. It is skipped since bypass_duplicate=True
2026/08/05 12:44:14 - mmengine - WARNING - bbox_head.reg_convs.0.1.bn is duplicate. It is skipped since bypass_duplicate=True
2026/08/05 12:44:14 - mmengine - WARNING - bbox_head.reg_convs.1.0.conv is duplicate. It is skipped since bypass_duplicate=True
2026/08/05 12:44:14 - mmengine - WARNING - bbox_head.reg_convs.1.0.bn is duplicate. It is skipped since bypass_duplicate=True
2026/08/05 12:44:14 - mmengine - WARNING - bbox_head.reg_convs.1.1.conv is duplicate. It is skipped since bypass_duplicate=True
2026/08/05 12:44:14 - mmengine - WARNING - bbox_head.reg_convs.1.1.bn is duplicate. It is skipped since bypass_duplicate=True
2026/08/05 12:44:14 - mmengine - WARNING - bbox_head.reg_convs.2.0.conv is duplicate. It is skipped since bypass_duplicate=True
2026/08/05 12:44:14 - mmengine - WARNING - bbox_head.reg_convs.2.0.bn is duplicate. It is skipped since bypass_duplicate=True
2026/08/05 12:44:14 - mmengine - WARNING - bbox_head.reg_convs.2.1.conv is duplicate. It is skipped since bypass_duplicate=True
2026/08/05 12:44:14 - mmengine - WARNING - bbox_head.reg_convs.2.1.bn is duplicate. It is skipped since bypass_duplicate=True
2026/08/05 12:44:14 - mmengine - INFO - paramwise_options -- bbox_head.kernel_convs.0.0.bn.weight:weight_decay=0.0
2026/08/05 12:44:14 - mmengine - INFO - paramwise_options -- bbox_head.kernel_convs.0.0.bn.bias:weight_decay=0.0
2026/08/05 12:44:14 - mmengine - INFO - paramwise_options -- bbox_head.kernel_convs.0.1.bn.weight:weight_decay=0.0
2026/08/05 12:44:14 - mmengine - INFO - paramwise_options -- bbox_head.kernel_convs.0.1.bn.bias:weight_decay=0.0
2026/08/05 12:44:14 - mmengine - INFO - paramwise_options -- bbox_head.kernel_convs.1.0.bn.weight:weight_decay=0.0
2026/08/05 12:44:14 - mmengine - INFO - paramwise_options -- bbox_head.kernel_convs.1.0.bn.bias:weight_decay=0.0
2026/08/05 12:44:14 - mmengine - INFO - paramwise_options -- bbox_head.kernel_convs.1.1.bn.weight:weight_decay=0.0
2026/08/05 12:44:14 - mmengine - INFO - paramwise_options -- bbox_head.kernel_convs.1.1.bn.bias:weight_decay=0.0
2026/08/05 12:44:14 - mmengine - INFO - paramwise_options -- bbox_head.kernel_convs.2.0.bn.weight:weight_decay=0.0
2026/08/05 12:44:14 - mmengine - INFO - paramwise_options -- bbox_head.kernel_convs.2.0.bn.bias:weight_decay=0.0
2026/08/05 12:44:14 - mmengine - INFO - paramwise_options -- bbox_head.kernel_convs.2.1.bn.weight:weight_decay=0.0
2026/08/05 12:44:14 - mmengine - INFO - paramwise_options -- bbox_head.kernel_convs.2.1.bn.bias:weight_decay=0.0
2026/08/05 12:44:14 - mmengine - INFO - paramwise_options -- bbox_head.rtm_cls.0.bias:weight_decay=0.0
2026/08/05 12:44:14 - mmengine - INFO - paramwise_options -- bbox_head.rtm_cls.1.bias:weight_decay=0.0
2026/08/05 12:44:14 - mmengine - INFO - paramwise_options -- bbox_head.rtm_cls.2.bias:weight_decay=0.0
2026/08/05 12:44:14 - mmengine - INFO - paramwise_options -- bbox_head.rtm_reg.0.bias:weight_decay=0.0
2026/08/05 12:44:14 - mmengine - INFO - paramwise_options -- bbox_head.rtm_reg.1.bias:weight_decay=0.0
2026/08/05 12:44:14 - mmengine - INFO - paramwise_options -- bbox_head.rtm_reg.2.bias:weight_decay=0.0
2026/08/05 12:44:14 - mmengine - INFO - paramwise_options -- bbox_head.rtm_kernel.0.bias:weight_decay=0.0
2026/08/05 12:44:14 - mmengine - INFO - paramwise_options -- bbox_head.rtm_kernel.1.bias:weight_decay=0.0
2026/08/05 12:44:14 - mmengine - INFO - paramwise_options -- bbox_head.rtm_kernel.2.bias:weight_decay=0.0
2026/08/05 12:44:14 - mmengine - INFO - paramwise_options -- bbox_head.mask_head.fusion_conv.bias:weight_decay=0.0
2026/08/05 12:44:14 - mmengine - INFO - paramwise_options -- bbox_head.mask_head.stacked_convs.0.bn.weight:weight_decay=0.0
2026/08/05 12:44:14 - mmengine - INFO - paramwise_options -- bbox_head.mask_head.stacked_convs.0.bn.bias:weight_decay=0.0
2026/08/05 12:44:14 - mmengine - INFO - paramwise_options -- bbox_head.mask_head.stacked_convs.1.bn.weight:weight_decay=0.0
2026/08/05 12:44:14 - mmengine - INFO - paramwise_options -- bbox_head.mask_head.stacked_convs.1.bn.bias:weight_decay=0.0
2026/08/05 12:44:14 - mmengine - INFO - paramwise_options -- bbox_head.mask_head.stacked_convs.2.bn.weight:weight_decay=0.0
2026/08/05 12:44:14 - mmengine - INFO - paramwise_options -- bbox_head.mask_head.stacked_convs.2.bn.bias:weight_decay=0.0
2026/08/05 12:44:14 - mmengine - INFO - paramwise_options -- bbox_head.mask_head.stacked_convs.3.bn.weight:weight_decay=0.0
2026/08/05 12:44:14 - mmengine - INFO - paramwise_options -- bbox_head.mask_head.stacked_convs.3.bn.bias:weight_decay=0.0
2026/08/05 12:44:14 - mmengine - INFO - paramwise_options -- bbox_head.mask_head.projection.bias:weight_decay=0.0
2026/08/05 12:44:15 - mmengine - INFO - load backbone. in model from: https://download.openmmlab.com/mmdetection/v3.0/rtmdet/cspnext_rsb_pretrain/cspnext-tiny_imagenet_600e.pth
Name of parameter - Initialization information

backbone.stem.0.conv.weight - torch.Size([12, 3, 3, 3]): 
PretrainedInit: load from https://download.openmmlab.com/mmdetection/v3.0/rtmdet/cspnext_rsb_pretrain/cspnext-tiny_imagenet_600e.pth 

backbone.stem.0.bn.weight - torch.Size([12]): 
PretrainedInit: load from https://download.openmmlab.com/mmdetection/v3.0/rtmdet/cspnext_rsb_pretrain/cspnext-tiny_imagenet_600e.pth 

backbone.stem.0.bn.bias - torch.Size([12]): 
PretrainedInit: load from https://download.openmmlab.com/mmdetection/v3.0/rtmdet/cspnext_rsb_pretrain/cspnext-tiny_imagenet_600e.pth 

backbone.stem.1.conv.weight - torch.Size([12, 12, 3, 3]): 
PretrainedInit: load from https://download.openmmlab.com/mmdetection/v3.0/rtmdet/cspnext_rsb_pretrain/cspnext-tiny_imagenet_600e.pth 

backbone.stem.1.bn.weight - torch.Size([12]): 
PretrainedInit: load from https://download.openmmlab.com/mmdetection/v3.0/rtmdet/cspnext_rsb_pretrain/cspnext-tiny_imagenet_600e.pth 

backbone.stem.1.bn.bias - torch.Size([12]): 
PretrainedInit: load from https://download.openmmlab.com/mmdetection/v3.0/rtmdet/cspnext_rsb_pretrain/cspnext-tiny_imagenet_600e.pth 

backbone.stem.2.conv.weight - torch.Size([24, 12, 3, 3]): 
PretrainedInit: load from https://download.openmmlab.com/mmdetection/v3.0/rtmdet/cspnext_rsb_pretrain/cspnext-tiny_imagenet_600e.pth 

backbone.stem.2.bn.weight - torch.Size([24]): 
PretrainedInit: load from https://download.openmmlab.com/mmdetection/v3.0/rtmdet/cspnext_rsb_pretrain/cspnext-tiny_imagenet_600e.pth 

backbone.stem.2.bn.bias - torch.Size([24]): 
PretrainedInit: load from https://download.openmmlab.com/mmdetection/v3.0/rtmdet/cspnext_rsb_pretrain/cspnext-tiny_imagenet_600e.pth 

backbone.stage1.0.conv.weight - torch.Size([48, 24, 3, 3]): 
PretrainedInit: load from https://download.openmmlab.com/mmdetection/v3.0/rtmdet/cspnext_rsb_pretrain/cspnext-tiny_imagenet_600e.pth 

backbone.stage1.0.bn.weight - torch.Size([48]): 
PretrainedInit: load from https://download.openmmlab.com/mmdetection/v3.0/rtmdet/cspnext_rsb_pretrain/cspnext-tiny_imagenet_600e.pth 

backbone.stage1.0.bn.bias - torch.Size([48]): 
PretrainedInit: load from https://download.openmmlab.com/mmdetection/v3.0/rtmdet/cspnext_rsb_pretrain/cspnext-tiny_imagenet_600e.pth 

backbone.stage1.1.main_conv.conv.weight - torch.Size([24, 48, 1, 1]): 
PretrainedInit: load from https://download.openmmlab.com/mmdetection/v3.0/rtmdet/cspnext_rsb_pretrain/cspnext-tiny_imagenet_600e.pth 

backbone.stage1.1.main_conv.bn.weight - torch.Size([24]): 
PretrainedInit: load from https://download.openmmlab.com/mmdetection/v3.0/rtmdet/cspnext_rsb_pretrain/cspnext-tiny_imagenet_600e.pth 

backbone.stage1.1.main_conv.bn.bias - torch.Size([24]): 
PretrainedInit: load from https://download.openmmlab.com/mmdetection/v3.0/rtmdet/cspnext_rsb_pretrain/cspnext-tiny_imagenet_600e.pth 

backbone.stage1.1.short_conv.conv.weight - torch.Size([24, 48, 1, 1]): 
PretrainedInit: load from https://download.openmmlab.com/mmdetection/v3.0/rtmdet/cspnext_rsb_pretrain/cspnext-tiny_imagenet_600e.pth 

backbone.stage1.1.short_conv.bn.weight - torch.Size([24]): 
PretrainedInit: load from https://download.openmmlab.com/mmdetection/v3.0/rtmdet/cspnext_rsb_pretrain/cspnext-tiny_imagenet_600e.pth 

backbone.stage1.1.short_conv.bn.bias - torch.Size([24]): 
PretrainedInit: load from https://download.openmmlab.com/mmdetection/v3.0/rtmdet/cspnext_rsb_pretrain/cspnext-tiny_imagenet_600e.pth 

backbone.stage1.1.final_conv.conv.weight - torch.Size([48, 48, 1, 1]): 
PretrainedInit: load from https://download.openmmlab.com/mmdetection/v3.0/rtmdet/cspnext_rsb_pretrain/cspnext-tiny_imagenet_600e.pth 

backbone.stage1.1.final_conv.bn.weight - torch.Size([48]): 
PretrainedInit: load from https://download.openmmlab.com/mmdetection/v3.0/rtmdet/cspnext_rsb_pretrain/cspnext-tiny_imagenet_600e.pth 

backbone.stage1.1.final_conv.bn.bias - torch.Size([48]): 
PretrainedInit: load from https://download.openmmlab.com/mmdetection/v3.0/rtmdet/cspnext_rsb_pretrain/cspnext-tiny_imagenet_600e.pth 

backbone.stage1.1.blocks.0.conv1.conv.weight - torch.Size([24, 24, 3, 3]): 
PretrainedInit: load from https://download.openmmlab.com/mmdetection/v3.0/rtmdet/cspnext_rsb_pretrain/cspnext-tiny_imagenet_600e.pth 

backbone.stage1.1.blocks.0.conv1.bn.weight - torch.Size([24]): 
PretrainedInit: load from https://download.openmmlab.com/mmdetection/v3.0/rtmdet/cspnext_rsb_pretrain/cspnext-tiny_imagenet_600e.pth 

backbone.stage1.1.blocks.0.conv1.bn.bias - torch.Size([24]): 
PretrainedInit: load from https://download.openmmlab.com/mmdetection/v3.0/rtmdet/cspnext_rsb_pretrain/cspnext-tiny_imagenet_600e.pth 

backbone.stage1.1.blocks.0.conv2.depthwise_conv.conv.weight - torch.Size([24, 1, 5, 5]): 
PretrainedInit: load from https://download.openmmlab.com/mmdetection/v3.0/rtmdet/cspnext_rsb_pretrain/cspnext-tiny_imagenet_600e.pth 

backbone.stage1.1.blocks.0.conv2.depthwise_conv.bn.weight - torch.Size([24]): 
PretrainedInit: load from https://download.openmmlab.com/mmdetection/v3.0/rtmdet/cspnext_rsb_pretrain/cspnext-tiny_imagenet_600e.pth 

backbone.stage1.1.blocks.0.conv2.depthwise_conv.bn.bias - torch.Size([24]): 
PretrainedInit: load from https://download.openmmlab.com/mmdetection/v3.0/rtmdet/cspnext_rsb_pretrain/cspnext-tiny_imagenet_600e.pth 

backbone.stage1.1.blocks.0.conv2.pointwise_conv.conv.weight - torch.Size([24, 24, 1, 1]): 
PretrainedInit: load from https://download.openmmlab.com/mmdetection/v3.0/rtmdet/cspnext_rsb_pretrain/cspnext-tiny_imagenet_600e.pth 

backbone.stage1.1.blocks.0.conv2.pointwise_conv.bn.weight - torch.Size([24]): 
PretrainedInit: load from https://download.openmmlab.com/mmdetection/v3.0/rtmdet/cspnext_rsb_pretrain/cspnext-tiny_imagenet_600e.pth 

backbone.stage1.1.blocks.0.conv2.pointwise_conv.bn.bias - torch.Size([24]): 
PretrainedInit: load from https://download.openmmlab.com/mmdetection/v3.0/rtmdet/cspnext_rsb_pretrain/cspnext-tiny_imagenet_600e.pth 

backbone.stage1.1.attention.fc.weight - torch.Size([48, 48, 1, 1]): 
PretrainedInit: load from https://download.openmmlab.com/mmdetection/v3.0/rtmdet/cspnext_rsb_pretrain/cspnext-tiny_imagenet_600e.pth 

backbone.stage1.1.attention.fc.bias - torch.Size([48]): 
PretrainedInit: load from https://download.openmmlab.com/mmdetection/v3.0/rtmdet/cspnext_rsb_pretrain/cspnext-tiny_imagenet_600e.pth 

backbone.stage2.0.conv.weight - torch.Size([96, 48, 3, 3]): 
PretrainedInit: load from https://download.openmmlab.com/mmdetection/v3.0/rtmdet/cspnext_rsb_pretrain/cspnext-tiny_imagenet_600e.pth 

backbone.stage2.0.bn.weight - torch.Size([96]): 
PretrainedInit: load from https://download.openmmlab.com/mmdetection/v3.0/rtmdet/cspnext_rsb_pretrain/cspnext-tiny_imagenet_600e.pth 

backbone.stage2.0.bn.bias - torch.Size([96]): 
PretrainedInit: load from https://download.openmmlab.com/mmdetection/v3.0/rtmdet/cspnext_rsb_pretrain/cspnext-tiny_imagenet_600e.pth 

backbone.stage2.1.main_conv.conv.weight - torch.Size([48, 96, 1, 1]): 
PretrainedInit: load from https://download.openmmlab.com/mmdetection/v3.0/rtmdet/cspnext_rsb_pretrain/cspnext-tiny_imagenet_600e.pth 

backbone.stage2.1.main_conv.bn.weight - torch.Size([48]): 
PretrainedInit: load from https://download.openmmlab.com/mmdetection/v3.0/rtmdet/cspnext_rsb_pretrain/cspnext-tiny_imagenet_600e.pth 

backbone.stage2.1.main_conv.bn.bias - torch.Size([48]): 
PretrainedInit: load from https://download.openmmlab.com/mmdetection/v3.0/rtmdet/cspnext_rsb_pretrain/cspnext-tiny_imagenet_600e.pth 

backbone.stage2.1.short_conv.conv.weight - torch.Size([48, 96, 1, 1]): 
PretrainedInit: load from https://download.openmmlab.com/mmdetection/v3.0/rtmdet/cspnext_rsb_pretrain/cspnext-tiny_imagenet_600e.pth 

backbone.stage2.1.short_conv.bn.weight - torch.Size([48]): 
PretrainedInit: load from https://download.openmmlab.com/mmdetection/v3.0/rtmdet/cspnext_rsb_pretrain/cspnext-tiny_imagenet_600e.pth 

backbone.stage2.1.short_conv.bn.bias - torch.Size([48]): 
PretrainedInit: load from https://download.openmmlab.com/mmdetection/v3.0/rtmdet/cspnext_rsb_pretrain/cspnext-tiny_imagenet_600e.pth 

backbone.stage2.1.final_conv.conv.weight - torch.Size([96, 96, 1, 1]): 
PretrainedInit: load from https://download.openmmlab.com/mmdetection/v3.0/rtmdet/cspnext_rsb_pretrain/cspnext-tiny_imagenet_600e.pth 

backbone.stage2.1.final_conv.bn.weight - torch.Size([96]): 
PretrainedInit: load from https://download.openmmlab.com/mmdetection/v3.0/rtmdet/cspnext_rsb_pretrain/cspnext-tiny_imagenet_600e.pth 

backbone.stage2.1.final_conv.bn.bias - torch.Size([96]): 
PretrainedInit: load from https://download.openmmlab.com/mmdetection/v3.0/rtmdet/cspnext_rsb_pretrain/cspnext-tiny_imagenet_600e.pth 

backbone.stage2.1.blocks.0.conv1.conv.weight - torch.Size([48, 48, 3, 3]): 
PretrainedInit: load from https://download.openmmlab.com/mmdetection/v3.0/rtmdet/cspnext_rsb_pretrain/cspnext-tiny_imagenet_600e.pth 

backbone.stage2.1.blocks.0.conv1.bn.weight - torch.Size([48]): 
PretrainedInit: load from https://download.openmmlab.com/mmdetection/v3.0/rtmdet/cspnext_rsb_pretrain/cspnext-tiny_imagenet_600e.pth 

backbone.stage2.1.blocks.0.conv1.bn.bias - torch.Size([48]): 
PretrainedInit: load from https://download.openmmlab.com/mmdetection/v3.0/rtmdet/cspnext_rsb_pretrain/cspnext-tiny_imagenet_600e.pth 

backbone.stage2.1.blocks.0.conv2.depthwise_conv.conv.weight - torch.Size([48, 1, 5, 5]): 
PretrainedInit: load from https://download.openmmlab.com/mmdetection/v3.0/rtmdet/cspnext_rsb_pretrain/cspnext-tiny_imagenet_600e.pth 

backbone.stage2.1.blocks.0.conv2.depthwise_conv.bn.weight - torch.Size([48]): 
PretrainedInit: load from https://download.openmmlab.com/mmdetection/v3.0/rtmdet/cspnext_rsb_pretrain/cspnext-tiny_imagenet_600e.pth 

backbone.stage2.1.blocks.0.conv2.depthwise_conv.bn.bias - torch.Size([48]): 
PretrainedInit: load from https://download.openmmlab.com/mmdetection/v3.0/rtmdet/cspnext_rsb_pretrain/cspnext-tiny_imagenet_600e.pth 

backbone.stage2.1.blocks.0.conv2.pointwise_conv.conv.weight - torch.Size([48, 48, 1, 1]): 
PretrainedInit: load from https://download.openmmlab.com/mmdetection/v3.0/rtmdet/cspnext_rsb_pretrain/cspnext-tiny_imagenet_600e.pth 

backbone.stage2.1.blocks.0.conv2.pointwise_conv.bn.weight - torch.Size([48]): 
PretrainedInit: load from https://download.openmmlab.com/mmdetection/v3.0/rtmdet/cspnext_rsb_pretrain/cspnext-tiny_imagenet_600e.pth 

backbone.stage2.1.blocks.0.conv2.pointwise_conv.bn.bias - torch.Size([48]): 
PretrainedInit: load from https://download.openmmlab.com/mmdetection/v3.0/rtmdet/cspnext_rsb_pretrain/cspnext-tiny_imagenet_600e.pth 

backbone.stage2.1.attention.fc.weight - torch.Size([96, 96, 1, 1]): 
PretrainedInit: load from https://download.openmmlab.com/mmdetection/v3.0/rtmdet/cspnext_rsb_pretrain/cspnext-tiny_imagenet_600e.pth 

backbone.stage2.1.attention.fc.bias - torch.Size([96]): 
PretrainedInit: load from https://download.openmmlab.com/mmdetection/v3.0/rtmdet/cspnext_rsb_pretrain/cspnext-tiny_imagenet_600e.pth 

backbone.stage3.0.conv.weight - torch.Size([192, 96, 3, 3]): 
PretrainedInit: load from https://download.openmmlab.com/mmdetection/v3.0/rtmdet/cspnext_rsb_pretrain/cspnext-tiny_imagenet_600e.pth 

backbone.stage3.0.bn.weight - torch.Size([192]): 
PretrainedInit: load from https://download.openmmlab.com/mmdetection/v3.0/rtmdet/cspnext_rsb_pretrain/cspnext-tiny_imagenet_600e.pth 

backbone.stage3.0.bn.bias - torch.Size([192]): 
PretrainedInit: load from https://download.openmmlab.com/mmdetection/v3.0/rtmdet/cspnext_rsb_pretrain/cspnext-tiny_imagenet_600e.pth 

backbone.stage3.1.main_conv.conv.weight - torch.Size([96, 192, 1, 1]): 
PretrainedInit: load from https://download.openmmlab.com/mmdetection/v3.0/rtmdet/cspnext_rsb_pretrain/cspnext-tiny_imagenet_600e.pth 

backbone.stage3.1.main_conv.bn.weight - torch.Size([96]): 
PretrainedInit: load from https://download.openmmlab.com/mmdetection/v3.0/rtmdet/cspnext_rsb_pretrain/cspnext-tiny_imagenet_600e.pth 

backbone.stage3.1.main_conv.bn.bias - torch.Size([96]): 
PretrainedInit: load from https://download.openmmlab.com/mmdetection/v3.0/rtmdet/cspnext_rsb_pretrain/cspnext-tiny_imagenet_600e.pth 

backbone.stage3.1.short_conv.conv.weight - torch.Size([96, 192, 1, 1]): 
PretrainedInit: load from https://download.openmmlab.com/mmdetection/v3.0/rtmdet/cspnext_rsb_pretrain/cspnext-tiny_imagenet_600e.pth 

backbone.stage3.1.short_conv.bn.weight - torch.Size([96]): 
PretrainedInit: load from https://download.openmmlab.com/mmdetection/v3.0/rtmdet/cspnext_rsb_pretrain/cspnext-tiny_imagenet_600e.pth 

backbone.stage3.1.short_conv.bn.bias - torch.Size([96]): 
PretrainedInit: load from https://download.openmmlab.com/mmdetection/v3.0/rtmdet/cspnext_rsb_pretrain/cspnext-tiny_imagenet_600e.pth 

backbone.stage3.1.final_conv.conv.weight - torch.Size([192, 192, 1, 1]): 
PretrainedInit: load from https://download.openmmlab.com/mmdetection/v3.0/rtmdet/cspnext_rsb_pretrain/cspnext-tiny_imagenet_600e.pth 

backbone.stage3.1.final_conv.bn.weight - torch.Size([192]): 
PretrainedInit: load from https://download.openmmlab.com/mmdetection/v3.0/rtmdet/cspnext_rsb_pretrain/cspnext-tiny_imagenet_600e.pth 

backbone.stage3.1.final_conv.bn.bias - torch.Size([192]): 
PretrainedInit: load from https://download.openmmlab.com/mmdetection/v3.0/rtmdet/cspnext_rsb_pretrain/cspnext-tiny_imagenet_600e.pth 

backbone.stage3.1.blocks.0.conv1.conv.weight - torch.Size([96, 96, 3, 3]): 
PretrainedInit: load from https://download.openmmlab.com/mmdetection/v3.0/rtmdet/cspnext_rsb_pretrain/cspnext-tiny_imagenet_600e.pth 

backbone.stage3.1.blocks.0.conv1.bn.weight - torch.Size([96]): 
PretrainedInit: load from https://download.openmmlab.com/mmdetection/v3.0/rtmdet/cspnext_rsb_pretrain/cspnext-tiny_imagenet_600e.pth 

backbone.stage3.1.blocks.0.conv1.bn.bias - torch.Size([96]): 
PretrainedInit: load from https://download.openmmlab.com/mmdetection/v3.0/rtmdet/cspnext_rsb_pretrain/cspnext-tiny_imagenet_600e.pth 

backbone.stage3.1.blocks.0.conv2.depthwise_conv.conv.weight - torch.Size([96, 1, 5, 5]): 
PretrainedInit: load from https://download.openmmlab.com/mmdetection/v3.0/rtmdet/cspnext_rsb_pretrain/cspnext-tiny_imagenet_600e.pth 

backbone.stage3.1.blocks.0.conv2.depthwise_conv.bn.weight - torch.Size([96]): 
PretrainedInit: load from https://download.openmmlab.com/mmdetection/v3.0/rtmdet/cspnext_rsb_pretrain/cspnext-tiny_imagenet_600e.pth 

backbone.stage3.1.blocks.0.conv2.depthwise_conv.bn.bias - torch.Size([96]): 
PretrainedInit: load from https://download.openmmlab.com/mmdetection/v3.0/rtmdet/cspnext_rsb_pretrain/cspnext-tiny_imagenet_600e.pth 

backbone.stage3.1.blocks.0.conv2.pointwise_conv.conv.weight - torch.Size([96, 96, 1, 1]): 
PretrainedInit: load from https://download.openmmlab.com/mmdetection/v3.0/rtmdet/cspnext_rsb_pretrain/cspnext-tiny_imagenet_600e.pth 

backbone.stage3.1.blocks.0.conv2.pointwise_conv.bn.weight - torch.Size([96]): 
PretrainedInit: load from https://download.openmmlab.com/mmdetection/v3.0/rtmdet/cspnext_rsb_pretrain/cspnext-tiny_imagenet_600e.pth 

backbone.stage3.1.blocks.0.conv2.pointwise_conv.bn.bias - torch.Size([96]): 
PretrainedInit: load from https://download.openmmlab.com/mmdetection/v3.0/rtmdet/cspnext_rsb_pretrain/cspnext-tiny_imagenet_600e.pth 

backbone.stage3.1.attention.fc.weight - torch.Size([192, 192, 1, 1]): 
PretrainedInit: load from https://download.openmmlab.com/mmdetection/v3.0/rtmdet/cspnext_rsb_pretrain/cspnext-tiny_imagenet_600e.pth 

backbone.stage3.1.attention.fc.bias - torch.Size([192]): 
PretrainedInit: load from https://download.openmmlab.com/mmdetection/v3.0/rtmdet/cspnext_rsb_pretrain/cspnext-tiny_imagenet_600e.pth 

backbone.stage4.0.conv.weight - torch.Size([384, 192, 3, 3]): 
PretrainedInit: load from https://download.openmmlab.com/mmdetection/v3.0/rtmdet/cspnext_rsb_pretrain/cspnext-tiny_imagenet_600e.pth 

backbone.stage4.0.bn.weight - torch.Size([384]): 
PretrainedInit: load from https://download.openmmlab.com/mmdetection/v3.0/rtmdet/cspnext_rsb_pretrain/cspnext-tiny_imagenet_600e.pth 

backbone.stage4.0.bn.bias - torch.Size([384]): 
PretrainedInit: load from https://download.openmmlab.com/mmdetection/v3.0/rtmdet/cspnext_rsb_pretrain/cspnext-tiny_imagenet_600e.pth 

backbone.stage4.1.conv1.conv.weight - torch.Size([192, 384, 1, 1]): 
PretrainedInit: load from https://download.openmmlab.com/mmdetection/v3.0/rtmdet/cspnext_rsb_pretrain/cspnext-tiny_imagenet_600e.pth 

backbone.stage4.1.conv1.bn.weight - torch.Size([192]): 
PretrainedInit: load from https://download.openmmlab.com/mmdetection/v3.0/rtmdet/cspnext_rsb_pretrain/cspnext-tiny_imagenet_600e.pth 

backbone.stage4.1.conv1.bn.bias - torch.Size([192]): 
PretrainedInit: load from https://download.openmmlab.com/mmdetection/v3.0/rtmdet/cspnext_rsb_pretrain/cspnext-tiny_imagenet_600e.pth 

backbone.stage4.1.conv2.conv.weight - torch.Size([384, 768, 1, 1]): 
PretrainedInit: load from https://download.openmmlab.com/mmdetection/v3.0/rtmdet/cspnext_rsb_pretrain/cspnext-tiny_imagenet_600e.pth 

backbone.stage4.1.conv2.bn.weight - torch.Size([384]): 
PretrainedInit: load from https://download.openmmlab.com/mmdetection/v3.0/rtmdet/cspnext_rsb_pretrain/cspnext-tiny_imagenet_600e.pth 

backbone.stage4.1.conv2.bn.bias - torch.Size([384]): 
PretrainedInit: load from https://download.openmmlab.com/mmdetection/v3.0/rtmdet/cspnext_rsb_pretrain/cspnext-tiny_imagenet_600e.pth 

backbone.stage4.2.main_conv.conv.weight - torch.Size([192, 384, 1, 1]): 
PretrainedInit: load from https://download.openmmlab.com/mmdetection/v3.0/rtmdet/cspnext_rsb_pretrain/cspnext-tiny_imagenet_600e.pth 

backbone.stage4.2.main_conv.bn.weight - torch.Size([192]): 
PretrainedInit: load from https://download.openmmlab.com/mmdetection/v3.0/rtmdet/cspnext_rsb_pretrain/cspnext-tiny_imagenet_600e.pth 

backbone.stage4.2.main_conv.bn.bias - torch.Size([192]): 
PretrainedInit: load from https://download.openmmlab.com/mmdetection/v3.0/rtmdet/cspnext_rsb_pretrain/cspnext-tiny_imagenet_600e.pth 

backbone.stage4.2.short_conv.conv.weight - torch.Size([192, 384, 1, 1]): 
PretrainedInit: load from https://download.openmmlab.com/mmdetection/v3.0/rtmdet/cspnext_rsb_pretrain/cspnext-tiny_imagenet_600e.pth 

backbone.stage4.2.short_conv.bn.weight - torch.Size([192]): 
PretrainedInit: load from https://download.openmmlab.com/mmdetection/v3.0/rtmdet/cspnext_rsb_pretrain/cspnext-tiny_imagenet_600e.pth 

backbone.stage4.2.short_conv.bn.bias - torch.Size([192]): 
PretrainedInit: load from https://download.openmmlab.com/mmdetection/v3.0/rtmdet/cspnext_rsb_pretrain/cspnext-tiny_imagenet_600e.pth 

backbone.stage4.2.final_conv.conv.weight - torch.Size([384, 384, 1, 1]): 
PretrainedInit: load from https://download.openmmlab.com/mmdetection/v3.0/rtmdet/cspnext_rsb_pretrain/cspnext-tiny_imagenet_600e.pth 

backbone.stage4.2.final_conv.bn.weight - torch.Size([384]): 
PretrainedInit: load from https://download.openmmlab.com/mmdetection/v3.0/rtmdet/cspnext_rsb_pretrain/cspnext-tiny_imagenet_600e.pth 

backbone.stage4.2.final_conv.bn.bias - torch.Size([384]): 
PretrainedInit: load from https://download.openmmlab.com/mmdetection/v3.0/rtmdet/cspnext_rsb_pretrain/cspnext-tiny_imagenet_600e.pth 

backbone.stage4.2.blocks.0.conv1.conv.weight - torch.Size([192, 192, 3, 3]): 
PretrainedInit: load from https://download.openmmlab.com/mmdetection/v3.0/rtmdet/cspnext_rsb_pretrain/cspnext-tiny_imagenet_600e.pth 

backbone.stage4.2.blocks.0.conv1.bn.weight - torch.Size([192]): 
PretrainedInit: load from https://download.openmmlab.com/mmdetection/v3.0/rtmdet/cspnext_rsb_pretrain/cspnext-tiny_imagenet_600e.pth 

backbone.stage4.2.blocks.0.conv1.bn.bias - torch.Size([192]): 
PretrainedInit: load from https://download.openmmlab.com/mmdetection/v3.0/rtmdet/cspnext_rsb_pretrain/cspnext-tiny_imagenet_600e.pth 

backbone.stage4.2.blocks.0.conv2.depthwise_conv.conv.weight - torch.Size([192, 1, 5, 5]): 
PretrainedInit: load from https://download.openmmlab.com/mmdetection/v3.0/rtmdet/cspnext_rsb_pretrain/cspnext-tiny_imagenet_600e.pth 

backbone.stage4.2.blocks.0.conv2.depthwise_conv.bn.weight - torch.Size([192]): 
PretrainedInit: load from https://download.openmmlab.com/mmdetection/v3.0/rtmdet/cspnext_rsb_pretrain/cspnext-tiny_imagenet_600e.pth 

backbone.stage4.2.blocks.0.conv2.depthwise_conv.bn.bias - torch.Size([192]): 
PretrainedInit: load from https://download.openmmlab.com/mmdetection/v3.0/rtmdet/cspnext_rsb_pretrain/cspnext-tiny_imagenet_600e.pth 

backbone.stage4.2.blocks.0.conv2.pointwise_conv.conv.weight - torch.Size([192, 192, 1, 1]): 
PretrainedInit: load from https://download.openmmlab.com/mmdetection/v3.0/rtmdet/cspnext_rsb_pretrain/cspnext-tiny_imagenet_600e.pth 

backbone.stage4.2.blocks.0.conv2.pointwise_conv.bn.weight - torch.Size([192]): 
PretrainedInit: load from https://download.openmmlab.com/mmdetection/v3.0/rtmdet/cspnext_rsb_pretrain/cspnext-tiny_imagenet_600e.pth 

backbone.stage4.2.blocks.0.conv2.pointwise_conv.bn.bias - torch.Size([192]): 
PretrainedInit: load from https://download.openmmlab.com/mmdetection/v3.0/rtmdet/cspnext_rsb_pretrain/cspnext-tiny_imagenet_600e.pth 

backbone.stage4.2.attention.fc.weight - torch.Size([384, 384, 1, 1]): 
PretrainedInit: load from https://download.openmmlab.com/mmdetection/v3.0/rtmdet/cspnext_rsb_pretrain/cspnext-tiny_imagenet_600e.pth 

backbone.stage4.2.attention.fc.bias - torch.Size([384]): 
PretrainedInit: load from https://download.openmmlab.com/mmdetection/v3.0/rtmdet/cspnext_rsb_pretrain/cspnext-tiny_imagenet_600e.pth 

neck.reduce_layers.0.conv.weight - torch.Size([192, 384, 1, 1]): 
KaimingInit: a=2.23606797749979, mode=fan_in, nonlinearity=leaky_relu, distribution =uniform, bias=0 

neck.reduce_layers.0.bn.weight - torch.Size([192]): 
The value is the same before and after calling `init_weights` of RTMDet  

neck.reduce_layers.0.bn.bias - torch.Size([192]): 
The value is the same before and after calling `init_weights` of RTMDet  

neck.reduce_layers.1.conv.weight - torch.Size([96, 192, 1, 1]): 
KaimingInit: a=2.23606797749979, mode=fan_in, nonlinearity=leaky_relu, distribution =uniform, bias=0 

neck.reduce_layers.1.bn.weight - torch.Size([96]): 
The value is the same before and after calling `init_weights` of RTMDet  

neck.reduce_layers.1.bn.bias - torch.Size([96]): 
The value is the same before and after calling `init_weights` of RTMDet  

neck.top_down_blocks.0.main_conv.conv.weight - torch.Size([96, 384, 1, 1]): 
KaimingInit: a=2.23606797749979, mode=fan_in, nonlinearity=leaky_relu, distribution =uniform, bias=0 

neck.top_down_blocks.0.main_conv.bn.weight - torch.Size([96]): 
The value is the same before and after calling `init_weights` of RTMDet  

neck.top_down_blocks.0.main_conv.bn.bias - torch.Size([96]): 
The value is the same before and after calling `init_weights` of RTMDet  

neck.top_down_blocks.0.short_conv.conv.weight - torch.Size([96, 384, 1, 1]): 
KaimingInit: a=2.23606797749979, mode=fan_in, nonlinearity=leaky_relu, distribution =uniform, bias=0 

neck.top_down_blocks.0.short_conv.bn.weight - torch.Size([96]): 
The value is the same before and after calling `init_weights` of RTMDet  

neck.top_down_blocks.0.short_conv.bn.bias - torch.Size([96]): 
The value is the same before and after calling `init_weights` of RTMDet  

neck.top_down_blocks.0.final_conv.conv.weight - torch.Size([192, 192, 1, 1]): 
KaimingInit: a=2.23606797749979, mode=fan_in, nonlinearity=leaky_relu, distribution =uniform, bias=0 

neck.top_down_blocks.0.final_conv.bn.weight - torch.Size([192]): 
The value is the same before and after calling `init_weights` of RTMDet  

neck.top_down_blocks.0.final_conv.bn.bias - torch.Size([192]): 
The value is the same before and after calling `init_weights` of RTMDet  

neck.top_down_blocks.0.blocks.0.conv1.conv.weight - torch.Size([96, 96, 3, 3]): 
KaimingInit: a=2.23606797749979, mode=fan_in, nonlinearity=leaky_relu, distribution =uniform, bias=0 

neck.top_down_blocks.0.blocks.0.conv1.bn.weight - torch.Size([96]): 
The value is the same before and after calling `init_weights` of RTMDet  

neck.top_down_blocks.0.blocks.0.conv1.bn.bias - torch.Size([96]): 
The value is the same before and after calling `init_weights` of RTMDet  

neck.top_down_blocks.0.blocks.0.conv2.depthwise_conv.conv.weight - torch.Size([96, 1, 5, 5]): 
KaimingInit: a=2.23606797749979, mode=fan_in, nonlinearity=leaky_relu, distribution =uniform, bias=0 

neck.top_down_blocks.0.blocks.0.conv2.depthwise_conv.bn.weight - torch.Size([96]): 
The value is the same before and after calling `init_weights` of RTMDet  

neck.top_down_blocks.0.blocks.0.conv2.depthwise_conv.bn.bias - torch.Size([96]): 
The value is the same before and after calling `init_weights` of RTMDet  

neck.top_down_blocks.0.blocks.0.conv2.pointwise_conv.conv.weight - torch.Size([96, 96, 1, 1]): 
KaimingInit: a=2.23606797749979, mode=fan_in, nonlinearity=leaky_relu, distribution =uniform, bias=0 

neck.top_down_blocks.0.blocks.0.conv2.pointwise_conv.bn.weight - torch.Size([96]): 
The value is the same before and after calling `init_weights` of RTMDet  

neck.top_down_blocks.0.blocks.0.conv2.pointwise_conv.bn.bias - torch.Size([96]): 
The value is the same before and after calling `init_weights` of RTMDet  

neck.top_down_blocks.1.main_conv.conv.weight - torch.Size([48, 192, 1, 1]): 
KaimingInit: a=2.23606797749979, mode=fan_in, nonlinearity=leaky_relu, distribution =uniform, bias=0 

neck.top_down_blocks.1.main_conv.bn.weight - torch.Size([48]): 
The value is the same before and after calling `init_weights` of RTMDet  

neck.top_down_blocks.1.main_conv.bn.bias - torch.Size([48]): 
The value is the same before and after calling `init_weights` of RTMDet  

neck.top_down_blocks.1.short_conv.conv.weight - torch.Size([48, 192, 1, 1]): 
KaimingInit: a=2.23606797749979, mode=fan_in, nonlinearity=leaky_relu, distribution =uniform, bias=0 

neck.top_down_blocks.1.short_conv.bn.weight - torch.Size([48]): 
The value is the same before and after calling `init_weights` of RTMDet  

neck.top_down_blocks.1.short_conv.bn.bias - torch.Size([48]): 
The value is the same before and after calling `init_weights` of RTMDet  

neck.top_down_blocks.1.final_conv.conv.weight - torch.Size([96, 96, 1, 1]): 
KaimingInit: a=2.23606797749979, mode=fan_in, nonlinearity=leaky_relu, distribution =uniform, bias=0 

neck.top_down_blocks.1.final_conv.bn.weight - torch.Size([96]): 
The value is the same before and after calling `init_weights` of RTMDet  

neck.top_down_blocks.1.final_conv.bn.bias - torch.Size([96]): 
The value is the same before and after calling `init_weights` of RTMDet  

neck.top_down_blocks.1.blocks.0.conv1.conv.weight - torch.Size([48, 48, 3, 3]): 
KaimingInit: a=2.23606797749979, mode=fan_in, nonlinearity=leaky_relu, distribution =uniform, bias=0 

neck.top_down_blocks.1.blocks.0.conv1.bn.weight - torch.Size([48]): 
The value is the same before and after calling `init_weights` of RTMDet  

neck.top_down_blocks.1.blocks.0.conv1.bn.bias - torch.Size([48]): 
The value is the same before and after calling `init_weights` of RTMDet  

neck.top_down_blocks.1.blocks.0.conv2.depthwise_conv.conv.weight - torch.Size([48, 1, 5, 5]): 
KaimingInit: a=2.23606797749979, mode=fan_in, nonlinearity=leaky_relu, distribution =uniform, bias=0 

neck.top_down_blocks.1.blocks.0.conv2.depthwise_conv.bn.weight - torch.Size([48]): 
The value is the same before and after calling `init_weights` of RTMDet  

neck.top_down_blocks.1.blocks.0.conv2.depthwise_conv.bn.bias - torch.Size([48]): 
The value is the same before and after calling `init_weights` of RTMDet  

neck.top_down_blocks.1.blocks.0.conv2.pointwise_conv.conv.weight - torch.Size([48, 48, 1, 1]): 
KaimingInit: a=2.23606797749979, mode=fan_in, nonlinearity=leaky_relu, distribution =uniform, bias=0 

neck.top_down_blocks.1.blocks.0.conv2.pointwise_conv.bn.weight - torch.Size([48]): 
The value is the same before and after calling `init_weights` of RTMDet  

neck.top_down_blocks.1.blocks.0.conv2.pointwise_conv.bn.bias - torch.Size([48]): 
The value is the same before and after calling `init_weights` of RTMDet  

neck.downsamples.0.conv.weight - torch.Size([96, 96, 3, 3]): 
KaimingInit: a=2.23606797749979, mode=fan_in, nonlinearity=leaky_relu, distribution =uniform, bias=0 

neck.downsamples.0.bn.weight - torch.Size([96]): 
The value is the same before and after calling `init_weights` of RTMDet  

neck.downsamples.0.bn.bias - torch.Size([96]): 
The value is the same before and after calling `init_weights` of RTMDet  

neck.downsamples.1.conv.weight - torch.Size([192, 192, 3, 3]): 
KaimingInit: a=2.23606797749979, mode=fan_in, nonlinearity=leaky_relu, distribution =uniform, bias=0 

neck.downsamples.1.bn.weight - torch.Size([192]): 
The value is the same before and after calling `init_weights` of RTMDet  

neck.downsamples.1.bn.bias - torch.Size([192]): 
The value is the same before and after calling `init_weights` of RTMDet  

neck.bottom_up_blocks.0.main_conv.conv.weight - torch.Size([96, 192, 1, 1]): 
KaimingInit: a=2.23606797749979, mode=fan_in, nonlinearity=leaky_relu, distribution =uniform, bias=0 

neck.bottom_up_blocks.0.main_conv.bn.weight - torch.Size([96]): 
The value is the same before and after calling `init_weights` of RTMDet  

neck.bottom_up_blocks.0.main_conv.bn.bias - torch.Size([96]): 
The value is the same before and after calling `init_weights` of RTMDet  

neck.bottom_up_blocks.0.short_conv.conv.weight - torch.Size([96, 192, 1, 1]): 
KaimingInit: a=2.23606797749979, mode=fan_in, nonlinearity=leaky_relu, distribution =uniform, bias=0 

neck.bottom_up_blocks.0.short_conv.bn.weight - torch.Size([96]): 
The value is the same before and after calling `init_weights` of RTMDet  

neck.bottom_up_blocks.0.short_conv.bn.bias - torch.Size([96]): 
The value is the same before and after calling `init_weights` of RTMDet  

neck.bottom_up_blocks.0.final_conv.conv.weight - torch.Size([192, 192, 1, 1]): 
KaimingInit: a=2.23606797749979, mode=fan_in, nonlinearity=leaky_relu, distribution =uniform, bias=0 

neck.bottom_up_blocks.0.final_conv.bn.weight - torch.Size([192]): 
The value is the same before and after calling `init_weights` of RTMDet  

neck.bottom_up_blocks.0.final_conv.bn.bias - torch.Size([192]): 
The value is the same before and after calling `init_weights` of RTMDet  

neck.bottom_up_blocks.0.blocks.0.conv1.conv.weight - torch.Size([96, 96, 3, 3]): 
KaimingInit: a=2.23606797749979, mode=fan_in, nonlinearity=leaky_relu, distribution =uniform, bias=0 

neck.bottom_up_blocks.0.blocks.0.conv1.bn.weight - torch.Size([96]): 
The value is the same before and after calling `init_weights` of RTMDet  

neck.bottom_up_blocks.0.blocks.0.conv1.bn.bias - torch.Size([96]): 
The value is the same before and after calling `init_weights` of RTMDet  

neck.bottom_up_blocks.0.blocks.0.conv2.depthwise_conv.conv.weight - torch.Size([96, 1, 5, 5]): 
KaimingInit: a=2.23606797749979, mode=fan_in, nonlinearity=leaky_relu, distribution =uniform, bias=0 

neck.bottom_up_blocks.0.blocks.0.conv2.depthwise_conv.bn.weight - torch.Size([96]): 
The value is the same before and after calling `init_weights` of RTMDet  

neck.bottom_up_blocks.0.blocks.0.conv2.depthwise_conv.bn.bias - torch.Size([96]): 
The value is the same before and after calling `init_weights` of RTMDet  

neck.bottom_up_blocks.0.blocks.0.conv2.pointwise_conv.conv.weight - torch.Size([96, 96, 1, 1]): 
KaimingInit: a=2.23606797749979, mode=fan_in, nonlinearity=leaky_relu, distribution =uniform, bias=0 

neck.bottom_up_blocks.0.blocks.0.conv2.pointwise_conv.bn.weight - torch.Size([96]): 
The value is the same before and after calling `init_weights` of RTMDet  

neck.bottom_up_blocks.0.blocks.0.conv2.pointwise_conv.bn.bias - torch.Size([96]): 
The value is the same before and after calling `init_weights` of RTMDet  

neck.bottom_up_blocks.1.main_conv.conv.weight - torch.Size([192, 384, 1, 1]): 
KaimingInit: a=2.23606797749979, mode=fan_in, nonlinearity=leaky_relu, distribution =uniform, bias=0 

neck.bottom_up_blocks.1.main_conv.bn.weight - torch.Size([192]): 
The value is the same before and after calling `init_weights` of RTMDet  

neck.bottom_up_blocks.1.main_conv.bn.bias - torch.Size([192]): 
The value is the same before and after calling `init_weights` of RTMDet  

neck.bottom_up_blocks.1.short_conv.conv.weight - torch.Size([192, 384, 1, 1]): 
KaimingInit: a=2.23606797749979, mode=fan_in, nonlinearity=leaky_relu, distribution =uniform, bias=0 

neck.bottom_up_blocks.1.short_conv.bn.weight - torch.Size([192]): 
The value is the same before and after calling `init_weights` of RTMDet  

neck.bottom_up_blocks.1.short_conv.bn.bias - torch.Size([192]): 
The value is the same before and after calling `init_weights` of RTMDet  

neck.bottom_up_blocks.1.final_conv.conv.weight - torch.Size([384, 384, 1, 1]): 
KaimingInit: a=2.23606797749979, mode=fan_in, nonlinearity=leaky_relu, distribution =uniform, bias=0 

neck.bottom_up_blocks.1.final_conv.bn.weight - torch.Size([384]): 
The value is the same before and after calling `init_weights` of RTMDet  

neck.bottom_up_blocks.1.final_conv.bn.bias - torch.Size([384]): 
The value is the same before and after calling `init_weights` of RTMDet  

neck.bottom_up_blocks.1.blocks.0.conv1.conv.weight - torch.Size([192, 192, 3, 3]): 
KaimingInit: a=2.23606797749979, mode=fan_in, nonlinearity=leaky_relu, distribution =uniform, bias=0 

neck.bottom_up_blocks.1.blocks.0.conv1.bn.weight - torch.Size([192]): 
The value is the same before and after calling `init_weights` of RTMDet  

neck.bottom_up_blocks.1.blocks.0.conv1.bn.bias - torch.Size([192]): 
The value is the same before and after calling `init_weights` of RTMDet  

neck.bottom_up_blocks.1.blocks.0.conv2.depthwise_conv.conv.weight - torch.Size([192, 1, 5, 5]): 
KaimingInit: a=2.23606797749979, mode=fan_in, nonlinearity=leaky_relu, distribution =uniform, bias=0 

neck.bottom_up_blocks.1.blocks.0.conv2.depthwise_conv.bn.weight - torch.Size([192]): 
The value is the same before and after calling `init_weights` of RTMDet  

neck.bottom_up_blocks.1.blocks.0.conv2.depthwise_conv.bn.bias - torch.Size([192]): 
The value is the same before and after calling `init_weights` of RTMDet  

neck.bottom_up_blocks.1.blocks.0.conv2.pointwise_conv.conv.weight - torch.Size([192, 192, 1, 1]): 
KaimingInit: a=2.23606797749979, mode=fan_in, nonlinearity=leaky_relu, distribution =uniform, bias=0 

neck.bottom_up_blocks.1.blocks.0.conv2.pointwise_conv.bn.weight - torch.Size([192]): 
The value is the same before and after calling `init_weights` of RTMDet  

neck.bottom_up_blocks.1.blocks.0.conv2.pointwise_conv.bn.bias - torch.Size([192]): 
The value is the same before and after calling `init_weights` of RTMDet  

neck.out_convs.0.conv.weight - torch.Size([96, 96, 3, 3]): 
KaimingInit: a=2.23606797749979, mode=fan_in, nonlinearity=leaky_relu, distribution =uniform, bias=0 

neck.out_convs.0.bn.weight - torch.Size([96]): 
The value is the same before and after calling `init_weights` of RTMDet  

neck.out_convs.0.bn.bias - torch.Size([96]): 
The value is the same before and after calling `init_weights` of RTMDet  

neck.out_convs.1.conv.weight - torch.Size([96, 192, 3, 3]): 
KaimingInit: a=2.23606797749979, mode=fan_in, nonlinearity=leaky_relu, distribution =uniform, bias=0 

neck.out_convs.1.bn.weight - torch.Size([96]): 
The value is the same before and after calling `init_weights` of RTMDet  

neck.out_convs.1.bn.bias - torch.Size([96]): 
The value is the same before and after calling `init_weights` of RTMDet  

neck.out_convs.2.conv.weight - torch.Size([96, 384, 3, 3]): 
KaimingInit: a=2.23606797749979, mode=fan_in, nonlinearity=leaky_relu, distribution =uniform, bias=0 

neck.out_convs.2.bn.weight - torch.Size([96]): 
The value is the same before and after calling `init_weights` of RTMDet  

neck.out_convs.2.bn.bias - torch.Size([96]): 
The value is the same before and after calling `init_weights` of RTMDet  

bbox_head.cls_convs.0.0.conv.weight - torch.Size([96, 96, 3, 3]): 
Initialized by user-defined `init_weights` in RTMDetInsSepBNHead  

bbox_head.cls_convs.0.0.bn.weight - torch.Size([96]): 
The value is the same before and after calling `init_weights` of RTMDet  

bbox_head.cls_convs.0.0.bn.bias - torch.Size([96]): 
The value is the same before and after calling `init_weights` of RTMDet  

bbox_head.cls_convs.0.1.conv.weight - torch.Size([96, 96, 3, 3]): 
Initialized by user-defined `init_weights` in RTMDetInsSepBNHead  

bbox_head.cls_convs.0.1.bn.weight - torch.Size([96]): 
The value is the same before and after calling `init_weights` of RTMDet  

bbox_head.cls_convs.0.1.bn.bias - torch.Size([96]): 
The value is the same before and after calling `init_weights` of RTMDet  

bbox_head.cls_convs.1.0.bn.weight - torch.Size([96]): 
The value is the same before and after calling `init_weights` of RTMDet  

bbox_head.cls_convs.1.0.bn.bias - torch.Size([96]): 
The value is the same before and after calling `init_weights` of RTMDet  

bbox_head.cls_convs.1.1.bn.weight - torch.Size([96]): 
The value is the same before and after calling `init_weights` of RTMDet  

bbox_head.cls_convs.1.1.bn.bias - torch.Size([96]): 
The value is the same before and after calling `init_weights` of RTMDet  

bbox_head.cls_convs.2.0.bn.weight - torch.Size([96]): 
The value is the same before and after calling `init_weights` of RTMDet  

bbox_head.cls_convs.2.0.bn.bias - torch.Size([96]): 
The value is the same before and after calling `init_weights` of RTMDet  

bbox_head.cls_convs.2.1.bn.weight - torch.Size([96]): 
The value is the same before and after calling `init_weights` of RTMDet  

bbox_head.cls_convs.2.1.bn.bias - torch.Size([96]): 
The value is the same before and after calling `init_weights` of RTMDet  

bbox_head.kernel_convs.0.0.conv.weight - torch.Size([96, 96, 3, 3]): 
Initialized by user-defined `init_weights` in RTMDetInsSepBNHead  

bbox_head.kernel_convs.0.0.bn.weight - torch.Size([96]): 
The value is the same before and after calling `init_weights` of RTMDet  

bbox_head.kernel_convs.0.0.bn.bias - torch.Size([96]): 
The value is the same before and after calling `init_weights` of RTMDet  

bbox_head.kernel_convs.0.1.conv.weight - torch.Size([96, 96, 3, 3]): 
Initialized by user-defined `init_weights` in RTMDetInsSepBNHead  

bbox_head.kernel_convs.0.1.bn.weight - torch.Size([96]): 
The value is the same before and after calling `init_weights` of RTMDet  

bbox_head.kernel_convs.0.1.bn.bias - torch.Size([96]): 
The value is the same before and after calling `init_weights` of RTMDet  

bbox_head.kernel_convs.1.0.conv.weight - torch.Size([96, 96, 3, 3]): 
Initialized by user-defined `init_weights` in RTMDetInsSepBNHead  

bbox_head.kernel_convs.1.0.bn.weight - torch.Size([96]): 
The value is the same before and after calling `init_weights` of RTMDet  

bbox_head.kernel_convs.1.0.bn.bias - torch.Size([96]): 
The value is the same before and after calling `init_weights` of RTMDet  

bbox_head.kernel_convs.1.1.conv.weight - torch.Size([96, 96, 3, 3]): 
Initialized by user-defined `init_weights` in RTMDetInsSepBNHead  

bbox_head.kernel_convs.1.1.bn.weight - torch.Size([96]): 
The value is the same before and after calling `init_weights` of RTMDet  

bbox_head.kernel_convs.1.1.bn.bias - torch.Size([96]): 
The value is the same before and after calling `init_weights` of RTMDet  

bbox_head.kernel_convs.2.0.conv.weight - torch.Size([96, 96, 3, 3]): 
Initialized by user-defined `init_weights` in RTMDetInsSepBNHead  

bbox_head.kernel_convs.2.0.bn.weight - torch.Size([96]): 
The value is the same before and after calling `init_weights` of RTMDet  

bbox_head.kernel_convs.2.0.bn.bias - torch.Size([96]): 
The value is the same before and after calling `init_weights` of RTMDet  

bbox_head.kernel_convs.2.1.conv.weight - torch.Size([96, 96, 3, 3]): 
Initialized by user-defined `init_weights` in RTMDetInsSepBNHead  

bbox_head.kernel_convs.2.1.bn.weight - torch.Size([96]): 
The value is the same before and after calling `init_weights` of RTMDet  

bbox_head.kernel_convs.2.1.bn.bias - torch.Size([96]): 
The value is the same before and after calling `init_weights` of RTMDet  

bbox_head.rtm_cls.0.weight - torch.Size([1, 96, 1, 1]): 
Initialized by user-defined `init_weights` in RTMDetInsSepBNHead  

bbox_head.rtm_cls.0.bias - torch.Size([1]): 
Initialized by user-defined `init_weights` in RTMDetInsSepBNHead  

bbox_head.rtm_cls.1.weight - torch.Size([1, 96, 1, 1]): 
Initialized by user-defined `init_weights` in RTMDetInsSepBNHead  

bbox_head.rtm_cls.1.bias - torch.Size([1]): 
Initialized by user-defined `init_weights` in RTMDetInsSepBNHead  

bbox_head.rtm_cls.2.weight - torch.Size([1, 96, 1, 1]): 
Initialized by user-defined `init_weights` in RTMDetInsSepBNHead  

bbox_head.rtm_cls.2.bias - torch.Size([1]): 
Initialized by user-defined `init_weights` in RTMDetInsSepBNHead  

bbox_head.rtm_reg.0.weight - torch.Size([4, 96, 1, 1]): 
Initialized by user-defined `init_weights` in RTMDetInsSepBNHead  

bbox_head.rtm_reg.0.bias - torch.Size([4]): 
Initialized by user-defined `init_weights` in RTMDetInsSepBNHead  

bbox_head.rtm_reg.1.weight - torch.Size([4, 96, 1, 1]): 
Initialized by user-defined `init_weights` in RTMDetInsSepBNHead  

bbox_head.rtm_reg.1.bias - torch.Size([4]): 
Initialized by user-defined `init_weights` in RTMDetInsSepBNHead  

bbox_head.rtm_reg.2.weight - torch.Size([4, 96, 1, 1]): 
Initialized by user-defined `init_weights` in RTMDetInsSepBNHead  

bbox_head.rtm_reg.2.bias - torch.Size([4]): 
Initialized by user-defined `init_weights` in RTMDetInsSepBNHead  

bbox_head.rtm_kernel.0.weight - torch.Size([169, 96, 1, 1]): 
Initialized by user-defined `init_weights` in RTMDetInsSepBNHead  

bbox_head.rtm_kernel.0.bias - torch.Size([169]): 
Initialized by user-defined `init_weights` in RTMDetInsSepBNHead  

bbox_head.rtm_kernel.1.weight - torch.Size([169, 96, 1, 1]): 
Initialized by user-defined `init_weights` in RTMDetInsSepBNHead  

bbox_head.rtm_kernel.1.bias - torch.Size([169]): 
Initialized by user-defined `init_weights` in RTMDetInsSepBNHead  

bbox_head.rtm_kernel.2.weight - torch.Size([169, 96, 1, 1]): 
Initialized by user-defined `init_weights` in RTMDetInsSepBNHead  

bbox_head.rtm_kernel.2.bias - torch.Size([169]): 
Initialized by user-defined `init_weights` in RTMDetInsSepBNHead  

bbox_head.mask_head.fusion_conv.weight - torch.Size([96, 288, 1, 1]): 
Initialized by user-defined `init_weights` in RTMDetInsSepBNHead  

bbox_head.mask_head.fusion_conv.bias - torch.Size([96]): 
Initialized by user-defined `init_weights` in RTMDetInsSepBNHead  

bbox_head.mask_head.stacked_convs.0.conv.weight - torch.Size([96, 96, 3, 3]): 
Initialized by user-defined `init_weights` in RTMDetInsSepBNHead  

bbox_head.mask_head.stacked_convs.0.bn.weight - torch.Size([96]): 
The value is the same before and after calling `init_weights` of RTMDet  

bbox_head.mask_head.stacked_convs.0.bn.bias - torch.Size([96]): 
The value is the same before and after calling `init_weights` of RTMDet  

bbox_head.mask_head.stacked_convs.1.conv.weight - torch.Size([96, 96, 3, 3]): 
Initialized by user-defined `init_weights` in RTMDetInsSepBNHead  

bbox_head.mask_head.stacked_convs.1.bn.weight - torch.Size([96]): 
The value is the same before and after calling `init_weights` of RTMDet  

bbox_head.mask_head.stacked_convs.1.bn.bias - torch.Size([96]): 
The value is the same before and after calling `init_weights` of RTMDet  

bbox_head.mask_head.stacked_convs.2.conv.weight - torch.Size([96, 96, 3, 3]): 
Initialized by user-defined `init_weights` in RTMDetInsSepBNHead  

bbox_head.mask_head.stacked_convs.2.bn.weight - torch.Size([96]): 
The value is the same before and after calling `init_weights` of RTMDet  

bbox_head.mask_head.stacked_convs.2.bn.bias - torch.Size([96]): 
The value is the same before and after calling `init_weights` of RTMDet  

bbox_head.mask_head.stacked_convs.3.conv.weight - torch.Size([96, 96, 3, 3]): 
Initialized by user-defined `init_weights` in RTMDetInsSepBNHead  

bbox_head.mask_head.stacked_convs.3.bn.weight - torch.Size([96]): 
The value is the same before and after calling `init_weights` of RTMDet  

bbox_head.mask_head.stacked_convs.3.bn.bias - torch.Size([96]): 
The value is the same before and after calling `init_weights` of RTMDet  

bbox_head.mask_head.projection.weight - torch.Size([8, 96, 1, 1]): 
Initialized by user-defined `init_weights` in RTMDetInsSepBNHead  

bbox_head.mask_head.projection.bias - torch.Size([8]): 
Initialized by user-defined `init_weights` in RTMDetInsSepBNHead  
2026/08/05 12:44:15 - mmengine - INFO - Load checkpoint from https://download.openmmlab.com/mmdetection/v3.0/rtmdet/rtmdet-ins_tiny_8xb32-300e_coco/rtmdet-ins_tiny_8xb32-300e_coco_20221130_151727-ec670f7e.pth
2026/08/05 12:44:15 - mmengine - WARNING - "FileClient" will be deprecated in future. Please use io functions in https://mmengine.readthedocs.io/en/latest/api/fileio.html#file-io
2026/08/05 12:44:15 - mmengine - WARNING - "HardDiskBackend" is the alias of "LocalBackend" and the former will be deprecated in future.
2026/08/05 12:44:15 - mmengine - INFO - Checkpoints will be saved to d:\mamografi\real_time_segmentasyon\rtmdet\calisma\rtmdet_ins_tiny_256_orta.
2026/08/05 12:44:19 - mmengine - INFO - Epoch(train)   [1][10/68]  base_lr: 5.7726e-06 lr: 5.7726e-06  eta: 0:42:56  time: 0.3795  data_time: 0.1199  memory: 598  grad_norm: 82.6826  loss: 2.9741  loss_cls: 1.7190  loss_bbox: 0.8080  loss_mask: 0.4471
2026/08/05 12:44:22 - mmengine - INFO - Epoch(train)   [1][20/68]  base_lr: 1.2048e-05 lr: 1.2048e-05  eta: 0:40:10  time: 0.3555  data_time: 0.1218  memory: 596  grad_norm: 76.3383  loss: 3.0222  loss_cls: 1.8073  loss_bbox: 0.7758  loss_mask: 0.4392
2026/08/05 12:44:26 - mmengine - INFO - Epoch(train)   [1][30/68]  base_lr: 1.8323e-05 lr: 1.8323e-05  eta: 0:39:57  time: 0.3541  data_time: 0.1260  memory: 597  grad_norm: 78.2466  loss: 3.0246  loss_cls: 1.8476  loss_bbox: 0.7598  loss_mask: 0.4171
2026/08/05 12:44:29 - mmengine - INFO - Epoch(train)   [1][40/68]  base_lr: 2.4598e-05 lr: 2.4598e-05  eta: 0:39:21  time: 0.3494  data_time: 0.1245  memory: 597  grad_norm: 82.2279  loss: 3.0240  loss_cls: 1.8607  loss_bbox: 0.7533  loss_mask: 0.4100
2026/08/05 12:44:33 - mmengine - INFO - Epoch(train)   [1][50/68]  base_lr: 3.0873e-05 lr: 3.0873e-05  eta: 0:38:59  time: 0.3465  data_time: 0.1246  memory: 596  grad_norm: 85.2760  loss: 3.0188  loss_cls: 1.8725  loss_bbox: 0.7459  loss_mask: 0.4004
2026/08/05 12:44:36 - mmengine - INFO - Epoch(train)   [1][60/68]  base_lr: 3.7148e-05 lr: 3.7148e-05  eta: 0:38:55  time: 0.3398  data_time: 0.1264  memory: 597  grad_norm: 86.1188  loss: 3.0318  loss_cls: 1.9102  loss_bbox: 0.7306  loss_mask: 0.3910
2026/08/05 12:44:39 - mmengine - INFO - Exp name: rtmdet_ins_busi_20260805_124409
2026/08/05 12:44:39 - mmengine - INFO - Saving checkpoint at 1 epochs
2026/08/05 12:44:41 - mmengine - INFO - Epoch(val)   [1][ 10/116]    eta: 0:00:02  time: 0.0237  data_time: 0.0079  memory: 597  
2026/08/05 12:44:41 - mmengine - INFO - Epoch(val)   [1][ 20/116]    eta: 0:00:02  time: 0.0241  data_time: 0.0053  memory: 94  
2026/08/05 12:44:41 - mmengine - INFO - Epoch(val)   [1][ 30/116]    eta: 0:00:02  time: 0.0247  data_time: 0.0061  memory: 94  
2026/08/05 12:44:42 - mmengine - INFO - Epoch(val)   [1][ 40/116]    eta: 0:00:01  time: 0.0240  data_time: 0.0051  memory: 94  
2026/08/05 12:44:42 - mmengine - INFO - Epoch(val)   [1][ 50/116]    eta: 0:00:01  time: 0.0243  data_time: 0.0052  memory: 94  
2026/08/05 12:44:42 - mmengine - INFO - Epoch(val)   [1][ 60/116]    eta: 0:00:01  time: 0.0240  data_time: 0.0048  memory: 94  
2026/08/05 12:44:42 - mmengine - INFO - Epoch(val)   [1][ 70/116]    eta: 0:00:01  time: 0.0235  data_time: 0.0048  memory: 94  
2026/08/05 12:44:43 - mmengine - INFO - Epoch(val)   [1][ 80/116]    eta: 0:00:00  time: 0.0228  data_time: 0.0045  memory: 94  
2026/08/05 12:44:43 - mmengine - INFO - Epoch(val)   [1][ 90/116]    eta: 0:00:00  time: 0.0233  data_time: 0.0056  memory: 94  
2026/08/05 12:44:43 - mmengine - INFO - Epoch(val)   [1][100/116]    eta: 0:00:00  time: 0.0230  data_time: 0.0058  memory: 94  
2026/08/05 12:44:43 - mmengine - INFO - Epoch(val)   [1][110/116]    eta: 0:00:00  time: 0.0231  data_time: 0.0055  memory: 94  
2026/08/05 12:44:43 - mmengine - INFO - Evaluating bbox...
2026/08/05 12:44:43 - mmengine - ERROR - D:\mamografi\.venv_mmdet\lib\site-packages\mmdet\evaluation\metrics\coco_metric.py - compute_metrics - 465 - The testing results of the whole dataset is empty.
2026/08/05 12:44:43 - mmengine - INFO - Epoch(val) [1][116/116]    data_time: 0.0054  time: 0.0237
2026/08/05 12:44:43 - mmengine - WARNING - Since `metrics` is an empty dict, the behavior to save the best checkpoint will be skipped in this evaluation.
2026/08/05 12:44:47 - mmengine - INFO - Epoch(train)   [2][10/68]  base_lr: 4.8443e-05 lr: 4.8443e-05  eta: 0:38:48  time: 0.3408  data_time: 0.1251  memory: 599  grad_norm: 83.1991  loss: 3.0214  loss_cls: 1.9429  loss_bbox: 0.7134  loss_mask: 0.3651
2026/08/05 12:44:51 - mmengine - INFO - Epoch(train)   [2][20/68]  base_lr: 5.4719e-05 lr: 5.4719e-05  eta: 0:38:46  time: 0.3440  data_time: 0.1246  memory: 598  grad_norm: 79.4067  loss: 3.0241  loss_cls: 1.9657  loss_bbox: 0.7021  loss_mask: 0.3563
2026/08/05 12:44:54 - mmengine - INFO - Epoch(train)   [2][30/68]  base_lr: 6.0994e-05 lr: 6.0994e-05  eta: 0:38:40  time: 0.3448  data_time: 0.1259  memory: 599  grad_norm: 68.0784  loss: 3.0213  loss_cls: 1.9820  loss_bbox: 0.6917  loss_mask: 0.3475
2026/08/05 12:44:57 - mmengine - INFO - Epoch(train)   [2][40/68]  base_lr: 6.7269e-05 lr: 6.7269e-05  eta: 0:38:39  time: 0.3461  data_time: 0.1270  memory: 600  grad_norm: 71.1896  loss: 3.0047  loss_cls: 1.9982  loss_bbox: 0.6781  loss_mask: 0.3284
2026/08/05 12:45:01 - mmengine - INFO - Epoch(train)   [2][50/68]  base_lr: 7.3544e-05 lr: 7.3544e-05  eta: 0:38:14  time: 0.3422  data_time: 0.1238  memory: 599  grad_norm: 86.8570  loss: 2.9919  loss_cls: 2.0174  loss_bbox: 0.6616  loss_mask: 0.3129
2026/08/05 12:45:04 - mmengine - INFO - Epoch(train)   [2][60/68]  base_lr: 7.9819e-05 lr: 7.9819e-05  eta: 0:38:05  time: 0.3366  data_time: 0.1221  memory: 598  grad_norm: 93.5438  loss: 2.9698  loss_cls: 1.9959  loss_bbox: 0.6589  loss_mask: 0.3150
2026/08/05 12:45:06 - mmengine - INFO - Exp name: rtmdet_ins_busi_20260805_124409
2026/08/05 12:45:06 - mmengine - INFO - Saving checkpoint at 2 epochs
2026/08/05 12:45:09 - mmengine - INFO - Epoch(val)   [2][ 10/116]    eta: 0:00:02  time: 0.0233  data_time: 0.0064  memory: 597  
2026/08/05 12:45:09 - mmengine - INFO - Epoch(val)   [2][ 20/116]    eta: 0:00:02  time: 0.0231  data_time: 0.0061  memory: 94  
2026/08/05 12:45:09 - mmengine - INFO - Epoch(val)   [2][ 30/116]    eta: 0:00:01  time: 0.0229  data_time: 0.0055  memory: 94  
2026/08/05 12:45:09 - mmengine - INFO - Epoch(val)   [2][ 40/116]    eta: 0:00:01  time: 0.0228  data_time: 0.0050  memory: 94  
2026/08/05 12:45:09 - mmengine - INFO - Epoch(val)   [2][ 50/116]    eta: 0:00:01  time: 0.0223  data_time: 0.0048  memory: 94  
2026/08/05 12:45:10 - mmengine - INFO - Epoch(val)   [2][ 60/116]    eta: 0:00:01  time: 0.0227  data_time: 0.0049  memory: 94  
2026/08/05 12:45:10 - mmengine - INFO - Epoch(val)   [2][ 70/116]    eta: 0:00:01  time: 0.0230  data_time: 0.0047  memory: 94  
2026/08/05 12:45:10 - mmengine - INFO - Epoch(val)   [2][ 80/116]    eta: 0:00:00  time: 0.0227  data_time: 0.0045  memory: 94  
2026/08/05 12:45:10 - mmengine - INFO - Epoch(val)   [2][ 90/116]    eta: 0:00:00  time: 0.0228  data_time: 0.0047  memory: 94  
2026/08/05 12:45:11 - mmengine - INFO - Epoch(val)   [2][100/116]    eta: 0:00:00  time: 0.0229  data_time: 0.0046  memory: 94  
2026/08/05 12:45:11 - mmengine - INFO - Epoch(val)   [2][110/116]    eta: 0:00:00  time: 0.0224  data_time: 0.0040  memory: 94  
2026/08/05 12:45:11 - mmengine - INFO - Evaluating bbox...
2026/08/05 12:45:11 - mmengine - INFO - bbox_mAP_copypaste: 0.021 0.030 0.030 0.000 0.000 0.028
2026/08/05 12:45:11 - mmengine - INFO - Evaluating segm...
2026/08/05 12:45:11 - mmengine - INFO - segm_mAP_copypaste: 0.027 0.030 0.030 0.000 0.000 0.036
2026/08/05 12:45:11 - mmengine - INFO - Epoch(val) [2][116/116]    coco/bbox_mAP: 0.0210  coco/bbox_mAP_50: 0.0300  coco/bbox_mAP_75: 0.0300  coco/bbox_mAP_s: 0.0000  coco/bbox_mAP_m: 0.0000  coco/bbox_mAP_l: 0.0280  coco/segm_mAP: 0.0270  coco/segm_mAP_50: 0.0300  coco/segm_mAP_75: 0.0300  coco/segm_mAP_s: 0.0000  coco/segm_mAP_m: 0.0000  coco/segm_mAP_l: 0.0360  data_time: 0.0047  time: 0.0225
2026/08/05 12:45:13 - mmengine - INFO - The best checkpoint with 0.0270 coco/segm_mAP at 2 epoch is saved to best_coco_segm_mAP_epoch_2.pth.
2026/08/05 12:45:18 - mmengine - INFO - Epoch(train)   [3][10/68]  base_lr: 9.1114e-05 lr: 9.1114e-05  eta: 0:38:03  time: 0.3371  data_time: 0.1223  memory: 600  grad_norm: 88.7130  loss: 2.8859  loss_cls: 1.9569  loss_bbox: 0.6382  loss_mask: 0.2908
2026/08/05 12:45:22 - mmengine - INFO - Epoch(train)   [3][20/68]  base_lr: 9.7389e-05 lr: 9.7389e-05  eta: 0:37:57  time: 0.3357  data_time: 0.1214  memory: 599  grad_norm: 86.6081  loss: 2.8139  loss_cls: 1.9106  loss_bbox: 0.6224  loss_mask: 0.2810
2026/08/05 12:45:25 - mmengine - INFO - Epoch(train)   [3][30/68]  base_lr: 1.0366e-04 lr: 1.0366e-04  eta: 0:37:46  time: 0.3355  data_time: 0.1213  memory: 599  grad_norm: 70.2467  loss: 2.6991  loss_cls: 1.8233  loss_bbox: 0.6032  loss_mask: 0.2726
2026/08/05 12:45:28 - mmengine - INFO - Epoch(train)   [3][40/68]  base_lr: 1.0994e-04 lr: 1.0994e-04  eta: 0:37:44  time: 0.3392  data_time: 0.1237  memory: 600  grad_norm: 51.5093  loss: 2.4970  loss_cls: 1.6840  loss_bbox: 0.5678  loss_mask: 0.2452
2026/08/05 12:45:32 - mmengine - INFO - Epoch(train)   [3][50/68]  base_lr: 1.1621e-04 lr: 1.1621e-04  eta: 0:37:41  time: 0.3432  data_time: 0.1271  memory: 600  grad_norm: 46.2897  loss: 2.2376  loss_cls: 1.4543  loss_bbox: 0.5497  loss_mask: 0.2336
2026/08/05 12:45:35 - mmengine - INFO - Epoch(train)   [3][60/68]  base_lr: 1.2249e-04 lr: 1.2249e-04  eta: 0:37:33  time: 0.3356  data_time: 0.1253  memory: 601  grad_norm: 44.6780  loss: 1.9570  loss_cls: 1.2036  loss_bbox: 0.5274  loss_mask: 0.2260
2026/08/05 12:45:37 - mmengine - INFO - Exp name: rtmdet_ins_busi_20260805_124409
2026/08/05 12:45:37 - mmengine - INFO - Saving checkpoint at 3 epochs
2026/08/05 12:45:40 - mmengine - INFO - Epoch(val)   [3][ 10/116]    eta: 0:00:03  time: 0.0239  data_time: 0.0049  memory: 598  
2026/08/05 12:45:40 - mmengine - INFO - Epoch(val)   [3][ 20/116]    eta: 0:00:02  time: 0.0256  data_time: 0.0052  memory: 154  
2026/08/05 12:45:40 - mmengine - INFO - Epoch(val)   [3][ 30/116]    eta: 0:00:02  time: 0.0265  data_time: 0.0049  memory: 117  
2026/08/05 12:45:41 - mmengine - INFO - Epoch(val)   [3][ 40/116]    eta: 0:00:02  time: 0.0275  data_time: 0.0045  memory: 116  
2026/08/05 12:45:41 - mmengine - INFO - Epoch(val)   [3][ 50/116]    eta: 0:00:01  time: 0.0296  data_time: 0.0042  memory: 125  
2026/08/05 12:45:41 - mmengine - INFO - Epoch(val)   [3][ 60/116]    eta: 0:00:01  time: 0.0300  data_time: 0.0039  memory: 147  
2026/08/05 12:45:42 - mmengine - INFO - Epoch(val)   [3][ 70/116]    eta: 0:00:01  time: 0.0298  data_time: 0.0037  memory: 134  
2026/08/05 12:45:42 - mmengine - INFO - Epoch(val)   [3][ 80/116]    eta: 0:00:01  time: 0.0303  data_time: 0.0040  memory: 117  
2026/08/05 12:45:42 - mmengine - INFO - Epoch(val)   [3][ 90/116]    eta: 0:00:00  time: 0.0313  data_time: 0.0043  memory: 151  
2026/08/05 12:45:42 - mmengine - INFO - Epoch(val)   [3][100/116]    eta: 0:00:00  time: 0.0312  data_time: 0.0051  memory: 169  
2026/08/05 12:45:43 - mmengine - INFO - Epoch(val)   [3][110/116]    eta: 0:00:00  time: 0.0306  data_time: 0.0043  memory: 132  
2026/08/05 12:45:43 - mmengine - INFO - Evaluating bbox...
2026/08/05 12:45:43 - mmengine - INFO - bbox_mAP_copypaste: 0.398 0.746 0.343 0.000 0.515 0.346
2026/08/05 12:45:43 - mmengine - INFO - Evaluating segm...
2026/08/05 12:45:43 - mmengine - INFO - segm_mAP_copypaste: 0.314 0.481 0.358 0.000 0.435 0.265
2026/08/05 12:45:43 - mmengine - INFO - Epoch(val) [3][116/116]    coco/bbox_mAP: 0.3980  coco/bbox_mAP_50: 0.7460  coco/bbox_mAP_75: 0.3430  coco/bbox_mAP_s: 0.0000  coco/bbox_mAP_m: 0.5150  coco/bbox_mAP_l: 0.3460  coco/segm_mAP: 0.3140  coco/segm_mAP_50: 0.4810  coco/segm_mAP_75: 0.3580  coco/segm_mAP_s: 0.0000  coco/segm_mAP_m: 0.4350  coco/segm_mAP_l: 0.2650  data_time: 0.0045  time: 0.0304
2026/08/05 12:45:43 - mmengine - INFO - The previous best checkpoint d:\mamografi\real_time_segmentasyon\rtmdet\calisma\rtmdet_ins_tiny_256_orta\best_coco_segm_mAP_epoch_2.pth is removed
2026/08/05 12:45:45 - mmengine - INFO - The best checkpoint with 0.3140 coco/segm_mAP at 3 epoch is saved to best_coco_segm_mAP_epoch_3.pth.
2026/08/05 12:45:50 - mmengine - INFO - Epoch(train)   [4][10/68]  base_lr: 1.2500e-04 lr: 1.2500e-04  eta: 0:37:24  time: 0.3388  data_time: 0.1239  memory: 600  grad_norm: 40.5622  loss: 1.4953  loss_cls: 0.7842  loss_bbox: 0.5047  loss_mask: 0.2064
2026/08/05 12:45:54 - mmengine - INFO - Epoch(train)   [4][20/68]  base_lr: 1.2500e-04 lr: 1.2500e-04  eta: 0:37:21  time: 0.3371  data_time: 0.1204  memory: 598  grad_norm: 37.0373  loss: 1.3252  loss_cls: 0.6248  loss_bbox: 0.4935  loss_mask: 0.2069
2026/08/05 12:45:57 - mmengine - INFO - Epoch(train)   [4][30/68]  base_lr: 1.2500e-04 lr: 1.2500e-04  eta: 0:37:18  time: 0.3363  data_time: 0.1179  memory: 600  grad_norm: 35.6903  loss: 1.2477  loss_cls: 0.5542  loss_bbox: 0.4865  loss_mask: 0.2070
2026/08/05 12:46:01 - mmengine - INFO - Epoch(train)   [4][40/68]  base_lr: 1.2500e-04 lr: 1.2500e-04  eta: 0:37:22  time: 0.3444  data_time: 0.1237  memory: 599  grad_norm: 32.6898  loss: 1.1731  loss_cls: 0.4984  loss_bbox: 0.4765  loss_mask: 0.1982
2026/08/05 12:46:04 - mmengine - INFO - Epoch(train)   [4][50/68]  base_lr: 1.2500e-04 lr: 1.2500e-04  eta: 0:37:13  time: 0.3452  data_time: 0.1256  memory: 598  grad_norm: 27.8250  loss: 1.1276  loss_cls: 0.4705  loss_bbox: 0.4614  loss_mask: 0.1957
2026/08/05 12:46:07 - mmengine - INFO - Epoch(train)   [4][60/68]  base_lr: 1.2500e-04 lr: 1.2500e-04  eta: 0:37:03  time: 0.3380  data_time: 0.1254  memory: 598  grad_norm: 26.4410  loss: 1.1079  loss_cls: 0.4511  loss_bbox: 0.4598  loss_mask: 0.1970
2026/08/05 12:46:10 - mmengine - INFO - Exp name: rtmdet_ins_busi_20260805_124409
2026/08/05 12:46:10 - mmengine - INFO - Saving checkpoint at 4 epochs
2026/08/05 12:46:12 - mmengine - INFO - Epoch(val)   [4][ 10/116]    eta: 0:00:03  time: 0.0310  data_time: 0.0048  memory: 599  
2026/08/05 12:46:12 - mmengine - INFO - Epoch(val)   [4][ 20/116]    eta: 0:00:02  time: 0.0310  data_time: 0.0051  memory: 154  
2026/08/05 12:46:12 - mmengine - INFO - Epoch(val)   [4][ 30/116]    eta: 0:00:02  time: 0.0296  data_time: 0.0046  memory: 159  
2026/08/05 12:46:13 - mmengine - INFO - Epoch(val)   [4][ 40/116]    eta: 0:00:02  time: 0.0290  data_time: 0.0048  memory: 129  
2026/08/05 12:46:13 - mmengine - INFO - Epoch(val)   [4][ 50/116]    eta: 0:00:01  time: 0.0287  data_time: 0.0047  memory: 172  
2026/08/05 12:46:13 - mmengine - INFO - Epoch(val)   [4][ 60/116]    eta: 0:00:01  time: 0.0292  data_time: 0.0046  memory: 194  
2026/08/05 12:46:14 - mmengine - INFO - Epoch(val)   [4][ 70/116]    eta: 0:00:01  time: 0.0294  data_time: 0.0052  memory: 148  
2026/08/05 12:46:14 - mmengine - INFO - Epoch(val)   [4][ 80/116]    eta: 0:00:01  time: 0.0309  data_time: 0.0055  memory: 171  
2026/08/05 12:46:14 - mmengine - INFO - Epoch(val)   [4][ 90/116]    eta: 0:00:00  time: 0.0319  data_time: 0.0059  memory: 157  
2026/08/05 12:46:15 - mmengine - INFO - Epoch(val)   [4][100/116]    eta: 0:00:00  time: 0.0318  data_time: 0.0058  memory: 183  
2026/08/05 12:46:15 - mmengine - INFO - Epoch(val)   [4][110/116]    eta: 0:00:00  time: 0.0314  data_time: 0.0058  memory: 153  
2026/08/05 12:46:15 - mmengine - INFO - Evaluating bbox...
2026/08/05 12:46:15 - mmengine - INFO - bbox_mAP_copypaste: 0.367 0.806 0.236 0.000 0.418 0.355
2026/08/05 12:46:15 - mmengine - INFO - Evaluating segm...
2026/08/05 12:46:15 - mmengine - INFO - segm_mAP_copypaste: 0.320 0.515 0.352 0.000 0.410 0.283
2026/08/05 12:46:15 - mmengine - INFO - Epoch(val) [4][116/116]    coco/bbox_mAP: 0.3670  coco/bbox_mAP_50: 0.8060  coco/bbox_mAP_75: 0.2360  coco/bbox_mAP_s: 0.0000  coco/bbox_mAP_m: 0.4180  coco/bbox_mAP_l: 0.3550  coco/segm_mAP: 0.3200  coco/segm_mAP_50: 0.5150  coco/segm_mAP_75: 0.3520  coco/segm_mAP_s: 0.0000  coco/segm_mAP_m: 0.4100  coco/segm_mAP_l: 0.2830  data_time: 0.0052  time: 0.0302
2026/08/05 12:46:15 - mmengine - INFO - The previous best checkpoint d:\mamografi\real_time_segmentasyon\rtmdet\calisma\rtmdet_ins_tiny_256_orta\best_coco_segm_mAP_epoch_3.pth is removed
2026/08/05 12:46:17 - mmengine - INFO - The best checkpoint with 0.3200 coco/segm_mAP at 4 epoch is saved to best_coco_segm_mAP_epoch_4.pth.
2026/08/05 12:46:22 - mmengine - INFO - Epoch(train)   [5][10/68]  base_lr: 1.2500e-04 lr: 1.2500e-04  eta: 0:36:49  time: 0.3320  data_time: 0.1219  memory: 598  grad_norm: 25.2755  loss: 1.0541  loss_cls: 0.4238  loss_bbox: 0.4446  loss_mask: 0.1858
2026/08/05 12:46:25 - mmengine - INFO - Epoch(train)   [5][20/68]  base_lr: 1.2500e-04 lr: 1.2500e-04  eta: 0:36:45  time: 0.3239  data_time: 0.1169  memory: 599  grad_norm: 26.6164  loss: 1.0575  loss_cls: 0.4301  loss_bbox: 0.4436  loss_mask: 0.1839
2026/08/05 12:46:29 - mmengine - INFO - Epoch(train)   [5][30/68]  base_lr: 1.2500e-04 lr: 1.2500e-04  eta: 0:36:39  time: 0.3230  data_time: 0.1167  memory: 600  grad_norm: 25.3539  loss: 1.0307  loss_cls: 0.4166  loss_bbox: 0.4382  loss_mask: 0.1759
2026/08/05 12:46:32 - mmengine - INFO - Epoch(train)   [5][40/68]  base_lr: 1.2500e-04 lr: 1.2500e-04  eta: 0:36:37  time: 0.3298  data_time: 0.1199  memory: 603  grad_norm: 25.5293  loss: 1.0177  loss_cls: 0.4122  loss_bbox: 0.4327  loss_mask: 0.1728
2026/08/05 12:46:35 - mmengine - INFO - Epoch(train)   [5][50/68]  base_lr: 1.2500e-04 lr: 1.2500e-04  eta: 0:36:32  time: 0.3324  data_time: 0.1230  memory: 601  grad_norm: 24.0628  loss: 1.0221  loss_cls: 0.4074  loss_bbox: 0.4387  loss_mask: 0.1760
2026/08/05 12:46:39 - mmengine - INFO - Epoch(train)   [5][60/68]  base_lr: 1.2500e-04 lr: 1.2500e-04  eta: 0:36:26  time: 0.3321  data_time: 0.1220  memory: 598  grad_norm: 23.6955  loss: 1.0373  loss_cls: 0.4141  loss_bbox: 0.4427  loss_mask: 0.1805
2026/08/05 12:46:41 - mmengine - INFO - Exp name: rtmdet_ins_busi_20260805_124409
2026/08/05 12:46:41 - mmengine - INFO - Saving checkpoint at 5 epochs
2026/08/05 12:46:44 - mmengine - INFO - Epoch(val)   [5][ 10/116]    eta: 0:00:03  time: 0.0311  data_time: 0.0052  memory: 600  
2026/08/05 12:46:44 - mmengine - INFO - Epoch(val)   [5][ 20/116]    eta: 0:00:03  time: 0.0311  data_time: 0.0048  memory: 157  
2026/08/05 12:46:44 - mmengine - INFO - Epoch(val)   [5][ 30/116]    eta: 0:00:02  time: 0.0301  data_time: 0.0041  memory: 149  
2026/08/05 12:46:45 - mmengine - INFO - Epoch(val)   [5][ 40/116]    eta: 0:00:02  time: 0.0297  data_time: 0.0047  memory: 135  
2026/08/05 12:46:45 - mmengine - INFO - Epoch(val)   [5][ 50/116]    eta: 0:00:02  time: 0.0309  data_time: 0.0043  memory: 181  
2026/08/05 12:46:45 - mmengine - INFO - Epoch(val)   [5][ 60/116]    eta: 0:00:01  time: 0.0313  data_time: 0.0052  memory: 174  
2026/08/05 12:46:46 - mmengine - INFO - Epoch(val)   [5][ 70/116]    eta: 0:00:01  time: 0.0309  data_time: 0.0057  memory: 151  
2026/08/05 12:46:46 - mmengine - INFO - Epoch(val)   [5][ 80/116]    eta: 0:00:01  time: 0.0320  data_time: 0.0062  memory: 160  
2026/08/05 12:46:46 - mmengine - INFO - Epoch(val)   [5][ 90/116]    eta: 0:00:00  time: 0.0332  data_time: 0.0067  memory: 164  
2026/08/05 12:46:47 - mmengine - INFO - Epoch(val)   [5][100/116]    eta: 0:00:00  time: 0.0328  data_time: 0.0075  memory: 188  
2026/08/05 12:46:47 - mmengine - INFO - Epoch(val)   [5][110/116]    eta: 0:00:00  time: 0.0328  data_time: 0.0074  memory: 163  
2026/08/05 12:46:47 - mmengine - INFO - Evaluating bbox...
2026/08/05 12:46:47 - mmengine - INFO - bbox_mAP_copypaste: 0.441 0.821 0.396 0.000 0.511 0.398
2026/08/05 12:46:47 - mmengine - INFO - Evaluating segm...
2026/08/05 12:46:47 - mmengine - INFO - segm_mAP_copypaste: 0.355 0.537 0.420 0.000 0.478 0.290
2026/08/05 12:46:47 - mmengine - INFO - Epoch(val) [5][116/116]    coco/bbox_mAP: 0.4410  coco/bbox_mAP_50: 0.8210  coco/bbox_mAP_75: 0.3960  coco/bbox_mAP_s: 0.0000  coco/bbox_mAP_m: 0.5110  coco/bbox_mAP_l: 0.3980  coco/segm_mAP: 0.3550  coco/segm_mAP_50: 0.5370  coco/segm_mAP_75: 0.4200  coco/segm_mAP_s: 0.0000  coco/segm_mAP_m: 0.4780  coco/segm_mAP_l: 0.2900  data_time: 0.0061  time: 0.0319
2026/08/05 12:46:47 - mmengine - INFO - The previous best checkpoint d:\mamografi\real_time_segmentasyon\rtmdet\calisma\rtmdet_ins_tiny_256_orta\best_coco_segm_mAP_epoch_4.pth is removed
2026/08/05 12:46:49 - mmengine - INFO - The best checkpoint with 0.3550 coco/segm_mAP at 5 epoch is saved to best_coco_segm_mAP_epoch_5.pth.
2026/08/05 12:46:54 - mmengine - INFO - Epoch(train)   [6][10/68]  base_lr: 1.2500e-04 lr: 1.2500e-04  eta: 0:36:14  time: 0.3289  data_time: 0.1185  memory: 601  grad_norm: 21.0414  loss: 0.9982  loss_cls: 0.3887  loss_bbox: 0.4330  loss_mask: 0.1765
2026/08/05 12:46:57 - mmengine - INFO - Epoch(train)   [6][20/68]  base_lr: 1.2500e-04 lr: 1.2500e-04  eta: 0:36:10  time: 0.3275  data_time: 0.1183  memory: 600  grad_norm: 20.7841  loss: 1.0033  loss_cls: 0.3875  loss_bbox: 0.4344  loss_mask: 0.1814
2026/08/05 12:47:00 - mmengine - INFO - Epoch(train)   [6][30/68]  base_lr: 1.2500e-04 lr: 1.2500e-04  eta: 0:36:05  time: 0.3273  data_time: 0.1174  memory: 600  grad_norm: 20.0303  loss: 0.9903  loss_cls: 0.3788  loss_bbox: 0.4308  loss_mask: 0.1806
2026/08/05 12:47:04 - mmengine - INFO - Epoch(train)   [6][40/68]  base_lr: 1.2500e-04 lr: 1.2500e-04  eta: 0:36:07  time: 0.3339  data_time: 0.1218  memory: 601  grad_norm: 21.3369  loss: 0.9430  loss_cls: 0.3623  loss_bbox: 0.4102  loss_mask: 0.1704
2026/08/05 12:47:07 - mmengine - INFO - Epoch(train)   [6][50/68]  base_lr: 1.2500e-04 lr: 1.2500e-04  eta: 0:36:03  time: 0.3349  data_time: 0.1229  memory: 600  grad_norm: 23.2256  loss: 0.9599  loss_cls: 0.3729  loss_bbox: 0.4158  loss_mask: 0.1712
2026/08/05 12:47:11 - mmengine - INFO - Epoch(train)   [6][60/68]  base_lr: 1.2500e-04 lr: 1.2500e-04  eta: 0:35:58  time: 0.3383  data_time: 0.1254  memory: 599  grad_norm: 24.2405  loss: 0.9709  loss_cls: 0.3773  loss_bbox: 0.4167  loss_mask: 0.1769
2026/08/05 12:47:13 - mmengine - INFO - Exp name: rtmdet_ins_busi_20260805_124409
2026/08/05 12:47:13 - mmengine - INFO - Saving checkpoint at 6 epochs
2026/08/05 12:47:16 - mmengine - INFO - Epoch(val)   [6][ 10/116]    eta: 0:00:03  time: 0.0337  data_time: 0.0070  memory: 599  
2026/08/05 12:47:16 - mmengine - INFO - Epoch(val)   [6][ 20/116]    eta: 0:00:03  time: 0.0328  data_time: 0.0069  memory: 149  
2026/08/05 12:47:16 - mmengine - INFO - Epoch(val)   [6][ 30/116]    eta: 0:00:02  time: 0.0315  data_time: 0.0056  memory: 144  
2026/08/05 12:47:17 - mmengine - INFO - Epoch(val)   [6][ 40/116]    eta: 0:00:02  time: 0.0307  data_time: 0.0049  memory: 124  
2026/08/05 12:47:17 - mmengine - INFO - Epoch(val)   [6][ 50/116]    eta: 0:00:01  time: 0.0301  data_time: 0.0044  memory: 179  
2026/08/05 12:47:17 - mmengine - INFO - Epoch(val)   [6][ 60/116]    eta: 0:00:01  time: 0.0303  data_time: 0.0049  memory: 174  
2026/08/05 12:47:18 - mmengine - INFO - Epoch(val)   [6][ 70/116]    eta: 0:00:01  time: 0.0304  data_time: 0.0053  memory: 148  
2026/08/05 12:47:18 - mmengine - INFO - Epoch(val)   [6][ 80/116]    eta: 0:00:01  time: 0.0317  data_time: 0.0052  memory: 167  
2026/08/05 12:47:18 - mmengine - INFO - Epoch(val)   [6][ 90/116]    eta: 0:00:00  time: 0.0333  data_time: 0.0065  memory: 164  
2026/08/05 12:47:19 - mmengine - INFO - Epoch(val)   [6][100/116]    eta: 0:00:00  time: 0.0334  data_time: 0.0066  memory: 183  
2026/08/05 12:47:19 - mmengine - INFO - Epoch(val)   [6][110/116]    eta: 0:00:00  time: 0.0332  data_time: 0.0066  memory: 164  
2026/08/05 12:47:19 - mmengine - INFO - Evaluating bbox...
2026/08/05 12:47:19 - mmengine - INFO - bbox_mAP_copypaste: 0.509 0.838 0.521 0.000 0.633 0.443
2026/08/05 12:47:19 - mmengine - INFO - Evaluating segm...
2026/08/05 12:47:19 - mmengine - INFO - segm_mAP_copypaste: 0.346 0.523 0.420 0.000 0.489 0.287
2026/08/05 12:47:19 - mmengine - INFO - Epoch(val) [6][116/116]    coco/bbox_mAP: 0.5090  coco/bbox_mAP_50: 0.8380  coco/bbox_mAP_75: 0.5210  coco/bbox_mAP_s: 0.0000  coco/bbox_mAP_m: 0.6330  coco/bbox_mAP_l: 0.4430  coco/segm_mAP: 0.3460  coco/segm_mAP_50: 0.5230  coco/segm_mAP_75: 0.4200  coco/segm_mAP_s: 0.0000  coco/segm_mAP_m: 0.4890  coco/segm_mAP_l: 0.2870  data_time: 0.0059  time: 0.0319
2026/08/05 12:47:23 - mmengine - INFO - Epoch(train)   [7][10/68]  base_lr: 1.2500e-04 lr: 1.2500e-04  eta: 0:35:51  time: 0.3390  data_time: 0.1253  memory: 602  grad_norm: 26.0935  loss: 0.9227  loss_cls: 0.3613  loss_bbox: 0.3980  loss_mask: 0.1633
2026/08/05 12:47:26 - mmengine - INFO - Epoch(train)   [7][20/68]  base_lr: 1.2500e-04 lr: 1.2500e-04  eta: 0:35:44  time: 0.3298  data_time: 0.1190  memory: 600  grad_norm: 24.9738  loss: 0.9262  loss_cls: 0.3629  loss_bbox: 0.4029  loss_mask: 0.1605
2026/08/05 12:47:29 - mmengine - INFO - Epoch(train)   [7][30/68]  base_lr: 1.2500e-04 lr: 1.2500e-04  eta: 0:35:39  time: 0.3276  data_time: 0.1162  memory: 600  grad_norm: 21.8383  loss: 0.9121  loss_cls: 0.3542  loss_bbox: 0.3986  loss_mask: 0.1593
2026/08/05 12:47:33 - mmengine - INFO - Epoch(train)   [7][40/68]  base_lr: 1.2500e-04 lr: 1.2500e-04  eta: 0:35:37  time: 0.3293  data_time: 0.1189  memory: 598  grad_norm: 24.9371  loss: 0.9164  loss_cls: 0.3638  loss_bbox: 0.3949  loss_mask: 0.1576
2026/08/05 12:47:36 - mmengine - INFO - Epoch(train)   [7][50/68]  base_lr: 1.2500e-04 lr: 1.2500e-04  eta: 0:35:32  time: 0.3286  data_time: 0.1213  memory: 601  grad_norm: 23.2195  loss: 0.9108  loss_cls: 0.3592  loss_bbox: 0.3955  loss_mask: 0.1560
2026/08/05 12:47:39 - mmengine - INFO - Epoch(train)   [7][60/68]  base_lr: 1.2500e-04 lr: 1.2500e-04  eta: 0:35:29  time: 0.3295  data_time: 0.1243  memory: 600  grad_norm: 23.0995  loss: 0.9403  loss_cls: 0.3716  loss_bbox: 0.4055  loss_mask: 0.1631
2026/08/05 12:47:42 - mmengine - INFO - Exp name: rtmdet_ins_busi_20260805_124409
2026/08/05 12:47:42 - mmengine - INFO - Saving checkpoint at 7 epochs
2026/08/05 12:47:44 - mmengine - INFO - Epoch(val)   [7][ 10/116]    eta: 0:00:03  time: 0.0332  data_time: 0.0074  memory: 599  
2026/08/05 12:47:44 - mmengine - INFO - Epoch(val)   [7][ 20/116]    eta: 0:00:03  time: 0.0327  data_time: 0.0069  memory: 157  
2026/08/05 12:47:45 - mmengine - INFO - Epoch(val)   [7][ 30/116]    eta: 0:00:02  time: 0.0328  data_time: 0.0062  memory: 154  
2026/08/05 12:47:45 - mmengine - INFO - Epoch(val)   [7][ 40/116]    eta: 0:00:02  time: 0.0327  data_time: 0.0054  memory: 150  
2026/08/05 12:47:45 - mmengine - INFO - Epoch(val)   [7][ 50/116]    eta: 0:00:02  time: 0.0337  data_time: 0.0044  memory: 216  
2026/08/05 12:47:46 - mmengine - INFO - Epoch(val)   [7][ 60/116]    eta: 0:00:01  time: 0.0342  data_time: 0.0041  memory: 162  
2026/08/05 12:47:46 - mmengine - INFO - Epoch(val)   [7][ 70/116]    eta: 0:00:01  time: 0.0352  data_time: 0.0034  memory: 161  
2026/08/05 12:47:46 - mmengine - INFO - Epoch(val)   [7][ 80/116]    eta: 0:00:01  time: 0.0351  data_time: 0.0030  memory: 151  
2026/08/05 12:47:47 - mmengine - INFO - Epoch(val)   [7][ 90/116]    eta: 0:00:00  time: 0.0365  data_time: 0.0034  memory: 175  
2026/08/05 12:47:47 - mmengine - INFO - Epoch(val)   [7][100/116]    eta: 0:00:00  time: 0.0364  data_time: 0.0033  memory: 169  
2026/08/05 12:47:47 - mmengine - INFO - Epoch(val)   [7][110/116]    eta: 0:00:00  time: 0.0371  data_time: 0.0030  memory: 178  
2026/08/05 12:47:48 - mmengine - INFO - Evaluating bbox...
2026/08/05 12:47:48 - mmengine - INFO - bbox_mAP_copypaste: 0.509 0.830 0.523 0.000 0.626 0.438
2026/08/05 12:47:48 - mmengine - INFO - Evaluating segm...
2026/08/05 12:47:48 - mmengine - INFO - segm_mAP_copypaste: 0.356 0.527 0.431 0.000 0.467 0.297
2026/08/05 12:47:48 - mmengine - INFO - Epoch(val) [7][116/116]    coco/bbox_mAP: 0.5090  coco/bbox_mAP_50: 0.8300  coco/bbox_mAP_75: 0.5230  coco/bbox_mAP_s: 0.0000  coco/bbox_mAP_m: 0.6260  coco/bbox_mAP_l: 0.4380  coco/segm_mAP: 0.3560  coco/segm_mAP_50: 0.5270  coco/segm_mAP_75: 0.4310  coco/segm_mAP_s: 0.0000  coco/segm_mAP_m: 0.4670  coco/segm_mAP_l: 0.2970  data_time: 0.0040  time: 0.0355
2026/08/05 12:47:48 - mmengine - INFO - The previous best checkpoint d:\mamografi\real_time_segmentasyon\rtmdet\calisma\rtmdet_ins_tiny_256_orta\best_coco_segm_mAP_epoch_5.pth is removed
2026/08/05 12:47:50 - mmengine - INFO - The best checkpoint with 0.3560 coco/segm_mAP at 7 epoch is saved to best_coco_segm_mAP_epoch_7.pth.
2026/08/05 12:47:55 - mmengine - INFO - Epoch(train)   [8][10/68]  base_lr: 1.2500e-04 lr: 1.2500e-04  eta: 0:35:24  time: 0.3372  data_time: 0.1277  memory: 600  grad_norm: 21.1634  loss: 0.8982  loss_cls: 0.3436  loss_bbox: 0.3956  loss_mask: 0.1590
2026/08/05 12:47:58 - mmengine - INFO - Epoch(train)   [8][20/68]  base_lr: 1.2500e-04 lr: 1.2500e-04  eta: 0:35:20  time: 0.3361  data_time: 0.1268  memory: 600  grad_norm: 17.1401  loss: 0.9165  loss_cls: 0.3508  loss_bbox: 0.4045  loss_mask: 0.1612
2026/08/05 12:48:02 - mmengine - INFO - Epoch(train)   [8][30/68]  base_lr: 1.2500e-04 lr: 1.2500e-04  eta: 0:35:14  time: 0.3315  data_time: 0.1224  memory: 599  grad_norm: 16.8815  loss: 0.8967  loss_cls: 0.3443  loss_bbox: 0.3952  loss_mask: 0.1572
2026/08/05 12:48:05 - mmengine - INFO - Epoch(train)   [8][40/68]  base_lr: 1.2500e-04 lr: 1.2500e-04  eta: 0:35:10  time: 0.3294  data_time: 0.1182  memory: 600  grad_norm: 17.4390  loss: 0.9072  loss_cls: 0.3548  loss_bbox: 0.3901  loss_mask: 0.1623
2026/08/05 12:48:08 - mmengine - INFO - Epoch(train)   [8][50/68]  base_lr: 1.2500e-04 lr: 1.2500e-04  eta: 0:35:09  time: 0.3395  data_time: 0.1242  memory: 601  grad_norm: 17.3125  loss: 0.9005  loss_cls: 0.3512  loss_bbox: 0.3880  loss_mask: 0.1613
2026/08/05 12:48:12 - mmengine - INFO - Epoch(train)   [8][60/68]  base_lr: 1.2500e-04 lr: 1.2500e-04  eta: 0:35:04  time: 0.3320  data_time: 0.1232  memory: 600  grad_norm: 17.7301  loss: 0.9123  loss_cls: 0.3462  loss_bbox: 0.3983  loss_mask: 0.1678
2026/08/05 12:48:14 - mmengine - INFO - Exp name: rtmdet_ins_busi_20260805_124409
2026/08/05 12:48:14 - mmengine - INFO - Saving checkpoint at 8 epochs
2026/08/05 12:48:17 - mmengine - INFO - Epoch(val)   [8][ 10/116]    eta: 0:00:03  time: 0.0368  data_time: 0.0043  memory: 600  
2026/08/05 12:48:17 - mmengine - INFO - Epoch(val)   [8][ 20/116]    eta: 0:00:03  time: 0.0366  data_time: 0.0045  memory: 149  
2026/08/05 12:48:17 - mmengine - INFO - Epoch(val)   [8][ 30/116]    eta: 0:00:02  time: 0.0351  data_time: 0.0041  memory: 162  
2026/08/05 12:48:17 - mmengine - INFO - Epoch(val)   [8][ 40/116]    eta: 0:00:02  time: 0.0340  data_time: 0.0050  memory: 170  
2026/08/05 12:48:18 - mmengine - INFO - Epoch(val)   [8][ 50/116]    eta: 0:00:02  time: 0.0341  data_time: 0.0043  memory: 193  
2026/08/05 12:48:18 - mmengine - INFO - Epoch(val)   [8][ 60/116]    eta: 0:00:01  time: 0.0355  data_time: 0.0038  memory: 157  
2026/08/05 12:48:19 - mmengine - INFO - Epoch(val)   [8][ 70/116]    eta: 0:00:01  time: 0.0350  data_time: 0.0040  memory: 156  
2026/08/05 12:48:19 - mmengine - INFO - Epoch(val)   [8][ 80/116]    eta: 0:00:01  time: 0.0360  data_time: 0.0037  memory: 177  
2026/08/05 12:48:19 - mmengine - INFO - Epoch(val)   [8][ 90/116]    eta: 0:00:00  time: 0.0371  data_time: 0.0031  memory: 171  
2026/08/05 12:48:20 - mmengine - INFO - Epoch(val)   [8][100/116]    eta: 0:00:00  time: 0.0379  data_time: 0.0031  memory: 198  
2026/08/05 12:48:20 - mmengine - INFO - Epoch(val)   [8][110/116]    eta: 0:00:00  time: 0.0379  data_time: 0.0043  memory: 182  
2026/08/05 12:48:20 - mmengine - INFO - Evaluating bbox...
2026/08/05 12:48:21 - mmengine - INFO - bbox_mAP_copypaste: 0.505 0.859 0.518 0.000 0.607 0.453
2026/08/05 12:48:21 - mmengine - INFO - Evaluating segm...
2026/08/05 12:48:21 - mmengine - INFO - segm_mAP_copypaste: 0.345 0.529 0.393 0.000 0.451 0.292
2026/08/05 12:48:21 - mmengine - INFO - Epoch(val) [8][116/116]    coco/bbox_mAP: 0.5050  coco/bbox_mAP_50: 0.8590  coco/bbox_mAP_75: 0.5180  coco/bbox_mAP_s: 0.0000  coco/bbox_mAP_m: 0.6070  coco/bbox_mAP_l: 0.4530  coco/segm_mAP: 0.3450  coco/segm_mAP_50: 0.5290  coco/segm_mAP_75: 0.3930  coco/segm_mAP_s: 0.0000  coco/segm_mAP_m: 0.4510  coco/segm_mAP_l: 0.2920  data_time: 0.0040  time: 0.0362
2026/08/05 12:48:24 - mmengine - INFO - Epoch(train)   [9][10/68]  base_lr: 1.2500e-04 lr: 1.2500e-04  eta: 0:34:55  time: 0.3318  data_time: 0.1211  memory: 600  grad_norm: 16.0374  loss: 0.8511  loss_cls: 0.3069  loss_bbox: 0.3860  loss_mask: 0.1582
2026/08/05 12:48:27 - mmengine - INFO - Epoch(train)   [9][20/68]  base_lr: 1.2500e-04 lr: 1.2500e-04  eta: 0:34:50  time: 0.3295  data_time: 0.1207  memory: 602  grad_norm: 15.3160  loss: 0.8480  loss_cls: 0.2968  loss_bbox: 0.3920  loss_mask: 0.1592
2026/08/05 12:48:30 - mmengine - INFO - Epoch(train)   [9][30/68]  base_lr: 1.2500e-04 lr: 1.2500e-04  eta: 0:34:46  time: 0.3242  data_time: 0.1181  memory: 602  grad_norm: 15.5003  loss: 0.8486  loss_cls: 0.2945  loss_bbox: 0.3961  loss_mask: 0.1580
2026/08/05 12:48:34 - mmengine - INFO - Epoch(train)   [9][40/68]  base_lr: 1.2500e-04 lr: 1.2500e-04  eta: 0:34:42  time: 0.3238  data_time: 0.1166  memory: 603  grad_norm: 15.7551  loss: 0.8480  loss_cls: 0.2946  loss_bbox: 0.3959  loss_mask: 0.1575
2026/08/05 12:48:37 - mmengine - INFO - Epoch(train)   [9][50/68]  base_lr: 1.2500e-04 lr: 1.2500e-04  eta: 0:34:36  time: 0.3234  data_time: 0.1160  memory: 601  grad_norm: 15.9257  loss: 0.8500  loss_cls: 0.2991  loss_bbox: 0.3924  loss_mask: 0.1585
2026/08/05 12:48:40 - mmengine - INFO - Epoch(train)   [9][60/68]  base_lr: 1.2500e-04 lr: 1.2500e-04  eta: 0:34:33  time: 0.3247  data_time: 0.1177  memory: 599  grad_norm: 16.5643  loss: 0.8601  loss_cls: 0.3108  loss_bbox: 0.3920  loss_mask: 0.1573
2026/08/05 12:48:43 - mmengine - INFO - Exp name: rtmdet_ins_busi_20260805_124409
2026/08/05 12:48:43 - mmengine - INFO - Saving checkpoint at 9 epochs
2026/08/05 12:48:45 - mmengine - INFO - Epoch(val)   [9][ 10/116]    eta: 0:00:03  time: 0.0391  data_time: 0.0046  memory: 600  
2026/08/05 12:48:45 - mmengine - INFO - Epoch(val)   [9][ 20/116]    eta: 0:00:03  time: 0.0379  data_time: 0.0047  memory: 164  
2026/08/05 12:48:46 - mmengine - INFO - Epoch(val)   [9][ 30/116]    eta: 0:00:02  time: 0.0355  data_time: 0.0048  memory: 164  
2026/08/05 12:48:46 - mmengine - INFO - Epoch(val)   [9][ 40/116]    eta: 0:00:02  time: 0.0349  data_time: 0.0047  memory: 162  
2026/08/05 12:48:47 - mmengine - INFO - Epoch(val)   [9][ 50/116]    eta: 0:00:02  time: 0.0351  data_time: 0.0056  memory: 181  
2026/08/05 12:48:47 - mmengine - INFO - Epoch(val)   [9][ 60/116]    eta: 0:00:01  time: 0.0352  data_time: 0.0051  memory: 182  
2026/08/05 12:48:47 - mmengine - INFO - Epoch(val)   [9][ 70/116]    eta: 0:00:01  time: 0.0353  data_time: 0.0048  memory: 154  
2026/08/05 12:48:48 - mmengine - INFO - Epoch(val)   [9][ 80/116]    eta: 0:00:01  time: 0.0371  data_time: 0.0061  memory: 182  
2026/08/05 12:48:48 - mmengine - INFO - Epoch(val)   [9][ 90/116]    eta: 0:00:00  time: 0.0376  data_time: 0.0068  memory: 181  
2026/08/05 12:48:48 - mmengine - INFO - Epoch(val)   [9][100/116]    eta: 0:00:00  time: 0.0386  data_time: 0.0059  memory: 212  
2026/08/05 12:48:49 - mmengine - INFO - Epoch(val)   [9][110/116]    eta: 0:00:00  time: 0.0398  data_time: 0.0071  memory: 189  
2026/08/05 12:48:49 - mmengine - INFO - Evaluating bbox...
2026/08/05 12:48:49 - mmengine - INFO - bbox_mAP_copypaste: 0.538 0.838 0.616 0.000 0.677 0.456
2026/08/05 12:48:49 - mmengine - INFO - Evaluating segm...
2026/08/05 12:48:49 - mmengine - INFO - segm_mAP_copypaste: 0.351 0.528 0.384 0.000 0.463 0.288
2026/08/05 12:48:49 - mmengine - INFO - Epoch(val) [9][116/116]    coco/bbox_mAP: 0.5380  coco/bbox_mAP_50: 0.8380  coco/bbox_mAP_75: 0.6160  coco/bbox_mAP_s: 0.0000  coco/bbox_mAP_m: 0.6770  coco/bbox_mAP_l: 0.4560  coco/segm_mAP: 0.3510  coco/segm_mAP_50: 0.5280  coco/segm_mAP_75: 0.3840  coco/segm_mAP_s: 0.0000  coco/segm_mAP_m: 0.4630  coco/segm_mAP_l: 0.2880  data_time: 0.0064  time: 0.0375
2026/08/05 12:48:53 - mmengine - INFO - Epoch(train)  [10][10/68]  base_lr: 1.2500e-04 lr: 1.2500e-04  eta: 0:34:25  time: 0.3248  data_time: 0.1183  memory: 601  grad_norm: 16.2141  loss: 0.8334  loss_cls: 0.3023  loss_bbox: 0.3802  loss_mask: 0.1509
2026/08/05 12:48:56 - mmengine - INFO - Epoch(train)  [10][20/68]  base_lr: 1.2500e-04 lr: 1.2500e-04  eta: 0:34:21  time: 0.3278  data_time: 0.1199  memory: 602  grad_norm: 14.9626  loss: 0.8192  loss_cls: 0.2994  loss_bbox: 0.3721  loss_mask: 0.1477
2026/08/05 12:48:59 - mmengine - INFO - Epoch(train)  [10][30/68]  base_lr: 1.2500e-04 lr: 1.2500e-04  eta: 0:34:18  time: 0.3285  data_time: 0.1201  memory: 602  grad_norm: 14.9813  loss: 0.8177  loss_cls: 0.2978  loss_bbox: 0.3724  loss_mask: 0.1476
2026/08/05 12:49:03 - mmengine - INFO - Epoch(train)  [10][40/68]  base_lr: 1.2500e-04 lr: 1.2500e-04  eta: 0:34:15  time: 0.3290  data_time: 0.1215  memory: 599  grad_norm: 14.7984  loss: 0.8222  loss_cls: 0.2985  loss_bbox: 0.3756  loss_mask: 0.1481
2026/08/05 12:49:06 - mmengine - INFO - Epoch(train)  [10][50/68]  base_lr: 1.2500e-04 lr: 1.2500e-04  eta: 0:34:12  time: 0.3355  data_time: 0.1241  memory: 600  grad_norm: 14.1453  loss: 0.8112  loss_cls: 0.2960  loss_bbox: 0.3668  loss_mask: 0.1484
2026/08/05 12:49:10 - mmengine - INFO - Epoch(train)  [10][60/68]  base_lr: 1.2500e-04 lr: 1.2500e-04  eta: 0:34:11  time: 0.3412  data_time: 0.1272  memory: 599  grad_norm: 14.3591  loss: 0.8277  loss_cls: 0.3027  loss_bbox: 0.3719  loss_mask: 0.1532
2026/08/05 12:49:12 - mmengine - INFO - Exp name: rtmdet_ins_busi_20260805_124409
2026/08/05 12:49:12 - mmengine - INFO - Saving checkpoint at 10 epochs
2026/08/05 12:49:15 - mmengine - INFO - Epoch(val)  [10][ 10/116]    eta: 0:00:03  time: 0.0406  data_time: 0.0086  memory: 597  
2026/08/05 12:49:15 - mmengine - INFO - Epoch(val)  [10][ 20/116]    eta: 0:00:03  time: 0.0395  data_time: 0.0077  memory: 157  
2026/08/05 12:49:15 - mmengine - INFO - Epoch(val)  [10][ 30/116]    eta: 0:00:02  time: 0.0377  data_time: 0.0077  memory: 157  
2026/08/05 12:49:16 - mmengine - INFO - Epoch(val)  [10][ 40/116]    eta: 0:00:02  time: 0.0361  data_time: 0.0058  memory: 170  
2026/08/05 12:49:16 - mmengine - INFO - Epoch(val)  [10][ 50/116]    eta: 0:00:02  time: 0.0348  data_time: 0.0049  memory: 164  
2026/08/05 12:49:16 - mmengine - INFO - Epoch(val)  [10][ 60/116]    eta: 0:00:01  time: 0.0356  data_time: 0.0044  memory: 184  
2026/08/05 12:49:17 - mmengine - INFO - Epoch(val)  [10][ 70/116]    eta: 0:00:01  time: 0.0360  data_time: 0.0037  memory: 167  
2026/08/05 12:49:17 - mmengine - INFO - Epoch(val)  [10][ 80/116]    eta: 0:00:01  time: 0.0369  data_time: 0.0037  memory: 177  
2026/08/05 12:49:17 - mmengine - INFO - Epoch(val)  [10][ 90/116]    eta: 0:00:00  time: 0.0377  data_time: 0.0050  memory: 189  
2026/08/05 12:49:18 - mmengine - INFO - Epoch(val)  [10][100/116]    eta: 0:00:00  time: 0.0387  data_time: 0.0040  memory: 194  
2026/08/05 12:49:18 - mmengine - INFO - Epoch(val)  [10][110/116]    eta: 0:00:00  time: 0.0385  data_time: 0.0040  memory: 171  
2026/08/05 12:49:19 - mmengine - INFO - Evaluating bbox...
2026/08/05 12:49:19 - mmengine - INFO - bbox_mAP_copypaste: 0.528 0.853 0.619 0.000 0.648 0.460
2026/08/05 12:49:19 - mmengine - INFO - Evaluating segm...
2026/08/05 12:49:19 - mmengine - INFO - segm_mAP_copypaste: 0.371 0.546 0.431 0.000 0.480 0.313
2026/08/05 12:49:19 - mmengine - INFO - Epoch(val) [10][116/116]    coco/bbox_mAP: 0.5280  coco/bbox_mAP_50: 0.8530  coco/bbox_mAP_75: 0.6190  coco/bbox_mAP_s: 0.0000  coco/bbox_mAP_m: 0.6480  coco/bbox_mAP_l: 0.4600  coco/segm_mAP: 0.3710  coco/segm_mAP_50: 0.5460  coco/segm_mAP_75: 0.4310  coco/segm_mAP_s: 0.0000  coco/segm_mAP_m: 0.4800  coco/segm_mAP_l: 0.3130  data_time: 0.0046  time: 0.0371
2026/08/05 12:49:19 - mmengine - INFO - The previous best checkpoint d:\mamografi\real_time_segmentasyon\rtmdet\calisma\rtmdet_ins_tiny_256_orta\best_coco_segm_mAP_epoch_7.pth is removed
2026/08/05 12:49:20 - mmengine - INFO - The best checkpoint with 0.3710 coco/segm_mAP at 10 epoch is saved to best_coco_segm_mAP_epoch_10.pth.
2026/08/05 12:49:26 - mmengine - INFO - Epoch(train)  [11][10/68]  base_lr: 1.2500e-04 lr: 1.2500e-04  eta: 0:34:03  time: 0.3375  data_time: 0.1214  memory: 602  grad_norm: 15.2501  loss: 0.8607  loss_cls: 0.3203  loss_bbox: 0.3835  loss_mask: 0.1568
2026/08/05 12:49:29 - mmengine - INFO - Epoch(train)  [11][20/68]  base_lr: 1.2500e-04 lr: 1.2500e-04  eta: 0:34:00  time: 0.3371  data_time: 0.1192  memory: 600  grad_norm: 15.1256  loss: 0.8484  loss_cls: 0.3171  loss_bbox: 0.3775  loss_mask: 0.1538
2026/08/05 12:49:32 - mmengine - INFO - Epoch(train)  [11][30/68]  base_lr: 1.2500e-04 lr: 1.2500e-04  eta: 0:33:56  time: 0.3333  data_time: 0.1160  memory: 601  grad_norm: 15.5963  loss: 0.8485  loss_cls: 0.3191  loss_bbox: 0.3762  loss_mask: 0.1533
2026/08/05 12:49:35 - mmengine - INFO - Epoch(train)  [11][40/68]  base_lr: 1.2500e-04 lr: 1.2500e-04  eta: 0:33:51  time: 0.3262  data_time: 0.1118  memory: 600  grad_norm: 15.7379  loss: 0.8438  loss_cls: 0.3153  loss_bbox: 0.3754  loss_mask: 0.1531
2026/08/05 12:49:39 - mmengine - INFO - Epoch(train)  [11][50/68]  base_lr: 1.2500e-04 lr: 1.2500e-04  eta: 0:33:46  time: 0.3264  data_time: 0.1131  memory: 599  grad_norm: 15.2722  loss: 0.8359  loss_cls: 0.3193  loss_bbox: 0.3698  loss_mask: 0.1468
2026/08/05 12:49:42 - mmengine - INFO - Epoch(train)  [11][60/68]  base_lr: 1.2500e-04 lr: 1.2500e-04  eta: 0:33:44  time: 0.3290  data_time: 0.1184  memory: 602  grad_norm: 15.3735  loss: 0.8078  loss_cls: 0.3001  loss_bbox: 0.3622  loss_mask: 0.1455
2026/08/05 12:49:45 - mmengine - INFO - Exp name: rtmdet_ins_busi_20260805_124409
2026/08/05 12:49:45 - mmengine - INFO - Saving checkpoint at 11 epochs
2026/08/05 12:49:47 - mmengine - INFO - Epoch(val)  [11][ 10/116]    eta: 0:00:03  time: 0.0384  data_time: 0.0052  memory: 598  
2026/08/05 12:49:47 - mmengine - INFO - Epoch(val)  [11][ 20/116]    eta: 0:00:03  time: 0.0370  data_time: 0.0047  memory: 149  
2026/08/05 12:49:47 - mmengine - INFO - Epoch(val)  [11][ 30/116]    eta: 0:00:02  time: 0.0344  data_time: 0.0052  memory: 159  
2026/08/05 12:49:48 - mmengine - INFO - Epoch(val)  [11][ 40/116]    eta: 0:00:02  time: 0.0336  data_time: 0.0054  memory: 152  
2026/08/05 12:49:48 - mmengine - INFO - Epoch(val)  [11][ 50/116]    eta: 0:00:02  time: 0.0325  data_time: 0.0056  memory: 167  
2026/08/05 12:49:48 - mmengine - INFO - Epoch(val)  [11][ 60/116]    eta: 0:00:01  time: 0.0332  data_time: 0.0055  memory: 170  
2026/08/05 12:49:49 - mmengine - INFO - Epoch(val)  [11][ 70/116]    eta: 0:00:01  time: 0.0337  data_time: 0.0056  memory: 177  
2026/08/05 12:49:49 - mmengine - INFO - Epoch(val)  [11][ 80/116]    eta: 0:00:01  time: 0.0351  data_time: 0.0062  memory: 171  
2026/08/05 12:49:50 - mmengine - INFO - Epoch(val)  [11][ 90/116]    eta: 0:00:00  time: 0.0370  data_time: 0.0061  memory: 188  
2026/08/05 12:49:50 - mmengine - INFO - Epoch(val)  [11][100/116]    eta: 0:00:00  time: 0.0382  data_time: 0.0060  memory: 189  
2026/08/05 12:49:50 - mmengine - INFO - Epoch(val)  [11][110/116]    eta: 0:00:00  time: 0.0382  data_time: 0.0053  memory: 189  
2026/08/05 12:49:51 - mmengine - INFO - Evaluating bbox...
2026/08/05 12:49:51 - mmengine - INFO - bbox_mAP_copypaste: 0.514 0.846 0.559 0.000 0.584 0.474
2026/08/05 12:49:51 - mmengine - INFO - Evaluating segm...
2026/08/05 12:49:51 - mmengine - INFO - segm_mAP_copypaste: 0.378 0.546 0.422 0.000 0.511 0.309
2026/08/05 12:49:51 - mmengine - INFO - Epoch(val) [11][116/116]    coco/bbox_mAP: 0.5140  coco/bbox_mAP_50: 0.8460  coco/bbox_mAP_75: 0.5590  coco/bbox_mAP_s: 0.0000  coco/bbox_mAP_m: 0.5840  coco/bbox_mAP_l: 0.4740  coco/segm_mAP: 0.3780  coco/segm_mAP_50: 0.5460  coco/segm_mAP_75: 0.4220  coco/segm_mAP_s: 0.0000  coco/segm_mAP_m: 0.5110  coco/segm_mAP_l: 0.3090  data_time: 0.0055  time: 0.0361
2026/08/05 12:49:51 - mmengine - INFO - The previous best checkpoint d:\mamografi\real_time_segmentasyon\rtmdet\calisma\rtmdet_ins_tiny_256_orta\best_coco_segm_mAP_epoch_10.pth is removed
2026/08/05 12:49:52 - mmengine - INFO - The best checkpoint with 0.3780 coco/segm_mAP at 11 epoch is saved to best_coco_segm_mAP_epoch_11.pth.
2026/08/05 12:49:58 - mmengine - INFO - Epoch(train)  [12][10/68]  base_lr: 1.2500e-04 lr: 1.2500e-04  eta: 0:33:38  time: 0.3295  data_time: 0.1188  memory: 600  grad_norm: 15.6538  loss: 0.7916  loss_cls: 0.2923  loss_bbox: 0.3556  loss_mask: 0.1437
2026/08/05 12:50:01 - mmengine - INFO - Epoch(train)  [12][20/68]  base_lr: 1.2500e-04 lr: 1.2500e-04  eta: 0:33:34  time: 0.3338  data_time: 0.1213  memory: 600  grad_norm: 15.5436  loss: 0.7951  loss_cls: 0.3007  loss_bbox: 0.3490  loss_mask: 0.1454
2026/08/05 12:50:05 - mmengine - INFO - Epoch(train)  [12][30/68]  base_lr: 1.2500e-04 lr: 1.2500e-04  eta: 0:33:31  time: 0.3334  data_time: 0.1232  memory: 602  grad_norm: 15.3393  loss: 0.7929  loss_cls: 0.3002  loss_bbox: 0.3475  loss_mask: 0.1451
2026/08/05 12:50:08 - mmengine - INFO - Epoch(train)  [12][40/68]  base_lr: 1.2500e-04 lr: 1.2500e-04  eta: 0:33:26  time: 0.3277  data_time: 0.1178  memory: 600  grad_norm: 15.2918  loss: 0.8107  loss_cls: 0.3143  loss_bbox: 0.3470  loss_mask: 0.1495
2026/08/05 12:50:11 - mmengine - INFO - Epoch(train)  [12][50/68]  base_lr: 1.2500e-04 lr: 1.2500e-04  eta: 0:33:23  time: 0.3350  data_time: 0.1230  memory: 601  grad_norm: 15.0713  loss: 0.7949  loss_cls: 0.3090  loss_bbox: 0.3387  loss_mask: 0.1472
2026/08/05 12:50:15 - mmengine - INFO - Epoch(train)  [12][60/68]  base_lr: 1.2500e-04 lr: 1.2500e-04  eta: 0:33:21  time: 0.3337  data_time: 0.1239  memory: 598  grad_norm: 14.5196  loss: 0.7921  loss_cls: 0.3040  loss_bbox: 0.3400  loss_mask: 0.1481
2026/08/05 12:50:17 - mmengine - INFO - Exp name: rtmdet_ins_busi_20260805_124409
2026/08/05 12:50:17 - mmengine - INFO - Saving checkpoint at 12 epochs
2026/08/05 12:50:19 - mmengine - INFO - Epoch(val)  [12][ 10/116]    eta: 0:00:03  time: 0.0394  data_time: 0.0045  memory: 600  
2026/08/05 12:50:20 - mmengine - INFO - Epoch(val)  [12][ 20/116]    eta: 0:00:03  time: 0.0377  data_time: 0.0038  memory: 154  
2026/08/05 12:50:20 - mmengine - INFO - Epoch(val)  [12][ 30/116]    eta: 0:00:02  time: 0.0366  data_time: 0.0035  memory: 162  
2026/08/05 12:50:21 - mmengine - INFO - Epoch(val)  [12][ 40/116]    eta: 0:00:02  time: 0.0362  data_time: 0.0035  memory: 179  
2026/08/05 12:50:21 - mmengine - INFO - Epoch(val)  [12][ 50/116]    eta: 0:00:02  time: 0.0348  data_time: 0.0038  memory: 163  
2026/08/05 12:50:21 - mmengine - INFO - Epoch(val)  [12][ 60/116]    eta: 0:00:01  time: 0.0359  data_time: 0.0046  memory: 182  
2026/08/05 12:50:22 - mmengine - INFO - Epoch(val)  [12][ 70/116]    eta: 0:00:01  time: 0.0367  data_time: 0.0055  memory: 182  
2026/08/05 12:50:22 - mmengine - INFO - Epoch(val)  [12][ 80/116]    eta: 0:00:01  time: 0.0371  data_time: 0.0054  memory: 182  
2026/08/05 12:50:22 - mmengine - INFO - Epoch(val)  [12][ 90/116]    eta: 0:00:00  time: 0.0385  data_time: 0.0056  memory: 201  
2026/08/05 12:50:23 - mmengine - INFO - Epoch(val)  [12][100/116]    eta: 0:00:00  time: 0.0399  data_time: 0.0058  memory: 193  
2026/08/05 12:50:23 - mmengine - INFO - Epoch(val)  [12][110/116]    eta: 0:00:00  time: 0.0397  data_time: 0.0055  memory: 217  
2026/08/05 12:50:24 - mmengine - INFO - Evaluating bbox...
2026/08/05 12:50:24 - mmengine - INFO - bbox_mAP_copypaste: 0.562 0.871 0.636 0.000 0.674 0.500
2026/08/05 12:50:24 - mmengine - INFO - Evaluating segm...
2026/08/05 12:50:24 - mmengine - INFO - segm_mAP_copypaste: 0.372 0.550 0.428 0.000 0.490 0.312
2026/08/05 12:50:24 - mmengine - INFO - Epoch(val) [12][116/116]    coco/bbox_mAP: 0.5620  coco/bbox_mAP_50: 0.8710  coco/bbox_mAP_75: 0.6360  coco/bbox_mAP_s: 0.0000  coco/bbox_mAP_m: 0.6740  coco/bbox_mAP_l: 0.5000  coco/segm_mAP: 0.3720  coco/segm_mAP_50: 0.5500  coco/segm_mAP_75: 0.4280  coco/segm_mAP_s: 0.0000  coco/segm_mAP_m: 0.4900  coco/segm_mAP_l: 0.3120  data_time: 0.0050  time: 0.0377
2026/08/05 12:50:27 - mmengine - INFO - Epoch(train)  [13][10/68]  base_lr: 1.2500e-04 lr: 1.2500e-04  eta: 0:33:15  time: 0.3337  data_time: 0.1210  memory: 600  grad_norm: 14.6640  loss: 0.7823  loss_cls: 0.2886  loss_bbox: 0.3463  loss_mask: 0.1473
2026/08/05 12:50:31 - mmengine - INFO - Epoch(train)  [13][20/68]  base_lr: 1.2500e-04 lr: 1.2500e-04  eta: 0:33:11  time: 0.3350  data_time: 0.1224  memory: 599  grad_norm: 14.5457  loss: 0.7592  loss_cls: 0.2725  loss_bbox: 0.3426  loss_mask: 0.1441
2026/08/05 12:50:34 - mmengine - INFO - Epoch(train)  [13][30/68]  base_lr: 1.2500e-04 lr: 1.2500e-04  eta: 0:33:08  time: 0.3365  data_time: 0.1224  memory: 601  grad_norm: 14.3599  loss: 0.7712  loss_cls: 0.2774  loss_bbox: 0.3469  loss_mask: 0.1468
2026/08/05 12:50:37 - mmengine - INFO - Epoch(train)  [13][40/68]  base_lr: 1.2500e-04 lr: 1.2500e-04  eta: 0:33:04  time: 0.3322  data_time: 0.1185  memory: 602  grad_norm: 14.3822  loss: 0.7769  loss_cls: 0.2737  loss_bbox: 0.3524  loss_mask: 0.1507
2026/08/05 12:50:41 - mmengine - INFO - Epoch(train)  [13][50/68]  base_lr: 1.2500e-04 lr: 1.2500e-04  eta: 0:33:03  time: 0.3417  data_time: 0.1261  memory: 600  grad_norm: 14.1774  loss: 0.7682  loss_cls: 0.2739  loss_bbox: 0.3459  loss_mask: 0.1484
2026/08/05 12:50:44 - mmengine - INFO - Epoch(train)  [13][60/68]  base_lr: 1.2500e-04 lr: 1.2500e-04  eta: 0:32:59  time: 0.3382  data_time: 0.1243  memory: 601  grad_norm: 13.6094  loss: 0.7662  loss_cls: 0.2758  loss_bbox: 0.3432  loss_mask: 0.1472
2026/08/05 12:50:47 - mmengine - INFO - Exp name: rtmdet_ins_busi_20260805_124409
2026/08/05 12:50:47 - mmengine - INFO - Saving checkpoint at 13 epochs
2026/08/05 12:50:49 - mmengine - INFO - Epoch(val)  [13][ 10/116]    eta: 0:00:03  time: 0.0395  data_time: 0.0051  memory: 600  
2026/08/05 12:50:49 - mmengine - INFO - Epoch(val)  [13][ 20/116]    eta: 0:00:03  time: 0.0381  data_time: 0.0060  memory: 154  
2026/08/05 12:50:50 - mmengine - INFO - Epoch(val)  [13][ 30/116]    eta: 0:00:02  time: 0.0358  data_time: 0.0054  memory: 197  
2026/08/05 12:50:50 - mmengine - INFO - Epoch(val)  [13][ 40/116]    eta: 0:00:02  time: 0.0351  data_time: 0.0047  memory: 172  
2026/08/05 12:50:50 - mmengine - INFO - Epoch(val)  [13][ 50/116]    eta: 0:00:02  time: 0.0335  data_time: 0.0042  memory: 193  
2026/08/05 12:50:51 - mmengine - INFO - Epoch(val)  [13][ 60/116]    eta: 0:00:01  time: 0.0340  data_time: 0.0040  memory: 192  
2026/08/05 12:50:51 - mmengine - INFO - Epoch(val)  [13][ 70/116]    eta: 0:00:01  time: 0.0342  data_time: 0.0043  memory: 157  
2026/08/05 12:50:51 - mmengine - INFO - Epoch(val)  [13][ 80/116]    eta: 0:00:01  time: 0.0343  data_time: 0.0044  memory: 155  
2026/08/05 12:50:52 - mmengine - INFO - Epoch(val)  [13][ 90/116]    eta: 0:00:00  time: 0.0362  data_time: 0.0047  memory: 194  
2026/08/05 12:50:52 - mmengine - INFO - Epoch(val)  [13][100/116]    eta: 0:00:00  time: 0.0369  data_time: 0.0053  memory: 169  
2026/08/05 12:50:53 - mmengine - INFO - Epoch(val)  [13][110/116]    eta: 0:00:00  time: 0.0371  data_time: 0.0051  memory: 189  
2026/08/05 12:50:53 - mmengine - INFO - Evaluating bbox...
2026/08/05 12:50:53 - mmengine - INFO - bbox_mAP_copypaste: 0.550 0.863 0.604 0.000 0.688 0.470
2026/08/05 12:50:53 - mmengine - INFO - Evaluating segm...
2026/08/05 12:50:53 - mmengine - INFO - segm_mAP_copypaste: 0.367 0.556 0.409 0.000 0.478 0.312
2026/08/05 12:50:53 - mmengine - INFO - Epoch(val) [13][116/116]    coco/bbox_mAP: 0.5500  coco/bbox_mAP_50: 0.8630  coco/bbox_mAP_75: 0.6040  coco/bbox_mAP_s: 0.0000  coco/bbox_mAP_m: 0.6880  coco/bbox_mAP_l: 0.4700  coco/segm_mAP: 0.3670  coco/segm_mAP_50: 0.5560  coco/segm_mAP_75: 0.4090  coco/segm_mAP_s: 0.0000  coco/segm_mAP_m: 0.4780  coco/segm_mAP_l: 0.3120  data_time: 0.0043  time: 0.0355
2026/08/05 12:50:56 - mmengine - INFO - Epoch(train)  [14][10/68]  base_lr: 1.2500e-04 lr: 1.2500e-04  eta: 0:32:52  time: 0.3325  data_time: 0.1176  memory: 601  grad_norm: 13.6608  loss: 0.7500  loss_cls: 0.2704  loss_bbox: 0.3356  loss_mask: 0.1440
2026/08/05 12:51:00 - mmengine - INFO - Epoch(train)  [14][20/68]  base_lr: 1.2500e-04 lr: 1.2500e-04  eta: 0:32:48  time: 0.3336  data_time: 0.1198  memory: 601  grad_norm: 13.6655  loss: 0.7379  loss_cls: 0.2662  loss_bbox: 0.3324  loss_mask: 0.1393
2026/08/05 12:51:03 - mmengine - INFO - Epoch(train)  [14][30/68]  base_lr: 1.2500e-04 lr: 1.2500e-04  eta: 0:32:45  time: 0.3306  data_time: 0.1185  memory: 600  grad_norm: 13.6538  loss: 0.7540  loss_cls: 0.2745  loss_bbox: 0.3351  loss_mask: 0.1444
2026/08/05 12:51:07 - mmengine - INFO - Epoch(train)  [14][40/68]  base_lr: 1.2500e-04 lr: 1.2500e-04  eta: 0:32:42  time: 0.3316  data_time: 0.1211  memory: 600  grad_norm: 13.9702  loss: 0.7559  loss_cls: 0.2776  loss_bbox: 0.3357  loss_mask: 0.1426
2026/08/05 12:51:10 - mmengine - INFO - Epoch(train)  [14][50/68]  base_lr: 1.2500e-04 lr: 1.2500e-04  eta: 0:32:38  time: 0.3342  data_time: 0.1250  memory: 601  grad_norm: 13.5217  loss: 0.7583  loss_cls: 0.2778  loss_bbox: 0.3370  loss_mask: 0.1435
2026/08/05 12:51:13 - mmengine - INFO - Epoch(train)  [14][60/68]  base_lr: 1.2500e-04 lr: 1.2500e-04  eta: 0:32:35  time: 0.3345  data_time: 0.1262  memory: 600  grad_norm: 13.5519  loss: 0.7604  loss_cls: 0.2801  loss_bbox: 0.3383  loss_mask: 0.1421
2026/08/05 12:51:16 - mmengine - INFO - Exp name: rtmdet_ins_busi_20260805_124409
2026/08/05 12:51:16 - mmengine - INFO - Saving checkpoint at 14 epochs
2026/08/05 12:51:18 - mmengine - INFO - Epoch(val)  [14][ 10/116]    eta: 0:00:03  time: 0.0371  data_time: 0.0049  memory: 599  
2026/08/05 12:51:18 - mmengine - INFO - Epoch(val)  [14][ 20/116]    eta: 0:00:02  time: 0.0354  data_time: 0.0053  memory: 129  
2026/08/05 12:51:19 - mmengine - INFO - Epoch(val)  [14][ 30/116]    eta: 0:00:02  time: 0.0338  data_time: 0.0040  memory: 174  
2026/08/05 12:51:19 - mmengine - INFO - Epoch(val)  [14][ 40/116]    eta: 0:00:02  time: 0.0326  data_time: 0.0037  memory: 164  
2026/08/05 12:51:19 - mmengine - INFO - Epoch(val)  [14][ 50/116]    eta: 0:00:02  time: 0.0315  data_time: 0.0045  memory: 201  
2026/08/05 12:51:20 - mmengine - INFO - Epoch(val)  [14][ 60/116]    eta: 0:00:01  time: 0.0327  data_time: 0.0039  memory: 186  
2026/08/05 12:51:20 - mmengine - INFO - Epoch(val)  [14][ 70/116]    eta: 0:00:01  time: 0.0338  data_time: 0.0047  memory: 162  
2026/08/05 12:51:20 - mmengine - INFO - Epoch(val)  [14][ 80/116]    eta: 0:00:01  time: 0.0344  data_time: 0.0055  memory: 171  
2026/08/05 12:51:21 - mmengine - INFO - Epoch(val)  [14][ 90/116]    eta: 0:00:00  time: 0.0391  data_time: 0.0058  memory: 225  
2026/08/05 12:51:21 - mmengine - INFO - Epoch(val)  [14][100/116]    eta: 0:00:00  time: 0.0411  data_time: 0.0059  memory: 184  
2026/08/05 12:51:22 - mmengine - INFO - Epoch(val)  [14][110/116]    eta: 0:00:00  time: 0.0415  data_time: 0.0056  memory: 198  
2026/08/05 12:51:22 - mmengine - INFO - Evaluating bbox...
2026/08/05 12:51:22 - mmengine - INFO - bbox_mAP_copypaste: 0.545 0.870 0.637 0.000 0.633 0.490
2026/08/05 12:51:22 - mmengine - INFO - Evaluating segm...
2026/08/05 12:51:22 - mmengine - INFO - segm_mAP_copypaste: 0.367 0.557 0.413 0.000 0.490 0.295
2026/08/05 12:51:22 - mmengine - INFO - Epoch(val) [14][116/116]    coco/bbox_mAP: 0.5450  coco/bbox_mAP_50: 0.8700  coco/bbox_mAP_75: 0.6370  coco/bbox_mAP_s: 0.0000  coco/bbox_mAP_m: 0.6330  coco/bbox_mAP_l: 0.4900  coco/segm_mAP: 0.3670  coco/segm_mAP_50: 0.5570  coco/segm_mAP_75: 0.4130  coco/segm_mAP_s: 0.0000  coco/segm_mAP_m: 0.4900  coco/segm_mAP_l: 0.2950  data_time: 0.0052  time: 0.0369
2026/08/05 12:51:26 - mmengine - INFO - Epoch(train)  [15][10/68]  base_lr: 1.2500e-04 lr: 1.2500e-04  eta: 0:32:31  time: 0.3415  data_time: 0.1289  memory: 602  grad_norm: 13.5520  loss: 0.7653  loss_cls: 0.2908  loss_bbox: 0.3340  loss_mask: 0.1405
2026/08/05 12:51:30 - mmengine - INFO - Epoch(train)  [15][20/68]  base_lr: 1.2500e-04 lr: 1.2500e-04  eta: 0:32:29  time: 0.3453  data_time: 0.1314  memory: 598  grad_norm: 13.8781  loss: 0.7596  loss_cls: 0.2802  loss_bbox: 0.3381  loss_mask: 0.1414
2026/08/05 12:51:33 - mmengine - INFO - Epoch(train)  [15][30/68]  base_lr: 1.2500e-04 lr: 1.2500e-04  eta: 0:32:27  time: 0.3490  data_time: 0.1352  memory: 600  grad_norm: 13.7233  loss: 0.7495  loss_cls: 0.2766  loss_bbox: 0.3341  loss_mask: 0.1388
2026/08/05 12:51:36 - mmengine - INFO - Epoch(train)  [15][40/68]  base_lr: 1.2500e-04 lr: 1.2500e-04  eta: 0:32:23  time: 0.3495  data_time: 0.1350  memory: 601  grad_norm: 13.6809  loss: 0.7306  loss_cls: 0.2677  loss_bbox: 0.3264  loss_mask: 0.1365
2026/08/05 12:51:39 - mmengine - INFO - Exp name: rtmdet_ins_busi_20260805_124409
2026/08/05 12:51:40 - mmengine - INFO - Epoch(train)  [15][50/68]  base_lr: 1.2500e-04 lr: 1.2500e-04  eta: 0:32:19  time: 0.3472  data_time: 0.1331  memory: 599  grad_norm: 14.0533  loss: 0.7135  loss_cls: 0.2546  loss_bbox: 0.3238  loss_mask: 0.1351
2026/08/05 12:51:43 - mmengine - INFO - Epoch(train)  [15][60/68]  base_lr: 1.2500e-04 lr: 1.2500e-04  eta: 0:32:16  time: 0.3394  data_time: 0.1314  memory: 601  grad_norm: 14.3966  loss: 0.7282  loss_cls: 0.2603  loss_bbox: 0.3274  loss_mask: 0.1406
2026/08/05 12:51:46 - mmengine - INFO - Exp name: rtmdet_ins_busi_20260805_124409
2026/08/05 12:51:46 - mmengine - INFO - Saving checkpoint at 15 epochs
2026/08/05 12:51:48 - mmengine - INFO - Epoch(val)  [15][ 10/116]    eta: 0:00:03  time: 0.0412  data_time: 0.0050  memory: 601  
2026/08/05 12:51:48 - mmengine - INFO - Epoch(val)  [15][ 20/116]    eta: 0:00:02  time: 0.0389  data_time: 0.0046  memory: 133  
2026/08/05 12:51:48 - mmengine - INFO - Epoch(val)  [15][ 30/116]    eta: 0:00:02  time: 0.0330  data_time: 0.0053  memory: 197  
2026/08/05 12:51:49 - mmengine - INFO - Epoch(val)  [15][ 40/116]    eta: 0:00:02  time: 0.0310  data_time: 0.0046  memory: 158  
2026/08/05 12:51:49 - mmengine - INFO - Epoch(val)  [15][ 50/116]    eta: 0:00:01  time: 0.0292  data_time: 0.0045  memory: 170  
2026/08/05 12:51:49 - mmengine - INFO - Epoch(val)  [15][ 60/116]    eta: 0:00:01  time: 0.0299  data_time: 0.0052  memory: 186  
2026/08/05 12:51:50 - mmengine - INFO - Epoch(val)  [15][ 70/116]    eta: 0:00:01  time: 0.0303  data_time: 0.0047  memory: 172  
2026/08/05 12:51:50 - mmengine - INFO - Epoch(val)  [15][ 80/116]    eta: 0:00:01  time: 0.0310  data_time: 0.0037  memory: 177  
2026/08/05 12:51:50 - mmengine - INFO - Epoch(val)  [15][ 90/116]    eta: 0:00:00  time: 0.0325  data_time: 0.0045  memory: 255  
2026/08/05 12:51:51 - mmengine - INFO - Epoch(val)  [15][100/116]    eta: 0:00:00  time: 0.0334  data_time: 0.0048  memory: 171  
2026/08/05 12:51:51 - mmengine - INFO - Epoch(val)  [15][110/116]    eta: 0:00:00  time: 0.0337  data_time: 0.0045  memory: 213  
2026/08/05 12:51:51 - mmengine - INFO - Evaluating bbox...
2026/08/05 12:51:51 - mmengine - INFO - bbox_mAP_copypaste: 0.567 0.882 0.622 0.000 0.658 0.513
2026/08/05 12:51:51 - mmengine - INFO - Evaluating segm...
2026/08/05 12:51:51 - mmengine - INFO - segm_mAP_copypaste: 0.376 0.554 0.421 0.000 0.504 0.311
2026/08/05 12:51:51 - mmengine - INFO - Epoch(val) [15][116/116]    coco/bbox_mAP: 0.5670  coco/bbox_mAP_50: 0.8820  coco/bbox_mAP_75: 0.6220  coco/bbox_mAP_s: 0.0000  coco/bbox_mAP_m: 0.6580  coco/bbox_mAP_l: 0.5130  coco/segm_mAP: 0.3760  coco/segm_mAP_50: 0.5540  coco/segm_mAP_75: 0.4210  coco/segm_mAP_s: 0.0000  coco/segm_mAP_m: 0.5040  coco/segm_mAP_l: 0.3110  data_time: 0.0048  time: 0.0320
2026/08/05 12:51:55 - mmengine - INFO - Epoch(train)  [16][10/68]  base_lr: 1.2500e-04 lr: 1.2500e-04  eta: 0:32:09  time: 0.3278  data_time: 0.1208  memory: 601  grad_norm: 13.8314  loss: 0.7119  loss_cls: 0.2600  loss_bbox: 0.3182  loss_mask: 0.1337
2026/08/05 12:51:58 - mmengine - INFO - Epoch(train)  [16][20/68]  base_lr: 1.2500e-04 lr: 1.2500e-04  eta: 0:32:06  time: 0.3284  data_time: 0.1203  memory: 600  grad_norm: 13.8588  loss: 0.7315  loss_cls: 0.2697  loss_bbox: 0.3234  loss_mask: 0.1383
2026/08/05 12:52:01 - mmengine - INFO - Epoch(train)  [16][30/68]  base_lr: 1.2500e-04 lr: 1.2500e-04  eta: 0:32:02  time: 0.3275  data_time: 0.1182  memory: 601  grad_norm: 13.4349  loss: 0.7260  loss_cls: 0.2700  loss_bbox: 0.3207  loss_mask: 0.1354
2026/08/05 12:52:05 - mmengine - INFO - Epoch(train)  [16][40/68]  base_lr: 1.2500e-04 lr: 1.2500e-04  eta: 0:31:58  time: 0.3297  data_time: 0.1190  memory: 602  grad_norm: 13.1745  loss: 0.7235  loss_cls: 0.2655  loss_bbox: 0.3209  loss_mask: 0.1372
2026/08/05 12:52:08 - mmengine - INFO - Epoch(train)  [16][50/68]  base_lr: 1.2500e-04 lr: 1.2500e-04  eta: 0:31:55  time: 0.3296  data_time: 0.1177  memory: 601  grad_norm: 13.3398  loss: 0.7301  loss_cls: 0.2687  loss_bbox: 0.3218  loss_mask: 0.1396
2026/08/05 12:52:11 - mmengine - INFO - Epoch(train)  [16][60/68]  base_lr: 1.2500e-04 lr: 1.2500e-04  eta: 0:31:52  time: 0.3330  data_time: 0.1202  memory: 600  grad_norm: 13.3143  loss: 0.7275  loss_cls: 0.2701  loss_bbox: 0.3168  loss_mask: 0.1405
2026/08/05 12:52:14 - mmengine - INFO - Exp name: rtmdet_ins_busi_20260805_124409
2026/08/05 12:52:14 - mmengine - INFO - Saving checkpoint at 16 epochs
2026/08/05 12:52:16 - mmengine - INFO - Epoch(val)  [16][ 10/116]    eta: 0:00:04  time: 0.0364  data_time: 0.0057  memory: 598  
2026/08/05 12:52:16 - mmengine - INFO - Epoch(val)  [16][ 20/116]    eta: 0:00:03  time: 0.0359  data_time: 0.0053  memory: 138  
2026/08/05 12:52:17 - mmengine - INFO - Epoch(val)  [16][ 30/116]    eta: 0:00:03  time: 0.0352  data_time: 0.0045  memory: 172  
2026/08/05 12:52:17 - mmengine - INFO - Epoch(val)  [16][ 40/116]    eta: 0:00:02  time: 0.0350  data_time: 0.0051  memory: 159  
2026/08/05 12:52:17 - mmengine - INFO - Epoch(val)  [16][ 50/116]    eta: 0:00:02  time: 0.0337  data_time: 0.0047  memory: 205  
2026/08/05 12:52:18 - mmengine - INFO - Epoch(val)  [16][ 60/116]    eta: 0:00:01  time: 0.0334  data_time: 0.0056  memory: 164  
2026/08/05 12:52:18 - mmengine - INFO - Epoch(val)  [16][ 70/116]    eta: 0:00:01  time: 0.0337  data_time: 0.0062  memory: 162  
2026/08/05 12:52:18 - mmengine - INFO - Epoch(val)  [16][ 80/116]    eta: 0:00:01  time: 0.0329  data_time: 0.0062  memory: 146  
2026/08/05 12:52:19 - mmengine - INFO - Epoch(val)  [16][ 90/116]    eta: 0:00:00  time: 0.0345  data_time: 0.0066  memory: 249  
2026/08/05 12:52:19 - mmengine - INFO - Epoch(val)  [16][100/116]    eta: 0:00:00  time: 0.0350  data_time: 0.0074  memory: 192  
2026/08/05 12:52:20 - mmengine - INFO - Epoch(val)  [16][110/116]    eta: 0:00:00  time: 0.0344  data_time: 0.0065  memory: 151  
2026/08/05 12:52:20 - mmengine - INFO - Evaluating bbox...
2026/08/05 12:52:20 - mmengine - INFO - bbox_mAP_copypaste: 0.568 0.873 0.681 0.000 0.669 0.507
2026/08/05 12:52:20 - mmengine - INFO - Evaluating segm...
2026/08/05 12:52:20 - mmengine - INFO - segm_mAP_copypaste: 0.364 0.547 0.395 0.000 0.488 0.302
2026/08/05 12:52:20 - mmengine - INFO - Epoch(val) [16][116/116]    coco/bbox_mAP: 0.5680  coco/bbox_mAP_50: 0.8730  coco/bbox_mAP_75: 0.6810  coco/bbox_mAP_s: 0.0000  coco/bbox_mAP_m: 0.6690  coco/bbox_mAP_l: 0.5070  coco/segm_mAP: 0.3640  coco/segm_mAP_50: 0.5470  coco/segm_mAP_75: 0.3950  coco/segm_mAP_s: 0.0000  coco/segm_mAP_m: 0.4880  coco/segm_mAP_l: 0.3020  data_time: 0.0056  time: 0.0343
2026/08/05 12:52:24 - mmengine - INFO - Epoch(train)  [17][10/68]  base_lr: 1.2500e-04 lr: 1.2500e-04  eta: 0:31:46  time: 0.3336  data_time: 0.1231  memory: 601  grad_norm: 14.3748  loss: 0.7253  loss_cls: 0.2659  loss_bbox: 0.3143  loss_mask: 0.1451
2026/08/05 12:52:27 - mmengine - INFO - Epoch(train)  [17][20/68]  base_lr: 1.2500e-04 lr: 1.2500e-04  eta: 0:31:42  time: 0.3345  data_time: 0.1220  memory: 600  grad_norm: 14.1223  loss: 0.7037  loss_cls: 0.2578  loss_bbox: 0.3060  loss_mask: 0.1398
2026/08/05 12:52:30 - mmengine - INFO - Epoch(train)  [17][30/68]  base_lr: 1.2500e-04 lr: 1.2500e-04  eta: 0:31:40  time: 0.3392  data_time: 0.1275  memory: 600  grad_norm: 14.3102  loss: 0.7054  loss_cls: 0.2608  loss_bbox: 0.3070  loss_mask: 0.1376
2026/08/05 12:52:34 - mmengine - INFO - Epoch(train)  [17][40/68]  base_lr: 1.2500e-04 lr: 1.2500e-04  eta: 0:31:37  time: 0.3419  data_time: 0.1275  memory: 604  grad_norm: 14.1738  loss: 0.6979  loss_cls: 0.2538  loss_bbox: 0.3081  loss_mask: 0.1360
2026/08/05 12:52:37 - mmengine - INFO - Epoch(train)  [17][50/68]  base_lr: 1.2500e-04 lr: 1.2500e-04  eta: 0:31:33  time: 0.3434  data_time: 0.1279  memory: 601  grad_norm: 13.8509  loss: 0.6924  loss_cls: 0.2438  loss_bbox: 0.3126  loss_mask: 0.1360
2026/08/05 12:52:40 - mmengine - INFO - Epoch(train)  [17][60/68]  base_lr: 1.2500e-04 lr: 1.2500e-04  eta: 0:31:30  time: 0.3368  data_time: 0.1228  memory: 601  grad_norm: 13.3778  loss: 0.6796  loss_cls: 0.2352  loss_bbox: 0.3114  loss_mask: 0.1330
2026/08/05 12:52:43 - mmengine - INFO - Exp name: rtmdet_ins_busi_20260805_124409
2026/08/05 12:52:43 - mmengine - INFO - Saving checkpoint at 17 epochs
2026/08/05 12:52:45 - mmengine - INFO - Epoch(val)  [17][ 10/116]    eta: 0:00:03  time: 0.0353  data_time: 0.0058  memory: 600  
2026/08/05 12:52:45 - mmengine - INFO - Epoch(val)  [17][ 20/116]    eta: 0:00:02  time: 0.0340  data_time: 0.0051  memory: 133  
2026/08/05 12:52:46 - mmengine - INFO - Epoch(val)  [17][ 30/116]    eta: 0:00:02  time: 0.0328  data_time: 0.0051  memory: 168  
2026/08/05 12:52:46 - mmengine - INFO - Epoch(val)  [17][ 40/116]    eta: 0:00:02  time: 0.0329  data_time: 0.0051  memory: 172  
2026/08/05 12:52:46 - mmengine - INFO - Epoch(val)  [17][ 50/116]    eta: 0:00:02  time: 0.0321  data_time: 0.0063  memory: 167  
2026/08/05 12:52:47 - mmengine - INFO - Epoch(val)  [17][ 60/116]    eta: 0:00:01  time: 0.0326  data_time: 0.0059  memory: 156  
2026/08/05 12:52:47 - mmengine - INFO - Epoch(val)  [17][ 70/116]    eta: 0:00:01  time: 0.0345  data_time: 0.0060  memory: 140  
2026/08/05 12:52:48 - mmengine - INFO - Epoch(val)  [17][ 80/116]    eta: 0:00:01  time: 0.0343  data_time: 0.0055  memory: 140  
2026/08/05 12:52:48 - mmengine - INFO - Epoch(val)  [17][ 90/116]    eta: 0:00:00  time: 0.0360  data_time: 0.0052  memory: 231  
2026/08/05 12:52:48 - mmengine - INFO - Epoch(val)  [17][100/116]    eta: 0:00:00  time: 0.0367  data_time: 0.0048  memory: 202  
2026/08/05 12:52:49 - mmengine - INFO - Epoch(val)  [17][110/116]    eta: 0:00:00  time: 0.0360  data_time: 0.0050  memory: 143  
2026/08/05 12:52:49 - mmengine - INFO - Evaluating bbox...
2026/08/05 12:52:49 - mmengine - INFO - bbox_mAP_copypaste: 0.574 0.868 0.691 0.000 0.687 0.510
2026/08/05 12:52:49 - mmengine - INFO - Evaluating segm...
2026/08/05 12:52:49 - mmengine - INFO - segm_mAP_copypaste: 0.381 0.552 0.436 0.000 0.509 0.319
2026/08/05 12:52:49 - mmengine - INFO - Epoch(val) [17][116/116]    coco/bbox_mAP: 0.5740  coco/bbox_mAP_50: 0.8680  coco/bbox_mAP_75: 0.6910  coco/bbox_mAP_s: 0.0000  coco/bbox_mAP_m: 0.6870  coco/bbox_mAP_l: 0.5100  coco/segm_mAP: 0.3810  coco/segm_mAP_50: 0.5520  coco/segm_mAP_75: 0.4360  coco/segm_mAP_s: 0.0000  coco/segm_mAP_m: 0.5090  coco/segm_mAP_l: 0.3190  data_time: 0.0053  time: 0.0344
2026/08/05 12:52:49 - mmengine - INFO - The previous best checkpoint d:\mamografi\real_time_segmentasyon\rtmdet\calisma\rtmdet_ins_tiny_256_orta\best_coco_segm_mAP_epoch_11.pth is removed
2026/08/05 12:52:51 - mmengine - INFO - The best checkpoint with 0.3810 coco/segm_mAP at 17 epoch is saved to best_coco_segm_mAP_epoch_17.pth.
2026/08/05 12:52:56 - mmengine - INFO - Epoch(train)  [18][10/68]  base_lr: 1.2500e-04 lr: 1.2500e-04  eta: 0:31:23  time: 0.3326  data_time: 0.1187  memory: 600  grad_norm: 14.3142  loss: 0.6961  loss_cls: 0.2336  loss_bbox: 0.3218  loss_mask: 0.1407
2026/08/05 12:52:59 - mmengine - INFO - Epoch(train)  [18][20/68]  base_lr: 1.2500e-04 lr: 1.2500e-04  eta: 0:31:20  time: 0.3313  data_time: 0.1200  memory: 600  grad_norm: 14.4135  loss: 0.7005  loss_cls: 0.2360  loss_bbox: 0.3228  loss_mask: 0.1417
2026/08/05 12:53:02 - mmengine - INFO - Epoch(train)  [18][30/68]  base_lr: 1.2500e-04 lr: 1.2500e-04  eta: 0:31:16  time: 0.3297  data_time: 0.1187  memory: 599  grad_norm: 14.2460  loss: 0.6966  loss_cls: 0.2442  loss_bbox: 0.3170  loss_mask: 0.1353
2026/08/05 12:53:06 - mmengine - INFO - Epoch(train)  [18][40/68]  base_lr: 1.2500e-04 lr: 1.2500e-04  eta: 0:31:13  time: 0.3298  data_time: 0.1184  memory: 603  grad_norm: 14.5641  loss: 0.7053  loss_cls: 0.2486  loss_bbox: 0.3183  loss_mask: 0.1384
2026/08/05 12:53:09 - mmengine - INFO - Epoch(train)  [18][50/68]  base_lr: 1.2500e-04 lr: 1.2500e-04  eta: 0:31:09  time: 0.3349  data_time: 0.1206  memory: 599  grad_norm: 14.6654  loss: 0.6945  loss_cls: 0.2524  loss_bbox: 0.3092  loss_mask: 0.1330
2026/08/05 12:53:12 - mmengine - INFO - Epoch(train)  [18][60/68]  base_lr: 1.2500e-04 lr: 1.2500e-04  eta: 0:31:06  time: 0.3309  data_time: 0.1198  memory: 602  grad_norm: 14.7474  loss: 0.6921  loss_cls: 0.2518  loss_bbox: 0.3090  loss_mask: 0.1312
2026/08/05 12:53:15 - mmengine - INFO - Exp name: rtmdet_ins_busi_20260805_124409
2026/08/05 12:53:15 - mmengine - INFO - Saving checkpoint at 18 epochs
2026/08/05 12:53:17 - mmengine - INFO - Epoch(val)  [18][ 10/116]    eta: 0:00:03  time: 0.0361  data_time: 0.0052  memory: 601  
2026/08/05 12:53:18 - mmengine - INFO - Epoch(val)  [18][ 20/116]    eta: 0:00:03  time: 0.0342  data_time: 0.0048  memory: 133  
2026/08/05 12:53:18 - mmengine - INFO - Epoch(val)  [18][ 30/116]    eta: 0:00:02  time: 0.0325  data_time: 0.0052  memory: 181  
2026/08/05 12:53:18 - mmengine - INFO - Epoch(val)  [18][ 40/116]    eta: 0:00:02  time: 0.0334  data_time: 0.0049  memory: 184  
2026/08/05 12:53:19 - mmengine - INFO - Epoch(val)  [18][ 50/116]    eta: 0:00:02  time: 0.0325  data_time: 0.0055  memory: 167  
2026/08/05 12:53:19 - mmengine - INFO - Epoch(val)  [18][ 60/116]    eta: 0:00:01  time: 0.0333  data_time: 0.0052  memory: 186  
2026/08/05 12:53:19 - mmengine - INFO - Epoch(val)  [18][ 70/116]    eta: 0:00:01  time: 0.0347  data_time: 0.0054  memory: 167  
2026/08/05 12:53:20 - mmengine - INFO - Epoch(val)  [18][ 80/116]    eta: 0:00:01  time: 0.0351  data_time: 0.0045  memory: 160  
2026/08/05 12:53:20 - mmengine - INFO - Epoch(val)  [18][ 90/116]    eta: 0:00:00  time: 0.0367  data_time: 0.0046  memory: 249  
2026/08/05 12:53:21 - mmengine - INFO - Epoch(val)  [18][100/116]    eta: 0:00:00  time: 0.0375  data_time: 0.0051  memory: 183  
2026/08/05 12:53:21 - mmengine - INFO - Epoch(val)  [18][110/116]    eta: 0:00:00  time: 0.0369  data_time: 0.0055  memory: 186  
2026/08/05 12:53:21 - mmengine - INFO - Evaluating bbox...
2026/08/05 12:53:21 - mmengine - INFO - bbox_mAP_copypaste: 0.589 0.894 0.696 0.000 0.699 0.524
2026/08/05 12:53:21 - mmengine - INFO - Evaluating segm...
2026/08/05 12:53:21 - mmengine - INFO - segm_mAP_copypaste: 0.385 0.582 0.439 0.000 0.509 0.319
2026/08/05 12:53:21 - mmengine - INFO - Epoch(val) [18][116/116]    coco/bbox_mAP: 0.5890  coco/bbox_mAP_50: 0.8940  coco/bbox_mAP_75: 0.6960  coco/bbox_mAP_s: 0.0000  coco/bbox_mAP_m: 0.6990  coco/bbox_mAP_l: 0.5240  coco/segm_mAP: 0.3850  coco/segm_mAP_50: 0.5820  coco/segm_mAP_75: 0.4390  coco/segm_mAP_s: 0.0000  coco/segm_mAP_m: 0.5090  coco/segm_mAP_l: 0.3190  data_time: 0.0053  time: 0.0354
2026/08/05 12:53:21 - mmengine - INFO - The previous best checkpoint d:\mamografi\real_time_segmentasyon\rtmdet\calisma\rtmdet_ins_tiny_256_orta\best_coco_segm_mAP_epoch_17.pth is removed
2026/08/05 12:53:23 - mmengine - INFO - The best checkpoint with 0.3850 coco/segm_mAP at 18 epoch is saved to best_coco_segm_mAP_epoch_18.pth.
2026/08/05 12:53:28 - mmengine - INFO - Epoch(train)  [19][10/68]  base_lr: 1.2500e-04 lr: 1.2500e-04  eta: 0:31:00  time: 0.3348  data_time: 0.1200  memory: 601  grad_norm: 14.6774  loss: 0.6940  loss_cls: 0.2530  loss_bbox: 0.3045  loss_mask: 0.1364
2026/08/05 12:53:32 - mmengine - INFO - Epoch(train)  [19][20/68]  base_lr: 1.2500e-04 lr: 1.2500e-04  eta: 0:30:57  time: 0.3370  data_time: 0.1217  memory: 602  grad_norm: 14.6129  loss: 0.7064  loss_cls: 0.2593  loss_bbox: 0.3109  loss_mask: 0.1362
2026/08/05 12:53:35 - mmengine - INFO - Epoch(train)  [19][30/68]  base_lr: 1.2500e-04 lr: 1.2500e-04  eta: 0:30:54  time: 0.3403  data_time: 0.1245  memory: 600  grad_norm: 14.1046  loss: 0.7055  loss_cls: 0.2508  loss_bbox: 0.3153  loss_mask: 0.1394
2026/08/05 12:53:39 - mmengine - INFO - Epoch(train)  [19][40/68]  base_lr: 1.2500e-04 lr: 1.2500e-04  eta: 0:30:51  time: 0.3386  data_time: 0.1215  memory: 603  grad_norm: 13.4849  loss: 0.6948  loss_cls: 0.2453  loss_bbox: 0.3114  loss_mask: 0.1381
2026/08/05 12:53:42 - mmengine - INFO - Epoch(train)  [19][50/68]  base_lr: 1.2500e-04 lr: 1.2500e-04  eta: 0:30:47  time: 0.3382  data_time: 0.1225  memory: 599  grad_norm: 13.6544  loss: 0.6823  loss_cls: 0.2415  loss_bbox: 0.3075  loss_mask: 0.1334
2026/08/05 12:53:45 - mmengine - INFO - Epoch(train)  [19][60/68]  base_lr: 1.2500e-04 lr: 1.2500e-04  eta: 0:30:44  time: 0.3362  data_time: 0.1231  memory: 601  grad_norm: 13.8742  loss: 0.6882  loss_cls: 0.2434  loss_bbox: 0.3103  loss_mask: 0.1346
2026/08/05 12:53:48 - mmengine - INFO - Exp name: rtmdet_ins_busi_20260805_124409
2026/08/05 12:53:48 - mmengine - INFO - Saving checkpoint at 19 epochs
2026/08/05 12:53:50 - mmengine - INFO - Epoch(val)  [19][ 10/116]    eta: 0:00:03  time: 0.0374  data_time: 0.0055  memory: 600  
2026/08/05 12:53:50 - mmengine - INFO - Epoch(val)  [19][ 20/116]    eta: 0:00:03  time: 0.0367  data_time: 0.0059  memory: 141  
2026/08/05 12:53:51 - mmengine - INFO - Epoch(val)  [19][ 30/116]    eta: 0:00:02  time: 0.0352  data_time: 0.0053  memory: 207  
2026/08/05 12:53:51 - mmengine - INFO - Epoch(val)  [19][ 40/116]    eta: 0:00:02  time: 0.0353  data_time: 0.0049  memory: 157  
2026/08/05 12:53:51 - mmengine - INFO - Epoch(val)  [19][ 50/116]    eta: 0:00:02  time: 0.0336  data_time: 0.0053  memory: 187  
2026/08/05 12:53:52 - mmengine - INFO - Epoch(val)  [19][ 60/116]    eta: 0:00:01  time: 0.0337  data_time: 0.0056  memory: 174  
2026/08/05 12:53:52 - mmengine - INFO - Epoch(val)  [19][ 70/116]    eta: 0:00:01  time: 0.0332  data_time: 0.0055  memory: 151  
2026/08/05 12:53:52 - mmengine - INFO - Epoch(val)  [19][ 80/116]    eta: 0:00:01  time: 0.0328  data_time: 0.0052  memory: 176  
2026/08/05 12:53:53 - mmengine - INFO - Epoch(val)  [19][ 90/116]    eta: 0:00:00  time: 0.0341  data_time: 0.0053  memory: 213  
2026/08/05 12:53:53 - mmengine - INFO - Epoch(val)  [19][100/116]    eta: 0:00:00  time: 0.0356  data_time: 0.0058  memory: 221  
2026/08/05 12:53:53 - mmengine - INFO - Epoch(val)  [19][110/116]    eta: 0:00:00  time: 0.0364  data_time: 0.0050  memory: 175  
2026/08/05 12:53:54 - mmengine - INFO - Evaluating bbox...
2026/08/05 12:53:54 - mmengine - INFO - bbox_mAP_copypaste: 0.580 0.890 0.661 0.000 0.720 0.515
2026/08/05 12:53:54 - mmengine - INFO - Evaluating segm...
2026/08/05 12:53:54 - mmengine - INFO - segm_mAP_copypaste: 0.385 0.572 0.428 0.000 0.523 0.338
2026/08/05 12:53:54 - mmengine - INFO - Epoch(val) [19][116/116]    coco/bbox_mAP: 0.5800  coco/bbox_mAP_50: 0.8900  coco/bbox_mAP_75: 0.6610  coco/bbox_mAP_s: 0.0000  coco/bbox_mAP_m: 0.7200  coco/bbox_mAP_l: 0.5150  coco/segm_mAP: 0.3850  coco/segm_mAP_50: 0.5720  coco/segm_mAP_75: 0.4280  coco/segm_mAP_s: 0.0000  coco/segm_mAP_m: 0.5230  coco/segm_mAP_l: 0.3380  data_time: 0.0054  time: 0.0350
2026/08/05 12:53:57 - mmengine - INFO - Epoch(train)  [20][10/68]  base_lr: 1.2500e-04 lr: 1.2500e-04  eta: 0:30:36  time: 0.3264  data_time: 0.1152  memory: 601  grad_norm: 14.3988  loss: 0.6719  loss_cls: 0.2368  loss_bbox: 0.3034  loss_mask: 0.1317
2026/08/05 12:54:01 - mmengine - INFO - Epoch(train)  [20][20/68]  base_lr: 1.2500e-04 lr: 1.2500e-04  eta: 0:30:33  time: 0.3267  data_time: 0.1159  memory: 601  grad_norm: 14.1116  loss: 0.6722  loss_cls: 0.2416  loss_bbox: 0.3007  loss_mask: 0.1299
2026/08/05 12:54:04 - mmengine - INFO - Epoch(train)  [20][30/68]  base_lr: 1.2500e-04 lr: 1.2500e-04  eta: 0:30:30  time: 0.3281  data_time: 0.1197  memory: 600  grad_norm: 14.0763  loss: 0.6711  loss_cls: 0.2381  loss_bbox: 0.3017  loss_mask: 0.1312
2026/08/05 12:54:07 - mmengine - INFO - Epoch(train)  [20][40/68]  base_lr: 1.2500e-04 lr: 1.2500e-04  eta: 0:30:26  time: 0.3268  data_time: 0.1184  memory: 600  grad_norm: 13.7085  loss: 0.6659  loss_cls: 0.2386  loss_bbox: 0.2983  loss_mask: 0.1290
2026/08/05 12:54:11 - mmengine - INFO - Epoch(train)  [20][50/68]  base_lr: 1.2500e-04 lr: 1.2500e-04  eta: 0:30:23  time: 0.3341  data_time: 0.1231  memory: 602  grad_norm: 12.9379  loss: 0.6589  loss_cls: 0.2309  loss_bbox: 0.3000  loss_mask: 0.1280
2026/08/05 12:54:14 - mmengine - INFO - Epoch(train)  [20][60/68]  base_lr: 1.2500e-04 lr: 1.2500e-04  eta: 0:30:20  time: 0.3376  data_time: 0.1264  memory: 601  grad_norm: 13.3580  loss: 0.6633  loss_cls: 0.2371  loss_bbox: 0.3000  loss_mask: 0.1262
2026/08/05 12:54:16 - mmengine - INFO - Exp name: rtmdet_ins_busi_20260805_124409
2026/08/05 12:54:16 - mmengine - INFO - Saving checkpoint at 20 epochs
2026/08/05 12:54:19 - mmengine - INFO - Epoch(val)  [20][ 10/116]    eta: 0:00:03  time: 0.0369  data_time: 0.0054  memory: 600  
2026/08/05 12:54:19 - mmengine - INFO - Epoch(val)  [20][ 20/116]    eta: 0:00:02  time: 0.0356  data_time: 0.0051  memory: 125  
2026/08/05 12:54:19 - mmengine - INFO - Epoch(val)  [20][ 30/116]    eta: 0:00:02  time: 0.0337  data_time: 0.0041  memory: 172  
2026/08/05 12:54:20 - mmengine - INFO - Epoch(val)  [20][ 40/116]    eta: 0:00:02  time: 0.0326  data_time: 0.0033  memory: 157  
2026/08/05 12:54:20 - mmengine - INFO - Epoch(val)  [20][ 50/116]    eta: 0:00:02  time: 0.0312  data_time: 0.0045  memory: 181  
2026/08/05 12:54:20 - mmengine - INFO - Epoch(val)  [20][ 60/116]    eta: 0:00:01  time: 0.0318  data_time: 0.0057  memory: 169  
2026/08/05 12:54:21 - mmengine - INFO - Epoch(val)  [20][ 70/116]    eta: 0:00:01  time: 0.0325  data_time: 0.0060  memory: 147  
2026/08/05 12:54:21 - mmengine - INFO - Epoch(val)  [20][ 80/116]    eta: 0:00:01  time: 0.0335  data_time: 0.0062  memory: 167  
2026/08/05 12:54:21 - mmengine - INFO - Epoch(val)  [20][ 90/116]    eta: 0:00:00  time: 0.0354  data_time: 0.0066  memory: 225  
2026/08/05 12:54:22 - mmengine - INFO - Epoch(val)  [20][100/116]    eta: 0:00:00  time: 0.0362  data_time: 0.0056  memory: 219  
2026/08/05 12:54:22 - mmengine - INFO - Epoch(val)  [20][110/116]    eta: 0:00:00  time: 0.0366  data_time: 0.0052  memory: 159  
2026/08/05 12:54:22 - mmengine - INFO - Evaluating bbox...
2026/08/05 12:54:22 - mmengine - INFO - bbox_mAP_copypaste: 0.577 0.886 0.656 0.000 0.709 0.508
2026/08/05 12:54:22 - mmengine - INFO - Evaluating segm...
2026/08/05 12:54:23 - mmengine - INFO - segm_mAP_copypaste: 0.374 0.554 0.425 0.000 0.505 0.312
2026/08/05 12:54:23 - mmengine - INFO - Epoch(val) [20][116/116]    coco/bbox_mAP: 0.5770  coco/bbox_mAP_50: 0.8860  coco/bbox_mAP_75: 0.6560  coco/bbox_mAP_s: 0.0000  coco/bbox_mAP_m: 0.7090  coco/bbox_mAP_l: 0.5080  coco/segm_mAP: 0.3740  coco/segm_mAP_50: 0.5540  coco/segm_mAP_75: 0.4250  coco/segm_mAP_s: 0.0000  coco/segm_mAP_m: 0.5050  coco/segm_mAP_l: 0.3120  data_time: 0.0052  time: 0.0340
2026/08/05 12:54:26 - mmengine - INFO - Epoch(train)  [21][10/68]  base_lr: 1.2500e-04 lr: 1.2500e-04  eta: 0:30:14  time: 0.3350  data_time: 0.1209  memory: 601  grad_norm: 13.6950  loss: 0.6754  loss_cls: 0.2451  loss_bbox: 0.3017  loss_mask: 0.1286
2026/08/05 12:54:29 - mmengine - INFO - Epoch(train)  [21][20/68]  base_lr: 1.2500e-04 lr: 1.2500e-04  eta: 0:30:10  time: 0.3326  data_time: 0.1188  memory: 600  grad_norm: 13.6605  loss: 0.6713  loss_cls: 0.2395  loss_bbox: 0.3029  loss_mask: 0.1288
2026/08/05 12:54:33 - mmengine - INFO - Epoch(train)  [21][30/68]  base_lr: 1.2500e-04 lr: 1.2500e-04  eta: 0:30:06  time: 0.3310  data_time: 0.1176  memory: 600  grad_norm: 13.5633  loss: 0.6533  loss_cls: 0.2275  loss_bbox: 0.2961  loss_mask: 0.1297
2026/08/05 12:54:36 - mmengine - INFO - Epoch(train)  [21][40/68]  base_lr: 1.2500e-04 lr: 1.2500e-04  eta: 0:30:03  time: 0.3278  data_time: 0.1175  memory: 600  grad_norm: 13.4189  loss: 0.6487  loss_cls: 0.2253  loss_bbox: 0.2940  loss_mask: 0.1295
2026/08/05 12:54:39 - mmengine - INFO - Epoch(train)  [21][50/68]  base_lr: 1.2500e-04 lr: 1.2500e-04  eta: 0:29:59  time: 0.3321  data_time: 0.1185  memory: 602  grad_norm: 12.3106  loss: 0.6273  loss_cls: 0.2115  loss_bbox: 0.2898  loss_mask: 0.1260
2026/08/05 12:54:43 - mmengine - INFO - Epoch(train)  [21][60/68]  base_lr: 1.2500e-04 lr: 1.2500e-04  eta: 0:29:56  time: 0.3292  data_time: 0.1178  memory: 600  grad_norm: 12.7033  loss: 0.6372  loss_cls: 0.2108  loss_bbox: 0.2974  loss_mask: 0.1291
2026/08/05 12:54:45 - mmengine - INFO - Exp name: rtmdet_ins_busi_20260805_124409
2026/08/05 12:54:45 - mmengine - INFO - Saving checkpoint at 21 epochs
2026/08/05 12:54:47 - mmengine - INFO - Epoch(val)  [21][ 10/116]    eta: 0:00:03  time: 0.0367  data_time: 0.0051  memory: 600  
2026/08/05 12:54:48 - mmengine - INFO - Epoch(val)  [21][ 20/116]    eta: 0:00:02  time: 0.0342  data_time: 0.0052  memory: 122  
2026/08/05 12:54:48 - mmengine - INFO - Epoch(val)  [21][ 30/116]    eta: 0:00:02  time: 0.0322  data_time: 0.0052  memory: 177  
2026/08/05 12:54:48 - mmengine - INFO - Epoch(val)  [21][ 40/116]    eta: 0:00:02  time: 0.0315  data_time: 0.0039  memory: 164  
2026/08/05 12:54:49 - mmengine - INFO - Epoch(val)  [21][ 50/116]    eta: 0:00:02  time: 0.0310  data_time: 0.0054  memory: 153  
2026/08/05 12:54:49 - mmengine - INFO - Epoch(val)  [21][ 60/116]    eta: 0:00:01  time: 0.0317  data_time: 0.0048  memory: 142  
2026/08/05 12:54:49 - mmengine - INFO - Epoch(val)  [21][ 70/116]    eta: 0:00:01  time: 0.0317  data_time: 0.0048  memory: 131  
2026/08/05 12:54:49 - mmengine - INFO - Epoch(val)  [21][ 80/116]    eta: 0:00:01  time: 0.0320  data_time: 0.0049  memory: 142  
2026/08/05 12:54:50 - mmengine - INFO - Epoch(val)  [21][ 90/116]    eta: 0:00:00  time: 0.0332  data_time: 0.0046  memory: 207  
2026/08/05 12:54:50 - mmengine - INFO - Epoch(val)  [21][100/116]    eta: 0:00:00  time: 0.0332  data_time: 0.0043  memory: 236  
2026/08/05 12:54:51 - mmengine - INFO - Epoch(val)  [21][110/116]    eta: 0:00:00  time: 0.0328  data_time: 0.0053  memory: 128  
2026/08/05 12:54:51 - mmengine - INFO - Evaluating bbox...
2026/08/05 12:54:51 - mmengine - INFO - bbox_mAP_copypaste: 0.594 0.899 0.681 0.000 0.741 0.522
2026/08/05 12:54:51 - mmengine - INFO - Evaluating segm...
2026/08/05 12:54:51 - mmengine - INFO - segm_mAP_copypaste: 0.387 0.571 0.424 0.000 0.542 0.323
2026/08/05 12:54:51 - mmengine - INFO - Epoch(val) [21][116/116]    coco/bbox_mAP: 0.5940  coco/bbox_mAP_50: 0.8990  coco/bbox_mAP_75: 0.6810  coco/bbox_mAP_s: 0.0000  coco/bbox_mAP_m: 0.7410  coco/bbox_mAP_l: 0.5220  coco/segm_mAP: 0.3870  coco/segm_mAP_50: 0.5710  coco/segm_mAP_75: 0.4240  coco/segm_mAP_s: 0.0000  coco/segm_mAP_m: 0.5420  coco/segm_mAP_l: 0.3230  data_time: 0.0050  time: 0.0319
2026/08/05 12:54:51 - mmengine - INFO - The previous best checkpoint d:\mamografi\real_time_segmentasyon\rtmdet\calisma\rtmdet_ins_tiny_256_orta\best_coco_segm_mAP_epoch_18.pth is removed
2026/08/05 12:54:52 - mmengine - INFO - The best checkpoint with 0.3870 coco/segm_mAP at 21 epoch is saved to best_coco_segm_mAP_epoch_21.pth.
2026/08/05 12:54:58 - mmengine - INFO - Epoch(train)  [22][10/68]  base_lr: 1.2500e-04 lr: 1.2500e-04  eta: 0:29:51  time: 0.3382  data_time: 0.1209  memory: 598  grad_norm: 13.0505  loss: 0.6474  loss_cls: 0.2209  loss_bbox: 0.2955  loss_mask: 0.1310
2026/08/05 12:55:01 - mmengine - INFO - Epoch(train)  [22][20/68]  base_lr: 1.2500e-04 lr: 1.2500e-04  eta: 0:29:47  time: 0.3375  data_time: 0.1208  memory: 600  grad_norm: 13.1433  loss: 0.6410  loss_cls: 0.2125  loss_bbox: 0.2956  loss_mask: 0.1328
2026/08/05 12:55:05 - mmengine - INFO - Epoch(train)  [22][30/68]  base_lr: 1.2500e-04 lr: 1.2500e-04  eta: 0:29:44  time: 0.3383  data_time: 0.1198  memory: 600  grad_norm: 13.4578  loss: 0.6529  loss_cls: 0.2212  loss_bbox: 0.2975  loss_mask: 0.1342
2026/08/05 12:55:08 - mmengine - INFO - Epoch(train)  [22][40/68]  base_lr: 1.2500e-04 lr: 1.2500e-04  eta: 0:29:40  time: 0.3357  data_time: 0.1179  memory: 602  grad_norm: 13.4855  loss: 0.6450  loss_cls: 0.2185  loss_bbox: 0.2917  loss_mask: 0.1349
2026/08/05 12:55:11 - mmengine - INFO - Epoch(train)  [22][50/68]  base_lr: 1.2500e-04 lr: 1.2500e-04  eta: 0:29:37  time: 0.3350  data_time: 0.1201  memory: 601  grad_norm: 13.2275  loss: 0.6308  loss_cls: 0.2098  loss_bbox: 0.2885  loss_mask: 0.1325
2026/08/05 12:55:14 - mmengine - INFO - Epoch(train)  [22][60/68]  base_lr: 1.2500e-04 lr: 1.2500e-04  eta: 0:29:33  time: 0.3286  data_time: 0.1176  memory: 601  grad_norm: 12.7929  loss: 0.6318  loss_cls: 0.2117  loss_bbox: 0.2888  loss_mask: 0.1313
2026/08/05 12:55:17 - mmengine - INFO - Exp name: rtmdet_ins_busi_20260805_124409
2026/08/05 12:55:17 - mmengine - INFO - Saving checkpoint at 22 epochs
2026/08/05 12:55:19 - mmengine - INFO - Epoch(val)  [22][ 10/116]    eta: 0:00:03  time: 0.0340  data_time: 0.0051  memory: 605  
2026/08/05 12:55:20 - mmengine - INFO - Epoch(val)  [22][ 20/116]    eta: 0:00:02  time: 0.0324  data_time: 0.0054  memory: 122  
2026/08/05 12:55:20 - mmengine - INFO - Epoch(val)  [22][ 30/116]    eta: 0:00:02  time: 0.0308  data_time: 0.0046  memory: 172  
2026/08/05 12:55:20 - mmengine - INFO - Epoch(val)  [22][ 40/116]    eta: 0:00:02  time: 0.0310  data_time: 0.0037  memory: 151  
2026/08/05 12:55:21 - mmengine - INFO - Epoch(val)  [22][ 50/116]    eta: 0:00:02  time: 0.0314  data_time: 0.0040  memory: 187  
2026/08/05 12:55:21 - mmengine - INFO - Epoch(val)  [22][ 60/116]    eta: 0:00:01  time: 0.0317  data_time: 0.0051  memory: 174  
2026/08/05 12:55:21 - mmengine - INFO - Epoch(val)  [22][ 70/116]    eta: 0:00:01  time: 0.0332  data_time: 0.0053  memory: 193  
2026/08/05 12:55:22 - mmengine - INFO - Epoch(val)  [22][ 80/116]    eta: 0:00:01  time: 0.0335  data_time: 0.0054  memory: 152  
2026/08/05 12:55:22 - mmengine - INFO - Epoch(val)  [22][ 90/116]    eta: 0:00:00  time: 0.0352  data_time: 0.0065  memory: 243  
2026/08/05 12:55:22 - mmengine - INFO - Epoch(val)  [22][100/116]    eta: 0:00:00  time: 0.0354  data_time: 0.0057  memory: 204  
2026/08/05 12:55:23 - mmengine - INFO - Epoch(val)  [22][110/116]    eta: 0:00:00  time: 0.0358  data_time: 0.0054  memory: 154  
2026/08/05 12:55:23 - mmengine - INFO - Evaluating bbox...
2026/08/05 12:55:23 - mmengine - INFO - bbox_mAP_copypaste: 0.596 0.880 0.684 0.000 0.719 0.524
2026/08/05 12:55:23 - mmengine - INFO - Evaluating segm...
2026/08/05 12:55:23 - mmengine - INFO - segm_mAP_copypaste: 0.391 0.566 0.445 0.000 0.521 0.321
2026/08/05 12:55:23 - mmengine - INFO - Epoch(val) [22][116/116]    coco/bbox_mAP: 0.5960  coco/bbox_mAP_50: 0.8800  coco/bbox_mAP_75: 0.6840  coco/bbox_mAP_s: 0.0000  coco/bbox_mAP_m: 0.7190  coco/bbox_mAP_l: 0.5240  coco/segm_mAP: 0.3910  coco/segm_mAP_50: 0.5660  coco/segm_mAP_75: 0.4450  coco/segm_mAP_s: 0.0000  coco/segm_mAP_m: 0.5210  coco/segm_mAP_l: 0.3210  data_time: 0.0050  time: 0.0342
2026/08/05 12:55:23 - mmengine - INFO - The previous best checkpoint d:\mamografi\real_time_segmentasyon\rtmdet\calisma\rtmdet_ins_tiny_256_orta\best_coco_segm_mAP_epoch_21.pth is removed
2026/08/05 12:55:25 - mmengine - INFO - The best checkpoint with 0.3910 coco/segm_mAP at 22 epoch is saved to best_coco_segm_mAP_epoch_22.pth.
2026/08/05 12:55:30 - mmengine - INFO - Epoch(train)  [23][10/68]  base_lr: 1.2500e-04 lr: 1.2500e-04  eta: 0:29:28  time: 0.3337  data_time: 0.1173  memory: 601  grad_norm: 13.1898  loss: 0.6192  loss_cls: 0.2073  loss_bbox: 0.2872  loss_mask: 0.1246
2026/08/05 12:55:34 - mmengine - INFO - Epoch(train)  [23][20/68]  base_lr: 1.2500e-04 lr: 1.2500e-04  eta: 0:29:25  time: 0.3381  data_time: 0.1216  memory: 602  grad_norm: 12.9950  loss: 0.6020  loss_cls: 0.2002  loss_bbox: 0.2826  loss_mask: 0.1192
2026/08/05 12:55:37 - mmengine - INFO - Epoch(train)  [23][30/68]  base_lr: 1.2500e-04 lr: 1.2500e-04  eta: 0:29:22  time: 0.3377  data_time: 0.1186  memory: 600  grad_norm: 13.2129  loss: 0.6147  loss_cls: 0.2051  loss_bbox: 0.2872  loss_mask: 0.1224
2026/08/05 12:55:40 - mmengine - INFO - Epoch(train)  [23][40/68]  base_lr: 1.2500e-04 lr: 1.2500e-04  eta: 0:29:18  time: 0.3362  data_time: 0.1186  memory: 600  grad_norm: 16.9215  loss: 0.6132  loss_cls: 0.2025  loss_bbox: 0.2889  loss_mask: 0.1219
2026/08/05 12:55:44 - mmengine - INFO - Epoch(train)  [23][50/68]  base_lr: 1.2500e-04 lr: 1.2500e-04  eta: 0:29:14  time: 0.3358  data_time: 0.1210  memory: 601  grad_norm: 16.6673  loss: 0.6245  loss_cls: 0.2097  loss_bbox: 0.2887  loss_mask: 0.1261
2026/08/05 12:55:47 - mmengine - INFO - Epoch(train)  [23][60/68]  base_lr: 1.2500e-04 lr: 1.2500e-04  eta: 0:29:12  time: 0.3405  data_time: 0.1261  memory: 601  grad_norm: 16.5688  loss: 0.6379  loss_cls: 0.2166  loss_bbox: 0.2923  loss_mask: 0.1290
2026/08/05 12:55:50 - mmengine - INFO - Exp name: rtmdet_ins_busi_20260805_124409
2026/08/05 12:55:50 - mmengine - INFO - Saving checkpoint at 23 epochs
2026/08/05 12:55:52 - mmengine - INFO - Epoch(val)  [23][ 10/116]    eta: 0:00:03  time: 0.0363  data_time: 0.0058  memory: 600  
2026/08/05 12:55:52 - mmengine - INFO - Epoch(val)  [23][ 20/116]    eta: 0:00:02  time: 0.0348  data_time: 0.0055  memory: 133  
2026/08/05 12:55:53 - mmengine - INFO - Epoch(val)  [23][ 30/116]    eta: 0:00:02  time: 0.0327  data_time: 0.0055  memory: 159  
2026/08/05 12:55:53 - mmengine - INFO - Epoch(val)  [23][ 40/116]    eta: 0:00:02  time: 0.0324  data_time: 0.0051  memory: 163  
2026/08/05 12:55:53 - mmengine - INFO - Epoch(val)  [23][ 50/116]    eta: 0:00:02  time: 0.0304  data_time: 0.0046  memory: 181  
2026/08/05 12:55:54 - mmengine - INFO - Epoch(val)  [23][ 60/116]    eta: 0:00:01  time: 0.0322  data_time: 0.0047  memory: 156  
2026/08/05 12:55:54 - mmengine - INFO - Epoch(val)  [23][ 70/116]    eta: 0:00:01  time: 0.0329  data_time: 0.0044  memory: 143  
2026/08/05 12:55:54 - mmengine - INFO - Epoch(val)  [23][ 80/116]    eta: 0:00:01  time: 0.0329  data_time: 0.0043  memory: 145  
2026/08/05 12:55:55 - mmengine - INFO - Epoch(val)  [23][ 90/116]    eta: 0:00:00  time: 0.0342  data_time: 0.0042  memory: 207  
2026/08/05 12:55:55 - mmengine - INFO - Epoch(val)  [23][100/116]    eta: 0:00:00  time: 0.0351  data_time: 0.0043  memory: 199  
2026/08/05 12:55:55 - mmengine - INFO - Epoch(val)  [23][110/116]    eta: 0:00:00  time: 0.0341  data_time: 0.0037  memory: 150  
2026/08/05 12:55:56 - mmengine - INFO - Evaluating bbox...
2026/08/05 12:55:56 - mmengine - INFO - bbox_mAP_copypaste: 0.582 0.882 0.678 0.000 0.710 0.518
2026/08/05 12:55:56 - mmengine - INFO - Evaluating segm...
2026/08/05 12:55:56 - mmengine - INFO - segm_mAP_copypaste: 0.386 0.580 0.427 0.000 0.523 0.310
2026/08/05 12:55:56 - mmengine - INFO - Epoch(val) [23][116/116]    coco/bbox_mAP: 0.5820  coco/bbox_mAP_50: 0.8820  coco/bbox_mAP_75: 0.6780  coco/bbox_mAP_s: 0.0000  coco/bbox_mAP_m: 0.7100  coco/bbox_mAP_l: 0.5180  coco/segm_mAP: 0.3860  coco/segm_mAP_50: 0.5800  coco/segm_mAP_75: 0.4270  coco/segm_mAP_s: 0.0000  coco/segm_mAP_m: 0.5230  coco/segm_mAP_l: 0.3100  data_time: 0.0044  time: 0.0330
2026/08/05 12:55:59 - mmengine - INFO - Epoch(train)  [24][10/68]  base_lr: 1.2500e-04 lr: 1.2500e-04  eta: 0:29:06  time: 0.3335  data_time: 0.1220  memory: 601  grad_norm: 16.4680  loss: 0.6337  loss_cls: 0.2205  loss_bbox: 0.2856  loss_mask: 0.1276
2026/08/05 12:56:02 - mmengine - INFO - Epoch(train)  [24][20/68]  base_lr: 1.2500e-04 lr: 1.2500e-04  eta: 0:29:01  time: 0.3311  data_time: 0.1184  memory: 600  grad_norm: 13.3148  loss: 0.6391  loss_cls: 0.2206  loss_bbox: 0.2887  loss_mask: 0.1299
2026/08/05 12:56:06 - mmengine - INFO - Epoch(train)  [24][30/68]  base_lr: 1.2500e-04 lr: 1.2500e-04  eta: 0:28:58  time: 0.3313  data_time: 0.1182  memory: 601  grad_norm: 13.6641  loss: 0.6564  loss_cls: 0.2234  loss_bbox: 0.2985  loss_mask: 0.1344
2026/08/05 12:56:09 - mmengine - INFO - Epoch(train)  [24][40/68]  base_lr: 1.2500e-04 lr: 1.2500e-04  eta: 0:28:55  time: 0.3261  data_time: 0.1159  memory: 599  grad_norm: 13.4473  loss: 0.6263  loss_cls: 0.2102  loss_bbox: 0.2878  loss_mask: 0.1284
2026/08/05 12:56:12 - mmengine - INFO - Epoch(train)  [24][50/68]  base_lr: 1.2500e-04 lr: 1.2500e-04  eta: 0:28:51  time: 0.3247  data_time: 0.1161  memory: 601  grad_norm: 13.5353  loss: 0.6226  loss_cls: 0.2054  loss_bbox: 0.2880  loss_mask: 0.1292
2026/08/05 12:56:16 - mmengine - INFO - Epoch(train)  [24][60/68]  base_lr: 1.2500e-04 lr: 1.2500e-04  eta: 0:28:48  time: 0.3292  data_time: 0.1201  memory: 601  grad_norm: 13.3848  loss: 0.6203  loss_cls: 0.2004  loss_bbox: 0.2926  loss_mask: 0.1273
2026/08/05 12:56:18 - mmengine - INFO - Exp name: rtmdet_ins_busi_20260805_124409
2026/08/05 12:56:18 - mmengine - INFO - Saving checkpoint at 24 epochs
2026/08/05 12:56:20 - mmengine - INFO - Epoch(val)  [24][ 10/116]    eta: 0:00:03  time: 0.0346  data_time: 0.0044  memory: 600  
2026/08/05 12:56:21 - mmengine - INFO - Epoch(val)  [24][ 20/116]    eta: 0:00:02  time: 0.0335  data_time: 0.0044  memory: 118  
2026/08/05 12:56:21 - mmengine - INFO - Epoch(val)  [24][ 30/116]    eta: 0:00:02  time: 0.0324  data_time: 0.0046  memory: 187  
2026/08/05 12:56:21 - mmengine - INFO - Epoch(val)  [24][ 40/116]    eta: 0:00:02  time: 0.0323  data_time: 0.0049  memory: 152  
2026/08/05 12:56:22 - mmengine - INFO - Epoch(val)  [24][ 50/116]    eta: 0:00:02  time: 0.0315  data_time: 0.0043  memory: 187  
2026/08/05 12:56:22 - mmengine - INFO - Epoch(val)  [24][ 60/116]    eta: 0:00:01  time: 0.0324  data_time: 0.0049  memory: 156  
2026/08/05 12:56:22 - mmengine - INFO - Epoch(val)  [24][ 70/116]    eta: 0:00:01  time: 0.0327  data_time: 0.0045  memory: 156  
2026/08/05 12:56:23 - mmengine - INFO - Epoch(val)  [24][ 80/116]    eta: 0:00:01  time: 0.0328  data_time: 0.0048  memory: 152  
2026/08/05 12:56:23 - mmengine - INFO - Epoch(val)  [24][ 90/116]    eta: 0:00:00  time: 0.0334  data_time: 0.0050  memory: 207  
2026/08/05 12:56:23 - mmengine - INFO - Epoch(val)  [24][100/116]    eta: 0:00:00  time: 0.0342  data_time: 0.0051  memory: 213  
2026/08/05 12:56:24 - mmengine - INFO - Epoch(val)  [24][110/116]    eta: 0:00:00  time: 0.0337  data_time: 0.0047  memory: 190  
2026/08/05 12:56:24 - mmengine - INFO - Evaluating bbox...
2026/08/05 12:56:24 - mmengine - INFO - bbox_mAP_copypaste: 0.579 0.887 0.655 0.000 0.708 0.517
2026/08/05 12:56:24 - mmengine - INFO - Evaluating segm...
2026/08/05 12:56:24 - mmengine - INFO - segm_mAP_copypaste: 0.387 0.567 0.424 0.000 0.510 0.335
2026/08/05 12:56:24 - mmengine - INFO - Epoch(val) [24][116/116]    coco/bbox_mAP: 0.5790  coco/bbox_mAP_50: 0.8870  coco/bbox_mAP_75: 0.6550  coco/bbox_mAP_s: 0.0000  coco/bbox_mAP_m: 0.7080  coco/bbox_mAP_l: 0.5170  coco/segm_mAP: 0.3870  coco/segm_mAP_50: 0.5670  coco/segm_mAP_75: 0.4240  coco/segm_mAP_s: 0.0000  coco/segm_mAP_m: 0.5100  coco/segm_mAP_l: 0.3350  data_time: 0.0048  time: 0.0332
2026/08/05 12:56:28 - mmengine - INFO - Epoch(train)  [25][10/68]  base_lr: 1.2500e-04 lr: 1.2500e-04  eta: 0:28:43  time: 0.3393  data_time: 0.1256  memory: 603  grad_norm: 12.8134  loss: 0.5737  loss_cls: 0.1809  loss_bbox: 0.2730  loss_mask: 0.1198
2026/08/05 12:56:31 - mmengine - INFO - Epoch(train)  [25][20/68]  base_lr: 1.2500e-04 lr: 1.2500e-04  eta: 0:28:39  time: 0.3391  data_time: 0.1239  memory: 601  grad_norm: 13.2362  loss: 0.5788  loss_cls: 0.1814  loss_bbox: 0.2771  loss_mask: 0.1204
2026/08/05 12:56:34 - mmengine - INFO - Epoch(train)  [25][30/68]  base_lr: 1.2500e-04 lr: 1.2500e-04  eta: 0:28:36  time: 0.3379  data_time: 0.1226  memory: 600  grad_norm: 13.4530  loss: 0.5857  loss_cls: 0.1854  loss_bbox: 0.2765  loss_mask: 0.1238
2026/08/05 12:56:38 - mmengine - INFO - Epoch(train)  [25][40/68]  base_lr: 1.2500e-04 lr: 1.2500e-04  eta: 0:28:32  time: 0.3347  data_time: 0.1189  memory: 600  grad_norm: 14.0262  loss: 0.6000  loss_cls: 0.1924  loss_bbox: 0.2806  loss_mask: 0.1270
2026/08/05 12:56:41 - mmengine - INFO - Epoch(train)  [25][50/68]  base_lr: 1.2500e-04 lr: 1.2500e-04  eta: 0:28:29  time: 0.3377  data_time: 0.1202  memory: 602  grad_norm: 13.5965  loss: 0.5989  loss_cls: 0.1912  loss_bbox: 0.2791  loss_mask: 0.1286
2026/08/05 12:56:44 - mmengine - INFO - Epoch(train)  [25][60/68]  base_lr: 1.2500e-04 lr: 1.2500e-04  eta: 0:28:26  time: 0.3324  data_time: 0.1207  memory: 601  grad_norm: 13.8823  loss: 0.6157  loss_cls: 0.1963  loss_bbox: 0.2874  loss_mask: 0.1321
2026/08/05 12:56:47 - mmengine - INFO - Exp name: rtmdet_ins_busi_20260805_124409
2026/08/05 12:56:47 - mmengine - INFO - Saving checkpoint at 25 epochs
2026/08/05 12:56:49 - mmengine - INFO - Epoch(val)  [25][ 10/116]    eta: 0:00:02  time: 0.0347  data_time: 0.0044  memory: 599  
2026/08/05 12:56:49 - mmengine - INFO - Epoch(val)  [25][ 20/116]    eta: 0:00:02  time: 0.0332  data_time: 0.0049  memory: 113  
2026/08/05 12:56:50 - mmengine - INFO - Epoch(val)  [25][ 30/116]    eta: 0:00:02  time: 0.0323  data_time: 0.0052  memory: 211  
2026/08/05 12:56:50 - mmengine - INFO - Epoch(val)  [25][ 40/116]    eta: 0:00:02  time: 0.0322  data_time: 0.0049  memory: 193  
2026/08/05 12:56:50 - mmengine - INFO - Epoch(val)  [25][ 50/116]    eta: 0:00:02  time: 0.0309  data_time: 0.0048  memory: 217  
2026/08/05 12:56:51 - mmengine - INFO - Epoch(val)  [25][ 60/116]    eta: 0:00:01  time: 0.0318  data_time: 0.0057  memory: 186  
2026/08/05 12:56:51 - mmengine - INFO - Epoch(val)  [25][ 70/116]    eta: 0:00:01  time: 0.0326  data_time: 0.0057  memory: 151  
2026/08/05 12:56:51 - mmengine - INFO - Epoch(val)  [25][ 80/116]    eta: 0:00:01  time: 0.0326  data_time: 0.0056  memory: 152  
2026/08/05 12:56:52 - mmengine - INFO - Epoch(val)  [25][ 90/116]    eta: 0:00:00  time: 0.0335  data_time: 0.0062  memory: 213  
2026/08/05 12:56:52 - mmengine - INFO - Epoch(val)  [25][100/116]    eta: 0:00:00  time: 0.0344  data_time: 0.0063  memory: 234  
2026/08/05 12:56:53 - mmengine - INFO - Epoch(val)  [25][110/116]    eta: 0:00:00  time: 0.0360  data_time: 0.0060  memory: 263  
2026/08/05 12:56:53 - mmengine - INFO - Evaluating bbox...
2026/08/05 12:56:53 - mmengine - INFO - bbox_mAP_copypaste: 0.599 0.880 0.698 0.000 0.691 0.551
2026/08/05 12:56:53 - mmengine - INFO - Evaluating segm...
2026/08/05 12:56:53 - mmengine - INFO - segm_mAP_copypaste: 0.389 0.567 0.429 0.000 0.522 0.328
2026/08/05 12:56:53 - mmengine - INFO - Epoch(val) [25][116/116]    coco/bbox_mAP: 0.5990  coco/bbox_mAP_50: 0.8800  coco/bbox_mAP_75: 0.6980  coco/bbox_mAP_s: 0.0000  coco/bbox_mAP_m: 0.6910  coco/bbox_mAP_l: 0.5510  coco/segm_mAP: 0.3890  coco/segm_mAP_50: 0.5670  coco/segm_mAP_75: 0.4290  coco/segm_mAP_s: 0.0000  coco/segm_mAP_m: 0.5220  coco/segm_mAP_l: 0.3280  data_time: 0.0057  time: 0.0338
2026/08/05 12:56:57 - mmengine - INFO - Epoch(train)  [26][10/68]  base_lr: 1.2500e-04 lr: 1.2500e-04  eta: 0:28:20  time: 0.3360  data_time: 0.1225  memory: 601  grad_norm: 13.9748  loss: 0.6250  loss_cls: 0.1997  loss_bbox: 0.2935  loss_mask: 0.1318
2026/08/05 12:57:00 - mmengine - INFO - Epoch(train)  [26][20/68]  base_lr: 1.2500e-04 lr: 1.2500e-04  eta: 0:28:16  time: 0.3356  data_time: 0.1237  memory: 601  grad_norm: 13.4358  loss: 0.6193  loss_cls: 0.2001  loss_bbox: 0.2908  loss_mask: 0.1283
2026/08/05 12:57:04 - mmengine - INFO - Epoch(train)  [26][30/68]  base_lr: 1.2500e-04 lr: 1.2500e-04  eta: 0:28:14  time: 0.3394  data_time: 0.1276  memory: 601  grad_norm: 13.4602  loss: 0.6292  loss_cls: 0.1983  loss_bbox: 0.3016  loss_mask: 0.1293
2026/08/05 12:57:07 - mmengine - INFO - Epoch(train)  [26][40/68]  base_lr: 1.2500e-04 lr: 1.2500e-04  eta: 0:28:10  time: 0.3351  data_time: 0.1242  memory: 601  grad_norm: 13.5439  loss: 0.6284  loss_cls: 0.2008  loss_bbox: 0.2994  loss_mask: 0.1282
2026/08/05 12:57:10 - mmengine - INFO - Epoch(train)  [26][50/68]  base_lr: 1.2500e-04 lr: 1.2500e-04  eta: 0:28:06  time: 0.3367  data_time: 0.1246  memory: 600  grad_norm: 13.0908  loss: 0.6113  loss_cls: 0.1966  loss_bbox: 0.2902  loss_mask: 0.1245
2026/08/05 12:57:13 - mmengine - INFO - Epoch(train)  [26][60/68]  base_lr: 1.2500e-04 lr: 1.2500e-04  eta: 0:28:03  time: 0.3321  data_time: 0.1205  memory: 601  grad_norm: 12.8059  loss: 0.5952  loss_cls: 0.1873  loss_bbox: 0.2858  loss_mask: 0.1222
2026/08/05 12:57:16 - mmengine - INFO - Exp name: rtmdet_ins_busi_20260805_124409
2026/08/05 12:57:16 - mmengine - INFO - Saving checkpoint at 26 epochs
2026/08/05 12:57:18 - mmengine - INFO - Epoch(val)  [26][ 10/116]    eta: 0:00:02  time: 0.0362  data_time: 0.0057  memory: 599  
2026/08/05 12:57:18 - mmengine - INFO - Epoch(val)  [26][ 20/116]    eta: 0:00:02  time: 0.0354  data_time: 0.0056  memory: 123  
2026/08/05 12:57:19 - mmengine - INFO - Epoch(val)  [26][ 30/116]    eta: 0:00:02  time: 0.0336  data_time: 0.0054  memory: 197  
2026/08/05 12:57:19 - mmengine - INFO - Epoch(val)  [26][ 40/116]    eta: 0:00:02  time: 0.0321  data_time: 0.0051  memory: 156  
2026/08/05 12:57:19 - mmengine - INFO - Epoch(val)  [26][ 50/116]    eta: 0:00:01  time: 0.0296  data_time: 0.0046  memory: 159  
2026/08/05 12:57:19 - mmengine - INFO - Epoch(val)  [26][ 60/116]    eta: 0:00:01  time: 0.0302  data_time: 0.0054  memory: 151  
2026/08/05 12:57:20 - mmengine - INFO - Epoch(val)  [26][ 70/116]    eta: 0:00:01  time: 0.0312  data_time: 0.0064  memory: 167  
2026/08/05 12:57:20 - mmengine - INFO - Epoch(val)  [26][ 80/116]    eta: 0:00:01  time: 0.0317  data_time: 0.0076  memory: 127  
2026/08/05 12:57:20 - mmengine - INFO - Epoch(val)  [26][ 90/116]    eta: 0:00:00  time: 0.0322  data_time: 0.0078  memory: 172  
2026/08/05 12:57:21 - mmengine - INFO - Epoch(val)  [26][100/116]    eta: 0:00:00  time: 0.0333  data_time: 0.0086  memory: 204  
2026/08/05 12:57:21 - mmengine - INFO - Epoch(val)  [26][110/116]    eta: 0:00:00  time: 0.0341  data_time: 0.0080  memory: 209  
2026/08/05 12:57:21 - mmengine - INFO - Evaluating bbox...
2026/08/05 12:57:21 - mmengine - INFO - bbox_mAP_copypaste: 0.581 0.894 0.661 0.000 0.698 0.524
2026/08/05 12:57:21 - mmengine - INFO - Evaluating segm...
2026/08/05 12:57:22 - mmengine - INFO - segm_mAP_copypaste: 0.410 0.596 0.448 0.000 0.512 0.362
2026/08/05 12:57:22 - mmengine - INFO - Epoch(val) [26][116/116]    coco/bbox_mAP: 0.5810  coco/bbox_mAP_50: 0.8940  coco/bbox_mAP_75: 0.6610  coco/bbox_mAP_s: 0.0000  coco/bbox_mAP_m: 0.6980  coco/bbox_mAP_l: 0.5240  coco/segm_mAP: 0.4100  coco/segm_mAP_50: 0.5960  coco/segm_mAP_75: 0.4480  coco/segm_mAP_s: 0.0000  coco/segm_mAP_m: 0.5120  coco/segm_mAP_l: 0.3620  data_time: 0.0063  time: 0.0323
2026/08/05 12:57:22 - mmengine - INFO - The previous best checkpoint d:\mamografi\real_time_segmentasyon\rtmdet\calisma\rtmdet_ins_tiny_256_orta\best_coco_segm_mAP_epoch_22.pth is removed
2026/08/05 12:57:23 - mmengine - INFO - The best checkpoint with 0.4100 coco/segm_mAP at 26 epoch is saved to best_coco_segm_mAP_epoch_26.pth.
2026/08/05 12:57:29 - mmengine - INFO - Epoch(train)  [27][10/68]  base_lr: 1.2500e-04 lr: 1.2500e-04  eta: 0:27:58  time: 0.3333  data_time: 0.1170  memory: 604  grad_norm: 13.0117  loss: 0.5730  loss_cls: 0.1787  loss_bbox: 0.2737  loss_mask: 0.1206
2026/08/05 12:57:32 - mmengine - INFO - Epoch(train)  [27][20/68]  base_lr: 1.2500e-04 lr: 1.2500e-04  eta: 0:27:54  time: 0.3341  data_time: 0.1172  memory: 601  grad_norm: 13.1364  loss: 0.5647  loss_cls: 0.1736  loss_bbox: 0.2719  loss_mask: 0.1192
2026/08/05 12:57:35 - mmengine - INFO - Epoch(train)  [27][30/68]  base_lr: 1.2500e-04 lr: 1.2500e-04  eta: 0:27:51  time: 0.3378  data_time: 0.1219  memory: 600  grad_norm: 13.5584  loss: 0.5696  loss_cls: 0.1719  loss_bbox: 0.2777  loss_mask: 0.1200
2026/08/05 12:57:39 - mmengine - INFO - Epoch(train)  [27][40/68]  base_lr: 1.2500e-04 lr: 1.2500e-04  eta: 0:27:47  time: 0.3347  data_time: 0.1204  memory: 601  grad_norm: 13.6440  loss: 0.5606  loss_cls: 0.1658  loss_bbox: 0.2747  loss_mask: 0.1200
2026/08/05 12:57:42 - mmengine - INFO - Epoch(train)  [27][50/68]  base_lr: 1.2500e-04 lr: 1.2500e-04  eta: 0:27:43  time: 0.3335  data_time: 0.1174  memory: 601  grad_norm: 13.1537  loss: 0.5552  loss_cls: 0.1684  loss_bbox: 0.2687  loss_mask: 0.1181
2026/08/05 12:57:45 - mmengine - INFO - Epoch(train)  [27][60/68]  base_lr: 1.2500e-04 lr: 1.2500e-04  eta: 0:27:39  time: 0.3226  data_time: 0.1104  memory: 600  grad_norm: 13.0572  loss: 0.5695  loss_cls: 0.1752  loss_bbox: 0.2741  loss_mask: 0.1202
2026/08/05 12:57:48 - mmengine - INFO - Exp name: rtmdet_ins_busi_20260805_124409
2026/08/05 12:57:48 - mmengine - INFO - Saving checkpoint at 27 epochs
2026/08/05 12:57:50 - mmengine - INFO - Epoch(val)  [27][ 10/116]    eta: 0:00:03  time: 0.0347  data_time: 0.0061  memory: 601  
2026/08/05 12:57:50 - mmengine - INFO - Epoch(val)  [27][ 20/116]    eta: 0:00:02  time: 0.0339  data_time: 0.0054  memory: 118  
2026/08/05 12:57:50 - mmengine - INFO - Epoch(val)  [27][ 30/116]    eta: 0:00:02  time: 0.0330  data_time: 0.0047  memory: 154  
2026/08/05 12:57:51 - mmengine - INFO - Epoch(val)  [27][ 40/116]    eta: 0:00:02  time: 0.0319  data_time: 0.0038  memory: 147  
2026/08/05 12:57:51 - mmengine - INFO - Epoch(val)  [27][ 50/116]    eta: 0:00:02  time: 0.0303  data_time: 0.0045  memory: 164  
2026/08/05 12:57:51 - mmengine - INFO - Epoch(val)  [27][ 60/116]    eta: 0:00:01  time: 0.0305  data_time: 0.0049  memory: 142  
2026/08/05 12:57:52 - mmengine - INFO - Epoch(val)  [27][ 70/116]    eta: 0:00:01  time: 0.0308  data_time: 0.0044  memory: 141  
2026/08/05 12:57:52 - mmengine - INFO - Epoch(val)  [27][ 80/116]    eta: 0:00:01  time: 0.0309  data_time: 0.0052  memory: 142  
2026/08/05 12:57:52 - mmengine - INFO - Epoch(val)  [27][ 90/116]    eta: 0:00:00  time: 0.0315  data_time: 0.0059  memory: 207  
2026/08/05 12:57:53 - mmengine - INFO - Epoch(val)  [27][100/116]    eta: 0:00:00  time: 0.0325  data_time: 0.0055  memory: 228  
2026/08/05 12:57:53 - mmengine - INFO - Epoch(val)  [27][110/116]    eta: 0:00:00  time: 0.0326  data_time: 0.0050  memory: 147  
2026/08/05 12:57:53 - mmengine - INFO - Evaluating bbox...
2026/08/05 12:57:53 - mmengine - INFO - bbox_mAP_copypaste: 0.590 0.899 0.730 0.000 0.690 0.537
2026/08/05 12:57:53 - mmengine - INFO - Evaluating segm...
2026/08/05 12:57:53 - mmengine - INFO - segm_mAP_copypaste: 0.380 0.573 0.418 0.000 0.523 0.321
2026/08/05 12:57:53 - mmengine - INFO - Epoch(val) [27][116/116]    coco/bbox_mAP: 0.5900  coco/bbox_mAP_50: 0.8990  coco/bbox_mAP_75: 0.7300  coco/bbox_mAP_s: 0.0000  coco/bbox_mAP_m: 0.6900  coco/bbox_mAP_l: 0.5370  coco/segm_mAP: 0.3800  coco/segm_mAP_50: 0.5730  coco/segm_mAP_75: 0.4180  coco/segm_mAP_s: 0.0000  coco/segm_mAP_m: 0.5230  coco/segm_mAP_l: 0.3210  data_time: 0.0048  time: 0.0320
2026/08/05 12:57:57 - mmengine - INFO - Epoch(train)  [28][10/68]  base_lr: 1.2500e-04 lr: 1.2500e-04  eta: 0:27:33  time: 0.3199  data_time: 0.1098  memory: 600  grad_norm: 13.4605  loss: 0.5860  loss_cls: 0.1829  loss_bbox: 0.2781  loss_mask: 0.1250
2026/08/05 12:58:00 - mmengine - INFO - Epoch(train)  [28][20/68]  base_lr: 1.2500e-04 lr: 1.2500e-04  eta: 0:27:30  time: 0.3289  data_time: 0.1153  memory: 605  grad_norm: 13.3006  loss: 0.5870  loss_cls: 0.1819  loss_bbox: 0.2793  loss_mask: 0.1257
2026/08/05 12:58:04 - mmengine - INFO - Epoch(train)  [28][30/68]  base_lr: 1.2500e-04 lr: 1.2500e-04  eta: 0:27:27  time: 0.3347  data_time: 0.1203  memory: 601  grad_norm: 13.5034  loss: 0.5892  loss_cls: 0.1805  loss_bbox: 0.2854  loss_mask: 0.1234
2026/08/05 12:58:07 - mmengine - INFO - Epoch(train)  [28][40/68]  base_lr: 1.2500e-04 lr: 1.2500e-04  eta: 0:27:24  time: 0.3357  data_time: 0.1221  memory: 601  grad_norm: 13.4303  loss: 0.5886  loss_cls: 0.1791  loss_bbox: 0.2859  loss_mask: 0.1237
2026/08/05 12:58:10 - mmengine - INFO - Epoch(train)  [28][50/68]  base_lr: 1.2500e-04 lr: 1.2500e-04  eta: 0:27:20  time: 0.3355  data_time: 0.1214  memory: 599  grad_norm: 13.5510  loss: 0.5888  loss_cls: 0.1820  loss_bbox: 0.2860  loss_mask: 0.1208
2026/08/05 12:58:13 - mmengine - INFO - Epoch(train)  [28][60/68]  base_lr: 1.2500e-04 lr: 1.2500e-04  eta: 0:27:16  time: 0.3344  data_time: 0.1209  memory: 600  grad_norm: 13.0731  loss: 0.5845  loss_cls: 0.1737  loss_bbox: 0.2876  loss_mask: 0.1231
2026/08/05 12:58:16 - mmengine - INFO - Exp name: rtmdet_ins_busi_20260805_124409
2026/08/05 12:58:16 - mmengine - INFO - Saving checkpoint at 28 epochs
2026/08/05 12:58:18 - mmengine - INFO - Epoch(val)  [28][ 10/116]    eta: 0:00:03  time: 0.0339  data_time: 0.0053  memory: 601  
2026/08/05 12:58:19 - mmengine - INFO - Epoch(val)  [28][ 20/116]    eta: 0:00:02  time: 0.0326  data_time: 0.0046  memory: 118  
2026/08/05 12:58:19 - mmengine - INFO - Epoch(val)  [28][ 30/116]    eta: 0:00:02  time: 0.0313  data_time: 0.0035  memory: 164  
2026/08/05 12:58:19 - mmengine - INFO - Epoch(val)  [28][ 40/116]    eta: 0:00:02  time: 0.0307  data_time: 0.0031  memory: 143  
2026/08/05 12:58:20 - mmengine - INFO - Epoch(val)  [28][ 50/116]    eta: 0:00:01  time: 0.0298  data_time: 0.0035  memory: 147  
2026/08/05 12:58:20 - mmengine - INFO - Epoch(val)  [28][ 60/116]    eta: 0:00:01  time: 0.0302  data_time: 0.0033  memory: 156  
2026/08/05 12:58:20 - mmengine - INFO - Epoch(val)  [28][ 70/116]    eta: 0:00:01  time: 0.0305  data_time: 0.0036  memory: 136  
2026/08/05 12:58:21 - mmengine - INFO - Epoch(val)  [28][ 80/116]    eta: 0:00:01  time: 0.0305  data_time: 0.0042  memory: 132  
2026/08/05 12:58:21 - mmengine - INFO - Epoch(val)  [28][ 90/116]    eta: 0:00:00  time: 0.0310  data_time: 0.0055  memory: 188  
2026/08/05 12:58:21 - mmengine - INFO - Epoch(val)  [28][100/116]    eta: 0:00:00  time: 0.0318  data_time: 0.0054  memory: 213  
2026/08/05 12:58:22 - mmengine - INFO - Epoch(val)  [28][110/116]    eta: 0:00:00  time: 0.0309  data_time: 0.0056  memory: 128  
2026/08/05 12:58:22 - mmengine - INFO - Evaluating bbox...
2026/08/05 12:58:22 - mmengine - INFO - bbox_mAP_copypaste: 0.605 0.890 0.699 0.000 0.709 0.546
2026/08/05 12:58:22 - mmengine - INFO - Evaluating segm...
2026/08/05 12:58:22 - mmengine - INFO - segm_mAP_copypaste: 0.396 0.570 0.436 0.000 0.530 0.327
2026/08/05 12:58:22 - mmengine - INFO - Epoch(val) [28][116/116]    coco/bbox_mAP: 0.6050  coco/bbox_mAP_50: 0.8900  coco/bbox_mAP_75: 0.6990  coco/bbox_mAP_s: 0.0000  coco/bbox_mAP_m: 0.7090  coco/bbox_mAP_l: 0.5460  coco/segm_mAP: 0.3960  coco/segm_mAP_50: 0.5700  coco/segm_mAP_75: 0.4360  coco/segm_mAP_s: 0.0000  coco/segm_mAP_m: 0.5300  coco/segm_mAP_l: 0.3270  data_time: 0.0048  time: 0.0309
2026/08/05 12:58:25 - mmengine - INFO - Epoch(train)  [29][10/68]  base_lr: 1.2500e-04 lr: 1.2500e-04  eta: 0:27:10  time: 0.3265  data_time: 0.1170  memory: 603  grad_norm: 13.5759  loss: 0.6081  loss_cls: 0.1910  loss_bbox: 0.2880  loss_mask: 0.1292
2026/08/05 12:58:28 - mmengine - INFO - Epoch(train)  [29][20/68]  base_lr: 1.2500e-04 lr: 1.2500e-04  eta: 0:27:06  time: 0.3244  data_time: 0.1153  memory: 599  grad_norm: 13.7525  loss: 0.6180  loss_cls: 0.2001  loss_bbox: 0.2882  loss_mask: 0.1297
2026/08/05 12:58:32 - mmengine - INFO - Epoch(train)  [29][30/68]  base_lr: 1.2500e-04 lr: 1.2500e-04  eta: 0:27:03  time: 0.3266  data_time: 0.1172  memory: 601  grad_norm: 13.2958  loss: 0.6003  loss_cls: 0.1888  loss_bbox: 0.2837  loss_mask: 0.1278
2026/08/05 12:58:35 - mmengine - INFO - Epoch(train)  [29][40/68]  base_lr: 1.2500e-04 lr: 1.2500e-04  eta: 0:27:00  time: 0.3314  data_time: 0.1195  memory: 601  grad_norm: 12.8628  loss: 0.5810  loss_cls: 0.1797  loss_bbox: 0.2752  loss_mask: 0.1260
2026/08/05 12:58:38 - mmengine - INFO - Epoch(train)  [29][50/68]  base_lr: 1.2500e-04 lr: 1.2500e-04  eta: 0:26:56  time: 0.3271  data_time: 0.1148  memory: 603  grad_norm: 12.1586  loss: 0.5765  loss_cls: 0.1778  loss_bbox: 0.2743  loss_mask: 0.1245
2026/08/05 12:58:42 - mmengine - INFO - Epoch(train)  [29][60/68]  base_lr: 1.2500e-04 lr: 1.2500e-04  eta: 0:26:53  time: 0.3309  data_time: 0.1191  memory: 600  grad_norm: 12.5584  loss: 0.5585  loss_cls: 0.1665  loss_bbox: 0.2713  loss_mask: 0.1207
2026/08/05 12:58:44 - mmengine - INFO - Exp name: rtmdet_ins_busi_20260805_124409
2026/08/05 12:58:44 - mmengine - INFO - Saving checkpoint at 29 epochs
2026/08/05 12:58:46 - mmengine - INFO - Epoch(val)  [29][ 10/116]    eta: 0:00:02  time: 0.0321  data_time: 0.0064  memory: 601  
2026/08/05 12:58:47 - mmengine - INFO - Epoch(val)  [29][ 20/116]    eta: 0:00:02  time: 0.0311  data_time: 0.0062  memory: 118  
2026/08/05 12:58:47 - mmengine - INFO - Epoch(val)  [29][ 30/116]    eta: 0:00:02  time: 0.0296  data_time: 0.0053  memory: 162  
2026/08/05 12:58:47 - mmengine - INFO - Epoch(val)  [29][ 40/116]    eta: 0:00:02  time: 0.0296  data_time: 0.0055  memory: 143  
2026/08/05 12:58:48 - mmengine - INFO - Epoch(val)  [29][ 50/116]    eta: 0:00:01  time: 0.0295  data_time: 0.0051  memory: 176  
2026/08/05 12:58:48 - mmengine - INFO - Epoch(val)  [29][ 60/116]    eta: 0:00:01  time: 0.0297  data_time: 0.0058  memory: 138  
2026/08/05 12:58:48 - mmengine - INFO - Epoch(val)  [29][ 70/116]    eta: 0:00:01  time: 0.0296  data_time: 0.0057  memory: 121  
2026/08/05 12:58:48 - mmengine - INFO - Epoch(val)  [29][ 80/116]    eta: 0:00:01  time: 0.0298  data_time: 0.0063  memory: 130  
2026/08/05 12:58:49 - mmengine - INFO - Epoch(val)  [29][ 90/116]    eta: 0:00:00  time: 0.0304  data_time: 0.0060  memory: 157  
2026/08/05 12:58:49 - mmengine - INFO - Epoch(val)  [29][100/116]    eta: 0:00:00  time: 0.0304  data_time: 0.0058  memory: 234  
2026/08/05 12:58:49 - mmengine - INFO - Epoch(val)  [29][110/116]    eta: 0:00:00  time: 0.0304  data_time: 0.0051  memory: 123  
2026/08/05 12:58:50 - mmengine - INFO - Evaluating bbox...
2026/08/05 12:58:50 - mmengine - INFO - bbox_mAP_copypaste: 0.612 0.904 0.712 0.000 0.691 0.567
2026/08/05 12:58:50 - mmengine - INFO - Evaluating segm...
2026/08/05 12:58:50 - mmengine - INFO - segm_mAP_copypaste: 0.398 0.586 0.457 0.000 0.519 0.343
2026/08/05 12:58:50 - mmengine - INFO - Epoch(val) [29][116/116]    coco/bbox_mAP: 0.6120  coco/bbox_mAP_50: 0.9040  coco/bbox_mAP_75: 0.7120  coco/bbox_mAP_s: 0.0000  coco/bbox_mAP_m: 0.6910  coco/bbox_mAP_l: 0.5670  coco/segm_mAP: 0.3980  coco/segm_mAP_50: 0.5860  coco/segm_mAP_75: 0.4570  coco/segm_mAP_s: 0.0000  coco/segm_mAP_m: 0.5190  coco/segm_mAP_l: 0.3430  data_time: 0.0053  time: 0.0303
2026/08/05 12:58:53 - mmengine - INFO - Epoch(train)  [30][10/68]  base_lr: 1.2500e-04 lr: 1.2500e-04  eta: 0:26:47  time: 0.3304  data_time: 0.1192  memory: 599  grad_norm: 12.6020  loss: 0.5738  loss_cls: 0.1688  loss_bbox: 0.2822  loss_mask: 0.1227
2026/08/05 12:58:57 - mmengine - INFO - Epoch(train)  [30][20/68]  base_lr: 1.2500e-04 lr: 1.2500e-04  eta: 0:26:43  time: 0.3318  data_time: 0.1223  memory: 600  grad_norm: 13.0665  loss: 0.5729  loss_cls: 0.1720  loss_bbox: 0.2813  loss_mask: 0.1195
2026/08/05 12:58:59 - mmengine - INFO - Exp name: rtmdet_ins_busi_20260805_124409
2026/08/05 12:59:00 - mmengine - INFO - Epoch(train)  [30][30/68]  base_lr: 1.2500e-04 lr: 1.2500e-04  eta: 0:26:40  time: 0.3326  data_time: 0.1258  memory: 601  grad_norm: 13.1791  loss: 0.5797  loss_cls: 0.1769  loss_bbox: 0.2828  loss_mask: 0.1200
2026/08/05 12:59:03 - mmengine - INFO - Epoch(train)  [30][40/68]  base_lr: 1.2500e-04 lr: 1.2500e-04  eta: 0:26:37  time: 0.3358  data_time: 0.1268  memory: 601  grad_norm: 12.7780  loss: 0.5873  loss_cls: 0.1768  loss_bbox: 0.2874  loss_mask: 0.1230
2026/08/05 12:59:07 - mmengine - INFO - Epoch(train)  [30][50/68]  base_lr: 1.2500e-04 lr: 1.2500e-04  eta: 0:26:34  time: 0.3442  data_time: 0.1310  memory: 604  grad_norm: 13.2732  loss: 0.5708  loss_cls: 0.1718  loss_bbox: 0.2803  loss_mask: 0.1187
2026/08/05 12:59:10 - mmengine - INFO - Epoch(train)  [30][60/68]  base_lr: 1.2500e-04 lr: 1.2500e-04  eta: 0:26:31  time: 0.3425  data_time: 0.1291  memory: 602  grad_norm: 13.5199  loss: 0.5656  loss_cls: 0.1646  loss_bbox: 0.2818  loss_mask: 0.1192
2026/08/05 12:59:13 - mmengine - INFO - Exp name: rtmdet_ins_busi_20260805_124409
2026/08/05 12:59:13 - mmengine - INFO - Saving checkpoint at 30 epochs
2026/08/05 12:59:15 - mmengine - INFO - Epoch(val)  [30][ 10/116]    eta: 0:00:02  time: 0.0316  data_time: 0.0060  memory: 600  
2026/08/05 12:59:15 - mmengine - INFO - Epoch(val)  [30][ 20/116]    eta: 0:00:02  time: 0.0308  data_time: 0.0053  memory: 113  
2026/08/05 12:59:16 - mmengine - INFO - Epoch(val)  [30][ 30/116]    eta: 0:00:02  time: 0.0302  data_time: 0.0052  memory: 190  
2026/08/05 12:59:16 - mmengine - INFO - Epoch(val)  [30][ 40/116]    eta: 0:00:02  time: 0.0310  data_time: 0.0042  memory: 132  
2026/08/05 12:59:16 - mmengine - INFO - Epoch(val)  [30][ 50/116]    eta: 0:00:02  time: 0.0308  data_time: 0.0044  memory: 153  
2026/08/05 12:59:17 - mmengine - INFO - Epoch(val)  [30][ 60/116]    eta: 0:00:01  time: 0.0319  data_time: 0.0042  memory: 146  
2026/08/05 12:59:17 - mmengine - INFO - Epoch(val)  [30][ 70/116]    eta: 0:00:01  time: 0.0319  data_time: 0.0046  memory: 120  
2026/08/05 12:59:17 - mmengine - INFO - Epoch(val)  [30][ 80/116]    eta: 0:00:01  time: 0.0328  data_time: 0.0050  memory: 134  
2026/08/05 12:59:18 - mmengine - INFO - Epoch(val)  [30][ 90/116]    eta: 0:00:00  time: 0.0338  data_time: 0.0063  memory: 194  
2026/08/05 12:59:18 - mmengine - INFO - Epoch(val)  [30][100/116]    eta: 0:00:00  time: 0.0338  data_time: 0.0061  memory: 169  
2026/08/05 12:59:18 - mmengine - INFO - Epoch(val)  [30][110/116]    eta: 0:00:00  time: 0.0333  data_time: 0.0050  memory: 125  
2026/08/05 12:59:19 - mmengine - INFO - Evaluating bbox...
2026/08/05 12:59:19 - mmengine - INFO - bbox_mAP_copypaste: 0.605 0.904 0.690 0.000 0.688 0.560
2026/08/05 12:59:19 - mmengine - INFO - Evaluating segm...
2026/08/05 12:59:19 - mmengine - INFO - segm_mAP_copypaste: 0.382 0.574 0.425 0.000 0.531 0.322
2026/08/05 12:59:19 - mmengine - INFO - Epoch(val) [30][116/116]    coco/bbox_mAP: 0.6050  coco/bbox_mAP_50: 0.9040  coco/bbox_mAP_75: 0.6900  coco/bbox_mAP_s: 0.0000  coco/bbox_mAP_m: 0.6880  coco/bbox_mAP_l: 0.5600  coco/segm_mAP: 0.3820  coco/segm_mAP_50: 0.5740  coco/segm_mAP_75: 0.4250  coco/segm_mAP_s: 0.0000  coco/segm_mAP_m: 0.5310  coco/segm_mAP_l: 0.3220  data_time: 0.0048  time: 0.0324
2026/08/05 12:59:22 - mmengine - INFO - Epoch(train)  [31][10/68]  base_lr: 1.2500e-04 lr: 1.2500e-04  eta: 0:26:24  time: 0.3352  data_time: 0.1234  memory: 600  grad_norm: 13.5543  loss: 0.5577  loss_cls: 0.1583  loss_bbox: 0.2800  loss_mask: 0.1194
2026/08/05 12:59:25 - mmengine - INFO - Epoch(train)  [31][20/68]  base_lr: 1.2500e-04 lr: 1.2500e-04  eta: 0:26:21  time: 0.3351  data_time: 0.1202  memory: 601  grad_norm: 13.8298  loss: 0.5651  loss_cls: 0.1626  loss_bbox: 0.2826  loss_mask: 0.1198
2026/08/05 12:59:29 - mmengine - INFO - Epoch(train)  [31][30/68]  base_lr: 1.2500e-04 lr: 1.2500e-04  eta: 0:26:18  time: 0.3313  data_time: 0.1192  memory: 600  grad_norm: 13.4315  loss: 0.5690  loss_cls: 0.1666  loss_bbox: 0.2833  loss_mask: 0.1191
2026/08/05 12:59:33 - mmengine - INFO - Epoch(train)  [31][40/68]  base_lr: 1.2500e-04 lr: 1.2500e-04  eta: 0:26:16  time: 0.3473  data_time: 0.1288  memory: 602  grad_norm: 13.3114  loss: 0.5728  loss_cls: 0.1750  loss_bbox: 0.2785  loss_mask: 0.1193
2026/08/05 12:59:36 - mmengine - INFO - Epoch(train)  [31][50/68]  base_lr: 1.2500e-04 lr: 1.2500e-04  eta: 0:26:13  time: 0.3515  data_time: 0.1305  memory: 600  grad_norm: 12.8725  loss: 0.5686  loss_cls: 0.1746  loss_bbox: 0.2748  loss_mask: 0.1192
2026/08/05 12:59:40 - mmengine - INFO - Epoch(train)  [31][60/68]  base_lr: 1.2500e-04 lr: 1.2500e-04  eta: 0:26:10  time: 0.3573  data_time: 0.1333  memory: 602  grad_norm: 12.7130  loss: 0.5586  loss_cls: 0.1698  loss_bbox: 0.2714  loss_mask: 0.1174
2026/08/05 12:59:42 - mmengine - INFO - Exp name: rtmdet_ins_busi_20260805_124409
2026/08/05 12:59:42 - mmengine - INFO - Saving checkpoint at 31 epochs
2026/08/05 12:59:45 - mmengine - INFO - Epoch(val)  [31][ 10/116]    eta: 0:00:03  time: 0.0354  data_time: 0.0057  memory: 599  
2026/08/05 12:59:45 - mmengine - INFO - Epoch(val)  [31][ 20/116]    eta: 0:00:03  time: 0.0337  data_time: 0.0043  memory: 118  
2026/08/05 12:59:45 - mmengine - INFO - Epoch(val)  [31][ 30/116]    eta: 0:00:02  time: 0.0323  data_time: 0.0042  memory: 189  
2026/08/05 12:59:46 - mmengine - INFO - Epoch(val)  [31][ 40/116]    eta: 0:00:02  time: 0.0322  data_time: 0.0048  memory: 132  
2026/08/05 12:59:46 - mmengine - INFO - Epoch(val)  [31][ 50/116]    eta: 0:00:02  time: 0.0316  data_time: 0.0056  memory: 148  
2026/08/05 12:59:46 - mmengine - INFO - Epoch(val)  [31][ 60/116]    eta: 0:00:01  time: 0.0308  data_time: 0.0053  memory: 138  
2026/08/05 12:59:46 - mmengine - INFO - Epoch(val)  [31][ 70/116]    eta: 0:00:01  time: 0.0309  data_time: 0.0053  memory: 125  
2026/08/05 12:59:47 - mmengine - INFO - Epoch(val)  [31][ 80/116]    eta: 0:00:01  time: 0.0315  data_time: 0.0052  memory: 142  
2026/08/05 12:59:47 - mmengine - INFO - Epoch(val)  [31][ 90/116]    eta: 0:00:00  time: 0.0322  data_time: 0.0048  memory: 181  
2026/08/05 12:59:48 - mmengine - INFO - Epoch(val)  [31][100/116]    eta: 0:00:00  time: 0.0329  data_time: 0.0049  memory: 219  
2026/08/05 12:59:48 - mmengine - INFO - Epoch(val)  [31][110/116]    eta: 0:00:00  time: 0.0324  data_time: 0.0039  memory: 127  
2026/08/05 12:59:48 - mmengine - INFO - Evaluating bbox...
2026/08/05 12:59:48 - mmengine - INFO - bbox_mAP_copypaste: 0.601 0.902 0.681 0.000 0.667 0.565
2026/08/05 12:59:48 - mmengine - INFO - Evaluating segm...
2026/08/05 12:59:48 - mmengine - INFO - segm_mAP_copypaste: 0.391 0.579 0.437 0.000 0.512 0.340
2026/08/05 12:59:48 - mmengine - INFO - Epoch(val) [31][116/116]    coco/bbox_mAP: 0.6010  coco/bbox_mAP_50: 0.9020  coco/bbox_mAP_75: 0.6810  coco/bbox_mAP_s: 0.0000  coco/bbox_mAP_m: 0.6670  coco/bbox_mAP_l: 0.5650  coco/segm_mAP: 0.3910  coco/segm_mAP_50: 0.5790  coco/segm_mAP_75: 0.4370  coco/segm_mAP_s: 0.0000  coco/segm_mAP_m: 0.5120  coco/segm_mAP_l: 0.3400  data_time: 0.0050  time: 0.0320
2026/08/05 12:59:51 - mmengine - INFO - Epoch(train)  [32][10/68]  base_lr: 1.2500e-04 lr: 1.2500e-04  eta: 0:26:04  time: 0.3500  data_time: 0.1327  memory: 602  grad_norm: 13.1332  loss: 0.5522  loss_cls: 0.1645  loss_bbox: 0.2701  loss_mask: 0.1176
2026/08/05 12:59:55 - mmengine - INFO - Epoch(train)  [32][20/68]  base_lr: 1.2500e-04 lr: 1.2500e-04  eta: 0:26:01  time: 0.3377  data_time: 0.1273  memory: 601  grad_norm: 12.5022  loss: 0.5461  loss_cls: 0.1575  loss_bbox: 0.2675  loss_mask: 0.1210
2026/08/05 12:59:58 - mmengine - INFO - Epoch(train)  [32][30/68]  base_lr: 1.2500e-04 lr: 1.2500e-04  eta: 0:25:57  time: 0.3333  data_time: 0.1241  memory: 600  grad_norm: 12.9190  loss: 0.5584  loss_cls: 0.1671  loss_bbox: 0.2714  loss_mask: 0.1199
2026/08/05 13:00:01 - mmengine - INFO - Epoch(train)  [32][40/68]  base_lr: 1.2500e-04 lr: 1.2500e-04  eta: 0:25:53  time: 0.3279  data_time: 0.1212  memory: 599  grad_norm: 13.3569  loss: 0.5641  loss_cls: 0.1700  loss_bbox: 0.2737  loss_mask: 0.1204
2026/08/05 13:00:05 - mmengine - INFO - Epoch(train)  [32][50/68]  base_lr: 1.2500e-04 lr: 1.2500e-04  eta: 0:25:50  time: 0.3289  data_time: 0.1207  memory: 600  grad_norm: 12.9998  loss: 0.5759  loss_cls: 0.1758  loss_bbox: 0.2789  loss_mask: 0.1212
2026/08/05 13:00:08 - mmengine - INFO - Epoch(train)  [32][60/68]  base_lr: 1.2500e-04 lr: 1.2500e-04  eta: 0:25:46  time: 0.3293  data_time: 0.1199  memory: 601  grad_norm: 12.8341  loss: 0.5550  loss_cls: 0.1694  loss_bbox: 0.2696  loss_mask: 0.1159
2026/08/05 13:00:11 - mmengine - INFO - Exp name: rtmdet_ins_busi_20260805_124409
2026/08/05 13:00:11 - mmengine - INFO - Saving checkpoint at 32 epochs
2026/08/05 13:00:13 - mmengine - INFO - Epoch(val)  [32][ 10/116]    eta: 0:00:03  time: 0.0328  data_time: 0.0044  memory: 601  
2026/08/05 13:00:13 - mmengine - INFO - Epoch(val)  [32][ 20/116]    eta: 0:00:02  time: 0.0321  data_time: 0.0041  memory: 125  
2026/08/05 13:00:14 - mmengine - INFO - Epoch(val)  [32][ 30/116]    eta: 0:00:02  time: 0.0304  data_time: 0.0037  memory: 197  
2026/08/05 13:00:14 - mmengine - INFO - Epoch(val)  [32][ 40/116]    eta: 0:00:02  time: 0.0303  data_time: 0.0040  memory: 149  
2026/08/05 13:00:14 - mmengine - INFO - Epoch(val)  [32][ 50/116]    eta: 0:00:02  time: 0.0313  data_time: 0.0045  memory: 170  
2026/08/05 13:00:15 - mmengine - INFO - Epoch(val)  [32][ 60/116]    eta: 0:00:01  time: 0.0313  data_time: 0.0052  memory: 164  
2026/08/05 13:00:15 - mmengine - INFO - Epoch(val)  [32][ 70/116]    eta: 0:00:01  time: 0.0310  data_time: 0.0053  memory: 121  
2026/08/05 13:00:15 - mmengine - INFO - Epoch(val)  [32][ 80/116]    eta: 0:00:01  time: 0.0318  data_time: 0.0055  memory: 152  
2026/08/05 13:00:16 - mmengine - INFO - Epoch(val)  [32][ 90/116]    eta: 0:00:00  time: 0.0324  data_time: 0.0060  memory: 175  
2026/08/05 13:00:16 - mmengine - INFO - Epoch(val)  [32][100/116]    eta: 0:00:00  time: 0.0319  data_time: 0.0061  memory: 186  
2026/08/05 13:00:16 - mmengine - INFO - Epoch(val)  [32][110/116]    eta: 0:00:00  time: 0.0333  data_time: 0.0056  memory: 179  
2026/08/05 13:00:17 - mmengine - INFO - Evaluating bbox...
2026/08/05 13:00:17 - mmengine - INFO - bbox_mAP_copypaste: 0.604 0.907 0.667 0.000 0.700 0.553
2026/08/05 13:00:17 - mmengine - INFO - Evaluating segm...
2026/08/05 13:00:17 - mmengine - INFO - segm_mAP_copypaste: 0.382 0.564 0.406 0.000 0.522 0.326
2026/08/05 13:00:17 - mmengine - INFO - Epoch(val) [32][116/116]    coco/bbox_mAP: 0.6040  coco/bbox_mAP_50: 0.9070  coco/bbox_mAP_75: 0.6670  coco/bbox_mAP_s: 0.0000  coco/bbox_mAP_m: 0.7000  coco/bbox_mAP_l: 0.5530  coco/segm_mAP: 0.3820  coco/segm_mAP_50: 0.5640  coco/segm_mAP_75: 0.4060  coco/segm_mAP_s: 0.0000  coco/segm_mAP_m: 0.5220  coco/segm_mAP_l: 0.3260  data_time: 0.0055  time: 0.0324
2026/08/05 13:00:20 - mmengine - INFO - Epoch(train)  [33][10/68]  base_lr: 1.2500e-04 lr: 1.2500e-04  eta: 0:25:41  time: 0.3347  data_time: 0.1222  memory: 601  grad_norm: 13.4229  loss: 0.5661  loss_cls: 0.1730  loss_bbox: 0.2781  loss_mask: 0.1150
2026/08/05 13:00:24 - mmengine - INFO - Epoch(train)  [33][20/68]  base_lr: 1.2500e-04 lr: 1.2500e-04  eta: 0:25:38  time: 0.3357  data_time: 0.1229  memory: 601  grad_norm: 12.6120  loss: 0.5683  loss_cls: 0.1720  loss_bbox: 0.2796  loss_mask: 0.1167
2026/08/05 13:00:27 - mmengine - INFO - Epoch(train)  [33][30/68]  base_lr: 1.2500e-04 lr: 1.2500e-04  eta: 0:25:34  time: 0.3354  data_time: 0.1211  memory: 604  grad_norm: 12.6634  loss: 0.5730  loss_cls: 0.1742  loss_bbox: 0.2784  loss_mask: 0.1204
2026/08/05 13:00:30 - mmengine - INFO - Epoch(train)  [33][40/68]  base_lr: 1.2500e-04 lr: 1.2500e-04  eta: 0:25:31  time: 0.3360  data_time: 0.1201  memory: 601  grad_norm: 13.1913  loss: 0.5808  loss_cls: 0.1818  loss_bbox: 0.2812  loss_mask: 0.1179
2026/08/05 13:00:33 - mmengine - INFO - Epoch(train)  [33][50/68]  base_lr: 1.2500e-04 lr: 1.2500e-04  eta: 0:25:27  time: 0.3332  data_time: 0.1208  memory: 600  grad_norm: 13.2850  loss: 0.5759  loss_cls: 0.1751  loss_bbox: 0.2820  loss_mask: 0.1188
2026/08/05 13:00:37 - mmengine - INFO - Epoch(train)  [33][60/68]  base_lr: 1.2500e-04 lr: 1.2500e-04  eta: 0:25:24  time: 0.3306  data_time: 0.1168  memory: 601  grad_norm: 12.5213  loss: 0.5791  loss_cls: 0.1788  loss_bbox: 0.2793  loss_mask: 0.1210
2026/08/05 13:00:39 - mmengine - INFO - Exp name: rtmdet_ins_busi_20260805_124409
2026/08/05 13:00:39 - mmengine - INFO - Saving checkpoint at 33 epochs
2026/08/05 13:00:42 - mmengine - INFO - Epoch(val)  [33][ 10/116]    eta: 0:00:03  time: 0.0342  data_time: 0.0057  memory: 601  
2026/08/05 13:00:42 - mmengine - INFO - Epoch(val)  [33][ 20/116]    eta: 0:00:02  time: 0.0333  data_time: 0.0059  memory: 122  
2026/08/05 13:00:42 - mmengine - INFO - Epoch(val)  [33][ 30/116]    eta: 0:00:02  time: 0.0322  data_time: 0.0046  memory: 187  
2026/08/05 13:00:43 - mmengine - INFO - Epoch(val)  [33][ 40/116]    eta: 0:00:02  time: 0.0313  data_time: 0.0039  memory: 152  
2026/08/05 13:00:43 - mmengine - INFO - Epoch(val)  [33][ 50/116]    eta: 0:00:01  time: 0.0299  data_time: 0.0037  memory: 158  
2026/08/05 13:00:43 - mmengine - INFO - Epoch(val)  [33][ 60/116]    eta: 0:00:01  time: 0.0303  data_time: 0.0038  memory: 125  
2026/08/05 13:00:43 - mmengine - INFO - Epoch(val)  [33][ 70/116]    eta: 0:00:01  time: 0.0308  data_time: 0.0037  memory: 121  
2026/08/05 13:00:44 - mmengine - INFO - Epoch(val)  [33][ 80/116]    eta: 0:00:01  time: 0.0317  data_time: 0.0043  memory: 168  
2026/08/05 13:00:44 - mmengine - INFO - Epoch(val)  [33][ 90/116]    eta: 0:00:00  time: 0.0324  data_time: 0.0051  memory: 175  
2026/08/05 13:00:45 - mmengine - INFO - Epoch(val)  [33][100/116]    eta: 0:00:00  time: 0.0329  data_time: 0.0050  memory: 199  
2026/08/05 13:00:45 - mmengine - INFO - Epoch(val)  [33][110/116]    eta: 0:00:00  time: 0.0333  data_time: 0.0051  memory: 153  
2026/08/05 13:00:45 - mmengine - INFO - Evaluating bbox...
2026/08/05 13:00:45 - mmengine - INFO - bbox_mAP_copypaste: 0.608 0.906 0.693 0.000 0.701 0.565
2026/08/05 13:00:45 - mmengine - INFO - Evaluating segm...
2026/08/05 13:00:45 - mmengine - INFO - segm_mAP_copypaste: 0.387 0.579 0.414 0.000 0.512 0.335
2026/08/05 13:00:45 - mmengine - INFO - Epoch(val) [33][116/116]    coco/bbox_mAP: 0.6080  coco/bbox_mAP_50: 0.9060  coco/bbox_mAP_75: 0.6930  coco/bbox_mAP_s: 0.0000  coco/bbox_mAP_m: 0.7010  coco/bbox_mAP_l: 0.5650  coco/segm_mAP: 0.3870  coco/segm_mAP_50: 0.5790  coco/segm_mAP_75: 0.4140  coco/segm_mAP_s: 0.0000  coco/segm_mAP_m: 0.5120  coco/segm_mAP_l: 0.3350  data_time: 0.0046  time: 0.0320
2026/08/05 13:00:49 - mmengine - INFO - Epoch(train)  [34][10/68]  base_lr: 1.2500e-04 lr: 1.2500e-04  eta: 0:25:18  time: 0.3320  data_time: 0.1193  memory: 601  grad_norm: 12.9362  loss: 0.5537  loss_cls: 0.1672  loss_bbox: 0.2728  loss_mask: 0.1137
2026/08/05 13:00:52 - mmengine - INFO - Epoch(train)  [34][20/68]  base_lr: 1.2500e-04 lr: 1.2500e-04  eta: 0:25:15  time: 0.3383  data_time: 0.1255  memory: 603  grad_norm: 12.1432  loss: 0.5458  loss_cls: 0.1606  loss_bbox: 0.2706  loss_mask: 0.1146
2026/08/05 13:00:56 - mmengine - INFO - Epoch(train)  [34][30/68]  base_lr: 1.2500e-04 lr: 1.2500e-04  eta: 0:25:12  time: 0.3381  data_time: 0.1256  memory: 601  grad_norm: 11.4187  loss: 0.5341  loss_cls: 0.1522  loss_bbox: 0.2644  loss_mask: 0.1175
2026/08/05 13:00:59 - mmengine - INFO - Epoch(train)  [34][40/68]  base_lr: 1.2500e-04 lr: 1.2500e-04  eta: 0:25:08  time: 0.3348  data_time: 0.1243  memory: 602  grad_norm: 11.7315  loss: 0.5256  loss_cls: 0.1467  loss_bbox: 0.2619  loss_mask: 0.1170
2026/08/05 13:01:02 - mmengine - INFO - Epoch(train)  [34][50/68]  base_lr: 1.2500e-04 lr: 1.2500e-04  eta: 0:25:04  time: 0.3354  data_time: 0.1224  memory: 600  grad_norm: 11.9718  loss: 0.5256  loss_cls: 0.1443  loss_bbox: 0.2636  loss_mask: 0.1178
2026/08/05 13:01:05 - mmengine - INFO - Epoch(train)  [34][60/68]  base_lr: 1.2500e-04 lr: 1.2500e-04  eta: 0:25:01  time: 0.3291  data_time: 0.1180  memory: 600  grad_norm: 11.8821  loss: 0.5353  loss_cls: 0.1482  loss_bbox: 0.2653  loss_mask: 0.1217
2026/08/05 13:01:08 - mmengine - INFO - Exp name: rtmdet_ins_busi_20260805_124409
2026/08/05 13:01:08 - mmengine - INFO - Saving checkpoint at 34 epochs
2026/08/05 13:01:10 - mmengine - INFO - Epoch(val)  [34][ 10/116]    eta: 0:00:02  time: 0.0337  data_time: 0.0054  memory: 602  
2026/08/05 13:01:10 - mmengine - INFO - Epoch(val)  [34][ 20/116]    eta: 0:00:02  time: 0.0327  data_time: 0.0049  memory: 121  
2026/08/05 13:01:11 - mmengine - INFO - Epoch(val)  [34][ 30/116]    eta: 0:00:02  time: 0.0318  data_time: 0.0046  memory: 206  
2026/08/05 13:01:11 - mmengine - INFO - Epoch(val)  [34][ 40/116]    eta: 0:00:02  time: 0.0327  data_time: 0.0049  memory: 149  
2026/08/05 13:01:11 - mmengine - INFO - Epoch(val)  [34][ 50/116]    eta: 0:00:02  time: 0.0315  data_time: 0.0048  memory: 158  
2026/08/05 13:01:12 - mmengine - INFO - Epoch(val)  [34][ 60/116]    eta: 0:00:01  time: 0.0319  data_time: 0.0051  memory: 151  
2026/08/05 13:01:12 - mmengine - INFO - Epoch(val)  [34][ 70/116]    eta: 0:00:01  time: 0.0316  data_time: 0.0051  memory: 128  
2026/08/05 13:01:12 - mmengine - INFO - Epoch(val)  [34][ 80/116]    eta: 0:00:01  time: 0.0313  data_time: 0.0062  memory: 139  
2026/08/05 13:01:13 - mmengine - INFO - Epoch(val)  [34][ 90/116]    eta: 0:00:00  time: 0.0309  data_time: 0.0054  memory: 169  
2026/08/05 13:01:13 - mmengine - INFO - Epoch(val)  [34][100/116]    eta: 0:00:00  time: 0.0311  data_time: 0.0054  memory: 219  
2026/08/05 13:01:13 - mmengine - INFO - Epoch(val)  [34][110/116]    eta: 0:00:00  time: 0.0320  data_time: 0.0053  memory: 186  
2026/08/05 13:01:13 - mmengine - INFO - Evaluating bbox...
2026/08/05 13:01:14 - mmengine - INFO - bbox_mAP_copypaste: 0.592 0.901 0.681 0.000 0.712 0.542
2026/08/05 13:01:14 - mmengine - INFO - Evaluating segm...
2026/08/05 13:01:14 - mmengine - INFO - segm_mAP_copypaste: 0.390 0.572 0.424 0.000 0.529 0.341
2026/08/05 13:01:14 - mmengine - INFO - Epoch(val) [34][116/116]    coco/bbox_mAP: 0.5920  coco/bbox_mAP_50: 0.9010  coco/bbox_mAP_75: 0.6810  coco/bbox_mAP_s: 0.0000  coco/bbox_mAP_m: 0.7120  coco/bbox_mAP_l: 0.5420  coco/segm_mAP: 0.3900  coco/segm_mAP_50: 0.5720  coco/segm_mAP_75: 0.4240  coco/segm_mAP_s: 0.0000  coco/segm_mAP_m: 0.5290  coco/segm_mAP_l: 0.3410  data_time: 0.0051  time: 0.0318
2026/08/05 13:01:17 - mmengine - INFO - Epoch(train)  [35][10/68]  base_lr: 1.2500e-04 lr: 1.2500e-04  eta: 0:24:55  time: 0.3300  data_time: 0.1167  memory: 601  grad_norm: 13.1241  loss: 0.5435  loss_cls: 0.1525  loss_bbox: 0.2703  loss_mask: 0.1207
2026/08/05 13:01:21 - mmengine - INFO - Epoch(train)  [35][20/68]  base_lr: 1.2500e-04 lr: 1.2500e-04  eta: 0:24:52  time: 0.3319  data_time: 0.1153  memory: 601  grad_norm: 13.3563  loss: 0.5387  loss_cls: 0.1508  loss_bbox: 0.2681  loss_mask: 0.1199
2026/08/05 13:01:24 - mmengine - INFO - Epoch(train)  [35][30/68]  base_lr: 1.2500e-04 lr: 1.2500e-04  eta: 0:24:48  time: 0.3298  data_time: 0.1146  memory: 602  grad_norm: 13.1837  loss: 0.5423  loss_cls: 0.1509  loss_bbox: 0.2720  loss_mask: 0.1194
2026/08/05 13:01:27 - mmengine - INFO - Epoch(train)  [35][40/68]  base_lr: 1.2500e-04 lr: 1.2500e-04  eta: 0:24:45  time: 0.3348  data_time: 0.1191  memory: 601  grad_norm: 12.9708  loss: 0.5320  loss_cls: 0.1427  loss_bbox: 0.2728  loss_mask: 0.1165
2026/08/05 13:01:31 - mmengine - INFO - Epoch(train)  [35][50/68]  base_lr: 1.2500e-04 lr: 1.2500e-04  eta: 0:24:42  time: 0.3399  data_time: 0.1247  memory: 602  grad_norm: 12.5211  loss: 0.5265  loss_cls: 0.1429  loss_bbox: 0.2698  loss_mask: 0.1139
2026/08/05 13:01:34 - mmengine - INFO - Epoch(train)  [35][60/68]  base_lr: 1.2500e-04 lr: 1.2500e-04  eta: 0:24:38  time: 0.3346  data_time: 0.1234  memory: 600  grad_norm: 12.6788  loss: 0.5354  loss_cls: 0.1481  loss_bbox: 0.2733  loss_mask: 0.1141
2026/08/05 13:01:36 - mmengine - INFO - Exp name: rtmdet_ins_busi_20260805_124409
2026/08/05 13:01:36 - mmengine - INFO - Saving checkpoint at 35 epochs
2026/08/05 13:01:39 - mmengine - INFO - Epoch(val)  [35][ 10/116]    eta: 0:00:03  time: 0.0333  data_time: 0.0054  memory: 601  
2026/08/05 13:01:39 - mmengine - INFO - Epoch(val)  [35][ 20/116]    eta: 0:00:02  time: 0.0328  data_time: 0.0051  memory: 118  
2026/08/05 13:01:39 - mmengine - INFO - Epoch(val)  [35][ 30/116]    eta: 0:00:02  time: 0.0323  data_time: 0.0053  memory: 181  
2026/08/05 13:01:40 - mmengine - INFO - Epoch(val)  [35][ 40/116]    eta: 0:00:02  time: 0.0313  data_time: 0.0054  memory: 134  
2026/08/05 13:01:40 - mmengine - INFO - Epoch(val)  [35][ 50/116]    eta: 0:00:02  time: 0.0311  data_time: 0.0058  memory: 164  
2026/08/05 13:01:40 - mmengine - INFO - Epoch(val)  [35][ 60/116]    eta: 0:00:01  time: 0.0315  data_time: 0.0059  memory: 120  
2026/08/05 13:01:41 - mmengine - INFO - Epoch(val)  [35][ 70/116]    eta: 0:00:01  time: 0.0322  data_time: 0.0058  memory: 118  
2026/08/05 13:01:41 - mmengine - INFO - Epoch(val)  [35][ 80/116]    eta: 0:00:01  time: 0.0318  data_time: 0.0052  memory: 142  
2026/08/05 13:01:41 - mmengine - INFO - Epoch(val)  [35][ 90/116]    eta: 0:00:00  time: 0.0327  data_time: 0.0050  memory: 187  
2026/08/05 13:01:42 - mmengine - INFO - Epoch(val)  [35][100/116]    eta: 0:00:00  time: 0.0334  data_time: 0.0045  memory: 181  
2026/08/05 13:01:42 - mmengine - INFO - Epoch(val)  [35][110/116]    eta: 0:00:00  time: 0.0337  data_time: 0.0043  memory: 127  
2026/08/05 13:01:42 - mmengine - INFO - Evaluating bbox...
2026/08/05 13:01:42 - mmengine - INFO - bbox_mAP_copypaste: 0.608 0.903 0.686 0.000 0.677 0.569
2026/08/05 13:01:42 - mmengine - INFO - Evaluating segm...
2026/08/05 13:01:42 - mmengine - INFO - segm_mAP_copypaste: 0.389 0.574 0.431 0.000 0.507 0.333
2026/08/05 13:01:42 - mmengine - INFO - Epoch(val) [35][116/116]    coco/bbox_mAP: 0.6080  coco/bbox_mAP_50: 0.9030  coco/bbox_mAP_75: 0.6860  coco/bbox_mAP_s: 0.0000  coco/bbox_mAP_m: 0.6770  coco/bbox_mAP_l: 0.5690  coco/segm_mAP: 0.3890  coco/segm_mAP_50: 0.5740  coco/segm_mAP_75: 0.4310  coco/segm_mAP_s: 0.0000  coco/segm_mAP_m: 0.5070  coco/segm_mAP_l: 0.3330  data_time: 0.0052  time: 0.0327
2026/08/05 13:01:46 - mmengine - INFO - Epoch(train)  [36][10/68]  base_lr: 1.2500e-04 lr: 1.2500e-04  eta: 0:24:32  time: 0.3345  data_time: 0.1252  memory: 602  grad_norm: 12.6842  loss: 0.5309  loss_cls: 0.1492  loss_bbox: 0.2681  loss_mask: 0.1136
2026/08/05 13:01:49 - mmengine - INFO - Epoch(train)  [36][20/68]  base_lr: 1.2500e-04 lr: 1.2500e-04  eta: 0:24:29  time: 0.3343  data_time: 0.1264  memory: 602  grad_norm: 13.0364  loss: 0.5327  loss_cls: 0.1529  loss_bbox: 0.2681  loss_mask: 0.1117
2026/08/05 13:01:53 - mmengine - INFO - Epoch(train)  [36][30/68]  base_lr: 1.2500e-04 lr: 1.2500e-04  eta: 0:24:26  time: 0.3355  data_time: 0.1261  memory: 601  grad_norm: 13.1255  loss: 0.5279  loss_cls: 0.1515  loss_bbox: 0.2646  loss_mask: 0.1118
2026/08/05 13:01:56 - mmengine - INFO - Epoch(train)  [36][40/68]  base_lr: 1.2500e-04 lr: 1.2500e-04  eta: 0:24:22  time: 0.3321  data_time: 0.1230  memory: 601  grad_norm: 12.4440  loss: 0.5054  loss_cls: 0.1382  loss_bbox: 0.2568  loss_mask: 0.1104
2026/08/05 13:01:59 - mmengine - INFO - Epoch(train)  [36][50/68]  base_lr: 1.2500e-04 lr: 1.2500e-04  eta: 0:24:18  time: 0.3304  data_time: 0.1207  memory: 599  grad_norm: 12.5566  loss: 0.5074  loss_cls: 0.1425  loss_bbox: 0.2548  loss_mask: 0.1102
2026/08/05 13:02:02 - mmengine - INFO - Epoch(train)  [36][60/68]  base_lr: 1.2500e-04 lr: 1.2500e-04  eta: 0:24:15  time: 0.3249  data_time: 0.1167  memory: 603  grad_norm: 12.6192  loss: 0.5106  loss_cls: 0.1461  loss_bbox: 0.2536  loss_mask: 0.1109
2026/08/05 13:02:05 - mmengine - INFO - Exp name: rtmdet_ins_busi_20260805_124409
2026/08/05 13:02:05 - mmengine - INFO - Saving checkpoint at 36 epochs
2026/08/05 13:02:07 - mmengine - INFO - Epoch(val)  [36][ 10/116]    eta: 0:00:03  time: 0.0343  data_time: 0.0048  memory: 600  
2026/08/05 13:02:07 - mmengine - INFO - Epoch(val)  [36][ 20/116]    eta: 0:00:02  time: 0.0332  data_time: 0.0055  memory: 118  
2026/08/05 13:02:07 - mmengine - INFO - Epoch(val)  [36][ 30/116]    eta: 0:00:02  time: 0.0315  data_time: 0.0047  memory: 172  
2026/08/05 13:02:08 - mmengine - INFO - Epoch(val)  [36][ 40/116]    eta: 0:00:02  time: 0.0310  data_time: 0.0041  memory: 131  
2026/08/05 13:02:08 - mmengine - INFO - Epoch(val)  [36][ 50/116]    eta: 0:00:01  time: 0.0301  data_time: 0.0041  memory: 170  
2026/08/05 13:02:08 - mmengine - INFO - Epoch(val)  [36][ 60/116]    eta: 0:00:01  time: 0.0302  data_time: 0.0047  memory: 133  
2026/08/05 13:02:09 - mmengine - INFO - Epoch(val)  [36][ 70/116]    eta: 0:00:01  time: 0.0305  data_time: 0.0042  memory: 116  
2026/08/05 13:02:09 - mmengine - INFO - Epoch(val)  [36][ 80/116]    eta: 0:00:01  time: 0.0309  data_time: 0.0048  memory: 130  
2026/08/05 13:02:09 - mmengine - INFO - Epoch(val)  [36][ 90/116]    eta: 0:00:00  time: 0.0308  data_time: 0.0046  memory: 187  
2026/08/05 13:02:10 - mmengine - INFO - Epoch(val)  [36][100/116]    eta: 0:00:00  time: 0.0308  data_time: 0.0048  memory: 186  
2026/08/05 13:02:10 - mmengine - INFO - Epoch(val)  [36][110/116]    eta: 0:00:00  time: 0.0309  data_time: 0.0039  memory: 123  
2026/08/05 13:02:10 - mmengine - INFO - Evaluating bbox...
2026/08/05 13:02:10 - mmengine - INFO - bbox_mAP_copypaste: 0.621 0.905 0.714 0.000 0.709 0.583
2026/08/05 13:02:10 - mmengine - INFO - Evaluating segm...
2026/08/05 13:02:10 - mmengine - INFO - segm_mAP_copypaste: 0.390 0.572 0.444 0.000 0.527 0.334
2026/08/05 13:02:10 - mmengine - INFO - Epoch(val) [36][116/116]    coco/bbox_mAP: 0.6210  coco/bbox_mAP_50: 0.9050  coco/bbox_mAP_75: 0.7140  coco/bbox_mAP_s: 0.0000  coco/bbox_mAP_m: 0.7090  coco/bbox_mAP_l: 0.5830  coco/segm_mAP: 0.3900  coco/segm_mAP_50: 0.5720  coco/segm_mAP_75: 0.4440  coco/segm_mAP_s: 0.0000  coco/segm_mAP_m: 0.5270  coco/segm_mAP_l: 0.3340  data_time: 0.0043  time: 0.0309
2026/08/05 13:02:14 - mmengine - INFO - Epoch(train)  [37][10/68]  base_lr: 1.2500e-04 lr: 1.2500e-04  eta: 0:24:09  time: 0.3222  data_time: 0.1144  memory: 601  grad_norm: 13.3175  loss: 0.5078  loss_cls: 0.1444  loss_bbox: 0.2532  loss_mask: 0.1102
2026/08/05 13:02:17 - mmengine - INFO - Epoch(train)  [37][20/68]  base_lr: 1.2500e-04 lr: 1.2500e-04  eta: 0:24:05  time: 0.3249  data_time: 0.1147  memory: 601  grad_norm: 13.8080  loss: 0.5216  loss_cls: 0.1528  loss_bbox: 0.2572  loss_mask: 0.1116
2026/08/05 13:02:21 - mmengine - INFO - Epoch(train)  [37][30/68]  base_lr: 1.2500e-04 lr: 1.2500e-04  eta: 0:24:02  time: 0.3320  data_time: 0.1190  memory: 601  grad_norm: 13.8337  loss: 0.5204  loss_cls: 0.1506  loss_bbox: 0.2591  loss_mask: 0.1106
2026/08/05 13:02:24 - mmengine - INFO - Epoch(train)  [37][40/68]  base_lr: 1.2500e-04 lr: 1.2500e-04  eta: 0:23:59  time: 0.3365  data_time: 0.1222  memory: 601  grad_norm: 13.4882  loss: 0.5335  loss_cls: 0.1503  loss_bbox: 0.2676  loss_mask: 0.1157
2026/08/05 13:02:27 - mmengine - INFO - Epoch(train)  [37][50/68]  base_lr: 1.2500e-04 lr: 1.2500e-04  eta: 0:23:56  time: 0.3408  data_time: 0.1228  memory: 601  grad_norm: 12.6854  loss: 0.5323  loss_cls: 0.1468  loss_bbox: 0.2693  loss_mask: 0.1162
2026/08/05 13:02:31 - mmengine - INFO - Epoch(train)  [37][60/68]  base_lr: 1.2500e-04 lr: 1.2500e-04  eta: 0:23:52  time: 0.3377  data_time: 0.1215  memory: 600  grad_norm: 12.5208  loss: 0.5263  loss_cls: 0.1438  loss_bbox: 0.2677  loss_mask: 0.1148
2026/08/05 13:02:33 - mmengine - INFO - Exp name: rtmdet_ins_busi_20260805_124409
2026/08/05 13:02:33 - mmengine - INFO - Saving checkpoint at 37 epochs
2026/08/05 13:02:36 - mmengine - INFO - Epoch(val)  [37][ 10/116]    eta: 0:00:03  time: 0.0325  data_time: 0.0043  memory: 603  
2026/08/05 13:02:36 - mmengine - INFO - Epoch(val)  [37][ 20/116]    eta: 0:00:02  time: 0.0313  data_time: 0.0040  memory: 118  
2026/08/05 13:02:36 - mmengine - INFO - Epoch(val)  [37][ 30/116]    eta: 0:00:02  time: 0.0313  data_time: 0.0036  memory: 192  
2026/08/05 13:02:37 - mmengine - INFO - Epoch(val)  [37][ 40/116]    eta: 0:00:02  time: 0.0304  data_time: 0.0039  memory: 142  
2026/08/05 13:02:37 - mmengine - INFO - Epoch(val)  [37][ 50/116]    eta: 0:00:01  time: 0.0295  data_time: 0.0036  memory: 153  
2026/08/05 13:02:37 - mmengine - INFO - Epoch(val)  [37][ 60/116]    eta: 0:00:01  time: 0.0298  data_time: 0.0034  memory: 138  
2026/08/05 13:02:37 - mmengine - INFO - Epoch(val)  [37][ 70/116]    eta: 0:00:01  time: 0.0302  data_time: 0.0040  memory: 128  
2026/08/05 13:02:38 - mmengine - INFO - Epoch(val)  [37][ 80/116]    eta: 0:00:01  time: 0.0296  data_time: 0.0047  memory: 142  
2026/08/05 13:02:38 - mmengine - INFO - Epoch(val)  [37][ 90/116]    eta: 0:00:00  time: 0.0315  data_time: 0.0040  memory: 175  
2026/08/05 13:02:38 - mmengine - INFO - Epoch(val)  [37][100/116]    eta: 0:00:00  time: 0.0316  data_time: 0.0039  memory: 160  
2026/08/05 13:02:39 - mmengine - INFO - Epoch(val)  [37][110/116]    eta: 0:00:00  time: 0.0310  data_time: 0.0036  memory: 127  
2026/08/05 13:02:39 - mmengine - INFO - Evaluating bbox...
2026/08/05 13:02:39 - mmengine - INFO - bbox_mAP_copypaste: 0.611 0.903 0.706 0.000 0.690 0.571
2026/08/05 13:02:39 - mmengine - INFO - Evaluating segm...
2026/08/05 13:02:39 - mmengine - INFO - segm_mAP_copypaste: 0.391 0.574 0.444 0.000 0.524 0.333
2026/08/05 13:02:39 - mmengine - INFO - Epoch(val) [37][116/116]    coco/bbox_mAP: 0.6110  coco/bbox_mAP_50: 0.9030  coco/bbox_mAP_75: 0.7060  coco/bbox_mAP_s: 0.0000  coco/bbox_mAP_m: 0.6900  coco/bbox_mAP_l: 0.5710  coco/segm_mAP: 0.3910  coco/segm_mAP_50: 0.5740  coco/segm_mAP_75: 0.4440  coco/segm_mAP_s: 0.0000  coco/segm_mAP_m: 0.5240  coco/segm_mAP_l: 0.3330  data_time: 0.0038  time: 0.0308
2026/08/05 13:02:43 - mmengine - INFO - Epoch(train)  [38][10/68]  base_lr: 1.2500e-04 lr: 1.2500e-04  eta: 0:23:46  time: 0.3366  data_time: 0.1229  memory: 603  grad_norm: 11.7812  loss: 0.5296  loss_cls: 0.1499  loss_bbox: 0.2648  loss_mask: 0.1149
2026/08/05 13:02:46 - mmengine - INFO - Epoch(train)  [38][20/68]  base_lr: 1.2500e-04 lr: 1.2500e-04  eta: 0:23:43  time: 0.3293  data_time: 0.1168  memory: 600  grad_norm: 11.9018  loss: 0.5206  loss_cls: 0.1478  loss_bbox: 0.2608  loss_mask: 0.1119
2026/08/05 13:02:49 - mmengine - INFO - Epoch(train)  [38][30/68]  base_lr: 1.2500e-04 lr: 1.2500e-04  eta: 0:23:39  time: 0.3309  data_time: 0.1183  memory: 601  grad_norm: 11.7978  loss: 0.5111  loss_cls: 0.1433  loss_bbox: 0.2581  loss_mask: 0.1097
2026/08/05 13:02:52 - mmengine - INFO - Epoch(train)  [38][40/68]  base_lr: 1.2500e-04 lr: 1.2500e-04  eta: 0:23:36  time: 0.3291  data_time: 0.1171  memory: 601  grad_norm: 12.0038  loss: 0.5278  loss_cls: 0.1585  loss_bbox: 0.2585  loss_mask: 0.1109
2026/08/05 13:02:56 - mmengine - INFO - Epoch(train)  [38][50/68]  base_lr: 1.2500e-04 lr: 1.2500e-04  eta: 0:23:33  time: 0.3320  data_time: 0.1198  memory: 601  grad_norm: 11.9778  loss: 0.5341  loss_cls: 0.1560  loss_bbox: 0.2634  loss_mask: 0.1146
2026/08/05 13:02:59 - mmengine - INFO - Epoch(train)  [38][60/68]  base_lr: 1.2500e-04 lr: 1.2500e-04  eta: 0:23:30  time: 0.3337  data_time: 0.1219  memory: 603  grad_norm: 12.3690  loss: 0.5364  loss_cls: 0.1540  loss_bbox: 0.2673  loss_mask: 0.1150
2026/08/05 13:03:02 - mmengine - INFO - Exp name: rtmdet_ins_busi_20260805_124409
2026/08/05 13:03:02 - mmengine - INFO - Saving checkpoint at 38 epochs
2026/08/05 13:03:04 - mmengine - INFO - Epoch(val)  [38][ 10/116]    eta: 0:00:02  time: 0.0321  data_time: 0.0038  memory: 601  
2026/08/05 13:03:04 - mmengine - INFO - Epoch(val)  [38][ 20/116]    eta: 0:00:02  time: 0.0304  data_time: 0.0039  memory: 118  
2026/08/05 13:03:05 - mmengine - INFO - Epoch(val)  [38][ 30/116]    eta: 0:00:02  time: 0.0298  data_time: 0.0043  memory: 194  
2026/08/05 13:03:05 - mmengine - INFO - Epoch(val)  [38][ 40/116]    eta: 0:00:02  time: 0.0295  data_time: 0.0042  memory: 161  
2026/08/05 13:03:05 - mmengine - INFO - Epoch(val)  [38][ 50/116]    eta: 0:00:01  time: 0.0296  data_time: 0.0051  memory: 158  
2026/08/05 13:03:05 - mmengine - INFO - Epoch(val)  [38][ 60/116]    eta: 0:00:01  time: 0.0300  data_time: 0.0054  memory: 146  
2026/08/05 13:03:06 - mmengine - INFO - Epoch(val)  [38][ 70/116]    eta: 0:00:01  time: 0.0314  data_time: 0.0060  memory: 157  
2026/08/05 13:03:06 - mmengine - INFO - Epoch(val)  [38][ 80/116]    eta: 0:00:01  time: 0.0315  data_time: 0.0067  memory: 138  
2026/08/05 13:03:06 - mmengine - INFO - Epoch(val)  [38][ 90/116]    eta: 0:00:00  time: 0.0332  data_time: 0.0076  memory: 181  
2026/08/05 13:03:07 - mmengine - INFO - Epoch(val)  [38][100/116]    eta: 0:00:00  time: 0.0329  data_time: 0.0064  memory: 166  
2026/08/05 13:03:07 - mmengine - INFO - Epoch(val)  [38][110/116]    eta: 0:00:00  time: 0.0336  data_time: 0.0058  memory: 165  
2026/08/05 13:03:07 - mmengine - INFO - Evaluating bbox...
2026/08/05 13:03:07 - mmengine - INFO - bbox_mAP_copypaste: 0.623 0.893 0.695 0.000 0.706 0.578
2026/08/05 13:03:07 - mmengine - INFO - Evaluating segm...
2026/08/05 13:03:08 - mmengine - INFO - segm_mAP_copypaste: 0.411 0.591 0.468 0.000 0.529 0.350
2026/08/05 13:03:08 - mmengine - INFO - Epoch(val) [38][116/116]    coco/bbox_mAP: 0.6230  coco/bbox_mAP_50: 0.8930  coco/bbox_mAP_75: 0.6950  coco/bbox_mAP_s: 0.0000  coco/bbox_mAP_m: 0.7060  coco/bbox_mAP_l: 0.5780  coco/segm_mAP: 0.4110  coco/segm_mAP_50: 0.5910  coco/segm_mAP_75: 0.4680  coco/segm_mAP_s: 0.0000  coco/segm_mAP_m: 0.5290  coco/segm_mAP_l: 0.3500  data_time: 0.0053  time: 0.0320
2026/08/05 13:03:08 - mmengine - INFO - The previous best checkpoint d:\mamografi\real_time_segmentasyon\rtmdet\calisma\rtmdet_ins_tiny_256_orta\best_coco_segm_mAP_epoch_26.pth is removed
2026/08/05 13:03:09 - mmengine - INFO - The best checkpoint with 0.4110 coco/segm_mAP at 38 epoch is saved to best_coco_segm_mAP_epoch_38.pth.
2026/08/05 13:03:15 - mmengine - INFO - Epoch(train)  [39][10/68]  base_lr: 1.2500e-04 lr: 1.2500e-04  eta: 0:23:24  time: 0.3367  data_time: 0.1236  memory: 603  grad_norm: 13.0185  loss: 0.5358  loss_cls: 0.1489  loss_bbox: 0.2697  loss_mask: 0.1172
2026/08/05 13:03:18 - mmengine - INFO - Epoch(train)  [39][20/68]  base_lr: 1.2500e-04 lr: 1.2500e-04  eta: 0:23:20  time: 0.3370  data_time: 0.1243  memory: 601  grad_norm: 12.9456  loss: 0.5187  loss_cls: 0.1404  loss_bbox: 0.2637  loss_mask: 0.1146
2026/08/05 13:03:21 - mmengine - INFO - Epoch(train)  [39][30/68]  base_lr: 1.2500e-04 lr: 1.2500e-04  eta: 0:23:17  time: 0.3383  data_time: 0.1256  memory: 602  grad_norm: 12.8324  loss: 0.5120  loss_cls: 0.1396  loss_bbox: 0.2577  loss_mask: 0.1147
2026/08/05 13:03:24 - mmengine - INFO - Epoch(train)  [39][40/68]  base_lr: 1.2500e-04 lr: 1.2500e-04  eta: 0:23:13  time: 0.3284  data_time: 0.1172  memory: 599  grad_norm: 12.5755  loss: 0.5056  loss_cls: 0.1365  loss_bbox: 0.2552  loss_mask: 0.1138
2026/08/05 13:03:28 - mmengine - INFO - Epoch(train)  [39][50/68]  base_lr: 1.2500e-04 lr: 1.2500e-04  eta: 0:23:10  time: 0.3320  data_time: 0.1189  memory: 600  grad_norm: 12.3760  loss: 0.5110  loss_cls: 0.1376  loss_bbox: 0.2603  loss_mask: 0.1130
2026/08/05 13:03:31 - mmengine - INFO - Epoch(train)  [39][60/68]  base_lr: 1.2500e-04 lr: 1.2500e-04  eta: 0:23:07  time: 0.3316  data_time: 0.1187  memory: 601  grad_norm: 12.2923  loss: 0.5117  loss_cls: 0.1426  loss_bbox: 0.2566  loss_mask: 0.1125
2026/08/05 13:03:34 - mmengine - INFO - Exp name: rtmdet_ins_busi_20260805_124409
2026/08/05 13:03:34 - mmengine - INFO - Saving checkpoint at 39 epochs
2026/08/05 13:03:36 - mmengine - INFO - Epoch(val)  [39][ 10/116]    eta: 0:00:02  time: 0.0343  data_time: 0.0048  memory: 601  
2026/08/05 13:03:36 - mmengine - INFO - Epoch(val)  [39][ 20/116]    eta: 0:00:02  time: 0.0330  data_time: 0.0040  memory: 110  
2026/08/05 13:03:37 - mmengine - INFO - Epoch(val)  [39][ 30/116]    eta: 0:00:02  time: 0.0317  data_time: 0.0037  memory: 157  
2026/08/05 13:03:37 - mmengine - INFO - Epoch(val)  [39][ 40/116]    eta: 0:00:02  time: 0.0312  data_time: 0.0041  memory: 139  
2026/08/05 13:03:37 - mmengine - INFO - Epoch(val)  [39][ 50/116]    eta: 0:00:01  time: 0.0297  data_time: 0.0049  memory: 153  
2026/08/05 13:03:37 - mmengine - INFO - Epoch(val)  [39][ 60/116]    eta: 0:00:01  time: 0.0301  data_time: 0.0047  memory: 133  
2026/08/05 13:03:38 - mmengine - INFO - Epoch(val)  [39][ 70/116]    eta: 0:00:01  time: 0.0306  data_time: 0.0052  memory: 122  
2026/08/05 13:03:38 - mmengine - INFO - Epoch(val)  [39][ 80/116]    eta: 0:00:01  time: 0.0303  data_time: 0.0056  memory: 127  
2026/08/05 13:03:38 - mmengine - INFO - Epoch(val)  [39][ 90/116]    eta: 0:00:00  time: 0.0308  data_time: 0.0053  memory: 151  
2026/08/05 13:03:39 - mmengine - INFO - Epoch(val)  [39][100/116]    eta: 0:00:00  time: 0.0304  data_time: 0.0055  memory: 157  
2026/08/05 13:03:39 - mmengine - INFO - Epoch(val)  [39][110/116]    eta: 0:00:00  time: 0.0300  data_time: 0.0052  memory: 134  
2026/08/05 13:03:39 - mmengine - INFO - Evaluating bbox...
2026/08/05 13:03:39 - mmengine - INFO - bbox_mAP_copypaste: 0.622 0.900 0.737 0.000 0.711 0.577
2026/08/05 13:03:39 - mmengine - INFO - Evaluating segm...
2026/08/05 13:03:39 - mmengine - INFO - segm_mAP_copypaste: 0.399 0.587 0.452 0.000 0.525 0.339
2026/08/05 13:03:39 - mmengine - INFO - Epoch(val) [39][116/116]    coco/bbox_mAP: 0.6220  coco/bbox_mAP_50: 0.9000  coco/bbox_mAP_75: 0.7370  coco/bbox_mAP_s: 0.0000  coco/bbox_mAP_m: 0.7110  coco/bbox_mAP_l: 0.5770  coco/segm_mAP: 0.3990  coco/segm_mAP_50: 0.5870  coco/segm_mAP_75: 0.4520  coco/segm_mAP_s: 0.0000  coco/segm_mAP_m: 0.5250  coco/segm_mAP_l: 0.3390  data_time: 0.0051  time: 0.0299
2026/08/05 13:03:43 - mmengine - INFO - Epoch(train)  [40][10/68]  base_lr: 1.2500e-04 lr: 1.2500e-04  eta: 0:23:01  time: 0.3337  data_time: 0.1205  memory: 603  grad_norm: 12.3594  loss: 0.4878  loss_cls: 0.1288  loss_bbox: 0.2500  loss_mask: 0.1089
2026/08/05 13:03:46 - mmengine - INFO - Epoch(train)  [40][20/68]  base_lr: 1.2500e-04 lr: 1.2500e-04  eta: 0:22:57  time: 0.3330  data_time: 0.1193  memory: 602  grad_norm: 12.3946  loss: 0.4789  loss_cls: 0.1266  loss_bbox: 0.2445  loss_mask: 0.1078
2026/08/05 13:03:49 - mmengine - INFO - Epoch(train)  [40][30/68]  base_lr: 1.2500e-04 lr: 1.2500e-04  eta: 0:22:54  time: 0.3321  data_time: 0.1193  memory: 601  grad_norm: 12.5387  loss: 0.4759  loss_cls: 0.1298  loss_bbox: 0.2396  loss_mask: 0.1066
2026/08/05 13:03:52 - mmengine - INFO - Epoch(train)  [40][40/68]  base_lr: 1.2500e-04 lr: 1.2500e-04  eta: 0:22:50  time: 0.3300  data_time: 0.1186  memory: 601  grad_norm: 12.0868  loss: 0.4916  loss_cls: 0.1294  loss_bbox: 0.2519  loss_mask: 0.1104
2026/08/05 13:03:56 - mmengine - INFO - Epoch(train)  [40][50/68]  base_lr: 1.2500e-04 lr: 1.2500e-04  eta: 0:22:47  time: 0.3265  data_time: 0.1170  memory: 603  grad_norm: 12.1936  loss: 0.4988  loss_cls: 0.1317  loss_bbox: 0.2574  loss_mask: 0.1097
2026/08/05 13:03:59 - mmengine - INFO - Epoch(train)  [40][60/68]  base_lr: 1.2500e-04 lr: 1.2500e-04  eta: 0:22:43  time: 0.3237  data_time: 0.1156  memory: 600  grad_norm: 12.2755  loss: 0.5192  loss_cls: 0.1393  loss_bbox: 0.2665  loss_mask: 0.1134
2026/08/05 13:04:01 - mmengine - INFO - Exp name: rtmdet_ins_busi_20260805_124409
2026/08/05 13:04:01 - mmengine - INFO - Saving checkpoint at 40 epochs
2026/08/05 13:04:04 - mmengine - INFO - Epoch(val)  [40][ 10/116]    eta: 0:00:02  time: 0.0297  data_time: 0.0050  memory: 602  
2026/08/05 13:04:04 - mmengine - INFO - Epoch(val)  [40][ 20/116]    eta: 0:00:02  time: 0.0289  data_time: 0.0058  memory: 110  
2026/08/05 13:04:04 - mmengine - INFO - Epoch(val)  [40][ 30/116]    eta: 0:00:02  time: 0.0282  data_time: 0.0056  memory: 144  
2026/08/05 13:04:04 - mmengine - INFO - Epoch(val)  [40][ 40/116]    eta: 0:00:02  time: 0.0280  data_time: 0.0061  memory: 133  
2026/08/05 13:04:05 - mmengine - INFO - Epoch(val)  [40][ 50/116]    eta: 0:00:01  time: 0.0281  data_time: 0.0062  memory: 164  
2026/08/05 13:04:05 - mmengine - INFO - Epoch(val)  [40][ 60/116]    eta: 0:00:01  time: 0.0281  data_time: 0.0059  memory: 120  
2026/08/05 13:04:05 - mmengine - INFO - Epoch(val)  [40][ 70/116]    eta: 0:00:01  time: 0.0286  data_time: 0.0058  memory: 131  
2026/08/05 13:04:06 - mmengine - INFO - Epoch(val)  [40][ 80/116]    eta: 0:00:01  time: 0.0295  data_time: 0.0063  memory: 139  
2026/08/05 13:04:06 - mmengine - INFO - Epoch(val)  [40][ 90/116]    eta: 0:00:00  time: 0.0304  data_time: 0.0065  memory: 151  
2026/08/05 13:04:06 - mmengine - INFO - Epoch(val)  [40][100/116]    eta: 0:00:00  time: 0.0302  data_time: 0.0067  memory: 137  
2026/08/05 13:04:07 - mmengine - INFO - Epoch(val)  [40][110/116]    eta: 0:00:00  time: 0.0301  data_time: 0.0068  memory: 135  
2026/08/05 13:04:07 - mmengine - INFO - Evaluating bbox...
2026/08/05 13:04:07 - mmengine - INFO - bbox_mAP_copypaste: 0.625 0.901 0.721 0.000 0.715 0.577
2026/08/05 13:04:07 - mmengine - INFO - Evaluating segm...
2026/08/05 13:04:07 - mmengine - INFO - segm_mAP_copypaste: 0.412 0.586 0.468 0.000 0.536 0.358
2026/08/05 13:04:07 - mmengine - INFO - Epoch(val) [40][116/116]    coco/bbox_mAP: 0.6250  coco/bbox_mAP_50: 0.9010  coco/bbox_mAP_75: 0.7210  coco/bbox_mAP_s: 0.0000  coco/bbox_mAP_m: 0.7150  coco/bbox_mAP_l: 0.5770  coco/segm_mAP: 0.4120  coco/segm_mAP_50: 0.5860  coco/segm_mAP_75: 0.4680  coco/segm_mAP_s: 0.0000  coco/segm_mAP_m: 0.5360  coco/segm_mAP_l: 0.3580  data_time: 0.0064  time: 0.0295
2026/08/05 13:04:07 - mmengine - INFO - The previous best checkpoint d:\mamografi\real_time_segmentasyon\rtmdet\calisma\rtmdet_ins_tiny_256_orta\best_coco_segm_mAP_epoch_38.pth is removed
2026/08/05 13:04:09 - mmengine - INFO - The best checkpoint with 0.4120 coco/segm_mAP at 40 epoch is saved to best_coco_segm_mAP_epoch_40.pth.
2026/08/05 13:04:14 - mmengine - INFO - Epoch(train)  [41][10/68]  base_lr: 1.2500e-04 lr: 1.2500e-04  eta: 0:22:37  time: 0.3279  data_time: 0.1156  memory: 604  grad_norm: 12.2085  loss: 0.5397  loss_cls: 0.1469  loss_bbox: 0.2757  loss_mask: 0.1172
2026/08/05 13:04:17 - mmengine - INFO - Epoch(train)  [41][20/68]  base_lr: 1.2500e-04 lr: 1.2500e-04  eta: 0:22:34  time: 0.3289  data_time: 0.1177  memory: 599  grad_norm: 12.1158  loss: 0.5205  loss_cls: 0.1404  loss_bbox: 0.2673  loss_mask: 0.1127
2026/08/05 13:04:21 - mmengine - INFO - Epoch(train)  [41][30/68]  base_lr: 1.2500e-04 lr: 1.2500e-04  eta: 0:22:31  time: 0.3307  data_time: 0.1187  memory: 601  grad_norm: 12.2842  loss: 0.5167  loss_cls: 0.1413  loss_bbox: 0.2636  loss_mask: 0.1119
2026/08/05 13:04:24 - mmengine - INFO - Epoch(train)  [41][40/68]  base_lr: 1.2500e-04 lr: 1.2500e-04  eta: 0:22:27  time: 0.3332  data_time: 0.1182  memory: 603  grad_norm: 12.2465  loss: 0.5111  loss_cls: 0.1408  loss_bbox: 0.2606  loss_mask: 0.1097
2026/08/05 13:04:27 - mmengine - INFO - Epoch(train)  [41][50/68]  base_lr: 1.2500e-04 lr: 1.2500e-04  eta: 0:22:24  time: 0.3335  data_time: 0.1187  memory: 599  grad_norm: 12.4905  loss: 0.5149  loss_cls: 0.1419  loss_bbox: 0.2630  loss_mask: 0.1099
2026/08/05 13:04:31 - mmengine - INFO - Epoch(train)  [41][60/68]  base_lr: 1.2500e-04 lr: 1.2500e-04  eta: 0:22:21  time: 0.3325  data_time: 0.1223  memory: 601  grad_norm: 12.5116  loss: 0.5092  loss_cls: 0.1359  loss_bbox: 0.2637  loss_mask: 0.1096
2026/08/05 13:04:33 - mmengine - INFO - Exp name: rtmdet_ins_busi_20260805_124409
2026/08/05 13:04:33 - mmengine - INFO - Saving checkpoint at 41 epochs
2026/08/05 13:04:35 - mmengine - INFO - Epoch(val)  [41][ 10/116]    eta: 0:00:03  time: 0.0314  data_time: 0.0068  memory: 600  
2026/08/05 13:04:36 - mmengine - INFO - Epoch(val)  [41][ 20/116]    eta: 0:00:02  time: 0.0313  data_time: 0.0059  memory: 112  
2026/08/05 13:04:36 - mmengine - INFO - Epoch(val)  [41][ 30/116]    eta: 0:00:02  time: 0.0303  data_time: 0.0050  memory: 146  
2026/08/05 13:04:36 - mmengine - INFO - Epoch(val)  [41][ 40/116]    eta: 0:00:02  time: 0.0305  data_time: 0.0047  memory: 129  
2026/08/05 13:04:36 - mmengine - INFO - Epoch(val)  [41][ 50/116]    eta: 0:00:01  time: 0.0300  data_time: 0.0049  memory: 141  
2026/08/05 13:04:37 - mmengine - INFO - Epoch(val)  [41][ 60/116]    eta: 0:00:01  time: 0.0295  data_time: 0.0061  memory: 120  
2026/08/05 13:04:37 - mmengine - INFO - Epoch(val)  [41][ 70/116]    eta: 0:00:01  time: 0.0296  data_time: 0.0067  memory: 132  
2026/08/05 13:04:37 - mmengine - INFO - Epoch(val)  [41][ 80/116]    eta: 0:00:01  time: 0.0302  data_time: 0.0063  memory: 123  
2026/08/05 13:04:38 - mmengine - INFO - Epoch(val)  [41][ 90/116]    eta: 0:00:00  time: 0.0308  data_time: 0.0069  memory: 157  
2026/08/05 13:04:38 - mmengine - INFO - Epoch(val)  [41][100/116]    eta: 0:00:00  time: 0.0308  data_time: 0.0063  memory: 186  
2026/08/05 13:04:38 - mmengine - INFO - Epoch(val)  [41][110/116]    eta: 0:00:00  time: 0.0312  data_time: 0.0061  memory: 122  
2026/08/05 13:04:39 - mmengine - INFO - Evaluating bbox...
2026/08/05 13:04:39 - mmengine - INFO - bbox_mAP_copypaste: 0.596 0.885 0.681 0.000 0.690 0.554
2026/08/05 13:04:39 - mmengine - INFO - Evaluating segm...
2026/08/05 13:04:39 - mmengine - INFO - segm_mAP_copypaste: 0.377 0.562 0.426 0.000 0.537 0.310
2026/08/05 13:04:39 - mmengine - INFO - Epoch(val) [41][116/116]    coco/bbox_mAP: 0.5960  coco/bbox_mAP_50: 0.8850  coco/bbox_mAP_75: 0.6810  coco/bbox_mAP_s: 0.0000  coco/bbox_mAP_m: 0.6900  coco/bbox_mAP_l: 0.5540  coco/segm_mAP: 0.3770  coco/segm_mAP_50: 0.5620  coco/segm_mAP_75: 0.4260  coco/segm_mAP_s: 0.0000  coco/segm_mAP_m: 0.5370  coco/segm_mAP_l: 0.3100  data_time: 0.0061  time: 0.0310
2026/08/05 13:04:42 - mmengine - INFO - Epoch(train)  [42][10/68]  base_lr: 1.2500e-04 lr: 1.2500e-04  eta: 0:22:14  time: 0.3289  data_time: 0.1177  memory: 600  grad_norm: 13.1291  loss: 0.5329  loss_cls: 0.1486  loss_bbox: 0.2702  loss_mask: 0.1141
2026/08/05 13:04:45 - mmengine - INFO - Epoch(train)  [42][20/68]  base_lr: 1.2500e-04 lr: 1.2500e-04  eta: 0:22:11  time: 0.3295  data_time: 0.1194  memory: 601  grad_norm: 12.8131  loss: 0.5281  loss_cls: 0.1421  loss_bbox: 0.2714  loss_mask: 0.1146
2026/08/05 13:04:49 - mmengine - INFO - Epoch(train)  [42][30/68]  base_lr: 1.2500e-04 lr: 1.2500e-04  eta: 0:22:07  time: 0.3270  data_time: 0.1166  memory: 601  grad_norm: 12.5710  loss: 0.5184  loss_cls: 0.1364  loss_bbox: 0.2679  loss_mask: 0.1141
2026/08/05 13:04:52 - mmengine - INFO - Epoch(train)  [42][40/68]  base_lr: 1.2500e-04 lr: 1.2500e-04  eta: 0:22:04  time: 0.3258  data_time: 0.1165  memory: 601  grad_norm: 12.6189  loss: 0.5168  loss_cls: 0.1395  loss_bbox: 0.2643  loss_mask: 0.1130
2026/08/05 13:04:55 - mmengine - INFO - Epoch(train)  [42][50/68]  base_lr: 1.2500e-04 lr: 1.2500e-04  eta: 0:22:01  time: 0.3290  data_time: 0.1174  memory: 601  grad_norm: 11.6928  loss: 0.4938  loss_cls: 0.1264  loss_bbox: 0.2594  loss_mask: 0.1080
2026/08/05 13:04:59 - mmengine - INFO - Epoch(train)  [42][60/68]  base_lr: 1.2500e-04 lr: 1.2500e-04  eta: 0:21:57  time: 0.3296  data_time: 0.1192  memory: 601  grad_norm: 11.7963  loss: 0.4838  loss_cls: 0.1231  loss_bbox: 0.2536  loss_mask: 0.1071
2026/08/05 13:05:01 - mmengine - INFO - Exp name: rtmdet_ins_busi_20260805_124409
2026/08/05 13:05:01 - mmengine - INFO - Saving checkpoint at 42 epochs
2026/08/05 13:05:03 - mmengine - INFO - Epoch(val)  [42][ 10/116]    eta: 0:00:03  time: 0.0329  data_time: 0.0064  memory: 600  
2026/08/05 13:05:04 - mmengine - INFO - Epoch(val)  [42][ 20/116]    eta: 0:00:02  time: 0.0326  data_time: 0.0059  memory: 113  
2026/08/05 13:05:04 - mmengine - INFO - Epoch(val)  [42][ 30/116]    eta: 0:00:02  time: 0.0308  data_time: 0.0055  memory: 164  
2026/08/05 13:05:04 - mmengine - INFO - Epoch(val)  [42][ 40/116]    eta: 0:00:02  time: 0.0314  data_time: 0.0053  memory: 128  
2026/08/05 13:05:04 - mmengine - INFO - Epoch(val)  [42][ 50/116]    eta: 0:00:02  time: 0.0303  data_time: 0.0046  memory: 170  
2026/08/05 13:05:05 - mmengine - INFO - Epoch(val)  [42][ 60/116]    eta: 0:00:01  time: 0.0304  data_time: 0.0055  memory: 151  
2026/08/05 13:05:05 - mmengine - INFO - Epoch(val)  [42][ 70/116]    eta: 0:00:01  time: 0.0302  data_time: 0.0058  memory: 122  
2026/08/05 13:05:05 - mmengine - INFO - Epoch(val)  [42][ 80/116]    eta: 0:00:01  time: 0.0306  data_time: 0.0053  memory: 112  
2026/08/05 13:05:06 - mmengine - INFO - Epoch(val)  [42][ 90/116]    eta: 0:00:00  time: 0.0305  data_time: 0.0052  memory: 145  
2026/08/05 13:05:06 - mmengine - INFO - Epoch(val)  [42][100/116]    eta: 0:00:00  time: 0.0306  data_time: 0.0049  memory: 189  
2026/08/05 13:05:06 - mmengine - INFO - Epoch(val)  [42][110/116]    eta: 0:00:00  time: 0.0310  data_time: 0.0054  memory: 128  
2026/08/05 13:05:07 - mmengine - INFO - Evaluating bbox...
2026/08/05 13:05:07 - mmengine - INFO - bbox_mAP_copypaste: 0.601 0.892 0.676 0.000 0.700 0.556
2026/08/05 13:05:07 - mmengine - INFO - Evaluating segm...
2026/08/05 13:05:07 - mmengine - INFO - segm_mAP_copypaste: 0.385 0.564 0.435 0.000 0.521 0.332
2026/08/05 13:05:07 - mmengine - INFO - Epoch(val) [42][116/116]    coco/bbox_mAP: 0.6010  coco/bbox_mAP_50: 0.8920  coco/bbox_mAP_75: 0.6760  coco/bbox_mAP_s: 0.0000  coco/bbox_mAP_m: 0.7000  coco/bbox_mAP_l: 0.5560  coco/segm_mAP: 0.3850  coco/segm_mAP_50: 0.5640  coco/segm_mAP_75: 0.4350  coco/segm_mAP_s: 0.0000  coco/segm_mAP_m: 0.5210  coco/segm_mAP_l: 0.3320  data_time: 0.0053  time: 0.0309
2026/08/05 13:05:10 - mmengine - INFO - Epoch(train)  [43][10/68]  base_lr: 1.2500e-04 lr: 1.2500e-04  eta: 0:21:51  time: 0.3262  data_time: 0.1153  memory: 601  grad_norm: 12.4091  loss: 0.4911  loss_cls: 0.1269  loss_bbox: 0.2564  loss_mask: 0.1078
2026/08/05 13:05:13 - mmengine - INFO - Epoch(train)  [43][20/68]  base_lr: 1.2500e-04 lr: 1.2500e-04  eta: 0:21:48  time: 0.3266  data_time: 0.1137  memory: 601  grad_norm: 12.4596  loss: 0.4979  loss_cls: 0.1321  loss_bbox: 0.2576  loss_mask: 0.1082
2026/08/05 13:05:17 - mmengine - INFO - Epoch(train)  [43][30/68]  base_lr: 1.2500e-04 lr: 1.2500e-04  eta: 0:21:44  time: 0.3257  data_time: 0.1130  memory: 600  grad_norm: 12.4004  loss: 0.4910  loss_cls: 0.1292  loss_bbox: 0.2541  loss_mask: 0.1076
2026/08/05 13:05:20 - mmengine - INFO - Epoch(train)  [43][40/68]  base_lr: 1.2500e-04 lr: 1.2500e-04  eta: 0:21:41  time: 0.3263  data_time: 0.1137  memory: 601  grad_norm: 12.3509  loss: 0.4871  loss_cls: 0.1290  loss_bbox: 0.2509  loss_mask: 0.1073
2026/08/05 13:05:23 - mmengine - INFO - Epoch(train)  [43][50/68]  base_lr: 1.2500e-04 lr: 1.2500e-04  eta: 0:21:37  time: 0.3319  data_time: 0.1182  memory: 600  grad_norm: 12.0573  loss: 0.4824  loss_cls: 0.1290  loss_bbox: 0.2485  loss_mask: 0.1050
2026/08/05 13:05:27 - mmengine - INFO - Epoch(train)  [43][60/68]  base_lr: 1.2500e-04 lr: 1.2500e-04  eta: 0:21:34  time: 0.3322  data_time: 0.1210  memory: 601  grad_norm: 12.3600  loss: 0.4949  loss_cls: 0.1327  loss_bbox: 0.2533  loss_mask: 0.1089
2026/08/05 13:05:29 - mmengine - INFO - Exp name: rtmdet_ins_busi_20260805_124409
2026/08/05 13:05:29 - mmengine - INFO - Saving checkpoint at 43 epochs
2026/08/05 13:05:31 - mmengine - INFO - Epoch(val)  [43][ 10/116]    eta: 0:00:03  time: 0.0320  data_time: 0.0054  memory: 602  
2026/08/05 13:05:32 - mmengine - INFO - Epoch(val)  [43][ 20/116]    eta: 0:00:02  time: 0.0316  data_time: 0.0062  memory: 118  
2026/08/05 13:05:32 - mmengine - INFO - Epoch(val)  [43][ 30/116]    eta: 0:00:02  time: 0.0314  data_time: 0.0057  memory: 142  
2026/08/05 13:05:32 - mmengine - INFO - Epoch(val)  [43][ 40/116]    eta: 0:00:02  time: 0.0302  data_time: 0.0050  memory: 128  
2026/08/05 13:05:33 - mmengine - INFO - Epoch(val)  [43][ 50/116]    eta: 0:00:01  time: 0.0292  data_time: 0.0044  memory: 170  
2026/08/05 13:05:33 - mmengine - INFO - Epoch(val)  [43][ 60/116]    eta: 0:00:01  time: 0.0298  data_time: 0.0059  memory: 116  
2026/08/05 13:05:33 - mmengine - INFO - Epoch(val)  [43][ 70/116]    eta: 0:00:01  time: 0.0300  data_time: 0.0045  memory: 122  
2026/08/05 13:05:33 - mmengine - INFO - Epoch(val)  [43][ 80/116]    eta: 0:00:01  time: 0.0296  data_time: 0.0043  memory: 116  
2026/08/05 13:05:34 - mmengine - INFO - Epoch(val)  [43][ 90/116]    eta: 0:00:00  time: 0.0301  data_time: 0.0044  memory: 151  
2026/08/05 13:05:34 - mmengine - INFO - Epoch(val)  [43][100/116]    eta: 0:00:00  time: 0.0298  data_time: 0.0041  memory: 143  
2026/08/05 13:05:34 - mmengine - INFO - Epoch(val)  [43][110/116]    eta: 0:00:00  time: 0.0290  data_time: 0.0032  memory: 114  
2026/08/05 13:05:35 - mmengine - INFO - Evaluating bbox...
2026/08/05 13:05:35 - mmengine - INFO - bbox_mAP_copypaste: 0.583 0.873 0.643 0.000 0.670 0.540
2026/08/05 13:05:35 - mmengine - INFO - Evaluating segm...
2026/08/05 13:05:35 - mmengine - INFO - segm_mAP_copypaste: 0.386 0.566 0.436 0.000 0.516 0.326
2026/08/05 13:05:35 - mmengine - INFO - Epoch(val) [43][116/116]    coco/bbox_mAP: 0.5830  coco/bbox_mAP_50: 0.8730  coco/bbox_mAP_75: 0.6430  coco/bbox_mAP_s: 0.0000  coco/bbox_mAP_m: 0.6700  coco/bbox_mAP_l: 0.5400  coco/segm_mAP: 0.3860  coco/segm_mAP_50: 0.5660  coco/segm_mAP_75: 0.4360  coco/segm_mAP_s: 0.0000  coco/segm_mAP_m: 0.5160  coco/segm_mAP_l: 0.3260  data_time: 0.0045  time: 0.0296
2026/08/05 13:05:38 - mmengine - INFO - Epoch(train)  [44][10/68]  base_lr: 1.2500e-04 lr: 1.2500e-04  eta: 0:21:28  time: 0.3326  data_time: 0.1230  memory: 601  grad_norm: 12.8256  loss: 0.5078  loss_cls: 0.1374  loss_bbox: 0.2577  loss_mask: 0.1127
2026/08/05 13:05:41 - mmengine - INFO - Epoch(train)  [44][20/68]  base_lr: 1.2500e-04 lr: 1.2500e-04  eta: 0:21:25  time: 0.3360  data_time: 0.1230  memory: 601  grad_norm: 12.8679  loss: 0.5016  loss_cls: 0.1298  loss_bbox: 0.2599  loss_mask: 0.1120
2026/08/05 13:05:45 - mmengine - INFO - Epoch(train)  [44][30/68]  base_lr: 1.2500e-04 lr: 1.2500e-04  eta: 0:21:21  time: 0.3350  data_time: 0.1219  memory: 603  grad_norm: 12.5420  loss: 0.5073  loss_cls: 0.1305  loss_bbox: 0.2628  loss_mask: 0.1140
2026/08/05 13:05:48 - mmengine - INFO - Epoch(train)  [44][40/68]  base_lr: 1.2500e-04 lr: 1.2500e-04  eta: 0:21:18  time: 0.3291  data_time: 0.1165  memory: 600  grad_norm: 12.7859  loss: 0.5014  loss_cls: 0.1338  loss_bbox: 0.2561  loss_mask: 0.1114
2026/08/05 13:05:51 - mmengine - INFO - Epoch(train)  [44][50/68]  base_lr: 1.2500e-04 lr: 1.2500e-04  eta: 0:21:14  time: 0.3289  data_time: 0.1148  memory: 601  grad_norm: 12.4587  loss: 0.5001  loss_cls: 0.1326  loss_bbox: 0.2580  loss_mask: 0.1096
2026/08/05 13:05:55 - mmengine - INFO - Epoch(train)  [44][60/68]  base_lr: 1.2500e-04 lr: 1.2500e-04  eta: 0:21:11  time: 0.3300  data_time: 0.1179  memory: 601  grad_norm: 12.6119  loss: 0.4906  loss_cls: 0.1291  loss_bbox: 0.2535  loss_mask: 0.1080
2026/08/05 13:05:57 - mmengine - INFO - Exp name: rtmdet_ins_busi_20260805_124409
2026/08/05 13:05:57 - mmengine - INFO - Saving checkpoint at 44 epochs
2026/08/05 13:05:59 - mmengine - INFO - Epoch(val)  [44][ 10/116]    eta: 0:00:02  time: 0.0294  data_time: 0.0045  memory: 601  
2026/08/05 13:05:59 - mmengine - INFO - Epoch(val)  [44][ 20/116]    eta: 0:00:02  time: 0.0288  data_time: 0.0051  memory: 112  
2026/08/05 13:06:00 - mmengine - INFO - Epoch(val)  [44][ 30/116]    eta: 0:00:02  time: 0.0288  data_time: 0.0045  memory: 159  
2026/08/05 13:06:00 - mmengine - INFO - Epoch(val)  [44][ 40/116]    eta: 0:00:02  time: 0.0288  data_time: 0.0045  memory: 146  
2026/08/05 13:06:00 - mmengine - INFO - Epoch(val)  [44][ 50/116]    eta: 0:00:01  time: 0.0289  data_time: 0.0040  memory: 176  
2026/08/05 13:06:01 - mmengine - INFO - Epoch(val)  [44][ 60/116]    eta: 0:00:01  time: 0.0292  data_time: 0.0043  memory: 129  
2026/08/05 13:06:01 - mmengine - INFO - Epoch(val)  [44][ 70/116]    eta: 0:00:01  time: 0.0294  data_time: 0.0034  memory: 126  
2026/08/05 13:06:01 - mmengine - INFO - Epoch(val)  [44][ 80/116]    eta: 0:00:01  time: 0.0293  data_time: 0.0035  memory: 123  
2026/08/05 13:06:02 - mmengine - INFO - Epoch(val)  [44][ 90/116]    eta: 0:00:00  time: 0.0297  data_time: 0.0045  memory: 145  
2026/08/05 13:06:02 - mmengine - INFO - Epoch(val)  [44][100/116]    eta: 0:00:00  time: 0.0298  data_time: 0.0050  memory: 169  
2026/08/05 13:06:02 - mmengine - INFO - Epoch(val)  [44][110/116]    eta: 0:00:00  time: 0.0294  data_time: 0.0046  memory: 108  
2026/08/05 13:06:02 - mmengine - INFO - Evaluating bbox...
2026/08/05 13:06:02 - mmengine - INFO - bbox_mAP_copypaste: 0.614 0.896 0.670 0.000 0.694 0.576
2026/08/05 13:06:02 - mmengine - INFO - Evaluating segm...
2026/08/05 13:06:03 - mmengine - INFO - segm_mAP_copypaste: 0.375 0.560 0.419 0.000 0.519 0.318
2026/08/05 13:06:03 - mmengine - INFO - Epoch(val) [44][116/116]    coco/bbox_mAP: 0.6140  coco/bbox_mAP_50: 0.8960  coco/bbox_mAP_75: 0.6700  coco/bbox_mAP_s: 0.0000  coco/bbox_mAP_m: 0.6940  coco/bbox_mAP_l: 0.5760  coco/segm_mAP: 0.3750  coco/segm_mAP_50: 0.5600  coco/segm_mAP_75: 0.4190  coco/segm_mAP_s: 0.0000  coco/segm_mAP_m: 0.5190  coco/segm_mAP_l: 0.3180  data_time: 0.0048  time: 0.0299
2026/08/05 13:06:05 - mmengine - INFO - Exp name: rtmdet_ins_busi_20260805_124409
2026/08/05 13:06:06 - mmengine - INFO - Epoch(train)  [45][10/68]  base_lr: 1.2500e-04 lr: 1.2500e-04  eta: 0:21:05  time: 0.3269  data_time: 0.1168  memory: 601  grad_norm: 12.4891  loss: 0.4826  loss_cls: 0.1272  loss_bbox: 0.2478  loss_mask: 0.1075
2026/08/05 13:06:10 - mmengine - INFO - Epoch(train)  [45][20/68]  base_lr: 1.2500e-04 lr: 1.2500e-04  eta: 0:21:02  time: 0.3307  data_time: 0.1190  memory: 603  grad_norm: 12.0046  loss: 0.4855  loss_cls: 0.1291  loss_bbox: 0.2463  loss_mask: 0.1100
2026/08/05 13:06:13 - mmengine - INFO - Epoch(train)  [45][30/68]  base_lr: 1.2500e-04 lr: 1.2500e-04  eta: 0:20:58  time: 0.3323  data_time: 0.1207  memory: 601  grad_norm: 12.2045  loss: 0.4870  loss_cls: 0.1288  loss_bbox: 0.2459  loss_mask: 0.1123
2026/08/05 13:06:16 - mmengine - INFO - Epoch(train)  [45][40/68]  base_lr: 1.2500e-04 lr: 1.2500e-04  eta: 0:20:55  time: 0.3292  data_time: 0.1169  memory: 602  grad_norm: 11.9916  loss: 0.4905  loss_cls: 0.1303  loss_bbox: 0.2491  loss_mask: 0.1111
2026/08/05 13:06:19 - mmengine - INFO - Epoch(train)  [45][50/68]  base_lr: 1.2500e-04 lr: 1.2500e-04  eta: 0:20:51  time: 0.3322  data_time: 0.1193  memory: 601  grad_norm: 11.8362  loss: 0.4850  loss_cls: 0.1273  loss_bbox: 0.2460  loss_mask: 0.1117
2026/08/05 13:06:23 - mmengine - INFO - Epoch(train)  [45][60/68]  base_lr: 1.2500e-04 lr: 1.2500e-04  eta: 0:20:48  time: 0.3288  data_time: 0.1176  memory: 601  grad_norm: 11.6673  loss: 0.4899  loss_cls: 0.1290  loss_bbox: 0.2501  loss_mask: 0.1107
2026/08/05 13:06:25 - mmengine - INFO - Exp name: rtmdet_ins_busi_20260805_124409
2026/08/05 13:06:25 - mmengine - INFO - Saving checkpoint at 45 epochs
2026/08/05 13:06:27 - mmengine - INFO - Epoch(val)  [45][ 10/116]    eta: 0:00:02  time: 0.0310  data_time: 0.0056  memory: 602  
2026/08/05 13:06:28 - mmengine - INFO - Epoch(val)  [45][ 20/116]    eta: 0:00:02  time: 0.0302  data_time: 0.0056  memory: 113  
2026/08/05 13:06:28 - mmengine - INFO - Epoch(val)  [45][ 30/116]    eta: 0:00:02  time: 0.0296  data_time: 0.0045  memory: 144  
2026/08/05 13:06:28 - mmengine - INFO - Epoch(val)  [45][ 40/116]    eta: 0:00:02  time: 0.0299  data_time: 0.0043  memory: 117  
2026/08/05 13:06:29 - mmengine - INFO - Epoch(val)  [45][ 50/116]    eta: 0:00:01  time: 0.0288  data_time: 0.0041  memory: 164  
2026/08/05 13:06:29 - mmengine - INFO - Epoch(val)  [45][ 60/116]    eta: 0:00:01  time: 0.0297  data_time: 0.0043  memory: 129  
2026/08/05 13:06:29 - mmengine - INFO - Epoch(val)  [45][ 70/116]    eta: 0:00:01  time: 0.0300  data_time: 0.0047  memory: 122  
2026/08/05 13:06:29 - mmengine - INFO - Epoch(val)  [45][ 80/116]    eta: 0:00:01  time: 0.0303  data_time: 0.0048  memory: 118  
2026/08/05 13:06:30 - mmengine - INFO - Epoch(val)  [45][ 90/116]    eta: 0:00:00  time: 0.0301  data_time: 0.0046  memory: 129  
2026/08/05 13:06:30 - mmengine - INFO - Epoch(val)  [45][100/116]    eta: 0:00:00  time: 0.0302  data_time: 0.0041  memory: 157  
2026/08/05 13:06:30 - mmengine - INFO - Epoch(val)  [45][110/116]    eta: 0:00:00  time: 0.0294  data_time: 0.0042  memory: 114  
2026/08/05 13:06:31 - mmengine - INFO - Evaluating bbox...
2026/08/05 13:06:31 - mmengine - INFO - bbox_mAP_copypaste: 0.615 0.885 0.671 0.000 0.717 0.570
2026/08/05 13:06:31 - mmengine - INFO - Evaluating segm...
2026/08/05 13:06:31 - mmengine - INFO - segm_mAP_copypaste: 0.374 0.557 0.424 0.000 0.518 0.314
2026/08/05 13:06:31 - mmengine - INFO - Epoch(val) [45][116/116]    coco/bbox_mAP: 0.6150  coco/bbox_mAP_50: 0.8850  coco/bbox_mAP_75: 0.6710  coco/bbox_mAP_s: 0.0000  coco/bbox_mAP_m: 0.7170  coco/bbox_mAP_l: 0.5700  coco/segm_mAP: 0.3740  coco/segm_mAP_50: 0.5570  coco/segm_mAP_75: 0.4240  coco/segm_mAP_s: 0.0000  coco/segm_mAP_m: 0.5180  coco/segm_mAP_l: 0.3140  data_time: 0.0045  time: 0.0301
2026/08/05 13:06:34 - mmengine - INFO - Epoch(train)  [46][10/68]  base_lr: 1.2500e-04 lr: 1.2500e-04  eta: 0:20:42  time: 0.3315  data_time: 0.1194  memory: 601  grad_norm: 11.8408  loss: 0.4888  loss_cls: 0.1246  loss_bbox: 0.2541  loss_mask: 0.1101
2026/08/05 13:06:37 - mmengine - INFO - Epoch(train)  [46][20/68]  base_lr: 1.2500e-04 lr: 1.2500e-04  eta: 0:20:39  time: 0.3326  data_time: 0.1185  memory: 601  grad_norm: 11.6048  loss: 0.4845  loss_cls: 0.1193  loss_bbox: 0.2537  loss_mask: 0.1114
2026/08/05 13:06:41 - mmengine - INFO - Epoch(train)  [46][30/68]  base_lr: 1.2500e-04 lr: 1.2500e-04  eta: 0:20:35  time: 0.3313  data_time: 0.1166  memory: 602  grad_norm: 11.4421  loss: 0.4718  loss_cls: 0.1129  loss_bbox: 0.2500  loss_mask: 0.1089
2026/08/05 13:06:44 - mmengine - INFO - Epoch(train)  [46][40/68]  base_lr: 1.2500e-04 lr: 1.2500e-04  eta: 0:20:32  time: 0.3340  data_time: 0.1188  memory: 600  grad_norm: 11.9078  loss: 0.4822  loss_cls: 0.1177  loss_bbox: 0.2528  loss_mask: 0.1117
2026/08/05 13:06:48 - mmengine - INFO - Epoch(train)  [46][50/68]  base_lr: 1.2500e-04 lr: 1.2500e-04  eta: 0:20:29  time: 0.3378  data_time: 0.1207  memory: 601  grad_norm: 12.1510  loss: 0.4796  loss_cls: 0.1210  loss_bbox: 0.2500  loss_mask: 0.1086
2026/08/05 13:06:51 - mmengine - INFO - Epoch(train)  [46][60/68]  base_lr: 1.2500e-04 lr: 1.2500e-04  eta: 0:20:26  time: 0.3389  data_time: 0.1189  memory: 601  grad_norm: 12.3006  loss: 0.4795  loss_cls: 0.1224  loss_bbox: 0.2490  loss_mask: 0.1081
2026/08/05 13:06:54 - mmengine - INFO - Exp name: rtmdet_ins_busi_20260805_124409
2026/08/05 13:06:54 - mmengine - INFO - Saving checkpoint at 46 epochs
2026/08/05 13:06:56 - mmengine - INFO - Epoch(val)  [46][ 10/116]    eta: 0:00:02  time: 0.0307  data_time: 0.0045  memory: 601  
2026/08/05 13:06:56 - mmengine - INFO - Epoch(val)  [46][ 20/116]    eta: 0:00:02  time: 0.0303  data_time: 0.0046  memory: 110  
2026/08/05 13:06:56 - mmengine - INFO - Epoch(val)  [46][ 30/116]    eta: 0:00:02  time: 0.0295  data_time: 0.0046  memory: 139  
2026/08/05 13:06:57 - mmengine - INFO - Epoch(val)  [46][ 40/116]    eta: 0:00:02  time: 0.0298  data_time: 0.0049  memory: 125  
2026/08/05 13:06:57 - mmengine - INFO - Epoch(val)  [46][ 50/116]    eta: 0:00:01  time: 0.0291  data_time: 0.0043  memory: 164  
2026/08/05 13:06:57 - mmengine - INFO - Epoch(val)  [46][ 60/116]    eta: 0:00:01  time: 0.0297  data_time: 0.0044  memory: 111  
2026/08/05 13:06:58 - mmengine - INFO - Epoch(val)  [46][ 70/116]    eta: 0:00:01  time: 0.0299  data_time: 0.0046  memory: 126  
2026/08/05 13:06:58 - mmengine - INFO - Epoch(val)  [46][ 80/116]    eta: 0:00:01  time: 0.0305  data_time: 0.0044  memory: 116  
2026/08/05 13:06:58 - mmengine - INFO - Epoch(val)  [46][ 90/116]    eta: 0:00:00  time: 0.0304  data_time: 0.0051  memory: 133  
2026/08/05 13:06:59 - mmengine - INFO - Epoch(val)  [46][100/116]    eta: 0:00:00  time: 0.0305  data_time: 0.0046  memory: 166  
2026/08/05 13:06:59 - mmengine - INFO - Epoch(val)  [46][110/116]    eta: 0:00:00  time: 0.0302  data_time: 0.0042  memory: 125  
2026/08/05 13:06:59 - mmengine - INFO - Evaluating bbox...
2026/08/05 13:06:59 - mmengine - INFO - bbox_mAP_copypaste: 0.612 0.895 0.704 0.000 0.715 0.555
2026/08/05 13:06:59 - mmengine - INFO - Evaluating segm...
2026/08/05 13:06:59 - mmengine - INFO - segm_mAP_copypaste: 0.397 0.581 0.439 0.000 0.517 0.334
2026/08/05 13:06:59 - mmengine - INFO - Epoch(val) [46][116/116]    coco/bbox_mAP: 0.6120  coco/bbox_mAP_50: 0.8950  coco/bbox_mAP_75: 0.7040  coco/bbox_mAP_s: 0.0000  coco/bbox_mAP_m: 0.7150  coco/bbox_mAP_l: 0.5550  coco/segm_mAP: 0.3970  coco/segm_mAP_50: 0.5810  coco/segm_mAP_75: 0.4390  coco/segm_mAP_s: 0.0000  coco/segm_mAP_m: 0.5170  coco/segm_mAP_l: 0.3340  data_time: 0.0045  time: 0.0299
2026/08/05 13:07:03 - mmengine - INFO - Epoch(train)  [47][10/68]  base_lr: 1.2500e-04 lr: 1.2500e-04  eta: 0:20:20  time: 0.3358  data_time: 0.1198  memory: 601  grad_norm: 13.2287  loss: 0.4988  loss_cls: 0.1314  loss_bbox: 0.2552  loss_mask: 0.1122
2026/08/05 13:07:06 - mmengine - INFO - Epoch(train)  [47][20/68]  base_lr: 1.2500e-04 lr: 1.2500e-04  eta: 0:20:16  time: 0.3376  data_time: 0.1218  memory: 603  grad_norm: 12.8569  loss: 0.4889  loss_cls: 0.1278  loss_bbox: 0.2499  loss_mask: 0.1112
2026/08/05 13:07:09 - mmengine - INFO - Epoch(train)  [47][30/68]  base_lr: 1.2500e-04 lr: 1.2500e-04  eta: 0:20:13  time: 0.3307  data_time: 0.1175  memory: 603  grad_norm: 12.4880  loss: 0.4761  loss_cls: 0.1224  loss_bbox: 0.2430  loss_mask: 0.1106
2026/08/05 13:07:12 - mmengine - INFO - Epoch(train)  [47][40/68]  base_lr: 1.2500e-04 lr: 1.2500e-04  eta: 0:20:10  time: 0.3275  data_time: 0.1202  memory: 599  grad_norm: 12.3547  loss: 0.4682  loss_cls: 0.1221  loss_bbox: 0.2357  loss_mask: 0.1105
2026/08/05 13:07:16 - mmengine - INFO - Epoch(train)  [47][50/68]  base_lr: 1.2500e-04 lr: 1.2500e-04  eta: 0:20:06  time: 0.3326  data_time: 0.1232  memory: 601  grad_norm: 11.9651  loss: 0.4616  loss_cls: 0.1225  loss_bbox: 0.2297  loss_mask: 0.1094
2026/08/05 13:07:19 - mmengine - INFO - Epoch(train)  [47][60/68]  base_lr: 1.2500e-04 lr: 1.2500e-04  eta: 0:20:03  time: 0.3373  data_time: 0.1281  memory: 601  grad_norm: 11.6417  loss: 0.4538  loss_cls: 0.1198  loss_bbox: 0.2286  loss_mask: 0.1054
2026/08/05 13:07:22 - mmengine - INFO - Exp name: rtmdet_ins_busi_20260805_124409
2026/08/05 13:07:22 - mmengine - INFO - Saving checkpoint at 47 epochs
2026/08/05 13:07:24 - mmengine - INFO - Epoch(val)  [47][ 10/116]    eta: 0:00:03  time: 0.0306  data_time: 0.0042  memory: 601  
2026/08/05 13:07:24 - mmengine - INFO - Epoch(val)  [47][ 20/116]    eta: 0:00:02  time: 0.0295  data_time: 0.0032  memory: 113  
2026/08/05 13:07:25 - mmengine - INFO - Epoch(val)  [47][ 30/116]    eta: 0:00:02  time: 0.0288  data_time: 0.0034  memory: 120  
2026/08/05 13:07:25 - mmengine - INFO - Epoch(val)  [47][ 40/116]    eta: 0:00:02  time: 0.0288  data_time: 0.0043  memory: 114  
2026/08/05 13:07:25 - mmengine - INFO - Epoch(val)  [47][ 50/116]    eta: 0:00:01  time: 0.0287  data_time: 0.0036  memory: 141  
2026/08/05 13:07:26 - mmengine - INFO - Epoch(val)  [47][ 60/116]    eta: 0:00:01  time: 0.0289  data_time: 0.0041  memory: 116  
2026/08/05 13:07:26 - mmengine - INFO - Epoch(val)  [47][ 70/116]    eta: 0:00:01  time: 0.0293  data_time: 0.0046  memory: 108  
2026/08/05 13:07:26 - mmengine - INFO - Epoch(val)  [47][ 80/116]    eta: 0:00:01  time: 0.0292  data_time: 0.0049  memory: 116  
2026/08/05 13:07:26 - mmengine - INFO - Epoch(val)  [47][ 90/116]    eta: 0:00:00  time: 0.0292  data_time: 0.0055  memory: 138  
2026/08/05 13:07:27 - mmengine - INFO - Epoch(val)  [47][100/116]    eta: 0:00:00  time: 0.0289  data_time: 0.0055  memory: 139  
2026/08/05 13:07:27 - mmengine - INFO - Epoch(val)  [47][110/116]    eta: 0:00:00  time: 0.0280  data_time: 0.0052  memory: 108  
2026/08/05 13:07:27 - mmengine - INFO - Evaluating bbox...
2026/08/05 13:07:27 - mmengine - INFO - bbox_mAP_copypaste: 0.600 0.888 0.720 0.000 0.690 0.555
2026/08/05 13:07:27 - mmengine - INFO - Evaluating segm...
2026/08/05 13:07:27 - mmengine - INFO - segm_mAP_copypaste: 0.366 0.553 0.395 0.000 0.507 0.303
2026/08/05 13:07:27 - mmengine - INFO - Epoch(val) [47][116/116]    coco/bbox_mAP: 0.6000  coco/bbox_mAP_50: 0.8880  coco/bbox_mAP_75: 0.7200  coco/bbox_mAP_s: 0.0000  coco/bbox_mAP_m: 0.6900  coco/bbox_mAP_l: 0.5550  coco/segm_mAP: 0.3660  coco/segm_mAP_50: 0.5530  coco/segm_mAP_75: 0.3950  coco/segm_mAP_s: 0.0000  coco/segm_mAP_m: 0.5070  coco/segm_mAP_l: 0.3030  data_time: 0.0048  time: 0.0286
2026/08/05 13:07:31 - mmengine - INFO - Epoch(train)  [48][10/68]  base_lr: 1.2500e-04 lr: 1.2500e-04  eta: 0:19:57  time: 0.3363  data_time: 0.1273  memory: 603  grad_norm: 12.6811  loss: 0.4809  loss_cls: 0.1287  loss_bbox: 0.2430  loss_mask: 0.1092
2026/08/05 13:07:34 - mmengine - INFO - Epoch(train)  [48][20/68]  base_lr: 1.2500e-04 lr: 1.2500e-04  eta: 0:19:54  time: 0.3347  data_time: 0.1255  memory: 602  grad_norm: 12.6915  loss: 0.4759  loss_cls: 0.1236  loss_bbox: 0.2447  loss_mask: 0.1076
2026/08/05 13:07:37 - mmengine - INFO - Epoch(train)  [48][30/68]  base_lr: 1.2500e-04 lr: 1.2500e-04  eta: 0:19:50  time: 0.3340  data_time: 0.1259  memory: 599  grad_norm: 12.7471  loss: 0.4796  loss_cls: 0.1223  loss_bbox: 0.2479  loss_mask: 0.1094
2026/08/05 13:07:41 - mmengine - INFO - Epoch(train)  [48][40/68]  base_lr: 1.2500e-04 lr: 1.2500e-04  eta: 0:19:47  time: 0.3278  data_time: 0.1204  memory: 602  grad_norm: 12.8015  loss: 0.4769  loss_cls: 0.1190  loss_bbox: 0.2497  loss_mask: 0.1083
2026/08/05 13:07:44 - mmengine - INFO - Epoch(train)  [48][50/68]  base_lr: 1.2500e-04 lr: 1.2500e-04  eta: 0:19:44  time: 0.3319  data_time: 0.1213  memory: 601  grad_norm: 12.1848  loss: 0.4509  loss_cls: 0.1095  loss_bbox: 0.2375  loss_mask: 0.1039
2026/08/05 13:07:47 - mmengine - INFO - Epoch(train)  [48][60/68]  base_lr: 1.2500e-04 lr: 1.2500e-04  eta: 0:19:40  time: 0.3290  data_time: 0.1191  memory: 599  grad_norm: 12.3378  loss: 0.4547  loss_cls: 0.1135  loss_bbox: 0.2362  loss_mask: 0.1050
2026/08/05 13:07:50 - mmengine - INFO - Exp name: rtmdet_ins_busi_20260805_124409
2026/08/05 13:07:50 - mmengine - INFO - Saving checkpoint at 48 epochs
2026/08/05 13:07:52 - mmengine - INFO - Epoch(val)  [48][ 10/116]    eta: 0:00:03  time: 0.0285  data_time: 0.0057  memory: 601  
2026/08/05 13:07:52 - mmengine - INFO - Epoch(val)  [48][ 20/116]    eta: 0:00:02  time: 0.0287  data_time: 0.0054  memory: 110  
2026/08/05 13:07:53 - mmengine - INFO - Epoch(val)  [48][ 30/116]    eta: 0:00:02  time: 0.0286  data_time: 0.0052  memory: 124  
2026/08/05 13:07:53 - mmengine - INFO - Epoch(val)  [48][ 40/116]    eta: 0:00:02  time: 0.0297  data_time: 0.0055  memory: 116  
2026/08/05 13:07:53 - mmengine - INFO - Epoch(val)  [48][ 50/116]    eta: 0:00:02  time: 0.0304  data_time: 0.0051  memory: 158  
2026/08/05 13:07:54 - mmengine - INFO - Epoch(val)  [48][ 60/116]    eta: 0:00:01  time: 0.0305  data_time: 0.0055  memory: 112  
2026/08/05 13:07:54 - mmengine - INFO - Epoch(val)  [48][ 70/116]    eta: 0:00:01  time: 0.0309  data_time: 0.0055  memory: 108  
2026/08/05 13:07:54 - mmengine - INFO - Epoch(val)  [48][ 80/116]    eta: 0:00:01  time: 0.0302  data_time: 0.0052  memory: 127  
2026/08/05 13:07:55 - mmengine - INFO - Epoch(val)  [48][ 90/116]    eta: 0:00:00  time: 0.0306  data_time: 0.0054  memory: 133  
2026/08/05 13:07:55 - mmengine - INFO - Epoch(val)  [48][100/116]    eta: 0:00:00  time: 0.0301  data_time: 0.0052  memory: 125  
2026/08/05 13:07:55 - mmengine - INFO - Epoch(val)  [48][110/116]    eta: 0:00:00  time: 0.0295  data_time: 0.0046  memory: 108  
2026/08/05 13:07:55 - mmengine - INFO - Evaluating bbox...
2026/08/05 13:07:55 - mmengine - INFO - bbox_mAP_copypaste: 0.603 0.897 0.658 0.000 0.703 0.552
2026/08/05 13:07:55 - mmengine - INFO - Evaluating segm...
2026/08/05 13:07:56 - mmengine - INFO - segm_mAP_copypaste: 0.385 0.572 0.420 0.000 0.522 0.320
2026/08/05 13:07:56 - mmengine - INFO - Epoch(val) [48][116/116]    coco/bbox_mAP: 0.6030  coco/bbox_mAP_50: 0.8970  coco/bbox_mAP_75: 0.6580  coco/bbox_mAP_s: 0.0000  coco/bbox_mAP_m: 0.7030  coco/bbox_mAP_l: 0.5520  coco/segm_mAP: 0.3850  coco/segm_mAP_50: 0.5720  coco/segm_mAP_75: 0.4200  coco/segm_mAP_s: 0.0000  coco/segm_mAP_m: 0.5220  coco/segm_mAP_l: 0.3200  data_time: 0.0051  time: 0.0299
2026/08/05 13:07:59 - mmengine - INFO - Epoch(train)  [49][10/68]  base_lr: 1.2500e-04 lr: 1.2500e-04  eta: 0:19:34  time: 0.3364  data_time: 0.1236  memory: 602  grad_norm: 12.5266  loss: 0.4648  loss_cls: 0.1168  loss_bbox: 0.2428  loss_mask: 0.1052
2026/08/05 13:08:03 - mmengine - INFO - Epoch(train)  [49][20/68]  base_lr: 1.2500e-04 lr: 1.2500e-04  eta: 0:19:31  time: 0.3400  data_time: 0.1259  memory: 602  grad_norm: 12.5700  loss: 0.4691  loss_cls: 0.1199  loss_bbox: 0.2449  loss_mask: 0.1042
2026/08/05 13:08:06 - mmengine - INFO - Epoch(train)  [49][30/68]  base_lr: 1.2500e-04 lr: 1.2500e-04  eta: 0:19:28  time: 0.3379  data_time: 0.1263  memory: 601  grad_norm: 12.5983  loss: 0.4782  loss_cls: 0.1251  loss_bbox: 0.2488  loss_mask: 0.1042
2026/08/05 13:08:09 - mmengine - INFO - Epoch(train)  [49][40/68]  base_lr: 1.2500e-04 lr: 1.2500e-04  eta: 0:19:24  time: 0.3370  data_time: 0.1276  memory: 602  grad_norm: 12.8522  loss: 0.4781  loss_cls: 0.1269  loss_bbox: 0.2483  loss_mask: 0.1029
2026/08/05 13:08:12 - mmengine - INFO - Epoch(train)  [49][50/68]  base_lr: 1.2500e-04 lr: 1.2500e-04  eta: 0:19:21  time: 0.3384  data_time: 0.1297  memory: 601  grad_norm: 12.3693  loss: 0.4583  loss_cls: 0.1172  loss_bbox: 0.2398  loss_mask: 0.1014
2026/08/05 13:08:16 - mmengine - INFO - Epoch(train)  [49][60/68]  base_lr: 1.2500e-04 lr: 1.2500e-04  eta: 0:19:18  time: 0.3286  data_time: 0.1227  memory: 601  grad_norm: 12.3834  loss: 0.4787  loss_cls: 0.1257  loss_bbox: 0.2490  loss_mask: 0.1041
2026/08/05 13:08:18 - mmengine - INFO - Exp name: rtmdet_ins_busi_20260805_124409
2026/08/05 13:08:18 - mmengine - INFO - Saving checkpoint at 49 epochs
2026/08/05 13:08:20 - mmengine - INFO - Epoch(val)  [49][ 10/116]    eta: 0:00:03  time: 0.0299  data_time: 0.0049  memory: 599  
2026/08/05 13:08:21 - mmengine - INFO - Epoch(val)  [49][ 20/116]    eta: 0:00:02  time: 0.0289  data_time: 0.0045  memory: 118  
2026/08/05 13:08:21 - mmengine - INFO - Epoch(val)  [49][ 30/116]    eta: 0:00:02  time: 0.0284  data_time: 0.0041  memory: 166  
2026/08/05 13:08:21 - mmengine - INFO - Epoch(val)  [49][ 40/116]    eta: 0:00:02  time: 0.0293  data_time: 0.0042  memory: 158  
2026/08/05 13:08:22 - mmengine - INFO - Epoch(val)  [49][ 50/116]    eta: 0:00:01  time: 0.0301  data_time: 0.0045  memory: 170  
2026/08/05 13:08:22 - mmengine - INFO - Epoch(val)  [49][ 60/116]    eta: 0:00:01  time: 0.0305  data_time: 0.0051  memory: 138  
2026/08/05 13:08:22 - mmengine - INFO - Epoch(val)  [49][ 70/116]    eta: 0:00:01  time: 0.0314  data_time: 0.0055  memory: 118  
2026/08/05 13:08:23 - mmengine - INFO - Epoch(val)  [49][ 80/116]    eta: 0:00:01  time: 0.0327  data_time: 0.0064  memory: 127  
2026/08/05 13:08:23 - mmengine - INFO - Epoch(val)  [49][ 90/116]    eta: 0:00:00  time: 0.0337  data_time: 0.0065  memory: 133  
2026/08/05 13:08:23 - mmengine - INFO - Epoch(val)  [49][100/116]    eta: 0:00:00  time: 0.0328  data_time: 0.0065  memory: 152  
2026/08/05 13:08:24 - mmengine - INFO - Epoch(val)  [49][110/116]    eta: 0:00:00  time: 0.0322  data_time: 0.0057  memory: 120  
2026/08/05 13:08:24 - mmengine - INFO - Evaluating bbox...
2026/08/05 13:08:24 - mmengine - INFO - bbox_mAP_copypaste: 0.615 0.893 0.659 0.000 0.718 0.566
2026/08/05 13:08:24 - mmengine - INFO - Evaluating segm...
2026/08/05 13:08:24 - mmengine - INFO - segm_mAP_copypaste: 0.371 0.556 0.425 0.000 0.514 0.307
2026/08/05 13:08:24 - mmengine - INFO - Epoch(val) [49][116/116]    coco/bbox_mAP: 0.6150  coco/bbox_mAP_50: 0.8930  coco/bbox_mAP_75: 0.6590  coco/bbox_mAP_s: 0.0000  coco/bbox_mAP_m: 0.7180  coco/bbox_mAP_l: 0.5660  coco/segm_mAP: 0.3710  coco/segm_mAP_50: 0.5560  coco/segm_mAP_75: 0.4250  coco/segm_mAP_s: 0.0000  coco/segm_mAP_m: 0.5140  coco/segm_mAP_l: 0.3070  data_time: 0.0052  time: 0.0313
2026/08/05 13:08:27 - mmengine - INFO - Epoch(train)  [50][10/68]  base_lr: 1.2500e-04 lr: 1.2500e-04  eta: 0:19:11  time: 0.3260  data_time: 0.1218  memory: 601  grad_norm: 12.4936  loss: 0.4836  loss_cls: 0.1231  loss_bbox: 0.2528  loss_mask: 0.1077
2026/08/05 13:08:30 - mmengine - INFO - Epoch(train)  [50][20/68]  base_lr: 1.2500e-04 lr: 1.2500e-04  eta: 0:19:08  time: 0.3221  data_time: 0.1173  memory: 601  grad_norm: 12.4765  loss: 0.4836  loss_cls: 0.1224  loss_bbox: 0.2517  loss_mask: 0.1095
2026/08/05 13:08:34 - mmengine - INFO - Epoch(train)  [50][30/68]  base_lr: 1.2500e-04 lr: 1.2500e-04  eta: 0:19:05  time: 0.3248  data_time: 0.1200  memory: 601  grad_norm: 12.1343  loss: 0.4908  loss_cls: 0.1271  loss_bbox: 0.2528  loss_mask: 0.1109
2026/08/05 13:08:37 - mmengine - INFO - Epoch(train)  [50][40/68]  base_lr: 1.2500e-04 lr: 1.2500e-04  eta: 0:19:01  time: 0.3276  data_time: 0.1222  memory: 601  grad_norm: 12.1337  loss: 0.4850  loss_cls: 0.1252  loss_bbox: 0.2506  loss_mask: 0.1092
2026/08/05 13:08:40 - mmengine - INFO - Epoch(train)  [50][50/68]  base_lr: 1.2500e-04 lr: 1.2500e-04  eta: 0:18:58  time: 0.3256  data_time: 0.1181  memory: 600  grad_norm: 11.8079  loss: 0.4813  loss_cls: 0.1256  loss_bbox: 0.2491  loss_mask: 0.1067
2026/08/05 13:08:43 - mmengine - INFO - Epoch(train)  [50][60/68]  base_lr: 1.2500e-04 lr: 1.2500e-04  eta: 0:18:54  time: 0.3244  data_time: 0.1166  memory: 600  grad_norm: 11.6454  loss: 0.4837  loss_cls: 0.1272  loss_bbox: 0.2495  loss_mask: 0.1071
2026/08/05 13:08:46 - mmengine - INFO - Exp name: rtmdet_ins_busi_20260805_124409
2026/08/05 13:08:46 - mmengine - INFO - Saving checkpoint at 50 epochs
2026/08/05 13:08:48 - mmengine - INFO - Epoch(val)  [50][ 10/116]    eta: 0:00:03  time: 0.0322  data_time: 0.0061  memory: 601  
2026/08/05 13:08:48 - mmengine - INFO - Epoch(val)  [50][ 20/116]    eta: 0:00:02  time: 0.0297  data_time: 0.0047  memory: 107  
2026/08/05 13:08:49 - mmengine - INFO - Epoch(val)  [50][ 30/116]    eta: 0:00:02  time: 0.0293  data_time: 0.0033  memory: 146  
2026/08/05 13:08:49 - mmengine - INFO - Epoch(val)  [50][ 40/116]    eta: 0:00:02  time: 0.0302  data_time: 0.0032  memory: 168  
2026/08/05 13:08:49 - mmengine - INFO - Epoch(val)  [50][ 50/116]    eta: 0:00:01  time: 0.0296  data_time: 0.0035  memory: 153  
2026/08/05 13:08:50 - mmengine - INFO - Epoch(val)  [50][ 60/116]    eta: 0:00:01  time: 0.0298  data_time: 0.0027  memory: 120  
2026/08/05 13:08:50 - mmengine - INFO - Epoch(val)  [50][ 70/116]    eta: 0:00:01  time: 0.0306  data_time: 0.0023  memory: 157  
2026/08/05 13:08:50 - mmengine - INFO - Epoch(val)  [50][ 80/116]    eta: 0:00:01  time: 0.0305  data_time: 0.0040  memory: 138  
2026/08/05 13:08:50 - mmengine - INFO - Epoch(val)  [50][ 90/116]    eta: 0:00:00  time: 0.0302  data_time: 0.0044  memory: 138  
2026/08/05 13:08:51 - mmengine - INFO - Epoch(val)  [50][100/116]    eta: 0:00:00  time: 0.0306  data_time: 0.0054  memory: 186  
2026/08/05 13:08:51 - mmengine - INFO - Epoch(val)  [50][110/116]    eta: 0:00:00  time: 0.0308  data_time: 0.0058  memory: 120  
2026/08/05 13:08:51 - mmengine - INFO - Evaluating bbox...
2026/08/05 13:08:51 - mmengine - INFO - bbox_mAP_copypaste: 0.609 0.896 0.728 0.000 0.719 0.557
2026/08/05 13:08:51 - mmengine - INFO - Evaluating segm...
2026/08/05 13:08:51 - mmengine - INFO - segm_mAP_copypaste: 0.382 0.563 0.408 0.000 0.504 0.330
2026/08/05 13:08:51 - mmengine - INFO - Epoch(val) [50][116/116]    coco/bbox_mAP: 0.6090  coco/bbox_mAP_50: 0.8960  coco/bbox_mAP_75: 0.7280  coco/bbox_mAP_s: 0.0000  coco/bbox_mAP_m: 0.7190  coco/bbox_mAP_l: 0.5570  coco/segm_mAP: 0.3820  coco/segm_mAP_50: 0.5630  coco/segm_mAP_75: 0.4080  coco/segm_mAP_s: 0.0000  coco/segm_mAP_m: 0.5040  coco/segm_mAP_l: 0.3300  data_time: 0.0048  time: 0.0302
2026/08/05 13:08:55 - mmengine - INFO - Epoch(train)  [51][10/68]  base_lr: 1.2500e-04 lr: 1.2500e-04  eta: 0:18:48  time: 0.3221  data_time: 0.1113  memory: 601  grad_norm: 12.0349  loss: 0.4735  loss_cls: 0.1216  loss_bbox: 0.2501  loss_mask: 0.1018
2026/08/05 13:08:58 - mmengine - INFO - Epoch(train)  [51][20/68]  base_lr: 1.2499e-04 lr: 1.2499e-04  eta: 0:18:45  time: 0.3200  data_time: 0.1089  memory: 601  grad_norm: 11.7289  loss: 0.4691  loss_cls: 0.1205  loss_bbox: 0.2482  loss_mask: 0.1004
2026/08/05 13:09:02 - mmengine - INFO - Epoch(train)  [51][30/68]  base_lr: 1.2498e-04 lr: 1.2498e-04  eta: 0:18:42  time: 0.3295  data_time: 0.1158  memory: 602  grad_norm: 11.8706  loss: 0.4756  loss_cls: 0.1245  loss_bbox: 0.2484  loss_mask: 0.1027
2026/08/05 13:09:05 - mmengine - INFO - Epoch(train)  [51][40/68]  base_lr: 1.2496e-04 lr: 1.2496e-04  eta: 0:18:38  time: 0.3305  data_time: 0.1177  memory: 601  grad_norm: 11.9987  loss: 0.4717  loss_cls: 0.1246  loss_bbox: 0.2435  loss_mask: 0.1035
2026/08/05 13:09:08 - mmengine - INFO - Epoch(train)  [51][50/68]  base_lr: 1.2494e-04 lr: 1.2494e-04  eta: 0:18:35  time: 0.3352  data_time: 0.1222  memory: 601  grad_norm: 11.5540  loss: 0.4630  loss_cls: 0.1190  loss_bbox: 0.2389  loss_mask: 0.1050
2026/08/05 13:09:12 - mmengine - INFO - Epoch(train)  [51][60/68]  base_lr: 1.2491e-04 lr: 1.2491e-04  eta: 0:18:32  time: 0.3349  data_time: 0.1232  memory: 601  grad_norm: 11.5065  loss: 0.4679  loss_cls: 0.1224  loss_bbox: 0.2380  loss_mask: 0.1075
2026/08/05 13:09:14 - mmengine - INFO - Exp name: rtmdet_ins_busi_20260805_124409
2026/08/05 13:09:14 - mmengine - INFO - Saving checkpoint at 51 epochs
2026/08/05 13:09:16 - mmengine - INFO - Epoch(val)  [51][ 10/116]    eta: 0:00:03  time: 0.0312  data_time: 0.0072  memory: 603  
2026/08/05 13:09:17 - mmengine - INFO - Epoch(val)  [51][ 20/116]    eta: 0:00:02  time: 0.0300  data_time: 0.0070  memory: 107  
2026/08/05 13:09:17 - mmengine - INFO - Epoch(val)  [51][ 30/116]    eta: 0:00:02  time: 0.0295  data_time: 0.0054  memory: 139  
2026/08/05 13:09:17 - mmengine - INFO - Epoch(val)  [51][ 40/116]    eta: 0:00:02  time: 0.0285  data_time: 0.0053  memory: 150  
2026/08/05 13:09:17 - mmengine - INFO - Epoch(val)  [51][ 50/116]    eta: 0:00:01  time: 0.0282  data_time: 0.0055  memory: 153  
2026/08/05 13:09:18 - mmengine - INFO - Epoch(val)  [51][ 60/116]    eta: 0:00:01  time: 0.0286  data_time: 0.0055  memory: 142  
2026/08/05 13:09:18 - mmengine - INFO - Epoch(val)  [51][ 70/116]    eta: 0:00:01  time: 0.0293  data_time: 0.0060  memory: 141  
2026/08/05 13:09:18 - mmengine - INFO - Epoch(val)  [51][ 80/116]    eta: 0:00:01  time: 0.0287  data_time: 0.0063  memory: 123  
2026/08/05 13:09:19 - mmengine - INFO - Epoch(val)  [51][ 90/116]    eta: 0:00:00  time: 0.0296  data_time: 0.0063  memory: 145  
2026/08/05 13:09:19 - mmengine - INFO - Epoch(val)  [51][100/116]    eta: 0:00:00  time: 0.0296  data_time: 0.0058  memory: 183  
2026/08/05 13:09:19 - mmengine - INFO - Epoch(val)  [51][110/116]    eta: 0:00:00  time: 0.0291  data_time: 0.0060  memory: 125  
2026/08/05 13:09:19 - mmengine - INFO - Evaluating bbox...
2026/08/05 13:09:19 - mmengine - INFO - bbox_mAP_copypaste: 0.610 0.889 0.697 0.000 0.705 0.561
2026/08/05 13:09:19 - mmengine - INFO - Evaluating segm...
2026/08/05 13:09:20 - mmengine - INFO - segm_mAP_copypaste: 0.385 0.565 0.446 0.000 0.502 0.330
2026/08/05 13:09:20 - mmengine - INFO - Epoch(val) [51][116/116]    coco/bbox_mAP: 0.6100  coco/bbox_mAP_50: 0.8890  coco/bbox_mAP_75: 0.6970  coco/bbox_mAP_s: 0.0000  coco/bbox_mAP_m: 0.7050  coco/bbox_mAP_l: 0.5610  coco/segm_mAP: 0.3850  coco/segm_mAP_50: 0.5650  coco/segm_mAP_75: 0.4460  coco/segm_mAP_s: 0.0000  coco/segm_mAP_m: 0.5020  coco/segm_mAP_l: 0.3300  data_time: 0.0059  time: 0.0293
2026/08/05 13:09:23 - mmengine - INFO - Epoch(train)  [52][10/68]  base_lr: 1.2485e-04 lr: 1.2485e-04  eta: 0:18:25  time: 0.3295  data_time: 0.1205  memory: 601  grad_norm: 11.4799  loss: 0.4666  loss_cls: 0.1190  loss_bbox: 0.2361  loss_mask: 0.1114
2026/08/05 13:09:26 - mmengine - INFO - Epoch(train)  [52][20/68]  base_lr: 1.2481e-04 lr: 1.2481e-04  eta: 0:18:22  time: 0.3304  data_time: 0.1204  memory: 601  grad_norm: 11.0914  loss: 0.4631  loss_cls: 0.1186  loss_bbox: 0.2336  loss_mask: 0.1109
2026/08/05 13:09:30 - mmengine - INFO - Epoch(train)  [52][30/68]  base_lr: 1.2476e-04 lr: 1.2476e-04  eta: 0:18:19  time: 0.3335  data_time: 0.1210  memory: 601  grad_norm: 11.4676  loss: 0.4660  loss_cls: 0.1209  loss_bbox: 0.2366  loss_mask: 0.1085
2026/08/05 13:09:33 - mmengine - INFO - Epoch(train)  [52][40/68]  base_lr: 1.2471e-04 lr: 1.2471e-04  eta: 0:18:15  time: 0.3294  data_time: 0.1182  memory: 603  grad_norm: 11.4029  loss: 0.4592  loss_cls: 0.1182  loss_bbox: 0.2336  loss_mask: 0.1074
2026/08/05 13:09:36 - mmengine - INFO - Epoch(train)  [52][50/68]  base_lr: 1.2465e-04 lr: 1.2465e-04  eta: 0:18:12  time: 0.3358  data_time: 0.1205  memory: 602  grad_norm: 11.8468  loss: 0.4525  loss_cls: 0.1158  loss_bbox: 0.2327  loss_mask: 0.1040
2026/08/05 13:09:40 - mmengine - INFO - Epoch(train)  [52][60/68]  base_lr: 1.2459e-04 lr: 1.2459e-04  eta: 0:18:09  time: 0.3308  data_time: 0.1186  memory: 600  grad_norm: 11.6904  loss: 0.4576  loss_cls: 0.1171  loss_bbox: 0.2359  loss_mask: 0.1046
2026/08/05 13:09:42 - mmengine - INFO - Exp name: rtmdet_ins_busi_20260805_124409
2026/08/05 13:09:42 - mmengine - INFO - Saving checkpoint at 52 epochs
2026/08/05 13:09:44 - mmengine - INFO - Epoch(val)  [52][ 10/116]    eta: 0:00:02  time: 0.0295  data_time: 0.0062  memory: 603  
2026/08/05 13:09:45 - mmengine - INFO - Epoch(val)  [52][ 20/116]    eta: 0:00:02  time: 0.0290  data_time: 0.0063  memory: 112  
2026/08/05 13:09:45 - mmengine - INFO - Epoch(val)  [52][ 30/116]    eta: 0:00:02  time: 0.0291  data_time: 0.0057  memory: 152  
2026/08/05 13:09:45 - mmengine - INFO - Epoch(val)  [52][ 40/116]    eta: 0:00:02  time: 0.0291  data_time: 0.0053  memory: 136  
2026/08/05 13:09:45 - mmengine - INFO - Epoch(val)  [52][ 50/116]    eta: 0:00:01  time: 0.0295  data_time: 0.0047  memory: 164  
2026/08/05 13:09:46 - mmengine - INFO - Epoch(val)  [52][ 60/116]    eta: 0:00:01  time: 0.0303  data_time: 0.0047  memory: 133  
2026/08/05 13:09:46 - mmengine - INFO - Epoch(val)  [52][ 70/116]    eta: 0:00:01  time: 0.0309  data_time: 0.0044  memory: 136  
2026/08/05 13:09:46 - mmengine - INFO - Epoch(val)  [52][ 80/116]    eta: 0:00:01  time: 0.0303  data_time: 0.0045  memory: 123  
2026/08/05 13:09:47 - mmengine - INFO - Epoch(val)  [52][ 90/116]    eta: 0:00:00  time: 0.0306  data_time: 0.0050  memory: 157  
2026/08/05 13:09:47 - mmengine - INFO - Epoch(val)  [52][100/116]    eta: 0:00:00  time: 0.0303  data_time: 0.0059  memory: 148  
2026/08/05 13:09:47 - mmengine - INFO - Epoch(val)  [52][110/116]    eta: 0:00:00  time: 0.0300  data_time: 0.0053  memory: 127  
2026/08/05 13:09:47 - mmengine - INFO - Evaluating bbox...
2026/08/05 13:09:48 - mmengine - INFO - bbox_mAP_copypaste: 0.619 0.886 0.715 0.000 0.721 0.573
2026/08/05 13:09:48 - mmengine - INFO - Evaluating segm...
2026/08/05 13:09:48 - mmengine - INFO - segm_mAP_copypaste: 0.378 0.557 0.409 0.000 0.514 0.324
2026/08/05 13:09:48 - mmengine - INFO - Epoch(val) [52][116/116]    coco/bbox_mAP: 0.6190  coco/bbox_mAP_50: 0.8860  coco/bbox_mAP_75: 0.7150  coco/bbox_mAP_s: 0.0000  coco/bbox_mAP_m: 0.7210  coco/bbox_mAP_l: 0.5730  coco/segm_mAP: 0.3780  coco/segm_mAP_50: 0.5570  coco/segm_mAP_75: 0.4090  coco/segm_mAP_s: 0.0000  coco/segm_mAP_m: 0.5140  coco/segm_mAP_l: 0.3240  data_time: 0.0053  time: 0.0301
2026/08/05 13:09:51 - mmengine - INFO - Epoch(train)  [53][10/68]  base_lr: 1.2447e-04 lr: 1.2447e-04  eta: 0:18:03  time: 0.3267  data_time: 0.1188  memory: 602  grad_norm: 11.9306  loss: 0.4620  loss_cls: 0.1179  loss_bbox: 0.2398  loss_mask: 0.1043
2026/08/05 13:09:54 - mmengine - INFO - Epoch(train)  [53][20/68]  base_lr: 1.2439e-04 lr: 1.2439e-04  eta: 0:17:59  time: 0.3273  data_time: 0.1197  memory: 601  grad_norm: 12.0291  loss: 0.4674  loss_cls: 0.1182  loss_bbox: 0.2452  loss_mask: 0.1040
2026/08/05 13:09:58 - mmengine - INFO - Epoch(train)  [53][30/68]  base_lr: 1.2431e-04 lr: 1.2431e-04  eta: 0:17:56  time: 0.3270  data_time: 0.1215  memory: 602  grad_norm: 12.0005  loss: 0.4637  loss_cls: 0.1164  loss_bbox: 0.2443  loss_mask: 0.1030
2026/08/05 13:10:01 - mmengine - INFO - Epoch(train)  [53][40/68]  base_lr: 1.2423e-04 lr: 1.2423e-04  eta: 0:17:53  time: 0.3319  data_time: 0.1242  memory: 603  grad_norm: 11.7522  loss: 0.4619  loss_cls: 0.1211  loss_bbox: 0.2379  loss_mask: 0.1029
2026/08/05 13:10:05 - mmengine - INFO - Epoch(train)  [53][50/68]  base_lr: 1.2413e-04 lr: 1.2413e-04  eta: 0:17:49  time: 0.3382  data_time: 0.1247  memory: 601  grad_norm: 11.8264  loss: 0.4600  loss_cls: 0.1172  loss_bbox: 0.2401  loss_mask: 0.1028
2026/08/05 13:10:08 - mmengine - INFO - Epoch(train)  [53][60/68]  base_lr: 1.2404e-04 lr: 1.2404e-04  eta: 0:17:46  time: 0.3371  data_time: 0.1218  memory: 601  grad_norm: 11.9850  loss: 0.4456  loss_cls: 0.1110  loss_bbox: 0.2343  loss_mask: 0.1004
2026/08/05 13:10:10 - mmengine - INFO - Exp name: rtmdet_ins_busi_20260805_124409
2026/08/05 13:10:10 - mmengine - INFO - Saving checkpoint at 53 epochs
2026/08/05 13:10:13 - mmengine - INFO - Epoch(val)  [53][ 10/116]    eta: 0:00:03  time: 0.0308  data_time: 0.0065  memory: 601  
2026/08/05 13:10:13 - mmengine - INFO - Epoch(val)  [53][ 20/116]    eta: 0:00:02  time: 0.0301  data_time: 0.0055  memory: 113  
2026/08/05 13:10:13 - mmengine - INFO - Epoch(val)  [53][ 30/116]    eta: 0:00:02  time: 0.0298  data_time: 0.0047  memory: 139  
2026/08/05 13:10:14 - mmengine - INFO - Epoch(val)  [53][ 40/116]    eta: 0:00:02  time: 0.0291  data_time: 0.0043  memory: 136  
2026/08/05 13:10:14 - mmengine - INFO - Epoch(val)  [53][ 50/116]    eta: 0:00:01  time: 0.0286  data_time: 0.0046  memory: 153  
2026/08/05 13:10:14 - mmengine - INFO - Epoch(val)  [53][ 60/116]    eta: 0:00:01  time: 0.0287  data_time: 0.0041  memory: 138  
2026/08/05 13:10:14 - mmengine - INFO - Epoch(val)  [53][ 70/116]    eta: 0:00:01  time: 0.0290  data_time: 0.0049  memory: 125  
2026/08/05 13:10:15 - mmengine - INFO - Epoch(val)  [53][ 80/116]    eta: 0:00:01  time: 0.0286  data_time: 0.0053  memory: 116  
2026/08/05 13:10:15 - mmengine - INFO - Epoch(val)  [53][ 90/116]    eta: 0:00:00  time: 0.0295  data_time: 0.0054  memory: 137  
2026/08/05 13:10:15 - mmengine - INFO - Epoch(val)  [53][100/116]    eta: 0:00:00  time: 0.0291  data_time: 0.0051  memory: 137  
2026/08/05 13:10:16 - mmengine - INFO - Epoch(val)  [53][110/116]    eta: 0:00:00  time: 0.0284  data_time: 0.0049  memory: 114  
2026/08/05 13:10:16 - mmengine - INFO - Evaluating bbox...
2026/08/05 13:10:16 - mmengine - INFO - bbox_mAP_copypaste: 0.616 0.894 0.726 0.000 0.711 0.575
2026/08/05 13:10:16 - mmengine - INFO - Evaluating segm...
2026/08/05 13:10:16 - mmengine - INFO - segm_mAP_copypaste: 0.385 0.564 0.447 0.000 0.510 0.335
2026/08/05 13:10:16 - mmengine - INFO - Epoch(val) [53][116/116]    coco/bbox_mAP: 0.6160  coco/bbox_mAP_50: 0.8940  coco/bbox_mAP_75: 0.7260  coco/bbox_mAP_s: 0.0000  coco/bbox_mAP_m: 0.7110  coco/bbox_mAP_l: 0.5750  coco/segm_mAP: 0.3850  coco/segm_mAP_50: 0.5640  coco/segm_mAP_75: 0.4470  coco/segm_mAP_s: 0.0000  coco/segm_mAP_m: 0.5100  coco/segm_mAP_l: 0.3350  data_time: 0.0048  time: 0.0287
2026/08/05 13:10:19 - mmengine - INFO - Epoch(train)  [54][10/68]  base_lr: 1.2385e-04 lr: 1.2385e-04  eta: 0:17:40  time: 0.3312  data_time: 0.1146  memory: 601  grad_norm: 12.0660  loss: 0.4435  loss_cls: 0.1155  loss_bbox: 0.2265  loss_mask: 0.1015
2026/08/05 13:10:23 - mmengine - INFO - Epoch(train)  [54][20/68]  base_lr: 1.2374e-04 lr: 1.2374e-04  eta: 0:17:37  time: 0.3324  data_time: 0.1174  memory: 601  grad_norm: 11.9621  loss: 0.4329  loss_cls: 0.1073  loss_bbox: 0.2252  loss_mask: 0.1004
2026/08/05 13:10:26 - mmengine - INFO - Epoch(train)  [54][30/68]  base_lr: 1.2363e-04 lr: 1.2363e-04  eta: 0:17:33  time: 0.3265  data_time: 0.1141  memory: 601  grad_norm: 11.7207  loss: 0.4360  loss_cls: 0.1053  loss_bbox: 0.2282  loss_mask: 0.1025
2026/08/05 13:10:29 - mmengine - INFO - Epoch(train)  [54][40/68]  base_lr: 1.2351e-04 lr: 1.2351e-04  eta: 0:17:30  time: 0.3255  data_time: 0.1171  memory: 599  grad_norm: 11.7454  loss: 0.4458  loss_cls: 0.1126  loss_bbox: 0.2299  loss_mask: 0.1033
2026/08/05 13:10:32 - mmengine - INFO - Epoch(train)  [54][50/68]  base_lr: 1.2338e-04 lr: 1.2338e-04  eta: 0:17:26  time: 0.3288  data_time: 0.1198  memory: 600  grad_norm: 11.4378  loss: 0.4460  loss_cls: 0.1121  loss_bbox: 0.2325  loss_mask: 0.1013
2026/08/05 13:10:36 - mmengine - INFO - Epoch(train)  [54][60/68]  base_lr: 1.2326e-04 lr: 1.2326e-04  eta: 0:17:23  time: 0.3291  data_time: 0.1208  memory: 601  grad_norm: 11.9570  loss: 0.4497  loss_cls: 0.1123  loss_bbox: 0.2337  loss_mask: 0.1036
2026/08/05 13:10:38 - mmengine - INFO - Exp name: rtmdet_ins_busi_20260805_124409
2026/08/05 13:10:38 - mmengine - INFO - Saving checkpoint at 54 epochs
2026/08/05 13:10:41 - mmengine - INFO - Epoch(val)  [54][ 10/116]    eta: 0:00:03  time: 0.0287  data_time: 0.0048  memory: 602  
2026/08/05 13:10:41 - mmengine - INFO - Epoch(val)  [54][ 20/116]    eta: 0:00:02  time: 0.0288  data_time: 0.0049  memory: 115  
2026/08/05 13:10:41 - mmengine - INFO - Epoch(val)  [54][ 30/116]    eta: 0:00:02  time: 0.0284  data_time: 0.0040  memory: 131  
2026/08/05 13:10:41 - mmengine - INFO - Epoch(val)  [54][ 40/116]    eta: 0:00:02  time: 0.0283  data_time: 0.0042  memory: 122  
2026/08/05 13:10:42 - mmengine - INFO - Epoch(val)  [54][ 50/116]    eta: 0:00:01  time: 0.0286  data_time: 0.0036  memory: 153  
2026/08/05 13:10:42 - mmengine - INFO - Epoch(val)  [54][ 60/116]    eta: 0:00:01  time: 0.0284  data_time: 0.0043  memory: 146  
2026/08/05 13:10:42 - mmengine - INFO - Epoch(val)  [54][ 70/116]    eta: 0:00:01  time: 0.0284  data_time: 0.0040  memory: 122  
2026/08/05 13:10:43 - mmengine - INFO - Epoch(val)  [54][ 80/116]    eta: 0:00:01  time: 0.0288  data_time: 0.0052  memory: 123  
2026/08/05 13:10:43 - mmengine - INFO - Epoch(val)  [54][ 90/116]    eta: 0:00:00  time: 0.0301  data_time: 0.0056  memory: 129  
2026/08/05 13:10:43 - mmengine - INFO - Epoch(val)  [54][100/116]    eta: 0:00:00  time: 0.0302  data_time: 0.0055  memory: 186  
2026/08/05 13:10:43 - mmengine - INFO - Epoch(val)  [54][110/116]    eta: 0:00:00  time: 0.0301  data_time: 0.0049  memory: 122  
2026/08/05 13:10:44 - mmengine - INFO - Evaluating bbox...
2026/08/05 13:10:44 - mmengine - INFO - bbox_mAP_copypaste: 0.592 0.894 0.646 0.000 0.669 0.548
2026/08/05 13:10:44 - mmengine - INFO - Evaluating segm...
2026/08/05 13:10:44 - mmengine - INFO - segm_mAP_copypaste: 0.393 0.573 0.439 0.000 0.504 0.342
2026/08/05 13:10:44 - mmengine - INFO - Epoch(val) [54][116/116]    coco/bbox_mAP: 0.5920  coco/bbox_mAP_50: 0.8940  coco/bbox_mAP_75: 0.6460  coco/bbox_mAP_s: 0.0000  coco/bbox_mAP_m: 0.6690  coco/bbox_mAP_l: 0.5480  coco/segm_mAP: 0.3930  coco/segm_mAP_50: 0.5730  coco/segm_mAP_75: 0.4390  coco/segm_mAP_s: 0.0000  coco/segm_mAP_m: 0.5040  coco/segm_mAP_l: 0.3420  data_time: 0.0045  time: 0.0292
2026/08/05 13:10:47 - mmengine - INFO - Epoch(train)  [55][10/68]  base_lr: 1.2301e-04 lr: 1.2301e-04  eta: 0:17:17  time: 0.3297  data_time: 0.1201  memory: 600  grad_norm: 12.2974  loss: 0.4588  loss_cls: 0.1207  loss_bbox: 0.2344  loss_mask: 0.1036
2026/08/05 13:10:50 - mmengine - INFO - Epoch(train)  [55][20/68]  base_lr: 1.2287e-04 lr: 1.2287e-04  eta: 0:17:14  time: 0.3312  data_time: 0.1196  memory: 603  grad_norm: 11.8675  loss: 0.4464  loss_cls: 0.1129  loss_bbox: 0.2307  loss_mask: 0.1029
2026/08/05 13:10:54 - mmengine - INFO - Epoch(train)  [55][30/68]  base_lr: 1.2272e-04 lr: 1.2272e-04  eta: 0:17:10  time: 0.3284  data_time: 0.1174  memory: 601  grad_norm: 12.2760  loss: 0.4617  loss_cls: 0.1211  loss_bbox: 0.2371  loss_mask: 0.1036
2026/08/05 13:10:57 - mmengine - INFO - Epoch(train)  [55][40/68]  base_lr: 1.2257e-04 lr: 1.2257e-04  eta: 0:17:07  time: 0.3276  data_time: 0.1176  memory: 601  grad_norm: 11.9629  loss: 0.4571  loss_cls: 0.1179  loss_bbox: 0.2374  loss_mask: 0.1018
2026/08/05 13:11:00 - mmengine - INFO - Epoch(train)  [55][50/68]  base_lr: 1.2241e-04 lr: 1.2241e-04  eta: 0:17:04  time: 0.3308  data_time: 0.1206  memory: 601  grad_norm: 11.6679  loss: 0.4523  loss_cls: 0.1117  loss_bbox: 0.2381  loss_mask: 0.1025
2026/08/05 13:11:04 - mmengine - INFO - Epoch(train)  [55][60/68]  base_lr: 1.2224e-04 lr: 1.2224e-04  eta: 0:17:00  time: 0.3322  data_time: 0.1219  memory: 601  grad_norm: 11.2160  loss: 0.4614  loss_cls: 0.1146  loss_bbox: 0.2403  loss_mask: 0.1065
2026/08/05 13:11:06 - mmengine - INFO - Exp name: rtmdet_ins_busi_20260805_124409
2026/08/05 13:11:06 - mmengine - INFO - Saving checkpoint at 55 epochs
2026/08/05 13:11:08 - mmengine - INFO - Epoch(val)  [55][ 10/116]    eta: 0:00:03  time: 0.0302  data_time: 0.0050  memory: 603  
2026/08/05 13:11:09 - mmengine - INFO - Epoch(val)  [55][ 20/116]    eta: 0:00:02  time: 0.0291  data_time: 0.0042  memory: 116  
2026/08/05 13:11:09 - mmengine - INFO - Epoch(val)  [55][ 30/116]    eta: 0:00:02  time: 0.0289  data_time: 0.0042  memory: 137  
2026/08/05 13:11:09 - mmengine - INFO - Epoch(val)  [55][ 40/116]    eta: 0:00:02  time: 0.0294  data_time: 0.0043  memory: 116  
2026/08/05 13:11:10 - mmengine - INFO - Epoch(val)  [55][ 50/116]    eta: 0:00:01  time: 0.0299  data_time: 0.0051  memory: 141  
2026/08/05 13:11:10 - mmengine - INFO - Epoch(val)  [55][ 60/116]    eta: 0:00:01  time: 0.0295  data_time: 0.0057  memory: 124  
2026/08/05 13:11:10 - mmengine - INFO - Epoch(val)  [55][ 70/116]    eta: 0:00:01  time: 0.0300  data_time: 0.0060  memory: 141  
2026/08/05 13:11:10 - mmengine - INFO - Epoch(val)  [55][ 80/116]    eta: 0:00:01  time: 0.0309  data_time: 0.0060  memory: 118  
2026/08/05 13:11:11 - mmengine - INFO - Epoch(val)  [55][ 90/116]    eta: 0:00:00  time: 0.0319  data_time: 0.0059  memory: 157  
2026/08/05 13:11:11 - mmengine - INFO - Epoch(val)  [55][100/116]    eta: 0:00:00  time: 0.0321  data_time: 0.0053  memory: 181  
2026/08/05 13:11:11 - mmengine - INFO - Epoch(val)  [55][110/116]    eta: 0:00:00  time: 0.0327  data_time: 0.0045  memory: 117  
2026/08/05 13:11:12 - mmengine - INFO - Evaluating bbox...
2026/08/05 13:11:12 - mmengine - INFO - bbox_mAP_copypaste: 0.609 0.894 0.707 0.000 0.701 0.569
2026/08/05 13:11:12 - mmengine - INFO - Evaluating segm...
2026/08/05 13:11:12 - mmengine - INFO - segm_mAP_copypaste: 0.388 0.575 0.427 0.000 0.515 0.338
2026/08/05 13:11:12 - mmengine - INFO - Epoch(val) [55][116/116]    coco/bbox_mAP: 0.6090  coco/bbox_mAP_50: 0.8940  coco/bbox_mAP_75: 0.7070  coco/bbox_mAP_s: 0.0000  coco/bbox_mAP_m: 0.7010  coco/bbox_mAP_l: 0.5690  coco/segm_mAP: 0.3880  coco/segm_mAP_50: 0.5750  coco/segm_mAP_75: 0.4270  coco/segm_mAP_s: 0.0000  coco/segm_mAP_m: 0.5150  coco/segm_mAP_l: 0.3380  data_time: 0.0051  time: 0.0310
2026/08/05 13:11:15 - mmengine - INFO - Epoch(train)  [56][10/68]  base_lr: 1.2194e-04 lr: 1.2194e-04  eta: 0:16:54  time: 0.3322  data_time: 0.1205  memory: 601  grad_norm: 11.2674  loss: 0.4514  loss_cls: 0.1132  loss_bbox: 0.2353  loss_mask: 0.1029
2026/08/05 13:11:19 - mmengine - INFO - Epoch(train)  [56][20/68]  base_lr: 1.2176e-04 lr: 1.2176e-04  eta: 0:16:51  time: 0.3331  data_time: 0.1214  memory: 602  grad_norm: 11.4407  loss: 0.4452  loss_cls: 0.1095  loss_bbox: 0.2358  loss_mask: 0.0999
2026/08/05 13:11:22 - mmengine - INFO - Epoch(train)  [56][30/68]  base_lr: 1.2158e-04 lr: 1.2158e-04  eta: 0:16:47  time: 0.3279  data_time: 0.1161  memory: 605  grad_norm: 11.4495  loss: 0.4549  loss_cls: 0.1177  loss_bbox: 0.2358  loss_mask: 0.1014
2026/08/05 13:11:25 - mmengine - INFO - Epoch(train)  [56][40/68]  base_lr: 1.2140e-04 lr: 1.2140e-04  eta: 0:16:44  time: 0.3264  data_time: 0.1142  memory: 599  grad_norm: 11.6820  loss: 0.4596  loss_cls: 0.1196  loss_bbox: 0.2388  loss_mask: 0.1011
2026/08/05 13:11:28 - mmengine - INFO - Epoch(train)  [56][50/68]  base_lr: 1.2121e-04 lr: 1.2121e-04  eta: 0:16:41  time: 0.3272  data_time: 0.1133  memory: 601  grad_norm: 11.1795  loss: 0.4551  loss_cls: 0.1141  loss_bbox: 0.2374  loss_mask: 0.1035
2026/08/05 13:11:32 - mmengine - INFO - Epoch(train)  [56][60/68]  base_lr: 1.2101e-04 lr: 1.2101e-04  eta: 0:16:38  time: 0.3303  data_time: 0.1180  memory: 601  grad_norm: 11.5785  loss: 0.4606  loss_cls: 0.1164  loss_bbox: 0.2388  loss_mask: 0.1054
2026/08/05 13:11:34 - mmengine - INFO - Exp name: rtmdet_ins_busi_20260805_124409
2026/08/05 13:11:34 - mmengine - INFO - Saving checkpoint at 56 epochs
2026/08/05 13:11:36 - mmengine - INFO - Epoch(val)  [56][ 10/116]    eta: 0:00:02  time: 0.0315  data_time: 0.0038  memory: 601  
2026/08/05 13:11:37 - mmengine - INFO - Epoch(val)  [56][ 20/116]    eta: 0:00:02  time: 0.0309  data_time: 0.0046  memory: 108  
2026/08/05 13:11:37 - mmengine - INFO - Epoch(val)  [56][ 30/116]    eta: 0:00:02  time: 0.0286  data_time: 0.0049  memory: 142  
2026/08/05 13:11:37 - mmengine - INFO - Epoch(val)  [56][ 40/116]    eta: 0:00:02  time: 0.0283  data_time: 0.0045  memory: 139  
2026/08/05 13:11:37 - mmengine - INFO - Epoch(val)  [56][ 50/116]    eta: 0:00:01  time: 0.0277  data_time: 0.0045  memory: 135  
2026/08/05 13:11:38 - mmengine - INFO - Epoch(val)  [56][ 60/116]    eta: 0:00:01  time: 0.0281  data_time: 0.0047  memory: 129  
2026/08/05 13:11:38 - mmengine - INFO - Epoch(val)  [56][ 70/116]    eta: 0:00:01  time: 0.0284  data_time: 0.0041  memory: 131  
2026/08/05 13:11:38 - mmengine - INFO - Epoch(val)  [56][ 80/116]    eta: 0:00:01  time: 0.0287  data_time: 0.0043  memory: 118  
2026/08/05 13:11:39 - mmengine - INFO - Epoch(val)  [56][ 90/116]    eta: 0:00:00  time: 0.0290  data_time: 0.0053  memory: 127  
2026/08/05 13:11:39 - mmengine - INFO - Epoch(val)  [56][100/116]    eta: 0:00:00  time: 0.0289  data_time: 0.0048  memory: 166  
2026/08/05 13:11:39 - mmengine - INFO - Epoch(val)  [56][110/116]    eta: 0:00:00  time: 0.0286  data_time: 0.0049  memory: 115  
2026/08/05 13:11:39 - mmengine - INFO - Evaluating bbox...
2026/08/05 13:11:39 - mmengine - INFO - bbox_mAP_copypaste: 0.621 0.893 0.718 0.000 0.721 0.576
2026/08/05 13:11:39 - mmengine - INFO - Evaluating segm...
2026/08/05 13:11:40 - mmengine - INFO - segm_mAP_copypaste: 0.382 0.557 0.438 0.000 0.530 0.325
2026/08/05 13:11:40 - mmengine - INFO - Epoch(val) [56][116/116]    coco/bbox_mAP: 0.6210  coco/bbox_mAP_50: 0.8930  coco/bbox_mAP_75: 0.7180  coco/bbox_mAP_s: 0.0000  coco/bbox_mAP_m: 0.7210  coco/bbox_mAP_l: 0.5760  coco/segm_mAP: 0.3820  coco/segm_mAP_50: 0.5570  coco/segm_mAP_75: 0.4380  coco/segm_mAP_s: 0.0000  coco/segm_mAP_m: 0.5300  coco/segm_mAP_l: 0.3250  data_time: 0.0048  time: 0.0285
2026/08/05 13:11:43 - mmengine - INFO - Epoch(train)  [57][10/68]  base_lr: 1.2065e-04 lr: 1.2065e-04  eta: 0:16:31  time: 0.3310  data_time: 0.1204  memory: 599  grad_norm: 11.4844  loss: 0.4472  loss_cls: 0.1077  loss_bbox: 0.2345  loss_mask: 0.1051
2026/08/05 13:11:46 - mmengine - INFO - Epoch(train)  [57][20/68]  base_lr: 1.2044e-04 lr: 1.2044e-04  eta: 0:16:28  time: 0.3274  data_time: 0.1190  memory: 603  grad_norm: 11.6024  loss: 0.4365  loss_cls: 0.1050  loss_bbox: 0.2291  loss_mask: 0.1023
2026/08/05 13:11:49 - mmengine - INFO - Epoch(train)  [57][30/68]  base_lr: 1.2023e-04 lr: 1.2023e-04  eta: 0:16:25  time: 0.3296  data_time: 0.1220  memory: 601  grad_norm: 12.0273  loss: 0.4298  loss_cls: 0.1001  loss_bbox: 0.2306  loss_mask: 0.0991
2026/08/05 13:11:53 - mmengine - INFO - Epoch(train)  [57][40/68]  base_lr: 1.2001e-04 lr: 1.2001e-04  eta: 0:16:21  time: 0.3237  data_time: 0.1171  memory: 601  grad_norm: 12.1081  loss: 0.4209  loss_cls: 0.0955  loss_bbox: 0.2283  loss_mask: 0.0971
2026/08/05 13:11:56 - mmengine - INFO - Epoch(train)  [57][50/68]  base_lr: 1.1978e-04 lr: 1.1978e-04  eta: 0:16:18  time: 0.3271  data_time: 0.1179  memory: 601  grad_norm: 12.1986  loss: 0.4324  loss_cls: 0.1022  loss_bbox: 0.2325  loss_mask: 0.0977
2026/08/05 13:11:59 - mmengine - INFO - Epoch(train)  [57][60/68]  base_lr: 1.1956e-04 lr: 1.1956e-04  eta: 0:16:14  time: 0.3218  data_time: 0.1143  memory: 601  grad_norm: 12.2378  loss: 0.4320  loss_cls: 0.1026  loss_bbox: 0.2323  loss_mask: 0.0971
2026/08/05 13:12:02 - mmengine - INFO - Exp name: rtmdet_ins_busi_20260805_124409
2026/08/05 13:12:02 - mmengine - INFO - Saving checkpoint at 57 epochs
2026/08/05 13:12:04 - mmengine - INFO - Epoch(val)  [57][ 10/116]    eta: 0:00:02  time: 0.0294  data_time: 0.0049  memory: 602  
2026/08/05 13:12:04 - mmengine - INFO - Epoch(val)  [57][ 20/116]    eta: 0:00:02  time: 0.0292  data_time: 0.0047  memory: 110  
2026/08/05 13:12:05 - mmengine - INFO - Epoch(val)  [57][ 30/116]    eta: 0:00:02  time: 0.0292  data_time: 0.0041  memory: 137  
2026/08/05 13:12:05 - mmengine - INFO - Epoch(val)  [57][ 40/116]    eta: 0:00:02  time: 0.0288  data_time: 0.0044  memory: 154  
2026/08/05 13:12:05 - mmengine - INFO - Epoch(val)  [57][ 50/116]    eta: 0:00:01  time: 0.0285  data_time: 0.0044  memory: 141  
2026/08/05 13:12:06 - mmengine - INFO - Epoch(val)  [57][ 60/116]    eta: 0:00:01  time: 0.0295  data_time: 0.0047  memory: 120  
2026/08/05 13:12:06 - mmengine - INFO - Epoch(val)  [57][ 70/116]    eta: 0:00:01  time: 0.0296  data_time: 0.0043  memory: 126  
2026/08/05 13:12:06 - mmengine - INFO - Epoch(val)  [57][ 80/116]    eta: 0:00:01  time: 0.0300  data_time: 0.0045  memory: 123  
2026/08/05 13:12:06 - mmengine - INFO - Epoch(val)  [57][ 90/116]    eta: 0:00:00  time: 0.0304  data_time: 0.0048  memory: 126  
2026/08/05 13:12:07 - mmengine - INFO - Epoch(val)  [57][100/116]    eta: 0:00:00  time: 0.0305  data_time: 0.0043  memory: 192  
2026/08/05 13:12:07 - mmengine - INFO - Epoch(val)  [57][110/116]    eta: 0:00:00  time: 0.0302  data_time: 0.0039  memory: 124  
2026/08/05 13:12:07 - mmengine - INFO - Evaluating bbox...
2026/08/05 13:12:07 - mmengine - INFO - bbox_mAP_copypaste: 0.610 0.894 0.700 0.000 0.703 0.559
2026/08/05 13:12:07 - mmengine - INFO - Evaluating segm...
2026/08/05 13:12:07 - mmengine - INFO - segm_mAP_copypaste: 0.379 0.566 0.401 0.000 0.514 0.315
2026/08/05 13:12:07 - mmengine - INFO - Epoch(val) [57][116/116]    coco/bbox_mAP: 0.6100  coco/bbox_mAP_50: 0.8940  coco/bbox_mAP_75: 0.7000  coco/bbox_mAP_s: 0.0000  coco/bbox_mAP_m: 0.7030  coco/bbox_mAP_l: 0.5590  coco/segm_mAP: 0.3790  coco/segm_mAP_50: 0.5660  coco/segm_mAP_75: 0.4010  coco/segm_mAP_s: 0.0000  coco/segm_mAP_m: 0.5140  coco/segm_mAP_l: 0.3150  data_time: 0.0045  time: 0.0295
2026/08/05 13:12:11 - mmengine - INFO - Epoch(train)  [58][10/68]  base_lr: 1.1914e-04 lr: 1.1914e-04  eta: 0:16:09  time: 0.3308  data_time: 0.1200  memory: 601  grad_norm: 12.3838  loss: 0.4561  loss_cls: 0.1185  loss_bbox: 0.2368  loss_mask: 0.1008
2026/08/05 13:12:14 - mmengine - INFO - Epoch(train)  [58][20/68]  base_lr: 1.1890e-04 lr: 1.1890e-04  eta: 0:16:05  time: 0.3328  data_time: 0.1233  memory: 602  grad_norm: 12.2917  loss: 0.4567  loss_cls: 0.1192  loss_bbox: 0.2344  loss_mask: 0.1032
2026/08/05 13:12:18 - mmengine - INFO - Epoch(train)  [58][30/68]  base_lr: 1.1865e-04 lr: 1.1865e-04  eta: 0:16:02  time: 0.3347  data_time: 0.1254  memory: 603  grad_norm: 12.4831  loss: 0.4533  loss_cls: 0.1138  loss_bbox: 0.2360  loss_mask: 0.1035
2026/08/05 13:12:21 - mmengine - INFO - Epoch(train)  [58][40/68]  base_lr: 1.1840e-04 lr: 1.1840e-04  eta: 0:15:59  time: 0.3444  data_time: 0.1322  memory: 601  grad_norm: 12.3756  loss: 0.4524  loss_cls: 0.1138  loss_bbox: 0.2347  loss_mask: 0.1039
2026/08/05 13:12:25 - mmengine - INFO - Epoch(train)  [58][50/68]  base_lr: 1.1815e-04 lr: 1.1815e-04  eta: 0:15:56  time: 0.3433  data_time: 0.1301  memory: 602  grad_norm: 11.9923  loss: 0.4368  loss_cls: 0.1001  loss_bbox: 0.2337  loss_mask: 0.1030
2026/08/05 13:12:28 - mmengine - INFO - Epoch(train)  [58][60/68]  base_lr: 1.1789e-04 lr: 1.1789e-04  eta: 0:15:52  time: 0.3397  data_time: 0.1272  memory: 601  grad_norm: 11.5523  loss: 0.4346  loss_cls: 0.0971  loss_bbox: 0.2336  loss_mask: 0.1039
2026/08/05 13:12:30 - mmengine - INFO - Exp name: rtmdet_ins_busi_20260805_124409
2026/08/05 13:12:30 - mmengine - INFO - Saving checkpoint at 58 epochs
2026/08/05 13:12:33 - mmengine - INFO - Epoch(val)  [58][ 10/116]    eta: 0:00:03  time: 0.0300  data_time: 0.0043  memory: 601  
2026/08/05 13:12:33 - mmengine - INFO - Epoch(val)  [58][ 20/116]    eta: 0:00:02  time: 0.0287  data_time: 0.0041  memory: 104  
2026/08/05 13:12:33 - mmengine - INFO - Epoch(val)  [58][ 30/116]    eta: 0:00:02  time: 0.0285  data_time: 0.0045  memory: 124  
2026/08/05 13:12:33 - mmengine - INFO - Epoch(val)  [58][ 40/116]    eta: 0:00:02  time: 0.0279  data_time: 0.0047  memory: 136  
2026/08/05 13:12:34 - mmengine - INFO - Epoch(val)  [58][ 50/116]    eta: 0:00:01  time: 0.0283  data_time: 0.0045  memory: 141  
2026/08/05 13:12:34 - mmengine - INFO - Epoch(val)  [58][ 60/116]    eta: 0:00:01  time: 0.0279  data_time: 0.0050  memory: 120  
2026/08/05 13:12:34 - mmengine - INFO - Epoch(val)  [58][ 70/116]    eta: 0:00:01  time: 0.0284  data_time: 0.0057  memory: 126  
2026/08/05 13:12:35 - mmengine - INFO - Epoch(val)  [58][ 80/116]    eta: 0:00:01  time: 0.0282  data_time: 0.0058  memory: 119  
2026/08/05 13:12:35 - mmengine - INFO - Epoch(val)  [58][ 90/116]    eta: 0:00:00  time: 0.0289  data_time: 0.0061  memory: 120  
2026/08/05 13:12:35 - mmengine - INFO - Epoch(val)  [58][100/116]    eta: 0:00:00  time: 0.0290  data_time: 0.0062  memory: 163  
2026/08/05 13:12:35 - mmengine - INFO - Epoch(val)  [58][110/116]    eta: 0:00:00  time: 0.0287  data_time: 0.0062  memory: 103  
2026/08/05 13:12:36 - mmengine - INFO - Evaluating bbox...
2026/08/05 13:12:36 - mmengine - INFO - bbox_mAP_copypaste: 0.623 0.898 0.677 0.000 0.705 0.582
2026/08/05 13:12:36 - mmengine - INFO - Evaluating segm...
2026/08/05 13:12:36 - mmengine - INFO - segm_mAP_copypaste: 0.379 0.550 0.421 0.000 0.514 0.320
2026/08/05 13:12:36 - mmengine - INFO - Epoch(val) [58][116/116]    coco/bbox_mAP: 0.6230  coco/bbox_mAP_50: 0.8980  coco/bbox_mAP_75: 0.6770  coco/bbox_mAP_s: 0.0000  coco/bbox_mAP_m: 0.7050  coco/bbox_mAP_l: 0.5820  coco/segm_mAP: 0.3790  coco/segm_mAP_50: 0.5500  coco/segm_mAP_75: 0.4210  coco/segm_mAP_s: 0.0000  coco/segm_mAP_m: 0.5140  coco/segm_mAP_l: 0.3200  data_time: 0.0053  time: 0.0285
2026/08/05 13:12:39 - mmengine - INFO - Epoch(train)  [59][10/68]  base_lr: 1.1742e-04 lr: 1.1742e-04  eta: 0:15:46  time: 0.3355  data_time: 0.1236  memory: 604  grad_norm: 11.3137  loss: 0.4454  loss_cls: 0.1038  loss_bbox: 0.2365  loss_mask: 0.1051
2026/08/05 13:12:43 - mmengine - INFO - Epoch(train)  [59][20/68]  base_lr: 1.1715e-04 lr: 1.1715e-04  eta: 0:15:43  time: 0.3311  data_time: 0.1208  memory: 599  grad_norm: 11.3135  loss: 0.4499  loss_cls: 0.1060  loss_bbox: 0.2367  loss_mask: 0.1071
2026/08/05 13:12:46 - mmengine - INFO - Epoch(train)  [59][30/68]  base_lr: 1.1687e-04 lr: 1.1687e-04  eta: 0:15:40  time: 0.3326  data_time: 0.1245  memory: 601  grad_norm: 11.5018  loss: 0.4601  loss_cls: 0.1107  loss_bbox: 0.2423  loss_mask: 0.1072
2026/08/05 13:12:49 - mmengine - INFO - Epoch(train)  [59][40/68]  base_lr: 1.1659e-04 lr: 1.1659e-04  eta: 0:15:36  time: 0.3286  data_time: 0.1215  memory: 603  grad_norm: 11.8626  loss: 0.4563  loss_cls: 0.1114  loss_bbox: 0.2390  loss_mask: 0.1059
2026/08/05 13:12:52 - mmengine - INFO - Epoch(train)  [59][50/68]  base_lr: 1.1631e-04 lr: 1.1631e-04  eta: 0:15:33  time: 0.3292  data_time: 0.1202  memory: 601  grad_norm: 11.7504  loss: 0.4493  loss_cls: 0.1066  loss_bbox: 0.2387  loss_mask: 0.1040
2026/08/05 13:12:54 - mmengine - INFO - Exp name: rtmdet_ins_busi_20260805_124409
2026/08/05 13:12:56 - mmengine - INFO - Epoch(train)  [59][60/68]  base_lr: 1.1602e-04 lr: 1.1602e-04  eta: 0:15:29  time: 0.3250  data_time: 0.1189  memory: 601  grad_norm: 11.3149  loss: 0.4439  loss_cls: 0.1054  loss_bbox: 0.2346  loss_mask: 0.1039
2026/08/05 13:12:58 - mmengine - INFO - Exp name: rtmdet_ins_busi_20260805_124409
2026/08/05 13:12:58 - mmengine - INFO - Saving checkpoint at 59 epochs
2026/08/05 13:13:00 - mmengine - INFO - Epoch(val)  [59][ 10/116]    eta: 0:00:02  time: 0.0289  data_time: 0.0049  memory: 602  
2026/08/05 13:13:00 - mmengine - INFO - Epoch(val)  [59][ 20/116]    eta: 0:00:02  time: 0.0282  data_time: 0.0042  memory: 104  
2026/08/05 13:13:01 - mmengine - INFO - Epoch(val)  [59][ 30/116]    eta: 0:00:02  time: 0.0269  data_time: 0.0035  memory: 131  
2026/08/05 13:13:01 - mmengine - INFO - Epoch(val)  [59][ 40/116]    eta: 0:00:02  time: 0.0272  data_time: 0.0037  memory: 116  
2026/08/05 13:13:01 - mmengine - INFO - Epoch(val)  [59][ 50/116]    eta: 0:00:01  time: 0.0267  data_time: 0.0036  memory: 141  
2026/08/05 13:13:02 - mmengine - INFO - Epoch(val)  [59][ 60/116]    eta: 0:00:01  time: 0.0269  data_time: 0.0046  memory: 116  
2026/08/05 13:13:02 - mmengine - INFO - Epoch(val)  [59][ 70/116]    eta: 0:00:01  time: 0.0272  data_time: 0.0048  memory: 122  
2026/08/05 13:13:02 - mmengine - INFO - Epoch(val)  [59][ 80/116]    eta: 0:00:00  time: 0.0272  data_time: 0.0048  memory: 119  
2026/08/05 13:13:02 - mmengine - INFO - Epoch(val)  [59][ 90/116]    eta: 0:00:00  time: 0.0276  data_time: 0.0048  memory: 120  
2026/08/05 13:13:03 - mmengine - INFO - Epoch(val)  [59][100/116]    eta: 0:00:00  time: 0.0288  data_time: 0.0046  memory: 202  
2026/08/05 13:13:03 - mmengine - INFO - Epoch(val)  [59][110/116]    eta: 0:00:00  time: 0.0293  data_time: 0.0044  memory: 104  
2026/08/05 13:13:03 - mmengine - INFO - Evaluating bbox...
2026/08/05 13:13:03 - mmengine - INFO - bbox_mAP_copypaste: 0.606 0.890 0.659 0.000 0.688 0.561
2026/08/05 13:13:03 - mmengine - INFO - Evaluating segm...
2026/08/05 13:13:03 - mmengine - INFO - segm_mAP_copypaste: 0.371 0.564 0.387 0.000 0.521 0.308
2026/08/05 13:13:03 - mmengine - INFO - Epoch(val) [59][116/116]    coco/bbox_mAP: 0.6060  coco/bbox_mAP_50: 0.8900  coco/bbox_mAP_75: 0.6590  coco/bbox_mAP_s: 0.0000  coco/bbox_mAP_m: 0.6880  coco/bbox_mAP_l: 0.5610  coco/segm_mAP: 0.3710  coco/segm_mAP_50: 0.5640  coco/segm_mAP_75: 0.3870  coco/segm_mAP_s: 0.0000  coco/segm_mAP_m: 0.5210  coco/segm_mAP_l: 0.3080  data_time: 0.0043  time: 0.0282
2026/08/05 13:13:07 - mmengine - INFO - Epoch(train)  [60][10/68]  base_lr: 1.1549e-04 lr: 1.1549e-04  eta: 0:15:23  time: 0.3217  data_time: 0.1137  memory: 601  grad_norm: 12.1758  loss: 0.4296  loss_cls: 0.1059  loss_bbox: 0.2232  loss_mask: 0.1005
2026/08/05 13:13:10 - mmengine - INFO - Epoch(train)  [60][20/68]  base_lr: 1.1519e-04 lr: 1.1519e-04  eta: 0:15:20  time: 0.3282  data_time: 0.1182  memory: 603  grad_norm: 11.9770  loss: 0.4299  loss_cls: 0.1090  loss_bbox: 0.2210  loss_mask: 0.0998
2026/08/05 13:13:14 - mmengine - INFO - Epoch(train)  [60][30/68]  base_lr: 1.1489e-04 lr: 1.1489e-04  eta: 0:15:17  time: 0.3309  data_time: 0.1192  memory: 602  grad_norm: 12.1451  loss: 0.4280  loss_cls: 0.1076  loss_bbox: 0.2224  loss_mask: 0.0979
2026/08/05 13:13:17 - mmengine - INFO - Epoch(train)  [60][40/68]  base_lr: 1.1458e-04 lr: 1.1458e-04  eta: 0:15:13  time: 0.3306  data_time: 0.1184  memory: 602  grad_norm: 12.3660  loss: 0.4372  loss_cls: 0.1085  loss_bbox: 0.2291  loss_mask: 0.0995
2026/08/05 13:13:20 - mmengine - INFO - Epoch(train)  [60][50/68]  base_lr: 1.1427e-04 lr: 1.1427e-04  eta: 0:15:10  time: 0.3296  data_time: 0.1166  memory: 603  grad_norm: 11.8592  loss: 0.4349  loss_cls: 0.1064  loss_bbox: 0.2297  loss_mask: 0.0988
2026/08/05 13:13:23 - mmengine - INFO - Epoch(train)  [60][60/68]  base_lr: 1.1395e-04 lr: 1.1395e-04  eta: 0:15:06  time: 0.3267  data_time: 0.1129  memory: 603  grad_norm: 11.7765  loss: 0.4387  loss_cls: 0.1070  loss_bbox: 0.2343  loss_mask: 0.0974
2026/08/05 13:13:26 - mmengine - INFO - Exp name: rtmdet_ins_busi_20260805_124409
2026/08/05 13:13:26 - mmengine - INFO - Saving checkpoint at 60 epochs
2026/08/05 13:13:28 - mmengine - INFO - Epoch(val)  [60][ 10/116]    eta: 0:00:03  time: 0.0305  data_time: 0.0056  memory: 600  
2026/08/05 13:13:28 - mmengine - INFO - Epoch(val)  [60][ 20/116]    eta: 0:00:02  time: 0.0308  data_time: 0.0057  memory: 116  
2026/08/05 13:13:29 - mmengine - INFO - Epoch(val)  [60][ 30/116]    eta: 0:00:02  time: 0.0298  data_time: 0.0055  memory: 117  
2026/08/05 13:13:29 - mmengine - INFO - Epoch(val)  [60][ 40/116]    eta: 0:00:02  time: 0.0291  data_time: 0.0052  memory: 124  
2026/08/05 13:13:29 - mmengine - INFO - Epoch(val)  [60][ 50/116]    eta: 0:00:01  time: 0.0290  data_time: 0.0059  memory: 141  
2026/08/05 13:13:29 - mmengine - INFO - Epoch(val)  [60][ 60/116]    eta: 0:00:01  time: 0.0291  data_time: 0.0055  memory: 129  
2026/08/05 13:13:30 - mmengine - INFO - Epoch(val)  [60][ 70/116]    eta: 0:00:01  time: 0.0283  data_time: 0.0054  memory: 108  
2026/08/05 13:13:30 - mmengine - INFO - Epoch(val)  [60][ 80/116]    eta: 0:00:01  time: 0.0284  data_time: 0.0054  memory: 127  
2026/08/05 13:13:30 - mmengine - INFO - Epoch(val)  [60][ 90/116]    eta: 0:00:00  time: 0.0285  data_time: 0.0053  memory: 129  
2026/08/05 13:13:31 - mmengine - INFO - Epoch(val)  [60][100/116]    eta: 0:00:00  time: 0.0284  data_time: 0.0046  memory: 183  
2026/08/05 13:13:31 - mmengine - INFO - Epoch(val)  [60][110/116]    eta: 0:00:00  time: 0.0277  data_time: 0.0040  memory: 107  
2026/08/05 13:13:31 - mmengine - INFO - Evaluating bbox...
2026/08/05 13:13:31 - mmengine - INFO - bbox_mAP_copypaste: 0.625 0.894 0.730 0.000 0.722 0.575
2026/08/05 13:13:31 - mmengine - INFO - Evaluating segm...
2026/08/05 13:13:31 - mmengine - INFO - segm_mAP_copypaste: 0.372 0.562 0.398 0.000 0.516 0.314
2026/08/05 13:13:31 - mmengine - INFO - Epoch(val) [60][116/116]    coco/bbox_mAP: 0.6250  coco/bbox_mAP_50: 0.8940  coco/bbox_mAP_75: 0.7300  coco/bbox_mAP_s: 0.0000  coco/bbox_mAP_m: 0.7220  coco/bbox_mAP_l: 0.5750  coco/segm_mAP: 0.3720  coco/segm_mAP_50: 0.5620  coco/segm_mAP_75: 0.3980  coco/segm_mAP_s: 0.0000  coco/segm_mAP_m: 0.5160  coco/segm_mAP_l: 0.3140  data_time: 0.0049  time: 0.0286
2026/08/05 13:13:34 - mmengine - INFO - Epoch(train)  [61][10/68]  base_lr: 1.1337e-04 lr: 1.1337e-04  eta: 0:15:00  time: 0.3255  data_time: 0.1113  memory: 604  grad_norm: 11.8711  loss: 0.4338  loss_cls: 0.1029  loss_bbox: 0.2340  loss_mask: 0.0970
2026/08/05 13:13:38 - mmengine - INFO - Epoch(train)  [61][20/68]  base_lr: 1.1304e-04 lr: 1.1304e-04  eta: 0:14:57  time: 0.3237  data_time: 0.1099  memory: 601  grad_norm: 12.1038  loss: 0.4358  loss_cls: 0.1023  loss_bbox: 0.2373  loss_mask: 0.0961
2026/08/05 13:13:41 - mmengine - INFO - Epoch(train)  [61][30/68]  base_lr: 1.1271e-04 lr: 1.1271e-04  eta: 0:14:54  time: 0.3268  data_time: 0.1139  memory: 601  grad_norm: 12.2274  loss: 0.4367  loss_cls: 0.1034  loss_bbox: 0.2354  loss_mask: 0.0979
2026/08/05 13:13:44 - mmengine - INFO - Epoch(train)  [61][40/68]  base_lr: 1.1237e-04 lr: 1.1237e-04  eta: 0:14:50  time: 0.3301  data_time: 0.1186  memory: 601  grad_norm: 11.7286  loss: 0.4466  loss_cls: 0.1046  loss_bbox: 0.2397  loss_mask: 0.1023
2026/08/05 13:13:48 - mmengine - INFO - Epoch(train)  [61][50/68]  base_lr: 1.1203e-04 lr: 1.1203e-04  eta: 0:14:47  time: 0.3313  data_time: 0.1220  memory: 601  grad_norm: 11.0341  loss: 0.4304  loss_cls: 0.0955  loss_bbox: 0.2336  loss_mask: 0.1013
2026/08/05 13:13:51 - mmengine - INFO - Epoch(train)  [61][60/68]  base_lr: 1.1169e-04 lr: 1.1169e-04  eta: 0:14:44  time: 0.3328  data_time: 0.1237  memory: 601  grad_norm: 11.0578  loss: 0.4361  loss_cls: 0.0988  loss_bbox: 0.2351  loss_mask: 0.1022
2026/08/05 13:13:54 - mmengine - INFO - Exp name: rtmdet_ins_busi_20260805_124409
2026/08/05 13:13:54 - mmengine - INFO - Saving checkpoint at 61 epochs
2026/08/05 13:13:56 - mmengine - INFO - Epoch(val)  [61][ 10/116]    eta: 0:00:03  time: 0.0289  data_time: 0.0037  memory: 599  
2026/08/05 13:13:56 - mmengine - INFO - Epoch(val)  [61][ 20/116]    eta: 0:00:02  time: 0.0281  data_time: 0.0033  memory: 110  
2026/08/05 13:13:56 - mmengine - INFO - Epoch(val)  [61][ 30/116]    eta: 0:00:02  time: 0.0280  data_time: 0.0036  memory: 122  
2026/08/05 13:13:57 - mmengine - INFO - Epoch(val)  [61][ 40/116]    eta: 0:00:02  time: 0.0276  data_time: 0.0037  memory: 118  
2026/08/05 13:13:57 - mmengine - INFO - Epoch(val)  [61][ 50/116]    eta: 0:00:01  time: 0.0276  data_time: 0.0044  memory: 135  
2026/08/05 13:13:57 - mmengine - INFO - Epoch(val)  [61][ 60/116]    eta: 0:00:01  time: 0.0281  data_time: 0.0054  memory: 116  
2026/08/05 13:13:57 - mmengine - INFO - Epoch(val)  [61][ 70/116]    eta: 0:00:01  time: 0.0279  data_time: 0.0061  memory: 105  
2026/08/05 13:13:58 - mmengine - INFO - Epoch(val)  [61][ 80/116]    eta: 0:00:01  time: 0.0284  data_time: 0.0062  memory: 119  
2026/08/05 13:13:58 - mmengine - INFO - Epoch(val)  [61][ 90/116]    eta: 0:00:00  time: 0.0291  data_time: 0.0063  memory: 133  
2026/08/05 13:13:58 - mmengine - INFO - Epoch(val)  [61][100/116]    eta: 0:00:00  time: 0.0294  data_time: 0.0061  memory: 175  
2026/08/05 13:13:59 - mmengine - INFO - Epoch(val)  [61][110/116]    eta: 0:00:00  time: 0.0292  data_time: 0.0056  memory: 127  
2026/08/05 13:13:59 - mmengine - INFO - Evaluating bbox...
2026/08/05 13:13:59 - mmengine - INFO - bbox_mAP_copypaste: 0.613 0.886 0.717 0.000 0.705 0.565
2026/08/05 13:13:59 - mmengine - INFO - Evaluating segm...
2026/08/05 13:13:59 - mmengine - INFO - segm_mAP_copypaste: 0.370 0.542 0.417 0.000 0.527 0.307
2026/08/05 13:13:59 - mmengine - INFO - Epoch(val) [61][116/116]    coco/bbox_mAP: 0.6130  coco/bbox_mAP_50: 0.8860  coco/bbox_mAP_75: 0.7170  coco/bbox_mAP_s: 0.0000  coco/bbox_mAP_m: 0.7050  coco/bbox_mAP_l: 0.5650  coco/segm_mAP: 0.3700  coco/segm_mAP_50: 0.5420  coco/segm_mAP_75: 0.4170  coco/segm_mAP_s: 0.0000  coco/segm_mAP_m: 0.5270  coco/segm_mAP_l: 0.3070  data_time: 0.0053  time: 0.0285
2026/08/05 13:14:02 - mmengine - INFO - Epoch(train)  [62][10/68]  base_lr: 1.1106e-04 lr: 1.1106e-04  eta: 0:14:38  time: 0.3313  data_time: 0.1246  memory: 599  grad_norm: 10.5796  loss: 0.4465  loss_cls: 0.1049  loss_bbox: 0.2386  loss_mask: 0.1030
2026/08/05 13:14:06 - mmengine - INFO - Epoch(train)  [62][20/68]  base_lr: 1.1070e-04 lr: 1.1070e-04  eta: 0:14:34  time: 0.3327  data_time: 0.1242  memory: 601  grad_norm: 10.7323  loss: 0.4485  loss_cls: 0.1082  loss_bbox: 0.2394  loss_mask: 0.1009
2026/08/05 13:14:09 - mmengine - INFO - Epoch(train)  [62][30/68]  base_lr: 1.1034e-04 lr: 1.1034e-04  eta: 0:14:31  time: 0.3306  data_time: 0.1211  memory: 603  grad_norm: 10.6280  loss: 0.4551  loss_cls: 0.1119  loss_bbox: 0.2437  loss_mask: 0.0995
2026/08/05 13:14:12 - mmengine - INFO - Epoch(train)  [62][40/68]  base_lr: 1.0998e-04 lr: 1.0998e-04  eta: 0:14:28  time: 0.3290  data_time: 0.1196  memory: 601  grad_norm: 10.2617  loss: 0.4486  loss_cls: 0.1103  loss_bbox: 0.2380  loss_mask: 0.1004
2026/08/05 13:14:16 - mmengine - INFO - Epoch(train)  [62][50/68]  base_lr: 1.0961e-04 lr: 1.0961e-04  eta: 0:14:24  time: 0.3339  data_time: 0.1218  memory: 601  grad_norm: 10.5385  loss: 0.4500  loss_cls: 0.1117  loss_bbox: 0.2372  loss_mask: 0.1011
2026/08/05 13:14:19 - mmengine - INFO - Epoch(train)  [62][60/68]  base_lr: 1.0924e-04 lr: 1.0924e-04  eta: 0:14:21  time: 0.3360  data_time: 0.1251  memory: 605  grad_norm: 10.2444  loss: 0.4432  loss_cls: 0.1098  loss_bbox: 0.2337  loss_mask: 0.0997
2026/08/05 13:14:22 - mmengine - INFO - Exp name: rtmdet_ins_busi_20260805_124409
2026/08/05 13:14:22 - mmengine - INFO - Saving checkpoint at 62 epochs
2026/08/05 13:14:24 - mmengine - INFO - Epoch(val)  [62][ 10/116]    eta: 0:00:02  time: 0.0298  data_time: 0.0053  memory: 601  
2026/08/05 13:14:24 - mmengine - INFO - Epoch(val)  [62][ 20/116]    eta: 0:00:02  time: 0.0297  data_time: 0.0052  memory: 112  
2026/08/05 13:14:24 - mmengine - INFO - Epoch(val)  [62][ 30/116]    eta: 0:00:02  time: 0.0287  data_time: 0.0046  memory: 122  
2026/08/05 13:14:25 - mmengine - INFO - Epoch(val)  [62][ 40/116]    eta: 0:00:02  time: 0.0284  data_time: 0.0043  memory: 107  
2026/08/05 13:14:25 - mmengine - INFO - Epoch(val)  [62][ 50/116]    eta: 0:00:01  time: 0.0282  data_time: 0.0048  memory: 141  
2026/08/05 13:14:25 - mmengine - INFO - Epoch(val)  [62][ 60/116]    eta: 0:00:01  time: 0.0288  data_time: 0.0047  memory: 116  
2026/08/05 13:14:25 - mmengine - INFO - Epoch(val)  [62][ 70/116]    eta: 0:00:01  time: 0.0282  data_time: 0.0049  memory: 103  
2026/08/05 13:14:26 - mmengine - INFO - Epoch(val)  [62][ 80/116]    eta: 0:00:01  time: 0.0291  data_time: 0.0054  memory: 115  
2026/08/05 13:14:26 - mmengine - INFO - Epoch(val)  [62][ 90/116]    eta: 0:00:00  time: 0.0301  data_time: 0.0058  memory: 145  
2026/08/05 13:14:26 - mmengine - INFO - Epoch(val)  [62][100/116]    eta: 0:00:00  time: 0.0312  data_time: 0.0048  memory: 160  
2026/08/05 13:14:27 - mmengine - INFO - Epoch(val)  [62][110/116]    eta: 0:00:00  time: 0.0314  data_time: 0.0047  memory: 122  
2026/08/05 13:14:27 - mmengine - INFO - Evaluating bbox...
2026/08/05 13:14:27 - mmengine - INFO - bbox_mAP_copypaste: 0.618 0.892 0.696 0.000 0.722 0.570
2026/08/05 13:14:27 - mmengine - INFO - Evaluating segm...
2026/08/05 13:14:27 - mmengine - INFO - segm_mAP_copypaste: 0.385 0.561 0.416 0.000 0.504 0.342
2026/08/05 13:14:27 - mmengine - INFO - Epoch(val) [62][116/116]    coco/bbox_mAP: 0.6180  coco/bbox_mAP_50: 0.8920  coco/bbox_mAP_75: 0.6960  coco/bbox_mAP_s: 0.0000  coco/bbox_mAP_m: 0.7220  coco/bbox_mAP_l: 0.5700  coco/segm_mAP: 0.3850  coco/segm_mAP_50: 0.5610  coco/segm_mAP_75: 0.4160  coco/segm_mAP_s: 0.0000  coco/segm_mAP_m: 0.5040  coco/segm_mAP_l: 0.3420  data_time: 0.0047  time: 0.0301
2026/08/05 13:14:31 - mmengine - INFO - Epoch(train)  [63][10/68]  base_lr: 1.0857e-04 lr: 1.0857e-04  eta: 0:14:15  time: 0.3336  data_time: 0.1208  memory: 600  grad_norm: 10.6147  loss: 0.4204  loss_cls: 0.1022  loss_bbox: 0.2200  loss_mask: 0.0981
2026/08/05 13:14:34 - mmengine - INFO - Epoch(train)  [63][20/68]  base_lr: 1.0819e-04 lr: 1.0819e-04  eta: 0:14:12  time: 0.3358  data_time: 0.1225  memory: 601  grad_norm: 10.9472  loss: 0.4242  loss_cls: 0.1031  loss_bbox: 0.2228  loss_mask: 0.0983
2026/08/05 13:14:37 - mmengine - INFO - Epoch(train)  [63][30/68]  base_lr: 1.0780e-04 lr: 1.0780e-04  eta: 0:14:09  time: 0.3332  data_time: 0.1170  memory: 603  grad_norm: 10.8695  loss: 0.4241  loss_cls: 0.1028  loss_bbox: 0.2220  loss_mask: 0.0993
2026/08/05 13:14:41 - mmengine - INFO - Epoch(train)  [63][40/68]  base_lr: 1.0742e-04 lr: 1.0742e-04  eta: 0:14:05  time: 0.3296  data_time: 0.1149  memory: 602  grad_norm: 11.2344  loss: 0.4222  loss_cls: 0.1027  loss_bbox: 0.2209  loss_mask: 0.0986
2026/08/05 13:14:44 - mmengine - INFO - Epoch(train)  [63][50/68]  base_lr: 1.0702e-04 lr: 1.0702e-04  eta: 0:14:02  time: 0.3372  data_time: 0.1216  memory: 601  grad_norm: 11.3538  loss: 0.4283  loss_cls: 0.1067  loss_bbox: 0.2231  loss_mask: 0.0985
2026/08/05 13:14:47 - mmengine - INFO - Epoch(train)  [63][60/68]  base_lr: 1.0663e-04 lr: 1.0663e-04  eta: 0:13:59  time: 0.3303  data_time: 0.1191  memory: 601  grad_norm: 10.8027  loss: 0.4258  loss_cls: 0.1008  loss_bbox: 0.2258  loss_mask: 0.0992
2026/08/05 13:14:50 - mmengine - INFO - Exp name: rtmdet_ins_busi_20260805_124409
2026/08/05 13:14:50 - mmengine - INFO - Saving checkpoint at 63 epochs
2026/08/05 13:14:52 - mmengine - INFO - Epoch(val)  [63][ 10/116]    eta: 0:00:03  time: 0.0326  data_time: 0.0051  memory: 601  
2026/08/05 13:14:52 - mmengine - INFO - Epoch(val)  [63][ 20/116]    eta: 0:00:02  time: 0.0324  data_time: 0.0051  memory: 113  
2026/08/05 13:14:53 - mmengine - INFO - Epoch(val)  [63][ 30/116]    eta: 0:00:02  time: 0.0308  data_time: 0.0049  memory: 120  
2026/08/05 13:14:53 - mmengine - INFO - Epoch(val)  [63][ 40/116]    eta: 0:00:02  time: 0.0300  data_time: 0.0046  memory: 116  
2026/08/05 13:14:53 - mmengine - INFO - Epoch(val)  [63][ 50/116]    eta: 0:00:01  time: 0.0290  data_time: 0.0053  memory: 135  
2026/08/05 13:14:53 - mmengine - INFO - Epoch(val)  [63][ 60/116]    eta: 0:00:01  time: 0.0290  data_time: 0.0062  memory: 133  
2026/08/05 13:14:54 - mmengine - INFO - Epoch(val)  [63][ 70/116]    eta: 0:00:01  time: 0.0283  data_time: 0.0059  memory: 110  
2026/08/05 13:14:54 - mmengine - INFO - Epoch(val)  [63][ 80/116]    eta: 0:00:01  time: 0.0284  data_time: 0.0059  memory: 120  
2026/08/05 13:14:54 - mmengine - INFO - Epoch(val)  [63][ 90/116]    eta: 0:00:00  time: 0.0296  data_time: 0.0062  memory: 138  
2026/08/05 13:14:55 - mmengine - INFO - Epoch(val)  [63][100/116]    eta: 0:00:00  time: 0.0302  data_time: 0.0062  memory: 177  
2026/08/05 13:14:55 - mmengine - INFO - Epoch(val)  [63][110/116]    eta: 0:00:00  time: 0.0300  data_time: 0.0050  memory: 134  
2026/08/05 13:14:55 - mmengine - INFO - Evaluating bbox...
2026/08/05 13:14:55 - mmengine - INFO - bbox_mAP_copypaste: 0.625 0.890 0.703 0.000 0.719 0.572
2026/08/05 13:14:55 - mmengine - INFO - Evaluating segm...
2026/08/05 13:14:55 - mmengine - INFO - segm_mAP_copypaste: 0.375 0.548 0.423 0.000 0.520 0.311
2026/08/05 13:14:55 - mmengine - INFO - Epoch(val) [63][116/116]    coco/bbox_mAP: 0.6250  coco/bbox_mAP_50: 0.8900  coco/bbox_mAP_75: 0.7030  coco/bbox_mAP_s: 0.0000  coco/bbox_mAP_m: 0.7190  coco/bbox_mAP_l: 0.5720  coco/segm_mAP: 0.3750  coco/segm_mAP_50: 0.5480  coco/segm_mAP_75: 0.4230  coco/segm_mAP_s: 0.0000  coco/segm_mAP_m: 0.5200  coco/segm_mAP_l: 0.3110  data_time: 0.0056  time: 0.0295
2026/08/05 13:14:59 - mmengine - INFO - Epoch(train)  [64][10/68]  base_lr: 1.0591e-04 lr: 1.0591e-04  eta: 0:13:53  time: 0.3313  data_time: 0.1232  memory: 601  grad_norm: 10.3164  loss: 0.4101  loss_cls: 0.0924  loss_bbox: 0.2205  loss_mask: 0.0972
2026/08/05 13:15:02 - mmengine - INFO - Epoch(train)  [64][20/68]  base_lr: 1.0550e-04 lr: 1.0550e-04  eta: 0:13:49  time: 0.3299  data_time: 0.1221  memory: 602  grad_norm: 10.5990  loss: 0.4127  loss_cls: 0.0927  loss_bbox: 0.2217  loss_mask: 0.0983
2026/08/05 13:15:05 - mmengine - INFO - Epoch(train)  [64][30/68]  base_lr: 1.0510e-04 lr: 1.0510e-04  eta: 0:13:46  time: 0.3304  data_time: 0.1211  memory: 601  grad_norm: 10.3985  loss: 0.4034  loss_cls: 0.0905  loss_bbox: 0.2170  loss_mask: 0.0959
2026/08/05 13:15:09 - mmengine - INFO - Epoch(train)  [64][40/68]  base_lr: 1.0468e-04 lr: 1.0468e-04  eta: 0:13:43  time: 0.3302  data_time: 0.1201  memory: 601  grad_norm: 10.8358  loss: 0.4016  loss_cls: 0.0924  loss_bbox: 0.2142  loss_mask: 0.0949
2026/08/05 13:15:12 - mmengine - INFO - Epoch(train)  [64][50/68]  base_lr: 1.0427e-04 lr: 1.0427e-04  eta: 0:13:39  time: 0.3351  data_time: 0.1235  memory: 601  grad_norm: 11.3110  loss: 0.4111  loss_cls: 0.0961  loss_bbox: 0.2206  loss_mask: 0.0944
2026/08/05 13:15:15 - mmengine - INFO - Epoch(train)  [64][60/68]  base_lr: 1.0385e-04 lr: 1.0385e-04  eta: 0:13:36  time: 0.3288  data_time: 0.1183  memory: 601  grad_norm: 11.5732  loss: 0.4279  loss_cls: 0.1018  loss_bbox: 0.2279  loss_mask: 0.0982
2026/08/05 13:15:17 - mmengine - INFO - Exp name: rtmdet_ins_busi_20260805_124409
2026/08/05 13:15:17 - mmengine - INFO - Saving checkpoint at 64 epochs
2026/08/05 13:15:20 - mmengine - INFO - Epoch(val)  [64][ 10/116]    eta: 0:00:03  time: 0.0304  data_time: 0.0059  memory: 599  
2026/08/05 13:15:20 - mmengine - INFO - Epoch(val)  [64][ 20/116]    eta: 0:00:02  time: 0.0305  data_time: 0.0065  memory: 112  
2026/08/05 13:15:20 - mmengine - INFO - Epoch(val)  [64][ 30/116]    eta: 0:00:02  time: 0.0297  data_time: 0.0060  memory: 117  
2026/08/05 13:15:21 - mmengine - INFO - Epoch(val)  [64][ 40/116]    eta: 0:00:02  time: 0.0295  data_time: 0.0050  memory: 129  
2026/08/05 13:15:21 - mmengine - INFO - Epoch(val)  [64][ 50/116]    eta: 0:00:01  time: 0.0293  data_time: 0.0058  memory: 135  
2026/08/05 13:15:21 - mmengine - INFO - Epoch(val)  [64][ 60/116]    eta: 0:00:01  time: 0.0295  data_time: 0.0047  memory: 133  
2026/08/05 13:15:21 - mmengine - INFO - Epoch(val)  [64][ 70/116]    eta: 0:00:01  time: 0.0284  data_time: 0.0046  memory: 116  
2026/08/05 13:15:22 - mmengine - INFO - Epoch(val)  [64][ 80/116]    eta: 0:00:01  time: 0.0284  data_time: 0.0049  memory: 121  
2026/08/05 13:15:22 - mmengine - INFO - Epoch(val)  [64][ 90/116]    eta: 0:00:00  time: 0.0288  data_time: 0.0054  memory: 129  
2026/08/05 13:15:22 - mmengine - INFO - Epoch(val)  [64][100/116]    eta: 0:00:00  time: 0.0294  data_time: 0.0048  memory: 160  
2026/08/05 13:15:23 - mmengine - INFO - Epoch(val)  [64][110/116]    eta: 0:00:00  time: 0.0295  data_time: 0.0048  memory: 142  
2026/08/05 13:15:23 - mmengine - INFO - Evaluating bbox...
2026/08/05 13:15:23 - mmengine - INFO - bbox_mAP_copypaste: 0.627 0.904 0.701 0.000 0.712 0.585
2026/08/05 13:15:23 - mmengine - INFO - Evaluating segm...
2026/08/05 13:15:23 - mmengine - INFO - segm_mAP_copypaste: 0.379 0.558 0.448 0.000 0.528 0.321
2026/08/05 13:15:23 - mmengine - INFO - Epoch(val) [64][116/116]    coco/bbox_mAP: 0.6270  coco/bbox_mAP_50: 0.9040  coco/bbox_mAP_75: 0.7010  coco/bbox_mAP_s: 0.0000  coco/bbox_mAP_m: 0.7120  coco/bbox_mAP_l: 0.5850  coco/segm_mAP: 0.3790  coco/segm_mAP_50: 0.5580  coco/segm_mAP_75: 0.4480  coco/segm_mAP_s: 0.0000  coco/segm_mAP_m: 0.5280  coco/segm_mAP_l: 0.3210  data_time: 0.0049  time: 0.0296
2026/08/05 13:15:26 - mmengine - INFO - Epoch(train)  [65][10/68]  base_lr: 1.0309e-04 lr: 1.0309e-04  eta: 0:13:30  time: 0.3184  data_time: 0.1095  memory: 600  grad_norm: 12.3682  loss: 0.4429  loss_cls: 0.1013  loss_bbox: 0.2401  loss_mask: 0.1015
2026/08/05 13:15:30 - mmengine - INFO - Epoch(train)  [65][20/68]  base_lr: 1.0266e-04 lr: 1.0266e-04  eta: 0:13:26  time: 0.3203  data_time: 0.1117  memory: 603  grad_norm: 12.1618  loss: 0.4459  loss_cls: 0.1037  loss_bbox: 0.2402  loss_mask: 0.1020
2026/08/05 13:15:33 - mmengine - INFO - Epoch(train)  [65][30/68]  base_lr: 1.0223e-04 lr: 1.0223e-04  eta: 0:13:23  time: 0.3223  data_time: 0.1128  memory: 601  grad_norm: 12.0018  loss: 0.4464  loss_cls: 0.1045  loss_bbox: 0.2376  loss_mask: 0.1043
2026/08/05 13:15:37 - mmengine - INFO - Epoch(train)  [65][40/68]  base_lr: 1.0180e-04 lr: 1.0180e-04  eta: 0:13:20  time: 0.3279  data_time: 0.1146  memory: 601  grad_norm: 12.0919  loss: 0.4325  loss_cls: 0.0995  loss_bbox: 0.2306  loss_mask: 0.1025
2026/08/05 13:15:40 - mmengine - INFO - Epoch(train)  [65][50/68]  base_lr: 1.0136e-04 lr: 1.0136e-04  eta: 0:13:17  time: 0.3386  data_time: 0.1214  memory: 601  grad_norm: 11.4450  loss: 0.4182  loss_cls: 0.0982  loss_bbox: 0.2212  loss_mask: 0.0987
2026/08/05 13:15:43 - mmengine - INFO - Epoch(train)  [65][60/68]  base_lr: 1.0092e-04 lr: 1.0092e-04  eta: 0:13:13  time: 0.3412  data_time: 0.1256  memory: 599  grad_norm: 11.3833  loss: 0.4110  loss_cls: 0.0940  loss_bbox: 0.2193  loss_mask: 0.0977
2026/08/05 13:15:46 - mmengine - INFO - Exp name: rtmdet_ins_busi_20260805_124409
2026/08/05 13:15:46 - mmengine - INFO - Saving checkpoint at 65 epochs
2026/08/05 13:15:48 - mmengine - INFO - Epoch(val)  [65][ 10/116]    eta: 0:00:03  time: 0.0303  data_time: 0.0040  memory: 602  
2026/08/05 13:15:48 - mmengine - INFO - Epoch(val)  [65][ 20/116]    eta: 0:00:02  time: 0.0300  data_time: 0.0044  memory: 123  
2026/08/05 13:15:49 - mmengine - INFO - Epoch(val)  [65][ 30/116]    eta: 0:00:02  time: 0.0295  data_time: 0.0039  memory: 122  
2026/08/05 13:15:49 - mmengine - INFO - Epoch(val)  [65][ 40/116]    eta: 0:00:02  time: 0.0294  data_time: 0.0037  memory: 129  
2026/08/05 13:15:49 - mmengine - INFO - Epoch(val)  [65][ 50/116]    eta: 0:00:01  time: 0.0287  data_time: 0.0046  memory: 135  
2026/08/05 13:15:50 - mmengine - INFO - Epoch(val)  [65][ 60/116]    eta: 0:00:01  time: 0.0285  data_time: 0.0051  memory: 142  
2026/08/05 13:15:50 - mmengine - INFO - Epoch(val)  [65][ 70/116]    eta: 0:00:01  time: 0.0287  data_time: 0.0048  memory: 122  
2026/08/05 13:15:50 - mmengine - INFO - Epoch(val)  [65][ 80/116]    eta: 0:00:01  time: 0.0291  data_time: 0.0053  memory: 122  
2026/08/05 13:15:50 - mmengine - INFO - Epoch(val)  [65][ 90/116]    eta: 0:00:00  time: 0.0296  data_time: 0.0062  memory: 133  
2026/08/05 13:15:51 - mmengine - INFO - Epoch(val)  [65][100/116]    eta: 0:00:00  time: 0.0299  data_time: 0.0056  memory: 169  
2026/08/05 13:15:51 - mmengine - INFO - Epoch(val)  [65][110/116]    eta: 0:00:00  time: 0.0304  data_time: 0.0049  memory: 138  
2026/08/05 13:15:51 - mmengine - INFO - Evaluating bbox...
2026/08/05 13:15:51 - mmengine - INFO - bbox_mAP_copypaste: 0.620 0.894 0.713 0.000 0.737 0.562
2026/08/05 13:15:51 - mmengine - INFO - Evaluating segm...
2026/08/05 13:15:51 - mmengine - INFO - segm_mAP_copypaste: 0.379 0.560 0.444 0.000 0.537 0.313
2026/08/05 13:15:51 - mmengine - INFO - Epoch(val) [65][116/116]    coco/bbox_mAP: 0.6200  coco/bbox_mAP_50: 0.8940  coco/bbox_mAP_75: 0.7130  coco/bbox_mAP_s: 0.0000  coco/bbox_mAP_m: 0.7370  coco/bbox_mAP_l: 0.5620  coco/segm_mAP: 0.3790  coco/segm_mAP_50: 0.5600  coco/segm_mAP_75: 0.4440  coco/segm_mAP_s: 0.0000  coco/segm_mAP_m: 0.5370  coco/segm_mAP_l: 0.3130  data_time: 0.0049  time: 0.0293
2026/08/05 13:15:55 - mmengine - INFO - Epoch(train)  [66][10/68]  base_lr: 1.0012e-04 lr: 1.0012e-04  eta: 0:13:07  time: 0.3380  data_time: 0.1209  memory: 601  grad_norm: 11.0565  loss: 0.4066  loss_cls: 0.0890  loss_bbox: 0.2196  loss_mask: 0.0980
2026/08/05 13:15:58 - mmengine - INFO - Epoch(train)  [66][20/68]  base_lr: 9.9676e-05 lr: 9.9676e-05  eta: 0:13:04  time: 0.3357  data_time: 0.1250  memory: 601  grad_norm: 10.6461  loss: 0.4058  loss_cls: 0.0875  loss_bbox: 0.2219  loss_mask: 0.0964
2026/08/05 13:16:02 - mmengine - INFO - Epoch(train)  [66][30/68]  base_lr: 9.9225e-05 lr: 9.9225e-05  eta: 0:13:01  time: 0.3325  data_time: 0.1249  memory: 601  grad_norm: 10.9042  loss: 0.4118  loss_cls: 0.0901  loss_bbox: 0.2249  loss_mask: 0.0967
2026/08/05 13:16:05 - mmengine - INFO - Epoch(train)  [66][40/68]  base_lr: 9.8771e-05 lr: 9.8771e-05  eta: 0:12:57  time: 0.3327  data_time: 0.1246  memory: 601  grad_norm: 10.5655  loss: 0.4091  loss_cls: 0.0875  loss_bbox: 0.2244  loss_mask: 0.0972
2026/08/05 13:16:08 - mmengine - INFO - Epoch(train)  [66][50/68]  base_lr: 9.8315e-05 lr: 9.8315e-05  eta: 0:12:54  time: 0.3309  data_time: 0.1214  memory: 601  grad_norm: 10.5548  loss: 0.4062  loss_cls: 0.0854  loss_bbox: 0.2226  loss_mask: 0.0982
2026/08/05 13:16:11 - mmengine - INFO - Epoch(train)  [66][60/68]  base_lr: 9.7856e-05 lr: 9.7856e-05  eta: 0:12:51  time: 0.3302  data_time: 0.1221  memory: 601  grad_norm: 10.8563  loss: 0.4138  loss_cls: 0.0907  loss_bbox: 0.2241  loss_mask: 0.0989
2026/08/05 13:16:14 - mmengine - INFO - Exp name: rtmdet_ins_busi_20260805_124409
2026/08/05 13:16:14 - mmengine - INFO - Saving checkpoint at 66 epochs
2026/08/05 13:16:16 - mmengine - INFO - Epoch(val)  [66][ 10/116]    eta: 0:00:03  time: 0.0302  data_time: 0.0045  memory: 601  
2026/08/05 13:16:17 - mmengine - INFO - Epoch(val)  [66][ 20/116]    eta: 0:00:02  time: 0.0295  data_time: 0.0036  memory: 123  
2026/08/05 13:16:17 - mmengine - INFO - Epoch(val)  [66][ 30/116]    eta: 0:00:02  time: 0.0283  data_time: 0.0028  memory: 124  
2026/08/05 13:16:17 - mmengine - INFO - Epoch(val)  [66][ 40/116]    eta: 0:00:02  time: 0.0278  data_time: 0.0027  memory: 118  
2026/08/05 13:16:17 - mmengine - INFO - Epoch(val)  [66][ 50/116]    eta: 0:00:01  time: 0.0271  data_time: 0.0028  memory: 141  
2026/08/05 13:16:18 - mmengine - INFO - Epoch(val)  [66][ 60/116]    eta: 0:00:01  time: 0.0273  data_time: 0.0031  memory: 120  
2026/08/05 13:16:18 - mmengine - INFO - Epoch(val)  [66][ 70/116]    eta: 0:00:01  time: 0.0275  data_time: 0.0037  memory: 110  
2026/08/05 13:16:18 - mmengine - INFO - Epoch(val)  [66][ 80/116]    eta: 0:00:00  time: 0.0280  data_time: 0.0042  memory: 119  
2026/08/05 13:16:19 - mmengine - INFO - Epoch(val)  [66][ 90/116]    eta: 0:00:00  time: 0.0281  data_time: 0.0054  memory: 124  
2026/08/05 13:16:19 - mmengine - INFO - Epoch(val)  [66][100/116]    eta: 0:00:00  time: 0.0282  data_time: 0.0059  memory: 152  
2026/08/05 13:16:19 - mmengine - INFO - Epoch(val)  [66][110/116]    eta: 0:00:00  time: 0.0277  data_time: 0.0062  memory: 115  
2026/08/05 13:16:19 - mmengine - INFO - Evaluating bbox...
2026/08/05 13:16:19 - mmengine - INFO - bbox_mAP_copypaste: 0.596 0.890 0.640 0.000 0.687 0.560
2026/08/05 13:16:19 - mmengine - INFO - Evaluating segm...
2026/08/05 13:16:19 - mmengine - INFO - segm_mAP_copypaste: 0.379 0.566 0.418 0.000 0.548 0.317
2026/08/05 13:16:19 - mmengine - INFO - Epoch(val) [66][116/116]    coco/bbox_mAP: 0.5960  coco/bbox_mAP_50: 0.8900  coco/bbox_mAP_75: 0.6400  coco/bbox_mAP_s: 0.0000  coco/bbox_mAP_m: 0.6870  coco/bbox_mAP_l: 0.5600  coco/segm_mAP: 0.3790  coco/segm_mAP_50: 0.5660  coco/segm_mAP_75: 0.4180  coco/segm_mAP_s: 0.0000  coco/segm_mAP_m: 0.5480  coco/segm_mAP_l: 0.3170  data_time: 0.0047  time: 0.0279
2026/08/05 13:16:23 - mmengine - INFO - Epoch(train)  [67][10/68]  base_lr: 9.7022e-05 lr: 9.7022e-05  eta: 0:12:45  time: 0.3299  data_time: 0.1193  memory: 605  grad_norm: 11.1851  loss: 0.4099  loss_cls: 0.0928  loss_bbox: 0.2197  loss_mask: 0.0975
2026/08/05 13:16:26 - mmengine - INFO - Epoch(train)  [67][20/68]  base_lr: 9.6555e-05 lr: 9.6555e-05  eta: 0:12:41  time: 0.3320  data_time: 0.1204  memory: 602  grad_norm: 11.2800  loss: 0.4134  loss_cls: 0.0955  loss_bbox: 0.2200  loss_mask: 0.0978
2026/08/05 13:16:29 - mmengine - INFO - Epoch(train)  [67][30/68]  base_lr: 9.6085e-05 lr: 9.6085e-05  eta: 0:12:38  time: 0.3351  data_time: 0.1237  memory: 601  grad_norm: 11.6328  loss: 0.4082  loss_cls: 0.0967  loss_bbox: 0.2158  loss_mask: 0.0956
2026/08/05 13:16:33 - mmengine - INFO - Epoch(train)  [67][40/68]  base_lr: 9.5613e-05 lr: 9.5613e-05  eta: 0:12:35  time: 0.3361  data_time: 0.1268  memory: 602  grad_norm: 11.2930  loss: 0.4057  loss_cls: 0.0965  loss_bbox: 0.2150  loss_mask: 0.0941
2026/08/05 13:16:36 - mmengine - INFO - Epoch(train)  [67][50/68]  base_lr: 9.5138e-05 lr: 9.5138e-05  eta: 0:12:31  time: 0.3347  data_time: 0.1240  memory: 599  grad_norm: 11.1084  loss: 0.4104  loss_cls: 0.0967  loss_bbox: 0.2192  loss_mask: 0.0945
2026/08/05 13:16:39 - mmengine - INFO - Epoch(train)  [67][60/68]  base_lr: 9.4661e-05 lr: 9.4661e-05  eta: 0:12:28  time: 0.3321  data_time: 0.1225  memory: 601  grad_norm: 10.8647  loss: 0.4140  loss_cls: 0.0981  loss_bbox: 0.2192  loss_mask: 0.0967
2026/08/05 13:16:42 - mmengine - INFO - Exp name: rtmdet_ins_busi_20260805_124409
2026/08/05 13:16:42 - mmengine - INFO - Saving checkpoint at 67 epochs
2026/08/05 13:16:44 - mmengine - INFO - Epoch(val)  [67][ 10/116]    eta: 0:00:03  time: 0.0293  data_time: 0.0064  memory: 602  
2026/08/05 13:16:45 - mmengine - INFO - Epoch(val)  [67][ 20/116]    eta: 0:00:02  time: 0.0294  data_time: 0.0057  memory: 121  
2026/08/05 13:16:45 - mmengine - INFO - Epoch(val)  [67][ 30/116]    eta: 0:00:02  time: 0.0296  data_time: 0.0053  memory: 124  
2026/08/05 13:16:45 - mmengine - INFO - Epoch(val)  [67][ 40/116]    eta: 0:00:02  time: 0.0295  data_time: 0.0044  memory: 116  
2026/08/05 13:16:46 - mmengine - INFO - Epoch(val)  [67][ 50/116]    eta: 0:00:01  time: 0.0301  data_time: 0.0046  memory: 153  
2026/08/05 13:16:46 - mmengine - INFO - Epoch(val)  [67][ 60/116]    eta: 0:00:01  time: 0.0296  data_time: 0.0049  memory: 133  
2026/08/05 13:16:46 - mmengine - INFO - Epoch(val)  [67][ 70/116]    eta: 0:00:01  time: 0.0292  data_time: 0.0051  memory: 122  
2026/08/05 13:16:46 - mmengine - INFO - Epoch(val)  [67][ 80/116]    eta: 0:00:01  time: 0.0295  data_time: 0.0049  memory: 118  
2026/08/05 13:16:47 - mmengine - INFO - Epoch(val)  [67][ 90/116]    eta: 0:00:00  time: 0.0295  data_time: 0.0058  memory: 120  
2026/08/05 13:16:47 - mmengine - INFO - Epoch(val)  [67][100/116]    eta: 0:00:00  time: 0.0289  data_time: 0.0048  memory: 157  
2026/08/05 13:16:47 - mmengine - INFO - Epoch(val)  [67][110/116]    eta: 0:00:00  time: 0.0284  data_time: 0.0051  memory: 127  
2026/08/05 13:16:47 - mmengine - INFO - Evaluating bbox...
2026/08/05 13:16:48 - mmengine - INFO - bbox_mAP_copypaste: 0.612 0.883 0.671 0.000 0.718 0.568
2026/08/05 13:16:48 - mmengine - INFO - Evaluating segm...
2026/08/05 13:16:48 - mmengine - INFO - segm_mAP_copypaste: 0.380 0.565 0.425 0.000 0.532 0.321
2026/08/05 13:16:48 - mmengine - INFO - Epoch(val) [67][116/116]    coco/bbox_mAP: 0.6120  coco/bbox_mAP_50: 0.8830  coco/bbox_mAP_75: 0.6710  coco/bbox_mAP_s: 0.0000  coco/bbox_mAP_m: 0.7180  coco/bbox_mAP_l: 0.5680  coco/segm_mAP: 0.3800  coco/segm_mAP_50: 0.5650  coco/segm_mAP_75: 0.4250  coco/segm_mAP_s: 0.0000  coco/segm_mAP_m: 0.5320  coco/segm_mAP_l: 0.3210  data_time: 0.0048  time: 0.0293
2026/08/05 13:16:51 - mmengine - INFO - Epoch(train)  [68][10/68]  base_lr: 9.3795e-05 lr: 9.3795e-05  eta: 0:12:22  time: 0.3385  data_time: 0.1291  memory: 599  grad_norm: 10.7347  loss: 0.4191  loss_cls: 0.1008  loss_bbox: 0.2212  loss_mask: 0.0971
2026/08/05 13:16:54 - mmengine - INFO - Epoch(train)  [68][20/68]  base_lr: 9.3311e-05 lr: 9.3311e-05  eta: 0:12:19  time: 0.3334  data_time: 0.1240  memory: 601  grad_norm: 10.7689  loss: 0.4185  loss_cls: 0.0974  loss_bbox: 0.2231  loss_mask: 0.0980
2026/08/05 13:16:58 - mmengine - INFO - Epoch(train)  [68][30/68]  base_lr: 9.2825e-05 lr: 9.2825e-05  eta: 0:12:15  time: 0.3328  data_time: 0.1222  memory: 601  grad_norm: 10.8246  loss: 0.4196  loss_cls: 0.0984  loss_bbox: 0.2221  loss_mask: 0.0991
2026/08/05 13:17:01 - mmengine - INFO - Epoch(train)  [68][40/68]  base_lr: 9.2336e-05 lr: 9.2336e-05  eta: 0:12:12  time: 0.3324  data_time: 0.1224  memory: 601  grad_norm: 11.3068  loss: 0.4259  loss_cls: 0.0995  loss_bbox: 0.2271  loss_mask: 0.0993
2026/08/05 13:17:04 - mmengine - INFO - Epoch(train)  [68][50/68]  base_lr: 9.1845e-05 lr: 9.1845e-05  eta: 0:12:09  time: 0.3341  data_time: 0.1231  memory: 602  grad_norm: 11.2399  loss: 0.4125  loss_cls: 0.0951  loss_bbox: 0.2217  loss_mask: 0.0957
2026/08/05 13:17:08 - mmengine - INFO - Epoch(train)  [68][60/68]  base_lr: 9.1352e-05 lr: 9.1352e-05  eta: 0:12:05  time: 0.3290  data_time: 0.1188  memory: 603  grad_norm: 11.3672  loss: 0.4054  loss_cls: 0.0925  loss_bbox: 0.2178  loss_mask: 0.0951
2026/08/05 13:17:10 - mmengine - INFO - Exp name: rtmdet_ins_busi_20260805_124409
2026/08/05 13:17:10 - mmengine - INFO - Saving checkpoint at 68 epochs
2026/08/05 13:17:13 - mmengine - INFO - Epoch(val)  [68][ 10/116]    eta: 0:00:02  time: 0.0284  data_time: 0.0051  memory: 601  
2026/08/05 13:17:13 - mmengine - INFO - Epoch(val)  [68][ 20/116]    eta: 0:00:02  time: 0.0282  data_time: 0.0047  memory: 123  
2026/08/05 13:17:13 - mmengine - INFO - Epoch(val)  [68][ 30/116]    eta: 0:00:02  time: 0.0269  data_time: 0.0046  memory: 120  
2026/08/05 13:17:13 - mmengine - INFO - Epoch(val)  [68][ 40/116]    eta: 0:00:02  time: 0.0273  data_time: 0.0044  memory: 107  
2026/08/05 13:17:14 - mmengine - INFO - Epoch(val)  [68][ 50/116]    eta: 0:00:01  time: 0.0272  data_time: 0.0046  memory: 141  
2026/08/05 13:17:14 - mmengine - INFO - Epoch(val)  [68][ 60/116]    eta: 0:00:01  time: 0.0277  data_time: 0.0048  memory: 125  
2026/08/05 13:17:14 - mmengine - INFO - Epoch(val)  [68][ 70/116]    eta: 0:00:01  time: 0.0276  data_time: 0.0050  memory: 111  
2026/08/05 13:17:15 - mmengine - INFO - Epoch(val)  [68][ 80/116]    eta: 0:00:00  time: 0.0283  data_time: 0.0053  memory: 112  
2026/08/05 13:17:15 - mmengine - INFO - Epoch(val)  [68][ 90/116]    eta: 0:00:00  time: 0.0289  data_time: 0.0062  memory: 116  
2026/08/05 13:17:15 - mmengine - INFO - Epoch(val)  [68][100/116]    eta: 0:00:00  time: 0.0293  data_time: 0.0058  memory: 160  
2026/08/05 13:17:15 - mmengine - INFO - Epoch(val)  [68][110/116]    eta: 0:00:00  time: 0.0285  data_time: 0.0054  memory: 115  
2026/08/05 13:17:16 - mmengine - INFO - Evaluating bbox...
2026/08/05 13:17:16 - mmengine - INFO - bbox_mAP_copypaste: 0.614 0.887 0.690 0.000 0.714 0.564
2026/08/05 13:17:16 - mmengine - INFO - Evaluating segm...
2026/08/05 13:17:16 - mmengine - INFO - segm_mAP_copypaste: 0.376 0.548 0.407 0.000 0.540 0.308
2026/08/05 13:17:16 - mmengine - INFO - Epoch(val) [68][116/116]    coco/bbox_mAP: 0.6140  coco/bbox_mAP_50: 0.8870  coco/bbox_mAP_75: 0.6900  coco/bbox_mAP_s: 0.0000  coco/bbox_mAP_m: 0.7140  coco/bbox_mAP_l: 0.5640  coco/segm_mAP: 0.3760  coco/segm_mAP_50: 0.5480  coco/segm_mAP_75: 0.4070  coco/segm_mAP_s: 0.0000  coco/segm_mAP_m: 0.5400  coco/segm_mAP_l: 0.3080  data_time: 0.0051  time: 0.0281
2026/08/05 13:17:19 - mmengine - INFO - Epoch(train)  [69][10/68]  base_lr: 9.0458e-05 lr: 9.0458e-05  eta: 0:11:59  time: 0.3341  data_time: 0.1235  memory: 601  grad_norm: 12.2127  loss: 0.4004  loss_cls: 0.0898  loss_bbox: 0.2184  loss_mask: 0.0921
2026/08/05 13:17:22 - mmengine - INFO - Epoch(train)  [69][20/68]  base_lr: 8.9959e-05 lr: 8.9959e-05  eta: 0:11:56  time: 0.3337  data_time: 0.1246  memory: 601  grad_norm: 11.9835  loss: 0.3899  loss_cls: 0.0854  loss_bbox: 0.2139  loss_mask: 0.0906
2026/08/05 13:17:26 - mmengine - INFO - Epoch(train)  [69][30/68]  base_lr: 8.9457e-05 lr: 8.9457e-05  eta: 0:11:53  time: 0.3337  data_time: 0.1243  memory: 601  grad_norm: 11.5753  loss: 0.4072  loss_cls: 0.0894  loss_bbox: 0.2218  loss_mask: 0.0959
2026/08/05 13:17:29 - mmengine - INFO - Epoch(train)  [69][40/68]  base_lr: 8.8954e-05 lr: 8.8954e-05  eta: 0:11:50  time: 0.3418  data_time: 0.1296  memory: 602  grad_norm: 11.6773  loss: 0.4070  loss_cls: 0.0900  loss_bbox: 0.2209  loss_mask: 0.0961
2026/08/05 13:17:33 - mmengine - INFO - Epoch(train)  [69][50/68]  base_lr: 8.8448e-05 lr: 8.8448e-05  eta: 0:11:46  time: 0.3385  data_time: 0.1258  memory: 601  grad_norm: 11.3553  loss: 0.4130  loss_cls: 0.0940  loss_bbox: 0.2224  loss_mask: 0.0966
2026/08/05 13:17:36 - mmengine - INFO - Epoch(train)  [69][60/68]  base_lr: 8.7941e-05 lr: 8.7941e-05  eta: 0:11:43  time: 0.3357  data_time: 0.1247  memory: 601  grad_norm: 10.9580  loss: 0.4178  loss_cls: 0.0951  loss_bbox: 0.2225  loss_mask: 0.1003
2026/08/05 13:17:39 - mmengine - INFO - Exp name: rtmdet_ins_busi_20260805_124409
2026/08/05 13:17:39 - mmengine - INFO - Saving checkpoint at 69 epochs
2026/08/05 13:17:41 - mmengine - INFO - Epoch(val)  [69][ 10/116]    eta: 0:00:03  time: 0.0288  data_time: 0.0051  memory: 599  
2026/08/05 13:17:41 - mmengine - INFO - Epoch(val)  [69][ 20/116]    eta: 0:00:02  time: 0.0280  data_time: 0.0041  memory: 113  
2026/08/05 13:17:41 - mmengine - INFO - Epoch(val)  [69][ 30/116]    eta: 0:00:02  time: 0.0270  data_time: 0.0034  memory: 114  
2026/08/05 13:17:42 - mmengine - INFO - Epoch(val)  [69][ 40/116]    eta: 0:00:02  time: 0.0275  data_time: 0.0036  memory: 107  
2026/08/05 13:17:42 - mmengine - INFO - Epoch(val)  [69][ 50/116]    eta: 0:00:01  time: 0.0271  data_time: 0.0033  memory: 141  
2026/08/05 13:17:42 - mmengine - INFO - Epoch(val)  [69][ 60/116]    eta: 0:00:01  time: 0.0271  data_time: 0.0041  memory: 124  
2026/08/05 13:17:42 - mmengine - INFO - Epoch(val)  [69][ 70/116]    eta: 0:00:01  time: 0.0271  data_time: 0.0052  memory: 116  
2026/08/05 13:17:43 - mmengine - INFO - Epoch(val)  [69][ 80/116]    eta: 0:00:00  time: 0.0273  data_time: 0.0057  memory: 116  
2026/08/05 13:17:43 - mmengine - INFO - Epoch(val)  [69][ 90/116]    eta: 0:00:00  time: 0.0278  data_time: 0.0061  memory: 121  
2026/08/05 13:17:43 - mmengine - INFO - Epoch(val)  [69][100/116]    eta: 0:00:00  time: 0.0281  data_time: 0.0059  memory: 160  
2026/08/05 13:17:44 - mmengine - INFO - Epoch(val)  [69][110/116]    eta: 0:00:00  time: 0.0278  data_time: 0.0053  memory: 120  
2026/08/05 13:17:44 - mmengine - INFO - Evaluating bbox...
2026/08/05 13:17:44 - mmengine - INFO - bbox_mAP_copypaste: 0.614 0.888 0.700 0.000 0.721 0.560
2026/08/05 13:17:44 - mmengine - INFO - Evaluating segm...
2026/08/05 13:17:44 - mmengine - INFO - segm_mAP_copypaste: 0.377 0.557 0.422 0.000 0.538 0.311
2026/08/05 13:17:44 - mmengine - INFO - Epoch(val) [69][116/116]    coco/bbox_mAP: 0.6140  coco/bbox_mAP_50: 0.8880  coco/bbox_mAP_75: 0.7000  coco/bbox_mAP_s: 0.0000  coco/bbox_mAP_m: 0.7210  coco/bbox_mAP_l: 0.5600  coco/segm_mAP: 0.3770  coco/segm_mAP_50: 0.5570  coco/segm_mAP_75: 0.4220  coco/segm_mAP_s: 0.0000  coco/segm_mAP_m: 0.5380  coco/segm_mAP_l: 0.3110  data_time: 0.0049  time: 0.0281
2026/08/05 13:17:47 - mmengine - INFO - Epoch(train)  [70][10/68]  base_lr: 8.7023e-05 lr: 8.7023e-05  eta: 0:11:37  time: 0.3410  data_time: 0.1224  memory: 601  grad_norm: 11.0497  loss: 0.4148  loss_cls: 0.0895  loss_bbox: 0.2259  loss_mask: 0.0994
2026/08/05 13:17:51 - mmengine - INFO - Epoch(train)  [70][20/68]  base_lr: 8.6510e-05 lr: 8.6510e-05  eta: 0:11:34  time: 0.3416  data_time: 0.1238  memory: 601  grad_norm: 11.0439  loss: 0.4168  loss_cls: 0.0900  loss_bbox: 0.2269  loss_mask: 0.1000
2026/08/05 13:17:54 - mmengine - INFO - Epoch(train)  [70][30/68]  base_lr: 8.5995e-05 lr: 8.5995e-05  eta: 0:11:31  time: 0.3409  data_time: 0.1232  memory: 601  grad_norm: 11.1122  loss: 0.4102  loss_cls: 0.0877  loss_bbox: 0.2241  loss_mask: 0.0984
2026/08/05 13:17:58 - mmengine - INFO - Epoch(train)  [70][40/68]  base_lr: 8.5479e-05 lr: 8.5479e-05  eta: 0:11:27  time: 0.3405  data_time: 0.1219  memory: 601  grad_norm: 11.4534  loss: 0.4049  loss_cls: 0.0870  loss_bbox: 0.2226  loss_mask: 0.0952
2026/08/05 13:18:01 - mmengine - INFO - Epoch(train)  [70][50/68]  base_lr: 8.4961e-05 lr: 8.4961e-05  eta: 0:11:24  time: 0.3457  data_time: 0.1287  memory: 602  grad_norm: 11.5203  loss: 0.4020  loss_cls: 0.0882  loss_bbox: 0.2178  loss_mask: 0.0960
2026/08/05 13:18:05 - mmengine - INFO - Epoch(train)  [70][60/68]  base_lr: 8.4442e-05 lr: 8.4442e-05  eta: 0:11:21  time: 0.3405  data_time: 0.1272  memory: 602  grad_norm: 11.5706  loss: 0.3985  loss_cls: 0.0937  loss_bbox: 0.2111  loss_mask: 0.0937
2026/08/05 13:18:07 - mmengine - INFO - Exp name: rtmdet_ins_busi_20260805_124409
2026/08/05 13:18:07 - mmengine - INFO - Saving checkpoint at 70 epochs
2026/08/05 13:18:09 - mmengine - INFO - Epoch(val)  [70][ 10/116]    eta: 0:00:03  time: 0.0297  data_time: 0.0054  memory: 599  
2026/08/05 13:18:10 - mmengine - INFO - Epoch(val)  [70][ 20/116]    eta: 0:00:02  time: 0.0300  data_time: 0.0055  memory: 110  
2026/08/05 13:18:10 - mmengine - INFO - Epoch(val)  [70][ 30/116]    eta: 0:00:02  time: 0.0296  data_time: 0.0048  memory: 109  
2026/08/05 13:18:10 - mmengine - INFO - Epoch(val)  [70][ 40/116]    eta: 0:00:02  time: 0.0294  data_time: 0.0047  memory: 109  
2026/08/05 13:18:10 - mmengine - INFO - Epoch(val)  [70][ 50/116]    eta: 0:00:01  time: 0.0286  data_time: 0.0043  memory: 135  
2026/08/05 13:18:11 - mmengine - INFO - Epoch(val)  [70][ 60/116]    eta: 0:00:01  time: 0.0289  data_time: 0.0045  memory: 112  
2026/08/05 13:18:11 - mmengine - INFO - Epoch(val)  [70][ 70/116]    eta: 0:00:01  time: 0.0284  data_time: 0.0043  memory: 116  
2026/08/05 13:18:11 - mmengine - INFO - Epoch(val)  [70][ 80/116]    eta: 0:00:01  time: 0.0283  data_time: 0.0039  memory: 116  
2026/08/05 13:18:12 - mmengine - INFO - Epoch(val)  [70][ 90/116]    eta: 0:00:00  time: 0.0283  data_time: 0.0040  memory: 114  
2026/08/05 13:18:12 - mmengine - INFO - Epoch(val)  [70][100/116]    eta: 0:00:00  time: 0.0283  data_time: 0.0043  memory: 137  
2026/08/05 13:18:12 - mmengine - INFO - Epoch(val)  [70][110/116]    eta: 0:00:00  time: 0.0265  data_time: 0.0039  memory: 108  
2026/08/05 13:18:12 - mmengine - INFO - Evaluating bbox...
2026/08/05 13:18:12 - mmengine - INFO - bbox_mAP_copypaste: 0.606 0.882 0.654 0.000 0.700 0.565
2026/08/05 13:18:12 - mmengine - INFO - Evaluating segm...
2026/08/05 13:18:12 - mmengine - INFO - segm_mAP_copypaste: 0.373 0.557 0.420 0.000 0.541 0.305
2026/08/05 13:18:12 - mmengine - INFO - Epoch(val) [70][116/116]    coco/bbox_mAP: 0.6060  coco/bbox_mAP_50: 0.8820  coco/bbox_mAP_75: 0.6540  coco/bbox_mAP_s: 0.0000  coco/bbox_mAP_m: 0.7000  coco/bbox_mAP_l: 0.5650  coco/segm_mAP: 0.3730  coco/segm_mAP_50: 0.5570  coco/segm_mAP_75: 0.4200  coco/segm_mAP_s: 0.0000  coco/segm_mAP_m: 0.5410  coco/segm_mAP_l: 0.3050  data_time: 0.0045  time: 0.0282
2026/08/05 13:18:16 - mmengine - INFO - Epoch(train)  [71][10/68]  base_lr: 8.3503e-05 lr: 8.3503e-05  eta: 0:11:15  time: 0.3301  data_time: 0.1222  memory: 599  grad_norm: 11.4867  loss: 0.3937  loss_cls: 0.0865  loss_bbox: 0.2125  loss_mask: 0.0946
2026/08/05 13:18:19 - mmengine - INFO - Epoch(train)  [71][20/68]  base_lr: 8.2979e-05 lr: 8.2979e-05  eta: 0:11:11  time: 0.3333  data_time: 0.1246  memory: 601  grad_norm: 11.4851  loss: 0.4071  loss_cls: 0.0914  loss_bbox: 0.2206  loss_mask: 0.0951
2026/08/05 13:18:22 - mmengine - INFO - Epoch(train)  [71][30/68]  base_lr: 8.2453e-05 lr: 8.2453e-05  eta: 0:11:08  time: 0.3303  data_time: 0.1219  memory: 601  grad_norm: 11.3685  loss: 0.4157  loss_cls: 0.0965  loss_bbox: 0.2221  loss_mask: 0.0971
2026/08/05 13:18:26 - mmengine - INFO - Epoch(train)  [71][40/68]  base_lr: 8.1927e-05 lr: 8.1927e-05  eta: 0:11:05  time: 0.3319  data_time: 0.1238  memory: 602  grad_norm: 11.0307  loss: 0.4031  loss_cls: 0.0890  loss_bbox: 0.2194  loss_mask: 0.0947
2026/08/05 13:18:29 - mmengine - INFO - Epoch(train)  [71][50/68]  base_lr: 8.1398e-05 lr: 8.1398e-05  eta: 0:11:01  time: 0.3350  data_time: 0.1236  memory: 601  grad_norm: 10.5883  loss: 0.4049  loss_cls: 0.0921  loss_bbox: 0.2191  loss_mask: 0.0937
2026/08/05 13:18:33 - mmengine - INFO - Epoch(train)  [71][60/68]  base_lr: 8.0869e-05 lr: 8.0869e-05  eta: 0:10:58  time: 0.3375  data_time: 0.1234  memory: 602  grad_norm: 10.4159  loss: 0.3957  loss_cls: 0.0915  loss_bbox: 0.2143  loss_mask: 0.0898
2026/08/05 13:18:35 - mmengine - INFO - Exp name: rtmdet_ins_busi_20260805_124409
2026/08/05 13:18:35 - mmengine - INFO - Saving checkpoint at 71 epochs
2026/08/05 13:18:37 - mmengine - INFO - Epoch(val)  [71][ 10/116]    eta: 0:00:02  time: 0.0276  data_time: 0.0049  memory: 601  
2026/08/05 13:18:37 - mmengine - INFO - Epoch(val)  [71][ 20/116]    eta: 0:00:02  time: 0.0269  data_time: 0.0049  memory: 112  
2026/08/05 13:18:38 - mmengine - INFO - Epoch(val)  [71][ 30/116]    eta: 0:00:02  time: 0.0267  data_time: 0.0052  memory: 114  
2026/08/05 13:18:38 - mmengine - INFO - Epoch(val)  [71][ 40/116]    eta: 0:00:02  time: 0.0269  data_time: 0.0050  memory: 109  
2026/08/05 13:18:38 - mmengine - INFO - Epoch(val)  [71][ 50/116]    eta: 0:00:01  time: 0.0273  data_time: 0.0058  memory: 153  
2026/08/05 13:18:39 - mmengine - INFO - Epoch(val)  [71][ 60/116]    eta: 0:00:01  time: 0.0275  data_time: 0.0051  memory: 107  
2026/08/05 13:18:39 - mmengine - INFO - Epoch(val)  [71][ 70/116]    eta: 0:00:01  time: 0.0287  data_time: 0.0059  memory: 116  
2026/08/05 13:18:39 - mmengine - INFO - Epoch(val)  [71][ 80/116]    eta: 0:00:01  time: 0.0290  data_time: 0.0061  memory: 112  
2026/08/05 13:18:40 - mmengine - INFO - Epoch(val)  [71][ 90/116]    eta: 0:00:00  time: 0.0299  data_time: 0.0064  memory: 114  
2026/08/05 13:18:40 - mmengine - INFO - Epoch(val)  [71][100/116]    eta: 0:00:00  time: 0.0290  data_time: 0.0050  memory: 145  
2026/08/05 13:18:40 - mmengine - INFO - Epoch(val)  [71][110/116]    eta: 0:00:00  time: 0.0288  data_time: 0.0051  memory: 108  
2026/08/05 13:18:40 - mmengine - INFO - Evaluating bbox...
2026/08/05 13:18:40 - mmengine - INFO - bbox_mAP_copypaste: 0.613 0.881 0.688 0.000 0.723 0.557
2026/08/05 13:18:40 - mmengine - INFO - Evaluating segm...
2026/08/05 13:18:40 - mmengine - INFO - segm_mAP_copypaste: 0.377 0.553 0.408 0.000 0.531 0.318
2026/08/05 13:18:40 - mmengine - INFO - Epoch(val) [71][116/116]    coco/bbox_mAP: 0.6130  coco/bbox_mAP_50: 0.8810  coco/bbox_mAP_75: 0.6880  coco/bbox_mAP_s: 0.0000  coco/bbox_mAP_m: 0.7230  coco/bbox_mAP_l: 0.5570  coco/segm_mAP: 0.3770  coco/segm_mAP_50: 0.5530  coco/segm_mAP_75: 0.4080  coco/segm_mAP_s: 0.0000  coco/segm_mAP_m: 0.5310  coco/segm_mAP_l: 0.3180  data_time: 0.0053  time: 0.0285
2026/08/05 13:18:44 - mmengine - INFO - Epoch(train)  [72][10/68]  base_lr: 7.9912e-05 lr: 7.9912e-05  eta: 0:10:52  time: 0.3319  data_time: 0.1206  memory: 601  grad_norm: 10.6504  loss: 0.3746  loss_cls: 0.0788  loss_bbox: 0.2051  loss_mask: 0.0908
2026/08/05 13:18:47 - mmengine - INFO - Epoch(train)  [72][20/68]  base_lr: 7.9379e-05 lr: 7.9379e-05  eta: 0:10:49  time: 0.3277  data_time: 0.1146  memory: 602  grad_norm: 10.5626  loss: 0.3762  loss_cls: 0.0821  loss_bbox: 0.2047  loss_mask: 0.0893
2026/08/05 13:18:50 - mmengine - INFO - Epoch(train)  [72][30/68]  base_lr: 7.8845e-05 lr: 7.8845e-05  eta: 0:10:45  time: 0.3304  data_time: 0.1182  memory: 601  grad_norm: 10.9231  loss: 0.3775  loss_cls: 0.0853  loss_bbox: 0.2038  loss_mask: 0.0884
2026/08/05 13:18:54 - mmengine - INFO - Epoch(train)  [72][40/68]  base_lr: 7.8309e-05 lr: 7.8309e-05  eta: 0:10:42  time: 0.3331  data_time: 0.1204  memory: 602  grad_norm: 10.8302  loss: 0.3784  loss_cls: 0.0844  loss_bbox: 0.2040  loss_mask: 0.0901
2026/08/05 13:18:57 - mmengine - INFO - Epoch(train)  [72][50/68]  base_lr: 7.7773e-05 lr: 7.7773e-05  eta: 0:10:39  time: 0.3387  data_time: 0.1219  memory: 601  grad_norm: 10.7424  loss: 0.3898  loss_cls: 0.0913  loss_bbox: 0.2074  loss_mask: 0.0910
2026/08/05 13:19:01 - mmengine - INFO - Epoch(train)  [72][60/68]  base_lr: 7.7235e-05 lr: 7.7235e-05  eta: 0:10:35  time: 0.3364  data_time: 0.1217  memory: 603  grad_norm: 10.8431  loss: 0.3946  loss_cls: 0.0933  loss_bbox: 0.2101  loss_mask: 0.0912
2026/08/05 13:19:03 - mmengine - INFO - Exp name: rtmdet_ins_busi_20260805_124409
2026/08/05 13:19:03 - mmengine - INFO - Saving checkpoint at 72 epochs
2026/08/05 13:19:05 - mmengine - INFO - Epoch(val)  [72][ 10/116]    eta: 0:00:02  time: 0.0285  data_time: 0.0053  memory: 602  
2026/08/05 13:19:06 - mmengine - INFO - Epoch(val)  [72][ 20/116]    eta: 0:00:02  time: 0.0282  data_time: 0.0050  memory: 115  
2026/08/05 13:19:06 - mmengine - INFO - Epoch(val)  [72][ 30/116]    eta: 0:00:02  time: 0.0274  data_time: 0.0046  memory: 117  
2026/08/05 13:19:06 - mmengine - INFO - Epoch(val)  [72][ 40/116]    eta: 0:00:02  time: 0.0284  data_time: 0.0049  memory: 109  
2026/08/05 13:19:06 - mmengine - INFO - Epoch(val)  [72][ 50/116]    eta: 0:00:01  time: 0.0274  data_time: 0.0050  memory: 147  
2026/08/05 13:19:07 - mmengine - INFO - Epoch(val)  [72][ 60/116]    eta: 0:00:01  time: 0.0276  data_time: 0.0054  memory: 107  
2026/08/05 13:19:07 - mmengine - INFO - Epoch(val)  [72][ 70/116]    eta: 0:00:01  time: 0.0275  data_time: 0.0052  memory: 110  
2026/08/05 13:19:07 - mmengine - INFO - Epoch(val)  [72][ 80/116]    eta: 0:00:00  time: 0.0276  data_time: 0.0056  memory: 111  
2026/08/05 13:19:07 - mmengine - INFO - Epoch(val)  [72][ 90/116]    eta: 0:00:00  time: 0.0268  data_time: 0.0053  memory: 112  
2026/08/05 13:19:08 - mmengine - INFO - Epoch(val)  [72][100/116]    eta: 0:00:00  time: 0.0270  data_time: 0.0052  memory: 133  
2026/08/05 13:19:08 - mmengine - INFO - Epoch(val)  [72][110/116]    eta: 0:00:00  time: 0.0270  data_time: 0.0049  memory: 108  
2026/08/05 13:19:08 - mmengine - INFO - Evaluating bbox...
2026/08/05 13:19:08 - mmengine - INFO - bbox_mAP_copypaste: 0.622 0.889 0.707 0.000 0.724 0.573
2026/08/05 13:19:08 - mmengine - INFO - Evaluating segm...
2026/08/05 13:19:08 - mmengine - INFO - segm_mAP_copypaste: 0.380 0.561 0.434 0.000 0.531 0.326
2026/08/05 13:19:08 - mmengine - INFO - Epoch(val) [72][116/116]    coco/bbox_mAP: 0.6220  coco/bbox_mAP_50: 0.8890  coco/bbox_mAP_75: 0.7070  coco/bbox_mAP_s: 0.0000  coco/bbox_mAP_m: 0.7240  coco/bbox_mAP_l: 0.5730  coco/segm_mAP: 0.3800  coco/segm_mAP_50: 0.5610  coco/segm_mAP_75: 0.4340  coco/segm_mAP_s: 0.0000  coco/segm_mAP_m: 0.5310  coco/segm_mAP_l: 0.3260  data_time: 0.0049  time: 0.0272
2026/08/05 13:19:12 - mmengine - INFO - Epoch(train)  [73][10/68]  base_lr: 7.6265e-05 lr: 7.6265e-05  eta: 0:10:29  time: 0.3372  data_time: 0.1208  memory: 602  grad_norm: 10.5603  loss: 0.3902  loss_cls: 0.0888  loss_bbox: 0.2087  loss_mask: 0.0927
2026/08/05 13:19:15 - mmengine - INFO - Epoch(train)  [73][20/68]  base_lr: 7.5725e-05 lr: 7.5725e-05  eta: 0:10:26  time: 0.3337  data_time: 0.1206  memory: 603  grad_norm: 10.3951  loss: 0.3966  loss_cls: 0.0944  loss_bbox: 0.2089  loss_mask: 0.0933
2026/08/05 13:19:18 - mmengine - INFO - Epoch(train)  [73][30/68]  base_lr: 7.5184e-05 lr: 7.5184e-05  eta: 0:10:23  time: 0.3317  data_time: 0.1206  memory: 600  grad_norm: 10.5416  loss: 0.3857  loss_cls: 0.0906  loss_bbox: 0.2041  loss_mask: 0.0910
2026/08/05 13:19:22 - mmengine - INFO - Epoch(train)  [73][40/68]  base_lr: 7.4642e-05 lr: 7.4642e-05  eta: 0:10:19  time: 0.3324  data_time: 0.1204  memory: 601  grad_norm: 10.6818  loss: 0.3885  loss_cls: 0.0923  loss_bbox: 0.2050  loss_mask: 0.0912
2026/08/05 13:19:25 - mmengine - INFO - Epoch(train)  [73][50/68]  base_lr: 7.4100e-05 lr: 7.4100e-05  eta: 0:10:16  time: 0.3335  data_time: 0.1201  memory: 600  grad_norm: 10.7903  loss: 0.3895  loss_cls: 0.0904  loss_bbox: 0.2058  loss_mask: 0.0933
2026/08/05 13:19:28 - mmengine - INFO - Epoch(train)  [73][60/68]  base_lr: 7.3556e-05 lr: 7.3556e-05  eta: 0:10:13  time: 0.3301  data_time: 0.1197  memory: 601  grad_norm: 10.9004  loss: 0.4023  loss_cls: 0.0949  loss_bbox: 0.2120  loss_mask: 0.0954
2026/08/05 13:19:31 - mmengine - INFO - Exp name: rtmdet_ins_busi_20260805_124409
2026/08/05 13:19:31 - mmengine - INFO - Saving checkpoint at 73 epochs
2026/08/05 13:19:33 - mmengine - INFO - Epoch(val)  [73][ 10/116]    eta: 0:00:03  time: 0.0283  data_time: 0.0049  memory: 602  
2026/08/05 13:19:34 - mmengine - INFO - Epoch(val)  [73][ 20/116]    eta: 0:00:02  time: 0.0284  data_time: 0.0055  memory: 112  
2026/08/05 13:19:34 - mmengine - INFO - Epoch(val)  [73][ 30/116]    eta: 0:00:02  time: 0.0277  data_time: 0.0046  memory: 120  
2026/08/05 13:19:34 - mmengine - INFO - Epoch(val)  [73][ 40/116]    eta: 0:00:02  time: 0.0274  data_time: 0.0042  memory: 109  
2026/08/05 13:19:34 - mmengine - INFO - Epoch(val)  [73][ 50/116]    eta: 0:00:01  time: 0.0277  data_time: 0.0049  memory: 153  
2026/08/05 13:19:35 - mmengine - INFO - Epoch(val)  [73][ 60/116]    eta: 0:00:01  time: 0.0277  data_time: 0.0046  memory: 112  
2026/08/05 13:19:35 - mmengine - INFO - Epoch(val)  [73][ 70/116]    eta: 0:00:01  time: 0.0276  data_time: 0.0045  memory: 122  
2026/08/05 13:19:35 - mmengine - INFO - Epoch(val)  [73][ 80/116]    eta: 0:00:01  time: 0.0282  data_time: 0.0048  memory: 111  
2026/08/05 13:19:36 - mmengine - INFO - Epoch(val)  [73][ 90/116]    eta: 0:00:00  time: 0.0290  data_time: 0.0055  memory: 114  
2026/08/05 13:19:36 - mmengine - INFO - Epoch(val)  [73][100/116]    eta: 0:00:00  time: 0.0289  data_time: 0.0053  memory: 152  
2026/08/05 13:19:36 - mmengine - INFO - Epoch(val)  [73][110/116]    eta: 0:00:00  time: 0.0285  data_time: 0.0050  memory: 108  
2026/08/05 13:19:36 - mmengine - INFO - Evaluating bbox...
2026/08/05 13:19:36 - mmengine - INFO - bbox_mAP_copypaste: 0.619 0.885 0.708 0.000 0.715 0.570
2026/08/05 13:19:36 - mmengine - INFO - Evaluating segm...
2026/08/05 13:19:36 - mmengine - INFO - segm_mAP_copypaste: 0.372 0.545 0.406 0.000 0.525 0.315
2026/08/05 13:19:36 - mmengine - INFO - Epoch(val) [73][116/116]    coco/bbox_mAP: 0.6190  coco/bbox_mAP_50: 0.8850  coco/bbox_mAP_75: 0.7080  coco/bbox_mAP_s: 0.0000  coco/bbox_mAP_m: 0.7150  coco/bbox_mAP_l: 0.5700  coco/segm_mAP: 0.3720  coco/segm_mAP_50: 0.5450  coco/segm_mAP_75: 0.4060  coco/segm_mAP_s: 0.0000  coco/segm_mAP_m: 0.5250  coco/segm_mAP_l: 0.3150  data_time: 0.0050  time: 0.0280
2026/08/05 13:19:40 - mmengine - INFO - Epoch(train)  [74][10/68]  base_lr: 7.2577e-05 lr: 7.2577e-05  eta: 0:10:07  time: 0.3293  data_time: 0.1192  memory: 601  grad_norm: 11.0340  loss: 0.3912  loss_cls: 0.0880  loss_bbox: 0.2112  loss_mask: 0.0920
2026/08/05 13:19:43 - mmengine - INFO - Epoch(train)  [74][20/68]  base_lr: 7.2031e-05 lr: 7.2031e-05  eta: 0:10:03  time: 0.3251  data_time: 0.1168  memory: 600  grad_norm: 11.0277  loss: 0.3883  loss_cls: 0.0891  loss_bbox: 0.2081  loss_mask: 0.0911
2026/08/05 13:19:46 - mmengine - INFO - Epoch(train)  [74][30/68]  base_lr: 7.1486e-05 lr: 7.1486e-05  eta: 0:10:00  time: 0.3292  data_time: 0.1212  memory: 601  grad_norm: 10.6947  loss: 0.3781  loss_cls: 0.0854  loss_bbox: 0.2048  loss_mask: 0.0879
2026/08/05 13:19:48 - mmengine - INFO - Exp name: rtmdet_ins_busi_20260805_124409
2026/08/05 13:19:50 - mmengine - INFO - Epoch(train)  [74][40/68]  base_lr: 7.0940e-05 lr: 7.0940e-05  eta: 0:09:57  time: 0.3281  data_time: 0.1192  memory: 603  grad_norm: 10.4242  loss: 0.3722  loss_cls: 0.0840  loss_bbox: 0.2016  loss_mask: 0.0866
2026/08/05 13:19:53 - mmengine - INFO - Epoch(train)  [74][50/68]  base_lr: 7.0393e-05 lr: 7.0393e-05  eta: 0:09:53  time: 0.3325  data_time: 0.1212  memory: 600  grad_norm: 10.4446  loss: 0.3825  loss_cls: 0.0855  loss_bbox: 0.2079  loss_mask: 0.0891
2026/08/05 13:19:56 - mmengine - INFO - Epoch(train)  [74][60/68]  base_lr: 6.9846e-05 lr: 6.9846e-05  eta: 0:09:50  time: 0.3312  data_time: 0.1201  memory: 602  grad_norm: 10.7445  loss: 0.3912  loss_cls: 0.0896  loss_bbox: 0.2117  loss_mask: 0.0900
2026/08/05 13:19:59 - mmengine - INFO - Exp name: rtmdet_ins_busi_20260805_124409
2026/08/05 13:19:59 - mmengine - INFO - Saving checkpoint at 74 epochs
2026/08/05 13:20:01 - mmengine - INFO - Epoch(val)  [74][ 10/116]    eta: 0:00:03  time: 0.0288  data_time: 0.0052  memory: 601  
2026/08/05 13:20:02 - mmengine - INFO - Epoch(val)  [74][ 20/116]    eta: 0:00:02  time: 0.0285  data_time: 0.0053  memory: 108  
2026/08/05 13:20:02 - mmengine - INFO - Epoch(val)  [74][ 30/116]    eta: 0:00:02  time: 0.0278  data_time: 0.0043  memory: 117  
2026/08/05 13:20:02 - mmengine - INFO - Epoch(val)  [74][ 40/116]    eta: 0:00:02  time: 0.0282  data_time: 0.0048  memory: 118  
2026/08/05 13:20:02 - mmengine - INFO - Epoch(val)  [74][ 50/116]    eta: 0:00:01  time: 0.0287  data_time: 0.0043  memory: 153  
2026/08/05 13:20:03 - mmengine - INFO - Epoch(val)  [74][ 60/116]    eta: 0:00:01  time: 0.0288  data_time: 0.0051  memory: 116  
2026/08/05 13:20:03 - mmengine - INFO - Epoch(val)  [74][ 70/116]    eta: 0:00:01  time: 0.0288  data_time: 0.0054  memory: 105  
2026/08/05 13:20:03 - mmengine - INFO - Epoch(val)  [74][ 80/116]    eta: 0:00:01  time: 0.0284  data_time: 0.0055  memory: 108  
2026/08/05 13:20:04 - mmengine - INFO - Epoch(val)  [74][ 90/116]    eta: 0:00:00  time: 0.0282  data_time: 0.0065  memory: 116  
2026/08/05 13:20:04 - mmengine - INFO - Epoch(val)  [74][100/116]    eta: 0:00:00  time: 0.0288  data_time: 0.0069  memory: 145  
2026/08/05 13:20:04 - mmengine - INFO - Epoch(val)  [74][110/116]    eta: 0:00:00  time: 0.0281  data_time: 0.0064  memory: 104  
2026/08/05 13:20:04 - mmengine - INFO - Evaluating bbox...
2026/08/05 13:20:04 - mmengine - INFO - bbox_mAP_copypaste: 0.620 0.888 0.682 0.000 0.704 0.579
2026/08/05 13:20:04 - mmengine - INFO - Evaluating segm...
2026/08/05 13:20:04 - mmengine - INFO - segm_mAP_copypaste: 0.373 0.549 0.420 0.000 0.535 0.317
2026/08/05 13:20:04 - mmengine - INFO - Epoch(val) [74][116/116]    coco/bbox_mAP: 0.6200  coco/bbox_mAP_50: 0.8880  coco/bbox_mAP_75: 0.6820  coco/bbox_mAP_s: 0.0000  coco/bbox_mAP_m: 0.7040  coco/bbox_mAP_l: 0.5790  coco/segm_mAP: 0.3730  coco/segm_mAP_50: 0.5490  coco/segm_mAP_75: 0.4200  coco/segm_mAP_s: 0.0000  coco/segm_mAP_m: 0.5350  coco/segm_mAP_l: 0.3170  data_time: 0.0057  time: 0.0283
2026/08/05 13:20:08 - mmengine - INFO - Epoch(train)  [75][10/68]  base_lr: 6.8860e-05 lr: 6.8860e-05  eta: 0:09:44  time: 0.3335  data_time: 0.1184  memory: 601  grad_norm: 10.8859  loss: 0.3984  loss_cls: 0.0887  loss_bbox: 0.2157  loss_mask: 0.0940
2026/08/05 13:20:11 - mmengine - INFO - Epoch(train)  [75][20/68]  base_lr: 6.8312e-05 lr: 6.8312e-05  eta: 0:09:41  time: 0.3325  data_time: 0.1183  memory: 601  grad_norm: 11.0678  loss: 0.4042  loss_cls: 0.0916  loss_bbox: 0.2196  loss_mask: 0.0930
2026/08/05 13:20:15 - mmengine - INFO - Epoch(train)  [75][30/68]  base_lr: 6.7764e-05 lr: 6.7764e-05  eta: 0:09:38  time: 0.3375  data_time: 0.1244  memory: 601  grad_norm: 10.9345  loss: 0.3967  loss_cls: 0.0911  loss_bbox: 0.2149  loss_mask: 0.0907
2026/08/05 13:20:18 - mmengine - INFO - Epoch(train)  [75][40/68]  base_lr: 6.7216e-05 lr: 6.7216e-05  eta: 0:09:34  time: 0.3346  data_time: 0.1224  memory: 601  grad_norm: 10.8169  loss: 0.4032  loss_cls: 0.0893  loss_bbox: 0.2200  loss_mask: 0.0940
2026/08/05 13:20:21 - mmengine - INFO - Epoch(train)  [75][50/68]  base_lr: 6.6667e-05 lr: 6.6667e-05  eta: 0:09:31  time: 0.3371  data_time: 0.1248  memory: 602  grad_norm: 10.5360  loss: 0.3949  loss_cls: 0.0844  loss_bbox: 0.2177  loss_mask: 0.0927
2026/08/05 13:20:25 - mmengine - INFO - Epoch(train)  [75][60/68]  base_lr: 6.6119e-05 lr: 6.6119e-05  eta: 0:09:28  time: 0.3355  data_time: 0.1248  memory: 601  grad_norm: 10.5360  loss: 0.3871  loss_cls: 0.0815  loss_bbox: 0.2153  loss_mask: 0.0903
2026/08/05 13:20:27 - mmengine - INFO - Exp name: rtmdet_ins_busi_20260805_124409
2026/08/05 13:20:27 - mmengine - INFO - Saving checkpoint at 75 epochs
2026/08/05 13:20:30 - mmengine - INFO - Epoch(val)  [75][ 10/116]    eta: 0:00:03  time: 0.0291  data_time: 0.0074  memory: 603  
2026/08/05 13:20:30 - mmengine - INFO - Epoch(val)  [75][ 20/116]    eta: 0:00:02  time: 0.0295  data_time: 0.0064  memory: 112  
2026/08/05 13:20:30 - mmengine - INFO - Epoch(val)  [75][ 30/116]    eta: 0:00:02  time: 0.0283  data_time: 0.0053  memory: 117  
2026/08/05 13:20:30 - mmengine - INFO - Epoch(val)  [75][ 40/116]    eta: 0:00:02  time: 0.0281  data_time: 0.0051  memory: 111  
2026/08/05 13:20:31 - mmengine - INFO - Epoch(val)  [75][ 50/116]    eta: 0:00:01  time: 0.0286  data_time: 0.0052  memory: 141  
2026/08/05 13:20:31 - mmengine - INFO - Epoch(val)  [75][ 60/116]    eta: 0:00:01  time: 0.0284  data_time: 0.0057  memory: 112  
2026/08/05 13:20:31 - mmengine - INFO - Epoch(val)  [75][ 70/116]    eta: 0:00:01  time: 0.0286  data_time: 0.0061  memory: 105  
2026/08/05 13:20:32 - mmengine - INFO - Epoch(val)  [75][ 80/116]    eta: 0:00:01  time: 0.0290  data_time: 0.0070  memory: 108  
2026/08/05 13:20:32 - mmengine - INFO - Epoch(val)  [75][ 90/116]    eta: 0:00:00  time: 0.0299  data_time: 0.0067  memory: 116  
2026/08/05 13:20:32 - mmengine - INFO - Epoch(val)  [75][100/116]    eta: 0:00:00  time: 0.0301  data_time: 0.0068  memory: 119  
2026/08/05 13:20:32 - mmengine - INFO - Epoch(val)  [75][110/116]    eta: 0:00:00  time: 0.0287  data_time: 0.0060  memory: 104  
2026/08/05 13:20:33 - mmengine - INFO - Evaluating bbox...
2026/08/05 13:20:33 - mmengine - INFO - bbox_mAP_copypaste: 0.621 0.885 0.684 0.000 0.705 0.580
2026/08/05 13:20:33 - mmengine - INFO - Evaluating segm...
2026/08/05 13:20:33 - mmengine - INFO - segm_mAP_copypaste: 0.376 0.549 0.419 0.000 0.528 0.315
2026/08/05 13:20:33 - mmengine - INFO - Epoch(val) [75][116/116]    coco/bbox_mAP: 0.6210  coco/bbox_mAP_50: 0.8850  coco/bbox_mAP_75: 0.6840  coco/bbox_mAP_s: 0.0000  coco/bbox_mAP_m: 0.7050  coco/bbox_mAP_l: 0.5800  coco/segm_mAP: 0.3760  coco/segm_mAP_50: 0.5490  coco/segm_mAP_75: 0.4190  coco/segm_mAP_s: 0.0000  coco/segm_mAP_m: 0.5280  coco/segm_mAP_l: 0.3150  data_time: 0.0061  time: 0.0290
2026/08/05 13:20:36 - mmengine - INFO - Epoch(train)  [76][10/68]  base_lr: 6.5131e-05 lr: 6.5131e-05  eta: 0:09:22  time: 0.3428  data_time: 0.1284  memory: 603  grad_norm: 10.6248  loss: 0.3849  loss_cls: 0.0827  loss_bbox: 0.2114  loss_mask: 0.0908
2026/08/05 13:20:40 - mmengine - INFO - Epoch(train)  [76][20/68]  base_lr: 6.4583e-05 lr: 6.4583e-05  eta: 0:09:18  time: 0.3371  data_time: 0.1245  memory: 602  grad_norm: 10.6925  loss: 0.3750  loss_cls: 0.0824  loss_bbox: 0.2042  loss_mask: 0.0885
2026/08/05 13:20:43 - mmengine - INFO - Epoch(train)  [76][30/68]  base_lr: 6.4034e-05 lr: 6.4034e-05  eta: 0:09:15  time: 0.3354  data_time: 0.1226  memory: 601  grad_norm: 10.6000  loss: 0.3729  loss_cls: 0.0836  loss_bbox: 0.2016  loss_mask: 0.0877
2026/08/05 13:20:46 - mmengine - INFO - Epoch(train)  [76][40/68]  base_lr: 6.3486e-05 lr: 6.3486e-05  eta: 0:09:12  time: 0.3379  data_time: 0.1250  memory: 601  grad_norm: 11.2756  loss: 0.3786  loss_cls: 0.0901  loss_bbox: 0.2013  loss_mask: 0.0872
2026/08/05 13:20:50 - mmengine - INFO - Epoch(train)  [76][50/68]  base_lr: 6.2938e-05 lr: 6.2938e-05  eta: 0:09:08  time: 0.3373  data_time: 0.1251  memory: 605  grad_norm: 10.8075  loss: 0.3798  loss_cls: 0.0883  loss_bbox: 0.2030  loss_mask: 0.0885
2026/08/05 13:20:53 - mmengine - INFO - Epoch(train)  [76][60/68]  base_lr: 6.2390e-05 lr: 6.2390e-05  eta: 0:09:05  time: 0.3336  data_time: 0.1253  memory: 601  grad_norm: 10.9377  loss: 0.3881  loss_cls: 0.0901  loss_bbox: 0.2077  loss_mask: 0.0904
2026/08/05 13:20:56 - mmengine - INFO - Exp name: rtmdet_ins_busi_20260805_124409
2026/08/05 13:20:56 - mmengine - INFO - Saving checkpoint at 76 epochs
2026/08/05 13:20:58 - mmengine - INFO - Epoch(val)  [76][ 10/116]    eta: 0:00:02  time: 0.0288  data_time: 0.0063  memory: 599  
2026/08/05 13:20:58 - mmengine - INFO - Epoch(val)  [76][ 20/116]    eta: 0:00:02  time: 0.0283  data_time: 0.0055  memory: 105  
2026/08/05 13:20:59 - mmengine - INFO - Epoch(val)  [76][ 30/116]    eta: 0:00:02  time: 0.0277  data_time: 0.0052  memory: 117  
2026/08/05 13:20:59 - mmengine - INFO - Epoch(val)  [76][ 40/116]    eta: 0:00:02  time: 0.0280  data_time: 0.0046  memory: 104  
2026/08/05 13:20:59 - mmengine - INFO - Epoch(val)  [76][ 50/116]    eta: 0:00:01  time: 0.0270  data_time: 0.0041  memory: 147  
2026/08/05 13:20:59 - mmengine - INFO - Epoch(val)  [76][ 60/116]    eta: 0:00:01  time: 0.0273  data_time: 0.0042  memory: 120  
2026/08/05 13:21:00 - mmengine - INFO - Epoch(val)  [76][ 70/116]    eta: 0:00:01  time: 0.0276  data_time: 0.0050  memory: 102  
2026/08/05 13:21:00 - mmengine - INFO - Epoch(val)  [76][ 80/116]    eta: 0:00:00  time: 0.0273  data_time: 0.0048  memory: 112  
2026/08/05 13:21:00 - mmengine - INFO - Epoch(val)  [76][ 90/116]    eta: 0:00:00  time: 0.0280  data_time: 0.0053  memory: 120  
2026/08/05 13:21:00 - mmengine - INFO - Epoch(val)  [76][100/116]    eta: 0:00:00  time: 0.0287  data_time: 0.0051  memory: 116  
2026/08/05 13:21:01 - mmengine - INFO - Epoch(val)  [76][110/116]    eta: 0:00:00  time: 0.0290  data_time: 0.0054  memory: 102  
2026/08/05 13:21:01 - mmengine - INFO - Evaluating bbox...
2026/08/05 13:21:01 - mmengine - INFO - bbox_mAP_copypaste: 0.620 0.888 0.690 0.000 0.728 0.575
2026/08/05 13:21:01 - mmengine - INFO - Evaluating segm...
2026/08/05 13:21:01 - mmengine - INFO - segm_mAP_copypaste: 0.371 0.546 0.420 0.000 0.527 0.312
2026/08/05 13:21:01 - mmengine - INFO - Epoch(val) [76][116/116]    coco/bbox_mAP: 0.6200  coco/bbox_mAP_50: 0.8880  coco/bbox_mAP_75: 0.6900  coco/bbox_mAP_s: 0.0000  coco/bbox_mAP_m: 0.7280  coco/bbox_mAP_l: 0.5750  coco/segm_mAP: 0.3710  coco/segm_mAP_50: 0.5460  coco/segm_mAP_75: 0.4200  coco/segm_mAP_s: 0.0000  coco/segm_mAP_m: 0.5270  coco/segm_mAP_l: 0.3120  data_time: 0.0047  time: 0.0282
2026/08/05 13:21:05 - mmengine - INFO - Epoch(train)  [77][10/68]  base_lr: 6.1404e-05 lr: 6.1404e-05  eta: 0:08:59  time: 0.3439  data_time: 0.1291  memory: 602  grad_norm: 11.2002  loss: 0.3951  loss_cls: 0.0925  loss_bbox: 0.2113  loss_mask: 0.0913
2026/08/05 13:21:09 - mmengine - INFO - Epoch(train)  [77][20/68]  base_lr: 6.0857e-05 lr: 6.0857e-05  eta: 0:08:56  time: 0.3498  data_time: 0.1303  memory: 600  grad_norm: 10.5441  loss: 0.3901  loss_cls: 0.0876  loss_bbox: 0.2101  loss_mask: 0.0924
2026/08/05 13:21:12 - mmengine - INFO - Epoch(train)  [77][30/68]  base_lr: 6.0310e-05 lr: 6.0310e-05  eta: 0:08:53  time: 0.3475  data_time: 0.1265  memory: 601  grad_norm: 10.4302  loss: 0.3869  loss_cls: 0.0895  loss_bbox: 0.2048  loss_mask: 0.0927
2026/08/05 13:21:15 - mmengine - INFO - Epoch(train)  [77][40/68]  base_lr: 5.9764e-05 lr: 5.9764e-05  eta: 0:08:49  time: 0.3441  data_time: 0.1229  memory: 603  grad_norm: 10.9137  loss: 0.3898  loss_cls: 0.0912  loss_bbox: 0.2069  loss_mask: 0.0916
2026/08/05 13:21:18 - mmengine - INFO - Epoch(train)  [77][50/68]  base_lr: 5.9219e-05 lr: 5.9219e-05  eta: 0:08:46  time: 0.3432  data_time: 0.1228  memory: 602  grad_norm: 10.2534  loss: 0.3783  loss_cls: 0.0876  loss_bbox: 0.2024  loss_mask: 0.0884
2026/08/05 13:21:22 - mmengine - INFO - Epoch(train)  [77][60/68]  base_lr: 5.8673e-05 lr: 5.8673e-05  eta: 0:08:43  time: 0.3343  data_time: 0.1207  memory: 601  grad_norm: 10.5741  loss: 0.3804  loss_cls: 0.0890  loss_bbox: 0.2028  loss_mask: 0.0886
2026/08/05 13:21:24 - mmengine - INFO - Exp name: rtmdet_ins_busi_20260805_124409
2026/08/05 13:21:24 - mmengine - INFO - Saving checkpoint at 77 epochs
2026/08/05 13:21:26 - mmengine - INFO - Epoch(val)  [77][ 10/116]    eta: 0:00:03  time: 0.0290  data_time: 0.0043  memory: 600  
2026/08/05 13:21:26 - mmengine - INFO - Epoch(val)  [77][ 20/116]    eta: 0:00:02  time: 0.0298  data_time: 0.0045  memory: 110  
2026/08/05 13:21:27 - mmengine - INFO - Epoch(val)  [77][ 30/116]    eta: 0:00:02  time: 0.0289  data_time: 0.0049  memory: 112  
2026/08/05 13:21:27 - mmengine - INFO - Epoch(val)  [77][ 40/116]    eta: 0:00:02  time: 0.0278  data_time: 0.0044  memory: 116  
2026/08/05 13:21:27 - mmengine - INFO - Epoch(val)  [77][ 50/116]    eta: 0:00:01  time: 0.0280  data_time: 0.0050  memory: 141  
2026/08/05 13:21:28 - mmengine - INFO - Epoch(val)  [77][ 60/116]    eta: 0:00:01  time: 0.0279  data_time: 0.0051  memory: 112  
2026/08/05 13:21:28 - mmengine - INFO - Epoch(val)  [77][ 70/116]    eta: 0:00:01  time: 0.0275  data_time: 0.0049  memory: 110  
2026/08/05 13:21:28 - mmengine - INFO - Epoch(val)  [77][ 80/116]    eta: 0:00:01  time: 0.0276  data_time: 0.0037  memory: 115  
2026/08/05 13:21:28 - mmengine - INFO - Epoch(val)  [77][ 90/116]    eta: 0:00:00  time: 0.0286  data_time: 0.0039  memory: 116  
2026/08/05 13:21:29 - mmengine - INFO - Epoch(val)  [77][100/116]    eta: 0:00:00  time: 0.0281  data_time: 0.0039  memory: 121  
2026/08/05 13:21:29 - mmengine - INFO - Epoch(val)  [77][110/116]    eta: 0:00:00  time: 0.0282  data_time: 0.0038  memory: 104  
2026/08/05 13:21:29 - mmengine - INFO - Evaluating bbox...
2026/08/05 13:21:29 - mmengine - INFO - bbox_mAP_copypaste: 0.615 0.883 0.678 0.000 0.716 0.565
2026/08/05 13:21:29 - mmengine - INFO - Evaluating segm...
2026/08/05 13:21:29 - mmengine - INFO - segm_mAP_copypaste: 0.380 0.550 0.441 0.000 0.528 0.323
2026/08/05 13:21:29 - mmengine - INFO - Epoch(val) [77][116/116]    coco/bbox_mAP: 0.6150  coco/bbox_mAP_50: 0.8830  coco/bbox_mAP_75: 0.6780  coco/bbox_mAP_s: 0.0000  coco/bbox_mAP_m: 0.7160  coco/bbox_mAP_l: 0.5650  coco/segm_mAP: 0.3800  coco/segm_mAP_50: 0.5500  coco/segm_mAP_75: 0.4410  coco/segm_mAP_s: 0.0000  coco/segm_mAP_m: 0.5280  coco/segm_mAP_l: 0.3230  data_time: 0.0048  time: 0.0281
2026/08/05 13:21:33 - mmengine - INFO - Epoch(train)  [78][10/68]  base_lr: 5.7694e-05 lr: 5.7694e-05  eta: 0:08:37  time: 0.3305  data_time: 0.1238  memory: 602  grad_norm: 11.3510  loss: 0.3908  loss_cls: 0.0909  loss_bbox: 0.2113  loss_mask: 0.0886
2026/08/05 13:21:36 - mmengine - INFO - Epoch(train)  [78][20/68]  base_lr: 5.7150e-05 lr: 5.7150e-05  eta: 0:08:33  time: 0.3340  data_time: 0.1261  memory: 601  grad_norm: 10.8138  loss: 0.3839  loss_cls: 0.0877  loss_bbox: 0.2070  loss_mask: 0.0893
2026/08/05 13:21:40 - mmengine - INFO - Epoch(train)  [78][30/68]  base_lr: 5.6608e-05 lr: 5.6608e-05  eta: 0:08:30  time: 0.3363  data_time: 0.1281  memory: 603  grad_norm: 10.9036  loss: 0.3956  loss_cls: 0.0923  loss_bbox: 0.2107  loss_mask: 0.0925
2026/08/05 13:21:43 - mmengine - INFO - Epoch(train)  [78][40/68]  base_lr: 5.6066e-05 lr: 5.6066e-05  eta: 0:08:27  time: 0.3358  data_time: 0.1255  memory: 602  grad_norm: 10.5962  loss: 0.3969  loss_cls: 0.0898  loss_bbox: 0.2123  loss_mask: 0.0948
2026/08/05 13:21:46 - mmengine - INFO - Epoch(train)  [78][50/68]  base_lr: 5.5525e-05 lr: 5.5525e-05  eta: 0:08:23  time: 0.3380  data_time: 0.1276  memory: 601  grad_norm: 10.1980  loss: 0.3869  loss_cls: 0.0893  loss_bbox: 0.2042  loss_mask: 0.0934
2026/08/05 13:21:49 - mmengine - INFO - Epoch(train)  [78][60/68]  base_lr: 5.4985e-05 lr: 5.4985e-05  eta: 0:08:20  time: 0.3320  data_time: 0.1216  memory: 602  grad_norm: 10.3739  loss: 0.3857  loss_cls: 0.0922  loss_bbox: 0.2008  loss_mask: 0.0927
2026/08/05 13:21:52 - mmengine - INFO - Exp name: rtmdet_ins_busi_20260805_124409
2026/08/05 13:21:52 - mmengine - INFO - Saving checkpoint at 78 epochs
2026/08/05 13:21:54 - mmengine - INFO - Epoch(val)  [78][ 10/116]    eta: 0:00:02  time: 0.0285  data_time: 0.0053  memory: 601  
2026/08/05 13:21:55 - mmengine - INFO - Epoch(val)  [78][ 20/116]    eta: 0:00:02  time: 0.0284  data_time: 0.0056  memory: 102  
2026/08/05 13:21:55 - mmengine - INFO - Epoch(val)  [78][ 30/116]    eta: 0:00:02  time: 0.0283  data_time: 0.0055  memory: 114  
2026/08/05 13:21:55 - mmengine - INFO - Epoch(val)  [78][ 40/116]    eta: 0:00:02  time: 0.0282  data_time: 0.0054  memory: 116  
2026/08/05 13:21:55 - mmengine - INFO - Epoch(val)  [78][ 50/116]    eta: 0:00:01  time: 0.0277  data_time: 0.0040  memory: 147  
2026/08/05 13:21:56 - mmengine - INFO - Epoch(val)  [78][ 60/116]    eta: 0:00:01  time: 0.0278  data_time: 0.0044  memory: 112  
2026/08/05 13:21:56 - mmengine - INFO - Epoch(val)  [78][ 70/116]    eta: 0:00:01  time: 0.0277  data_time: 0.0036  memory: 116  
2026/08/05 13:21:56 - mmengine - INFO - Epoch(val)  [78][ 80/116]    eta: 0:00:00  time: 0.0275  data_time: 0.0041  memory: 115  
2026/08/05 13:21:57 - mmengine - INFO - Epoch(val)  [78][ 90/116]    eta: 0:00:00  time: 0.0277  data_time: 0.0045  memory: 116  
2026/08/05 13:21:57 - mmengine - INFO - Epoch(val)  [78][100/116]    eta: 0:00:00  time: 0.0278  data_time: 0.0046  memory: 131  
2026/08/05 13:21:57 - mmengine - INFO - Epoch(val)  [78][110/116]    eta: 0:00:00  time: 0.0267  data_time: 0.0038  memory: 104  
2026/08/05 13:21:57 - mmengine - INFO - Evaluating bbox...
2026/08/05 13:21:57 - mmengine - INFO - bbox_mAP_copypaste: 0.618 0.886 0.693 0.000 0.717 0.570
2026/08/05 13:21:57 - mmengine - INFO - Evaluating segm...
2026/08/05 13:21:57 - mmengine - INFO - segm_mAP_copypaste: 0.372 0.546 0.410 0.000 0.528 0.309
2026/08/05 13:21:57 - mmengine - INFO - Epoch(val) [78][116/116]    coco/bbox_mAP: 0.6180  coco/bbox_mAP_50: 0.8860  coco/bbox_mAP_75: 0.6930  coco/bbox_mAP_s: 0.0000  coco/bbox_mAP_m: 0.7170  coco/bbox_mAP_l: 0.5700  coco/segm_mAP: 0.3720  coco/segm_mAP_50: 0.5460  coco/segm_mAP_75: 0.4100  coco/segm_mAP_s: 0.0000  coco/segm_mAP_m: 0.5280  coco/segm_mAP_l: 0.3090  data_time: 0.0042  time: 0.0278
2026/08/05 13:22:01 - mmengine - INFO - Epoch(train)  [79][10/68]  base_lr: 5.4015e-05 lr: 5.4015e-05  eta: 0:08:14  time: 0.3264  data_time: 0.1167  memory: 605  grad_norm: 10.7085  loss: 0.3774  loss_cls: 0.0892  loss_bbox: 0.1974  loss_mask: 0.0908
2026/08/05 13:22:04 - mmengine - INFO - Epoch(train)  [79][20/68]  base_lr: 5.3477e-05 lr: 5.3477e-05  eta: 0:08:11  time: 0.3265  data_time: 0.1175  memory: 602  grad_norm: 10.6239  loss: 0.3692  loss_cls: 0.0851  loss_bbox: 0.1954  loss_mask: 0.0887
2026/08/05 13:22:07 - mmengine - INFO - Epoch(train)  [79][30/68]  base_lr: 5.2941e-05 lr: 5.2941e-05  eta: 0:08:07  time: 0.3267  data_time: 0.1180  memory: 602  grad_norm: 10.8616  loss: 0.3742  loss_cls: 0.0853  loss_bbox: 0.1991  loss_mask: 0.0898
2026/08/05 13:22:11 - mmengine - INFO - Epoch(train)  [79][40/68]  base_lr: 5.2405e-05 lr: 5.2405e-05  eta: 0:08:04  time: 0.3311  data_time: 0.1197  memory: 600  grad_norm: 10.9579  loss: 0.3770  loss_cls: 0.0855  loss_bbox: 0.2016  loss_mask: 0.0899
2026/08/05 13:22:14 - mmengine - INFO - Epoch(train)  [79][50/68]  base_lr: 5.1871e-05 lr: 5.1871e-05  eta: 0:08:01  time: 0.3386  data_time: 0.1238  memory: 601  grad_norm: 10.9556  loss: 0.3782  loss_cls: 0.0874  loss_bbox: 0.2002  loss_mask: 0.0906
2026/08/05 13:22:18 - mmengine - INFO - Epoch(train)  [79][60/68]  base_lr: 5.1338e-05 lr: 5.1338e-05  eta: 0:07:57  time: 0.3362  data_time: 0.1227  memory: 604  grad_norm: 10.9878  loss: 0.3797  loss_cls: 0.0887  loss_bbox: 0.2022  loss_mask: 0.0888
2026/08/05 13:22:20 - mmengine - INFO - Exp name: rtmdet_ins_busi_20260805_124409
2026/08/05 13:22:20 - mmengine - INFO - Saving checkpoint at 79 epochs
2026/08/05 13:22:22 - mmengine - INFO - Epoch(val)  [79][ 10/116]    eta: 0:00:02  time: 0.0276  data_time: 0.0046  memory: 604  
2026/08/05 13:22:23 - mmengine - INFO - Epoch(val)  [79][ 20/116]    eta: 0:00:02  time: 0.0274  data_time: 0.0050  memory: 105  
2026/08/05 13:22:23 - mmengine - INFO - Epoch(val)  [79][ 30/116]    eta: 0:00:02  time: 0.0270  data_time: 0.0048  memory: 117  
2026/08/05 13:22:23 - mmengine - INFO - Epoch(val)  [79][ 40/116]    eta: 0:00:02  time: 0.0278  data_time: 0.0054  memory: 116  
2026/08/05 13:22:24 - mmengine - INFO - Epoch(val)  [79][ 50/116]    eta: 0:00:01  time: 0.0273  data_time: 0.0055  memory: 141  
2026/08/05 13:22:24 - mmengine - INFO - Epoch(val)  [79][ 60/116]    eta: 0:00:01  time: 0.0280  data_time: 0.0063  memory: 124  
2026/08/05 13:22:24 - mmengine - INFO - Epoch(val)  [79][ 70/116]    eta: 0:00:01  time: 0.0285  data_time: 0.0056  memory: 108  
2026/08/05 13:22:24 - mmengine - INFO - Epoch(val)  [79][ 80/116]    eta: 0:00:00  time: 0.0284  data_time: 0.0051  memory: 112  
2026/08/05 13:22:25 - mmengine - INFO - Epoch(val)  [79][ 90/116]    eta: 0:00:00  time: 0.0278  data_time: 0.0050  memory: 116  
2026/08/05 13:22:25 - mmengine - INFO - Epoch(val)  [79][100/116]    eta: 0:00:00  time: 0.0279  data_time: 0.0057  memory: 131  
2026/08/05 13:22:25 - mmengine - INFO - Epoch(val)  [79][110/116]    eta: 0:00:00  time: 0.0270  data_time: 0.0050  memory: 107  
2026/08/05 13:22:25 - mmengine - INFO - Evaluating bbox...
2026/08/05 13:22:25 - mmengine - INFO - bbox_mAP_copypaste: 0.617 0.882 0.690 0.000 0.710 0.572
2026/08/05 13:22:25 - mmengine - INFO - Evaluating segm...
2026/08/05 13:22:25 - mmengine - INFO - segm_mAP_copypaste: 0.371 0.540 0.415 0.000 0.519 0.312
2026/08/05 13:22:25 - mmengine - INFO - Epoch(val) [79][116/116]    coco/bbox_mAP: 0.6170  coco/bbox_mAP_50: 0.8820  coco/bbox_mAP_75: 0.6900  coco/bbox_mAP_s: 0.0000  coco/bbox_mAP_m: 0.7100  coco/bbox_mAP_l: 0.5720  coco/segm_mAP: 0.3710  coco/segm_mAP_50: 0.5400  coco/segm_mAP_75: 0.4150  coco/segm_mAP_s: 0.0000  coco/segm_mAP_m: 0.5190  coco/segm_mAP_l: 0.3120  data_time: 0.0058  time: 0.0274
2026/08/05 13:22:29 - mmengine - INFO - Epoch(train)  [80][10/68]  base_lr: 5.0381e-05 lr: 5.0381e-05  eta: 0:07:51  time: 0.3354  data_time: 0.1191  memory: 601  grad_norm: 11.2238  loss: 0.3888  loss_cls: 0.0926  loss_bbox: 0.2070  loss_mask: 0.0891
2026/08/05 13:22:32 - mmengine - INFO - Epoch(train)  [80][20/68]  base_lr: 4.9852e-05 lr: 4.9852e-05  eta: 0:07:48  time: 0.3396  data_time: 0.1261  memory: 603  grad_norm: 10.8317  loss: 0.3770  loss_cls: 0.0891  loss_bbox: 0.2009  loss_mask: 0.0870
2026/08/05 13:22:35 - mmengine - INFO - Epoch(train)  [80][30/68]  base_lr: 4.9323e-05 lr: 4.9323e-05  eta: 0:07:45  time: 0.3315  data_time: 0.1207  memory: 602  grad_norm: 10.6980  loss: 0.3697  loss_cls: 0.0825  loss_bbox: 0.1998  loss_mask: 0.0874
2026/08/05 13:22:39 - mmengine - INFO - Epoch(train)  [80][40/68]  base_lr: 4.8797e-05 lr: 4.8797e-05  eta: 0:07:41  time: 0.3293  data_time: 0.1195  memory: 604  grad_norm: 10.7137  loss: 0.3739  loss_cls: 0.0834  loss_bbox: 0.2026  loss_mask: 0.0879
2026/08/05 13:22:42 - mmengine - INFO - Epoch(train)  [80][50/68]  base_lr: 4.8271e-05 lr: 4.8271e-05  eta: 0:07:38  time: 0.3293  data_time: 0.1185  memory: 601  grad_norm: 10.5512  loss: 0.3840  loss_cls: 0.0865  loss_bbox: 0.2056  loss_mask: 0.0919
2026/08/05 13:22:45 - mmengine - INFO - Epoch(train)  [80][60/68]  base_lr: 4.7747e-05 lr: 4.7747e-05  eta: 0:07:35  time: 0.3288  data_time: 0.1179  memory: 601  grad_norm: 10.4188  loss: 0.3781  loss_cls: 0.0887  loss_bbox: 0.2006  loss_mask: 0.0888
2026/08/05 13:22:48 - mmengine - INFO - Exp name: rtmdet_ins_busi_20260805_124409
2026/08/05 13:22:48 - mmengine - INFO - Saving checkpoint at 80 epochs
2026/08/05 13:22:50 - mmengine - INFO - Epoch(val)  [80][ 10/116]    eta: 0:00:02  time: 0.0273  data_time: 0.0054  memory: 603  
2026/08/05 13:22:50 - mmengine - INFO - Epoch(val)  [80][ 20/116]    eta: 0:00:02  time: 0.0273  data_time: 0.0056  memory: 104  
2026/08/05 13:22:51 - mmengine - INFO - Epoch(val)  [80][ 30/116]    eta: 0:00:02  time: 0.0270  data_time: 0.0054  memory: 111  
2026/08/05 13:22:51 - mmengine - INFO - Epoch(val)  [80][ 40/116]    eta: 0:00:02  time: 0.0272  data_time: 0.0044  memory: 114  
2026/08/05 13:22:51 - mmengine - INFO - Epoch(val)  [80][ 50/116]    eta: 0:00:01  time: 0.0277  data_time: 0.0041  memory: 147  
2026/08/05 13:22:51 - mmengine - INFO - Epoch(val)  [80][ 60/116]    eta: 0:00:01  time: 0.0285  data_time: 0.0055  memory: 120  
2026/08/05 13:22:52 - mmengine - INFO - Epoch(val)  [80][ 70/116]    eta: 0:00:01  time: 0.0282  data_time: 0.0054  memory: 102  
2026/08/05 13:22:52 - mmengine - INFO - Epoch(val)  [80][ 80/116]    eta: 0:00:00  time: 0.0282  data_time: 0.0051  memory: 105  
2026/08/05 13:22:52 - mmengine - INFO - Epoch(val)  [80][ 90/116]    eta: 0:00:00  time: 0.0283  data_time: 0.0058  memory: 116  
2026/08/05 13:22:52 - mmengine - INFO - Epoch(val)  [80][100/116]    eta: 0:00:00  time: 0.0277  data_time: 0.0052  memory: 137  
2026/08/05 13:22:53 - mmengine - INFO - Epoch(val)  [80][110/116]    eta: 0:00:00  time: 0.0272  data_time: 0.0045  memory: 108  
2026/08/05 13:22:53 - mmengine - INFO - Evaluating bbox...
2026/08/05 13:22:53 - mmengine - INFO - bbox_mAP_copypaste: 0.614 0.882 0.690 0.000 0.702 0.574
2026/08/05 13:22:53 - mmengine - INFO - Evaluating segm...
2026/08/05 13:22:53 - mmengine - INFO - segm_mAP_copypaste: 0.377 0.549 0.429 0.000 0.521 0.317
2026/08/05 13:22:53 - mmengine - INFO - Epoch(val) [80][116/116]    coco/bbox_mAP: 0.6140  coco/bbox_mAP_50: 0.8820  coco/bbox_mAP_75: 0.6900  coco/bbox_mAP_s: 0.0000  coco/bbox_mAP_m: 0.7020  coco/bbox_mAP_l: 0.5740  coco/segm_mAP: 0.3770  coco/segm_mAP_50: 0.5490  coco/segm_mAP_75: 0.4290  coco/segm_mAP_s: 0.0000  coco/segm_mAP_m: 0.5210  coco/segm_mAP_l: 0.3170  data_time: 0.0048  time: 0.0277
2026/08/05 13:22:57 - mmengine - INFO - Epoch(train)  [81][10/68]  base_lr: 4.6808e-05 lr: 4.6808e-05  eta: 0:07:29  time: 0.3268  data_time: 0.1155  memory: 601  grad_norm: 10.7648  loss: 0.4071  loss_cls: 0.0972  loss_bbox: 0.2169  loss_mask: 0.0931
2026/08/05 13:23:00 - mmengine - INFO - Epoch(train)  [81][20/68]  base_lr: 4.6289e-05 lr: 4.6289e-05  eta: 0:07:25  time: 0.3318  data_time: 0.1198  memory: 601  grad_norm: 10.8813  loss: 0.4129  loss_cls: 0.1008  loss_bbox: 0.2170  loss_mask: 0.0951
2026/08/05 13:23:03 - mmengine - INFO - Epoch(train)  [81][30/68]  base_lr: 4.5771e-05 lr: 4.5771e-05  eta: 0:07:22  time: 0.3326  data_time: 0.1205  memory: 600  grad_norm: 10.7583  loss: 0.3941  loss_cls: 0.0917  loss_bbox: 0.2106  loss_mask: 0.0918
2026/08/05 13:23:07 - mmengine - INFO - Epoch(train)  [81][40/68]  base_lr: 4.5255e-05 lr: 4.5255e-05  eta: 0:07:19  time: 0.3326  data_time: 0.1205  memory: 601  grad_norm: 10.8733  loss: 0.3972  loss_cls: 0.0889  loss_bbox: 0.2140  loss_mask: 0.0943
2026/08/05 13:23:10 - mmengine - INFO - Epoch(train)  [81][50/68]  base_lr: 4.4740e-05 lr: 4.4740e-05  eta: 0:07:15  time: 0.3380  data_time: 0.1248  memory: 601  grad_norm: 10.7132  loss: 0.3834  loss_cls: 0.0870  loss_bbox: 0.2045  loss_mask: 0.0919
2026/08/05 13:23:13 - mmengine - INFO - Epoch(train)  [81][60/68]  base_lr: 4.4227e-05 lr: 4.4227e-05  eta: 0:07:12  time: 0.3379  data_time: 0.1245  memory: 601  grad_norm: 10.6449  loss: 0.3774  loss_cls: 0.0843  loss_bbox: 0.1997  loss_mask: 0.0934
2026/08/05 13:23:16 - mmengine - INFO - Exp name: rtmdet_ins_busi_20260805_124409
2026/08/05 13:23:16 - mmengine - INFO - Saving checkpoint at 81 epochs
2026/08/05 13:23:19 - mmengine - INFO - Epoch(val)  [81][ 10/116]    eta: 0:00:03  time: 0.0288  data_time: 0.0054  memory: 604  
2026/08/05 13:23:19 - mmengine - INFO - Epoch(val)  [81][ 20/116]    eta: 0:00:02  time: 0.0289  data_time: 0.0056  memory: 105  
2026/08/05 13:23:19 - mmengine - INFO - Epoch(val)  [81][ 30/116]    eta: 0:00:02  time: 0.0291  data_time: 0.0056  memory: 111  
2026/08/05 13:23:19 - mmengine - INFO - Epoch(val)  [81][ 40/116]    eta: 0:00:02  time: 0.0287  data_time: 0.0060  memory: 114  
2026/08/05 13:23:20 - mmengine - INFO - Epoch(val)  [81][ 50/116]    eta: 0:00:02  time: 0.0303  data_time: 0.0061  memory: 141  
2026/08/05 13:23:20 - mmengine - INFO - Epoch(val)  [81][ 60/116]    eta: 0:00:01  time: 0.0303  data_time: 0.0065  memory: 120  
2026/08/05 13:23:20 - mmengine - INFO - Epoch(val)  [81][ 70/116]    eta: 0:00:01  time: 0.0299  data_time: 0.0061  memory: 110  
2026/08/05 13:23:21 - mmengine - INFO - Epoch(val)  [81][ 80/116]    eta: 0:00:01  time: 0.0297  data_time: 0.0053  memory: 107  
2026/08/05 13:23:21 - mmengine - INFO - Epoch(val)  [81][ 90/116]    eta: 0:00:00  time: 0.0303  data_time: 0.0058  memory: 120  
2026/08/05 13:23:21 - mmengine - INFO - Epoch(val)  [81][100/116]    eta: 0:00:00  time: 0.0289  data_time: 0.0058  memory: 133  
2026/08/05 13:23:22 - mmengine - INFO - Epoch(val)  [81][110/116]    eta: 0:00:00  time: 0.0284  data_time: 0.0053  memory: 101  
2026/08/05 13:23:22 - mmengine - INFO - Evaluating bbox...
2026/08/05 13:23:22 - mmengine - INFO - bbox_mAP_copypaste: 0.614 0.880 0.688 0.000 0.703 0.570
2026/08/05 13:23:22 - mmengine - INFO - Evaluating segm...
2026/08/05 13:23:22 - mmengine - INFO - segm_mAP_copypaste: 0.381 0.556 0.434 0.000 0.528 0.321
2026/08/05 13:23:22 - mmengine - INFO - Epoch(val) [81][116/116]    coco/bbox_mAP: 0.6140  coco/bbox_mAP_50: 0.8800  coco/bbox_mAP_75: 0.6880  coco/bbox_mAP_s: 0.0000  coco/bbox_mAP_m: 0.7030  coco/bbox_mAP_l: 0.5700  coco/segm_mAP: 0.3810  coco/segm_mAP_50: 0.5560  coco/segm_mAP_75: 0.4340  coco/segm_mAP_s: 0.0000  coco/segm_mAP_m: 0.5280  coco/segm_mAP_l: 0.3210  data_time: 0.0059  time: 0.0295
2026/08/05 13:23:25 - mmengine - INFO - Epoch(train)  [82][10/68]  base_lr: 4.3309e-05 lr: 4.3309e-05  eta: 0:07:06  time: 0.3386  data_time: 0.1239  memory: 600  grad_norm: 11.1891  loss: 0.3714  loss_cls: 0.0837  loss_bbox: 0.1971  loss_mask: 0.0907
2026/08/05 13:23:28 - mmengine - INFO - Epoch(train)  [82][20/68]  base_lr: 4.2802e-05 lr: 4.2802e-05  eta: 0:07:03  time: 0.3368  data_time: 0.1232  memory: 601  grad_norm: 11.0051  loss: 0.3672  loss_cls: 0.0813  loss_bbox: 0.1958  loss_mask: 0.0901
2026/08/05 13:23:32 - mmengine - INFO - Epoch(train)  [82][30/68]  base_lr: 4.2296e-05 lr: 4.2296e-05  eta: 0:06:59  time: 0.3444  data_time: 0.1277  memory: 602  grad_norm: 10.9349  loss: 0.3683  loss_cls: 0.0823  loss_bbox: 0.1962  loss_mask: 0.0898
2026/08/05 13:23:36 - mmengine - INFO - Epoch(train)  [82][40/68]  base_lr: 4.1793e-05 lr: 4.1793e-05  eta: 0:06:56  time: 0.3430  data_time: 0.1262  memory: 602  grad_norm: 10.8968  loss: 0.3662  loss_cls: 0.0817  loss_bbox: 0.1971  loss_mask: 0.0874
2026/08/05 13:23:39 - mmengine - INFO - Epoch(train)  [82][50/68]  base_lr: 4.1291e-05 lr: 4.1291e-05  eta: 0:06:53  time: 0.3369  data_time: 0.1222  memory: 601  grad_norm: 10.4690  loss: 0.3648  loss_cls: 0.0800  loss_bbox: 0.1970  loss_mask: 0.0878
2026/08/05 13:23:42 - mmengine - INFO - Epoch(train)  [82][60/68]  base_lr: 4.0792e-05 lr: 4.0792e-05  eta: 0:06:50  time: 0.3394  data_time: 0.1256  memory: 601  grad_norm: 9.9617  loss: 0.3688  loss_cls: 0.0801  loss_bbox: 0.1979  loss_mask: 0.0907
2026/08/05 13:23:45 - mmengine - INFO - Exp name: rtmdet_ins_busi_20260805_124409
2026/08/05 13:23:45 - mmengine - INFO - Saving checkpoint at 82 epochs
2026/08/05 13:23:47 - mmengine - INFO - Epoch(val)  [82][ 10/116]    eta: 0:00:03  time: 0.0291  data_time: 0.0063  memory: 601  
2026/08/05 13:23:47 - mmengine - INFO - Epoch(val)  [82][ 20/116]    eta: 0:00:02  time: 0.0294  data_time: 0.0065  memory: 105  
2026/08/05 13:23:48 - mmengine - INFO - Epoch(val)  [82][ 30/116]    eta: 0:00:02  time: 0.0288  data_time: 0.0060  memory: 111  
2026/08/05 13:23:48 - mmengine - INFO - Epoch(val)  [82][ 40/116]    eta: 0:00:02  time: 0.0285  data_time: 0.0055  memory: 109  
2026/08/05 13:23:48 - mmengine - INFO - Epoch(val)  [82][ 50/116]    eta: 0:00:01  time: 0.0285  data_time: 0.0049  memory: 141  
2026/08/05 13:23:48 - mmengine - INFO - Epoch(val)  [82][ 60/116]    eta: 0:00:01  time: 0.0288  data_time: 0.0052  memory: 106  
2026/08/05 13:23:49 - mmengine - INFO - Epoch(val)  [82][ 70/116]    eta: 0:00:01  time: 0.0276  data_time: 0.0049  memory: 100  
2026/08/05 13:23:49 - mmengine - INFO - Epoch(val)  [82][ 80/116]    eta: 0:00:01  time: 0.0276  data_time: 0.0049  memory: 107  
2026/08/05 13:23:49 - mmengine - INFO - Epoch(val)  [82][ 90/116]    eta: 0:00:00  time: 0.0283  data_time: 0.0058  memory: 127  
2026/08/05 13:23:49 - mmengine - INFO - Epoch(val)  [82][100/116]    eta: 0:00:00  time: 0.0285  data_time: 0.0060  memory: 137  
2026/08/05 13:23:50 - mmengine - INFO - Epoch(val)  [82][110/116]    eta: 0:00:00  time: 0.0276  data_time: 0.0047  memory: 104  
2026/08/05 13:23:50 - mmengine - INFO - Evaluating bbox...
2026/08/05 13:23:50 - mmengine - INFO - bbox_mAP_copypaste: 0.611 0.877 0.694 0.000 0.706 0.566
2026/08/05 13:23:50 - mmengine - INFO - Evaluating segm...
2026/08/05 13:23:50 - mmengine - INFO - segm_mAP_copypaste: 0.371 0.539 0.421 0.000 0.532 0.314
2026/08/05 13:23:50 - mmengine - INFO - Epoch(val) [82][116/116]    coco/bbox_mAP: 0.6110  coco/bbox_mAP_50: 0.8770  coco/bbox_mAP_75: 0.6940  coco/bbox_mAP_s: 0.0000  coco/bbox_mAP_m: 0.7060  coco/bbox_mAP_l: 0.5660  coco/segm_mAP: 0.3710  coco/segm_mAP_50: 0.5390  coco/segm_mAP_75: 0.4210  coco/segm_mAP_s: 0.0000  coco/segm_mAP_m: 0.5320  coco/segm_mAP_l: 0.3140  data_time: 0.0049  time: 0.0284
2026/08/05 13:23:53 - mmengine - INFO - Epoch(train)  [83][10/68]  base_lr: 3.9898e-05 lr: 3.9898e-05  eta: 0:06:44  time: 0.3333  data_time: 0.1225  memory: 601  grad_norm: 10.2985  loss: 0.3636  loss_cls: 0.0809  loss_bbox: 0.1935  loss_mask: 0.0893
2026/08/05 13:23:57 - mmengine - INFO - Epoch(train)  [83][20/68]  base_lr: 3.9405e-05 lr: 3.9405e-05  eta: 0:06:40  time: 0.3393  data_time: 0.1277  memory: 601  grad_norm: 10.4037  loss: 0.3630  loss_cls: 0.0783  loss_bbox: 0.1937  loss_mask: 0.0910
2026/08/05 13:24:00 - mmengine - INFO - Epoch(train)  [83][30/68]  base_lr: 3.8914e-05 lr: 3.8914e-05  eta: 0:06:37  time: 0.3394  data_time: 0.1284  memory: 604  grad_norm: 10.5162  loss: 0.3674  loss_cls: 0.0791  loss_bbox: 0.1955  loss_mask: 0.0928
2026/08/05 13:24:04 - mmengine - INFO - Epoch(train)  [83][40/68]  base_lr: 3.8425e-05 lr: 3.8425e-05  eta: 0:06:34  time: 0.3399  data_time: 0.1285  memory: 602  grad_norm: 10.9044  loss: 0.3650  loss_cls: 0.0797  loss_bbox: 0.1938  loss_mask: 0.0916
2026/08/05 13:24:07 - mmengine - INFO - Epoch(train)  [83][50/68]  base_lr: 3.7939e-05 lr: 3.7939e-05  eta: 0:06:30  time: 0.3481  data_time: 0.1329  memory: 601  grad_norm: 10.6095  loss: 0.3632  loss_cls: 0.0786  loss_bbox: 0.1932  loss_mask: 0.0914
2026/08/05 13:24:11 - mmengine - INFO - Epoch(train)  [83][60/68]  base_lr: 3.7455e-05 lr: 3.7455e-05  eta: 0:06:27  time: 0.3464  data_time: 0.1329  memory: 600  grad_norm: 11.2094  loss: 0.3645  loss_cls: 0.0775  loss_bbox: 0.1957  loss_mask: 0.0912
2026/08/05 13:24:13 - mmengine - INFO - Exp name: rtmdet_ins_busi_20260805_124409
2026/08/05 13:24:13 - mmengine - INFO - Saving checkpoint at 83 epochs
2026/08/05 13:24:16 - mmengine - INFO - Epoch(val)  [83][ 10/116]    eta: 0:00:02  time: 0.0285  data_time: 0.0040  memory: 602  
2026/08/05 13:24:16 - mmengine - INFO - Epoch(val)  [83][ 20/116]    eta: 0:00:02  time: 0.0282  data_time: 0.0037  memory: 104  
2026/08/05 13:24:16 - mmengine - INFO - Epoch(val)  [83][ 30/116]    eta: 0:00:02  time: 0.0271  data_time: 0.0030  memory: 107  
2026/08/05 13:24:16 - mmengine - INFO - Epoch(val)  [83][ 40/116]    eta: 0:00:02  time: 0.0270  data_time: 0.0035  memory: 111  
2026/08/05 13:24:17 - mmengine - INFO - Epoch(val)  [83][ 50/116]    eta: 0:00:01  time: 0.0267  data_time: 0.0040  memory: 141  
2026/08/05 13:24:17 - mmengine - INFO - Epoch(val)  [83][ 60/116]    eta: 0:00:01  time: 0.0266  data_time: 0.0046  memory: 102  
2026/08/05 13:24:17 - mmengine - INFO - Epoch(val)  [83][ 70/116]    eta: 0:00:01  time: 0.0267  data_time: 0.0051  memory: 100  
2026/08/05 13:24:17 - mmengine - INFO - Epoch(val)  [83][ 80/116]    eta: 0:00:00  time: 0.0275  data_time: 0.0054  memory: 108  
2026/08/05 13:24:18 - mmengine - INFO - Epoch(val)  [83][ 90/116]    eta: 0:00:00  time: 0.0284  data_time: 0.0052  memory: 116  
2026/08/05 13:24:18 - mmengine - INFO - Epoch(val)  [83][100/116]    eta: 0:00:00  time: 0.0292  data_time: 0.0056  memory: 131  
2026/08/05 13:24:18 - mmengine - INFO - Epoch(val)  [83][110/116]    eta: 0:00:00  time: 0.0291  data_time: 0.0051  memory: 104  
2026/08/05 13:24:19 - mmengine - INFO - Evaluating bbox...
2026/08/05 13:24:19 - mmengine - INFO - bbox_mAP_copypaste: 0.606 0.877 0.682 0.000 0.697 0.570
2026/08/05 13:24:19 - mmengine - INFO - Evaluating segm...
2026/08/05 13:24:19 - mmengine - INFO - segm_mAP_copypaste: 0.379 0.546 0.440 0.000 0.541 0.322
2026/08/05 13:24:19 - mmengine - INFO - Epoch(val) [83][116/116]    coco/bbox_mAP: 0.6060  coco/bbox_mAP_50: 0.8770  coco/bbox_mAP_75: 0.6820  coco/bbox_mAP_s: 0.0000  coco/bbox_mAP_m: 0.6970  coco/bbox_mAP_l: 0.5700  coco/segm_mAP: 0.3790  coco/segm_mAP_50: 0.5460  coco/segm_mAP_75: 0.4400  coco/segm_mAP_s: 0.0000  coco/segm_mAP_m: 0.5410  coco/segm_mAP_l: 0.3220  data_time: 0.0046  time: 0.0278
2026/08/05 13:24:22 - mmengine - INFO - Epoch(train)  [84][10/68]  base_lr: 3.6589e-05 lr: 3.6589e-05  eta: 0:06:21  time: 0.3421  data_time: 0.1274  memory: 602  grad_norm: 11.5498  loss: 0.3616  loss_cls: 0.0773  loss_bbox: 0.1953  loss_mask: 0.0889
2026/08/05 13:24:26 - mmengine - INFO - Epoch(train)  [84][20/68]  base_lr: 3.6112e-05 lr: 3.6112e-05  eta: 0:06:18  time: 0.3485  data_time: 0.1276  memory: 600  grad_norm: 11.3745  loss: 0.3637  loss_cls: 0.0779  loss_bbox: 0.1969  loss_mask: 0.0889
2026/08/05 13:24:29 - mmengine - INFO - Epoch(train)  [84][30/68]  base_lr: 3.5637e-05 lr: 3.5637e-05  eta: 0:06:14  time: 0.3476  data_time: 0.1267  memory: 603  grad_norm: 11.6969  loss: 0.3600  loss_cls: 0.0757  loss_bbox: 0.1974  loss_mask: 0.0869
2026/08/05 13:24:33 - mmengine - INFO - Epoch(train)  [84][40/68]  base_lr: 3.5165e-05 lr: 3.5165e-05  eta: 0:06:11  time: 0.3448  data_time: 0.1245  memory: 602  grad_norm: 11.1739  loss: 0.3631  loss_cls: 0.0764  loss_bbox: 0.1998  loss_mask: 0.0869
2026/08/05 13:24:36 - mmengine - INFO - Epoch(train)  [84][50/68]  base_lr: 3.4695e-05 lr: 3.4695e-05  eta: 0:06:08  time: 0.3441  data_time: 0.1236  memory: 601  grad_norm: 10.7624  loss: 0.3650  loss_cls: 0.0784  loss_bbox: 0.2010  loss_mask: 0.0856
2026/08/05 13:24:39 - mmengine - INFO - Epoch(train)  [84][60/68]  base_lr: 3.4228e-05 lr: 3.4228e-05  eta: 0:06:04  time: 0.3408  data_time: 0.1227  memory: 602  grad_norm: 10.9856  loss: 0.3636  loss_cls: 0.0768  loss_bbox: 0.2021  loss_mask: 0.0847
2026/08/05 13:24:42 - mmengine - INFO - Exp name: rtmdet_ins_busi_20260805_124409
2026/08/05 13:24:42 - mmengine - INFO - Saving checkpoint at 84 epochs
2026/08/05 13:24:44 - mmengine - INFO - Epoch(val)  [84][ 10/116]    eta: 0:00:03  time: 0.0296  data_time: 0.0054  memory: 603  
2026/08/05 13:24:44 - mmengine - INFO - Epoch(val)  [84][ 20/116]    eta: 0:00:02  time: 0.0280  data_time: 0.0047  memory: 104  
2026/08/05 13:24:44 - mmengine - INFO - Epoch(val)  [84][ 30/116]    eta: 0:00:02  time: 0.0275  data_time: 0.0046  memory: 104  
2026/08/05 13:24:45 - mmengine - INFO - Epoch(val)  [84][ 40/116]    eta: 0:00:02  time: 0.0271  data_time: 0.0048  memory: 107  
2026/08/05 13:24:45 - mmengine - INFO - Epoch(val)  [84][ 50/116]    eta: 0:00:01  time: 0.0276  data_time: 0.0055  memory: 135  
2026/08/05 13:24:45 - mmengine - INFO - Epoch(val)  [84][ 60/116]    eta: 0:00:01  time: 0.0274  data_time: 0.0058  memory: 102  
2026/08/05 13:24:46 - mmengine - INFO - Epoch(val)  [84][ 70/116]    eta: 0:00:01  time: 0.0275  data_time: 0.0061  memory: 105  
2026/08/05 13:24:46 - mmengine - INFO - Epoch(val)  [84][ 80/116]    eta: 0:00:01  time: 0.0282  data_time: 0.0054  memory: 112  
2026/08/05 13:24:46 - mmengine - INFO - Epoch(val)  [84][ 90/116]    eta: 0:00:00  time: 0.0302  data_time: 0.0068  memory: 116  
2026/08/05 13:24:47 - mmengine - INFO - Epoch(val)  [84][100/116]    eta: 0:00:00  time: 0.0299  data_time: 0.0064  memory: 133  
2026/08/05 13:24:47 - mmengine - INFO - Epoch(val)  [84][110/116]    eta: 0:00:00  time: 0.0292  data_time: 0.0058  memory: 104  
2026/08/05 13:24:47 - mmengine - INFO - Evaluating bbox...
2026/08/05 13:24:47 - mmengine - INFO - bbox_mAP_copypaste: 0.613 0.878 0.705 0.000 0.694 0.576
2026/08/05 13:24:47 - mmengine - INFO - Evaluating segm...
2026/08/05 13:24:47 - mmengine - INFO - segm_mAP_copypaste: 0.379 0.551 0.426 0.000 0.537 0.316
2026/08/05 13:24:47 - mmengine - INFO - Epoch(val) [84][116/116]    coco/bbox_mAP: 0.6130  coco/bbox_mAP_50: 0.8780  coco/bbox_mAP_75: 0.7050  coco/bbox_mAP_s: 0.0000  coco/bbox_mAP_m: 0.6940  coco/bbox_mAP_l: 0.5760  coco/segm_mAP: 0.3790  coco/segm_mAP_50: 0.5510  coco/segm_mAP_75: 0.4260  coco/segm_mAP_s: 0.0000  coco/segm_mAP_m: 0.5370  coco/segm_mAP_l: 0.3160  data_time: 0.0059  time: 0.0283
2026/08/05 13:24:50 - mmengine - INFO - Epoch(train)  [85][10/68]  base_lr: 3.3394e-05 lr: 3.3394e-05  eta: 0:05:58  time: 0.3264  data_time: 0.1151  memory: 601  grad_norm: 11.2322  loss: 0.3716  loss_cls: 0.0833  loss_bbox: 0.2013  loss_mask: 0.0870
2026/08/05 13:24:54 - mmengine - INFO - Epoch(train)  [85][20/68]  base_lr: 3.2935e-05 lr: 3.2935e-05  eta: 0:05:55  time: 0.3293  data_time: 0.1187  memory: 602  grad_norm: 11.4313  loss: 0.3658  loss_cls: 0.0831  loss_bbox: 0.1951  loss_mask: 0.0875
2026/08/05 13:24:57 - mmengine - INFO - Epoch(train)  [85][30/68]  base_lr: 3.2479e-05 lr: 3.2479e-05  eta: 0:05:52  time: 0.3317  data_time: 0.1206  memory: 600  grad_norm: 11.5313  loss: 0.3716  loss_cls: 0.0875  loss_bbox: 0.1954  loss_mask: 0.0887
2026/08/05 13:25:01 - mmengine - INFO - Epoch(train)  [85][40/68]  base_lr: 3.2025e-05 lr: 3.2025e-05  eta: 0:05:48  time: 0.3318  data_time: 0.1206  memory: 601  grad_norm: 11.2852  loss: 0.3715  loss_cls: 0.0881  loss_bbox: 0.1940  loss_mask: 0.0894
2026/08/05 13:25:04 - mmengine - INFO - Epoch(train)  [85][50/68]  base_lr: 3.1574e-05 lr: 3.1574e-05  eta: 0:05:45  time: 0.3336  data_time: 0.1202  memory: 599  grad_norm: 11.0389  loss: 0.3692  loss_cls: 0.0855  loss_bbox: 0.1965  loss_mask: 0.0873
2026/08/05 13:25:07 - mmengine - INFO - Epoch(train)  [85][60/68]  base_lr: 3.1126e-05 lr: 3.1126e-05  eta: 0:05:42  time: 0.3323  data_time: 0.1188  memory: 601  grad_norm: 10.6807  loss: 0.3715  loss_cls: 0.0864  loss_bbox: 0.1962  loss_mask: 0.0888
2026/08/05 13:25:10 - mmengine - INFO - Exp name: rtmdet_ins_busi_20260805_124409
2026/08/05 13:25:10 - mmengine - INFO - Saving checkpoint at 85 epochs
2026/08/05 13:25:12 - mmengine - INFO - Epoch(val)  [85][ 10/116]    eta: 0:00:02  time: 0.0294  data_time: 0.0063  memory: 602  
2026/08/05 13:25:12 - mmengine - INFO - Epoch(val)  [85][ 20/116]    eta: 0:00:02  time: 0.0272  data_time: 0.0053  memory: 108  
2026/08/05 13:25:12 - mmengine - INFO - Epoch(val)  [85][ 30/116]    eta: 0:00:02  time: 0.0262  data_time: 0.0050  memory: 109  
2026/08/05 13:25:13 - mmengine - INFO - Epoch(val)  [85][ 40/116]    eta: 0:00:02  time: 0.0269  data_time: 0.0051  memory: 111  
2026/08/05 13:25:13 - mmengine - INFO - Epoch(val)  [85][ 50/116]    eta: 0:00:01  time: 0.0277  data_time: 0.0049  memory: 141  
2026/08/05 13:25:13 - mmengine - INFO - Epoch(val)  [85][ 60/116]    eta: 0:00:01  time: 0.0279  data_time: 0.0048  memory: 102  
2026/08/05 13:25:13 - mmengine - INFO - Epoch(val)  [85][ 70/116]    eta: 0:00:01  time: 0.0286  data_time: 0.0056  memory: 103  
2026/08/05 13:25:14 - mmengine - INFO - Epoch(val)  [85][ 80/116]    eta: 0:00:01  time: 0.0286  data_time: 0.0053  memory: 111  
2026/08/05 13:25:14 - mmengine - INFO - Epoch(val)  [85][ 90/116]    eta: 0:00:00  time: 0.0288  data_time: 0.0048  memory: 116  
2026/08/05 13:25:14 - mmengine - INFO - Epoch(val)  [85][100/116]    eta: 0:00:00  time: 0.0292  data_time: 0.0046  memory: 140  
2026/08/05 13:25:15 - mmengine - INFO - Epoch(val)  [85][110/116]    eta: 0:00:00  time: 0.0291  data_time: 0.0044  memory: 104  
2026/08/05 13:25:15 - mmengine - INFO - Evaluating bbox...
2026/08/05 13:25:15 - mmengine - INFO - bbox_mAP_copypaste: 0.609 0.879 0.674 0.000 0.692 0.574
2026/08/05 13:25:15 - mmengine - INFO - Evaluating segm...
2026/08/05 13:25:15 - mmengine - INFO - segm_mAP_copypaste: 0.378 0.555 0.426 0.000 0.524 0.322
2026/08/05 13:25:15 - mmengine - INFO - Epoch(val) [85][116/116]    coco/bbox_mAP: 0.6090  coco/bbox_mAP_50: 0.8790  coco/bbox_mAP_75: 0.6740  coco/bbox_mAP_s: 0.0000  coco/bbox_mAP_m: 0.6920  coco/bbox_mAP_l: 0.5740  coco/segm_mAP: 0.3780  coco/segm_mAP_50: 0.5550  coco/segm_mAP_75: 0.4260  coco/segm_mAP_s: 0.0000  coco/segm_mAP_m: 0.5240  coco/segm_mAP_l: 0.3220  data_time: 0.0047  time: 0.0284
2026/08/05 13:25:18 - mmengine - INFO - Epoch(train)  [86][10/68]  base_lr: 3.0327e-05 lr: 3.0327e-05  eta: 0:05:36  time: 0.3280  data_time: 0.1149  memory: 602  grad_norm: 10.5787  loss: 0.3632  loss_cls: 0.0812  loss_bbox: 0.1949  loss_mask: 0.0871
2026/08/05 13:25:22 - mmengine - INFO - Epoch(train)  [86][20/68]  base_lr: 2.9887e-05 lr: 2.9887e-05  eta: 0:05:32  time: 0.3272  data_time: 0.1141  memory: 602  grad_norm: 10.6428  loss: 0.3616  loss_cls: 0.0779  loss_bbox: 0.1975  loss_mask: 0.0861
2026/08/05 13:25:25 - mmengine - INFO - Epoch(train)  [86][30/68]  base_lr: 2.9451e-05 lr: 2.9451e-05  eta: 0:05:29  time: 0.3312  data_time: 0.1190  memory: 601  grad_norm: 10.0622  loss: 0.3578  loss_cls: 0.0762  loss_bbox: 0.1951  loss_mask: 0.0865
2026/08/05 13:25:29 - mmengine - INFO - Epoch(train)  [86][40/68]  base_lr: 2.9017e-05 lr: 2.9017e-05  eta: 0:05:26  time: 0.3387  data_time: 0.1222  memory: 603  grad_norm: 9.8315  loss: 0.3521  loss_cls: 0.0734  loss_bbox: 0.1932  loss_mask: 0.0855
2026/08/05 13:25:32 - mmengine - INFO - Epoch(train)  [86][50/68]  base_lr: 2.8587e-05 lr: 2.8587e-05  eta: 0:05:23  time: 0.3494  data_time: 0.1292  memory: 602  grad_norm: 9.9549  loss: 0.3590  loss_cls: 0.0773  loss_bbox: 0.1960  loss_mask: 0.0858
2026/08/05 13:25:36 - mmengine - INFO - Epoch(train)  [86][60/68]  base_lr: 2.8160e-05 lr: 2.8160e-05  eta: 0:05:19  time: 0.3499  data_time: 0.1297  memory: 600  grad_norm: 10.0311  loss: 0.3665  loss_cls: 0.0764  loss_bbox: 0.2013  loss_mask: 0.0888
2026/08/05 13:25:38 - mmengine - INFO - Exp name: rtmdet_ins_busi_20260805_124409
2026/08/05 13:25:38 - mmengine - INFO - Saving checkpoint at 86 epochs
2026/08/05 13:25:41 - mmengine - INFO - Epoch(val)  [86][ 10/116]    eta: 0:00:03  time: 0.0296  data_time: 0.0046  memory: 601  
2026/08/05 13:25:41 - mmengine - INFO - Epoch(val)  [86][ 20/116]    eta: 0:00:02  time: 0.0294  data_time: 0.0050  memory: 104  
2026/08/05 13:25:41 - mmengine - INFO - Epoch(val)  [86][ 30/116]    eta: 0:00:02  time: 0.0285  data_time: 0.0053  memory: 111  
2026/08/05 13:25:42 - mmengine - INFO - Epoch(val)  [86][ 40/116]    eta: 0:00:02  time: 0.0280  data_time: 0.0051  memory: 109  
2026/08/05 13:25:42 - mmengine - INFO - Epoch(val)  [86][ 50/116]    eta: 0:00:01  time: 0.0280  data_time: 0.0050  memory: 147  
2026/08/05 13:25:42 - mmengine - INFO - Epoch(val)  [86][ 60/116]    eta: 0:00:01  time: 0.0278  data_time: 0.0051  memory: 112  
2026/08/05 13:25:42 - mmengine - INFO - Epoch(val)  [86][ 70/116]    eta: 0:00:01  time: 0.0282  data_time: 0.0055  memory: 103  
2026/08/05 13:25:43 - mmengine - INFO - Epoch(val)  [86][ 80/116]    eta: 0:00:01  time: 0.0285  data_time: 0.0055  memory: 112  
2026/08/05 13:25:43 - mmengine - INFO - Epoch(val)  [86][ 90/116]    eta: 0:00:00  time: 0.0286  data_time: 0.0061  memory: 116  
2026/08/05 13:25:43 - mmengine - INFO - Epoch(val)  [86][100/116]    eta: 0:00:00  time: 0.0286  data_time: 0.0062  memory: 128  
2026/08/05 13:25:44 - mmengine - INFO - Epoch(val)  [86][110/116]    eta: 0:00:00  time: 0.0282  data_time: 0.0050  memory: 104  
2026/08/05 13:25:44 - mmengine - INFO - Evaluating bbox...
2026/08/05 13:25:44 - mmengine - INFO - bbox_mAP_copypaste: 0.620 0.891 0.712 0.000 0.702 0.584
2026/08/05 13:25:44 - mmengine - INFO - Evaluating segm...
2026/08/05 13:25:44 - mmengine - INFO - segm_mAP_copypaste: 0.377 0.555 0.406 0.000 0.533 0.320
2026/08/05 13:25:44 - mmengine - INFO - Epoch(val) [86][116/116]    coco/bbox_mAP: 0.6200  coco/bbox_mAP_50: 0.8910  coco/bbox_mAP_75: 0.7120  coco/bbox_mAP_s: 0.0000  coco/bbox_mAP_m: 0.7020  coco/bbox_mAP_l: 0.5840  coco/segm_mAP: 0.3770  coco/segm_mAP_50: 0.5550  coco/segm_mAP_75: 0.4060  coco/segm_mAP_s: 0.0000  coco/segm_mAP_m: 0.5330  coco/segm_mAP_l: 0.3200  data_time: 0.0052  time: 0.0284
2026/08/05 13:25:47 - mmengine - INFO - Epoch(train)  [87][10/68]  base_lr: 2.7399e-05 lr: 2.7399e-05  eta: 0:05:13  time: 0.3513  data_time: 0.1301  memory: 602  grad_norm: 10.3038  loss: 0.3745  loss_cls: 0.0803  loss_bbox: 0.2041  loss_mask: 0.0900
2026/08/05 13:25:51 - mmengine - INFO - Epoch(train)  [87][20/68]  base_lr: 2.6981e-05 lr: 2.6981e-05  eta: 0:05:10  time: 0.3468  data_time: 0.1288  memory: 602  grad_norm: 10.1770  loss: 0.3730  loss_cls: 0.0802  loss_bbox: 0.2019  loss_mask: 0.0910
2026/08/05 13:25:54 - mmengine - INFO - Epoch(train)  [87][30/68]  base_lr: 2.6566e-05 lr: 2.6566e-05  eta: 0:05:07  time: 0.3397  data_time: 0.1231  memory: 603  grad_norm: 9.9561  loss: 0.3618  loss_cls: 0.0759  loss_bbox: 0.1966  loss_mask: 0.0894
2026/08/05 13:25:58 - mmengine - INFO - Epoch(train)  [87][40/68]  base_lr: 2.6154e-05 lr: 2.6154e-05  eta: 0:05:03  time: 0.3426  data_time: 0.1271  memory: 604  grad_norm: 10.2134  loss: 0.3446  loss_cls: 0.0734  loss_bbox: 0.1870  loss_mask: 0.0842
2026/08/05 13:26:01 - mmengine - INFO - Epoch(train)  [87][50/68]  base_lr: 2.5746e-05 lr: 2.5746e-05  eta: 0:05:00  time: 0.3413  data_time: 0.1269  memory: 601  grad_norm: 10.4264  loss: 0.3538  loss_cls: 0.0790  loss_bbox: 0.1874  loss_mask: 0.0875
2026/08/05 13:26:04 - mmengine - INFO - Epoch(train)  [87][60/68]  base_lr: 2.5341e-05 lr: 2.5341e-05  eta: 0:04:57  time: 0.3395  data_time: 0.1261  memory: 602  grad_norm: 10.5093  loss: 0.3530  loss_cls: 0.0771  loss_bbox: 0.1900  loss_mask: 0.0858
2026/08/05 13:26:07 - mmengine - INFO - Exp name: rtmdet_ins_busi_20260805_124409
2026/08/05 13:26:07 - mmengine - INFO - Saving checkpoint at 87 epochs
2026/08/05 13:26:09 - mmengine - INFO - Epoch(val)  [87][ 10/116]    eta: 0:00:03  time: 0.0288  data_time: 0.0044  memory: 601  
2026/08/05 13:26:10 - mmengine - INFO - Epoch(val)  [87][ 20/116]    eta: 0:00:02  time: 0.0281  data_time: 0.0042  memory: 104  
2026/08/05 13:26:10 - mmengine - INFO - Epoch(val)  [87][ 30/116]    eta: 0:00:02  time: 0.0280  data_time: 0.0036  memory: 111  
2026/08/05 13:26:10 - mmengine - INFO - Epoch(val)  [87][ 40/116]    eta: 0:00:02  time: 0.0275  data_time: 0.0033  memory: 111  
2026/08/05 13:26:10 - mmengine - INFO - Epoch(val)  [87][ 50/116]    eta: 0:00:01  time: 0.0275  data_time: 0.0035  memory: 141  
2026/08/05 13:26:11 - mmengine - INFO - Epoch(val)  [87][ 60/116]    eta: 0:00:01  time: 0.0274  data_time: 0.0039  memory: 112  
2026/08/05 13:26:11 - mmengine - INFO - Epoch(val)  [87][ 70/116]    eta: 0:00:01  time: 0.0275  data_time: 0.0036  memory: 103  
2026/08/05 13:26:11 - mmengine - INFO - Epoch(val)  [87][ 80/116]    eta: 0:00:00  time: 0.0279  data_time: 0.0041  memory: 111  
2026/08/05 13:26:12 - mmengine - INFO - Epoch(val)  [87][ 90/116]    eta: 0:00:00  time: 0.0293  data_time: 0.0043  memory: 116  
2026/08/05 13:26:12 - mmengine - INFO - Epoch(val)  [87][100/116]    eta: 0:00:00  time: 0.0292  data_time: 0.0039  memory: 137  
2026/08/05 13:26:12 - mmengine - INFO - Epoch(val)  [87][110/116]    eta: 0:00:00  time: 0.0288  data_time: 0.0037  memory: 104  
2026/08/05 13:26:12 - mmengine - INFO - Evaluating bbox...
2026/08/05 13:26:12 - mmengine - INFO - bbox_mAP_copypaste: 0.622 0.888 0.669 0.000 0.696 0.588
2026/08/05 13:26:12 - mmengine - INFO - Evaluating segm...
2026/08/05 13:26:12 - mmengine - INFO - segm_mAP_copypaste: 0.379 0.558 0.414 0.000 0.532 0.318
2026/08/05 13:26:12 - mmengine - INFO - Epoch(val) [87][116/116]    coco/bbox_mAP: 0.6220  coco/bbox_mAP_50: 0.8880  coco/bbox_mAP_75: 0.6690  coco/bbox_mAP_s: 0.0000  coco/bbox_mAP_m: 0.6960  coco/bbox_mAP_l: 0.5880  coco/segm_mAP: 0.3790  coco/segm_mAP_50: 0.5580  coco/segm_mAP_75: 0.4140  coco/segm_mAP_s: 0.0000  coco/segm_mAP_m: 0.5320  coco/segm_mAP_l: 0.3180  data_time: 0.0039  time: 0.0283
2026/08/05 13:26:16 - mmengine - INFO - Epoch(train)  [88][10/68]  base_lr: 2.4621e-05 lr: 2.4621e-05  eta: 0:04:51  time: 0.3363  data_time: 0.1243  memory: 604  grad_norm: 11.1258  loss: 0.3518  loss_cls: 0.0743  loss_bbox: 0.1932  loss_mask: 0.0842
2026/08/05 13:26:19 - mmengine - INFO - Epoch(train)  [88][20/68]  base_lr: 2.4226e-05 lr: 2.4226e-05  eta: 0:04:47  time: 0.3298  data_time: 0.1194  memory: 601  grad_norm: 11.1080  loss: 0.3602  loss_cls: 0.0779  loss_bbox: 0.1981  loss_mask: 0.0843
2026/08/05 13:26:22 - mmengine - INFO - Epoch(train)  [88][30/68]  base_lr: 2.3835e-05 lr: 2.3835e-05  eta: 0:04:44  time: 0.3353  data_time: 0.1222  memory: 604  grad_norm: 11.1730  loss: 0.3545  loss_cls: 0.0757  loss_bbox: 0.1960  loss_mask: 0.0827
2026/08/05 13:26:26 - mmengine - INFO - Epoch(train)  [88][40/68]  base_lr: 2.3447e-05 lr: 2.3447e-05  eta: 0:04:41  time: 0.3320  data_time: 0.1211  memory: 601  grad_norm: 11.2936  loss: 0.3498  loss_cls: 0.0727  loss_bbox: 0.1934  loss_mask: 0.0836
2026/08/05 13:26:29 - mmengine - INFO - Epoch(train)  [88][50/68]  base_lr: 2.3063e-05 lr: 2.3063e-05  eta: 0:04:37  time: 0.3334  data_time: 0.1210  memory: 601  grad_norm: 11.1765  loss: 0.3544  loss_cls: 0.0765  loss_bbox: 0.1924  loss_mask: 0.0855
2026/08/05 13:26:33 - mmengine - INFO - Epoch(train)  [88][60/68]  base_lr: 2.2682e-05 lr: 2.2682e-05  eta: 0:04:34  time: 0.3370  data_time: 0.1251  memory: 601  grad_norm: 11.3321  loss: 0.3545  loss_cls: 0.0777  loss_bbox: 0.1911  loss_mask: 0.0856
2026/08/05 13:26:35 - mmengine - INFO - Exp name: rtmdet_ins_busi_20260805_124409
2026/08/05 13:26:35 - mmengine - INFO - Saving checkpoint at 88 epochs
2026/08/05 13:26:38 - mmengine - INFO - Epoch(val)  [88][ 10/116]    eta: 0:00:02  time: 0.0293  data_time: 0.0040  memory: 602  
2026/08/05 13:26:38 - mmengine - INFO - Epoch(val)  [88][ 20/116]    eta: 0:00:02  time: 0.0287  data_time: 0.0039  memory: 105  
2026/08/05 13:26:38 - mmengine - INFO - Epoch(val)  [88][ 30/116]    eta: 0:00:02  time: 0.0282  data_time: 0.0044  memory: 109  
2026/08/05 13:26:39 - mmengine - INFO - Epoch(val)  [88][ 40/116]    eta: 0:00:02  time: 0.0280  data_time: 0.0049  memory: 107  
2026/08/05 13:26:39 - mmengine - INFO - Epoch(val)  [88][ 50/116]    eta: 0:00:01  time: 0.0286  data_time: 0.0039  memory: 147  
2026/08/05 13:26:39 - mmengine - INFO - Epoch(val)  [88][ 60/116]    eta: 0:00:01  time: 0.0288  data_time: 0.0036  memory: 112  
2026/08/05 13:26:40 - mmengine - INFO - Epoch(val)  [88][ 70/116]    eta: 0:00:01  time: 0.0284  data_time: 0.0040  memory: 103  
2026/08/05 13:26:40 - mmengine - INFO - Epoch(val)  [88][ 80/116]    eta: 0:00:01  time: 0.0277  data_time: 0.0034  memory: 111  
2026/08/05 13:26:40 - mmengine - INFO - Epoch(val)  [88][ 90/116]    eta: 0:00:00  time: 0.0278  data_time: 0.0038  memory: 116  
2026/08/05 13:26:40 - mmengine - INFO - Epoch(val)  [88][100/116]    eta: 0:00:00  time: 0.0275  data_time: 0.0041  memory: 133  
2026/08/05 13:26:41 - mmengine - INFO - Epoch(val)  [88][110/116]    eta: 0:00:00  time: 0.0270  data_time: 0.0045  memory: 107  
2026/08/05 13:26:41 - mmengine - INFO - Evaluating bbox...
2026/08/05 13:26:41 - mmengine - INFO - bbox_mAP_copypaste: 0.612 0.885 0.721 0.000 0.694 0.577
2026/08/05 13:26:41 - mmengine - INFO - Evaluating segm...
2026/08/05 13:26:41 - mmengine - INFO - segm_mAP_copypaste: 0.383 0.560 0.433 0.000 0.538 0.326
2026/08/05 13:26:41 - mmengine - INFO - Epoch(val) [88][116/116]    coco/bbox_mAP: 0.6120  coco/bbox_mAP_50: 0.8850  coco/bbox_mAP_75: 0.7210  coco/bbox_mAP_s: 0.0000  coco/bbox_mAP_m: 0.6940  coco/bbox_mAP_l: 0.5770  coco/segm_mAP: 0.3830  coco/segm_mAP_50: 0.5600  coco/segm_mAP_75: 0.4330  coco/segm_mAP_s: 0.0000  coco/segm_mAP_m: 0.5380  coco/segm_mAP_l: 0.3260  data_time: 0.0040  time: 0.0280
2026/08/05 13:26:44 - mmengine - INFO - Epoch(train)  [89][10/68]  base_lr: 2.2006e-05 lr: 2.2006e-05  eta: 0:04:28  time: 0.3468  data_time: 0.1301  memory: 602  grad_norm: 10.8715  loss: 0.3466  loss_cls: 0.0747  loss_bbox: 0.1872  loss_mask: 0.0847
2026/08/05 13:26:46 - mmengine - INFO - Exp name: rtmdet_ins_busi_20260805_124409
2026/08/05 13:26:48 - mmengine - INFO - Epoch(train)  [89][20/68]  base_lr: 2.1636e-05 lr: 2.1636e-05  eta: 0:04:25  time: 0.3433  data_time: 0.1272  memory: 601  grad_norm: 10.9481  loss: 0.3459  loss_cls: 0.0775  loss_bbox: 0.1850  loss_mask: 0.0834
2026/08/05 13:26:51 - mmengine - INFO - Epoch(train)  [89][30/68]  base_lr: 2.1269e-05 lr: 2.1269e-05  eta: 0:04:21  time: 0.3416  data_time: 0.1249  memory: 601  grad_norm: 10.9213  loss: 0.3464  loss_cls: 0.0776  loss_bbox: 0.1860  loss_mask: 0.0828
2026/08/05 13:26:55 - mmengine - INFO - Epoch(train)  [89][40/68]  base_lr: 2.0906e-05 lr: 2.0906e-05  eta: 0:04:18  time: 0.3443  data_time: 0.1279  memory: 601  grad_norm: 10.6159  loss: 0.3540  loss_cls: 0.0788  loss_bbox: 0.1908  loss_mask: 0.0843
2026/08/05 13:26:58 - mmengine - INFO - Epoch(train)  [89][50/68]  base_lr: 2.0547e-05 lr: 2.0547e-05  eta: 0:04:15  time: 0.3410  data_time: 0.1300  memory: 602  grad_norm: 10.3908  loss: 0.3608  loss_cls: 0.0816  loss_bbox: 0.1920  loss_mask: 0.0872
2026/08/05 13:27:02 - mmengine - INFO - Epoch(train)  [89][60/68]  base_lr: 2.0192e-05 lr: 2.0192e-05  eta: 0:04:11  time: 0.3408  data_time: 0.1317  memory: 601  grad_norm: 10.8664  loss: 0.3561  loss_cls: 0.0810  loss_bbox: 0.1909  loss_mask: 0.0843
2026/08/05 13:27:04 - mmengine - INFO - Exp name: rtmdet_ins_busi_20260805_124409
2026/08/05 13:27:04 - mmengine - INFO - Saving checkpoint at 89 epochs
2026/08/05 13:27:06 - mmengine - INFO - Epoch(val)  [89][ 10/116]    eta: 0:00:02  time: 0.0277  data_time: 0.0040  memory: 603  
2026/08/05 13:27:06 - mmengine - INFO - Epoch(val)  [89][ 20/116]    eta: 0:00:02  time: 0.0283  data_time: 0.0036  memory: 102  
2026/08/05 13:27:07 - mmengine - INFO - Epoch(val)  [89][ 30/116]    eta: 0:00:02  time: 0.0282  data_time: 0.0037  memory: 114  
2026/08/05 13:27:07 - mmengine - INFO - Epoch(val)  [89][ 40/116]    eta: 0:00:02  time: 0.0279  data_time: 0.0042  memory: 109  
2026/08/05 13:27:07 - mmengine - INFO - Epoch(val)  [89][ 50/116]    eta: 0:00:01  time: 0.0276  data_time: 0.0049  memory: 147  
2026/08/05 13:27:07 - mmengine - INFO - Epoch(val)  [89][ 60/116]    eta: 0:00:01  time: 0.0274  data_time: 0.0058  memory: 107  
2026/08/05 13:27:08 - mmengine - INFO - Epoch(val)  [89][ 70/116]    eta: 0:00:01  time: 0.0265  data_time: 0.0056  memory: 103  
2026/08/05 13:27:08 - mmengine - INFO - Epoch(val)  [89][ 80/116]    eta: 0:00:00  time: 0.0267  data_time: 0.0060  memory: 111  
2026/08/05 13:27:08 - mmengine - INFO - Epoch(val)  [89][ 90/116]    eta: 0:00:00  time: 0.0275  data_time: 0.0061  memory: 116  
2026/08/05 13:27:09 - mmengine - INFO - Epoch(val)  [89][100/116]    eta: 0:00:00  time: 0.0278  data_time: 0.0058  memory: 131  
2026/08/05 13:27:09 - mmengine - INFO - Epoch(val)  [89][110/116]    eta: 0:00:00  time: 0.0276  data_time: 0.0061  memory: 104  
2026/08/05 13:27:09 - mmengine - INFO - Evaluating bbox...
2026/08/05 13:27:09 - mmengine - INFO - bbox_mAP_copypaste: 0.618 0.888 0.702 0.000 0.706 0.579
2026/08/05 13:27:09 - mmengine - INFO - Evaluating segm...
2026/08/05 13:27:09 - mmengine - INFO - segm_mAP_copypaste: 0.384 0.558 0.417 0.000 0.533 0.326
2026/08/05 13:27:09 - mmengine - INFO - Epoch(val) [89][116/116]    coco/bbox_mAP: 0.6180  coco/bbox_mAP_50: 0.8880  coco/bbox_mAP_75: 0.7020  coco/bbox_mAP_s: 0.0000  coco/bbox_mAP_m: 0.7060  coco/bbox_mAP_l: 0.5790  coco/segm_mAP: 0.3840  coco/segm_mAP_50: 0.5580  coco/segm_mAP_75: 0.4170  coco/segm_mAP_s: 0.0000  coco/segm_mAP_m: 0.5330  coco/segm_mAP_l: 0.3260  data_time: 0.0055  time: 0.0279
2026/08/05 13:27:13 - mmengine - INFO - Epoch(train)  [90][10/68]  base_lr: 1.9563e-05 lr: 1.9563e-05  eta: 0:04:05  time: 0.3350  data_time: 0.1270  memory: 601  grad_norm: 10.6076  loss: 0.3514  loss_cls: 0.0726  loss_bbox: 0.1929  loss_mask: 0.0858
2026/08/05 13:27:16 - mmengine - INFO - Epoch(train)  [90][20/68]  base_lr: 1.9218e-05 lr: 1.9218e-05  eta: 0:04:02  time: 0.3304  data_time: 0.1219  memory: 599  grad_norm: 11.1878  loss: 0.3469  loss_cls: 0.0731  loss_bbox: 0.1893  loss_mask: 0.0845
2026/08/05 13:27:19 - mmengine - INFO - Epoch(train)  [90][30/68]  base_lr: 1.8878e-05 lr: 1.8878e-05  eta: 0:03:59  time: 0.3248  data_time: 0.1160  memory: 602  grad_norm: 11.2391  loss: 0.3425  loss_cls: 0.0713  loss_bbox: 0.1863  loss_mask: 0.0849
2026/08/05 13:27:22 - mmengine - INFO - Epoch(train)  [90][40/68]  base_lr: 1.8542e-05 lr: 1.8542e-05  eta: 0:03:55  time: 0.3225  data_time: 0.1138  memory: 603  grad_norm: 11.0741  loss: 0.3444  loss_cls: 0.0704  loss_bbox: 0.1883  loss_mask: 0.0856
2026/08/05 13:27:26 - mmengine - INFO - Epoch(train)  [90][50/68]  base_lr: 1.8210e-05 lr: 1.8210e-05  eta: 0:03:52  time: 0.3293  data_time: 0.1179  memory: 602  grad_norm: 10.7965  loss: 0.3487  loss_cls: 0.0712  loss_bbox: 0.1901  loss_mask: 0.0874
2026/08/05 13:27:29 - mmengine - INFO - Epoch(train)  [90][60/68]  base_lr: 1.7881e-05 lr: 1.7881e-05  eta: 0:03:49  time: 0.3320  data_time: 0.1201  memory: 602  grad_norm: 10.6899  loss: 0.3466  loss_cls: 0.0736  loss_bbox: 0.1874  loss_mask: 0.0856
2026/08/05 13:27:32 - mmengine - INFO - Exp name: rtmdet_ins_busi_20260805_124409
2026/08/05 13:27:32 - mmengine - INFO - Saving checkpoint at 90 epochs
2026/08/05 13:27:34 - mmengine - INFO - Epoch(val)  [90][ 10/116]    eta: 0:00:03  time: 0.0288  data_time: 0.0052  memory: 601  
2026/08/05 13:27:34 - mmengine - INFO - Epoch(val)  [90][ 20/116]    eta: 0:00:02  time: 0.0286  data_time: 0.0050  memory: 105  
2026/08/05 13:27:34 - mmengine - INFO - Epoch(val)  [90][ 30/116]    eta: 0:00:02  time: 0.0280  data_time: 0.0051  memory: 109  
2026/08/05 13:27:35 - mmengine - INFO - Epoch(val)  [90][ 40/116]    eta: 0:00:02  time: 0.0280  data_time: 0.0050  memory: 107  
2026/08/05 13:27:35 - mmengine - INFO - Epoch(val)  [90][ 50/116]    eta: 0:00:01  time: 0.0277  data_time: 0.0048  memory: 147  
2026/08/05 13:27:35 - mmengine - INFO - Epoch(val)  [90][ 60/116]    eta: 0:00:01  time: 0.0275  data_time: 0.0053  memory: 112  
2026/08/05 13:27:35 - mmengine - INFO - Epoch(val)  [90][ 70/116]    eta: 0:00:01  time: 0.0273  data_time: 0.0056  memory: 103  
2026/08/05 13:27:36 - mmengine - INFO - Epoch(val)  [90][ 80/116]    eta: 0:00:00  time: 0.0275  data_time: 0.0051  memory: 111  
2026/08/05 13:27:36 - mmengine - INFO - Epoch(val)  [90][ 90/116]    eta: 0:00:00  time: 0.0279  data_time: 0.0052  memory: 116  
2026/08/05 13:27:36 - mmengine - INFO - Epoch(val)  [90][100/116]    eta: 0:00:00  time: 0.0274  data_time: 0.0044  memory: 131  
2026/08/05 13:27:37 - mmengine - INFO - Epoch(val)  [90][110/116]    eta: 0:00:00  time: 0.0277  data_time: 0.0050  memory: 101  
2026/08/05 13:27:37 - mmengine - INFO - Evaluating bbox...
2026/08/05 13:27:37 - mmengine - INFO - bbox_mAP_copypaste: 0.609 0.884 0.668 0.000 0.681 0.580
2026/08/05 13:27:37 - mmengine - INFO - Evaluating segm...
2026/08/05 13:27:37 - mmengine - INFO - segm_mAP_copypaste: 0.382 0.558 0.412 0.000 0.541 0.322
2026/08/05 13:27:37 - mmengine - INFO - Epoch(val) [90][116/116]    coco/bbox_mAP: 0.6090  coco/bbox_mAP_50: 0.8840  coco/bbox_mAP_75: 0.6680  coco/bbox_mAP_s: 0.0000  coco/bbox_mAP_m: 0.6810  coco/bbox_mAP_l: 0.5800  coco/segm_mAP: 0.3820  coco/segm_mAP_50: 0.5580  coco/segm_mAP_75: 0.4120  coco/segm_mAP_s: 0.0000  coco/segm_mAP_m: 0.5410  coco/segm_mAP_l: 0.3220  data_time: 0.0048  time: 0.0279
2026/08/05 13:27:40 - mmengine - INFO - Epoch(train)  [91][10/68]  base_lr: 1.7301e-05 lr: 1.7301e-05  eta: 0:03:43  time: 0.3328  data_time: 0.1207  memory: 602  grad_norm: 10.5414  loss: 0.3422  loss_cls: 0.0713  loss_bbox: 0.1859  loss_mask: 0.0850
2026/08/05 13:27:44 - mmengine - INFO - Epoch(train)  [91][20/68]  base_lr: 1.6984e-05 lr: 1.6984e-05  eta: 0:03:39  time: 0.3353  data_time: 0.1204  memory: 601  grad_norm: 10.4212  loss: 0.3383  loss_cls: 0.0713  loss_bbox: 0.1830  loss_mask: 0.0840
2026/08/05 13:27:47 - mmengine - INFO - Epoch(train)  [91][30/68]  base_lr: 1.6672e-05 lr: 1.6672e-05  eta: 0:03:36  time: 0.3360  data_time: 0.1211  memory: 602  grad_norm: 10.3415  loss: 0.3338  loss_cls: 0.0696  loss_bbox: 0.1821  loss_mask: 0.0822
2026/08/05 13:27:50 - mmengine - INFO - Epoch(train)  [91][40/68]  base_lr: 1.6363e-05 lr: 1.6363e-05  eta: 0:03:33  time: 0.3313  data_time: 0.1152  memory: 602  grad_norm: 10.1356  loss: 0.3386  loss_cls: 0.0703  loss_bbox: 0.1842  loss_mask: 0.0840
2026/08/05 13:27:54 - mmengine - INFO - Epoch(train)  [91][50/68]  base_lr: 1.6059e-05 lr: 1.6059e-05  eta: 0:03:29  time: 0.3363  data_time: 0.1189  memory: 601  grad_norm: 10.3805  loss: 0.3439  loss_cls: 0.0703  loss_bbox: 0.1891  loss_mask: 0.0844
2026/08/05 13:27:57 - mmengine - INFO - Epoch(train)  [91][60/68]  base_lr: 1.5759e-05 lr: 1.5759e-05  eta: 0:03:26  time: 0.3397  data_time: 0.1249  memory: 600  grad_norm: 10.4778  loss: 0.3447  loss_cls: 0.0726  loss_bbox: 0.1889  loss_mask: 0.0832
2026/08/05 13:28:00 - mmengine - INFO - Exp name: rtmdet_ins_busi_20260805_124409
2026/08/05 13:28:00 - mmengine - INFO - Saving checkpoint at 91 epochs
2026/08/05 13:28:02 - mmengine - INFO - Epoch(val)  [91][ 10/116]    eta: 0:00:02  time: 0.0281  data_time: 0.0052  memory: 602  
2026/08/05 13:28:02 - mmengine - INFO - Epoch(val)  [91][ 20/116]    eta: 0:00:02  time: 0.0283  data_time: 0.0046  memory: 104  
2026/08/05 13:28:03 - mmengine - INFO - Epoch(val)  [91][ 30/116]    eta: 0:00:02  time: 0.0279  data_time: 0.0043  memory: 109  
2026/08/05 13:28:03 - mmengine - INFO - Epoch(val)  [91][ 40/116]    eta: 0:00:02  time: 0.0272  data_time: 0.0049  memory: 107  
2026/08/05 13:28:03 - mmengine - INFO - Epoch(val)  [91][ 50/116]    eta: 0:00:01  time: 0.0272  data_time: 0.0045  memory: 130  
2026/08/05 13:28:04 - mmengine - INFO - Epoch(val)  [91][ 60/116]    eta: 0:00:01  time: 0.0280  data_time: 0.0046  memory: 107  
2026/08/05 13:28:04 - mmengine - INFO - Epoch(val)  [91][ 70/116]    eta: 0:00:01  time: 0.0275  data_time: 0.0057  memory: 103  
2026/08/05 13:28:04 - mmengine - INFO - Epoch(val)  [91][ 80/116]    eta: 0:00:00  time: 0.0276  data_time: 0.0058  memory: 115  
2026/08/05 13:28:04 - mmengine - INFO - Epoch(val)  [91][ 90/116]    eta: 0:00:00  time: 0.0281  data_time: 0.0056  memory: 116  
2026/08/05 13:28:05 - mmengine - INFO - Epoch(val)  [91][100/116]    eta: 0:00:00  time: 0.0275  data_time: 0.0055  memory: 137  
2026/08/05 13:28:05 - mmengine - INFO - Epoch(val)  [91][110/116]    eta: 0:00:00  time: 0.0270  data_time: 0.0057  memory: 108  
2026/08/05 13:28:05 - mmengine - INFO - Evaluating bbox...
2026/08/05 13:28:05 - mmengine - INFO - bbox_mAP_copypaste: 0.615 0.886 0.695 0.000 0.687 0.584
2026/08/05 13:28:05 - mmengine - INFO - Evaluating segm...
2026/08/05 13:28:05 - mmengine - INFO - segm_mAP_copypaste: 0.378 0.557 0.413 0.000 0.538 0.320
2026/08/05 13:28:05 - mmengine - INFO - Epoch(val) [91][116/116]    coco/bbox_mAP: 0.6150  coco/bbox_mAP_50: 0.8860  coco/bbox_mAP_75: 0.6950  coco/bbox_mAP_s: 0.0000  coco/bbox_mAP_m: 0.6870  coco/bbox_mAP_l: 0.5840  coco/segm_mAP: 0.3780  coco/segm_mAP_50: 0.5570  coco/segm_mAP_75: 0.4130  coco/segm_mAP_s: 0.0000  coco/segm_mAP_m: 0.5380  coco/segm_mAP_l: 0.3200  data_time: 0.0049  time: 0.0276
2026/08/05 13:28:09 - mmengine - INFO - Epoch(train)  [92][10/68]  base_lr: 1.5230e-05 lr: 1.5230e-05  eta: 0:03:20  time: 0.3382  data_time: 0.1253  memory: 604  grad_norm: 10.4862  loss: 0.3457  loss_cls: 0.0766  loss_bbox: 0.1858  loss_mask: 0.0833
2026/08/05 13:28:12 - mmengine - INFO - Epoch(train)  [92][20/68]  base_lr: 1.4942e-05 lr: 1.4942e-05  eta: 0:03:17  time: 0.3358  data_time: 0.1248  memory: 601  grad_norm: 10.9674  loss: 0.3497  loss_cls: 0.0771  loss_bbox: 0.1884  loss_mask: 0.0842
2026/08/05 13:28:15 - mmengine - INFO - Epoch(train)  [92][30/68]  base_lr: 1.4659e-05 lr: 1.4659e-05  eta: 0:03:13  time: 0.3357  data_time: 0.1236  memory: 602  grad_norm: 11.0396  loss: 0.3497  loss_cls: 0.0792  loss_bbox: 0.1873  loss_mask: 0.0833
2026/08/05 13:28:19 - mmengine - INFO - Epoch(train)  [92][40/68]  base_lr: 1.4379e-05 lr: 1.4379e-05  eta: 0:03:10  time: 0.3308  data_time: 0.1193  memory: 601  grad_norm: 10.8735  loss: 0.3465  loss_cls: 0.0796  loss_bbox: 0.1831  loss_mask: 0.0837
2026/08/05 13:28:22 - mmengine - INFO - Epoch(train)  [92][50/68]  base_lr: 1.4104e-05 lr: 1.4104e-05  eta: 0:03:07  time: 0.3383  data_time: 0.1244  memory: 602  grad_norm: 10.4542  loss: 0.3416  loss_cls: 0.0731  loss_bbox: 0.1828  loss_mask: 0.0857
2026/08/05 13:28:25 - mmengine - INFO - Epoch(train)  [92][60/68]  base_lr: 1.3834e-05 lr: 1.3834e-05  eta: 0:03:03  time: 0.3359  data_time: 0.1247  memory: 600  grad_norm: 10.7846  loss: 0.3517  loss_cls: 0.0783  loss_bbox: 0.1865  loss_mask: 0.0869
2026/08/05 13:28:28 - mmengine - INFO - Exp name: rtmdet_ins_busi_20260805_124409
2026/08/05 13:28:28 - mmengine - INFO - Saving checkpoint at 92 epochs
2026/08/05 13:28:30 - mmengine - INFO - Epoch(val)  [92][ 10/116]    eta: 0:00:02  time: 0.0276  data_time: 0.0044  memory: 600  
2026/08/05 13:28:30 - mmengine - INFO - Epoch(val)  [92][ 20/116]    eta: 0:00:02  time: 0.0278  data_time: 0.0049  memory: 102  
2026/08/05 13:28:31 - mmengine - INFO - Epoch(val)  [92][ 30/116]    eta: 0:00:02  time: 0.0278  data_time: 0.0042  memory: 111  
2026/08/05 13:28:31 - mmengine - INFO - Epoch(val)  [92][ 40/116]    eta: 0:00:02  time: 0.0278  data_time: 0.0034  memory: 109  
2026/08/05 13:28:31 - mmengine - INFO - Epoch(val)  [92][ 50/116]    eta: 0:00:01  time: 0.0277  data_time: 0.0038  memory: 135  
2026/08/05 13:28:31 - mmengine - INFO - Epoch(val)  [92][ 60/116]    eta: 0:00:01  time: 0.0280  data_time: 0.0038  memory: 106  
2026/08/05 13:28:32 - mmengine - INFO - Epoch(val)  [92][ 70/116]    eta: 0:00:01  time: 0.0276  data_time: 0.0037  memory: 103  
2026/08/05 13:28:32 - mmengine - INFO - Epoch(val)  [92][ 80/116]    eta: 0:00:00  time: 0.0273  data_time: 0.0045  memory: 112  
2026/08/05 13:28:32 - mmengine - INFO - Epoch(val)  [92][ 90/116]    eta: 0:00:00  time: 0.0273  data_time: 0.0052  memory: 116  
2026/08/05 13:28:33 - mmengine - INFO - Epoch(val)  [92][100/116]    eta: 0:00:00  time: 0.0271  data_time: 0.0054  memory: 137  
2026/08/05 13:28:33 - mmengine - INFO - Epoch(val)  [92][110/116]    eta: 0:00:00  time: 0.0264  data_time: 0.0052  memory: 104  
2026/08/05 13:28:33 - mmengine - INFO - Evaluating bbox...
2026/08/05 13:28:33 - mmengine - INFO - bbox_mAP_copypaste: 0.614 0.886 0.710 0.000 0.684 0.582
2026/08/05 13:28:33 - mmengine - INFO - Evaluating segm...
2026/08/05 13:28:33 - mmengine - INFO - segm_mAP_copypaste: 0.380 0.558 0.426 0.000 0.534 0.320
2026/08/05 13:28:33 - mmengine - INFO - Epoch(val) [92][116/116]    coco/bbox_mAP: 0.6140  coco/bbox_mAP_50: 0.8860  coco/bbox_mAP_75: 0.7100  coco/bbox_mAP_s: 0.0000  coco/bbox_mAP_m: 0.6840  coco/bbox_mAP_l: 0.5820  coco/segm_mAP: 0.3800  coco/segm_mAP_50: 0.5580  coco/segm_mAP_75: 0.4260  coco/segm_mAP_s: 0.0000  coco/segm_mAP_m: 0.5340  coco/segm_mAP_l: 0.3200  data_time: 0.0046  time: 0.0271
2026/08/05 13:28:36 - mmengine - INFO - Epoch(train)  [93][10/68]  base_lr: 1.3358e-05 lr: 1.3358e-05  eta: 0:02:57  time: 0.3329  data_time: 0.1214  memory: 601  grad_norm: 10.5767  loss: 0.3509  loss_cls: 0.0766  loss_bbox: 0.1870  loss_mask: 0.0874
2026/08/05 13:28:40 - mmengine - INFO - Epoch(train)  [93][20/68]  base_lr: 1.3100e-05 lr: 1.3100e-05  eta: 0:02:54  time: 0.3349  data_time: 0.1236  memory: 601  grad_norm: 10.7198  loss: 0.3503  loss_cls: 0.0736  loss_bbox: 0.1879  loss_mask: 0.0888
2026/08/05 13:28:43 - mmengine - INFO - Epoch(train)  [93][30/68]  base_lr: 1.2847e-05 lr: 1.2847e-05  eta: 0:02:51  time: 0.3261  data_time: 0.1156  memory: 602  grad_norm: 10.6880  loss: 0.3467  loss_cls: 0.0724  loss_bbox: 0.1875  loss_mask: 0.0868
2026/08/05 13:28:46 - mmengine - INFO - Epoch(train)  [93][40/68]  base_lr: 1.2598e-05 lr: 1.2598e-05  eta: 0:02:47  time: 0.3296  data_time: 0.1135  memory: 601  grad_norm: 10.5705  loss: 0.3518  loss_cls: 0.0750  loss_bbox: 0.1902  loss_mask: 0.0866
2026/08/05 13:28:50 - mmengine - INFO - Epoch(train)  [93][50/68]  base_lr: 1.2353e-05 lr: 1.2353e-05  eta: 0:02:44  time: 0.3354  data_time: 0.1156  memory: 601  grad_norm: 10.4178  loss: 0.3453  loss_cls: 0.0717  loss_bbox: 0.1861  loss_mask: 0.0875
2026/08/05 13:28:53 - mmengine - INFO - Epoch(train)  [93][60/68]  base_lr: 1.2113e-05 lr: 1.2113e-05  eta: 0:02:41  time: 0.3356  data_time: 0.1182  memory: 602  grad_norm: 10.5287  loss: 0.3512  loss_cls: 0.0770  loss_bbox: 0.1852  loss_mask: 0.0890
2026/08/05 13:28:56 - mmengine - INFO - Exp name: rtmdet_ins_busi_20260805_124409
2026/08/05 13:28:56 - mmengine - INFO - Saving checkpoint at 93 epochs
2026/08/05 13:28:58 - mmengine - INFO - Epoch(val)  [93][ 10/116]    eta: 0:00:02  time: 0.0268  data_time: 0.0057  memory: 604  
2026/08/05 13:28:58 - mmengine - INFO - Epoch(val)  [93][ 20/116]    eta: 0:00:02  time: 0.0267  data_time: 0.0048  memory: 104  
2026/08/05 13:28:59 - mmengine - INFO - Epoch(val)  [93][ 30/116]    eta: 0:00:02  time: 0.0265  data_time: 0.0040  memory: 111  
2026/08/05 13:28:59 - mmengine - INFO - Epoch(val)  [93][ 40/116]    eta: 0:00:02  time: 0.0267  data_time: 0.0038  memory: 107  
2026/08/05 13:28:59 - mmengine - INFO - Epoch(val)  [93][ 50/116]    eta: 0:00:01  time: 0.0273  data_time: 0.0038  memory: 130  
2026/08/05 13:28:59 - mmengine - INFO - Epoch(val)  [93][ 60/116]    eta: 0:00:01  time: 0.0281  data_time: 0.0041  memory: 107  
2026/08/05 13:29:00 - mmengine - INFO - Epoch(val)  [93][ 70/116]    eta: 0:00:01  time: 0.0278  data_time: 0.0046  memory: 102  
2026/08/05 13:29:00 - mmengine - INFO - Epoch(val)  [93][ 80/116]    eta: 0:00:01  time: 0.0282  data_time: 0.0040  memory: 112  
2026/08/05 13:29:00 - mmengine - INFO - Epoch(val)  [93][ 90/116]    eta: 0:00:00  time: 0.0290  data_time: 0.0053  memory: 116  
2026/08/05 13:29:01 - mmengine - INFO - Epoch(val)  [93][100/116]    eta: 0:00:00  time: 0.0287  data_time: 0.0053  memory: 133  
2026/08/05 13:29:01 - mmengine - INFO - Epoch(val)  [93][110/116]    eta: 0:00:00  time: 0.0279  data_time: 0.0049  memory: 104  
2026/08/05 13:29:01 - mmengine - INFO - Evaluating bbox...
2026/08/05 13:29:01 - mmengine - INFO - bbox_mAP_copypaste: 0.614 0.884 0.685 0.000 0.685 0.581
2026/08/05 13:29:01 - mmengine - INFO - Evaluating segm...
2026/08/05 13:29:01 - mmengine - INFO - segm_mAP_copypaste: 0.377 0.555 0.416 0.000 0.527 0.316
2026/08/05 13:29:01 - mmengine - INFO - Epoch(val) [93][116/116]    coco/bbox_mAP: 0.6140  coco/bbox_mAP_50: 0.8840  coco/bbox_mAP_75: 0.6850  coco/bbox_mAP_s: 0.0000  coco/bbox_mAP_m: 0.6850  coco/bbox_mAP_l: 0.5810  coco/segm_mAP: 0.3770  coco/segm_mAP_50: 0.5550  coco/segm_mAP_75: 0.4160  coco/segm_mAP_s: 0.0000  coco/segm_mAP_m: 0.5270  coco/segm_mAP_l: 0.3160  data_time: 0.0047  time: 0.0279
2026/08/05 13:29:04 - mmengine - INFO - Epoch(train)  [94][10/68]  base_lr: 1.1693e-05 lr: 1.1693e-05  eta: 0:02:35  time: 0.3343  data_time: 0.1186  memory: 602  grad_norm: 10.3393  loss: 0.3522  loss_cls: 0.0771  loss_bbox: 0.1861  loss_mask: 0.0890
2026/08/05 13:29:08 - mmengine - INFO - Epoch(train)  [94][20/68]  base_lr: 1.1465e-05 lr: 1.1465e-05  eta: 0:02:31  time: 0.3314  data_time: 0.1202  memory: 601  grad_norm: 10.7122  loss: 0.3519  loss_cls: 0.0770  loss_bbox: 0.1861  loss_mask: 0.0887
2026/08/05 13:29:11 - mmengine - INFO - Epoch(train)  [94][30/68]  base_lr: 1.1243e-05 lr: 1.1243e-05  eta: 0:02:28  time: 0.3333  data_time: 0.1252  memory: 602  grad_norm: 10.7828  loss: 0.3576  loss_cls: 0.0791  loss_bbox: 0.1899  loss_mask: 0.0886
2026/08/05 13:29:15 - mmengine - INFO - Epoch(train)  [94][40/68]  base_lr: 1.1025e-05 lr: 1.1025e-05  eta: 0:02:25  time: 0.3365  data_time: 0.1282  memory: 602  grad_norm: 10.5693  loss: 0.3462  loss_cls: 0.0741  loss_bbox: 0.1858  loss_mask: 0.0862
2026/08/05 13:29:18 - mmengine - INFO - Epoch(train)  [94][50/68]  base_lr: 1.0812e-05 lr: 1.0812e-05  eta: 0:02:21  time: 0.3369  data_time: 0.1271  memory: 601  grad_norm: 10.8485  loss: 0.3599  loss_cls: 0.0777  loss_bbox: 0.1952  loss_mask: 0.0870
2026/08/05 13:29:21 - mmengine - INFO - Epoch(train)  [94][60/68]  base_lr: 1.0603e-05 lr: 1.0603e-05  eta: 0:02:18  time: 0.3363  data_time: 0.1266  memory: 600  grad_norm: 11.3088  loss: 0.3591  loss_cls: 0.0774  loss_bbox: 0.1945  loss_mask: 0.0871
2026/08/05 13:29:24 - mmengine - INFO - Exp name: rtmdet_ins_busi_20260805_124409
2026/08/05 13:29:24 - mmengine - INFO - Saving checkpoint at 94 epochs
2026/08/05 13:29:26 - mmengine - INFO - Epoch(val)  [94][ 10/116]    eta: 0:00:02  time: 0.0281  data_time: 0.0055  memory: 601  
2026/08/05 13:29:26 - mmengine - INFO - Epoch(val)  [94][ 20/116]    eta: 0:00:02  time: 0.0277  data_time: 0.0057  memory: 105  
2026/08/05 13:29:27 - mmengine - INFO - Epoch(val)  [94][ 30/116]    eta: 0:00:02  time: 0.0269  data_time: 0.0048  memory: 107  
2026/08/05 13:29:27 - mmengine - INFO - Epoch(val)  [94][ 40/116]    eta: 0:00:02  time: 0.0267  data_time: 0.0037  memory: 107  
2026/08/05 13:29:27 - mmengine - INFO - Epoch(val)  [94][ 50/116]    eta: 0:00:01  time: 0.0271  data_time: 0.0037  memory: 135  
2026/08/05 13:29:27 - mmengine - INFO - Epoch(val)  [94][ 60/116]    eta: 0:00:01  time: 0.0270  data_time: 0.0043  memory: 102  
2026/08/05 13:29:28 - mmengine - INFO - Epoch(val)  [94][ 70/116]    eta: 0:00:01  time: 0.0276  data_time: 0.0051  memory: 103  
2026/08/05 13:29:28 - mmengine - INFO - Epoch(val)  [94][ 80/116]    eta: 0:00:00  time: 0.0279  data_time: 0.0051  memory: 115  
2026/08/05 13:29:28 - mmengine - INFO - Epoch(val)  [94][ 90/116]    eta: 0:00:00  time: 0.0289  data_time: 0.0059  memory: 116  
2026/08/05 13:29:29 - mmengine - INFO - Epoch(val)  [94][100/116]    eta: 0:00:00  time: 0.0285  data_time: 0.0057  memory: 133  
2026/08/05 13:29:29 - mmengine - INFO - Epoch(val)  [94][110/116]    eta: 0:00:00  time: 0.0282  data_time: 0.0052  memory: 104  
2026/08/05 13:29:29 - mmengine - INFO - Evaluating bbox...
2026/08/05 13:29:29 - mmengine - INFO - bbox_mAP_copypaste: 0.615 0.884 0.689 0.000 0.689 0.581
2026/08/05 13:29:29 - mmengine - INFO - Evaluating segm...
2026/08/05 13:29:29 - mmengine - INFO - segm_mAP_copypaste: 0.378 0.546 0.429 0.000 0.534 0.315
2026/08/05 13:29:29 - mmengine - INFO - Epoch(val) [94][116/116]    coco/bbox_mAP: 0.6150  coco/bbox_mAP_50: 0.8840  coco/bbox_mAP_75: 0.6890  coco/bbox_mAP_s: 0.0000  coco/bbox_mAP_m: 0.6890  coco/bbox_mAP_l: 0.5810  coco/segm_mAP: 0.3780  coco/segm_mAP_50: 0.5460  coco/segm_mAP_75: 0.4290  coco/segm_mAP_s: 0.0000  coco/segm_mAP_m: 0.5340  coco/segm_mAP_l: 0.3150  data_time: 0.0047  time: 0.0280
2026/08/05 13:29:32 - mmengine - INFO - Epoch(train)  [95][10/68]  base_lr: 1.0240e-05 lr: 1.0240e-05  eta: 0:02:12  time: 0.3296  data_time: 0.1193  memory: 601  grad_norm: 11.0807  loss: 0.3543  loss_cls: 0.0778  loss_bbox: 0.1911  loss_mask: 0.0854
2026/08/05 13:29:36 - mmengine - INFO - Epoch(train)  [95][20/68]  base_lr: 1.0044e-05 lr: 1.0044e-05  eta: 0:02:09  time: 0.3284  data_time: 0.1182  memory: 601  grad_norm: 11.5745  loss: 0.3537  loss_cls: 0.0780  loss_bbox: 0.1896  loss_mask: 0.0860
2026/08/05 13:29:39 - mmengine - INFO - Epoch(train)  [95][30/68]  base_lr: 9.8537e-06 lr: 9.8537e-06  eta: 0:02:05  time: 0.3307  data_time: 0.1220  memory: 601  grad_norm: 11.3162  loss: 0.3480  loss_cls: 0.0761  loss_bbox: 0.1885  loss_mask: 0.0833
2026/08/05 13:29:43 - mmengine - INFO - Epoch(train)  [95][40/68]  base_lr: 9.6679e-06 lr: 9.6679e-06  eta: 0:02:02  time: 0.3323  data_time: 0.1216  memory: 601  grad_norm: 10.8400  loss: 0.3483  loss_cls: 0.0787  loss_bbox: 0.1873  loss_mask: 0.0822
2026/08/05 13:29:46 - mmengine - INFO - Epoch(train)  [95][50/68]  base_lr: 9.4868e-06 lr: 9.4868e-06  eta: 0:01:59  time: 0.3366  data_time: 0.1264  memory: 602  grad_norm: 10.4343  loss: 0.3437  loss_cls: 0.0740  loss_bbox: 0.1867  loss_mask: 0.0830
2026/08/05 13:29:49 - mmengine - INFO - Epoch(train)  [95][60/68]  base_lr: 9.3106e-06 lr: 9.3106e-06  eta: 0:01:55  time: 0.3372  data_time: 0.1285  memory: 601  grad_norm: 10.4483  loss: 0.3479  loss_cls: 0.0755  loss_bbox: 0.1892  loss_mask: 0.0832
2026/08/05 13:29:52 - mmengine - INFO - Exp name: rtmdet_ins_busi_20260805_124409
2026/08/05 13:29:52 - mmengine - INFO - Saving checkpoint at 95 epochs
2026/08/05 13:29:54 - mmengine - INFO - Epoch(val)  [95][ 10/116]    eta: 0:00:02  time: 0.0286  data_time: 0.0048  memory: 604  
2026/08/05 13:29:54 - mmengine - INFO - Epoch(val)  [95][ 20/116]    eta: 0:00:02  time: 0.0285  data_time: 0.0050  memory: 105  
2026/08/05 13:29:54 - mmengine - INFO - Epoch(val)  [95][ 30/116]    eta: 0:00:02  time: 0.0270  data_time: 0.0047  memory: 109  
2026/08/05 13:29:55 - mmengine - INFO - Epoch(val)  [95][ 40/116]    eta: 0:00:02  time: 0.0274  data_time: 0.0045  memory: 107  
2026/08/05 13:29:55 - mmengine - INFO - Epoch(val)  [95][ 50/116]    eta: 0:00:01  time: 0.0278  data_time: 0.0049  memory: 135  
2026/08/05 13:29:55 - mmengine - INFO - Epoch(val)  [95][ 60/116]    eta: 0:00:01  time: 0.0290  data_time: 0.0050  memory: 107  
2026/08/05 13:29:56 - mmengine - INFO - Epoch(val)  [95][ 70/116]    eta: 0:00:01  time: 0.0292  data_time: 0.0049  memory: 103  
2026/08/05 13:29:56 - mmengine - INFO - Epoch(val)  [95][ 80/116]    eta: 0:00:01  time: 0.0296  data_time: 0.0054  memory: 111  
2026/08/05 13:29:56 - mmengine - INFO - Epoch(val)  [95][ 90/116]    eta: 0:00:00  time: 0.0293  data_time: 0.0055  memory: 116  
2026/08/05 13:29:56 - mmengine - INFO - Epoch(val)  [95][100/116]    eta: 0:00:00  time: 0.0287  data_time: 0.0053  memory: 137  
2026/08/05 13:29:57 - mmengine - INFO - Epoch(val)  [95][110/116]    eta: 0:00:00  time: 0.0279  data_time: 0.0049  memory: 104  
2026/08/05 13:29:57 - mmengine - INFO - Evaluating bbox...
2026/08/05 13:29:57 - mmengine - INFO - bbox_mAP_copypaste: 0.617 0.883 0.676 0.000 0.690 0.586
2026/08/05 13:29:57 - mmengine - INFO - Evaluating segm...
2026/08/05 13:29:57 - mmengine - INFO - segm_mAP_copypaste: 0.372 0.550 0.401 0.000 0.532 0.314
2026/08/05 13:29:57 - mmengine - INFO - Epoch(val) [95][116/116]    coco/bbox_mAP: 0.6170  coco/bbox_mAP_50: 0.8830  coco/bbox_mAP_75: 0.6760  coco/bbox_mAP_s: 0.0000  coco/bbox_mAP_m: 0.6900  coco/bbox_mAP_l: 0.5860  coco/segm_mAP: 0.3720  coco/segm_mAP_50: 0.5500  coco/segm_mAP_75: 0.4010  coco/segm_mAP_s: 0.0000  coco/segm_mAP_m: 0.5320  coco/segm_mAP_l: 0.3140  data_time: 0.0050  time: 0.0284
2026/08/05 13:30:00 - mmengine - INFO - Epoch(train)  [96][10/68]  base_lr: 9.0054e-06 lr: 9.0054e-06  eta: 0:01:49  time: 0.3319  data_time: 0.1232  memory: 601  grad_norm: 10.0879  loss: 0.3492  loss_cls: 0.0770  loss_bbox: 0.1877  loss_mask: 0.0845
2026/08/05 13:30:04 - mmengine - INFO - Epoch(train)  [96][20/68]  base_lr: 8.8426e-06 lr: 8.8426e-06  eta: 0:01:46  time: 0.3271  data_time: 0.1188  memory: 604  grad_norm: 10.3071  loss: 0.3501  loss_cls: 0.0762  loss_bbox: 0.1881  loss_mask: 0.0858
2026/08/05 13:30:07 - mmengine - INFO - Epoch(train)  [96][30/68]  base_lr: 8.6847e-06 lr: 8.6847e-06  eta: 0:01:43  time: 0.3280  data_time: 0.1179  memory: 603  grad_norm: 10.6041  loss: 0.3469  loss_cls: 0.0756  loss_bbox: 0.1859  loss_mask: 0.0854
2026/08/05 13:30:10 - mmengine - INFO - Epoch(train)  [96][40/68]  base_lr: 8.5316e-06 lr: 8.5316e-06  eta: 0:01:39  time: 0.3275  data_time: 0.1169  memory: 602  grad_norm: 10.7544  loss: 0.3482  loss_cls: 0.0794  loss_bbox: 0.1839  loss_mask: 0.0848
2026/08/05 13:30:14 - mmengine - INFO - Epoch(train)  [96][50/68]  base_lr: 8.3835e-06 lr: 8.3835e-06  eta: 0:01:36  time: 0.3310  data_time: 0.1188  memory: 602  grad_norm: 10.4186  loss: 0.3407  loss_cls: 0.0764  loss_bbox: 0.1805  loss_mask: 0.0838
2026/08/05 13:30:17 - mmengine - INFO - Epoch(train)  [96][60/68]  base_lr: 8.2402e-06 lr: 8.2402e-06  eta: 0:01:33  time: 0.3289  data_time: 0.1177  memory: 602  grad_norm: 10.9085  loss: 0.3492  loss_cls: 0.0802  loss_bbox: 0.1846  loss_mask: 0.0845
2026/08/05 13:30:19 - mmengine - INFO - Exp name: rtmdet_ins_busi_20260805_124409
2026/08/05 13:30:19 - mmengine - INFO - Saving checkpoint at 96 epochs
2026/08/05 13:30:22 - mmengine - INFO - Epoch(val)  [96][ 10/116]    eta: 0:00:02  time: 0.0278  data_time: 0.0046  memory: 602  
2026/08/05 13:30:22 - mmengine - INFO - Epoch(val)  [96][ 20/116]    eta: 0:00:02  time: 0.0275  data_time: 0.0043  memory: 105  
2026/08/05 13:30:22 - mmengine - INFO - Epoch(val)  [96][ 30/116]    eta: 0:00:02  time: 0.0279  data_time: 0.0042  memory: 109  
2026/08/05 13:30:22 - mmengine - INFO - Epoch(val)  [96][ 40/116]    eta: 0:00:02  time: 0.0269  data_time: 0.0042  memory: 107  
2026/08/05 13:30:23 - mmengine - INFO - Epoch(val)  [96][ 50/116]    eta: 0:00:01  time: 0.0272  data_time: 0.0042  memory: 135  
2026/08/05 13:30:23 - mmengine - INFO - Epoch(val)  [96][ 60/116]    eta: 0:00:01  time: 0.0279  data_time: 0.0052  memory: 106  
2026/08/05 13:30:23 - mmengine - INFO - Epoch(val)  [96][ 70/116]    eta: 0:00:01  time: 0.0276  data_time: 0.0056  memory: 102  
2026/08/05 13:30:24 - mmengine - INFO - Epoch(val)  [96][ 80/116]    eta: 0:00:00  time: 0.0273  data_time: 0.0059  memory: 111  
2026/08/05 13:30:24 - mmengine - INFO - Epoch(val)  [96][ 90/116]    eta: 0:00:00  time: 0.0284  data_time: 0.0068  memory: 116  
2026/08/05 13:30:24 - mmengine - INFO - Epoch(val)  [96][100/116]    eta: 0:00:00  time: 0.0278  data_time: 0.0062  memory: 137  
2026/08/05 13:30:24 - mmengine - INFO - Epoch(val)  [96][110/116]    eta: 0:00:00  time: 0.0266  data_time: 0.0049  memory: 104  
2026/08/05 13:30:25 - mmengine - INFO - Evaluating bbox...
2026/08/05 13:30:25 - mmengine - INFO - bbox_mAP_copypaste: 0.612 0.883 0.677 0.000 0.682 0.581
2026/08/05 13:30:25 - mmengine - INFO - Evaluating segm...
2026/08/05 13:30:25 - mmengine - INFO - segm_mAP_copypaste: 0.374 0.550 0.404 0.000 0.530 0.313
2026/08/05 13:30:25 - mmengine - INFO - Epoch(val) [96][116/116]    coco/bbox_mAP: 0.6120  coco/bbox_mAP_50: 0.8830  coco/bbox_mAP_75: 0.6770  coco/bbox_mAP_s: 0.0000  coco/bbox_mAP_m: 0.6820  coco/bbox_mAP_l: 0.5810  coco/segm_mAP: 0.3740  coco/segm_mAP_50: 0.5500  coco/segm_mAP_75: 0.4040  coco/segm_mAP_s: 0.0000  coco/segm_mAP_m: 0.5300  coco/segm_mAP_l: 0.3130  data_time: 0.0050  time: 0.0272
2026/08/05 13:30:28 - mmengine - INFO - Epoch(train)  [97][10/68]  base_lr: 7.9946e-06 lr: 7.9946e-06  eta: 0:01:27  time: 0.3262  data_time: 0.1151  memory: 601  grad_norm: 11.0043  loss: 0.3512  loss_cls: 0.0773  loss_bbox: 0.1866  loss_mask: 0.0872
2026/08/05 13:30:31 - mmengine - INFO - Epoch(train)  [97][20/68]  base_lr: 7.8650e-06 lr: 7.8650e-06  eta: 0:01:23  time: 0.3278  data_time: 0.1181  memory: 600  grad_norm: 10.8231  loss: 0.3485  loss_cls: 0.0724  loss_bbox: 0.1863  loss_mask: 0.0898
2026/08/05 13:30:35 - mmengine - INFO - Epoch(train)  [97][30/68]  base_lr: 7.7404e-06 lr: 7.7404e-06  eta: 0:01:20  time: 0.3283  data_time: 0.1207  memory: 602  grad_norm: 10.6124  loss: 0.3552  loss_cls: 0.0757  loss_bbox: 0.1897  loss_mask: 0.0897
2026/08/05 13:30:38 - mmengine - INFO - Epoch(train)  [97][40/68]  base_lr: 7.6207e-06 lr: 7.6207e-06  eta: 0:01:17  time: 0.3348  data_time: 0.1271  memory: 602  grad_norm: 10.4907  loss: 0.3424  loss_cls: 0.0724  loss_bbox: 0.1838  loss_mask: 0.0862
2026/08/05 13:30:41 - mmengine - INFO - Epoch(train)  [97][50/68]  base_lr: 7.5060e-06 lr: 7.5060e-06  eta: 0:01:13  time: 0.3349  data_time: 0.1265  memory: 603  grad_norm: 10.3318  loss: 0.3356  loss_cls: 0.0719  loss_bbox: 0.1804  loss_mask: 0.0833
2026/08/05 13:30:45 - mmengine - INFO - Epoch(train)  [97][60/68]  base_lr: 7.3962e-06 lr: 7.3962e-06  eta: 0:01:10  time: 0.3360  data_time: 0.1290  memory: 601  grad_norm: 10.2349  loss: 0.3320  loss_cls: 0.0699  loss_bbox: 0.1811  loss_mask: 0.0809
2026/08/05 13:30:47 - mmengine - INFO - Exp name: rtmdet_ins_busi_20260805_124409
2026/08/05 13:30:47 - mmengine - INFO - Saving checkpoint at 97 epochs
2026/08/05 13:30:50 - mmengine - INFO - Epoch(val)  [97][ 10/116]    eta: 0:00:02  time: 0.0271  data_time: 0.0047  memory: 603  
2026/08/05 13:30:50 - mmengine - INFO - Epoch(val)  [97][ 20/116]    eta: 0:00:02  time: 0.0257  data_time: 0.0043  memory: 102  
2026/08/05 13:30:50 - mmengine - INFO - Epoch(val)  [97][ 30/116]    eta: 0:00:02  time: 0.0256  data_time: 0.0041  memory: 107  
2026/08/05 13:30:50 - mmengine - INFO - Epoch(val)  [97][ 40/116]    eta: 0:00:01  time: 0.0256  data_time: 0.0042  memory: 107  
2026/08/05 13:30:51 - mmengine - INFO - Epoch(val)  [97][ 50/116]    eta: 0:00:01  time: 0.0258  data_time: 0.0039  memory: 135  
2026/08/05 13:30:51 - mmengine - INFO - Epoch(val)  [97][ 60/116]    eta: 0:00:01  time: 0.0261  data_time: 0.0044  memory: 107  
2026/08/05 13:30:51 - mmengine - INFO - Epoch(val)  [97][ 70/116]    eta: 0:00:01  time: 0.0269  data_time: 0.0039  memory: 102  
2026/08/05 13:30:51 - mmengine - INFO - Epoch(val)  [97][ 80/116]    eta: 0:00:00  time: 0.0268  data_time: 0.0034  memory: 112  
2026/08/05 13:30:52 - mmengine - INFO - Epoch(val)  [97][ 90/116]    eta: 0:00:00  time: 0.0269  data_time: 0.0037  memory: 116  
2026/08/05 13:30:52 - mmengine - INFO - Epoch(val)  [97][100/116]    eta: 0:00:00  time: 0.0277  data_time: 0.0043  memory: 137  
2026/08/05 13:30:52 - mmengine - INFO - Epoch(val)  [97][110/116]    eta: 0:00:00  time: 0.0279  data_time: 0.0037  memory: 104  
2026/08/05 13:30:52 - mmengine - INFO - Evaluating bbox...
2026/08/05 13:30:52 - mmengine - INFO - bbox_mAP_copypaste: 0.612 0.881 0.684 0.000 0.685 0.580
2026/08/05 13:30:52 - mmengine - INFO - Evaluating segm...
2026/08/05 13:30:53 - mmengine - INFO - segm_mAP_copypaste: 0.374 0.551 0.400 0.000 0.532 0.316
2026/08/05 13:30:53 - mmengine - INFO - Epoch(val) [97][116/116]    coco/bbox_mAP: 0.6120  coco/bbox_mAP_50: 0.8810  coco/bbox_mAP_75: 0.6840  coco/bbox_mAP_s: 0.0000  coco/bbox_mAP_m: 0.6850  coco/bbox_mAP_l: 0.5800  coco/segm_mAP: 0.3740  coco/segm_mAP_50: 0.5510  coco/segm_mAP_75: 0.4000  coco/segm_mAP_s: 0.0000  coco/segm_mAP_m: 0.5320  coco/segm_mAP_l: 0.3160  data_time: 0.0042  time: 0.0268
2026/08/05 13:30:56 - mmengine - INFO - Epoch(train)  [98][10/68]  base_lr: 7.2112e-06 lr: 7.2112e-06  eta: 0:01:04  time: 0.3340  data_time: 0.1231  memory: 601  grad_norm: 31.0943  loss: 0.3857  loss_cls: 0.1295  loss_bbox: 0.1783  loss_mask: 0.0779
2026/08/05 13:30:59 - mmengine - INFO - Epoch(train)  [98][20/68]  base_lr: 7.1154e-06 lr: 7.1154e-06  eta: 0:01:01  time: 0.3316  data_time: 0.1178  memory: 602  grad_norm: 30.8363  loss: 0.3840  loss_cls: 0.1291  loss_bbox: 0.1758  loss_mask: 0.0791
2026/08/05 13:31:03 - mmengine - INFO - Epoch(train)  [98][30/68]  base_lr: 7.0245e-06 lr: 7.0245e-06  eta: 0:00:57  time: 0.3342  data_time: 0.1192  memory: 601  grad_norm: 31.1687  loss: 0.3932  loss_cls: 0.1307  loss_bbox: 0.1813  loss_mask: 0.0812
2026/08/05 13:31:06 - mmengine - INFO - Epoch(train)  [98][40/68]  base_lr: 6.9387e-06 lr: 6.9387e-06  eta: 0:00:54  time: 0.3319  data_time: 0.1173  memory: 601  grad_norm: 31.5045  loss: 0.3980  loss_cls: 0.1328  loss_bbox: 0.1833  loss_mask: 0.0820
2026/08/05 13:31:09 - mmengine - INFO - Epoch(train)  [98][50/68]  base_lr: 6.8579e-06 lr: 6.8579e-06  eta: 0:00:51  time: 0.3331  data_time: 0.1183  memory: 599  grad_norm: 10.4248  loss: 0.3439  loss_cls: 0.0725  loss_bbox: 0.1879  loss_mask: 0.0836
2026/08/05 13:31:13 - mmengine - INFO - Epoch(train)  [98][60/68]  base_lr: 6.7821e-06 lr: 6.7821e-06  eta: 0:00:47  time: 0.3312  data_time: 0.1209  memory: 600  grad_norm: 10.8885  loss: 0.3434  loss_cls: 0.0714  loss_bbox: 0.1888  loss_mask: 0.0832
2026/08/05 13:31:15 - mmengine - INFO - Exp name: rtmdet_ins_busi_20260805_124409
2026/08/05 13:31:15 - mmengine - INFO - Saving checkpoint at 98 epochs
2026/08/05 13:31:17 - mmengine - INFO - Epoch(val)  [98][ 10/116]    eta: 0:00:02  time: 0.0278  data_time: 0.0049  memory: 602  
2026/08/05 13:31:18 - mmengine - INFO - Epoch(val)  [98][ 20/116]    eta: 0:00:02  time: 0.0278  data_time: 0.0049  memory: 102  
2026/08/05 13:31:18 - mmengine - INFO - Epoch(val)  [98][ 30/116]    eta: 0:00:02  time: 0.0278  data_time: 0.0047  memory: 109  
2026/08/05 13:31:18 - mmengine - INFO - Epoch(val)  [98][ 40/116]    eta: 0:00:02  time: 0.0275  data_time: 0.0044  memory: 107  
2026/08/05 13:31:19 - mmengine - INFO - Epoch(val)  [98][ 50/116]    eta: 0:00:01  time: 0.0282  data_time: 0.0042  memory: 135  
2026/08/05 13:31:19 - mmengine - INFO - Epoch(val)  [98][ 60/116]    eta: 0:00:01  time: 0.0280  data_time: 0.0036  memory: 107  
2026/08/05 13:31:19 - mmengine - INFO - Epoch(val)  [98][ 70/116]    eta: 0:00:01  time: 0.0278  data_time: 0.0038  memory: 103  
2026/08/05 13:31:19 - mmengine - INFO - Epoch(val)  [98][ 80/116]    eta: 0:00:00  time: 0.0278  data_time: 0.0046  memory: 112  
2026/08/05 13:31:20 - mmengine - INFO - Epoch(val)  [98][ 90/116]    eta: 0:00:00  time: 0.0276  data_time: 0.0053  memory: 116  
2026/08/05 13:31:20 - mmengine - INFO - Epoch(val)  [98][100/116]    eta: 0:00:00  time: 0.0270  data_time: 0.0051  memory: 133  
2026/08/05 13:31:20 - mmengine - INFO - Epoch(val)  [98][110/116]    eta: 0:00:00  time: 0.0271  data_time: 0.0053  memory: 104  
2026/08/05 13:31:20 - mmengine - INFO - Evaluating bbox...
2026/08/05 13:31:20 - mmengine - INFO - bbox_mAP_copypaste: 0.612 0.885 0.674 0.000 0.679 0.585
2026/08/05 13:31:20 - mmengine - INFO - Evaluating segm...
2026/08/05 13:31:20 - mmengine - INFO - segm_mAP_copypaste: 0.376 0.553 0.406 0.000 0.532 0.318
2026/08/05 13:31:20 - mmengine - INFO - Epoch(val) [98][116/116]    coco/bbox_mAP: 0.6120  coco/bbox_mAP_50: 0.8850  coco/bbox_mAP_75: 0.6740  coco/bbox_mAP_s: 0.0000  coco/bbox_mAP_m: 0.6790  coco/bbox_mAP_l: 0.5850  coco/segm_mAP: 0.3760  coco/segm_mAP_50: 0.5530  coco/segm_mAP_75: 0.4060  coco/segm_mAP_s: 0.0000  coco/segm_mAP_m: 0.5320  coco/segm_mAP_l: 0.3180  data_time: 0.0046  time: 0.0275
2026/08/05 13:31:24 - mmengine - INFO - Epoch(train)  [99][10/68]  base_lr: 6.6583e-06 lr: 6.6583e-06  eta: 0:00:41  time: 0.3326  data_time: 0.1252  memory: 602  grad_norm: 11.0607  loss: 0.3554  loss_cls: 0.0769  loss_bbox: 0.1938  loss_mask: 0.0847
2026/08/05 13:31:27 - mmengine - INFO - Epoch(train)  [99][20/68]  base_lr: 6.5966e-06 lr: 6.5966e-06  eta: 0:00:38  time: 0.3358  data_time: 0.1280  memory: 602  grad_norm: 10.1971  loss: 0.3494  loss_cls: 0.0781  loss_bbox: 0.1879  loss_mask: 0.0834
2026/08/05 13:31:31 - mmengine - INFO - Epoch(train)  [99][30/68]  base_lr: 6.5400e-06 lr: 6.5400e-06  eta: 0:00:35  time: 0.3326  data_time: 0.1258  memory: 602  grad_norm: 10.2193  loss: 0.3484  loss_cls: 0.0792  loss_bbox: 0.1859  loss_mask: 0.0833
2026/08/05 13:31:34 - mmengine - INFO - Epoch(train)  [99][40/68]  base_lr: 6.4883e-06 lr: 6.4883e-06  eta: 0:00:31  time: 0.3357  data_time: 0.1253  memory: 601  grad_norm: 10.3583  loss: 0.3515  loss_cls: 0.0844  loss_bbox: 0.1855  loss_mask: 0.0815
2026/08/05 13:31:37 - mmengine - INFO - Epoch(train)  [99][50/68]  base_lr: 6.4417e-06 lr: 6.4417e-06  eta: 0:00:28  time: 0.3303  data_time: 0.1199  memory: 601  grad_norm: 10.5648  loss: 0.3477  loss_cls: 0.0837  loss_bbox: 0.1821  loss_mask: 0.0819
2026/08/05 13:31:40 - mmengine - INFO - Epoch(train)  [99][60/68]  base_lr: 6.4002e-06 lr: 6.4002e-06  eta: 0:00:25  time: 0.3234  data_time: 0.1159  memory: 601  grad_norm: 10.5424  loss: 0.3505  loss_cls: 0.0826  loss_bbox: 0.1830  loss_mask: 0.0849
2026/08/05 13:31:43 - mmengine - INFO - Exp name: rtmdet_ins_busi_20260805_124409
2026/08/05 13:31:43 - mmengine - INFO - Saving checkpoint at 99 epochs
2026/08/05 13:31:45 - mmengine - INFO - Epoch(val)  [99][ 10/116]    eta: 0:00:02  time: 0.0268  data_time: 0.0041  memory: 604  
2026/08/05 13:31:45 - mmengine - INFO - Epoch(val)  [99][ 20/116]    eta: 0:00:02  time: 0.0268  data_time: 0.0037  memory: 102  
2026/08/05 13:31:46 - mmengine - INFO - Epoch(val)  [99][ 30/116]    eta: 0:00:02  time: 0.0266  data_time: 0.0037  memory: 107  
2026/08/05 13:31:46 - mmengine - INFO - Epoch(val)  [99][ 40/116]    eta: 0:00:02  time: 0.0267  data_time: 0.0037  memory: 107  
2026/08/05 13:31:46 - mmengine - INFO - Epoch(val)  [99][ 50/116]    eta: 0:00:01  time: 0.0270  data_time: 0.0041  memory: 130  
2026/08/05 13:31:46 - mmengine - INFO - Epoch(val)  [99][ 60/116]    eta: 0:00:01  time: 0.0275  data_time: 0.0047  memory: 106  
2026/08/05 13:31:47 - mmengine - INFO - Epoch(val)  [99][ 70/116]    eta: 0:00:01  time: 0.0269  data_time: 0.0052  memory: 100  
2026/08/05 13:31:47 - mmengine - INFO - Epoch(val)  [99][ 80/116]    eta: 0:00:00  time: 0.0272  data_time: 0.0055  memory: 108  
2026/08/05 13:31:47 - mmengine - INFO - Epoch(val)  [99][ 90/116]    eta: 0:00:00  time: 0.0277  data_time: 0.0056  memory: 116  
2026/08/05 13:31:48 - mmengine - INFO - Epoch(val)  [99][100/116]    eta: 0:00:00  time: 0.0280  data_time: 0.0054  memory: 131  
2026/08/05 13:31:48 - mmengine - INFO - Epoch(val)  [99][110/116]    eta: 0:00:00  time: 0.0276  data_time: 0.0054  memory: 104  
2026/08/05 13:31:48 - mmengine - INFO - Evaluating bbox...
2026/08/05 13:31:48 - mmengine - INFO - bbox_mAP_copypaste: 0.613 0.885 0.673 0.000 0.682 0.585
2026/08/05 13:31:48 - mmengine - INFO - Evaluating segm...
2026/08/05 13:31:48 - mmengine - INFO - segm_mAP_copypaste: 0.372 0.549 0.402 0.000 0.534 0.312
2026/08/05 13:31:48 - mmengine - INFO - Epoch(val) [99][116/116]    coco/bbox_mAP: 0.6130  coco/bbox_mAP_50: 0.8850  coco/bbox_mAP_75: 0.6730  coco/bbox_mAP_s: 0.0000  coco/bbox_mAP_m: 0.6820  coco/bbox_mAP_l: 0.5850  coco/segm_mAP: 0.3720  coco/segm_mAP_50: 0.5490  coco/segm_mAP_75: 0.4020  coco/segm_mAP_s: 0.0000  coco/segm_mAP_m: 0.5340  coco/segm_mAP_l: 0.3120  data_time: 0.0049  time: 0.0274
2026/08/05 13:31:51 - mmengine - INFO - Epoch(train) [100][10/68]  base_lr: 6.3382e-06 lr: 6.3382e-06  eta: 0:00:19  time: 0.3198  data_time: 0.1119  memory: 602  grad_norm: 11.3096  loss: 0.3463  loss_cls: 0.0809  loss_bbox: 0.1819  loss_mask: 0.0835
2026/08/05 13:31:55 - mmengine - INFO - Epoch(train) [100][20/68]  base_lr: 6.3108e-06 lr: 6.3108e-06  eta: 0:00:15  time: 0.3203  data_time: 0.1123  memory: 602  grad_norm: 10.8940  loss: 0.3417  loss_cls: 0.0749  loss_bbox: 0.1808  loss_mask: 0.0861
2026/08/05 13:31:58 - mmengine - INFO - Epoch(train) [100][30/68]  base_lr: 6.2885e-06 lr: 6.2885e-06  eta: 0:00:12  time: 0.3222  data_time: 0.1124  memory: 602  grad_norm: 10.2851  loss: 0.3434  loss_cls: 0.0731  loss_bbox: 0.1832  loss_mask: 0.0871
2026/08/05 13:32:01 - mmengine - INFO - Epoch(train) [100][40/68]  base_lr: 6.2713e-06 lr: 6.2713e-06  eta: 0:00:09  time: 0.3273  data_time: 0.1173  memory: 603  grad_norm: 10.6204  loss: 0.3430  loss_cls: 0.0734  loss_bbox: 0.1852  loss_mask: 0.0845
2026/08/05 13:32:04 - mmengine - INFO - Epoch(train) [100][50/68]  base_lr: 6.2591e-06 lr: 6.2591e-06  eta: 0:00:05  time: 0.3272  data_time: 0.1155  memory: 600  grad_norm: 10.5591  loss: 0.3478  loss_cls: 0.0765  loss_bbox: 0.1869  loss_mask: 0.0845
2026/08/05 13:32:08 - mmengine - INFO - Epoch(train) [100][60/68]  base_lr: 6.2521e-06 lr: 6.2521e-06  eta: 0:00:02  time: 0.3361  data_time: 0.1218  memory: 601  grad_norm: 10.1025  loss: 0.3537  loss_cls: 0.0774  loss_bbox: 0.1898  loss_mask: 0.0865
2026/08/05 13:32:10 - mmengine - INFO - Exp name: rtmdet_ins_busi_20260805_124409
2026/08/05 13:32:10 - mmengine - INFO - Saving checkpoint at 100 epochs
2026/08/05 13:32:13 - mmengine - INFO - Epoch(val) [100][ 10/116]    eta: 0:00:03  time: 0.0284  data_time: 0.0046  memory: 600  
2026/08/05 13:32:13 - mmengine - INFO - Epoch(val) [100][ 20/116]    eta: 0:00:02  time: 0.0276  data_time: 0.0044  memory: 102  
2026/08/05 13:32:13 - mmengine - INFO - Epoch(val) [100][ 30/116]    eta: 0:00:02  time: 0.0270  data_time: 0.0047  memory: 109  
2026/08/05 13:32:13 - mmengine - INFO - Epoch(val) [100][ 40/116]    eta: 0:00:02  time: 0.0271  data_time: 0.0043  memory: 109  
2026/08/05 13:32:14 - mmengine - INFO - Epoch(val) [100][ 50/116]    eta: 0:00:01  time: 0.0270  data_time: 0.0042  memory: 135  
2026/08/05 13:32:14 - mmengine - INFO - Epoch(val) [100][ 60/116]    eta: 0:00:01  time: 0.0267  data_time: 0.0052  memory: 106  
2026/08/05 13:32:14 - mmengine - INFO - Epoch(val) [100][ 70/116]    eta: 0:00:01  time: 0.0266  data_time: 0.0056  memory: 103  
2026/08/05 13:32:15 - mmengine - INFO - Epoch(val) [100][ 80/116]    eta: 0:00:00  time: 0.0275  data_time: 0.0055  memory: 112  
2026/08/05 13:32:15 - mmengine - INFO - Epoch(val) [100][ 90/116]    eta: 0:00:00  time: 0.0285  data_time: 0.0067  memory: 116  
2026/08/05 13:32:15 - mmengine - INFO - Epoch(val) [100][100/116]    eta: 0:00:00  time: 0.0288  data_time: 0.0065  memory: 131  
2026/08/05 13:32:15 - mmengine - INFO - Epoch(val) [100][110/116]    eta: 0:00:00  time: 0.0282  data_time: 0.0060  memory: 104  
2026/08/05 13:32:16 - mmengine - INFO - Evaluating bbox...
2026/08/05 13:32:16 - mmengine - INFO - bbox_mAP_copypaste: 0.619 0.882 0.675 0.000 0.684 0.592
2026/08/05 13:32:16 - mmengine - INFO - Evaluating segm...
2026/08/05 13:32:16 - mmengine - INFO - segm_mAP_copypaste: 0.375 0.550 0.405 0.000 0.524 0.314
2026/08/05 13:32:16 - mmengine - INFO - Epoch(val) [100][116/116]    coco/bbox_mAP: 0.6190  coco/bbox_mAP_50: 0.8820  coco/bbox_mAP_75: 0.6750  coco/bbox_mAP_s: 0.0000  coco/bbox_mAP_m: 0.6840  coco/bbox_mAP_l: 0.5920  coco/segm_mAP: 0.3750  coco/segm_mAP_50: 0.5500  coco/segm_mAP_75: 0.4050  coco/segm_mAP_s: 0.0000  coco/segm_mAP_m: 0.5240  coco/segm_mAP_l: 0.3140  data_time: 0.0056  time: 0.0277
