2026/08/08 21:27:46 - mmengine - INFO - 
------------------------------------------------------------
System environment:
    sys.platform: win32
    Python: 3.10.0 (tags/v3.10.0:b494f59, Oct  4 2021, 19:00:18) [MSC v.1929 64 bit (AMD64)]
    CUDA available: True
    MUSA available: False
    numpy_random_seed: 43
    GPU 0: NVIDIA GeForce RTX 2060
    CUDA_HOME: C:\Program Files\NVIDIA GPU Computing Toolkit\CUDA\v12.8
    NVCC: Cuda compilation tools, release 12.8, V12.8.93
    GCC: n/a
    PyTorch: 2.6.0+cu124
    PyTorch compiling details: PyTorch built with:
  - C++ Version: 201703
  - MSVC 192930157
  - Intel(R) oneAPI Math Kernel Library Version 2025.0.1-Product Build 20241031 for Intel(R) 64 architecture applications
  - Intel(R) MKL-DNN v3.5.3 (Git Hash 66f0cb9eb66affd2da3bf5f8d897376f04aae6af)
  - OpenMP 2019
  - LAPACK is enabled (usually provided by MKL)
  - CPU capability usage: AVX2
  - CUDA Runtime 12.4
  - NVCC architecture flags: -gencode;arch=compute_50,code=sm_50;-gencode;arch=compute_60,code=sm_60;-gencode;arch=compute_61,code=sm_61;-gencode;arch=compute_70,code=sm_70;-gencode;arch=compute_75,code=sm_75;-gencode;arch=compute_80,code=sm_80;-gencode;arch=compute_86,code=sm_86;-gencode;arch=compute_90,code=sm_90
  - CuDNN 90.1
  - Magma 2.5.4
  - Build settings: BLAS_INFO=mkl, BUILD_TYPE=Release, COMMIT_SHA=2236df1770800ffea5697b11b0bb0d910b2e59e1, CUDA_VERSION=12.4, CUDNN_VERSION=9.1.0, CXX_COMPILER=C:/actions-runner/_work/pytorch/pytorch/pytorch/.ci/pytorch/windows/tmp_bin/sccache-cl.exe, CXX_FLAGS=/DWIN32 /D_WINDOWS /GR /EHsc /Zc:__cplusplus /bigobj /FS /utf-8 -DUSE_PTHREADPOOL -DNDEBUG -DUSE_KINETO -DLIBKINETO_NOCUPTI -DLIBKINETO_NOROCTRACER -DLIBKINETO_NOXPUPTI=ON -DUSE_FBGEMM -DUSE_XNNPACK -DSYMBOLICATE_MOBILE_DEBUG_HANDLE /wd4624 /wd4068 /wd4067 /wd4267 /wd4661 /wd4717 /wd4244 /wd4804 /wd4273, LAPACK_INFO=mkl, PERF_WITH_AVX=1, PERF_WITH_AVX2=1, TORCH_VERSION=2.6.0, USE_CUDA=ON, USE_CUDNN=ON, USE_CUSPARSELT=OFF, USE_EXCEPTION_PTR=1, USE_GFLAGS=OFF, USE_GLOG=OFF, USE_GLOO=ON, USE_MKL=ON, USE_MKLDNN=ON, USE_MPI=OFF, USE_NCCL=OFF, USE_NNPACK=OFF, USE_OPENMP=ON, USE_ROCM=OFF, USE_ROCM_KERNEL_ASSERT=OFF, 

    TorchVision: 0.21.0+cu124
    OpenCV: 5.0.0
    MMEngine: 0.10.7

Runtime environment:
    cudnn_benchmark: False
    mp_cfg: {'mp_start_method': 'fork', 'opencv_num_threads': 0}
    dist_cfg: {'backend': 'nccl'}
    seed: 43
    deterministic: False
    Distributed launcher: none
    Distributed training: False
    GPU number: 1
------------------------------------------------------------

2026/08/08 21:27:47 - mmengine - INFO - Config:
ALBU = [
    dict(p=0.5, type='HorizontalFlip'),
    dict(
        p=0.7,
        rotate=(
            -15,
            15,
        ),
        scale=(
            0.85,
            1.15,
        ),
        translate_percent=(
            -0.1,
            0.1,
        ),
        type='Affine'),
    dict(alpha=30, p=0.25, sigma=6, type='ElasticTransform'),
    dict(
        brightness_limit=0.2,
        contrast_limit=0.2,
        p=0.5,
        type='RandomBrightnessContrast'),
    dict(gamma_limit=(
        80,
        120,
    ), p=0.3, type='RandomGamma'),
    dict(
        elementwise=True,
        multiplier=(
            0.85,
            1.15,
        ),
        p=0.3,
        type='MultiplicativeNoise'),
    dict(blur_limit=7, p=0.2, type='MotionBlur'),
]
ANN = 'd:/mamografi/real_time_segmentasyon/veri/coco'
AUG_SEVIYE = 'orta'
BATCH = 8
GIRDI = 256
KOK = 'd:/mamografi/real_time_segmentasyon'
MAX_EPOCH = 100
TOHUM = 43
albu_sarmalayici = dict(
    bbox_params=dict(
        filter_lost_elements=True,
        format='pascal_voc',
        label_fields=[
            'gt_bboxes_labels',
        ],
        min_visibility=0.0,
        type='BboxParams'),
    keymap=dict(gt_bboxes='bboxes', gt_masks='masks', img='image'),
    transforms=[
        dict(p=0.5, type='HorizontalFlip'),
        dict(
            p=0.7,
            rotate=(
                -15,
                15,
            ),
            scale=(
                0.85,
                1.15,
            ),
            translate_percent=(
                -0.1,
                0.1,
            ),
            type='Affine'),
        dict(alpha=30, p=0.25, sigma=6, type='ElasticTransform'),
        dict(
            brightness_limit=0.2,
            contrast_limit=0.2,
            p=0.5,
            type='RandomBrightnessContrast'),
        dict(gamma_limit=(
            80,
            120,
        ), p=0.3, type='RandomGamma'),
        dict(
            elementwise=True,
            multiplier=(
                0.85,
                1.15,
            ),
            p=0.3,
            type='MultiplicativeNoise'),
        dict(blur_limit=7, p=0.2, type='MotionBlur'),
    ],
    type='AlbuBosGuvenli')
auto_scale_lr = dict(base_batch_size=16, enable=False)
backend_args = None
base_lr = 0.000125
checkpoint = 'https://download.openmmlab.com/mmdetection/v3.0/rtmdet/cspnext_rsb_pretrain/cspnext-tiny_imagenet_600e.pth'
custom_hooks = [
    dict(
        ema_type='ExpMomentumEMA',
        momentum=0.0002,
        priority=49,
        type='EMAHook',
        update_buffers=True),
    dict(
        dataloader=dict(
            batch_size=8,
            dataset=dict(
                ann_file=
                'd:/mamografi/real_time_segmentasyon/veri/coco/busi_val.json',
                data_prefix=dict(img=''),
                data_root=
                'd:/mamografi/real_time_segmentasyon/Dataset_BUSI_with_GT/',
                filter_cfg=dict(filter_empty_gt=False, min_size=0),
                metainfo=dict(
                    classes=('lezyon', ), palette=[
                        (
                            220,
                            20,
                            60,
                        ),
                    ]),
                pipeline=[
                    dict(backend_args=None, type='LoadImageFromFile'),
                    dict(
                        poly2mask=True,
                        type='LoadAnnotations',
                        with_bbox=True,
                        with_mask=True),
                    dict(keep_ratio=True, scale=(
                        256,
                        256,
                    ), type='Resize'),
                    dict(
                        pad_val=dict(img=(
                            114,
                            114,
                            114,
                        ), masks=0),
                        size=(
                            256,
                            256,
                        ),
                        type='Pad'),
                    dict(type='PackDetInputs'),
                ],
                type='CocoDataset'),
            drop_last=False,
            num_workers=0,
            persistent_workers=False,
            sampler=dict(shuffle=False, type='DefaultSampler')),
        type='ValLossHook'),
]
custom_imports = dict(
    allow_failed_imports=False,
    imports=[
        'ozel_transformlar',
        'ozel_metrikler',
    ])
data_root = 'd:/mamografi/real_time_segmentasyon/Dataset_BUSI_with_GT/'
dataset_type = 'CocoDataset'
default_hooks = dict(
    checkpoint=dict(
        _scope_='mmdet',
        interval=1,
        max_keep_ckpts=1,
        rule='greater',
        save_best='busi/dice_tum',
        type='CheckpointHook'),
    logger=dict(_scope_='mmdet', interval=10, type='LoggerHook'),
    param_scheduler=dict(_scope_='mmdet', type='ParamSchedulerHook'),
    sampler_seed=dict(_scope_='mmdet', type='DistSamplerSeedHook'),
    timer=dict(_scope_='mmdet', type='IterTimerHook'),
    visualization=dict(_scope_='mmdet', type='DetVisualizationHook'))
default_scope = 'mmdet'
env_cfg = dict(
    cudnn_benchmark=False,
    dist_cfg=dict(backend='nccl'),
    mp_cfg=dict(mp_start_method='fork', opencv_num_threads=0))
img_scales = [
    (
        640,
        640,
    ),
    (
        320,
        320,
    ),
    (
        960,
        960,
    ),
]
interval = 10
load_from = 'https://download.openmmlab.com/mmdetection/v3.0/rtmdet/rtmdet-ins_tiny_8xb32-300e_coco/rtmdet-ins_tiny_8xb32-300e_coco_20221130_151727-ec670f7e.pth'
log_level = 'INFO'
log_processor = dict(
    _scope_='mmdet', by_epoch=True, type='LogProcessor', window_size=50)
max_epochs = 300
metainfo = dict(
    classes=('lezyon', ), palette=[
        (
            220,
            20,
            60,
        ),
    ])
model = dict(
    _scope_='mmdet',
    backbone=dict(
        act_cfg=dict(inplace=True, type='SiLU'),
        arch='P5',
        channel_attention=True,
        deepen_factor=0.167,
        expand_ratio=0.5,
        init_cfg=dict(
            checkpoint=
            'https://download.openmmlab.com/mmdetection/v3.0/rtmdet/cspnext_rsb_pretrain/cspnext-tiny_imagenet_600e.pth',
            prefix='backbone.',
            type='Pretrained'),
        norm_cfg=dict(type='SyncBN'),
        type='CSPNeXt',
        widen_factor=0.375),
    bbox_head=dict(
        act_cfg=dict(inplace=True, type='SiLU'),
        anchor_generator=dict(
            offset=0, strides=[
                8,
                16,
                32,
            ], type='MlvlPointGenerator'),
        bbox_coder=dict(type='DistancePointBBoxCoder'),
        feat_channels=96,
        in_channels=96,
        loss_bbox=dict(loss_weight=2.0, type='GIoULoss'),
        loss_cls=dict(
            beta=2.0,
            loss_weight=1.0,
            type='QualityFocalLoss',
            use_sigmoid=True),
        loss_mask=dict(
            eps=5e-06, loss_weight=2.0, reduction='mean', type='DiceLoss'),
        norm_cfg=dict(requires_grad=True, type='SyncBN'),
        num_classes=1,
        pred_kernel_size=1,
        share_conv=True,
        stacked_convs=2,
        type='RTMDetInsSepBNHead'),
    data_preprocessor=dict(
        batch_augments=None,
        bgr_to_rgb=False,
        mean=[
            103.53,
            116.28,
            123.675,
        ],
        std=[
            57.375,
            57.12,
            58.395,
        ],
        type='DetDataPreprocessor'),
    neck=dict(
        act_cfg=dict(inplace=True, type='SiLU'),
        expand_ratio=0.5,
        in_channels=[
            96,
            192,
            384,
        ],
        norm_cfg=dict(type='SyncBN'),
        num_csp_blocks=1,
        out_channels=96,
        type='CSPNeXtPAFPN'),
    test_cfg=dict(
        mask_thr_binary=0.5,
        max_per_img=100,
        min_bbox_size=0,
        nms=dict(iou_threshold=0.6, type='nms'),
        nms_pre=1000,
        score_thr=0.05),
    train_cfg=dict(
        allowed_border=-1,
        assigner=dict(topk=13, type='DynamicSoftLabelAssigner'),
        debug=False,
        pos_weight=-1),
    type='RTMDet')
optim_wrapper = dict(
    _scope_='mmdet',
    clip_grad=dict(max_norm=1.0),
    optimizer=dict(lr=0.000125, type='AdamW', weight_decay=0.05),
    paramwise_cfg=dict(
        bias_decay_mult=0, bypass_duplicate=True, norm_decay_mult=0),
    type='OptimWrapper')
param_scheduler = [
    dict(
        begin=0, by_epoch=False, end=200, start_factor=0.001, type='LinearLR'),
    dict(
        T_max=50,
        begin=50,
        by_epoch=True,
        convert_to_iter_based=True,
        end=100,
        eta_min=6.25e-06,
        type='CosineAnnealingLR'),
]
randomness = dict(deterministic=False, seed=43)
resume = False
stage2_num_epochs = 20
test_cfg = dict(_scope_='mmdet', type='TestLoop')
test_dataloader = dict(
    batch_size=1,
    dataset=dict(
        _scope_='mmdet',
        ann_file='d:/mamografi/real_time_segmentasyon/veri/coco/busi_test.json',
        backend_args=None,
        data_prefix=dict(img=''),
        data_root='d:/mamografi/real_time_segmentasyon/Dataset_BUSI_with_GT/',
        metainfo=dict(classes=('lezyon', ), palette=[
            (
                220,
                20,
                60,
            ),
        ]),
        pipeline=[
            dict(backend_args=None, type='LoadImageFromFile'),
            dict(keep_ratio=True, scale=(
                256,
                256,
            ), type='Resize'),
            dict(
                pad_val=dict(img=(
                    114,
                    114,
                    114,
                ), masks=0),
                size=(
                    256,
                    256,
                ),
                type='Pad'),
            dict(
                poly2mask=True,
                type='LoadAnnotations',
                with_bbox=True,
                with_mask=True),
            dict(
                meta_keys=(
                    'img_id',
                    'img_path',
                    'ori_shape',
                    'img_shape',
                    'scale_factor',
                ),
                type='PackDetInputs'),
        ],
        test_mode=True,
        type='CocoDataset'),
    drop_last=False,
    num_workers=2,
    persistent_workers=True,
    sampler=dict(_scope_='mmdet', shuffle=False, type='DefaultSampler'))
test_evaluator = dict(
    _scope_='mmdet',
    ann_file='d:/mamografi/real_time_segmentasyon/veri/coco/busi_test.json',
    backend_args=None,
    format_only=False,
    metric=[
        'bbox',
        'segm',
    ],
    proposal_nums=(
        100,
        1,
        10,
    ),
    type='CocoMetricHizali')
test_pipeline = [
    dict(backend_args=None, type='LoadImageFromFile'),
    dict(keep_ratio=True, scale=(
        256,
        256,
    ), type='Resize'),
    dict(
        pad_val=dict(img=(
            114,
            114,
            114,
        ), masks=0),
        size=(
            256,
            256,
        ),
        type='Pad'),
    dict(
        poly2mask=True, type='LoadAnnotations', with_bbox=True,
        with_mask=True),
    dict(
        meta_keys=(
            'img_id',
            'img_path',
            'ori_shape',
            'img_shape',
            'scale_factor',
        ),
        type='PackDetInputs'),
]
train_cfg = dict(
    _scope_='mmdet',
    dynamic_intervals=None,
    max_epochs=100,
    type='EpochBasedTrainLoop',
    val_interval=1)
train_dataloader = dict(
    batch_sampler=None,
    batch_size=8,
    dataset=dict(
        ann_file=
        'd:/mamografi/real_time_segmentasyon/veri/coco/busi_train.json',
        data_prefix=dict(img=''),
        data_root='d:/mamografi/real_time_segmentasyon/Dataset_BUSI_with_GT/',
        filter_cfg=dict(filter_empty_gt=False, min_size=0),
        metainfo=dict(classes=('lezyon', ), palette=[
            (
                220,
                20,
                60,
            ),
        ]),
        pipeline=[
            dict(backend_args=None, type='LoadImageFromFile'),
            dict(
                poly2mask=True,
                type='LoadAnnotations',
                with_bbox=True,
                with_mask=True),
            dict(
                bbox_params=dict(
                    filter_lost_elements=True,
                    format='pascal_voc',
                    label_fields=[
                        'gt_bboxes_labels',
                    ],
                    min_visibility=0.0,
                    type='BboxParams'),
                keymap=dict(gt_bboxes='bboxes', gt_masks='masks', img='image'),
                transforms=[
                    dict(p=0.5, type='HorizontalFlip'),
                    dict(
                        p=0.7,
                        rotate=(
                            -15,
                            15,
                        ),
                        scale=(
                            0.85,
                            1.15,
                        ),
                        translate_percent=(
                            -0.1,
                            0.1,
                        ),
                        type='Affine'),
                    dict(alpha=30, p=0.25, sigma=6, type='ElasticTransform'),
                    dict(
                        brightness_limit=0.2,
                        contrast_limit=0.2,
                        p=0.5,
                        type='RandomBrightnessContrast'),
                    dict(gamma_limit=(
                        80,
                        120,
                    ), p=0.3, type='RandomGamma'),
                    dict(
                        elementwise=True,
                        multiplier=(
                            0.85,
                            1.15,
                        ),
                        p=0.3,
                        type='MultiplicativeNoise'),
                    dict(blur_limit=7, p=0.2, type='MotionBlur'),
                ],
                type='AlbuBosGuvenli'),
            dict(keep_ratio=True, scale=(
                256,
                256,
            ), type='Resize'),
            dict(
                pad_val=dict(img=(
                    114,
                    114,
                    114,
                ), masks=0),
                size=(
                    256,
                    256,
                ),
                type='Pad'),
            dict(type='PackDetInputs'),
        ],
        type='CocoDataset'),
    num_workers=0,
    persistent_workers=False,
    pin_memory=True,
    sampler=dict(_scope_='mmdet', shuffle=True, type='DefaultSampler'))
train_pipeline = [
    dict(backend_args=None, type='LoadImageFromFile'),
    dict(
        poly2mask=True, type='LoadAnnotations', with_bbox=True,
        with_mask=True),
    dict(
        bbox_params=dict(
            filter_lost_elements=True,
            format='pascal_voc',
            label_fields=[
                'gt_bboxes_labels',
            ],
            min_visibility=0.0,
            type='BboxParams'),
        keymap=dict(gt_bboxes='bboxes', gt_masks='masks', img='image'),
        transforms=[
            dict(p=0.5, type='HorizontalFlip'),
            dict(
                p=0.7,
                rotate=(
                    -15,
                    15,
                ),
                scale=(
                    0.85,
                    1.15,
                ),
                translate_percent=(
                    -0.1,
                    0.1,
                ),
                type='Affine'),
            dict(alpha=30, p=0.25, sigma=6, type='ElasticTransform'),
            dict(
                brightness_limit=0.2,
                contrast_limit=0.2,
                p=0.5,
                type='RandomBrightnessContrast'),
            dict(gamma_limit=(
                80,
                120,
            ), p=0.3, type='RandomGamma'),
            dict(
                elementwise=True,
                multiplier=(
                    0.85,
                    1.15,
                ),
                p=0.3,
                type='MultiplicativeNoise'),
            dict(blur_limit=7, p=0.2, type='MotionBlur'),
        ],
        type='AlbuBosGuvenli'),
    dict(keep_ratio=True, scale=(
        256,
        256,
    ), type='Resize'),
    dict(
        pad_val=dict(img=(
            114,
            114,
            114,
        ), masks=0),
        size=(
            256,
            256,
        ),
        type='Pad'),
    dict(type='PackDetInputs'),
]
train_pipeline_stage2 = [
    dict(_scope_='mmdet', backend_args=None, type='LoadImageFromFile'),
    dict(
        _scope_='mmdet',
        poly2mask=False,
        type='LoadAnnotations',
        with_bbox=True,
        with_mask=True),
    dict(
        _scope_='mmdet',
        keep_ratio=True,
        ratio_range=(
            0.5,
            2.0,
        ),
        scale=(
            640,
            640,
        ),
        type='RandomResize'),
    dict(
        _scope_='mmdet',
        allow_negative_crop=True,
        crop_size=(
            640,
            640,
        ),
        recompute_bbox=True,
        type='RandomCrop'),
    dict(_scope_='mmdet', min_gt_bbox_wh=(
        1,
        1,
    ), type='FilterAnnotations'),
    dict(_scope_='mmdet', type='YOLOXHSVRandomAug'),
    dict(_scope_='mmdet', prob=0.5, type='RandomFlip'),
    dict(
        _scope_='mmdet',
        pad_val=dict(img=(
            114,
            114,
            114,
        )),
        size=(
            640,
            640,
        ),
        type='Pad'),
    dict(_scope_='mmdet', type='PackDetInputs'),
]
tta_model = dict(
    _scope_='mmdet',
    tta_cfg=dict(max_per_img=100, nms=dict(iou_threshold=0.6, type='nms')),
    type='DetTTAModel')
tta_pipeline = [
    dict(_scope_='mmdet', backend_args=None, type='LoadImageFromFile'),
    dict(
        _scope_='mmdet',
        transforms=[
            [
                dict(keep_ratio=True, scale=(
                    640,
                    640,
                ), type='Resize'),
                dict(keep_ratio=True, scale=(
                    320,
                    320,
                ), type='Resize'),
                dict(keep_ratio=True, scale=(
                    960,
                    960,
                ), type='Resize'),
            ],
            [
                dict(prob=1.0, type='RandomFlip'),
                dict(prob=0.0, type='RandomFlip'),
            ],
            [
                dict(
                    pad_val=dict(img=(
                        114,
                        114,
                        114,
                    )),
                    size=(
                        960,
                        960,
                    ),
                    type='Pad'),
            ],
            [
                dict(type='LoadAnnotations', with_bbox=True),
            ],
            [
                dict(
                    meta_keys=(
                        'img_id',
                        'img_path',
                        'ori_shape',
                        'img_shape',
                        'scale_factor',
                        'flip',
                        'flip_direction',
                    ),
                    type='PackDetInputs'),
            ],
        ],
        type='TestTimeAug'),
]
val_cfg = dict(_scope_='mmdet', type='ValLoop')
val_dataloader = dict(
    batch_size=1,
    dataset=dict(
        _scope_='mmdet',
        ann_file='d:/mamografi/real_time_segmentasyon/veri/coco/busi_val.json',
        backend_args=None,
        data_prefix=dict(img=''),
        data_root='d:/mamografi/real_time_segmentasyon/Dataset_BUSI_with_GT/',
        metainfo=dict(classes=('lezyon', ), palette=[
            (
                220,
                20,
                60,
            ),
        ]),
        pipeline=[
            dict(backend_args=None, type='LoadImageFromFile'),
            dict(keep_ratio=True, scale=(
                256,
                256,
            ), type='Resize'),
            dict(
                pad_val=dict(img=(
                    114,
                    114,
                    114,
                ), masks=0),
                size=(
                    256,
                    256,
                ),
                type='Pad'),
            dict(
                poly2mask=True,
                type='LoadAnnotations',
                with_bbox=True,
                with_mask=True),
            dict(
                meta_keys=(
                    'img_id',
                    'img_path',
                    'ori_shape',
                    'img_shape',
                    'scale_factor',
                ),
                type='PackDetInputs'),
        ],
        test_mode=True,
        type='CocoDataset'),
    drop_last=False,
    num_workers=0,
    persistent_workers=False,
    sampler=dict(_scope_='mmdet', shuffle=False, type='DefaultSampler'))
val_evaluator = [
    dict(
        ann_file='d:/mamografi/real_time_segmentasyon/veri/coco/busi_val.json',
        format_only=False,
        metric=[
            'bbox',
            'segm',
        ],
        type='CocoMetricHizali'),
    dict(
        manifest='d:/mamografi/real_time_segmentasyon/veri/veri_manifest.csv',
        type='BusiDiceMetric'),
]
val_loss_dataloader = dict(
    batch_size=8,
    dataset=dict(
        ann_file='d:/mamografi/real_time_segmentasyon/veri/coco/busi_val.json',
        data_prefix=dict(img=''),
        data_root='d:/mamografi/real_time_segmentasyon/Dataset_BUSI_with_GT/',
        filter_cfg=dict(filter_empty_gt=False, min_size=0),
        metainfo=dict(classes=('lezyon', ), palette=[
            (
                220,
                20,
                60,
            ),
        ]),
        pipeline=[
            dict(backend_args=None, type='LoadImageFromFile'),
            dict(
                poly2mask=True,
                type='LoadAnnotations',
                with_bbox=True,
                with_mask=True),
            dict(keep_ratio=True, scale=(
                256,
                256,
            ), type='Resize'),
            dict(
                pad_val=dict(img=(
                    114,
                    114,
                    114,
                ), masks=0),
                size=(
                    256,
                    256,
                ),
                type='Pad'),
            dict(type='PackDetInputs'),
        ],
        type='CocoDataset'),
    drop_last=False,
    num_workers=0,
    persistent_workers=False,
    sampler=dict(shuffle=False, type='DefaultSampler'))
val_loss_pipeline = [
    dict(backend_args=None, type='LoadImageFromFile'),
    dict(
        poly2mask=True, type='LoadAnnotations', with_bbox=True,
        with_mask=True),
    dict(keep_ratio=True, scale=(
        256,
        256,
    ), type='Resize'),
    dict(
        pad_val=dict(img=(
            114,
            114,
            114,
        ), masks=0),
        size=(
            256,
            256,
        ),
        type='Pad'),
    dict(type='PackDetInputs'),
]
vis_backends = [
    dict(_scope_='mmdet', type='LocalVisBackend'),
]
visualizer = dict(
    _scope_='mmdet',
    name='visualizer',
    type='DetLocalVisualizer',
    vis_backends=[
        dict(type='LocalVisBackend'),
    ])
work_dir = 'd:/mamografi/real_time_segmentasyon/rtmdet/calisma/rtmdet_ins_tiny_256_orta_s43'

2026/08/08 21:27:50 - mmengine - INFO - Distributed training is not used, all SyncBatchNorm (SyncBN) layers in the model will be automatically reverted to BatchNormXd layers if they are used.
2026/08/08 21:27:50 - mmengine - INFO - Hooks will be executed in the following order:
before_run:
(VERY_HIGH   ) RuntimeInfoHook                    
(49          ) EMAHook                            
(BELOW_NORMAL) LoggerHook                         
 -------------------- 
after_load_checkpoint:
(49          ) EMAHook                            
 -------------------- 
before_train:
(VERY_HIGH   ) RuntimeInfoHook                    
(49          ) EMAHook                            
(NORMAL      ) IterTimerHook                      
(VERY_LOW    ) CheckpointHook                     
 -------------------- 
before_train_epoch:
(VERY_HIGH   ) RuntimeInfoHook                    
(NORMAL      ) IterTimerHook                      
(NORMAL      ) DistSamplerSeedHook                
 -------------------- 
before_train_iter:
(VERY_HIGH   ) RuntimeInfoHook                    
(NORMAL      ) IterTimerHook                      
 -------------------- 
after_train_iter:
(VERY_HIGH   ) RuntimeInfoHook                    
(49          ) EMAHook                            
(NORMAL      ) IterTimerHook                      
(BELOW_NORMAL) LoggerHook                         
(LOW         ) ParamSchedulerHook                 
(VERY_LOW    ) CheckpointHook                     
 -------------------- 
after_train_epoch:
(NORMAL      ) IterTimerHook                      
(LOW         ) ParamSchedulerHook                 
(VERY_LOW    ) CheckpointHook                     
 -------------------- 
before_val:
(VERY_HIGH   ) RuntimeInfoHook                    
 -------------------- 
before_val_epoch:
(49          ) EMAHook                            
(NORMAL      ) IterTimerHook                      
 -------------------- 
before_val_iter:
(NORMAL      ) IterTimerHook                      
 -------------------- 
after_val_iter:
(NORMAL      ) IterTimerHook                      
(NORMAL      ) DetVisualizationHook               
(BELOW_NORMAL) LoggerHook                         
 -------------------- 
after_val_epoch:
(9           ) ValLossHook                        
(VERY_HIGH   ) RuntimeInfoHook                    
(49          ) EMAHook                            
(NORMAL      ) IterTimerHook                      
(BELOW_NORMAL) LoggerHook                         
(LOW         ) ParamSchedulerHook                 
(VERY_LOW    ) CheckpointHook                     
 -------------------- 
after_val:
(VERY_HIGH   ) RuntimeInfoHook                    
 -------------------- 
before_save_checkpoint:
(49          ) EMAHook                            
 -------------------- 
after_train:
(VERY_HIGH   ) RuntimeInfoHook                    
(VERY_LOW    ) CheckpointHook                     
 -------------------- 
before_test:
(VERY_HIGH   ) RuntimeInfoHook                    
 -------------------- 
before_test_epoch:
(49          ) EMAHook                            
(NORMAL      ) IterTimerHook                      
 -------------------- 
before_test_iter:
(NORMAL      ) IterTimerHook                      
 -------------------- 
after_test_iter:
(NORMAL      ) IterTimerHook                      
(NORMAL      ) DetVisualizationHook               
(BELOW_NORMAL) LoggerHook                         
 -------------------- 
after_test_epoch:
(VERY_HIGH   ) RuntimeInfoHook                    
(49          ) EMAHook                            
(NORMAL      ) IterTimerHook                      
(BELOW_NORMAL) LoggerHook                         
 -------------------- 
after_test:
(VERY_HIGH   ) RuntimeInfoHook                    
 -------------------- 
after_run:
(BELOW_NORMAL) LoggerHook                         
 -------------------- 
2026/08/08 21:27:52 - mmengine - INFO - paramwise_options -- backbone.stem.0.bn.weight:weight_decay=0.0
2026/08/08 21:27:52 - mmengine - INFO - paramwise_options -- backbone.stem.0.bn.bias:weight_decay=0.0
2026/08/08 21:27:52 - mmengine - INFO - paramwise_options -- backbone.stem.1.bn.weight:weight_decay=0.0
2026/08/08 21:27:52 - mmengine - INFO - paramwise_options -- backbone.stem.1.bn.bias:weight_decay=0.0
2026/08/08 21:27:52 - mmengine - INFO - paramwise_options -- backbone.stem.2.bn.weight:weight_decay=0.0
2026/08/08 21:27:52 - mmengine - INFO - paramwise_options -- backbone.stem.2.bn.bias:weight_decay=0.0
2026/08/08 21:27:52 - mmengine - INFO - paramwise_options -- backbone.stage1.0.bn.weight:weight_decay=0.0
2026/08/08 21:27:52 - mmengine - INFO - paramwise_options -- backbone.stage1.0.bn.bias:weight_decay=0.0
2026/08/08 21:27:52 - mmengine - INFO - paramwise_options -- backbone.stage1.1.main_conv.bn.weight:weight_decay=0.0
2026/08/08 21:27:52 - mmengine - INFO - paramwise_options -- backbone.stage1.1.main_conv.bn.bias:weight_decay=0.0
2026/08/08 21:27:52 - mmengine - INFO - paramwise_options -- backbone.stage1.1.short_conv.bn.weight:weight_decay=0.0
2026/08/08 21:27:52 - mmengine - INFO - paramwise_options -- backbone.stage1.1.short_conv.bn.bias:weight_decay=0.0
2026/08/08 21:27:52 - mmengine - INFO - paramwise_options -- backbone.stage1.1.final_conv.bn.weight:weight_decay=0.0
2026/08/08 21:27:52 - mmengine - INFO - paramwise_options -- backbone.stage1.1.final_conv.bn.bias:weight_decay=0.0
2026/08/08 21:27:52 - mmengine - INFO - paramwise_options -- backbone.stage1.1.blocks.0.conv1.bn.weight:weight_decay=0.0
2026/08/08 21:27:52 - mmengine - INFO - paramwise_options -- backbone.stage1.1.blocks.0.conv1.bn.bias:weight_decay=0.0
2026/08/08 21:27:52 - mmengine - INFO - paramwise_options -- backbone.stage1.1.blocks.0.conv2.depthwise_conv.bn.weight:weight_decay=0.0
2026/08/08 21:27:52 - mmengine - INFO - paramwise_options -- backbone.stage1.1.blocks.0.conv2.depthwise_conv.bn.bias:weight_decay=0.0
2026/08/08 21:27:52 - mmengine - INFO - paramwise_options -- backbone.stage1.1.blocks.0.conv2.pointwise_conv.bn.weight:weight_decay=0.0
2026/08/08 21:27:52 - mmengine - INFO - paramwise_options -- backbone.stage1.1.blocks.0.conv2.pointwise_conv.bn.bias:weight_decay=0.0
2026/08/08 21:27:52 - mmengine - INFO - paramwise_options -- backbone.stage1.1.attention.fc.bias:weight_decay=0.0
2026/08/08 21:27:52 - mmengine - INFO - paramwise_options -- backbone.stage2.0.bn.weight:weight_decay=0.0
2026/08/08 21:27:52 - mmengine - INFO - paramwise_options -- backbone.stage2.0.bn.bias:weight_decay=0.0
2026/08/08 21:27:52 - mmengine - INFO - paramwise_options -- backbone.stage2.1.main_conv.bn.weight:weight_decay=0.0
2026/08/08 21:27:52 - mmengine - INFO - paramwise_options -- backbone.stage2.1.main_conv.bn.bias:weight_decay=0.0
2026/08/08 21:27:52 - mmengine - INFO - paramwise_options -- backbone.stage2.1.short_conv.bn.weight:weight_decay=0.0
2026/08/08 21:27:52 - mmengine - INFO - paramwise_options -- backbone.stage2.1.short_conv.bn.bias:weight_decay=0.0
2026/08/08 21:27:52 - mmengine - INFO - paramwise_options -- backbone.stage2.1.final_conv.bn.weight:weight_decay=0.0
2026/08/08 21:27:52 - mmengine - INFO - paramwise_options -- backbone.stage2.1.final_conv.bn.bias:weight_decay=0.0
2026/08/08 21:27:52 - mmengine - INFO - paramwise_options -- backbone.stage2.1.blocks.0.conv1.bn.weight:weight_decay=0.0
2026/08/08 21:27:52 - mmengine - INFO - paramwise_options -- backbone.stage2.1.blocks.0.conv1.bn.bias:weight_decay=0.0
2026/08/08 21:27:52 - mmengine - INFO - paramwise_options -- backbone.stage2.1.blocks.0.conv2.depthwise_conv.bn.weight:weight_decay=0.0
2026/08/08 21:27:52 - mmengine - INFO - paramwise_options -- backbone.stage2.1.blocks.0.conv2.depthwise_conv.bn.bias:weight_decay=0.0
2026/08/08 21:27:52 - mmengine - INFO - paramwise_options -- backbone.stage2.1.blocks.0.conv2.pointwise_conv.bn.weight:weight_decay=0.0
2026/08/08 21:27:52 - mmengine - INFO - paramwise_options -- backbone.stage2.1.blocks.0.conv2.pointwise_conv.bn.bias:weight_decay=0.0
2026/08/08 21:27:52 - mmengine - INFO - paramwise_options -- backbone.stage2.1.attention.fc.bias:weight_decay=0.0
2026/08/08 21:27:52 - mmengine - INFO - paramwise_options -- backbone.stage3.0.bn.weight:weight_decay=0.0
2026/08/08 21:27:52 - mmengine - INFO - paramwise_options -- backbone.stage3.0.bn.bias:weight_decay=0.0
2026/08/08 21:27:52 - mmengine - INFO - paramwise_options -- backbone.stage3.1.main_conv.bn.weight:weight_decay=0.0
2026/08/08 21:27:52 - mmengine - INFO - paramwise_options -- backbone.stage3.1.main_conv.bn.bias:weight_decay=0.0
2026/08/08 21:27:52 - mmengine - INFO - paramwise_options -- backbone.stage3.1.short_conv.bn.weight:weight_decay=0.0
2026/08/08 21:27:52 - mmengine - INFO - paramwise_options -- backbone.stage3.1.short_conv.bn.bias:weight_decay=0.0
2026/08/08 21:27:52 - mmengine - INFO - paramwise_options -- backbone.stage3.1.final_conv.bn.weight:weight_decay=0.0
2026/08/08 21:27:52 - mmengine - INFO - paramwise_options -- backbone.stage3.1.final_conv.bn.bias:weight_decay=0.0
2026/08/08 21:27:52 - mmengine - INFO - paramwise_options -- backbone.stage3.1.blocks.0.conv1.bn.weight:weight_decay=0.0
2026/08/08 21:27:52 - mmengine - INFO - paramwise_options -- backbone.stage3.1.blocks.0.conv1.bn.bias:weight_decay=0.0
2026/08/08 21:27:52 - mmengine - INFO - paramwise_options -- backbone.stage3.1.blocks.0.conv2.depthwise_conv.bn.weight:weight_decay=0.0
2026/08/08 21:27:52 - mmengine - INFO - paramwise_options -- backbone.stage3.1.blocks.0.conv2.depthwise_conv.bn.bias:weight_decay=0.0
2026/08/08 21:27:52 - mmengine - INFO - paramwise_options -- backbone.stage3.1.blocks.0.conv2.pointwise_conv.bn.weight:weight_decay=0.0
2026/08/08 21:27:52 - mmengine - INFO - paramwise_options -- backbone.stage3.1.blocks.0.conv2.pointwise_conv.bn.bias:weight_decay=0.0
2026/08/08 21:27:52 - mmengine - INFO - paramwise_options -- backbone.stage3.1.attention.fc.bias:weight_decay=0.0
2026/08/08 21:27:52 - mmengine - INFO - paramwise_options -- backbone.stage4.0.bn.weight:weight_decay=0.0
2026/08/08 21:27:52 - mmengine - INFO - paramwise_options -- backbone.stage4.0.bn.bias:weight_decay=0.0
2026/08/08 21:27:52 - mmengine - INFO - paramwise_options -- backbone.stage4.1.conv1.bn.weight:weight_decay=0.0
2026/08/08 21:27:52 - mmengine - INFO - paramwise_options -- backbone.stage4.1.conv1.bn.bias:weight_decay=0.0
2026/08/08 21:27:52 - mmengine - INFO - paramwise_options -- backbone.stage4.1.conv2.bn.weight:weight_decay=0.0
2026/08/08 21:27:52 - mmengine - INFO - paramwise_options -- backbone.stage4.1.conv2.bn.bias:weight_decay=0.0
2026/08/08 21:27:52 - mmengine - INFO - paramwise_options -- backbone.stage4.2.main_conv.bn.weight:weight_decay=0.0
2026/08/08 21:27:52 - mmengine - INFO - paramwise_options -- backbone.stage4.2.main_conv.bn.bias:weight_decay=0.0
2026/08/08 21:27:52 - mmengine - INFO - paramwise_options -- backbone.stage4.2.short_conv.bn.weight:weight_decay=0.0
2026/08/08 21:27:52 - mmengine - INFO - paramwise_options -- backbone.stage4.2.short_conv.bn.bias:weight_decay=0.0
2026/08/08 21:27:52 - mmengine - INFO - paramwise_options -- backbone.stage4.2.final_conv.bn.weight:weight_decay=0.0
2026/08/08 21:27:52 - mmengine - INFO - paramwise_options -- backbone.stage4.2.final_conv.bn.bias:weight_decay=0.0
2026/08/08 21:27:52 - mmengine - INFO - paramwise_options -- backbone.stage4.2.blocks.0.conv1.bn.weight:weight_decay=0.0
2026/08/08 21:27:52 - mmengine - INFO - paramwise_options -- backbone.stage4.2.blocks.0.conv1.bn.bias:weight_decay=0.0
2026/08/08 21:27:52 - mmengine - INFO - paramwise_options -- backbone.stage4.2.blocks.0.conv2.depthwise_conv.bn.weight:weight_decay=0.0
2026/08/08 21:27:52 - mmengine - INFO - paramwise_options -- backbone.stage4.2.blocks.0.conv2.depthwise_conv.bn.bias:weight_decay=0.0
2026/08/08 21:27:52 - mmengine - INFO - paramwise_options -- backbone.stage4.2.blocks.0.conv2.pointwise_conv.bn.weight:weight_decay=0.0
2026/08/08 21:27:52 - mmengine - INFO - paramwise_options -- backbone.stage4.2.blocks.0.conv2.pointwise_conv.bn.bias:weight_decay=0.0
2026/08/08 21:27:52 - mmengine - INFO - paramwise_options -- backbone.stage4.2.attention.fc.bias:weight_decay=0.0
2026/08/08 21:27:52 - mmengine - INFO - paramwise_options -- neck.reduce_layers.0.bn.weight:weight_decay=0.0
2026/08/08 21:27:52 - mmengine - INFO - paramwise_options -- neck.reduce_layers.0.bn.bias:weight_decay=0.0
2026/08/08 21:27:52 - mmengine - INFO - paramwise_options -- neck.reduce_layers.1.bn.weight:weight_decay=0.0
2026/08/08 21:27:52 - mmengine - INFO - paramwise_options -- neck.reduce_layers.1.bn.bias:weight_decay=0.0
2026/08/08 21:27:52 - mmengine - INFO - paramwise_options -- neck.top_down_blocks.0.main_conv.bn.weight:weight_decay=0.0
2026/08/08 21:27:52 - mmengine - INFO - paramwise_options -- neck.top_down_blocks.0.main_conv.bn.bias:weight_decay=0.0
2026/08/08 21:27:52 - mmengine - INFO - paramwise_options -- neck.top_down_blocks.0.short_conv.bn.weight:weight_decay=0.0
2026/08/08 21:27:52 - mmengine - INFO - paramwise_options -- neck.top_down_blocks.0.short_conv.bn.bias:weight_decay=0.0
2026/08/08 21:27:52 - mmengine - INFO - paramwise_options -- neck.top_down_blocks.0.final_conv.bn.weight:weight_decay=0.0
2026/08/08 21:27:52 - mmengine - INFO - paramwise_options -- neck.top_down_blocks.0.final_conv.bn.bias:weight_decay=0.0
2026/08/08 21:27:52 - mmengine - INFO - paramwise_options -- neck.top_down_blocks.0.blocks.0.conv1.bn.weight:weight_decay=0.0
2026/08/08 21:27:52 - mmengine - INFO - paramwise_options -- neck.top_down_blocks.0.blocks.0.conv1.bn.bias:weight_decay=0.0
2026/08/08 21:27:52 - mmengine - INFO - paramwise_options -- neck.top_down_blocks.0.blocks.0.conv2.depthwise_conv.bn.weight:weight_decay=0.0
2026/08/08 21:27:52 - mmengine - INFO - paramwise_options -- neck.top_down_blocks.0.blocks.0.conv2.depthwise_conv.bn.bias:weight_decay=0.0
2026/08/08 21:27:52 - mmengine - INFO - paramwise_options -- neck.top_down_blocks.0.blocks.0.conv2.pointwise_conv.bn.weight:weight_decay=0.0
2026/08/08 21:27:52 - mmengine - INFO - paramwise_options -- neck.top_down_blocks.0.blocks.0.conv2.pointwise_conv.bn.bias:weight_decay=0.0
2026/08/08 21:27:52 - mmengine - INFO - paramwise_options -- neck.top_down_blocks.1.main_conv.bn.weight:weight_decay=0.0
2026/08/08 21:27:52 - mmengine - INFO - paramwise_options -- neck.top_down_blocks.1.main_conv.bn.bias:weight_decay=0.0
2026/08/08 21:27:52 - mmengine - INFO - paramwise_options -- neck.top_down_blocks.1.short_conv.bn.weight:weight_decay=0.0
2026/08/08 21:27:52 - mmengine - INFO - paramwise_options -- neck.top_down_blocks.1.short_conv.bn.bias:weight_decay=0.0
2026/08/08 21:27:52 - mmengine - INFO - paramwise_options -- neck.top_down_blocks.1.final_conv.bn.weight:weight_decay=0.0
2026/08/08 21:27:52 - mmengine - INFO - paramwise_options -- neck.top_down_blocks.1.final_conv.bn.bias:weight_decay=0.0
2026/08/08 21:27:52 - mmengine - INFO - paramwise_options -- neck.top_down_blocks.1.blocks.0.conv1.bn.weight:weight_decay=0.0
2026/08/08 21:27:52 - mmengine - INFO - paramwise_options -- neck.top_down_blocks.1.blocks.0.conv1.bn.bias:weight_decay=0.0
2026/08/08 21:27:52 - mmengine - INFO - paramwise_options -- neck.top_down_blocks.1.blocks.0.conv2.depthwise_conv.bn.weight:weight_decay=0.0
2026/08/08 21:27:52 - mmengine - INFO - paramwise_options -- neck.top_down_blocks.1.blocks.0.conv2.depthwise_conv.bn.bias:weight_decay=0.0
2026/08/08 21:27:52 - mmengine - INFO - paramwise_options -- neck.top_down_blocks.1.blocks.0.conv2.pointwise_conv.bn.weight:weight_decay=0.0
2026/08/08 21:27:52 - mmengine - INFO - paramwise_options -- neck.top_down_blocks.1.blocks.0.conv2.pointwise_conv.bn.bias:weight_decay=0.0
2026/08/08 21:27:52 - mmengine - INFO - paramwise_options -- neck.downsamples.0.bn.weight:weight_decay=0.0
2026/08/08 21:27:52 - mmengine - INFO - paramwise_options -- neck.downsamples.0.bn.bias:weight_decay=0.0
2026/08/08 21:27:52 - mmengine - INFO - paramwise_options -- neck.downsamples.1.bn.weight:weight_decay=0.0
2026/08/08 21:27:52 - mmengine - INFO - paramwise_options -- neck.downsamples.1.bn.bias:weight_decay=0.0
2026/08/08 21:27:52 - mmengine - INFO - paramwise_options -- neck.bottom_up_blocks.0.main_conv.bn.weight:weight_decay=0.0
2026/08/08 21:27:52 - mmengine - INFO - paramwise_options -- neck.bottom_up_blocks.0.main_conv.bn.bias:weight_decay=0.0
2026/08/08 21:27:52 - mmengine - INFO - paramwise_options -- neck.bottom_up_blocks.0.short_conv.bn.weight:weight_decay=0.0
2026/08/08 21:27:52 - mmengine - INFO - paramwise_options -- neck.bottom_up_blocks.0.short_conv.bn.bias:weight_decay=0.0
2026/08/08 21:27:52 - mmengine - INFO - paramwise_options -- neck.bottom_up_blocks.0.final_conv.bn.weight:weight_decay=0.0
2026/08/08 21:27:52 - mmengine - INFO - paramwise_options -- neck.bottom_up_blocks.0.final_conv.bn.bias:weight_decay=0.0
2026/08/08 21:27:52 - mmengine - INFO - paramwise_options -- neck.bottom_up_blocks.0.blocks.0.conv1.bn.weight:weight_decay=0.0
2026/08/08 21:27:52 - mmengine - INFO - paramwise_options -- neck.bottom_up_blocks.0.blocks.0.conv1.bn.bias:weight_decay=0.0
2026/08/08 21:27:52 - mmengine - INFO - paramwise_options -- neck.bottom_up_blocks.0.blocks.0.conv2.depthwise_conv.bn.weight:weight_decay=0.0
2026/08/08 21:27:52 - mmengine - INFO - paramwise_options -- neck.bottom_up_blocks.0.blocks.0.conv2.depthwise_conv.bn.bias:weight_decay=0.0
2026/08/08 21:27:52 - mmengine - INFO - paramwise_options -- neck.bottom_up_blocks.0.blocks.0.conv2.pointwise_conv.bn.weight:weight_decay=0.0
2026/08/08 21:27:52 - mmengine - INFO - paramwise_options -- neck.bottom_up_blocks.0.blocks.0.conv2.pointwise_conv.bn.bias:weight_decay=0.0
2026/08/08 21:27:52 - mmengine - INFO - paramwise_options -- neck.bottom_up_blocks.1.main_conv.bn.weight:weight_decay=0.0
2026/08/08 21:27:52 - mmengine - INFO - paramwise_options -- neck.bottom_up_blocks.1.main_conv.bn.bias:weight_decay=0.0
2026/08/08 21:27:52 - mmengine - INFO - paramwise_options -- neck.bottom_up_blocks.1.short_conv.bn.weight:weight_decay=0.0
2026/08/08 21:27:52 - mmengine - INFO - paramwise_options -- neck.bottom_up_blocks.1.short_conv.bn.bias:weight_decay=0.0
2026/08/08 21:27:52 - mmengine - INFO - paramwise_options -- neck.bottom_up_blocks.1.final_conv.bn.weight:weight_decay=0.0
2026/08/08 21:27:52 - mmengine - INFO - paramwise_options -- neck.bottom_up_blocks.1.final_conv.bn.bias:weight_decay=0.0
2026/08/08 21:27:52 - mmengine - INFO - paramwise_options -- neck.bottom_up_blocks.1.blocks.0.conv1.bn.weight:weight_decay=0.0
2026/08/08 21:27:52 - mmengine - INFO - paramwise_options -- neck.bottom_up_blocks.1.blocks.0.conv1.bn.bias:weight_decay=0.0
2026/08/08 21:27:52 - mmengine - INFO - paramwise_options -- neck.bottom_up_blocks.1.blocks.0.conv2.depthwise_conv.bn.weight:weight_decay=0.0
2026/08/08 21:27:52 - mmengine - INFO - paramwise_options -- neck.bottom_up_blocks.1.blocks.0.conv2.depthwise_conv.bn.bias:weight_decay=0.0
2026/08/08 21:27:52 - mmengine - INFO - paramwise_options -- neck.bottom_up_blocks.1.blocks.0.conv2.pointwise_conv.bn.weight:weight_decay=0.0
2026/08/08 21:27:52 - mmengine - INFO - paramwise_options -- neck.bottom_up_blocks.1.blocks.0.conv2.pointwise_conv.bn.bias:weight_decay=0.0
2026/08/08 21:27:52 - mmengine - INFO - paramwise_options -- neck.out_convs.0.bn.weight:weight_decay=0.0
2026/08/08 21:27:52 - mmengine - INFO - paramwise_options -- neck.out_convs.0.bn.bias:weight_decay=0.0
2026/08/08 21:27:52 - mmengine - INFO - paramwise_options -- neck.out_convs.1.bn.weight:weight_decay=0.0
2026/08/08 21:27:52 - mmengine - INFO - paramwise_options -- neck.out_convs.1.bn.bias:weight_decay=0.0
2026/08/08 21:27:52 - mmengine - INFO - paramwise_options -- neck.out_convs.2.bn.weight:weight_decay=0.0
2026/08/08 21:27:52 - mmengine - INFO - paramwise_options -- neck.out_convs.2.bn.bias:weight_decay=0.0
2026/08/08 21:27:52 - mmengine - INFO - paramwise_options -- bbox_head.cls_convs.0.0.bn.weight:weight_decay=0.0
2026/08/08 21:27:52 - mmengine - INFO - paramwise_options -- bbox_head.cls_convs.0.0.bn.bias:weight_decay=0.0
2026/08/08 21:27:52 - mmengine - INFO - paramwise_options -- bbox_head.cls_convs.0.1.bn.weight:weight_decay=0.0
2026/08/08 21:27:52 - mmengine - INFO - paramwise_options -- bbox_head.cls_convs.0.1.bn.bias:weight_decay=0.0
2026/08/08 21:27:52 - mmengine - WARNING - bbox_head.cls_convs.1.0.conv is duplicate. It is skipped since bypass_duplicate=True
2026/08/08 21:27:52 - mmengine - INFO - paramwise_options -- bbox_head.cls_convs.1.0.bn.weight:weight_decay=0.0
2026/08/08 21:27:52 - mmengine - INFO - paramwise_options -- bbox_head.cls_convs.1.0.bn.bias:weight_decay=0.0
2026/08/08 21:27:52 - mmengine - WARNING - bbox_head.cls_convs.1.1.conv is duplicate. It is skipped since bypass_duplicate=True
2026/08/08 21:27:52 - mmengine - INFO - paramwise_options -- bbox_head.cls_convs.1.1.bn.weight:weight_decay=0.0
2026/08/08 21:27:52 - mmengine - INFO - paramwise_options -- bbox_head.cls_convs.1.1.bn.bias:weight_decay=0.0
2026/08/08 21:27:52 - mmengine - WARNING - bbox_head.cls_convs.2.0.conv is duplicate. It is skipped since bypass_duplicate=True
2026/08/08 21:27:52 - mmengine - INFO - paramwise_options -- bbox_head.cls_convs.2.0.bn.weight:weight_decay=0.0
2026/08/08 21:27:52 - mmengine - INFO - paramwise_options -- bbox_head.cls_convs.2.0.bn.bias:weight_decay=0.0
2026/08/08 21:27:52 - mmengine - WARNING - bbox_head.cls_convs.2.1.conv is duplicate. It is skipped since bypass_duplicate=True
2026/08/08 21:27:52 - mmengine - INFO - paramwise_options -- bbox_head.cls_convs.2.1.bn.weight:weight_decay=0.0
2026/08/08 21:27:52 - mmengine - INFO - paramwise_options -- bbox_head.cls_convs.2.1.bn.bias:weight_decay=0.0
2026/08/08 21:27:52 - mmengine - WARNING - bbox_head.reg_convs.0.0.conv is duplicate. It is skipped since bypass_duplicate=True
2026/08/08 21:27:52 - mmengine - WARNING - bbox_head.reg_convs.0.0.bn is duplicate. It is skipped since bypass_duplicate=True
2026/08/08 21:27:52 - mmengine - WARNING - bbox_head.reg_convs.0.1.conv is duplicate. It is skipped since bypass_duplicate=True
2026/08/08 21:27:52 - mmengine - WARNING - bbox_head.reg_convs.0.1.bn is duplicate. It is skipped since bypass_duplicate=True
2026/08/08 21:27:52 - mmengine - WARNING - bbox_head.reg_convs.1.0.conv is duplicate. It is skipped since bypass_duplicate=True
2026/08/08 21:27:52 - mmengine - WARNING - bbox_head.reg_convs.1.0.bn is duplicate. It is skipped since bypass_duplicate=True
2026/08/08 21:27:52 - mmengine - WARNING - bbox_head.reg_convs.1.1.conv is duplicate. It is skipped since bypass_duplicate=True
2026/08/08 21:27:52 - mmengine - WARNING - bbox_head.reg_convs.1.1.bn is duplicate. It is skipped since bypass_duplicate=True
2026/08/08 21:27:52 - mmengine - WARNING - bbox_head.reg_convs.2.0.conv is duplicate. It is skipped since bypass_duplicate=True
2026/08/08 21:27:52 - mmengine - WARNING - bbox_head.reg_convs.2.0.bn is duplicate. It is skipped since bypass_duplicate=True
2026/08/08 21:27:52 - mmengine - WARNING - bbox_head.reg_convs.2.1.conv is duplicate. It is skipped since bypass_duplicate=True
2026/08/08 21:27:52 - mmengine - WARNING - bbox_head.reg_convs.2.1.bn is duplicate. It is skipped since bypass_duplicate=True
2026/08/08 21:27:52 - mmengine - INFO - paramwise_options -- bbox_head.kernel_convs.0.0.bn.weight:weight_decay=0.0
2026/08/08 21:27:52 - mmengine - INFO - paramwise_options -- bbox_head.kernel_convs.0.0.bn.bias:weight_decay=0.0
2026/08/08 21:27:52 - mmengine - INFO - paramwise_options -- bbox_head.kernel_convs.0.1.bn.weight:weight_decay=0.0
2026/08/08 21:27:52 - mmengine - INFO - paramwise_options -- bbox_head.kernel_convs.0.1.bn.bias:weight_decay=0.0
2026/08/08 21:27:52 - mmengine - INFO - paramwise_options -- bbox_head.kernel_convs.1.0.bn.weight:weight_decay=0.0
2026/08/08 21:27:52 - mmengine - INFO - paramwise_options -- bbox_head.kernel_convs.1.0.bn.bias:weight_decay=0.0
2026/08/08 21:27:52 - mmengine - INFO - paramwise_options -- bbox_head.kernel_convs.1.1.bn.weight:weight_decay=0.0
2026/08/08 21:27:52 - mmengine - INFO - paramwise_options -- bbox_head.kernel_convs.1.1.bn.bias:weight_decay=0.0
2026/08/08 21:27:52 - mmengine - INFO - paramwise_options -- bbox_head.kernel_convs.2.0.bn.weight:weight_decay=0.0
2026/08/08 21:27:52 - mmengine - INFO - paramwise_options -- bbox_head.kernel_convs.2.0.bn.bias:weight_decay=0.0
2026/08/08 21:27:52 - mmengine - INFO - paramwise_options -- bbox_head.kernel_convs.2.1.bn.weight:weight_decay=0.0
2026/08/08 21:27:52 - mmengine - INFO - paramwise_options -- bbox_head.kernel_convs.2.1.bn.bias:weight_decay=0.0
2026/08/08 21:27:52 - mmengine - INFO - paramwise_options -- bbox_head.rtm_cls.0.bias:weight_decay=0.0
2026/08/08 21:27:52 - mmengine - INFO - paramwise_options -- bbox_head.rtm_cls.1.bias:weight_decay=0.0
2026/08/08 21:27:52 - mmengine - INFO - paramwise_options -- bbox_head.rtm_cls.2.bias:weight_decay=0.0
2026/08/08 21:27:52 - mmengine - INFO - paramwise_options -- bbox_head.rtm_reg.0.bias:weight_decay=0.0
2026/08/08 21:27:52 - mmengine - INFO - paramwise_options -- bbox_head.rtm_reg.1.bias:weight_decay=0.0
2026/08/08 21:27:52 - mmengine - INFO - paramwise_options -- bbox_head.rtm_reg.2.bias:weight_decay=0.0
2026/08/08 21:27:52 - mmengine - INFO - paramwise_options -- bbox_head.rtm_kernel.0.bias:weight_decay=0.0
2026/08/08 21:27:52 - mmengine - INFO - paramwise_options -- bbox_head.rtm_kernel.1.bias:weight_decay=0.0
2026/08/08 21:27:52 - mmengine - INFO - paramwise_options -- bbox_head.rtm_kernel.2.bias:weight_decay=0.0
2026/08/08 21:27:52 - mmengine - INFO - paramwise_options -- bbox_head.mask_head.fusion_conv.bias:weight_decay=0.0
2026/08/08 21:27:52 - mmengine - INFO - paramwise_options -- bbox_head.mask_head.stacked_convs.0.bn.weight:weight_decay=0.0
2026/08/08 21:27:52 - mmengine - INFO - paramwise_options -- bbox_head.mask_head.stacked_convs.0.bn.bias:weight_decay=0.0
2026/08/08 21:27:52 - mmengine - INFO - paramwise_options -- bbox_head.mask_head.stacked_convs.1.bn.weight:weight_decay=0.0
2026/08/08 21:27:52 - mmengine - INFO - paramwise_options -- bbox_head.mask_head.stacked_convs.1.bn.bias:weight_decay=0.0
2026/08/08 21:27:52 - mmengine - INFO - paramwise_options -- bbox_head.mask_head.stacked_convs.2.bn.weight:weight_decay=0.0
2026/08/08 21:27:52 - mmengine - INFO - paramwise_options -- bbox_head.mask_head.stacked_convs.2.bn.bias:weight_decay=0.0
2026/08/08 21:27:52 - mmengine - INFO - paramwise_options -- bbox_head.mask_head.stacked_convs.3.bn.weight:weight_decay=0.0
2026/08/08 21:27:52 - mmengine - INFO - paramwise_options -- bbox_head.mask_head.stacked_convs.3.bn.bias:weight_decay=0.0
2026/08/08 21:27:52 - mmengine - INFO - paramwise_options -- bbox_head.mask_head.projection.bias:weight_decay=0.0
2026/08/08 21:27:54 - mmengine - INFO - load backbone. in model from: https://download.openmmlab.com/mmdetection/v3.0/rtmdet/cspnext_rsb_pretrain/cspnext-tiny_imagenet_600e.pth
Name of parameter - Initialization information

backbone.stem.0.conv.weight - torch.Size([12, 3, 3, 3]): 
PretrainedInit: load from https://download.openmmlab.com/mmdetection/v3.0/rtmdet/cspnext_rsb_pretrain/cspnext-tiny_imagenet_600e.pth 

backbone.stem.0.bn.weight - torch.Size([12]): 
PretrainedInit: load from https://download.openmmlab.com/mmdetection/v3.0/rtmdet/cspnext_rsb_pretrain/cspnext-tiny_imagenet_600e.pth 

backbone.stem.0.bn.bias - torch.Size([12]): 
PretrainedInit: load from https://download.openmmlab.com/mmdetection/v3.0/rtmdet/cspnext_rsb_pretrain/cspnext-tiny_imagenet_600e.pth 

backbone.stem.1.conv.weight - torch.Size([12, 12, 3, 3]): 
PretrainedInit: load from https://download.openmmlab.com/mmdetection/v3.0/rtmdet/cspnext_rsb_pretrain/cspnext-tiny_imagenet_600e.pth 

backbone.stem.1.bn.weight - torch.Size([12]): 
PretrainedInit: load from https://download.openmmlab.com/mmdetection/v3.0/rtmdet/cspnext_rsb_pretrain/cspnext-tiny_imagenet_600e.pth 

backbone.stem.1.bn.bias - torch.Size([12]): 
PretrainedInit: load from https://download.openmmlab.com/mmdetection/v3.0/rtmdet/cspnext_rsb_pretrain/cspnext-tiny_imagenet_600e.pth 

backbone.stem.2.conv.weight - torch.Size([24, 12, 3, 3]): 
PretrainedInit: load from https://download.openmmlab.com/mmdetection/v3.0/rtmdet/cspnext_rsb_pretrain/cspnext-tiny_imagenet_600e.pth 

backbone.stem.2.bn.weight - torch.Size([24]): 
PretrainedInit: load from https://download.openmmlab.com/mmdetection/v3.0/rtmdet/cspnext_rsb_pretrain/cspnext-tiny_imagenet_600e.pth 

backbone.stem.2.bn.bias - torch.Size([24]): 
PretrainedInit: load from https://download.openmmlab.com/mmdetection/v3.0/rtmdet/cspnext_rsb_pretrain/cspnext-tiny_imagenet_600e.pth 

backbone.stage1.0.conv.weight - torch.Size([48, 24, 3, 3]): 
PretrainedInit: load from https://download.openmmlab.com/mmdetection/v3.0/rtmdet/cspnext_rsb_pretrain/cspnext-tiny_imagenet_600e.pth 

backbone.stage1.0.bn.weight - torch.Size([48]): 
PretrainedInit: load from https://download.openmmlab.com/mmdetection/v3.0/rtmdet/cspnext_rsb_pretrain/cspnext-tiny_imagenet_600e.pth 

backbone.stage1.0.bn.bias - torch.Size([48]): 
PretrainedInit: load from https://download.openmmlab.com/mmdetection/v3.0/rtmdet/cspnext_rsb_pretrain/cspnext-tiny_imagenet_600e.pth 

backbone.stage1.1.main_conv.conv.weight - torch.Size([24, 48, 1, 1]): 
PretrainedInit: load from https://download.openmmlab.com/mmdetection/v3.0/rtmdet/cspnext_rsb_pretrain/cspnext-tiny_imagenet_600e.pth 

backbone.stage1.1.main_conv.bn.weight - torch.Size([24]): 
PretrainedInit: load from https://download.openmmlab.com/mmdetection/v3.0/rtmdet/cspnext_rsb_pretrain/cspnext-tiny_imagenet_600e.pth 

backbone.stage1.1.main_conv.bn.bias - torch.Size([24]): 
PretrainedInit: load from https://download.openmmlab.com/mmdetection/v3.0/rtmdet/cspnext_rsb_pretrain/cspnext-tiny_imagenet_600e.pth 

backbone.stage1.1.short_conv.conv.weight - torch.Size([24, 48, 1, 1]): 
PretrainedInit: load from https://download.openmmlab.com/mmdetection/v3.0/rtmdet/cspnext_rsb_pretrain/cspnext-tiny_imagenet_600e.pth 

backbone.stage1.1.short_conv.bn.weight - torch.Size([24]): 
PretrainedInit: load from https://download.openmmlab.com/mmdetection/v3.0/rtmdet/cspnext_rsb_pretrain/cspnext-tiny_imagenet_600e.pth 

backbone.stage1.1.short_conv.bn.bias - torch.Size([24]): 
PretrainedInit: load from https://download.openmmlab.com/mmdetection/v3.0/rtmdet/cspnext_rsb_pretrain/cspnext-tiny_imagenet_600e.pth 

backbone.stage1.1.final_conv.conv.weight - torch.Size([48, 48, 1, 1]): 
PretrainedInit: load from https://download.openmmlab.com/mmdetection/v3.0/rtmdet/cspnext_rsb_pretrain/cspnext-tiny_imagenet_600e.pth 

backbone.stage1.1.final_conv.bn.weight - torch.Size([48]): 
PretrainedInit: load from https://download.openmmlab.com/mmdetection/v3.0/rtmdet/cspnext_rsb_pretrain/cspnext-tiny_imagenet_600e.pth 

backbone.stage1.1.final_conv.bn.bias - torch.Size([48]): 
PretrainedInit: load from https://download.openmmlab.com/mmdetection/v3.0/rtmdet/cspnext_rsb_pretrain/cspnext-tiny_imagenet_600e.pth 

backbone.stage1.1.blocks.0.conv1.conv.weight - torch.Size([24, 24, 3, 3]): 
PretrainedInit: load from https://download.openmmlab.com/mmdetection/v3.0/rtmdet/cspnext_rsb_pretrain/cspnext-tiny_imagenet_600e.pth 

backbone.stage1.1.blocks.0.conv1.bn.weight - torch.Size([24]): 
PretrainedInit: load from https://download.openmmlab.com/mmdetection/v3.0/rtmdet/cspnext_rsb_pretrain/cspnext-tiny_imagenet_600e.pth 

backbone.stage1.1.blocks.0.conv1.bn.bias - torch.Size([24]): 
PretrainedInit: load from https://download.openmmlab.com/mmdetection/v3.0/rtmdet/cspnext_rsb_pretrain/cspnext-tiny_imagenet_600e.pth 

backbone.stage1.1.blocks.0.conv2.depthwise_conv.conv.weight - torch.Size([24, 1, 5, 5]): 
PretrainedInit: load from https://download.openmmlab.com/mmdetection/v3.0/rtmdet/cspnext_rsb_pretrain/cspnext-tiny_imagenet_600e.pth 

backbone.stage1.1.blocks.0.conv2.depthwise_conv.bn.weight - torch.Size([24]): 
PretrainedInit: load from https://download.openmmlab.com/mmdetection/v3.0/rtmdet/cspnext_rsb_pretrain/cspnext-tiny_imagenet_600e.pth 

backbone.stage1.1.blocks.0.conv2.depthwise_conv.bn.bias - torch.Size([24]): 
PretrainedInit: load from https://download.openmmlab.com/mmdetection/v3.0/rtmdet/cspnext_rsb_pretrain/cspnext-tiny_imagenet_600e.pth 

backbone.stage1.1.blocks.0.conv2.pointwise_conv.conv.weight - torch.Size([24, 24, 1, 1]): 
PretrainedInit: load from https://download.openmmlab.com/mmdetection/v3.0/rtmdet/cspnext_rsb_pretrain/cspnext-tiny_imagenet_600e.pth 

backbone.stage1.1.blocks.0.conv2.pointwise_conv.bn.weight - torch.Size([24]): 
PretrainedInit: load from https://download.openmmlab.com/mmdetection/v3.0/rtmdet/cspnext_rsb_pretrain/cspnext-tiny_imagenet_600e.pth 

backbone.stage1.1.blocks.0.conv2.pointwise_conv.bn.bias - torch.Size([24]): 
PretrainedInit: load from https://download.openmmlab.com/mmdetection/v3.0/rtmdet/cspnext_rsb_pretrain/cspnext-tiny_imagenet_600e.pth 

backbone.stage1.1.attention.fc.weight - torch.Size([48, 48, 1, 1]): 
PretrainedInit: load from https://download.openmmlab.com/mmdetection/v3.0/rtmdet/cspnext_rsb_pretrain/cspnext-tiny_imagenet_600e.pth 

backbone.stage1.1.attention.fc.bias - torch.Size([48]): 
PretrainedInit: load from https://download.openmmlab.com/mmdetection/v3.0/rtmdet/cspnext_rsb_pretrain/cspnext-tiny_imagenet_600e.pth 

backbone.stage2.0.conv.weight - torch.Size([96, 48, 3, 3]): 
PretrainedInit: load from https://download.openmmlab.com/mmdetection/v3.0/rtmdet/cspnext_rsb_pretrain/cspnext-tiny_imagenet_600e.pth 

backbone.stage2.0.bn.weight - torch.Size([96]): 
PretrainedInit: load from https://download.openmmlab.com/mmdetection/v3.0/rtmdet/cspnext_rsb_pretrain/cspnext-tiny_imagenet_600e.pth 

backbone.stage2.0.bn.bias - torch.Size([96]): 
PretrainedInit: load from https://download.openmmlab.com/mmdetection/v3.0/rtmdet/cspnext_rsb_pretrain/cspnext-tiny_imagenet_600e.pth 

backbone.stage2.1.main_conv.conv.weight - torch.Size([48, 96, 1, 1]): 
PretrainedInit: load from https://download.openmmlab.com/mmdetection/v3.0/rtmdet/cspnext_rsb_pretrain/cspnext-tiny_imagenet_600e.pth 

backbone.stage2.1.main_conv.bn.weight - torch.Size([48]): 
PretrainedInit: load from https://download.openmmlab.com/mmdetection/v3.0/rtmdet/cspnext_rsb_pretrain/cspnext-tiny_imagenet_600e.pth 

backbone.stage2.1.main_conv.bn.bias - torch.Size([48]): 
PretrainedInit: load from https://download.openmmlab.com/mmdetection/v3.0/rtmdet/cspnext_rsb_pretrain/cspnext-tiny_imagenet_600e.pth 

backbone.stage2.1.short_conv.conv.weight - torch.Size([48, 96, 1, 1]): 
PretrainedInit: load from https://download.openmmlab.com/mmdetection/v3.0/rtmdet/cspnext_rsb_pretrain/cspnext-tiny_imagenet_600e.pth 

backbone.stage2.1.short_conv.bn.weight - torch.Size([48]): 
PretrainedInit: load from https://download.openmmlab.com/mmdetection/v3.0/rtmdet/cspnext_rsb_pretrain/cspnext-tiny_imagenet_600e.pth 

backbone.stage2.1.short_conv.bn.bias - torch.Size([48]): 
PretrainedInit: load from https://download.openmmlab.com/mmdetection/v3.0/rtmdet/cspnext_rsb_pretrain/cspnext-tiny_imagenet_600e.pth 

backbone.stage2.1.final_conv.conv.weight - torch.Size([96, 96, 1, 1]): 
PretrainedInit: load from https://download.openmmlab.com/mmdetection/v3.0/rtmdet/cspnext_rsb_pretrain/cspnext-tiny_imagenet_600e.pth 

backbone.stage2.1.final_conv.bn.weight - torch.Size([96]): 
PretrainedInit: load from https://download.openmmlab.com/mmdetection/v3.0/rtmdet/cspnext_rsb_pretrain/cspnext-tiny_imagenet_600e.pth 

backbone.stage2.1.final_conv.bn.bias - torch.Size([96]): 
PretrainedInit: load from https://download.openmmlab.com/mmdetection/v3.0/rtmdet/cspnext_rsb_pretrain/cspnext-tiny_imagenet_600e.pth 

backbone.stage2.1.blocks.0.conv1.conv.weight - torch.Size([48, 48, 3, 3]): 
PretrainedInit: load from https://download.openmmlab.com/mmdetection/v3.0/rtmdet/cspnext_rsb_pretrain/cspnext-tiny_imagenet_600e.pth 

backbone.stage2.1.blocks.0.conv1.bn.weight - torch.Size([48]): 
PretrainedInit: load from https://download.openmmlab.com/mmdetection/v3.0/rtmdet/cspnext_rsb_pretrain/cspnext-tiny_imagenet_600e.pth 

backbone.stage2.1.blocks.0.conv1.bn.bias - torch.Size([48]): 
PretrainedInit: load from https://download.openmmlab.com/mmdetection/v3.0/rtmdet/cspnext_rsb_pretrain/cspnext-tiny_imagenet_600e.pth 

backbone.stage2.1.blocks.0.conv2.depthwise_conv.conv.weight - torch.Size([48, 1, 5, 5]): 
PretrainedInit: load from https://download.openmmlab.com/mmdetection/v3.0/rtmdet/cspnext_rsb_pretrain/cspnext-tiny_imagenet_600e.pth 

backbone.stage2.1.blocks.0.conv2.depthwise_conv.bn.weight - torch.Size([48]): 
PretrainedInit: load from https://download.openmmlab.com/mmdetection/v3.0/rtmdet/cspnext_rsb_pretrain/cspnext-tiny_imagenet_600e.pth 

backbone.stage2.1.blocks.0.conv2.depthwise_conv.bn.bias - torch.Size([48]): 
PretrainedInit: load from https://download.openmmlab.com/mmdetection/v3.0/rtmdet/cspnext_rsb_pretrain/cspnext-tiny_imagenet_600e.pth 

backbone.stage2.1.blocks.0.conv2.pointwise_conv.conv.weight - torch.Size([48, 48, 1, 1]): 
PretrainedInit: load from https://download.openmmlab.com/mmdetection/v3.0/rtmdet/cspnext_rsb_pretrain/cspnext-tiny_imagenet_600e.pth 

backbone.stage2.1.blocks.0.conv2.pointwise_conv.bn.weight - torch.Size([48]): 
PretrainedInit: load from https://download.openmmlab.com/mmdetection/v3.0/rtmdet/cspnext_rsb_pretrain/cspnext-tiny_imagenet_600e.pth 

backbone.stage2.1.blocks.0.conv2.pointwise_conv.bn.bias - torch.Size([48]): 
PretrainedInit: load from https://download.openmmlab.com/mmdetection/v3.0/rtmdet/cspnext_rsb_pretrain/cspnext-tiny_imagenet_600e.pth 

backbone.stage2.1.attention.fc.weight - torch.Size([96, 96, 1, 1]): 
PretrainedInit: load from https://download.openmmlab.com/mmdetection/v3.0/rtmdet/cspnext_rsb_pretrain/cspnext-tiny_imagenet_600e.pth 

backbone.stage2.1.attention.fc.bias - torch.Size([96]): 
PretrainedInit: load from https://download.openmmlab.com/mmdetection/v3.0/rtmdet/cspnext_rsb_pretrain/cspnext-tiny_imagenet_600e.pth 

backbone.stage3.0.conv.weight - torch.Size([192, 96, 3, 3]): 
PretrainedInit: load from https://download.openmmlab.com/mmdetection/v3.0/rtmdet/cspnext_rsb_pretrain/cspnext-tiny_imagenet_600e.pth 

backbone.stage3.0.bn.weight - torch.Size([192]): 
PretrainedInit: load from https://download.openmmlab.com/mmdetection/v3.0/rtmdet/cspnext_rsb_pretrain/cspnext-tiny_imagenet_600e.pth 

backbone.stage3.0.bn.bias - torch.Size([192]): 
PretrainedInit: load from https://download.openmmlab.com/mmdetection/v3.0/rtmdet/cspnext_rsb_pretrain/cspnext-tiny_imagenet_600e.pth 

backbone.stage3.1.main_conv.conv.weight - torch.Size([96, 192, 1, 1]): 
PretrainedInit: load from https://download.openmmlab.com/mmdetection/v3.0/rtmdet/cspnext_rsb_pretrain/cspnext-tiny_imagenet_600e.pth 

backbone.stage3.1.main_conv.bn.weight - torch.Size([96]): 
PretrainedInit: load from https://download.openmmlab.com/mmdetection/v3.0/rtmdet/cspnext_rsb_pretrain/cspnext-tiny_imagenet_600e.pth 

backbone.stage3.1.main_conv.bn.bias - torch.Size([96]): 
PretrainedInit: load from https://download.openmmlab.com/mmdetection/v3.0/rtmdet/cspnext_rsb_pretrain/cspnext-tiny_imagenet_600e.pth 

backbone.stage3.1.short_conv.conv.weight - torch.Size([96, 192, 1, 1]): 
PretrainedInit: load from https://download.openmmlab.com/mmdetection/v3.0/rtmdet/cspnext_rsb_pretrain/cspnext-tiny_imagenet_600e.pth 

backbone.stage3.1.short_conv.bn.weight - torch.Size([96]): 
PretrainedInit: load from https://download.openmmlab.com/mmdetection/v3.0/rtmdet/cspnext_rsb_pretrain/cspnext-tiny_imagenet_600e.pth 

backbone.stage3.1.short_conv.bn.bias - torch.Size([96]): 
PretrainedInit: load from https://download.openmmlab.com/mmdetection/v3.0/rtmdet/cspnext_rsb_pretrain/cspnext-tiny_imagenet_600e.pth 

backbone.stage3.1.final_conv.conv.weight - torch.Size([192, 192, 1, 1]): 
PretrainedInit: load from https://download.openmmlab.com/mmdetection/v3.0/rtmdet/cspnext_rsb_pretrain/cspnext-tiny_imagenet_600e.pth 

backbone.stage3.1.final_conv.bn.weight - torch.Size([192]): 
PretrainedInit: load from https://download.openmmlab.com/mmdetection/v3.0/rtmdet/cspnext_rsb_pretrain/cspnext-tiny_imagenet_600e.pth 

backbone.stage3.1.final_conv.bn.bias - torch.Size([192]): 
PretrainedInit: load from https://download.openmmlab.com/mmdetection/v3.0/rtmdet/cspnext_rsb_pretrain/cspnext-tiny_imagenet_600e.pth 

backbone.stage3.1.blocks.0.conv1.conv.weight - torch.Size([96, 96, 3, 3]): 
PretrainedInit: load from https://download.openmmlab.com/mmdetection/v3.0/rtmdet/cspnext_rsb_pretrain/cspnext-tiny_imagenet_600e.pth 

backbone.stage3.1.blocks.0.conv1.bn.weight - torch.Size([96]): 
PretrainedInit: load from https://download.openmmlab.com/mmdetection/v3.0/rtmdet/cspnext_rsb_pretrain/cspnext-tiny_imagenet_600e.pth 

backbone.stage3.1.blocks.0.conv1.bn.bias - torch.Size([96]): 
PretrainedInit: load from https://download.openmmlab.com/mmdetection/v3.0/rtmdet/cspnext_rsb_pretrain/cspnext-tiny_imagenet_600e.pth 

backbone.stage3.1.blocks.0.conv2.depthwise_conv.conv.weight - torch.Size([96, 1, 5, 5]): 
PretrainedInit: load from https://download.openmmlab.com/mmdetection/v3.0/rtmdet/cspnext_rsb_pretrain/cspnext-tiny_imagenet_600e.pth 

backbone.stage3.1.blocks.0.conv2.depthwise_conv.bn.weight - torch.Size([96]): 
PretrainedInit: load from https://download.openmmlab.com/mmdetection/v3.0/rtmdet/cspnext_rsb_pretrain/cspnext-tiny_imagenet_600e.pth 

backbone.stage3.1.blocks.0.conv2.depthwise_conv.bn.bias - torch.Size([96]): 
PretrainedInit: load from https://download.openmmlab.com/mmdetection/v3.0/rtmdet/cspnext_rsb_pretrain/cspnext-tiny_imagenet_600e.pth 

backbone.stage3.1.blocks.0.conv2.pointwise_conv.conv.weight - torch.Size([96, 96, 1, 1]): 
PretrainedInit: load from https://download.openmmlab.com/mmdetection/v3.0/rtmdet/cspnext_rsb_pretrain/cspnext-tiny_imagenet_600e.pth 

backbone.stage3.1.blocks.0.conv2.pointwise_conv.bn.weight - torch.Size([96]): 
PretrainedInit: load from https://download.openmmlab.com/mmdetection/v3.0/rtmdet/cspnext_rsb_pretrain/cspnext-tiny_imagenet_600e.pth 

backbone.stage3.1.blocks.0.conv2.pointwise_conv.bn.bias - torch.Size([96]): 
PretrainedInit: load from https://download.openmmlab.com/mmdetection/v3.0/rtmdet/cspnext_rsb_pretrain/cspnext-tiny_imagenet_600e.pth 

backbone.stage3.1.attention.fc.weight - torch.Size([192, 192, 1, 1]): 
PretrainedInit: load from https://download.openmmlab.com/mmdetection/v3.0/rtmdet/cspnext_rsb_pretrain/cspnext-tiny_imagenet_600e.pth 

backbone.stage3.1.attention.fc.bias - torch.Size([192]): 
PretrainedInit: load from https://download.openmmlab.com/mmdetection/v3.0/rtmdet/cspnext_rsb_pretrain/cspnext-tiny_imagenet_600e.pth 

backbone.stage4.0.conv.weight - torch.Size([384, 192, 3, 3]): 
PretrainedInit: load from https://download.openmmlab.com/mmdetection/v3.0/rtmdet/cspnext_rsb_pretrain/cspnext-tiny_imagenet_600e.pth 

backbone.stage4.0.bn.weight - torch.Size([384]): 
PretrainedInit: load from https://download.openmmlab.com/mmdetection/v3.0/rtmdet/cspnext_rsb_pretrain/cspnext-tiny_imagenet_600e.pth 

backbone.stage4.0.bn.bias - torch.Size([384]): 
PretrainedInit: load from https://download.openmmlab.com/mmdetection/v3.0/rtmdet/cspnext_rsb_pretrain/cspnext-tiny_imagenet_600e.pth 

backbone.stage4.1.conv1.conv.weight - torch.Size([192, 384, 1, 1]): 
PretrainedInit: load from https://download.openmmlab.com/mmdetection/v3.0/rtmdet/cspnext_rsb_pretrain/cspnext-tiny_imagenet_600e.pth 

backbone.stage4.1.conv1.bn.weight - torch.Size([192]): 
PretrainedInit: load from https://download.openmmlab.com/mmdetection/v3.0/rtmdet/cspnext_rsb_pretrain/cspnext-tiny_imagenet_600e.pth 

backbone.stage4.1.conv1.bn.bias - torch.Size([192]): 
PretrainedInit: load from https://download.openmmlab.com/mmdetection/v3.0/rtmdet/cspnext_rsb_pretrain/cspnext-tiny_imagenet_600e.pth 

backbone.stage4.1.conv2.conv.weight - torch.Size([384, 768, 1, 1]): 
PretrainedInit: load from https://download.openmmlab.com/mmdetection/v3.0/rtmdet/cspnext_rsb_pretrain/cspnext-tiny_imagenet_600e.pth 

backbone.stage4.1.conv2.bn.weight - torch.Size([384]): 
PretrainedInit: load from https://download.openmmlab.com/mmdetection/v3.0/rtmdet/cspnext_rsb_pretrain/cspnext-tiny_imagenet_600e.pth 

backbone.stage4.1.conv2.bn.bias - torch.Size([384]): 
PretrainedInit: load from https://download.openmmlab.com/mmdetection/v3.0/rtmdet/cspnext_rsb_pretrain/cspnext-tiny_imagenet_600e.pth 

backbone.stage4.2.main_conv.conv.weight - torch.Size([192, 384, 1, 1]): 
PretrainedInit: load from https://download.openmmlab.com/mmdetection/v3.0/rtmdet/cspnext_rsb_pretrain/cspnext-tiny_imagenet_600e.pth 

backbone.stage4.2.main_conv.bn.weight - torch.Size([192]): 
PretrainedInit: load from https://download.openmmlab.com/mmdetection/v3.0/rtmdet/cspnext_rsb_pretrain/cspnext-tiny_imagenet_600e.pth 

backbone.stage4.2.main_conv.bn.bias - torch.Size([192]): 
PretrainedInit: load from https://download.openmmlab.com/mmdetection/v3.0/rtmdet/cspnext_rsb_pretrain/cspnext-tiny_imagenet_600e.pth 

backbone.stage4.2.short_conv.conv.weight - torch.Size([192, 384, 1, 1]): 
PretrainedInit: load from https://download.openmmlab.com/mmdetection/v3.0/rtmdet/cspnext_rsb_pretrain/cspnext-tiny_imagenet_600e.pth 

backbone.stage4.2.short_conv.bn.weight - torch.Size([192]): 
PretrainedInit: load from https://download.openmmlab.com/mmdetection/v3.0/rtmdet/cspnext_rsb_pretrain/cspnext-tiny_imagenet_600e.pth 

backbone.stage4.2.short_conv.bn.bias - torch.Size([192]): 
PretrainedInit: load from https://download.openmmlab.com/mmdetection/v3.0/rtmdet/cspnext_rsb_pretrain/cspnext-tiny_imagenet_600e.pth 

backbone.stage4.2.final_conv.conv.weight - torch.Size([384, 384, 1, 1]): 
PretrainedInit: load from https://download.openmmlab.com/mmdetection/v3.0/rtmdet/cspnext_rsb_pretrain/cspnext-tiny_imagenet_600e.pth 

backbone.stage4.2.final_conv.bn.weight - torch.Size([384]): 
PretrainedInit: load from https://download.openmmlab.com/mmdetection/v3.0/rtmdet/cspnext_rsb_pretrain/cspnext-tiny_imagenet_600e.pth 

backbone.stage4.2.final_conv.bn.bias - torch.Size([384]): 
PretrainedInit: load from https://download.openmmlab.com/mmdetection/v3.0/rtmdet/cspnext_rsb_pretrain/cspnext-tiny_imagenet_600e.pth 

backbone.stage4.2.blocks.0.conv1.conv.weight - torch.Size([192, 192, 3, 3]): 
PretrainedInit: load from https://download.openmmlab.com/mmdetection/v3.0/rtmdet/cspnext_rsb_pretrain/cspnext-tiny_imagenet_600e.pth 

backbone.stage4.2.blocks.0.conv1.bn.weight - torch.Size([192]): 
PretrainedInit: load from https://download.openmmlab.com/mmdetection/v3.0/rtmdet/cspnext_rsb_pretrain/cspnext-tiny_imagenet_600e.pth 

backbone.stage4.2.blocks.0.conv1.bn.bias - torch.Size([192]): 
PretrainedInit: load from https://download.openmmlab.com/mmdetection/v3.0/rtmdet/cspnext_rsb_pretrain/cspnext-tiny_imagenet_600e.pth 

backbone.stage4.2.blocks.0.conv2.depthwise_conv.conv.weight - torch.Size([192, 1, 5, 5]): 
PretrainedInit: load from https://download.openmmlab.com/mmdetection/v3.0/rtmdet/cspnext_rsb_pretrain/cspnext-tiny_imagenet_600e.pth 

backbone.stage4.2.blocks.0.conv2.depthwise_conv.bn.weight - torch.Size([192]): 
PretrainedInit: load from https://download.openmmlab.com/mmdetection/v3.0/rtmdet/cspnext_rsb_pretrain/cspnext-tiny_imagenet_600e.pth 

backbone.stage4.2.blocks.0.conv2.depthwise_conv.bn.bias - torch.Size([192]): 
PretrainedInit: load from https://download.openmmlab.com/mmdetection/v3.0/rtmdet/cspnext_rsb_pretrain/cspnext-tiny_imagenet_600e.pth 

backbone.stage4.2.blocks.0.conv2.pointwise_conv.conv.weight - torch.Size([192, 192, 1, 1]): 
PretrainedInit: load from https://download.openmmlab.com/mmdetection/v3.0/rtmdet/cspnext_rsb_pretrain/cspnext-tiny_imagenet_600e.pth 

backbone.stage4.2.blocks.0.conv2.pointwise_conv.bn.weight - torch.Size([192]): 
PretrainedInit: load from https://download.openmmlab.com/mmdetection/v3.0/rtmdet/cspnext_rsb_pretrain/cspnext-tiny_imagenet_600e.pth 

backbone.stage4.2.blocks.0.conv2.pointwise_conv.bn.bias - torch.Size([192]): 
PretrainedInit: load from https://download.openmmlab.com/mmdetection/v3.0/rtmdet/cspnext_rsb_pretrain/cspnext-tiny_imagenet_600e.pth 

backbone.stage4.2.attention.fc.weight - torch.Size([384, 384, 1, 1]): 
PretrainedInit: load from https://download.openmmlab.com/mmdetection/v3.0/rtmdet/cspnext_rsb_pretrain/cspnext-tiny_imagenet_600e.pth 

backbone.stage4.2.attention.fc.bias - torch.Size([384]): 
PretrainedInit: load from https://download.openmmlab.com/mmdetection/v3.0/rtmdet/cspnext_rsb_pretrain/cspnext-tiny_imagenet_600e.pth 

neck.reduce_layers.0.conv.weight - torch.Size([192, 384, 1, 1]): 
KaimingInit: a=2.23606797749979, mode=fan_in, nonlinearity=leaky_relu, distribution =uniform, bias=0 

neck.reduce_layers.0.bn.weight - torch.Size([192]): 
The value is the same before and after calling `init_weights` of RTMDet  

neck.reduce_layers.0.bn.bias - torch.Size([192]): 
The value is the same before and after calling `init_weights` of RTMDet  

neck.reduce_layers.1.conv.weight - torch.Size([96, 192, 1, 1]): 
KaimingInit: a=2.23606797749979, mode=fan_in, nonlinearity=leaky_relu, distribution =uniform, bias=0 

neck.reduce_layers.1.bn.weight - torch.Size([96]): 
The value is the same before and after calling `init_weights` of RTMDet  

neck.reduce_layers.1.bn.bias - torch.Size([96]): 
The value is the same before and after calling `init_weights` of RTMDet  

neck.top_down_blocks.0.main_conv.conv.weight - torch.Size([96, 384, 1, 1]): 
KaimingInit: a=2.23606797749979, mode=fan_in, nonlinearity=leaky_relu, distribution =uniform, bias=0 

neck.top_down_blocks.0.main_conv.bn.weight - torch.Size([96]): 
The value is the same before and after calling `init_weights` of RTMDet  

neck.top_down_blocks.0.main_conv.bn.bias - torch.Size([96]): 
The value is the same before and after calling `init_weights` of RTMDet  

neck.top_down_blocks.0.short_conv.conv.weight - torch.Size([96, 384, 1, 1]): 
KaimingInit: a=2.23606797749979, mode=fan_in, nonlinearity=leaky_relu, distribution =uniform, bias=0 

neck.top_down_blocks.0.short_conv.bn.weight - torch.Size([96]): 
The value is the same before and after calling `init_weights` of RTMDet  

neck.top_down_blocks.0.short_conv.bn.bias - torch.Size([96]): 
The value is the same before and after calling `init_weights` of RTMDet  

neck.top_down_blocks.0.final_conv.conv.weight - torch.Size([192, 192, 1, 1]): 
KaimingInit: a=2.23606797749979, mode=fan_in, nonlinearity=leaky_relu, distribution =uniform, bias=0 

neck.top_down_blocks.0.final_conv.bn.weight - torch.Size([192]): 
The value is the same before and after calling `init_weights` of RTMDet  

neck.top_down_blocks.0.final_conv.bn.bias - torch.Size([192]): 
The value is the same before and after calling `init_weights` of RTMDet  

neck.top_down_blocks.0.blocks.0.conv1.conv.weight - torch.Size([96, 96, 3, 3]): 
KaimingInit: a=2.23606797749979, mode=fan_in, nonlinearity=leaky_relu, distribution =uniform, bias=0 

neck.top_down_blocks.0.blocks.0.conv1.bn.weight - torch.Size([96]): 
The value is the same before and after calling `init_weights` of RTMDet  

neck.top_down_blocks.0.blocks.0.conv1.bn.bias - torch.Size([96]): 
The value is the same before and after calling `init_weights` of RTMDet  

neck.top_down_blocks.0.blocks.0.conv2.depthwise_conv.conv.weight - torch.Size([96, 1, 5, 5]): 
KaimingInit: a=2.23606797749979, mode=fan_in, nonlinearity=leaky_relu, distribution =uniform, bias=0 

neck.top_down_blocks.0.blocks.0.conv2.depthwise_conv.bn.weight - torch.Size([96]): 
The value is the same before and after calling `init_weights` of RTMDet  

neck.top_down_blocks.0.blocks.0.conv2.depthwise_conv.bn.bias - torch.Size([96]): 
The value is the same before and after calling `init_weights` of RTMDet  

neck.top_down_blocks.0.blocks.0.conv2.pointwise_conv.conv.weight - torch.Size([96, 96, 1, 1]): 
KaimingInit: a=2.23606797749979, mode=fan_in, nonlinearity=leaky_relu, distribution =uniform, bias=0 

neck.top_down_blocks.0.blocks.0.conv2.pointwise_conv.bn.weight - torch.Size([96]): 
The value is the same before and after calling `init_weights` of RTMDet  

neck.top_down_blocks.0.blocks.0.conv2.pointwise_conv.bn.bias - torch.Size([96]): 
The value is the same before and after calling `init_weights` of RTMDet  

neck.top_down_blocks.1.main_conv.conv.weight - torch.Size([48, 192, 1, 1]): 
KaimingInit: a=2.23606797749979, mode=fan_in, nonlinearity=leaky_relu, distribution =uniform, bias=0 

neck.top_down_blocks.1.main_conv.bn.weight - torch.Size([48]): 
The value is the same before and after calling `init_weights` of RTMDet  

neck.top_down_blocks.1.main_conv.bn.bias - torch.Size([48]): 
The value is the same before and after calling `init_weights` of RTMDet  

neck.top_down_blocks.1.short_conv.conv.weight - torch.Size([48, 192, 1, 1]): 
KaimingInit: a=2.23606797749979, mode=fan_in, nonlinearity=leaky_relu, distribution =uniform, bias=0 

neck.top_down_blocks.1.short_conv.bn.weight - torch.Size([48]): 
The value is the same before and after calling `init_weights` of RTMDet  

neck.top_down_blocks.1.short_conv.bn.bias - torch.Size([48]): 
The value is the same before and after calling `init_weights` of RTMDet  

neck.top_down_blocks.1.final_conv.conv.weight - torch.Size([96, 96, 1, 1]): 
KaimingInit: a=2.23606797749979, mode=fan_in, nonlinearity=leaky_relu, distribution =uniform, bias=0 

neck.top_down_blocks.1.final_conv.bn.weight - torch.Size([96]): 
The value is the same before and after calling `init_weights` of RTMDet  

neck.top_down_blocks.1.final_conv.bn.bias - torch.Size([96]): 
The value is the same before and after calling `init_weights` of RTMDet  

neck.top_down_blocks.1.blocks.0.conv1.conv.weight - torch.Size([48, 48, 3, 3]): 
KaimingInit: a=2.23606797749979, mode=fan_in, nonlinearity=leaky_relu, distribution =uniform, bias=0 

neck.top_down_blocks.1.blocks.0.conv1.bn.weight - torch.Size([48]): 
The value is the same before and after calling `init_weights` of RTMDet  

neck.top_down_blocks.1.blocks.0.conv1.bn.bias - torch.Size([48]): 
The value is the same before and after calling `init_weights` of RTMDet  

neck.top_down_blocks.1.blocks.0.conv2.depthwise_conv.conv.weight - torch.Size([48, 1, 5, 5]): 
KaimingInit: a=2.23606797749979, mode=fan_in, nonlinearity=leaky_relu, distribution =uniform, bias=0 

neck.top_down_blocks.1.blocks.0.conv2.depthwise_conv.bn.weight - torch.Size([48]): 
The value is the same before and after calling `init_weights` of RTMDet  

neck.top_down_blocks.1.blocks.0.conv2.depthwise_conv.bn.bias - torch.Size([48]): 
The value is the same before and after calling `init_weights` of RTMDet  

neck.top_down_blocks.1.blocks.0.conv2.pointwise_conv.conv.weight - torch.Size([48, 48, 1, 1]): 
KaimingInit: a=2.23606797749979, mode=fan_in, nonlinearity=leaky_relu, distribution =uniform, bias=0 

neck.top_down_blocks.1.blocks.0.conv2.pointwise_conv.bn.weight - torch.Size([48]): 
The value is the same before and after calling `init_weights` of RTMDet  

neck.top_down_blocks.1.blocks.0.conv2.pointwise_conv.bn.bias - torch.Size([48]): 
The value is the same before and after calling `init_weights` of RTMDet  

neck.downsamples.0.conv.weight - torch.Size([96, 96, 3, 3]): 
KaimingInit: a=2.23606797749979, mode=fan_in, nonlinearity=leaky_relu, distribution =uniform, bias=0 

neck.downsamples.0.bn.weight - torch.Size([96]): 
The value is the same before and after calling `init_weights` of RTMDet  

neck.downsamples.0.bn.bias - torch.Size([96]): 
The value is the same before and after calling `init_weights` of RTMDet  

neck.downsamples.1.conv.weight - torch.Size([192, 192, 3, 3]): 
KaimingInit: a=2.23606797749979, mode=fan_in, nonlinearity=leaky_relu, distribution =uniform, bias=0 

neck.downsamples.1.bn.weight - torch.Size([192]): 
The value is the same before and after calling `init_weights` of RTMDet  

neck.downsamples.1.bn.bias - torch.Size([192]): 
The value is the same before and after calling `init_weights` of RTMDet  

neck.bottom_up_blocks.0.main_conv.conv.weight - torch.Size([96, 192, 1, 1]): 
KaimingInit: a=2.23606797749979, mode=fan_in, nonlinearity=leaky_relu, distribution =uniform, bias=0 

neck.bottom_up_blocks.0.main_conv.bn.weight - torch.Size([96]): 
The value is the same before and after calling `init_weights` of RTMDet  

neck.bottom_up_blocks.0.main_conv.bn.bias - torch.Size([96]): 
The value is the same before and after calling `init_weights` of RTMDet  

neck.bottom_up_blocks.0.short_conv.conv.weight - torch.Size([96, 192, 1, 1]): 
KaimingInit: a=2.23606797749979, mode=fan_in, nonlinearity=leaky_relu, distribution =uniform, bias=0 

neck.bottom_up_blocks.0.short_conv.bn.weight - torch.Size([96]): 
The value is the same before and after calling `init_weights` of RTMDet  

neck.bottom_up_blocks.0.short_conv.bn.bias - torch.Size([96]): 
The value is the same before and after calling `init_weights` of RTMDet  

neck.bottom_up_blocks.0.final_conv.conv.weight - torch.Size([192, 192, 1, 1]): 
KaimingInit: a=2.23606797749979, mode=fan_in, nonlinearity=leaky_relu, distribution =uniform, bias=0 

neck.bottom_up_blocks.0.final_conv.bn.weight - torch.Size([192]): 
The value is the same before and after calling `init_weights` of RTMDet  

neck.bottom_up_blocks.0.final_conv.bn.bias - torch.Size([192]): 
The value is the same before and after calling `init_weights` of RTMDet  

neck.bottom_up_blocks.0.blocks.0.conv1.conv.weight - torch.Size([96, 96, 3, 3]): 
KaimingInit: a=2.23606797749979, mode=fan_in, nonlinearity=leaky_relu, distribution =uniform, bias=0 

neck.bottom_up_blocks.0.blocks.0.conv1.bn.weight - torch.Size([96]): 
The value is the same before and after calling `init_weights` of RTMDet  

neck.bottom_up_blocks.0.blocks.0.conv1.bn.bias - torch.Size([96]): 
The value is the same before and after calling `init_weights` of RTMDet  

neck.bottom_up_blocks.0.blocks.0.conv2.depthwise_conv.conv.weight - torch.Size([96, 1, 5, 5]): 
KaimingInit: a=2.23606797749979, mode=fan_in, nonlinearity=leaky_relu, distribution =uniform, bias=0 

neck.bottom_up_blocks.0.blocks.0.conv2.depthwise_conv.bn.weight - torch.Size([96]): 
The value is the same before and after calling `init_weights` of RTMDet  

neck.bottom_up_blocks.0.blocks.0.conv2.depthwise_conv.bn.bias - torch.Size([96]): 
The value is the same before and after calling `init_weights` of RTMDet  

neck.bottom_up_blocks.0.blocks.0.conv2.pointwise_conv.conv.weight - torch.Size([96, 96, 1, 1]): 
KaimingInit: a=2.23606797749979, mode=fan_in, nonlinearity=leaky_relu, distribution =uniform, bias=0 

neck.bottom_up_blocks.0.blocks.0.conv2.pointwise_conv.bn.weight - torch.Size([96]): 
The value is the same before and after calling `init_weights` of RTMDet  

neck.bottom_up_blocks.0.blocks.0.conv2.pointwise_conv.bn.bias - torch.Size([96]): 
The value is the same before and after calling `init_weights` of RTMDet  

neck.bottom_up_blocks.1.main_conv.conv.weight - torch.Size([192, 384, 1, 1]): 
KaimingInit: a=2.23606797749979, mode=fan_in, nonlinearity=leaky_relu, distribution =uniform, bias=0 

neck.bottom_up_blocks.1.main_conv.bn.weight - torch.Size([192]): 
The value is the same before and after calling `init_weights` of RTMDet  

neck.bottom_up_blocks.1.main_conv.bn.bias - torch.Size([192]): 
The value is the same before and after calling `init_weights` of RTMDet  

neck.bottom_up_blocks.1.short_conv.conv.weight - torch.Size([192, 384, 1, 1]): 
KaimingInit: a=2.23606797749979, mode=fan_in, nonlinearity=leaky_relu, distribution =uniform, bias=0 

neck.bottom_up_blocks.1.short_conv.bn.weight - torch.Size([192]): 
The value is the same before and after calling `init_weights` of RTMDet  

neck.bottom_up_blocks.1.short_conv.bn.bias - torch.Size([192]): 
The value is the same before and after calling `init_weights` of RTMDet  

neck.bottom_up_blocks.1.final_conv.conv.weight - torch.Size([384, 384, 1, 1]): 
KaimingInit: a=2.23606797749979, mode=fan_in, nonlinearity=leaky_relu, distribution =uniform, bias=0 

neck.bottom_up_blocks.1.final_conv.bn.weight - torch.Size([384]): 
The value is the same before and after calling `init_weights` of RTMDet  

neck.bottom_up_blocks.1.final_conv.bn.bias - torch.Size([384]): 
The value is the same before and after calling `init_weights` of RTMDet  

neck.bottom_up_blocks.1.blocks.0.conv1.conv.weight - torch.Size([192, 192, 3, 3]): 
KaimingInit: a=2.23606797749979, mode=fan_in, nonlinearity=leaky_relu, distribution =uniform, bias=0 

neck.bottom_up_blocks.1.blocks.0.conv1.bn.weight - torch.Size([192]): 
The value is the same before and after calling `init_weights` of RTMDet  

neck.bottom_up_blocks.1.blocks.0.conv1.bn.bias - torch.Size([192]): 
The value is the same before and after calling `init_weights` of RTMDet  

neck.bottom_up_blocks.1.blocks.0.conv2.depthwise_conv.conv.weight - torch.Size([192, 1, 5, 5]): 
KaimingInit: a=2.23606797749979, mode=fan_in, nonlinearity=leaky_relu, distribution =uniform, bias=0 

neck.bottom_up_blocks.1.blocks.0.conv2.depthwise_conv.bn.weight - torch.Size([192]): 
The value is the same before and after calling `init_weights` of RTMDet  

neck.bottom_up_blocks.1.blocks.0.conv2.depthwise_conv.bn.bias - torch.Size([192]): 
The value is the same before and after calling `init_weights` of RTMDet  

neck.bottom_up_blocks.1.blocks.0.conv2.pointwise_conv.conv.weight - torch.Size([192, 192, 1, 1]): 
KaimingInit: a=2.23606797749979, mode=fan_in, nonlinearity=leaky_relu, distribution =uniform, bias=0 

neck.bottom_up_blocks.1.blocks.0.conv2.pointwise_conv.bn.weight - torch.Size([192]): 
The value is the same before and after calling `init_weights` of RTMDet  

neck.bottom_up_blocks.1.blocks.0.conv2.pointwise_conv.bn.bias - torch.Size([192]): 
The value is the same before and after calling `init_weights` of RTMDet  

neck.out_convs.0.conv.weight - torch.Size([96, 96, 3, 3]): 
KaimingInit: a=2.23606797749979, mode=fan_in, nonlinearity=leaky_relu, distribution =uniform, bias=0 

neck.out_convs.0.bn.weight - torch.Size([96]): 
The value is the same before and after calling `init_weights` of RTMDet  

neck.out_convs.0.bn.bias - torch.Size([96]): 
The value is the same before and after calling `init_weights` of RTMDet  

neck.out_convs.1.conv.weight - torch.Size([96, 192, 3, 3]): 
KaimingInit: a=2.23606797749979, mode=fan_in, nonlinearity=leaky_relu, distribution =uniform, bias=0 

neck.out_convs.1.bn.weight - torch.Size([96]): 
The value is the same before and after calling `init_weights` of RTMDet  

neck.out_convs.1.bn.bias - torch.Size([96]): 
The value is the same before and after calling `init_weights` of RTMDet  

neck.out_convs.2.conv.weight - torch.Size([96, 384, 3, 3]): 
KaimingInit: a=2.23606797749979, mode=fan_in, nonlinearity=leaky_relu, distribution =uniform, bias=0 

neck.out_convs.2.bn.weight - torch.Size([96]): 
The value is the same before and after calling `init_weights` of RTMDet  

neck.out_convs.2.bn.bias - torch.Size([96]): 
The value is the same before and after calling `init_weights` of RTMDet  

bbox_head.cls_convs.0.0.conv.weight - torch.Size([96, 96, 3, 3]): 
Initialized by user-defined `init_weights` in RTMDetInsSepBNHead  

bbox_head.cls_convs.0.0.bn.weight - torch.Size([96]): 
The value is the same before and after calling `init_weights` of RTMDet  

bbox_head.cls_convs.0.0.bn.bias - torch.Size([96]): 
The value is the same before and after calling `init_weights` of RTMDet  

bbox_head.cls_convs.0.1.conv.weight - torch.Size([96, 96, 3, 3]): 
Initialized by user-defined `init_weights` in RTMDetInsSepBNHead  

bbox_head.cls_convs.0.1.bn.weight - torch.Size([96]): 
The value is the same before and after calling `init_weights` of RTMDet  

bbox_head.cls_convs.0.1.bn.bias - torch.Size([96]): 
The value is the same before and after calling `init_weights` of RTMDet  

bbox_head.cls_convs.1.0.bn.weight - torch.Size([96]): 
The value is the same before and after calling `init_weights` of RTMDet  

bbox_head.cls_convs.1.0.bn.bias - torch.Size([96]): 
The value is the same before and after calling `init_weights` of RTMDet  

bbox_head.cls_convs.1.1.bn.weight - torch.Size([96]): 
The value is the same before and after calling `init_weights` of RTMDet  

bbox_head.cls_convs.1.1.bn.bias - torch.Size([96]): 
The value is the same before and after calling `init_weights` of RTMDet  

bbox_head.cls_convs.2.0.bn.weight - torch.Size([96]): 
The value is the same before and after calling `init_weights` of RTMDet  

bbox_head.cls_convs.2.0.bn.bias - torch.Size([96]): 
The value is the same before and after calling `init_weights` of RTMDet  

bbox_head.cls_convs.2.1.bn.weight - torch.Size([96]): 
The value is the same before and after calling `init_weights` of RTMDet  

bbox_head.cls_convs.2.1.bn.bias - torch.Size([96]): 
The value is the same before and after calling `init_weights` of RTMDet  

bbox_head.kernel_convs.0.0.conv.weight - torch.Size([96, 96, 3, 3]): 
Initialized by user-defined `init_weights` in RTMDetInsSepBNHead  

bbox_head.kernel_convs.0.0.bn.weight - torch.Size([96]): 
The value is the same before and after calling `init_weights` of RTMDet  

bbox_head.kernel_convs.0.0.bn.bias - torch.Size([96]): 
The value is the same before and after calling `init_weights` of RTMDet  

bbox_head.kernel_convs.0.1.conv.weight - torch.Size([96, 96, 3, 3]): 
Initialized by user-defined `init_weights` in RTMDetInsSepBNHead  

bbox_head.kernel_convs.0.1.bn.weight - torch.Size([96]): 
The value is the same before and after calling `init_weights` of RTMDet  

bbox_head.kernel_convs.0.1.bn.bias - torch.Size([96]): 
The value is the same before and after calling `init_weights` of RTMDet  

bbox_head.kernel_convs.1.0.conv.weight - torch.Size([96, 96, 3, 3]): 
Initialized by user-defined `init_weights` in RTMDetInsSepBNHead  

bbox_head.kernel_convs.1.0.bn.weight - torch.Size([96]): 
The value is the same before and after calling `init_weights` of RTMDet  

bbox_head.kernel_convs.1.0.bn.bias - torch.Size([96]): 
The value is the same before and after calling `init_weights` of RTMDet  

bbox_head.kernel_convs.1.1.conv.weight - torch.Size([96, 96, 3, 3]): 
Initialized by user-defined `init_weights` in RTMDetInsSepBNHead  

bbox_head.kernel_convs.1.1.bn.weight - torch.Size([96]): 
The value is the same before and after calling `init_weights` of RTMDet  

bbox_head.kernel_convs.1.1.bn.bias - torch.Size([96]): 
The value is the same before and after calling `init_weights` of RTMDet  

bbox_head.kernel_convs.2.0.conv.weight - torch.Size([96, 96, 3, 3]): 
Initialized by user-defined `init_weights` in RTMDetInsSepBNHead  

bbox_head.kernel_convs.2.0.bn.weight - torch.Size([96]): 
The value is the same before and after calling `init_weights` of RTMDet  

bbox_head.kernel_convs.2.0.bn.bias - torch.Size([96]): 
The value is the same before and after calling `init_weights` of RTMDet  

bbox_head.kernel_convs.2.1.conv.weight - torch.Size([96, 96, 3, 3]): 
Initialized by user-defined `init_weights` in RTMDetInsSepBNHead  

bbox_head.kernel_convs.2.1.bn.weight - torch.Size([96]): 
The value is the same before and after calling `init_weights` of RTMDet  

bbox_head.kernel_convs.2.1.bn.bias - torch.Size([96]): 
The value is the same before and after calling `init_weights` of RTMDet  

bbox_head.rtm_cls.0.weight - torch.Size([1, 96, 1, 1]): 
Initialized by user-defined `init_weights` in RTMDetInsSepBNHead  

bbox_head.rtm_cls.0.bias - torch.Size([1]): 
Initialized by user-defined `init_weights` in RTMDetInsSepBNHead  

bbox_head.rtm_cls.1.weight - torch.Size([1, 96, 1, 1]): 
Initialized by user-defined `init_weights` in RTMDetInsSepBNHead  

bbox_head.rtm_cls.1.bias - torch.Size([1]): 
Initialized by user-defined `init_weights` in RTMDetInsSepBNHead  

bbox_head.rtm_cls.2.weight - torch.Size([1, 96, 1, 1]): 
Initialized by user-defined `init_weights` in RTMDetInsSepBNHead  

bbox_head.rtm_cls.2.bias - torch.Size([1]): 
Initialized by user-defined `init_weights` in RTMDetInsSepBNHead  

bbox_head.rtm_reg.0.weight - torch.Size([4, 96, 1, 1]): 
Initialized by user-defined `init_weights` in RTMDetInsSepBNHead  

bbox_head.rtm_reg.0.bias - torch.Size([4]): 
Initialized by user-defined `init_weights` in RTMDetInsSepBNHead  

bbox_head.rtm_reg.1.weight - torch.Size([4, 96, 1, 1]): 
Initialized by user-defined `init_weights` in RTMDetInsSepBNHead  

bbox_head.rtm_reg.1.bias - torch.Size([4]): 
Initialized by user-defined `init_weights` in RTMDetInsSepBNHead  

bbox_head.rtm_reg.2.weight - torch.Size([4, 96, 1, 1]): 
Initialized by user-defined `init_weights` in RTMDetInsSepBNHead  

bbox_head.rtm_reg.2.bias - torch.Size([4]): 
Initialized by user-defined `init_weights` in RTMDetInsSepBNHead  

bbox_head.rtm_kernel.0.weight - torch.Size([169, 96, 1, 1]): 
Initialized by user-defined `init_weights` in RTMDetInsSepBNHead  

bbox_head.rtm_kernel.0.bias - torch.Size([169]): 
Initialized by user-defined `init_weights` in RTMDetInsSepBNHead  

bbox_head.rtm_kernel.1.weight - torch.Size([169, 96, 1, 1]): 
Initialized by user-defined `init_weights` in RTMDetInsSepBNHead  

bbox_head.rtm_kernel.1.bias - torch.Size([169]): 
Initialized by user-defined `init_weights` in RTMDetInsSepBNHead  

bbox_head.rtm_kernel.2.weight - torch.Size([169, 96, 1, 1]): 
Initialized by user-defined `init_weights` in RTMDetInsSepBNHead  

bbox_head.rtm_kernel.2.bias - torch.Size([169]): 
Initialized by user-defined `init_weights` in RTMDetInsSepBNHead  

bbox_head.mask_head.fusion_conv.weight - torch.Size([96, 288, 1, 1]): 
Initialized by user-defined `init_weights` in RTMDetInsSepBNHead  

bbox_head.mask_head.fusion_conv.bias - torch.Size([96]): 
Initialized by user-defined `init_weights` in RTMDetInsSepBNHead  

bbox_head.mask_head.stacked_convs.0.conv.weight - torch.Size([96, 96, 3, 3]): 
Initialized by user-defined `init_weights` in RTMDetInsSepBNHead  

bbox_head.mask_head.stacked_convs.0.bn.weight - torch.Size([96]): 
The value is the same before and after calling `init_weights` of RTMDet  

bbox_head.mask_head.stacked_convs.0.bn.bias - torch.Size([96]): 
The value is the same before and after calling `init_weights` of RTMDet  

bbox_head.mask_head.stacked_convs.1.conv.weight - torch.Size([96, 96, 3, 3]): 
Initialized by user-defined `init_weights` in RTMDetInsSepBNHead  

bbox_head.mask_head.stacked_convs.1.bn.weight - torch.Size([96]): 
The value is the same before and after calling `init_weights` of RTMDet  

bbox_head.mask_head.stacked_convs.1.bn.bias - torch.Size([96]): 
The value is the same before and after calling `init_weights` of RTMDet  

bbox_head.mask_head.stacked_convs.2.conv.weight - torch.Size([96, 96, 3, 3]): 
Initialized by user-defined `init_weights` in RTMDetInsSepBNHead  

bbox_head.mask_head.stacked_convs.2.bn.weight - torch.Size([96]): 
The value is the same before and after calling `init_weights` of RTMDet  

bbox_head.mask_head.stacked_convs.2.bn.bias - torch.Size([96]): 
The value is the same before and after calling `init_weights` of RTMDet  

bbox_head.mask_head.stacked_convs.3.conv.weight - torch.Size([96, 96, 3, 3]): 
Initialized by user-defined `init_weights` in RTMDetInsSepBNHead  

bbox_head.mask_head.stacked_convs.3.bn.weight - torch.Size([96]): 
The value is the same before and after calling `init_weights` of RTMDet  

bbox_head.mask_head.stacked_convs.3.bn.bias - torch.Size([96]): 
The value is the same before and after calling `init_weights` of RTMDet  

bbox_head.mask_head.projection.weight - torch.Size([8, 96, 1, 1]): 
Initialized by user-defined `init_weights` in RTMDetInsSepBNHead  

bbox_head.mask_head.projection.bias - torch.Size([8]): 
Initialized by user-defined `init_weights` in RTMDetInsSepBNHead  
2026/08/08 21:27:54 - mmengine - INFO - Load checkpoint from https://download.openmmlab.com/mmdetection/v3.0/rtmdet/rtmdet-ins_tiny_8xb32-300e_coco/rtmdet-ins_tiny_8xb32-300e_coco_20221130_151727-ec670f7e.pth
2026/08/08 21:27:54 - mmengine - WARNING - "FileClient" will be deprecated in future. Please use io functions in https://mmengine.readthedocs.io/en/latest/api/fileio.html#file-io
2026/08/08 21:27:54 - mmengine - WARNING - "HardDiskBackend" is the alias of "LocalBackend" and the former will be deprecated in future.
2026/08/08 21:27:54 - mmengine - INFO - Checkpoints will be saved to d:\mamografi\real_time_segmentasyon\rtmdet\calisma\rtmdet_ins_tiny_256_orta_s43.
2026/08/08 21:28:05 - mmengine - INFO - Epoch(train)   [1][10/68]  base_lr: 5.7726e-06 lr: 5.7726e-06  eta: 2:03:34  time: 1.0919  data_time: 0.3106  memory: 592  grad_norm: 99.0462  loss: 3.0313  loss_cls: 1.8607  loss_bbox: 0.7637  loss_mask: 0.4069
2026/08/08 21:28:10 - mmengine - INFO - Epoch(train)   [1][20/68]  base_lr: 1.2048e-05 lr: 1.2048e-05  eta: 1:28:10  time: 0.7803  data_time: 0.2732  memory: 592  grad_norm: 90.3493  loss: 3.0246  loss_cls: 1.8345  loss_bbox: 0.7680  loss_mask: 0.4221
2026/08/08 21:28:15 - mmengine - INFO - Epoch(train)   [1][30/68]  base_lr: 1.8323e-05 lr: 1.8323e-05  eta: 1:17:09  time: 0.6839  data_time: 0.2696  memory: 598  grad_norm: 93.2266  loss: 3.0293  loss_cls: 1.8471  loss_bbox: 0.7618  loss_mask: 0.4203
2026/08/08 21:28:20 - mmengine - INFO - Epoch(train)   [1][40/68]  base_lr: 2.4598e-05 lr: 2.4598e-05  eta: 1:12:19  time: 0.6419  data_time: 0.2739  memory: 598  grad_norm: 89.8506  loss: 3.0422  loss_cls: 1.8652  loss_bbox: 0.7562  loss_mask: 0.4208
2026/08/08 21:28:25 - mmengine - INFO - Epoch(train)   [1][50/68]  base_lr: 3.0873e-05 lr: 3.0873e-05  eta: 1:08:58  time: 0.6131  data_time: 0.2732  memory: 599  grad_norm: 90.7088  loss: 3.0447  loss_cls: 1.8757  loss_bbox: 0.7512  loss_mask: 0.4178
2026/08/08 21:28:30 - mmengine - INFO - Epoch(train)   [1][60/68]  base_lr: 3.7148e-05 lr: 3.7148e-05  eta: 1:06:44  time: 0.4946  data_time: 0.2658  memory: 593  grad_norm: 83.7889  loss: 3.0405  loss_cls: 1.8687  loss_bbox: 0.7534  loss_mask: 0.4184
2026/08/08 21:28:34 - mmengine - INFO - Exp name: rtmdet_ins_busi_20260808_212745
2026/08/08 21:28:34 - mmengine - INFO - Saving checkpoint at 1 epochs
2026/08/08 21:28:37 - mmengine - INFO - Epoch(val)   [1][ 10/116]    eta: 0:00:09  time: 0.0921  data_time: 0.0254  memory: 598  
2026/08/08 21:28:37 - mmengine - INFO - Epoch(val)   [1][ 20/116]    eta: 0:00:07  time: 0.0748  data_time: 0.0193  memory: 94  
2026/08/08 21:28:38 - mmengine - INFO - Epoch(val)   [1][ 30/116]    eta: 0:00:05  time: 0.0633  data_time: 0.0162  memory: 94  
2026/08/08 21:28:38 - mmengine - INFO - Epoch(val)   [1][ 40/116]    eta: 0:00:04  time: 0.0584  data_time: 0.0151  memory: 94  
2026/08/08 21:28:39 - mmengine - INFO - Epoch(val)   [1][ 50/116]    eta: 0:00:03  time: 0.0566  data_time: 0.0149  memory: 94  
2026/08/08 21:28:39 - mmengine - INFO - Epoch(val)   [1][ 60/116]    eta: 0:00:03  time: 0.0490  data_time: 0.0128  memory: 94  
2026/08/08 21:28:40 - mmengine - INFO - Epoch(val)   [1][ 70/116]    eta: 0:00:02  time: 0.0459  data_time: 0.0121  memory: 94  
2026/08/08 21:28:40 - mmengine - INFO - Epoch(val)   [1][ 80/116]    eta: 0:00:01  time: 0.0487  data_time: 0.0134  memory: 94  
2026/08/08 21:28:41 - mmengine - INFO - Epoch(val)   [1][ 90/116]    eta: 0:00:01  time: 0.0506  data_time: 0.0139  memory: 94  
2026/08/08 21:28:41 - mmengine - INFO - Epoch(val)   [1][100/116]    eta: 0:00:00  time: 0.0494  data_time: 0.0133  memory: 94  
2026/08/08 21:28:42 - mmengine - INFO - Epoch(val)   [1][110/116]    eta: 0:00:00  time: 0.0485  data_time: 0.0132  memory: 94  
2026/08/08 21:28:42 - mmengine - INFO - Evaluating bbox...
2026/08/08 21:28:42 - mmengine - ERROR - D:\mamografi\.venv_mmdet\lib\site-packages\mmdet\evaluation\metrics\coco_metric.py - compute_metrics - 465 - The testing results of the whole dataset is empty.
2026/08/08 21:28:44 - mmengine - INFO - val kayip: val_kayip_cls 1.6138  val_kayip_bbox 0.5555  val_kayip_mask 0.2719  val_kayip 2.4411
2026/08/08 21:28:44 - mmengine - INFO - Epoch(val) [1][116/116]    busi/dice_tum: 0.1724  busi/dice_lezyonlu: 0.0000  busi/bos_dogru: 20  busi/esik: 0.1000  val_kayip_cls: 1.6138  val_kayip_bbox: 0.5555  val_kayip_mask: 0.2719  val_kayip: 2.4411  data_time: 0.0139  time: 0.0522
2026/08/08 21:28:46 - mmengine - INFO - The best checkpoint with 0.1724 busi/dice_tum at 1 epoch is saved to best_busi_dice_tum_epoch_1.pth.
2026/08/08 21:28:52 - mmengine - INFO - Epoch(train)   [2][10/68]  base_lr: 4.8443e-05 lr: 4.8443e-05  eta: 1:02:14  time: 0.4748  data_time: 0.2411  memory: 598  grad_norm: 72.2686  loss: 3.0524  loss_cls: 1.9157  loss_bbox: 0.7348  loss_mask: 0.4019
2026/08/08 21:28:56 - mmengine - INFO - Epoch(train)   [2][20/68]  base_lr: 5.4719e-05 lr: 5.4719e-05  eta: 0:59:31  time: 0.4429  data_time: 0.2104  memory: 598  grad_norm: 65.4758  loss: 3.0417  loss_cls: 1.9464  loss_bbox: 0.7186  loss_mask: 0.3767
2026/08/08 21:28:59 - mmengine - INFO - Epoch(train)   [2][30/68]  base_lr: 6.0994e-05 lr: 6.0994e-05  eta: 0:57:20  time: 0.4114  data_time: 0.1804  memory: 599  grad_norm: 59.7872  loss: 3.0400  loss_cls: 1.9656  loss_bbox: 0.7075  loss_mask: 0.3669
2026/08/08 21:29:03 - mmengine - INFO - Epoch(train)   [2][40/68]  base_lr: 6.7269e-05 lr: 6.7269e-05  eta: 0:55:38  time: 0.3855  data_time: 0.1546  memory: 599  grad_norm: 52.4498  loss: 3.0509  loss_cls: 2.0406  loss_bbox: 0.6728  loss_mask: 0.3376
2026/08/08 21:29:06 - mmengine - INFO - Epoch(train)   [2][50/68]  base_lr: 7.3544e-05 lr: 7.3544e-05  eta: 0:54:23  time: 0.3618  data_time: 0.1325  memory: 601  grad_norm: 46.2987  loss: 3.0282  loss_cls: 2.0573  loss_bbox: 0.6564  loss_mask: 0.3145
2026/08/08 21:29:10 - mmengine - INFO - Epoch(train)   [2][60/68]  base_lr: 7.9819e-05 lr: 7.9819e-05  eta: 0:53:14  time: 0.3591  data_time: 0.1353  memory: 600  grad_norm: 44.0482  loss: 2.9896  loss_cls: 2.0420  loss_bbox: 0.6495  loss_mask: 0.2981
2026/08/08 21:29:13 - mmengine - INFO - Exp name: rtmdet_ins_busi_20260808_212745
2026/08/08 21:29:13 - mmengine - INFO - Saving checkpoint at 2 epochs
2026/08/08 21:29:15 - mmengine - INFO - Epoch(val)   [2][ 10/116]    eta: 0:00:03  time: 0.0475  data_time: 0.0124  memory: 598  
2026/08/08 21:29:16 - mmengine - INFO - Epoch(val)   [2][ 20/116]    eta: 0:00:03  time: 0.0418  data_time: 0.0096  memory: 94  
2026/08/08 21:29:16 - mmengine - INFO - Epoch(val)   [2][ 30/116]    eta: 0:00:02  time: 0.0395  data_time: 0.0085  memory: 94  
2026/08/08 21:29:16 - mmengine - INFO - Epoch(val)   [2][ 40/116]    eta: 0:00:02  time: 0.0361  data_time: 0.0064  memory: 94  
2026/08/08 21:29:17 - mmengine - INFO - Epoch(val)   [2][ 50/116]    eta: 0:00:02  time: 0.0344  data_time: 0.0056  memory: 94  
2026/08/08 21:29:17 - mmengine - INFO - Epoch(val)   [2][ 60/116]    eta: 0:00:01  time: 0.0346  data_time: 0.0058  memory: 94  
2026/08/08 21:29:17 - mmengine - INFO - Epoch(val)   [2][ 70/116]    eta: 0:00:01  time: 0.0348  data_time: 0.0058  memory: 94  
2026/08/08 21:29:18 - mmengine - INFO - Epoch(val)   [2][ 80/116]    eta: 0:00:01  time: 0.0349  data_time: 0.0059  memory: 94  
2026/08/08 21:29:18 - mmengine - INFO - Epoch(val)   [2][ 90/116]    eta: 0:00:00  time: 0.0361  data_time: 0.0062  memory: 94  
2026/08/08 21:29:18 - mmengine - INFO - Epoch(val)   [2][100/116]    eta: 0:00:00  time: 0.0358  data_time: 0.0060  memory: 94  
2026/08/08 21:29:19 - mmengine - INFO - Epoch(val)   [2][110/116]    eta: 0:00:00  time: 0.0354  data_time: 0.0058  memory: 94  
2026/08/08 21:29:19 - mmengine - INFO - Evaluating bbox...
2026/08/08 21:29:19 - mmengine - ERROR - D:\mamografi\.venv_mmdet\lib\site-packages\mmdet\evaluation\metrics\coco_metric.py - compute_metrics - 465 - The testing results of the whole dataset is empty.
2026/08/08 21:29:21 - mmengine - INFO - val kayip: val_kayip_cls 1.5137  val_kayip_bbox 0.4813  val_kayip_mask 0.1891  val_kayip 2.1841
2026/08/08 21:29:21 - mmengine - INFO - Epoch(val) [2][116/116]    busi/dice_tum: 0.1724  busi/dice_lezyonlu: 0.0000  busi/bos_dogru: 20  busi/esik: 0.1000  val_kayip_cls: 1.5137  val_kayip_bbox: 0.4813  val_kayip_mask: 0.1891  val_kayip: 2.1841  data_time: 0.0058  time: 0.0351
2026/08/08 21:29:25 - mmengine - INFO - Epoch(train)   [3][10/68]  base_lr: 9.1114e-05 lr: 9.1114e-05  eta: 0:51:25  time: 0.3614  data_time: 0.1367  memory: 600  grad_norm: 39.0351  loss: 2.8977  loss_cls: 2.0038  loss_bbox: 0.6228  loss_mask: 0.2711
2026/08/08 21:29:29 - mmengine - INFO - Epoch(train)   [3][20/68]  base_lr: 9.7389e-05 lr: 9.7389e-05  eta: 0:50:49  time: 0.3701  data_time: 0.1451  memory: 598  grad_norm: 40.3087  loss: 2.7885  loss_cls: 1.9262  loss_bbox: 0.6063  loss_mask: 0.2560
2026/08/08 21:29:32 - mmengine - INFO - Epoch(train)   [3][30/68]  base_lr: 1.0366e-04 lr: 1.0366e-04  eta: 0:50:10  time: 0.3681  data_time: 0.1434  memory: 601  grad_norm: 43.6417  loss: 2.6374  loss_cls: 1.8039  loss_bbox: 0.5848  loss_mask: 0.2486
2026/08/08 21:29:36 - mmengine - INFO - Epoch(train)   [3][40/68]  base_lr: 1.0994e-04 lr: 1.0994e-04  eta: 0:49:47  time: 0.3751  data_time: 0.1496  memory: 599  grad_norm: 42.8961  loss: 2.4520  loss_cls: 1.6721  loss_bbox: 0.5498  loss_mask: 0.2301
2026/08/08 21:29:40 - mmengine - INFO - Epoch(train)   [3][50/68]  base_lr: 1.1621e-04 lr: 1.1621e-04  eta: 0:49:11  time: 0.3810  data_time: 0.1554  memory: 598  grad_norm: 43.6628  loss: 2.2000  loss_cls: 1.4532  loss_bbox: 0.5247  loss_mask: 0.2221
2026/08/08 21:29:44 - mmengine - INFO - Epoch(train)   [3][60/68]  base_lr: 1.2249e-04 lr: 1.2249e-04  eta: 0:48:41  time: 0.3802  data_time: 0.1578  memory: 598  grad_norm: 41.2372  loss: 1.9264  loss_cls: 1.2061  loss_bbox: 0.5056  loss_mask: 0.2148
2026/08/08 21:29:47 - mmengine - INFO - Exp name: rtmdet_ins_busi_20260808_212745
2026/08/08 21:29:47 - mmengine - INFO - Saving checkpoint at 3 epochs
2026/08/08 21:29:49 - mmengine - INFO - Epoch(val)   [3][ 10/116]    eta: 0:00:07  time: 0.0428  data_time: 0.0060  memory: 600  
2026/08/08 21:29:50 - mmengine - INFO - Epoch(val)   [3][ 20/116]    eta: 0:00:05  time: 0.0449  data_time: 0.0059  memory: 149  
2026/08/08 21:29:50 - mmengine - INFO - Epoch(val)   [3][ 30/116]    eta: 0:00:04  time: 0.0455  data_time: 0.0056  memory: 117  
2026/08/08 21:29:51 - mmengine - INFO - Epoch(val)   [3][ 40/116]    eta: 0:00:03  time: 0.0464  data_time: 0.0055  memory: 116  
2026/08/08 21:29:51 - mmengine - INFO - Epoch(val)   [3][ 50/116]    eta: 0:00:03  time: 0.0492  data_time: 0.0056  memory: 125  
2026/08/08 21:29:52 - mmengine - INFO - Epoch(val)   [3][ 60/116]    eta: 0:00:02  time: 0.0453  data_time: 0.0060  memory: 143  
2026/08/08 21:29:52 - mmengine - INFO - Epoch(val)   [3][ 70/116]    eta: 0:00:02  time: 0.0450  data_time: 0.0060  memory: 129  
2026/08/08 21:29:53 - mmengine - INFO - Epoch(val)   [3][ 80/116]    eta: 0:00:01  time: 0.0461  data_time: 0.0062  memory: 123  
2026/08/08 21:29:53 - mmengine - INFO - Epoch(val)   [3][ 90/116]    eta: 0:00:01  time: 0.0482  data_time: 0.0065  memory: 144  
2026/08/08 21:29:54 - mmengine - INFO - Epoch(val)   [3][100/116]    eta: 0:00:00  time: 0.0473  data_time: 0.0064  memory: 117  
2026/08/08 21:29:54 - mmengine - INFO - Epoch(val)   [3][110/116]    eta: 0:00:00  time: 0.0464  data_time: 0.0061  memory: 118  
2026/08/08 21:29:54 - mmengine - INFO - Evaluating bbox...
2026/08/08 21:29:54 - mmengine - INFO - bbox_mAP_copypaste: 0.322 0.740 0.151 0.000 0.438 0.272
2026/08/08 21:29:54 - mmengine - INFO - Evaluating segm...
2026/08/08 21:29:55 - mmengine - INFO - segm_mAP_copypaste: 0.464 0.745 0.508 0.000 0.619 0.381
2026/08/08 21:29:57 - mmengine - INFO - val kayip: val_kayip_cls 0.7849  val_kayip_bbox 0.4095  val_kayip_mask 0.1544  val_kayip 1.3488
2026/08/08 21:29:57 - mmengine - INFO - Epoch(val) [3][116/116]    busi/dice_tum: 0.6662  busi/dice_lezyonlu: 0.6488  busi/bos_dogru: 15  busi/esik: 0.3000  val_kayip_cls: 0.7849  val_kayip_bbox: 0.4095  val_kayip_mask: 0.1544  val_kayip: 1.3488  coco/bbox_mAP: 0.3220  coco/bbox_mAP_50: 0.7400  coco/bbox_mAP_75: 0.1510  coco/bbox_mAP_s: 0.0000  coco/bbox_mAP_m: 0.4380  coco/bbox_mAP_l: 0.2720  coco/segm_mAP: 0.4640  coco/segm_mAP_50: 0.7450  coco/segm_mAP_75: 0.5080  coco/segm_mAP_s: 0.0000  coco/segm_mAP_m: 0.6190  coco/segm_mAP_l: 0.3810  data_time: 0.0060  time: 0.0478
2026/08/08 21:29:57 - mmengine - INFO - The previous best checkpoint d:\mamografi\real_time_segmentasyon\rtmdet\calisma\rtmdet_ins_tiny_256_orta_s43\best_busi_dice_tum_epoch_1.pth is removed
2026/08/08 21:29:58 - mmengine - INFO - The best checkpoint with 0.6662 busi/dice_tum at 3 epoch is saved to best_busi_dice_tum_epoch_3.pth.
2026/08/08 21:30:04 - mmengine - INFO - Epoch(train)   [4][10/68]  base_lr: 1.2500e-04 lr: 1.2500e-04  eta: 0:47:53  time: 0.3773  data_time: 0.1544  memory: 598  grad_norm: 30.8292  loss: 1.4924  loss_cls: 0.8072  loss_bbox: 0.4830  loss_mask: 0.2022
2026/08/08 21:30:08 - mmengine - INFO - Epoch(train)   [4][20/68]  base_lr: 1.2500e-04 lr: 1.2500e-04  eta: 0:47:28  time: 0.3704  data_time: 0.1500  memory: 599  grad_norm: 26.6049  loss: 1.3039  loss_cls: 0.6230  loss_bbox: 0.4814  loss_mask: 0.1995
2026/08/08 21:30:12 - mmengine - INFO - Epoch(train)   [4][30/68]  base_lr: 1.2500e-04 lr: 1.2500e-04  eta: 0:47:07  time: 0.3692  data_time: 0.1482  memory: 600  grad_norm: 24.1443  loss: 1.1980  loss_cls: 0.5364  loss_bbox: 0.4692  loss_mask: 0.1924
2026/08/08 21:30:15 - mmengine - INFO - Epoch(train)   [4][40/68]  base_lr: 1.2500e-04 lr: 1.2500e-04  eta: 0:46:45  time: 0.3680  data_time: 0.1453  memory: 603  grad_norm: 23.1627  loss: 1.1321  loss_cls: 0.4780  loss_bbox: 0.4654  loss_mask: 0.1887
2026/08/08 21:30:19 - mmengine - INFO - Epoch(train)   [4][50/68]  base_lr: 1.2500e-04 lr: 1.2500e-04  eta: 0:46:25  time: 0.3731  data_time: 0.1476  memory: 600  grad_norm: 23.3230  loss: 1.1374  loss_cls: 0.4748  loss_bbox: 0.4685  loss_mask: 0.1941
2026/08/08 21:30:22 - mmengine - INFO - Epoch(train)   [4][60/68]  base_lr: 1.2500e-04 lr: 1.2500e-04  eta: 0:45:59  time: 0.3617  data_time: 0.1403  memory: 599  grad_norm: 22.7998  loss: 1.1272  loss_cls: 0.4574  loss_bbox: 0.4733  loss_mask: 0.1965
2026/08/08 21:30:25 - mmengine - INFO - Exp name: rtmdet_ins_busi_20260808_212745
2026/08/08 21:30:25 - mmengine - INFO - Saving checkpoint at 4 epochs
2026/08/08 21:30:28 - mmengine - INFO - Epoch(val)   [4][ 10/116]    eta: 0:00:05  time: 0.0472  data_time: 0.0062  memory: 600  
2026/08/08 21:30:28 - mmengine - INFO - Epoch(val)   [4][ 20/116]    eta: 0:00:04  time: 0.0466  data_time: 0.0061  memory: 138  
2026/08/08 21:30:28 - mmengine - INFO - Epoch(val)   [4][ 30/116]    eta: 0:00:03  time: 0.0456  data_time: 0.0058  memory: 129  
2026/08/08 21:30:29 - mmengine - INFO - Epoch(val)   [4][ 40/116]    eta: 0:00:03  time: 0.0449  data_time: 0.0056  memory: 116  
2026/08/08 21:30:29 - mmengine - INFO - Epoch(val)   [4][ 50/116]    eta: 0:00:03  time: 0.0466  data_time: 0.0057  memory: 148  
2026/08/08 21:30:30 - mmengine - INFO - Epoch(val)   [4][ 60/116]    eta: 0:00:02  time: 0.0474  data_time: 0.0058  memory: 157  
2026/08/08 21:30:30 - mmengine - INFO - Epoch(val)   [4][ 70/116]    eta: 0:00:02  time: 0.0480  data_time: 0.0058  memory: 134  
2026/08/08 21:30:31 - mmengine - INFO - Epoch(val)   [4][ 80/116]    eta: 0:00:01  time: 0.0493  data_time: 0.0059  memory: 138  
2026/08/08 21:30:31 - mmengine - INFO - Epoch(val)   [4][ 90/116]    eta: 0:00:01  time: 0.0521  data_time: 0.0063  memory: 164  
2026/08/08 21:30:32 - mmengine - INFO - Epoch(val)   [4][100/116]    eta: 0:00:00  time: 0.0512  data_time: 0.0061  memory: 164  
2026/08/08 21:30:33 - mmengine - INFO - Epoch(val)   [4][110/116]    eta: 0:00:00  time: 0.0513  data_time: 0.0060  memory: 168  
2026/08/08 21:30:33 - mmengine - INFO - Evaluating bbox...
2026/08/08 21:30:33 - mmengine - INFO - bbox_mAP_copypaste: 0.354 0.753 0.242 0.000 0.415 0.312
2026/08/08 21:30:33 - mmengine - INFO - Evaluating segm...
2026/08/08 21:30:33 - mmengine - INFO - segm_mAP_copypaste: 0.490 0.794 0.570 0.000 0.614 0.428
2026/08/08 21:30:35 - mmengine - INFO - val kayip: val_kayip_cls 0.6422  val_kayip_bbox 0.3955  val_kayip_mask 0.1481  val_kayip 1.1858
2026/08/08 21:30:35 - mmengine - INFO - Epoch(val) [4][116/116]    busi/dice_tum: 0.6842  busi/dice_lezyonlu: 0.6809  busi/bos_dogru: 14  busi/esik: 0.3000  val_kayip_cls: 0.6422  val_kayip_bbox: 0.3955  val_kayip_mask: 0.1481  val_kayip: 1.1858  coco/bbox_mAP: 0.3540  coco/bbox_mAP_50: 0.7530  coco/bbox_mAP_75: 0.2420  coco/bbox_mAP_s: 0.0000  coco/bbox_mAP_m: 0.4150  coco/bbox_mAP_l: 0.3120  coco/segm_mAP: 0.4900  coco/segm_mAP_50: 0.7940  coco/segm_mAP_75: 0.5700  coco/segm_mAP_s: 0.0000  coco/segm_mAP_m: 0.6140  coco/segm_mAP_l: 0.4280  data_time: 0.0059  time: 0.0492
2026/08/08 21:30:35 - mmengine - INFO - The previous best checkpoint d:\mamografi\real_time_segmentasyon\rtmdet\calisma\rtmdet_ins_tiny_256_orta_s43\best_busi_dice_tum_epoch_3.pth is removed
2026/08/08 21:30:37 - mmengine - INFO - The best checkpoint with 0.6842 busi/dice_tum at 4 epoch is saved to best_busi_dice_tum_epoch_4.pth.
2026/08/08 21:30:43 - mmengine - INFO - Epoch(train)   [5][10/68]  base_lr: 1.2500e-04 lr: 1.2500e-04  eta: 0:45:20  time: 0.3531  data_time: 0.1303  memory: 601  grad_norm: 20.6205  loss: 1.0700  loss_cls: 0.4236  loss_bbox: 0.4604  loss_mask: 0.1860
2026/08/08 21:30:46 - mmengine - INFO - Epoch(train)   [5][20/68]  base_lr: 1.2500e-04 lr: 1.2500e-04  eta: 0:45:02  time: 0.3506  data_time: 0.1296  memory: 599  grad_norm: 22.0984  loss: 1.0848  loss_cls: 0.4297  loss_bbox: 0.4635  loss_mask: 0.1916
2026/08/08 21:30:50 - mmengine - INFO - Epoch(train)   [5][30/68]  base_lr: 1.2500e-04 lr: 1.2500e-04  eta: 0:44:50  time: 0.3527  data_time: 0.1322  memory: 601  grad_norm: 22.5102  loss: 1.0529  loss_cls: 0.4086  loss_bbox: 0.4561  loss_mask: 0.1882
2026/08/08 21:30:54 - mmengine - INFO - Epoch(train)   [5][40/68]  base_lr: 1.2500e-04 lr: 1.2500e-04  eta: 0:44:38  time: 0.3599  data_time: 0.1383  memory: 600  grad_norm: 22.9343  loss: 1.0061  loss_cls: 0.3886  loss_bbox: 0.4392  loss_mask: 0.1783
2026/08/08 21:30:57 - mmengine - INFO - Epoch(train)   [5][50/68]  base_lr: 1.2500e-04 lr: 1.2500e-04  eta: 0:44:19  time: 0.3637  data_time: 0.1418  memory: 600  grad_norm: 25.0436  loss: 1.0067  loss_cls: 0.3934  loss_bbox: 0.4344  loss_mask: 0.1790
2026/08/08 21:31:01 - mmengine - INFO - Epoch(train)   [5][60/68]  base_lr: 1.2500e-04 lr: 1.2500e-04  eta: 0:44:05  time: 0.3617  data_time: 0.1433  memory: 599  grad_norm: 25.8190  loss: 1.0243  loss_cls: 0.4058  loss_bbox: 0.4360  loss_mask: 0.1825
2026/08/08 21:31:04 - mmengine - INFO - Exp name: rtmdet_ins_busi_20260808_212745
2026/08/08 21:31:04 - mmengine - INFO - Saving checkpoint at 5 epochs
2026/08/08 21:31:06 - mmengine - INFO - Epoch(val)   [5][ 10/116]    eta: 0:00:05  time: 0.0522  data_time: 0.0063  memory: 599  
2026/08/08 21:31:07 - mmengine - INFO - Epoch(val)   [5][ 20/116]    eta: 0:00:04  time: 0.0507  data_time: 0.0061  memory: 145  
2026/08/08 21:31:07 - mmengine - INFO - Epoch(val)   [5][ 30/116]    eta: 0:00:04  time: 0.0489  data_time: 0.0057  memory: 138  
2026/08/08 21:31:08 - mmengine - INFO - Epoch(val)   [5][ 40/116]    eta: 0:00:03  time: 0.0470  data_time: 0.0055  memory: 124  
2026/08/08 21:31:08 - mmengine - INFO - Epoch(val)   [5][ 50/116]    eta: 0:00:03  time: 0.0475  data_time: 0.0055  memory: 156  
2026/08/08 21:31:09 - mmengine - INFO - Epoch(val)   [5][ 60/116]    eta: 0:00:02  time: 0.0482  data_time: 0.0056  memory: 152  
2026/08/08 21:31:09 - mmengine - INFO - Epoch(val)   [5][ 70/116]    eta: 0:00:02  time: 0.0489  data_time: 0.0057  memory: 148  
2026/08/08 21:31:10 - mmengine - INFO - Epoch(val)   [5][ 80/116]    eta: 0:00:01  time: 0.0498  data_time: 0.0059  memory: 138  
2026/08/08 21:31:10 - mmengine - INFO - Epoch(val)   [5][ 90/116]    eta: 0:00:01  time: 0.0516  data_time: 0.0063  memory: 162  
2026/08/08 21:31:11 - mmengine - INFO - Epoch(val)   [5][100/116]    eta: 0:00:00  time: 0.0516  data_time: 0.0062  memory: 159  
2026/08/08 21:31:11 - mmengine - INFO - Epoch(val)   [5][110/116]    eta: 0:00:00  time: 0.0514  data_time: 0.0061  memory: 165  
2026/08/08 21:31:12 - mmengine - INFO - Evaluating bbox...
2026/08/08 21:31:12 - mmengine - INFO - bbox_mAP_copypaste: 0.430 0.804 0.413 0.000 0.549 0.355
2026/08/08 21:31:12 - mmengine - INFO - Evaluating segm...
2026/08/08 21:31:12 - mmengine - INFO - segm_mAP_copypaste: 0.528 0.800 0.645 0.000 0.647 0.469
2026/08/08 21:31:14 - mmengine - INFO - val kayip: val_kayip_cls 0.5488  val_kayip_bbox 0.3598  val_kayip_mask 0.1417  val_kayip 1.0502
2026/08/08 21:31:14 - mmengine - INFO - Epoch(val) [5][116/116]    busi/dice_tum: 0.7162  busi/dice_lezyonlu: 0.6988  busi/bos_dogru: 16  busi/esik: 0.3000  val_kayip_cls: 0.5488  val_kayip_bbox: 0.3598  val_kayip_mask: 0.1417  val_kayip: 1.0502  coco/bbox_mAP: 0.4300  coco/bbox_mAP_50: 0.8040  coco/bbox_mAP_75: 0.4130  coco/bbox_mAP_s: 0.0000  coco/bbox_mAP_m: 0.5490  coco/bbox_mAP_l: 0.3550  coco/segm_mAP: 0.5280  coco/segm_mAP_50: 0.8000  coco/segm_mAP_75: 0.6450  coco/segm_mAP_s: 0.0000  coco/segm_mAP_m: 0.6470  coco/segm_mAP_l: 0.4690  data_time: 0.0059  time: 0.0499
2026/08/08 21:31:14 - mmengine - INFO - The previous best checkpoint d:\mamografi\real_time_segmentasyon\rtmdet\calisma\rtmdet_ins_tiny_256_orta_s43\best_busi_dice_tum_epoch_4.pth is removed
2026/08/08 21:31:16 - mmengine - INFO - The best checkpoint with 0.7162 busi/dice_tum at 5 epoch is saved to best_busi_dice_tum_epoch_5.pth.
2026/08/08 21:31:22 - mmengine - INFO - Epoch(train)   [6][10/68]  base_lr: 1.2500e-04 lr: 1.2500e-04  eta: 0:43:48  time: 0.3670  data_time: 0.1446  memory: 602  grad_norm: 22.8607  loss: 0.9800  loss_cls: 0.3855  loss_bbox: 0.4240  loss_mask: 0.1705
2026/08/08 21:31:25 - mmengine - INFO - Epoch(train)   [6][20/68]  base_lr: 1.2500e-04 lr: 1.2500e-04  eta: 0:43:33  time: 0.3600  data_time: 0.1385  memory: 599  grad_norm: 21.2657  loss: 0.9830  loss_cls: 0.3900  loss_bbox: 0.4261  loss_mask: 0.1669
2026/08/08 21:31:29 - mmengine - INFO - Epoch(train)   [6][30/68]  base_lr: 1.2500e-04 lr: 1.2500e-04  eta: 0:43:21  time: 0.3635  data_time: 0.1405  memory: 600  grad_norm: 20.1407  loss: 0.9662  loss_cls: 0.3769  loss_bbox: 0.4252  loss_mask: 0.1641
2026/08/08 21:31:32 - mmengine - INFO - Epoch(train)   [6][40/68]  base_lr: 1.2500e-04 lr: 1.2500e-04  eta: 0:43:11  time: 0.3656  data_time: 0.1429  memory: 598  grad_norm: 18.9576  loss: 0.9626  loss_cls: 0.3657  loss_bbox: 0.4299  loss_mask: 0.1670
2026/08/08 21:31:36 - mmengine - INFO - Epoch(train)   [6][50/68]  base_lr: 1.2500e-04 lr: 1.2500e-04  eta: 0:42:59  time: 0.3654  data_time: 0.1405  memory: 601  grad_norm: 18.2746  loss: 0.9448  loss_cls: 0.3568  loss_bbox: 0.4248  loss_mask: 0.1632
2026/08/08 21:31:40 - mmengine - INFO - Epoch(train)   [6][60/68]  base_lr: 1.2500e-04 lr: 1.2500e-04  eta: 0:42:54  time: 0.3649  data_time: 0.1453  memory: 599  grad_norm: 18.2318  loss: 0.9739  loss_cls: 0.3699  loss_bbox: 0.4341  loss_mask: 0.1699
2026/08/08 21:31:43 - mmengine - INFO - Exp name: rtmdet_ins_busi_20260808_212745
2026/08/08 21:31:43 - mmengine - INFO - Saving checkpoint at 6 epochs
2026/08/08 21:31:45 - mmengine - INFO - Epoch(val)   [6][ 10/116]    eta: 0:00:05  time: 0.0525  data_time: 0.0062  memory: 599  
2026/08/08 21:31:46 - mmengine - INFO - Epoch(val)   [6][ 20/116]    eta: 0:00:04  time: 0.0521  data_time: 0.0063  memory: 133  
2026/08/08 21:31:46 - mmengine - INFO - Epoch(val)   [6][ 30/116]    eta: 0:00:04  time: 0.0505  data_time: 0.0059  memory: 164  
2026/08/08 21:31:47 - mmengine - INFO - Epoch(val)   [6][ 40/116]    eta: 0:00:03  time: 0.0494  data_time: 0.0057  memory: 132  
2026/08/08 21:31:47 - mmengine - INFO - Epoch(val)   [6][ 50/116]    eta: 0:00:03  time: 0.0505  data_time: 0.0059  memory: 188  
2026/08/08 21:31:48 - mmengine - INFO - Epoch(val)   [6][ 60/116]    eta: 0:00:02  time: 0.0509  data_time: 0.0061  memory: 152  
2026/08/08 21:31:48 - mmengine - INFO - Epoch(val)   [6][ 70/116]    eta: 0:00:02  time: 0.0519  data_time: 0.0060  memory: 148  
2026/08/08 21:31:49 - mmengine - INFO - Epoch(val)   [6][ 80/116]    eta: 0:00:01  time: 0.0528  data_time: 0.0060  memory: 149  
2026/08/08 21:31:49 - mmengine - INFO - Epoch(val)   [6][ 90/116]    eta: 0:00:01  time: 0.0549  data_time: 0.0064  memory: 181  
2026/08/08 21:31:50 - mmengine - INFO - Epoch(val)   [6][100/116]    eta: 0:00:00  time: 0.0549  data_time: 0.0062  memory: 159  
2026/08/08 21:31:51 - mmengine - INFO - Epoch(val)   [6][110/116]    eta: 0:00:00  time: 0.0557  data_time: 0.0060  memory: 186  
2026/08/08 21:31:51 - mmengine - INFO - Evaluating bbox...
2026/08/08 21:31:51 - mmengine - INFO - bbox_mAP_copypaste: 0.484 0.833 0.520 0.000 0.629 0.403
2026/08/08 21:31:51 - mmengine - INFO - Evaluating segm...
2026/08/08 21:31:51 - mmengine - INFO - segm_mAP_copypaste: 0.536 0.822 0.593 0.000 0.672 0.467
2026/08/08 21:31:53 - mmengine - INFO - val kayip: val_kayip_cls 0.6229  val_kayip_bbox 0.3365  val_kayip_mask 0.1371  val_kayip 1.0966
2026/08/08 21:31:53 - mmengine - INFO - Epoch(val) [6][116/116]    busi/dice_tum: 0.7555  busi/dice_lezyonlu: 0.7254  busi/bos_dogru: 18  busi/esik: 0.3000  val_kayip_cls: 0.6229  val_kayip_bbox: 0.3365  val_kayip_mask: 0.1371  val_kayip: 1.0966  coco/bbox_mAP: 0.4840  coco/bbox_mAP_50: 0.8330  coco/bbox_mAP_75: 0.5200  coco/bbox_mAP_s: 0.0000  coco/bbox_mAP_m: 0.6290  coco/bbox_mAP_l: 0.4030  coco/segm_mAP: 0.5360  coco/segm_mAP_50: 0.8220  coco/segm_mAP_75: 0.5930  coco/segm_mAP_s: 0.0000  coco/segm_mAP_m: 0.6720  coco/segm_mAP_l: 0.4670  data_time: 0.0060  time: 0.0533
2026/08/08 21:31:53 - mmengine - INFO - The previous best checkpoint d:\mamografi\real_time_segmentasyon\rtmdet\calisma\rtmdet_ins_tiny_256_orta_s43\best_busi_dice_tum_epoch_5.pth is removed
2026/08/08 21:31:55 - mmengine - INFO - The best checkpoint with 0.7555 busi/dice_tum at 6 epoch is saved to best_busi_dice_tum_epoch_6.pth.
2026/08/08 21:32:01 - mmengine - INFO - Epoch(train)   [7][10/68]  base_lr: 1.2500e-04 lr: 1.2500e-04  eta: 0:42:40  time: 0.3742  data_time: 0.1491  memory: 600  grad_norm: 17.8473  loss: 0.9576  loss_cls: 0.3658  loss_bbox: 0.4229  loss_mask: 0.1690
2026/08/08 21:32:05 - mmengine - INFO - Epoch(train)   [7][20/68]  base_lr: 1.2500e-04 lr: 1.2500e-04  eta: 0:42:31  time: 0.3751  data_time: 0.1493  memory: 600  grad_norm: 17.7104  loss: 0.9782  loss_cls: 0.3837  loss_bbox: 0.4209  loss_mask: 0.1736
2026/08/08 21:32:08 - mmengine - INFO - Epoch(train)   [7][30/68]  base_lr: 1.2500e-04 lr: 1.2500e-04  eta: 0:42:20  time: 0.3737  data_time: 0.1504  memory: 600  grad_norm: 18.4674  loss: 0.9723  loss_cls: 0.3900  loss_bbox: 0.4128  loss_mask: 0.1695
2026/08/08 21:32:12 - mmengine - INFO - Epoch(train)   [7][40/68]  base_lr: 1.2500e-04 lr: 1.2500e-04  eta: 0:42:11  time: 0.3663  data_time: 0.1440  memory: 600  grad_norm: 18.5570  loss: 0.9725  loss_cls: 0.3914  loss_bbox: 0.4068  loss_mask: 0.1743
2026/08/08 21:32:16 - mmengine - INFO - Epoch(train)   [7][50/68]  base_lr: 1.2500e-04 lr: 1.2500e-04  eta: 0:41:59  time: 0.3674  data_time: 0.1444  memory: 600  grad_norm: 17.4873  loss: 0.9404  loss_cls: 0.3640  loss_bbox: 0.4025  loss_mask: 0.1739
2026/08/08 21:32:19 - mmengine - INFO - Epoch(train)   [7][60/68]  base_lr: 1.2500e-04 lr: 1.2500e-04  eta: 0:41:51  time: 0.3583  data_time: 0.1436  memory: 601  grad_norm: 17.4001  loss: 0.9539  loss_cls: 0.3633  loss_bbox: 0.4111  loss_mask: 0.1795
2026/08/08 21:32:22 - mmengine - INFO - Exp name: rtmdet_ins_busi_20260808_212745
2026/08/08 21:32:22 - mmengine - INFO - Saving checkpoint at 7 epochs
2026/08/08 21:32:24 - mmengine - INFO - Epoch(val)   [7][ 10/116]    eta: 0:00:05  time: 0.0554  data_time: 0.0060  memory: 600  
2026/08/08 21:32:25 - mmengine - INFO - Epoch(val)   [7][ 20/116]    eta: 0:00:04  time: 0.0522  data_time: 0.0059  memory: 157  
2026/08/08 21:32:25 - mmengine - INFO - Epoch(val)   [7][ 30/116]    eta: 0:00:04  time: 0.0528  data_time: 0.0053  memory: 177  
2026/08/08 21:32:26 - mmengine - INFO - Epoch(val)   [7][ 40/116]    eta: 0:00:03  time: 0.0508  data_time: 0.0050  memory: 152  
2026/08/08 21:32:26 - mmengine - INFO - Epoch(val)   [7][ 50/116]    eta: 0:00:03  time: 0.0500  data_time: 0.0049  memory: 178  
2026/08/08 21:32:27 - mmengine - INFO - Epoch(val)   [7][ 60/116]    eta: 0:00:02  time: 0.0507  data_time: 0.0053  memory: 186  
2026/08/08 21:32:27 - mmengine - INFO - Epoch(val)   [7][ 70/116]    eta: 0:00:02  time: 0.0521  data_time: 0.0052  memory: 156  
2026/08/08 21:32:28 - mmengine - INFO - Epoch(val)   [7][ 80/116]    eta: 0:00:01  time: 0.0503  data_time: 0.0054  memory: 171  
2026/08/08 21:32:28 - mmengine - INFO - Epoch(val)   [7][ 90/116]    eta: 0:00:01  time: 0.0520  data_time: 0.0059  memory: 194  
2026/08/08 21:32:29 - mmengine - INFO - Epoch(val)   [7][100/116]    eta: 0:00:00  time: 0.0520  data_time: 0.0056  memory: 217  
2026/08/08 21:32:30 - mmengine - INFO - Epoch(val)   [7][110/116]    eta: 0:00:00  time: 0.0530  data_time: 0.0054  memory: 190  
2026/08/08 21:32:30 - mmengine - INFO - Evaluating bbox...
2026/08/08 21:32:30 - mmengine - INFO - bbox_mAP_copypaste: 0.503 0.822 0.539 0.000 0.638 0.421
2026/08/08 21:32:30 - mmengine - INFO - Evaluating segm...
2026/08/08 21:32:30 - mmengine - INFO - segm_mAP_copypaste: 0.545 0.834 0.619 0.000 0.655 0.485
2026/08/08 21:32:32 - mmengine - INFO - val kayip: val_kayip_cls 0.7955  val_kayip_bbox 0.3024  val_kayip_mask 0.1327  val_kayip 1.2305
2026/08/08 21:32:32 - mmengine - INFO - Epoch(val) [7][116/116]    busi/dice_tum: 0.6940  busi/dice_lezyonlu: 0.7032  busi/bos_dogru: 13  busi/esik: 0.3000  val_kayip_cls: 0.7955  val_kayip_bbox: 0.3024  val_kayip_mask: 0.1327  val_kayip: 1.2305  coco/bbox_mAP: 0.5030  coco/bbox_mAP_50: 0.8220  coco/bbox_mAP_75: 0.5390  coco/bbox_mAP_s: 0.0000  coco/bbox_mAP_m: 0.6380  coco/bbox_mAP_l: 0.4210  coco/segm_mAP: 0.5450  coco/segm_mAP_50: 0.8340  coco/segm_mAP_75: 0.6190  coco/segm_mAP_s: 0.0000  coco/segm_mAP_m: 0.6550  coco/segm_mAP_l: 0.4850  data_time: 0.0053  time: 0.0517
2026/08/08 21:32:36 - mmengine - INFO - Epoch(train)   [8][10/68]  base_lr: 1.2500e-04 lr: 1.2500e-04  eta: 0:41:31  time: 0.3528  data_time: 0.1398  memory: 600  grad_norm: 15.8134  loss: 0.8831  loss_cls: 0.3227  loss_bbox: 0.3951  loss_mask: 0.1652
2026/08/08 21:32:39 - mmengine - INFO - Epoch(train)   [8][20/68]  base_lr: 1.2500e-04 lr: 1.2500e-04  eta: 0:41:23  time: 0.3529  data_time: 0.1389  memory: 601  grad_norm: 15.3592  loss: 0.8877  loss_cls: 0.3190  loss_bbox: 0.4039  loss_mask: 0.1648
2026/08/08 21:32:42 - mmengine - INFO - Epoch(train)   [8][30/68]  base_lr: 1.2500e-04 lr: 1.2500e-04  eta: 0:41:11  time: 0.3494  data_time: 0.1379  memory: 602  grad_norm: 15.3969  loss: 0.8837  loss_cls: 0.3174  loss_bbox: 0.4031  loss_mask: 0.1632
2026/08/08 21:32:46 - mmengine - INFO - Epoch(train)   [8][40/68]  base_lr: 1.2500e-04 lr: 1.2500e-04  eta: 0:41:03  time: 0.3471  data_time: 0.1361  memory: 603  grad_norm: 15.2971  loss: 0.8786  loss_cls: 0.3159  loss_bbox: 0.4016  loss_mask: 0.1611
2026/08/08 21:32:50 - mmengine - INFO - Epoch(train)   [8][50/68]  base_lr: 1.2500e-04 lr: 1.2500e-04  eta: 0:40:57  time: 0.3558  data_time: 0.1410  memory: 601  grad_norm: 14.9158  loss: 0.8739  loss_cls: 0.3174  loss_bbox: 0.3962  loss_mask: 0.1603
2026/08/08 21:32:53 - mmengine - INFO - Epoch(train)   [8][60/68]  base_lr: 1.2500e-04 lr: 1.2500e-04  eta: 0:40:46  time: 0.3521  data_time: 0.1378  memory: 598  grad_norm: 15.5493  loss: 0.8805  loss_cls: 0.3206  loss_bbox: 0.3992  loss_mask: 0.1606
2026/08/08 21:32:56 - mmengine - INFO - Exp name: rtmdet_ins_busi_20260808_212745
2026/08/08 21:32:56 - mmengine - INFO - Saving checkpoint at 8 epochs
2026/08/08 21:32:58 - mmengine - INFO - Epoch(val)   [8][ 10/116]    eta: 0:00:04  time: 0.0530  data_time: 0.0054  memory: 600  
2026/08/08 21:32:58 - mmengine - INFO - Epoch(val)   [8][ 20/116]    eta: 0:00:03  time: 0.0490  data_time: 0.0048  memory: 145  
2026/08/08 21:32:59 - mmengine - INFO - Epoch(val)   [8][ 30/116]    eta: 0:00:03  time: 0.0454  data_time: 0.0049  memory: 142  
2026/08/08 21:32:59 - mmengine - INFO - Epoch(val)   [8][ 40/116]    eta: 0:00:02  time: 0.0421  data_time: 0.0051  memory: 131  
2026/08/08 21:33:00 - mmengine - INFO - Epoch(val)   [8][ 50/116]    eta: 0:00:02  time: 0.0399  data_time: 0.0048  memory: 148  
2026/08/08 21:33:00 - mmengine - INFO - Epoch(val)   [8][ 60/116]    eta: 0:00:02  time: 0.0412  data_time: 0.0054  memory: 157  
2026/08/08 21:33:00 - mmengine - INFO - Epoch(val)   [8][ 70/116]    eta: 0:00:01  time: 0.0421  data_time: 0.0054  memory: 145  
2026/08/08 21:33:01 - mmengine - INFO - Epoch(val)   [8][ 80/116]    eta: 0:00:01  time: 0.0432  data_time: 0.0053  memory: 138  
2026/08/08 21:33:01 - mmengine - INFO - Epoch(val)   [8][ 90/116]    eta: 0:00:01  time: 0.0440  data_time: 0.0055  memory: 194  
2026/08/08 21:33:02 - mmengine - INFO - Epoch(val)   [8][100/116]    eta: 0:00:00  time: 0.0433  data_time: 0.0056  memory: 151  
2026/08/08 21:33:02 - mmengine - INFO - Epoch(val)   [8][110/116]    eta: 0:00:00  time: 0.0421  data_time: 0.0047  memory: 149  
2026/08/08 21:33:02 - mmengine - INFO - Evaluating bbox...
2026/08/08 21:33:03 - mmengine - INFO - bbox_mAP_copypaste: 0.538 0.860 0.615 0.000 0.650 0.478
2026/08/08 21:33:03 - mmengine - INFO - Evaluating segm...
2026/08/08 21:33:03 - mmengine - INFO - segm_mAP_copypaste: 0.581 0.860 0.660 0.000 0.671 0.537
2026/08/08 21:33:04 - mmengine - INFO - val kayip: val_kayip_cls 0.5772  val_kayip_bbox 0.3010  val_kayip_mask 0.1297  val_kayip 1.0079
2026/08/08 21:33:04 - mmengine - INFO - Epoch(val) [8][116/116]    busi/dice_tum: 0.7092  busi/dice_lezyonlu: 0.7111  busi/bos_dogru: 14  busi/esik: 0.3000  val_kayip_cls: 0.5772  val_kayip_bbox: 0.3010  val_kayip_mask: 0.1297  val_kayip: 1.0079  coco/bbox_mAP: 0.5380  coco/bbox_mAP_50: 0.8600  coco/bbox_mAP_75: 0.6150  coco/bbox_mAP_s: 0.0000  coco/bbox_mAP_m: 0.6500  coco/bbox_mAP_l: 0.4780  coco/segm_mAP: 0.5810  coco/segm_mAP_50: 0.8600  coco/segm_mAP_75: 0.6600  coco/segm_mAP_s: 0.0000  coco/segm_mAP_m: 0.6710  coco/segm_mAP_l: 0.5370  data_time: 0.0050  time: 0.0420
2026/08/08 21:33:08 - mmengine - INFO - Epoch(train)   [9][10/68]  base_lr: 1.2500e-04 lr: 1.2500e-04  eta: 0:40:27  time: 0.3455  data_time: 0.1347  memory: 601  grad_norm: 16.3432  loss: 0.8552  loss_cls: 0.3137  loss_bbox: 0.3879  loss_mask: 0.1536
2026/08/08 21:33:11 - mmengine - INFO - Epoch(train)   [9][20/68]  base_lr: 1.2500e-04 lr: 1.2500e-04  eta: 0:40:21  time: 0.3485  data_time: 0.1346  memory: 602  grad_norm: 15.4632  loss: 0.8501  loss_cls: 0.3158  loss_bbox: 0.3804  loss_mask: 0.1540
2026/08/08 21:33:15 - mmengine - INFO - Epoch(train)   [9][30/68]  base_lr: 1.2500e-04 lr: 1.2500e-04  eta: 0:40:10  time: 0.3406  data_time: 0.1328  memory: 602  grad_norm: 15.4767  loss: 0.8385  loss_cls: 0.3059  loss_bbox: 0.3820  loss_mask: 0.1506
2026/08/08 21:33:18 - mmengine - INFO - Epoch(train)   [9][40/68]  base_lr: 1.2500e-04 lr: 1.2500e-04  eta: 0:40:01  time: 0.3393  data_time: 0.1330  memory: 600  grad_norm: 15.2743  loss: 0.8288  loss_cls: 0.2915  loss_bbox: 0.3841  loss_mask: 0.1531
2026/08/08 21:33:21 - mmengine - INFO - Epoch(train)   [9][50/68]  base_lr: 1.2500e-04 lr: 1.2500e-04  eta: 0:39:52  time: 0.3420  data_time: 0.1330  memory: 600  grad_norm: 14.5010  loss: 0.8381  loss_cls: 0.2981  loss_bbox: 0.3859  loss_mask: 0.1541
2026/08/08 21:33:25 - mmengine - INFO - Epoch(train)   [9][60/68]  base_lr: 1.2500e-04 lr: 1.2500e-04  eta: 0:39:43  time: 0.3399  data_time: 0.1326  memory: 599  grad_norm: 14.2378  loss: 0.8541  loss_cls: 0.3063  loss_bbox: 0.3905  loss_mask: 0.1574
2026/08/08 21:33:27 - mmengine - INFO - Exp name: rtmdet_ins_busi_20260808_212745
2026/08/08 21:33:27 - mmengine - INFO - Saving checkpoint at 9 epochs
2026/08/08 21:33:30 - mmengine - INFO - Epoch(val)   [9][ 10/116]    eta: 0:00:04  time: 0.0431  data_time: 0.0058  memory: 598  
2026/08/08 21:33:30 - mmengine - INFO - Epoch(val)   [9][ 20/116]    eta: 0:00:03  time: 0.0419  data_time: 0.0063  memory: 154  
2026/08/08 21:33:31 - mmengine - INFO - Epoch(val)   [9][ 30/116]    eta: 0:00:03  time: 0.0408  data_time: 0.0060  memory: 147  
2026/08/08 21:33:31 - mmengine - INFO - Epoch(val)   [9][ 40/116]    eta: 0:00:03  time: 0.0415  data_time: 0.0061  memory: 131  
2026/08/08 21:33:31 - mmengine - INFO - Epoch(val)   [9][ 50/116]    eta: 0:00:02  time: 0.0417  data_time: 0.0063  memory: 153  
2026/08/08 21:33:32 - mmengine - INFO - Epoch(val)   [9][ 60/116]    eta: 0:00:02  time: 0.0420  data_time: 0.0057  memory: 143  
2026/08/08 21:33:32 - mmengine - INFO - Epoch(val)   [9][ 70/116]    eta: 0:00:01  time: 0.0439  data_time: 0.0060  memory: 141  
2026/08/08 21:33:33 - mmengine - INFO - Epoch(val)   [9][ 80/116]    eta: 0:00:01  time: 0.0444  data_time: 0.0061  memory: 146  
2026/08/08 21:33:33 - mmengine - INFO - Epoch(val)   [9][ 90/116]    eta: 0:00:01  time: 0.0458  data_time: 0.0064  memory: 181  
2026/08/08 21:33:34 - mmengine - INFO - Epoch(val)   [9][100/116]    eta: 0:00:00  time: 0.0452  data_time: 0.0059  memory: 164  
2026/08/08 21:33:34 - mmengine - INFO - Epoch(val)   [9][110/116]    eta: 0:00:00  time: 0.0458  data_time: 0.0057  memory: 176  
2026/08/08 21:33:35 - mmengine - INFO - Evaluating bbox...
2026/08/08 21:33:35 - mmengine - INFO - bbox_mAP_copypaste: 0.520 0.840 0.598 0.000 0.636 0.458
2026/08/08 21:33:35 - mmengine - INFO - Evaluating segm...
2026/08/08 21:33:35 - mmengine - INFO - segm_mAP_copypaste: 0.561 0.830 0.649 0.000 0.680 0.511
2026/08/08 21:33:37 - mmengine - INFO - val kayip: val_kayip_cls 0.7673  val_kayip_bbox 0.3061  val_kayip_mask 0.1319  val_kayip 1.2053
2026/08/08 21:33:37 - mmengine - INFO - Epoch(val) [9][116/116]    busi/dice_tum: 0.7099  busi/dice_lezyonlu: 0.6911  busi/bos_dogru: 16  busi/esik: 0.4000  val_kayip_cls: 0.7673  val_kayip_bbox: 0.3061  val_kayip_mask: 0.1319  val_kayip: 1.2053  coco/bbox_mAP: 0.5200  coco/bbox_mAP_50: 0.8400  coco/bbox_mAP_75: 0.5980  coco/bbox_mAP_s: 0.0000  coco/bbox_mAP_m: 0.6360  coco/bbox_mAP_l: 0.4580  coco/segm_mAP: 0.5610  coco/segm_mAP_50: 0.8300  coco/segm_mAP_75: 0.6490  coco/segm_mAP_s: 0.0000  coco/segm_mAP_m: 0.6800  coco/segm_mAP_l: 0.5110  data_time: 0.0060  time: 0.0439
2026/08/08 21:33:40 - mmengine - INFO - Epoch(train)  [10][10/68]  base_lr: 1.2500e-04 lr: 1.2500e-04  eta: 0:39:25  time: 0.3323  data_time: 0.1281  memory: 604  grad_norm: 15.0806  loss: 0.8824  loss_cls: 0.3259  loss_bbox: 0.3950  loss_mask: 0.1615
2026/08/08 21:33:43 - mmengine - INFO - Epoch(train)  [10][20/68]  base_lr: 1.2500e-04 lr: 1.2500e-04  eta: 0:39:17  time: 0.3316  data_time: 0.1265  memory: 601  grad_norm: 14.8109  loss: 0.8732  loss_cls: 0.3268  loss_bbox: 0.3877  loss_mask: 0.1587
2026/08/08 21:33:47 - mmengine - INFO - Epoch(train)  [10][30/68]  base_lr: 1.2500e-04 lr: 1.2500e-04  eta: 0:39:07  time: 0.3280  data_time: 0.1237  memory: 600  grad_norm: 14.7781  loss: 0.8592  loss_cls: 0.3250  loss_bbox: 0.3789  loss_mask: 0.1554
2026/08/08 21:33:50 - mmengine - INFO - Epoch(train)  [10][40/68]  base_lr: 1.2500e-04 lr: 1.2500e-04  eta: 0:38:58  time: 0.3274  data_time: 0.1222  memory: 600  grad_norm: 14.3631  loss: 0.8557  loss_cls: 0.3204  loss_bbox: 0.3796  loss_mask: 0.1557
2026/08/08 21:33:53 - mmengine - INFO - Epoch(train)  [10][50/68]  base_lr: 1.2500e-04 lr: 1.2500e-04  eta: 0:38:50  time: 0.3311  data_time: 0.1251  memory: 598  grad_norm: 13.6428  loss: 0.8312  loss_cls: 0.3025  loss_bbox: 0.3769  loss_mask: 0.1518
2026/08/08 21:33:56 - mmengine - INFO - Epoch(train)  [10][60/68]  base_lr: 1.2500e-04 lr: 1.2500e-04  eta: 0:38:41  time: 0.3278  data_time: 0.1236  memory: 602  grad_norm: 13.3154  loss: 0.8135  loss_cls: 0.2860  loss_bbox: 0.3748  loss_mask: 0.1527
2026/08/08 21:33:59 - mmengine - INFO - Exp name: rtmdet_ins_busi_20260808_212745
2026/08/08 21:33:59 - mmengine - INFO - Saving checkpoint at 10 epochs
2026/08/08 21:34:01 - mmengine - INFO - Epoch(val)  [10][ 10/116]    eta: 0:00:04  time: 0.0456  data_time: 0.0052  memory: 598  
2026/08/08 21:34:01 - mmengine - INFO - Epoch(val)  [10][ 20/116]    eta: 0:00:03  time: 0.0445  data_time: 0.0051  memory: 161  
2026/08/08 21:34:02 - mmengine - INFO - Epoch(val)  [10][ 30/116]    eta: 0:00:03  time: 0.0421  data_time: 0.0054  memory: 156  
2026/08/08 21:34:02 - mmengine - INFO - Epoch(val)  [10][ 40/116]    eta: 0:00:03  time: 0.0421  data_time: 0.0057  memory: 139  
2026/08/08 21:34:03 - mmengine - INFO - Epoch(val)  [10][ 50/116]    eta: 0:00:02  time: 0.0414  data_time: 0.0052  memory: 152  
2026/08/08 21:34:03 - mmengine - INFO - Epoch(val)  [10][ 60/116]    eta: 0:00:02  time: 0.0425  data_time: 0.0057  memory: 143  
2026/08/08 21:34:04 - mmengine - INFO - Epoch(val)  [10][ 70/116]    eta: 0:00:01  time: 0.0439  data_time: 0.0056  memory: 146  
2026/08/08 21:34:04 - mmengine - INFO - Epoch(val)  [10][ 80/116]    eta: 0:00:01  time: 0.0453  data_time: 0.0058  memory: 161  
2026/08/08 21:34:05 - mmengine - INFO - Epoch(val)  [10][ 90/116]    eta: 0:00:01  time: 0.0466  data_time: 0.0061  memory: 188  
2026/08/08 21:34:05 - mmengine - INFO - Epoch(val)  [10][100/116]    eta: 0:00:00  time: 0.0477  data_time: 0.0056  memory: 164  
2026/08/08 21:34:06 - mmengine - INFO - Epoch(val)  [10][110/116]    eta: 0:00:00  time: 0.0481  data_time: 0.0053  memory: 166  
2026/08/08 21:34:06 - mmengine - INFO - Evaluating bbox...
2026/08/08 21:34:06 - mmengine - INFO - bbox_mAP_copypaste: 0.501 0.871 0.476 0.000 0.598 0.449
2026/08/08 21:34:06 - mmengine - INFO - Evaluating segm...
2026/08/08 21:34:06 - mmengine - INFO - segm_mAP_copypaste: 0.591 0.863 0.693 0.000 0.695 0.534
2026/08/08 21:34:08 - mmengine - INFO - val kayip: val_kayip_cls 0.5916  val_kayip_bbox 0.3244  val_kayip_mask 0.1292  val_kayip 1.0453
2026/08/08 21:34:08 - mmengine - INFO - Epoch(val) [10][116/116]    busi/dice_tum: 0.7680  busi/dice_lezyonlu: 0.7404  busi/bos_dogru: 18  busi/esik: 0.4000  val_kayip_cls: 0.5916  val_kayip_bbox: 0.3244  val_kayip_mask: 0.1292  val_kayip: 1.0453  coco/bbox_mAP: 0.5010  coco/bbox_mAP_50: 0.8710  coco/bbox_mAP_75: 0.4760  coco/bbox_mAP_s: 0.0000  coco/bbox_mAP_m: 0.5980  coco/bbox_mAP_l: 0.4490  coco/segm_mAP: 0.5910  coco/segm_mAP_50: 0.8630  coco/segm_mAP_75: 0.6930  coco/segm_mAP_s: 0.0000  coco/segm_mAP_m: 0.6950  coco/segm_mAP_l: 0.5340  data_time: 0.0055  time: 0.0450
2026/08/08 21:34:08 - mmengine - INFO - The previous best checkpoint d:\mamografi\real_time_segmentasyon\rtmdet\calisma\rtmdet_ins_tiny_256_orta_s43\best_busi_dice_tum_epoch_6.pth is removed
2026/08/08 21:34:10 - mmengine - INFO - The best checkpoint with 0.7680 busi/dice_tum at 10 epoch is saved to best_busi_dice_tum_epoch_10.pth.
2026/08/08 21:34:16 - mmengine - INFO - Epoch(train)  [11][10/68]  base_lr: 1.2500e-04 lr: 1.2500e-04  eta: 0:38:25  time: 0.3242  data_time: 0.1193  memory: 600  grad_norm: 13.1496  loss: 0.8024  loss_cls: 0.2737  loss_bbox: 0.3764  loss_mask: 0.1524
2026/08/08 21:34:19 - mmengine - INFO - Epoch(train)  [11][20/68]  base_lr: 1.2500e-04 lr: 1.2500e-04  eta: 0:38:15  time: 0.3212  data_time: 0.1181  memory: 599  grad_norm: 13.7011  loss: 0.8141  loss_cls: 0.2886  loss_bbox: 0.3696  loss_mask: 0.1559
2026/08/08 21:34:22 - mmengine - INFO - Epoch(train)  [11][30/68]  base_lr: 1.2500e-04 lr: 1.2500e-04  eta: 0:38:09  time: 0.3245  data_time: 0.1207  memory: 601  grad_norm: 14.3618  loss: 0.8295  loss_cls: 0.3006  loss_bbox: 0.3728  loss_mask: 0.1561
2026/08/08 21:34:25 - mmengine - INFO - Epoch(train)  [11][40/68]  base_lr: 1.2500e-04 lr: 1.2500e-04  eta: 0:38:00  time: 0.3230  data_time: 0.1178  memory: 600  grad_norm: 14.3624  loss: 0.8413  loss_cls: 0.3116  loss_bbox: 0.3708  loss_mask: 0.1589
2026/08/08 21:34:28 - mmengine - INFO - Epoch(train)  [11][50/68]  base_lr: 1.2500e-04 lr: 1.2500e-04  eta: 0:37:50  time: 0.3235  data_time: 0.1179  memory: 601  grad_norm: 14.6514  loss: 0.8288  loss_cls: 0.3065  loss_bbox: 0.3686  loss_mask: 0.1538
2026/08/08 21:34:32 - mmengine - INFO - Epoch(train)  [11][60/68]  base_lr: 1.2500e-04 lr: 1.2500e-04  eta: 0:37:43  time: 0.3222  data_time: 0.1198  memory: 599  grad_norm: 14.4948  loss: 0.8369  loss_cls: 0.3183  loss_bbox: 0.3638  loss_mask: 0.1547
2026/08/08 21:34:34 - mmengine - INFO - Exp name: rtmdet_ins_busi_20260808_212745
2026/08/08 21:34:34 - mmengine - INFO - Saving checkpoint at 11 epochs
2026/08/08 21:34:37 - mmengine - INFO - Epoch(val)  [11][ 10/116]    eta: 0:00:04  time: 0.0473  data_time: 0.0048  memory: 600  
2026/08/08 21:34:37 - mmengine - INFO - Epoch(val)  [11][ 20/116]    eta: 0:00:03  time: 0.0458  data_time: 0.0049  memory: 165  
2026/08/08 21:34:37 - mmengine - INFO - Epoch(val)  [11][ 30/116]    eta: 0:00:03  time: 0.0438  data_time: 0.0044  memory: 171  
2026/08/08 21:34:38 - mmengine - INFO - Epoch(val)  [11][ 40/116]    eta: 0:00:03  time: 0.0418  data_time: 0.0041  memory: 143  
2026/08/08 21:34:38 - mmengine - INFO - Epoch(val)  [11][ 50/116]    eta: 0:00:02  time: 0.0418  data_time: 0.0038  memory: 156  
2026/08/08 21:34:39 - mmengine - INFO - Epoch(val)  [11][ 60/116]    eta: 0:00:02  time: 0.0429  data_time: 0.0043  memory: 157  
2026/08/08 21:34:39 - mmengine - INFO - Epoch(val)  [11][ 70/116]    eta: 0:00:01  time: 0.0440  data_time: 0.0042  memory: 151  
2026/08/08 21:34:40 - mmengine - INFO - Epoch(val)  [11][ 80/116]    eta: 0:00:01  time: 0.0449  data_time: 0.0047  memory: 171  
2026/08/08 21:34:40 - mmengine - INFO - Epoch(val)  [11][ 90/116]    eta: 0:00:01  time: 0.0474  data_time: 0.0051  memory: 181  
2026/08/08 21:34:41 - mmengine - INFO - Epoch(val)  [11][100/116]    eta: 0:00:00  time: 0.0474  data_time: 0.0052  memory: 166  
2026/08/08 21:34:41 - mmengine - INFO - Epoch(val)  [11][110/116]    eta: 0:00:00  time: 0.0487  data_time: 0.0051  memory: 179  
2026/08/08 21:34:42 - mmengine - INFO - Evaluating bbox...
2026/08/08 21:34:42 - mmengine - INFO - bbox_mAP_copypaste: 0.544 0.872 0.623 0.000 0.666 0.482
2026/08/08 21:34:42 - mmengine - INFO - Evaluating segm...
2026/08/08 21:34:42 - mmengine - INFO - segm_mAP_copypaste: 0.602 0.860 0.712 0.000 0.693 0.554
2026/08/08 21:34:44 - mmengine - INFO - val kayip: val_kayip_cls 0.6491  val_kayip_bbox 0.2950  val_kayip_mask 0.1274  val_kayip 1.0715
2026/08/08 21:34:44 - mmengine - INFO - Epoch(val) [11][116/116]    busi/dice_tum: 0.7477  busi/dice_lezyonlu: 0.7056  busi/bos_dogru: 19  busi/esik: 0.4000  val_kayip_cls: 0.6491  val_kayip_bbox: 0.2950  val_kayip_mask: 0.1274  val_kayip: 1.0715  coco/bbox_mAP: 0.5440  coco/bbox_mAP_50: 0.8720  coco/bbox_mAP_75: 0.6230  coco/bbox_mAP_s: 0.0000  coco/bbox_mAP_m: 0.6660  coco/bbox_mAP_l: 0.4820  coco/segm_mAP: 0.6020  coco/segm_mAP_50: 0.8600  coco/segm_mAP_75: 0.7120  coco/segm_mAP_s: 0.0000  coco/segm_mAP_m: 0.6930  coco/segm_mAP_l: 0.5540  data_time: 0.0046  time: 0.0452
2026/08/08 21:34:47 - mmengine - INFO - Epoch(train)  [12][10/68]  base_lr: 1.2500e-04 lr: 1.2500e-04  eta: 0:37:30  time: 0.3226  data_time: 0.1188  memory: 601  grad_norm: 14.1565  loss: 0.8103  loss_cls: 0.2972  loss_bbox: 0.3611  loss_mask: 0.1521
2026/08/08 21:34:50 - mmengine - INFO - Epoch(train)  [12][20/68]  base_lr: 1.2500e-04 lr: 1.2500e-04  eta: 0:37:21  time: 0.3197  data_time: 0.1175  memory: 599  grad_norm: 14.3727  loss: 0.8006  loss_cls: 0.3007  loss_bbox: 0.3521  loss_mask: 0.1478
2026/08/08 21:34:54 - mmengine - INFO - Epoch(train)  [12][30/68]  base_lr: 1.2500e-04 lr: 1.2500e-04  eta: 0:37:15  time: 0.3256  data_time: 0.1206  memory: 600  grad_norm: 14.3567  loss: 0.8135  loss_cls: 0.3124  loss_bbox: 0.3499  loss_mask: 0.1512
2026/08/08 21:34:57 - mmengine - INFO - Epoch(train)  [12][40/68]  base_lr: 1.2500e-04 lr: 1.2500e-04  eta: 0:37:10  time: 0.3312  data_time: 0.1218  memory: 601  grad_norm: 14.2867  loss: 0.8203  loss_cls: 0.3124  loss_bbox: 0.3536  loss_mask: 0.1543
2026/08/08 21:35:00 - mmengine - INFO - Epoch(train)  [12][50/68]  base_lr: 1.2500e-04 lr: 1.2500e-04  eta: 0:37:04  time: 0.3369  data_time: 0.1259  memory: 600  grad_norm: 14.3731  loss: 0.8255  loss_cls: 0.3236  loss_bbox: 0.3486  loss_mask: 0.1533
2026/08/08 21:35:04 - mmengine - INFO - Epoch(train)  [12][60/68]  base_lr: 1.2500e-04 lr: 1.2500e-04  eta: 0:36:57  time: 0.3342  data_time: 0.1250  memory: 601  grad_norm: 13.9800  loss: 0.8040  loss_cls: 0.3141  loss_bbox: 0.3406  loss_mask: 0.1492
2026/08/08 21:35:06 - mmengine - INFO - Exp name: rtmdet_ins_busi_20260808_212745
2026/08/08 21:35:06 - mmengine - INFO - Saving checkpoint at 12 epochs
2026/08/08 21:35:09 - mmengine - INFO - Epoch(val)  [12][ 10/116]    eta: 0:00:04  time: 0.0479  data_time: 0.0046  memory: 601  
2026/08/08 21:35:09 - mmengine - INFO - Epoch(val)  [12][ 20/116]    eta: 0:00:03  time: 0.0454  data_time: 0.0045  memory: 161  
2026/08/08 21:35:09 - mmengine - INFO - Epoch(val)  [12][ 30/116]    eta: 0:00:03  time: 0.0420  data_time: 0.0046  memory: 168  
2026/08/08 21:35:10 - mmengine - INFO - Epoch(val)  [12][ 40/116]    eta: 0:00:02  time: 0.0407  data_time: 0.0045  memory: 157  
2026/08/08 21:35:10 - mmengine - INFO - Epoch(val)  [12][ 50/116]    eta: 0:00:02  time: 0.0391  data_time: 0.0047  memory: 167  
2026/08/08 21:35:11 - mmengine - INFO - Epoch(val)  [12][ 60/116]    eta: 0:00:02  time: 0.0405  data_time: 0.0048  memory: 147  
2026/08/08 21:35:11 - mmengine - INFO - Epoch(val)  [12][ 70/116]    eta: 0:00:01  time: 0.0417  data_time: 0.0052  memory: 142  
2026/08/08 21:35:12 - mmengine - INFO - Epoch(val)  [12][ 80/116]    eta: 0:00:01  time: 0.0433  data_time: 0.0051  memory: 167  
2026/08/08 21:35:12 - mmengine - INFO - Epoch(val)  [12][ 90/116]    eta: 0:00:01  time: 0.0454  data_time: 0.0063  memory: 181  
2026/08/08 21:35:13 - mmengine - INFO - Epoch(val)  [12][100/116]    eta: 0:00:00  time: 0.0466  data_time: 0.0063  memory: 184  
2026/08/08 21:35:13 - mmengine - INFO - Epoch(val)  [12][110/116]    eta: 0:00:00  time: 0.0470  data_time: 0.0060  memory: 206  
2026/08/08 21:35:13 - mmengine - INFO - Evaluating bbox...
2026/08/08 21:35:13 - mmengine - INFO - bbox_mAP_copypaste: 0.536 0.873 0.621 0.000 0.640 0.473
2026/08/08 21:35:13 - mmengine - INFO - Evaluating segm...
2026/08/08 21:35:14 - mmengine - INFO - segm_mAP_copypaste: 0.593 0.868 0.657 0.000 0.698 0.534
2026/08/08 21:35:15 - mmengine - INFO - val kayip: val_kayip_cls 0.7738  val_kayip_bbox 0.3007  val_kayip_mask 0.1301  val_kayip 1.2046
2026/08/08 21:35:15 - mmengine - INFO - Epoch(val) [12][116/116]    busi/dice_tum: 0.7733  busi/dice_lezyonlu: 0.7573  busi/bos_dogru: 17  busi/esik: 0.4000  val_kayip_cls: 0.7738  val_kayip_bbox: 0.3007  val_kayip_mask: 0.1301  val_kayip: 1.2046  coco/bbox_mAP: 0.5360  coco/bbox_mAP_50: 0.8730  coco/bbox_mAP_75: 0.6210  coco/bbox_mAP_s: 0.0000  coco/bbox_mAP_m: 0.6400  coco/bbox_mAP_l: 0.4730  coco/segm_mAP: 0.5930  coco/segm_mAP_50: 0.8680  coco/segm_mAP_75: 0.6570  coco/segm_mAP_s: 0.0000  coco/segm_mAP_m: 0.6980  coco/segm_mAP_l: 0.5340  data_time: 0.0052  time: 0.0434
2026/08/08 21:35:15 - mmengine - INFO - The previous best checkpoint d:\mamografi\real_time_segmentasyon\rtmdet\calisma\rtmdet_ins_tiny_256_orta_s43\best_busi_dice_tum_epoch_10.pth is removed
2026/08/08 21:35:17 - mmengine - INFO - The best checkpoint with 0.7733 busi/dice_tum at 12 epoch is saved to best_busi_dice_tum_epoch_12.pth.
2026/08/08 21:35:22 - mmengine - INFO - Epoch(train)  [13][10/68]  base_lr: 1.2500e-04 lr: 1.2500e-04  eta: 0:36:42  time: 0.3273  data_time: 0.1194  memory: 601  grad_norm: 13.5430  loss: 0.7683  loss_cls: 0.2909  loss_bbox: 0.3313  loss_mask: 0.1460
2026/08/08 21:35:25 - mmengine - INFO - Epoch(train)  [13][20/68]  base_lr: 1.2500e-04 lr: 1.2500e-04  eta: 0:36:35  time: 0.3216  data_time: 0.1160  memory: 600  grad_norm: 13.3397  loss: 0.7530  loss_cls: 0.2827  loss_bbox: 0.3276  loss_mask: 0.1426
2026/08/08 21:35:29 - mmengine - INFO - Epoch(train)  [13][30/68]  base_lr: 1.2500e-04 lr: 1.2500e-04  eta: 0:36:29  time: 0.3208  data_time: 0.1153  memory: 601  grad_norm: 13.0481  loss: 0.7535  loss_cls: 0.2771  loss_bbox: 0.3293  loss_mask: 0.1471
2026/08/08 21:35:32 - mmengine - INFO - Epoch(train)  [13][40/68]  base_lr: 1.2500e-04 lr: 1.2500e-04  eta: 0:36:21  time: 0.3166  data_time: 0.1123  memory: 600  grad_norm: 13.6261  loss: 0.7653  loss_cls: 0.2859  loss_bbox: 0.3332  loss_mask: 0.1461
2026/08/08 21:35:35 - mmengine - INFO - Epoch(train)  [13][50/68]  base_lr: 1.2500e-04 lr: 1.2500e-04  eta: 0:36:18  time: 0.3292  data_time: 0.1202  memory: 602  grad_norm: 14.0721  loss: 0.7856  loss_cls: 0.2999  loss_bbox: 0.3373  loss_mask: 0.1483
2026/08/08 21:35:39 - mmengine - INFO - Epoch(train)  [13][60/68]  base_lr: 1.2500e-04 lr: 1.2500e-04  eta: 0:36:11  time: 0.3317  data_time: 0.1222  memory: 601  grad_norm: 14.4185  loss: 0.7899  loss_cls: 0.3057  loss_bbox: 0.3394  loss_mask: 0.1448
2026/08/08 21:35:41 - mmengine - INFO - Exp name: rtmdet_ins_busi_20260808_212745
2026/08/08 21:35:41 - mmengine - INFO - Saving checkpoint at 13 epochs
2026/08/08 21:35:43 - mmengine - INFO - Epoch(val)  [13][ 10/116]    eta: 0:00:04  time: 0.0465  data_time: 0.0057  memory: 599  
2026/08/08 21:35:44 - mmengine - INFO - Epoch(val)  [13][ 20/116]    eta: 0:00:03  time: 0.0443  data_time: 0.0050  memory: 157  
2026/08/08 21:35:44 - mmengine - INFO - Epoch(val)  [13][ 30/116]    eta: 0:00:03  time: 0.0431  data_time: 0.0043  memory: 163  
2026/08/08 21:35:45 - mmengine - INFO - Epoch(val)  [13][ 40/116]    eta: 0:00:03  time: 0.0415  data_time: 0.0044  memory: 172  
2026/08/08 21:35:45 - mmengine - INFO - Epoch(val)  [13][ 50/116]    eta: 0:00:02  time: 0.0412  data_time: 0.0047  memory: 182  
2026/08/08 21:35:46 - mmengine - INFO - Epoch(val)  [13][ 60/116]    eta: 0:00:02  time: 0.0420  data_time: 0.0046  memory: 173  
2026/08/08 21:35:46 - mmengine - INFO - Epoch(val)  [13][ 70/116]    eta: 0:00:01  time: 0.0432  data_time: 0.0040  memory: 156  
2026/08/08 21:35:46 - mmengine - INFO - Epoch(val)  [13][ 80/116]    eta: 0:00:01  time: 0.0436  data_time: 0.0045  memory: 174  
2026/08/08 21:35:47 - mmengine - INFO - Epoch(val)  [13][ 90/116]    eta: 0:00:01  time: 0.0462  data_time: 0.0048  memory: 188  
2026/08/08 21:35:48 - mmengine - INFO - Epoch(val)  [13][100/116]    eta: 0:00:00  time: 0.0492  data_time: 0.0047  memory: 245  
2026/08/08 21:35:48 - mmengine - INFO - Epoch(val)  [13][110/116]    eta: 0:00:00  time: 0.0508  data_time: 0.0050  memory: 175  
2026/08/08 21:35:48 - mmengine - INFO - Evaluating bbox...
2026/08/08 21:35:49 - mmengine - INFO - bbox_mAP_copypaste: 0.557 0.869 0.639 0.000 0.662 0.496
2026/08/08 21:35:49 - mmengine - INFO - Evaluating segm...
2026/08/08 21:35:49 - mmengine - INFO - segm_mAP_copypaste: 0.601 0.865 0.681 0.000 0.712 0.543
2026/08/08 21:35:50 - mmengine - INFO - val kayip: val_kayip_cls 0.7263  val_kayip_bbox 0.2868  val_kayip_mask 0.1251  val_kayip 1.1382
2026/08/08 21:35:50 - mmengine - INFO - Epoch(val) [13][116/116]    busi/dice_tum: 0.7462  busi/dice_lezyonlu: 0.7558  busi/bos_dogru: 14  busi/esik: 0.3000  val_kayip_cls: 0.7263  val_kayip_bbox: 0.2868  val_kayip_mask: 0.1251  val_kayip: 1.1382  coco/bbox_mAP: 0.5570  coco/bbox_mAP_50: 0.8690  coco/bbox_mAP_75: 0.6390  coco/bbox_mAP_s: 0.0000  coco/bbox_mAP_m: 0.6620  coco/bbox_mAP_l: 0.4960  coco/segm_mAP: 0.6010  coco/segm_mAP_50: 0.8650  coco/segm_mAP_75: 0.6810  coco/segm_mAP_s: 0.0000  coco/segm_mAP_m: 0.7120  coco/segm_mAP_l: 0.5430  data_time: 0.0051  time: 0.0463
2026/08/08 21:35:54 - mmengine - INFO - Epoch(train)  [14][10/68]  base_lr: 1.2500e-04 lr: 1.2500e-04  eta: 0:35:59  time: 0.3297  data_time: 0.1224  memory: 601  grad_norm: 14.5150  loss: 0.7959  loss_cls: 0.3120  loss_bbox: 0.3423  loss_mask: 0.1417
2026/08/08 21:35:57 - mmengine - INFO - Epoch(train)  [14][20/68]  base_lr: 1.2500e-04 lr: 1.2500e-04  eta: 0:35:53  time: 0.3333  data_time: 0.1257  memory: 599  grad_norm: 13.9487  loss: 0.7782  loss_cls: 0.2968  loss_bbox: 0.3411  loss_mask: 0.1402
2026/08/08 21:36:00 - mmengine - INFO - Epoch(train)  [14][30/68]  base_lr: 1.2500e-04 lr: 1.2500e-04  eta: 0:35:47  time: 0.3277  data_time: 0.1237  memory: 601  grad_norm: 13.8119  loss: 0.7634  loss_cls: 0.2876  loss_bbox: 0.3376  loss_mask: 0.1381
2026/08/08 21:36:04 - mmengine - INFO - Epoch(train)  [14][40/68]  base_lr: 1.2500e-04 lr: 1.2500e-04  eta: 0:35:41  time: 0.3240  data_time: 0.1190  memory: 600  grad_norm: 13.3406  loss: 0.7466  loss_cls: 0.2797  loss_bbox: 0.3298  loss_mask: 0.1371
2026/08/08 21:36:07 - mmengine - INFO - Epoch(train)  [14][50/68]  base_lr: 1.2500e-04 lr: 1.2500e-04  eta: 0:35:36  time: 0.3363  data_time: 0.1252  memory: 599  grad_norm: 13.6284  loss: 0.7466  loss_cls: 0.2811  loss_bbox: 0.3283  loss_mask: 0.1373
2026/08/08 21:36:10 - mmengine - INFO - Epoch(train)  [14][60/68]  base_lr: 1.2500e-04 lr: 1.2500e-04  eta: 0:35:31  time: 0.3318  data_time: 0.1235  memory: 600  grad_norm: 14.0451  loss: 0.7622  loss_cls: 0.2905  loss_bbox: 0.3310  loss_mask: 0.1406
2026/08/08 21:36:13 - mmengine - INFO - Exp name: rtmdet_ins_busi_20260808_212745
2026/08/08 21:36:13 - mmengine - INFO - Saving checkpoint at 14 epochs
2026/08/08 21:36:16 - mmengine - INFO - Epoch(val)  [14][ 10/116]    eta: 0:00:04  time: 0.0527  data_time: 0.0059  memory: 600  
2026/08/08 21:36:16 - mmengine - INFO - Epoch(val)  [14][ 20/116]    eta: 0:00:04  time: 0.0511  data_time: 0.0064  memory: 149  
2026/08/08 21:36:16 - mmengine - INFO - Epoch(val)  [14][ 30/116]    eta: 0:00:03  time: 0.0476  data_time: 0.0060  memory: 178  
2026/08/08 21:36:17 - mmengine - INFO - Epoch(val)  [14][ 40/116]    eta: 0:00:03  time: 0.0455  data_time: 0.0052  memory: 183  
2026/08/08 21:36:17 - mmengine - INFO - Epoch(val)  [14][ 50/116]    eta: 0:00:02  time: 0.0448  data_time: 0.0046  memory: 193  
2026/08/08 21:36:18 - mmengine - INFO - Epoch(val)  [14][ 60/116]    eta: 0:00:02  time: 0.0458  data_time: 0.0048  memory: 182  
2026/08/08 21:36:18 - mmengine - INFO - Epoch(val)  [14][ 70/116]    eta: 0:00:02  time: 0.0479  data_time: 0.0044  memory: 160  
2026/08/08 21:36:19 - mmengine - INFO - Epoch(val)  [14][ 80/116]    eta: 0:00:01  time: 0.0487  data_time: 0.0053  memory: 177  
2026/08/08 21:36:19 - mmengine - INFO - Epoch(val)  [14][ 90/116]    eta: 0:00:01  time: 0.0508  data_time: 0.0061  memory: 187  
2026/08/08 21:36:20 - mmengine - INFO - Epoch(val)  [14][100/116]    eta: 0:00:00  time: 0.0520  data_time: 0.0055  memory: 207  
2026/08/08 21:36:20 - mmengine - INFO - Epoch(val)  [14][110/116]    eta: 0:00:00  time: 0.0530  data_time: 0.0050  memory: 195  
2026/08/08 21:36:21 - mmengine - INFO - Evaluating bbox...
2026/08/08 21:36:21 - mmengine - INFO - bbox_mAP_copypaste: 0.556 0.876 0.641 0.000 0.684 0.476
2026/08/08 21:36:21 - mmengine - INFO - Evaluating segm...
2026/08/08 21:36:21 - mmengine - INFO - segm_mAP_copypaste: 0.594 0.861 0.691 0.000 0.697 0.539
2026/08/08 21:36:23 - mmengine - INFO - val kayip: val_kayip_cls 0.9093  val_kayip_bbox 0.2781  val_kayip_mask 0.1277  val_kayip 1.3152
2026/08/08 21:36:23 - mmengine - INFO - Epoch(val) [14][116/116]    busi/dice_tum: 0.7510  busi/dice_lezyonlu: 0.7825  busi/bos_dogru: 12  busi/esik: 0.3000  val_kayip_cls: 0.9093  val_kayip_bbox: 0.2781  val_kayip_mask: 0.1277  val_kayip: 1.3152  coco/bbox_mAP: 0.5560  coco/bbox_mAP_50: 0.8760  coco/bbox_mAP_75: 0.6410  coco/bbox_mAP_s: 0.0000  coco/bbox_mAP_m: 0.6840  coco/bbox_mAP_l: 0.4760  coco/segm_mAP: 0.5940  coco/segm_mAP_50: 0.8610  coco/segm_mAP_75: 0.6910  coco/segm_mAP_s: 0.0000  coco/segm_mAP_m: 0.6970  coco/segm_mAP_l: 0.5390  data_time: 0.0050  time: 0.0497
2026/08/08 21:36:26 - mmengine - INFO - Epoch(train)  [15][10/68]  base_lr: 1.2500e-04 lr: 1.2500e-04  eta: 0:35:20  time: 0.3303  data_time: 0.1231  memory: 600  grad_norm: 14.2501  loss: 0.7544  loss_cls: 0.2946  loss_bbox: 0.3251  loss_mask: 0.1347
2026/08/08 21:36:30 - mmengine - INFO - Epoch(train)  [15][20/68]  base_lr: 1.2500e-04 lr: 1.2500e-04  eta: 0:35:15  time: 0.3344  data_time: 0.1289  memory: 600  grad_norm: 14.4705  loss: 0.7654  loss_cls: 0.2961  loss_bbox: 0.3298  loss_mask: 0.1395
2026/08/08 21:36:33 - mmengine - INFO - Epoch(train)  [15][30/68]  base_lr: 1.2500e-04 lr: 1.2500e-04  eta: 0:35:09  time: 0.3297  data_time: 0.1282  memory: 602  grad_norm: 13.9080  loss: 0.7498  loss_cls: 0.2848  loss_bbox: 0.3277  loss_mask: 0.1373
2026/08/08 21:36:36 - mmengine - INFO - Epoch(train)  [15][40/68]  base_lr: 1.2500e-04 lr: 1.2500e-04  eta: 0:35:04  time: 0.3317  data_time: 0.1293  memory: 601  grad_norm: 14.2956  loss: 0.7666  loss_cls: 0.2889  loss_bbox: 0.3371  loss_mask: 0.1406
2026/08/08 21:36:39 - mmengine - INFO - Exp name: rtmdet_ins_busi_20260808_212745
2026/08/08 21:36:40 - mmengine - INFO - Epoch(train)  [15][50/68]  base_lr: 1.2500e-04 lr: 1.2500e-04  eta: 0:34:59  time: 0.3377  data_time: 0.1331  memory: 600  grad_norm: 14.6291  loss: 0.7730  loss_cls: 0.2832  loss_bbox: 0.3443  loss_mask: 0.1455
2026/08/08 21:36:43 - mmengine - INFO - Epoch(train)  [15][60/68]  base_lr: 1.2500e-04 lr: 1.2500e-04  eta: 0:34:54  time: 0.3369  data_time: 0.1312  memory: 600  grad_norm: 14.0469  loss: 0.7659  loss_cls: 0.2761  loss_bbox: 0.3443  loss_mask: 0.1455
2026/08/08 21:36:46 - mmengine - INFO - Exp name: rtmdet_ins_busi_20260808_212745
2026/08/08 21:36:46 - mmengine - INFO - Saving checkpoint at 15 epochs
2026/08/08 21:36:48 - mmengine - INFO - Epoch(val)  [15][ 10/116]    eta: 0:00:04  time: 0.0527  data_time: 0.0048  memory: 599  
2026/08/08 21:36:48 - mmengine - INFO - Epoch(val)  [15][ 20/116]    eta: 0:00:03  time: 0.0502  data_time: 0.0046  memory: 149  
2026/08/08 21:36:49 - mmengine - INFO - Epoch(val)  [15][ 30/116]    eta: 0:00:03  time: 0.0460  data_time: 0.0038  memory: 167  
2026/08/08 21:36:49 - mmengine - INFO - Epoch(val)  [15][ 40/116]    eta: 0:00:02  time: 0.0435  data_time: 0.0048  memory: 175  
2026/08/08 21:36:50 - mmengine - INFO - Epoch(val)  [15][ 50/116]    eta: 0:00:02  time: 0.0417  data_time: 0.0052  memory: 170  
2026/08/08 21:36:50 - mmengine - INFO - Epoch(val)  [15][ 60/116]    eta: 0:00:02  time: 0.0431  data_time: 0.0053  memory: 177  
2026/08/08 21:36:51 - mmengine - INFO - Epoch(val)  [15][ 70/116]    eta: 0:00:01  time: 0.0441  data_time: 0.0057  memory: 146  
2026/08/08 21:36:51 - mmengine - INFO - Epoch(val)  [15][ 80/116]    eta: 0:00:01  time: 0.0454  data_time: 0.0063  memory: 151  
2026/08/08 21:36:51 - mmengine - INFO - Epoch(val)  [15][ 90/116]    eta: 0:00:01  time: 0.0470  data_time: 0.0059  memory: 150  
2026/08/08 21:36:52 - mmengine - INFO - Epoch(val)  [15][100/116]    eta: 0:00:00  time: 0.0461  data_time: 0.0052  memory: 225  
2026/08/08 21:36:52 - mmengine - INFO - Epoch(val)  [15][110/116]    eta: 0:00:00  time: 0.0455  data_time: 0.0043  memory: 189  
2026/08/08 21:36:53 - mmengine - INFO - Evaluating bbox...
2026/08/08 21:36:53 - mmengine - INFO - bbox_mAP_copypaste: 0.535 0.887 0.597 0.000 0.654 0.462
2026/08/08 21:36:53 - mmengine - INFO - Evaluating segm...
2026/08/08 21:36:53 - mmengine - INFO - segm_mAP_copypaste: 0.591 0.891 0.658 0.000 0.710 0.524
2026/08/08 21:36:55 - mmengine - INFO - val kayip: val_kayip_cls 1.0424  val_kayip_bbox 0.3001  val_kayip_mask 0.1240  val_kayip 1.4665
2026/08/08 21:36:55 - mmengine - INFO - Epoch(val) [15][116/116]    busi/dice_tum: 0.7755  busi/dice_lezyonlu: 0.7808  busi/bos_dogru: 15  busi/esik: 0.4000  val_kayip_cls: 1.0424  val_kayip_bbox: 0.3001  val_kayip_mask: 0.1240  val_kayip: 1.4665  coco/bbox_mAP: 0.5350  coco/bbox_mAP_50: 0.8870  coco/bbox_mAP_75: 0.5970  coco/bbox_mAP_s: 0.0000  coco/bbox_mAP_m: 0.6540  coco/bbox_mAP_l: 0.4620  coco/segm_mAP: 0.5910  coco/segm_mAP_50: 0.8910  coco/segm_mAP_75: 0.6580  coco/segm_mAP_s: 0.0000  coco/segm_mAP_m: 0.7100  coco/segm_mAP_l: 0.5240  data_time: 0.0049  time: 0.0445
2026/08/08 21:36:55 - mmengine - INFO - The previous best checkpoint d:\mamografi\real_time_segmentasyon\rtmdet\calisma\rtmdet_ins_tiny_256_orta_s43\best_busi_dice_tum_epoch_12.pth is removed
2026/08/08 21:36:56 - mmengine - INFO - The best checkpoint with 0.7755 busi/dice_tum at 15 epoch is saved to best_busi_dice_tum_epoch_15.pth.
2026/08/08 21:37:02 - mmengine - INFO - Epoch(train)  [16][10/68]  base_lr: 1.2500e-04 lr: 1.2500e-04  eta: 0:34:46  time: 0.3396  data_time: 0.1272  memory: 600  grad_norm: 15.1222  loss: 0.7640  loss_cls: 0.2736  loss_bbox: 0.3435  loss_mask: 0.1469
2026/08/08 21:37:05 - mmengine - INFO - Epoch(train)  [16][20/68]  base_lr: 1.2500e-04 lr: 1.2500e-04  eta: 0:34:41  time: 0.3399  data_time: 0.1264  memory: 601  grad_norm: 15.0205  loss: 0.7360  loss_cls: 0.2653  loss_bbox: 0.3300  loss_mask: 0.1406
2026/08/08 21:37:09 - mmengine - INFO - Epoch(train)  [16][30/68]  base_lr: 1.2500e-04 lr: 1.2500e-04  eta: 0:34:36  time: 0.3419  data_time: 0.1270  memory: 600  grad_norm: 15.2652  loss: 0.7117  loss_cls: 0.2570  loss_bbox: 0.3200  loss_mask: 0.1348
2026/08/08 21:37:12 - mmengine - INFO - Epoch(train)  [16][40/68]  base_lr: 1.2500e-04 lr: 1.2500e-04  eta: 0:34:31  time: 0.3382  data_time: 0.1253  memory: 604  grad_norm: 15.6631  loss: 0.6977  loss_cls: 0.2490  loss_bbox: 0.3151  loss_mask: 0.1335
2026/08/08 21:37:15 - mmengine - INFO - Epoch(train)  [16][50/68]  base_lr: 1.2500e-04 lr: 1.2500e-04  eta: 0:34:25  time: 0.3392  data_time: 0.1244  memory: 601  grad_norm: 15.4166  loss: 0.6947  loss_cls: 0.2424  loss_bbox: 0.3195  loss_mask: 0.1329
2026/08/08 21:37:19 - mmengine - INFO - Epoch(train)  [16][60/68]  base_lr: 1.2500e-04 lr: 1.2500e-04  eta: 0:34:22  time: 0.3385  data_time: 0.1252  memory: 600  grad_norm: 15.2630  loss: 0.6821  loss_cls: 0.2370  loss_bbox: 0.3162  loss_mask: 0.1289
2026/08/08 21:37:22 - mmengine - INFO - Exp name: rtmdet_ins_busi_20260808_212745
2026/08/08 21:37:22 - mmengine - INFO - Saving checkpoint at 16 epochs
2026/08/08 21:37:25 - mmengine - INFO - Epoch(val)  [16][ 10/116]    eta: 0:00:04  time: 0.0476  data_time: 0.0042  memory: 600  
2026/08/08 21:37:25 - mmengine - INFO - Epoch(val)  [16][ 20/116]    eta: 0:00:04  time: 0.0465  data_time: 0.0044  memory: 126  
2026/08/08 21:37:26 - mmengine - INFO - Epoch(val)  [16][ 30/116]    eta: 0:00:03  time: 0.0452  data_time: 0.0042  memory: 156  
2026/08/08 21:37:26 - mmengine - INFO - Epoch(val)  [16][ 40/116]    eta: 0:00:03  time: 0.0454  data_time: 0.0050  memory: 211  
2026/08/08 21:37:27 - mmengine - INFO - Epoch(val)  [16][ 50/116]    eta: 0:00:02  time: 0.0451  data_time: 0.0050  memory: 158  
2026/08/08 21:37:27 - mmengine - INFO - Epoch(val)  [16][ 60/116]    eta: 0:00:02  time: 0.0459  data_time: 0.0054  memory: 142  
2026/08/08 21:37:28 - mmengine - INFO - Epoch(val)  [16][ 70/116]    eta: 0:00:02  time: 0.0472  data_time: 0.0057  memory: 151  
2026/08/08 21:37:28 - mmengine - INFO - Epoch(val)  [16][ 80/116]    eta: 0:00:01  time: 0.0472  data_time: 0.0058  memory: 152  
2026/08/08 21:37:29 - mmengine - INFO - Epoch(val)  [16][ 90/116]    eta: 0:00:01  time: 0.0475  data_time: 0.0063  memory: 157  
2026/08/08 21:37:29 - mmengine - INFO - Epoch(val)  [16][100/116]    eta: 0:00:00  time: 0.0480  data_time: 0.0060  memory: 194  
2026/08/08 21:37:30 - mmengine - INFO - Epoch(val)  [16][110/116]    eta: 0:00:00  time: 0.0474  data_time: 0.0056  memory: 175  
2026/08/08 21:37:30 - mmengine - INFO - Evaluating bbox...
2026/08/08 21:37:30 - mmengine - INFO - bbox_mAP_copypaste: 0.574 0.890 0.680 0.014 0.668 0.520
2026/08/08 21:37:30 - mmengine - INFO - Evaluating segm...
2026/08/08 21:37:30 - mmengine - INFO - segm_mAP_copypaste: 0.598 0.885 0.676 0.007 0.711 0.538
2026/08/08 21:37:32 - mmengine - INFO - val kayip: val_kayip_cls 0.4970  val_kayip_bbox 0.2791  val_kayip_mask 0.1276  val_kayip 0.9038
2026/08/08 21:37:32 - mmengine - INFO - Epoch(val) [16][116/116]    busi/dice_tum: 0.7924  busi/dice_lezyonlu: 0.7596  busi/bos_dogru: 19  busi/esik: 0.4000  val_kayip_cls: 0.4970  val_kayip_bbox: 0.2791  val_kayip_mask: 0.1276  val_kayip: 0.9038  coco/bbox_mAP: 0.5740  coco/bbox_mAP_50: 0.8900  coco/bbox_mAP_75: 0.6800  coco/bbox_mAP_s: 0.0140  coco/bbox_mAP_m: 0.6680  coco/bbox_mAP_l: 0.5200  coco/segm_mAP: 0.5980  coco/segm_mAP_50: 0.8850  coco/segm_mAP_75: 0.6760  coco/segm_mAP_s: 0.0070  coco/segm_mAP_m: 0.7110  coco/segm_mAP_l: 0.5380  data_time: 0.0055  time: 0.0465
2026/08/08 21:37:32 - mmengine - INFO - The previous best checkpoint d:\mamografi\real_time_segmentasyon\rtmdet\calisma\rtmdet_ins_tiny_256_orta_s43\best_busi_dice_tum_epoch_15.pth is removed
2026/08/08 21:37:34 - mmengine - INFO - The best checkpoint with 0.7924 busi/dice_tum at 16 epoch is saved to best_busi_dice_tum_epoch_16.pth.
2026/08/08 21:37:39 - mmengine - INFO - Epoch(train)  [17][10/68]  base_lr: 1.2500e-04 lr: 1.2500e-04  eta: 0:34:15  time: 0.3450  data_time: 0.1253  memory: 601  grad_norm: 15.1657  loss: 0.6847  loss_cls: 0.2333  loss_bbox: 0.3177  loss_mask: 0.1337
2026/08/08 21:37:43 - mmengine - INFO - Epoch(train)  [17][20/68]  base_lr: 1.2500e-04 lr: 1.2500e-04  eta: 0:34:13  time: 0.3586  data_time: 0.1313  memory: 601  grad_norm: 15.2259  loss: 0.6909  loss_cls: 0.2424  loss_bbox: 0.3132  loss_mask: 0.1352
2026/08/08 21:37:47 - mmengine - INFO - Epoch(train)  [17][30/68]  base_lr: 1.2500e-04 lr: 1.2500e-04  eta: 0:34:10  time: 0.3723  data_time: 0.1407  memory: 599  grad_norm: 14.8261  loss: 0.6686  loss_cls: 0.2360  loss_bbox: 0.3011  loss_mask: 0.1315
2026/08/08 21:37:51 - mmengine - INFO - Epoch(train)  [17][40/68]  base_lr: 1.2500e-04 lr: 1.2500e-04  eta: 0:34:08  time: 0.3746  data_time: 0.1426  memory: 603  grad_norm: 14.7013  loss: 0.6826  loss_cls: 0.2417  loss_bbox: 0.3049  loss_mask: 0.1360
2026/08/08 21:37:54 - mmengine - INFO - Epoch(train)  [17][50/68]  base_lr: 1.2500e-04 lr: 1.2500e-04  eta: 0:34:06  time: 0.3760  data_time: 0.1451  memory: 599  grad_norm: 14.0869  loss: 0.6702  loss_cls: 0.2388  loss_bbox: 0.2979  loss_mask: 0.1335
2026/08/08 21:37:59 - mmengine - INFO - Epoch(train)  [17][60/68]  base_lr: 1.2500e-04 lr: 1.2500e-04  eta: 0:34:04  time: 0.3890  data_time: 0.1569  memory: 601  grad_norm: 14.2808  loss: 0.6812  loss_cls: 0.2432  loss_bbox: 0.3028  loss_mask: 0.1352
2026/08/08 21:38:01 - mmengine - INFO - Exp name: rtmdet_ins_busi_20260808_212745
2026/08/08 21:38:01 - mmengine - INFO - Saving checkpoint at 17 epochs
2026/08/08 21:38:04 - mmengine - INFO - Epoch(val)  [17][ 10/116]    eta: 0:00:04  time: 0.0471  data_time: 0.0056  memory: 601  
2026/08/08 21:38:04 - mmengine - INFO - Epoch(val)  [17][ 20/116]    eta: 0:00:04  time: 0.0474  data_time: 0.0054  memory: 138  
2026/08/08 21:38:05 - mmengine - INFO - Epoch(val)  [17][ 30/116]    eta: 0:00:03  time: 0.0444  data_time: 0.0050  memory: 162  
2026/08/08 21:38:05 - mmengine - INFO - Epoch(val)  [17][ 40/116]    eta: 0:00:03  time: 0.0432  data_time: 0.0052  memory: 218  
2026/08/08 21:38:06 - mmengine - INFO - Epoch(val)  [17][ 50/116]    eta: 0:00:02  time: 0.0422  data_time: 0.0059  memory: 170  
2026/08/08 21:38:06 - mmengine - INFO - Epoch(val)  [17][ 60/116]    eta: 0:00:02  time: 0.0424  data_time: 0.0063  memory: 169  
2026/08/08 21:38:07 - mmengine - INFO - Epoch(val)  [17][ 70/116]    eta: 0:00:01  time: 0.0424  data_time: 0.0059  memory: 162  
2026/08/08 21:38:07 - mmengine - INFO - Epoch(val)  [17][ 80/116]    eta: 0:00:01  time: 0.0440  data_time: 0.0061  memory: 149  
2026/08/08 21:38:08 - mmengine - INFO - Epoch(val)  [17][ 90/116]    eta: 0:00:01  time: 0.0456  data_time: 0.0063  memory: 181  
2026/08/08 21:38:08 - mmengine - INFO - Epoch(val)  [17][100/116]    eta: 0:00:00  time: 0.0470  data_time: 0.0058  memory: 235  
2026/08/08 21:38:09 - mmengine - INFO - Epoch(val)  [17][110/116]    eta: 0:00:00  time: 0.0484  data_time: 0.0056  memory: 209  
2026/08/08 21:38:09 - mmengine - INFO - Evaluating bbox...
2026/08/08 21:38:09 - mmengine - INFO - bbox_mAP_copypaste: 0.596 0.897 0.708 0.000 0.689 0.544
2026/08/08 21:38:09 - mmengine - INFO - Evaluating segm...
2026/08/08 21:38:09 - mmengine - INFO - segm_mAP_copypaste: 0.610 0.894 0.705 0.000 0.696 0.572
2026/08/08 21:38:11 - mmengine - INFO - val kayip: val_kayip_cls 0.5471  val_kayip_bbox 0.2623  val_kayip_mask 0.1214  val_kayip 0.9309
2026/08/08 21:38:11 - mmengine - INFO - Epoch(val) [17][116/116]    busi/dice_tum: 0.8109  busi/dice_lezyonlu: 0.7715  busi/bos_dogru: 20  busi/esik: 0.4000  val_kayip_cls: 0.5471  val_kayip_bbox: 0.2623  val_kayip_mask: 0.1214  val_kayip: 0.9309  coco/bbox_mAP: 0.5960  coco/bbox_mAP_50: 0.8970  coco/bbox_mAP_75: 0.7080  coco/bbox_mAP_s: 0.0000  coco/bbox_mAP_m: 0.6890  coco/bbox_mAP_l: 0.5440  coco/segm_mAP: 0.6100  coco/segm_mAP_50: 0.8940  coco/segm_mAP_75: 0.7050  coco/segm_mAP_s: 0.0000  coco/segm_mAP_m: 0.6960  coco/segm_mAP_l: 0.5720  data_time: 0.0059  time: 0.0456
2026/08/08 21:38:11 - mmengine - INFO - The previous best checkpoint d:\mamografi\real_time_segmentasyon\rtmdet\calisma\rtmdet_ins_tiny_256_orta_s43\best_busi_dice_tum_epoch_16.pth is removed
2026/08/08 21:38:13 - mmengine - INFO - The best checkpoint with 0.8109 busi/dice_tum at 17 epoch is saved to best_busi_dice_tum_epoch_17.pth.
2026/08/08 21:38:18 - mmengine - INFO - Epoch(train)  [18][10/68]  base_lr: 1.2500e-04 lr: 1.2500e-04  eta: 0:33:58  time: 0.3823  data_time: 0.1558  memory: 600  grad_norm: 14.2903  loss: 0.7135  loss_cls: 0.2583  loss_bbox: 0.3168  loss_mask: 0.1384
2026/08/08 21:38:22 - mmengine - INFO - Epoch(train)  [18][20/68]  base_lr: 1.2500e-04 lr: 1.2500e-04  eta: 0:33:56  time: 0.3826  data_time: 0.1558  memory: 603  grad_norm: 14.1830  loss: 0.7019  loss_cls: 0.2543  loss_bbox: 0.3122  loss_mask: 0.1354
2026/08/08 21:38:26 - mmengine - INFO - Epoch(train)  [18][30/68]  base_lr: 1.2500e-04 lr: 1.2500e-04  eta: 0:33:51  time: 0.3791  data_time: 0.1538  memory: 601  grad_norm: 14.4992  loss: 0.7078  loss_cls: 0.2518  loss_bbox: 0.3162  loss_mask: 0.1398
2026/08/08 21:38:29 - mmengine - INFO - Epoch(train)  [18][40/68]  base_lr: 1.2500e-04 lr: 1.2500e-04  eta: 0:33:47  time: 0.3605  data_time: 0.1403  memory: 601  grad_norm: 14.2710  loss: 0.6989  loss_cls: 0.2508  loss_bbox: 0.3099  loss_mask: 0.1382
2026/08/08 21:38:33 - mmengine - INFO - Epoch(train)  [18][50/68]  base_lr: 1.2500e-04 lr: 1.2500e-04  eta: 0:33:42  time: 0.3581  data_time: 0.1391  memory: 599  grad_norm: 14.0725  loss: 0.6884  loss_cls: 0.2455  loss_bbox: 0.3050  loss_mask: 0.1379
2026/08/08 21:38:36 - mmengine - INFO - Epoch(train)  [18][60/68]  base_lr: 1.2500e-04 lr: 1.2500e-04  eta: 0:33:39  time: 0.3557  data_time: 0.1370  memory: 601  grad_norm: 14.2355  loss: 0.6849  loss_cls: 0.2441  loss_bbox: 0.3025  loss_mask: 0.1382
2026/08/08 21:38:39 - mmengine - INFO - Exp name: rtmdet_ins_busi_20260808_212745
2026/08/08 21:38:39 - mmengine - INFO - Saving checkpoint at 18 epochs
2026/08/08 21:38:41 - mmengine - INFO - Epoch(val)  [18][ 10/116]    eta: 0:00:03  time: 0.0476  data_time: 0.0055  memory: 601  
2026/08/08 21:38:41 - mmengine - INFO - Epoch(val)  [18][ 20/116]    eta: 0:00:03  time: 0.0462  data_time: 0.0054  memory: 129  
2026/08/08 21:38:42 - mmengine - INFO - Epoch(val)  [18][ 30/116]    eta: 0:00:03  time: 0.0424  data_time: 0.0051  memory: 159  
2026/08/08 21:38:42 - mmengine - INFO - Epoch(val)  [18][ 40/116]    eta: 0:00:02  time: 0.0396  data_time: 0.0046  memory: 152  
2026/08/08 21:38:43 - mmengine - INFO - Epoch(val)  [18][ 50/116]    eta: 0:00:02  time: 0.0383  data_time: 0.0054  memory: 176  
2026/08/08 21:38:43 - mmengine - INFO - Epoch(val)  [18][ 60/116]    eta: 0:00:02  time: 0.0400  data_time: 0.0056  memory: 186  
2026/08/08 21:38:43 - mmengine - INFO - Epoch(val)  [18][ 70/116]    eta: 0:00:01  time: 0.0406  data_time: 0.0055  memory: 134  
2026/08/08 21:38:44 - mmengine - INFO - Epoch(val)  [18][ 80/116]    eta: 0:00:01  time: 0.0418  data_time: 0.0052  memory: 152  
2026/08/08 21:38:44 - mmengine - INFO - Epoch(val)  [18][ 90/116]    eta: 0:00:01  time: 0.0438  data_time: 0.0056  memory: 176  
2026/08/08 21:38:45 - mmengine - INFO - Epoch(val)  [18][100/116]    eta: 0:00:00  time: 0.0438  data_time: 0.0045  memory: 217  
2026/08/08 21:38:45 - mmengine - INFO - Epoch(val)  [18][110/116]    eta: 0:00:00  time: 0.0429  data_time: 0.0048  memory: 200  
2026/08/08 21:38:45 - mmengine - INFO - Evaluating bbox...
2026/08/08 21:38:46 - mmengine - INFO - bbox_mAP_copypaste: 0.581 0.894 0.682 0.000 0.670 0.533
2026/08/08 21:38:46 - mmengine - INFO - Evaluating segm...
2026/08/08 21:38:46 - mmengine - INFO - segm_mAP_copypaste: 0.593 0.886 0.678 0.000 0.712 0.534
2026/08/08 21:38:47 - mmengine - INFO - val kayip: val_kayip_cls 0.5215  val_kayip_bbox 0.2788  val_kayip_mask 0.1235  val_kayip 0.9238
2026/08/08 21:38:47 - mmengine - INFO - Epoch(val) [18][116/116]    busi/dice_tum: 0.8146  busi/dice_lezyonlu: 0.7968  busi/bos_dogru: 18  busi/esik: 0.3000  val_kayip_cls: 0.5215  val_kayip_bbox: 0.2788  val_kayip_mask: 0.1235  val_kayip: 0.9238  coco/bbox_mAP: 0.5810  coco/bbox_mAP_50: 0.8940  coco/bbox_mAP_75: 0.6820  coco/bbox_mAP_s: 0.0000  coco/bbox_mAP_m: 0.6700  coco/bbox_mAP_l: 0.5330  coco/segm_mAP: 0.5930  coco/segm_mAP_50: 0.8860  coco/segm_mAP_75: 0.6780  coco/segm_mAP_s: 0.0000  coco/segm_mAP_m: 0.7120  coco/segm_mAP_l: 0.5340  data_time: 0.0049  time: 0.0413
2026/08/08 21:38:47 - mmengine - INFO - The previous best checkpoint d:\mamografi\real_time_segmentasyon\rtmdet\calisma\rtmdet_ins_tiny_256_orta_s43\best_busi_dice_tum_epoch_17.pth is removed
2026/08/08 21:38:49 - mmengine - INFO - The best checkpoint with 0.8146 busi/dice_tum at 18 epoch is saved to best_busi_dice_tum_epoch_18.pth.
2026/08/08 21:38:54 - mmengine - INFO - Epoch(train)  [19][10/68]  base_lr: 1.2500e-04 lr: 1.2500e-04  eta: 0:33:29  time: 0.3363  data_time: 0.1263  memory: 601  grad_norm: 14.2327  loss: 0.6872  loss_cls: 0.2392  loss_bbox: 0.3070  loss_mask: 0.1410
2026/08/08 21:38:58 - mmengine - INFO - Epoch(train)  [19][20/68]  base_lr: 1.2500e-04 lr: 1.2500e-04  eta: 0:33:24  time: 0.3407  data_time: 0.1276  memory: 601  grad_norm: 13.8653  loss: 0.6874  loss_cls: 0.2420  loss_bbox: 0.3073  loss_mask: 0.1382
2026/08/08 21:39:01 - mmengine - INFO - Epoch(train)  [19][30/68]  base_lr: 1.2500e-04 lr: 1.2500e-04  eta: 0:33:20  time: 0.3350  data_time: 0.1268  memory: 600  grad_norm: 13.6853  loss: 0.6833  loss_cls: 0.2371  loss_bbox: 0.3091  loss_mask: 0.1371
2026/08/08 21:39:05 - mmengine - INFO - Epoch(train)  [19][40/68]  base_lr: 1.2500e-04 lr: 1.2500e-04  eta: 0:33:15  time: 0.3324  data_time: 0.1247  memory: 601  grad_norm: 13.7346  loss: 0.6743  loss_cls: 0.2343  loss_bbox: 0.3066  loss_mask: 0.1334
2026/08/08 21:39:08 - mmengine - INFO - Epoch(train)  [19][50/68]  base_lr: 1.2500e-04 lr: 1.2500e-04  eta: 0:33:10  time: 0.3335  data_time: 0.1233  memory: 603  grad_norm: 13.5570  loss: 0.6577  loss_cls: 0.2210  loss_bbox: 0.3058  loss_mask: 0.1309
2026/08/08 21:39:11 - mmengine - INFO - Epoch(train)  [19][60/68]  base_lr: 1.2500e-04 lr: 1.2500e-04  eta: 0:33:05  time: 0.3353  data_time: 0.1244  memory: 601  grad_norm: 13.5134  loss: 0.6623  loss_cls: 0.2287  loss_bbox: 0.3044  loss_mask: 0.1293
2026/08/08 21:39:14 - mmengine - INFO - Exp name: rtmdet_ins_busi_20260808_212745
2026/08/08 21:39:14 - mmengine - INFO - Saving checkpoint at 19 epochs
2026/08/08 21:39:16 - mmengine - INFO - Epoch(val)  [19][ 10/116]    eta: 0:00:04  time: 0.0438  data_time: 0.0050  memory: 600  
2026/08/08 21:39:17 - mmengine - INFO - Epoch(val)  [19][ 20/116]    eta: 0:00:03  time: 0.0424  data_time: 0.0048  memory: 133  
2026/08/08 21:39:17 - mmengine - INFO - Epoch(val)  [19][ 30/116]    eta: 0:00:03  time: 0.0398  data_time: 0.0042  memory: 152  
2026/08/08 21:39:17 - mmengine - INFO - Epoch(val)  [19][ 40/116]    eta: 0:00:02  time: 0.0382  data_time: 0.0049  memory: 187  
2026/08/08 21:39:18 - mmengine - INFO - Epoch(val)  [19][ 50/116]    eta: 0:00:02  time: 0.0377  data_time: 0.0053  memory: 176  
2026/08/08 21:39:18 - mmengine - INFO - Epoch(val)  [19][ 60/116]    eta: 0:00:02  time: 0.0379  data_time: 0.0056  memory: 169  
2026/08/08 21:39:19 - mmengine - INFO - Epoch(val)  [19][ 70/116]    eta: 0:00:01  time: 0.0387  data_time: 0.0061  memory: 139  
2026/08/08 21:39:19 - mmengine - INFO - Epoch(val)  [19][ 80/116]    eta: 0:00:01  time: 0.0394  data_time: 0.0062  memory: 149  
2026/08/08 21:39:19 - mmengine - INFO - Epoch(val)  [19][ 90/116]    eta: 0:00:01  time: 0.0409  data_time: 0.0056  memory: 176  
2026/08/08 21:39:20 - mmengine - INFO - Epoch(val)  [19][100/116]    eta: 0:00:00  time: 0.0414  data_time: 0.0054  memory: 204  
2026/08/08 21:39:20 - mmengine - INFO - Epoch(val)  [19][110/116]    eta: 0:00:00  time: 0.0421  data_time: 0.0050  memory: 178  
2026/08/08 21:39:21 - mmengine - INFO - Evaluating bbox...
2026/08/08 21:39:21 - mmengine - INFO - bbox_mAP_copypaste: 0.592 0.896 0.672 0.000 0.707 0.530
2026/08/08 21:39:21 - mmengine - INFO - Evaluating segm...
2026/08/08 21:39:21 - mmengine - INFO - segm_mAP_copypaste: 0.616 0.891 0.677 0.000 0.721 0.560
2026/08/08 21:39:23 - mmengine - INFO - val kayip: val_kayip_cls 0.4890  val_kayip_bbox 0.2792  val_kayip_mask 0.1238  val_kayip 0.8919
2026/08/08 21:39:23 - mmengine - INFO - Epoch(val) [19][116/116]    busi/dice_tum: 0.7972  busi/dice_lezyonlu: 0.8070  busi/bos_dogru: 15  busi/esik: 0.3000  val_kayip_cls: 0.4890  val_kayip_bbox: 0.2792  val_kayip_mask: 0.1238  val_kayip: 0.8919  coco/bbox_mAP: 0.5920  coco/bbox_mAP_50: 0.8960  coco/bbox_mAP_75: 0.6720  coco/bbox_mAP_s: 0.0000  coco/bbox_mAP_m: 0.7070  coco/bbox_mAP_l: 0.5300  coco/segm_mAP: 0.6160  coco/segm_mAP_50: 0.8910  coco/segm_mAP_75: 0.6770  coco/segm_mAP_s: 0.0000  coco/segm_mAP_m: 0.7210  coco/segm_mAP_l: 0.5600  data_time: 0.0050  time: 0.0402
2026/08/08 21:39:26 - mmengine - INFO - Epoch(train)  [20][10/68]  base_lr: 1.2500e-04 lr: 1.2500e-04  eta: 0:32:57  time: 0.3374  data_time: 0.1264  memory: 601  grad_norm: 13.7435  loss: 0.6636  loss_cls: 0.2264  loss_bbox: 0.3064  loss_mask: 0.1308
2026/08/08 21:39:29 - mmengine - INFO - Epoch(train)  [20][20/68]  base_lr: 1.2500e-04 lr: 1.2500e-04  eta: 0:32:53  time: 0.3382  data_time: 0.1266  memory: 600  grad_norm: 13.8823  loss: 0.6692  loss_cls: 0.2212  loss_bbox: 0.3128  loss_mask: 0.1353
2026/08/08 21:39:33 - mmengine - INFO - Epoch(train)  [20][30/68]  base_lr: 1.2500e-04 lr: 1.2500e-04  eta: 0:32:48  time: 0.3365  data_time: 0.1251  memory: 600  grad_norm: 14.1349  loss: 0.6711  loss_cls: 0.2198  loss_bbox: 0.3116  loss_mask: 0.1396
2026/08/08 21:39:36 - mmengine - INFO - Epoch(train)  [20][40/68]  base_lr: 1.2500e-04 lr: 1.2500e-04  eta: 0:32:43  time: 0.3373  data_time: 0.1264  memory: 600  grad_norm: 14.2637  loss: 0.6696  loss_cls: 0.2189  loss_bbox: 0.3126  loss_mask: 0.1381
2026/08/08 21:39:40 - mmengine - INFO - Epoch(train)  [20][50/68]  base_lr: 1.2500e-04 lr: 1.2500e-04  eta: 0:32:40  time: 0.3403  data_time: 0.1287  memory: 602  grad_norm: 14.0422  loss: 0.6573  loss_cls: 0.2160  loss_bbox: 0.3048  loss_mask: 0.1365
2026/08/08 21:39:43 - mmengine - INFO - Epoch(train)  [20][60/68]  base_lr: 1.2500e-04 lr: 1.2500e-04  eta: 0:32:34  time: 0.3343  data_time: 0.1223  memory: 599  grad_norm: 14.4833  loss: 0.6659  loss_cls: 0.2186  loss_bbox: 0.3098  loss_mask: 0.1375
2026/08/08 21:39:45 - mmengine - INFO - Exp name: rtmdet_ins_busi_20260808_212745
2026/08/08 21:39:45 - mmengine - INFO - Saving checkpoint at 20 epochs
2026/08/08 21:39:48 - mmengine - INFO - Epoch(val)  [20][ 10/116]    eta: 0:00:04  time: 0.0439  data_time: 0.0049  memory: 600  
2026/08/08 21:39:48 - mmengine - INFO - Epoch(val)  [20][ 20/116]    eta: 0:00:04  time: 0.0433  data_time: 0.0050  memory: 127  
2026/08/08 21:39:49 - mmengine - INFO - Epoch(val)  [20][ 30/116]    eta: 0:00:03  time: 0.0411  data_time: 0.0049  memory: 171  
2026/08/08 21:39:49 - mmengine - INFO - Epoch(val)  [20][ 40/116]    eta: 0:00:02  time: 0.0398  data_time: 0.0049  memory: 187  
2026/08/08 21:39:49 - mmengine - INFO - Epoch(val)  [20][ 50/116]    eta: 0:00:02  time: 0.0382  data_time: 0.0056  memory: 153  
2026/08/08 21:39:50 - mmengine - INFO - Epoch(val)  [20][ 60/116]    eta: 0:00:02  time: 0.0373  data_time: 0.0063  memory: 177  
2026/08/08 21:39:50 - mmengine - INFO - Epoch(val)  [20][ 70/116]    eta: 0:00:01  time: 0.0376  data_time: 0.0053  memory: 137  
2026/08/08 21:39:50 - mmengine - INFO - Epoch(val)  [20][ 80/116]    eta: 0:00:01  time: 0.0380  data_time: 0.0049  memory: 149  
2026/08/08 21:39:51 - mmengine - INFO - Epoch(val)  [20][ 90/116]    eta: 0:00:01  time: 0.0394  data_time: 0.0061  memory: 181  
2026/08/08 21:39:51 - mmengine - INFO - Epoch(val)  [20][100/116]    eta: 0:00:00  time: 0.0417  data_time: 0.0061  memory: 193  
2026/08/08 21:39:52 - mmengine - INFO - Epoch(val)  [20][110/116]    eta: 0:00:00  time: 0.0419  data_time: 0.0052  memory: 168  
2026/08/08 21:39:52 - mmengine - INFO - Evaluating bbox...
2026/08/08 21:39:52 - mmengine - INFO - bbox_mAP_copypaste: 0.586 0.897 0.700 0.000 0.667 0.539
2026/08/08 21:39:52 - mmengine - INFO - Evaluating segm...
2026/08/08 21:39:52 - mmengine - INFO - segm_mAP_copypaste: 0.625 0.892 0.714 0.000 0.720 0.576
2026/08/08 21:39:54 - mmengine - INFO - val kayip: val_kayip_cls 0.4611  val_kayip_bbox 0.2758  val_kayip_mask 0.1219  val_kayip 0.8588
2026/08/08 21:39:54 - mmengine - INFO - Epoch(val) [20][116/116]    busi/dice_tum: 0.7918  busi/dice_lezyonlu: 0.7797  busi/bos_dogru: 17  busi/esik: 0.3000  val_kayip_cls: 0.4611  val_kayip_bbox: 0.2758  val_kayip_mask: 0.1219  val_kayip: 0.8588  coco/bbox_mAP: 0.5860  coco/bbox_mAP_50: 0.8970  coco/bbox_mAP_75: 0.7000  coco/bbox_mAP_s: 0.0000  coco/bbox_mAP_m: 0.6670  coco/bbox_mAP_l: 0.5390  coco/segm_mAP: 0.6250  coco/segm_mAP_50: 0.8920  coco/segm_mAP_75: 0.7140  coco/segm_mAP_s: 0.0000  coco/segm_mAP_m: 0.7200  coco/segm_mAP_l: 0.5760  data_time: 0.0056  time: 0.0404
2026/08/08 21:39:57 - mmengine - INFO - Epoch(train)  [21][10/68]  base_lr: 1.2500e-04 lr: 1.2500e-04  eta: 0:32:26  time: 0.3359  data_time: 0.1247  memory: 600  grad_norm: 14.3783  loss: 0.6750  loss_cls: 0.2351  loss_bbox: 0.3076  loss_mask: 0.1323
2026/08/08 21:40:01 - mmengine - INFO - Epoch(train)  [21][20/68]  base_lr: 1.2500e-04 lr: 1.2500e-04  eta: 0:32:21  time: 0.3319  data_time: 0.1211  memory: 601  grad_norm: 14.4059  loss: 0.6651  loss_cls: 0.2256  loss_bbox: 0.3069  loss_mask: 0.1327
2026/08/08 21:40:04 - mmengine - INFO - Epoch(train)  [21][30/68]  base_lr: 1.2500e-04 lr: 1.2500e-04  eta: 0:32:17  time: 0.3287  data_time: 0.1205  memory: 600  grad_norm: 14.0389  loss: 0.6783  loss_cls: 0.2357  loss_bbox: 0.3082  loss_mask: 0.1344
2026/08/08 21:40:08 - mmengine - INFO - Epoch(train)  [21][40/68]  base_lr: 1.2500e-04 lr: 1.2500e-04  eta: 0:32:13  time: 0.3358  data_time: 0.1270  memory: 601  grad_norm: 14.0658  loss: 0.6796  loss_cls: 0.2375  loss_bbox: 0.3058  loss_mask: 0.1363
2026/08/08 21:40:11 - mmengine - INFO - Epoch(train)  [21][50/68]  base_lr: 1.2500e-04 lr: 1.2500e-04  eta: 0:32:09  time: 0.3385  data_time: 0.1292  memory: 600  grad_norm: 13.8785  loss: 0.6622  loss_cls: 0.2212  loss_bbox: 0.3050  loss_mask: 0.1360
2026/08/08 21:40:14 - mmengine - INFO - Epoch(train)  [21][60/68]  base_lr: 1.2500e-04 lr: 1.2500e-04  eta: 0:32:05  time: 0.3390  data_time: 0.1266  memory: 601  grad_norm: 13.6808  loss: 0.6633  loss_cls: 0.2262  loss_bbox: 0.3001  loss_mask: 0.1370
2026/08/08 21:40:17 - mmengine - INFO - Exp name: rtmdet_ins_busi_20260808_212745
2026/08/08 21:40:17 - mmengine - INFO - Saving checkpoint at 21 epochs
2026/08/08 21:40:20 - mmengine - INFO - Epoch(val)  [21][ 10/116]    eta: 0:00:04  time: 0.0444  data_time: 0.0062  memory: 604  
2026/08/08 21:40:20 - mmengine - INFO - Epoch(val)  [21][ 20/116]    eta: 0:00:04  time: 0.0442  data_time: 0.0054  memory: 138  
2026/08/08 21:40:20 - mmengine - INFO - Epoch(val)  [21][ 30/116]    eta: 0:00:03  time: 0.0420  data_time: 0.0043  memory: 194  
2026/08/08 21:40:21 - mmengine - INFO - Epoch(val)  [21][ 40/116]    eta: 0:00:03  time: 0.0423  data_time: 0.0056  memory: 187  
2026/08/08 21:40:21 - mmengine - INFO - Epoch(val)  [21][ 50/116]    eta: 0:00:02  time: 0.0429  data_time: 0.0063  memory: 188  
2026/08/08 21:40:22 - mmengine - INFO - Epoch(val)  [21][ 60/116]    eta: 0:00:02  time: 0.0436  data_time: 0.0061  memory: 235  
2026/08/08 21:40:22 - mmengine - INFO - Epoch(val)  [21][ 70/116]    eta: 0:00:02  time: 0.0447  data_time: 0.0060  memory: 168  
2026/08/08 21:40:23 - mmengine - INFO - Epoch(val)  [21][ 80/116]    eta: 0:00:01  time: 0.0463  data_time: 0.0069  memory: 162  
2026/08/08 21:40:23 - mmengine - INFO - Epoch(val)  [21][ 90/116]    eta: 0:00:01  time: 0.0486  data_time: 0.0067  memory: 183  
2026/08/08 21:40:24 - mmengine - INFO - Epoch(val)  [21][100/116]    eta: 0:00:00  time: 0.0502  data_time: 0.0062  memory: 262  
2026/08/08 21:40:24 - mmengine - INFO - Epoch(val)  [21][110/116]    eta: 0:00:00  time: 0.0518  data_time: 0.0063  memory: 231  
2026/08/08 21:40:25 - mmengine - INFO - Evaluating bbox...
2026/08/08 21:40:25 - mmengine - INFO - bbox_mAP_copypaste: 0.561 0.900 0.659 0.000 0.643 0.521
2026/08/08 21:40:25 - mmengine - INFO - Evaluating segm...
2026/08/08 21:40:25 - mmengine - INFO - segm_mAP_copypaste: 0.614 0.884 0.727 0.000 0.715 0.568
2026/08/08 21:40:27 - mmengine - INFO - val kayip: val_kayip_cls 0.6827  val_kayip_bbox 0.2849  val_kayip_mask 0.1234  val_kayip 1.0910
2026/08/08 21:40:27 - mmengine - INFO - Epoch(val) [21][116/116]    busi/dice_tum: 0.7826  busi/dice_lezyonlu: 0.7581  busi/bos_dogru: 18  busi/esik: 0.4000  val_kayip_cls: 0.6827  val_kayip_bbox: 0.2849  val_kayip_mask: 0.1234  val_kayip: 1.0910  coco/bbox_mAP: 0.5610  coco/bbox_mAP_50: 0.9000  coco/bbox_mAP_75: 0.6590  coco/bbox_mAP_s: 0.0000  coco/bbox_mAP_m: 0.6430  coco/bbox_mAP_l: 0.5210  coco/segm_mAP: 0.6140  coco/segm_mAP_50: 0.8840  coco/segm_mAP_75: 0.7270  coco/segm_mAP_s: 0.0000  coco/segm_mAP_m: 0.7150  coco/segm_mAP_l: 0.5680  data_time: 0.0061  time: 0.0479
2026/08/08 21:40:30 - mmengine - INFO - Epoch(train)  [22][10/68]  base_lr: 1.2500e-04 lr: 1.2500e-04  eta: 0:31:57  time: 0.3444  data_time: 0.1300  memory: 601  grad_norm: 14.3906  loss: 0.6568  loss_cls: 0.2269  loss_bbox: 0.2968  loss_mask: 0.1331
2026/08/08 21:40:34 - mmengine - INFO - Epoch(train)  [22][20/68]  base_lr: 1.2500e-04 lr: 1.2500e-04  eta: 0:31:53  time: 0.3440  data_time: 0.1311  memory: 603  grad_norm: 14.2711  loss: 0.6306  loss_cls: 0.2139  loss_bbox: 0.2894  loss_mask: 0.1273
2026/08/08 21:40:37 - mmengine - INFO - Epoch(train)  [22][30/68]  base_lr: 1.2500e-04 lr: 1.2500e-04  eta: 0:31:49  time: 0.3444  data_time: 0.1313  memory: 600  grad_norm: 14.5671  loss: 0.6314  loss_cls: 0.2141  loss_bbox: 0.2891  loss_mask: 0.1281
2026/08/08 21:40:41 - mmengine - INFO - Epoch(train)  [22][40/68]  base_lr: 1.2500e-04 lr: 1.2500e-04  eta: 0:31:45  time: 0.3437  data_time: 0.1318  memory: 600  grad_norm: 14.3430  loss: 0.6155  loss_cls: 0.2036  loss_bbox: 0.2866  loss_mask: 0.1253
2026/08/08 21:40:44 - mmengine - INFO - Epoch(train)  [22][50/68]  base_lr: 1.2500e-04 lr: 1.2500e-04  eta: 0:31:42  time: 0.3508  data_time: 0.1362  memory: 601  grad_norm: 14.3079  loss: 0.6237  loss_cls: 0.2088  loss_bbox: 0.2857  loss_mask: 0.1292
2026/08/08 21:40:48 - mmengine - INFO - Epoch(train)  [22][60/68]  base_lr: 1.2500e-04 lr: 1.2500e-04  eta: 0:31:39  time: 0.3557  data_time: 0.1417  memory: 601  grad_norm: 14.1413  loss: 0.6385  loss_cls: 0.2176  loss_bbox: 0.2905  loss_mask: 0.1304
2026/08/08 21:40:51 - mmengine - INFO - Exp name: rtmdet_ins_busi_20260808_212745
2026/08/08 21:40:51 - mmengine - INFO - Saving checkpoint at 22 epochs
2026/08/08 21:40:53 - mmengine - INFO - Epoch(val)  [22][ 10/116]    eta: 0:00:04  time: 0.0526  data_time: 0.0069  memory: 601  
2026/08/08 21:40:53 - mmengine - INFO - Epoch(val)  [22][ 20/116]    eta: 0:00:03  time: 0.0498  data_time: 0.0060  memory: 127  
2026/08/08 21:40:54 - mmengine - INFO - Epoch(val)  [22][ 30/116]    eta: 0:00:03  time: 0.0451  data_time: 0.0051  memory: 152  
2026/08/08 21:40:54 - mmengine - INFO - Epoch(val)  [22][ 40/116]    eta: 0:00:02  time: 0.0417  data_time: 0.0051  memory: 187  
2026/08/08 21:40:55 - mmengine - INFO - Epoch(val)  [22][ 50/116]    eta: 0:00:02  time: 0.0394  data_time: 0.0052  memory: 176  
2026/08/08 21:40:55 - mmengine - INFO - Epoch(val)  [22][ 60/116]    eta: 0:00:02  time: 0.0408  data_time: 0.0041  memory: 177  
2026/08/08 21:40:56 - mmengine - INFO - Epoch(val)  [22][ 70/116]    eta: 0:00:01  time: 0.0415  data_time: 0.0045  memory: 141  
2026/08/08 21:40:56 - mmengine - INFO - Epoch(val)  [22][ 80/116]    eta: 0:00:01  time: 0.0428  data_time: 0.0047  memory: 146  
2026/08/08 21:40:56 - mmengine - INFO - Epoch(val)  [22][ 90/116]    eta: 0:00:01  time: 0.0452  data_time: 0.0047  memory: 176  
2026/08/08 21:40:57 - mmengine - INFO - Epoch(val)  [22][100/116]    eta: 0:00:00  time: 0.0444  data_time: 0.0051  memory: 221  
2026/08/08 21:40:57 - mmengine - INFO - Epoch(val)  [22][110/116]    eta: 0:00:00  time: 0.0434  data_time: 0.0061  memory: 175  
2026/08/08 21:40:58 - mmengine - INFO - Evaluating bbox...
2026/08/08 21:40:58 - mmengine - INFO - bbox_mAP_copypaste: 0.578 0.896 0.655 0.000 0.648 0.538
2026/08/08 21:40:58 - mmengine - INFO - Evaluating segm...
2026/08/08 21:40:58 - mmengine - INFO - segm_mAP_copypaste: 0.611 0.893 0.716 0.000 0.712 0.563
2026/08/08 21:40:59 - mmengine - INFO - val kayip: val_kayip_cls 0.5604  val_kayip_bbox 0.2715  val_kayip_mask 0.1273  val_kayip 0.9592
2026/08/08 21:40:59 - mmengine - INFO - Epoch(val) [22][116/116]    busi/dice_tum: 0.7881  busi/dice_lezyonlu: 0.7857  busi/bos_dogru: 16  busi/esik: 0.3000  val_kayip_cls: 0.5604  val_kayip_bbox: 0.2715  val_kayip_mask: 0.1273  val_kayip: 0.9592  coco/bbox_mAP: 0.5780  coco/bbox_mAP_50: 0.8960  coco/bbox_mAP_75: 0.6550  coco/bbox_mAP_s: 0.0000  coco/bbox_mAP_m: 0.6480  coco/bbox_mAP_l: 0.5380  coco/segm_mAP: 0.6110  coco/segm_mAP_50: 0.8930  coco/segm_mAP_75: 0.7160  coco/segm_mAP_s: 0.0000  coco/segm_mAP_m: 0.7120  coco/segm_mAP_l: 0.5630  data_time: 0.0059  time: 0.0425
2026/08/08 21:41:03 - mmengine - INFO - Epoch(train)  [23][10/68]  base_lr: 1.2500e-04 lr: 1.2500e-04  eta: 0:31:31  time: 0.3495  data_time: 0.1369  memory: 601  grad_norm: 13.6644  loss: 0.6462  loss_cls: 0.2209  loss_bbox: 0.2952  loss_mask: 0.1302
2026/08/08 21:41:06 - mmengine - INFO - Epoch(train)  [23][20/68]  base_lr: 1.2500e-04 lr: 1.2500e-04  eta: 0:31:27  time: 0.3504  data_time: 0.1382  memory: 600  grad_norm: 13.5143  loss: 0.6496  loss_cls: 0.2189  loss_bbox: 0.2961  loss_mask: 0.1347
2026/08/08 21:41:10 - mmengine - INFO - Epoch(train)  [23][30/68]  base_lr: 1.2500e-04 lr: 1.2500e-04  eta: 0:31:23  time: 0.3429  data_time: 0.1347  memory: 601  grad_norm: 13.3487  loss: 0.6537  loss_cls: 0.2163  loss_bbox: 0.3007  loss_mask: 0.1367
2026/08/08 21:41:13 - mmengine - INFO - Epoch(train)  [23][40/68]  base_lr: 1.2500e-04 lr: 1.2500e-04  eta: 0:31:18  time: 0.3348  data_time: 0.1279  memory: 599  grad_norm: 13.3190  loss: 0.6330  loss_cls: 0.2030  loss_bbox: 0.2970  loss_mask: 0.1330
2026/08/08 21:41:16 - mmengine - INFO - Epoch(train)  [23][50/68]  base_lr: 1.2500e-04 lr: 1.2500e-04  eta: 0:31:14  time: 0.3386  data_time: 0.1284  memory: 600  grad_norm: 13.2667  loss: 0.6221  loss_cls: 0.1978  loss_bbox: 0.2924  loss_mask: 0.1319
2026/08/08 21:41:20 - mmengine - INFO - Epoch(train)  [23][60/68]  base_lr: 1.2500e-04 lr: 1.2500e-04  eta: 0:31:10  time: 0.3412  data_time: 0.1301  memory: 601  grad_norm: 13.2694  loss: 0.6290  loss_cls: 0.2051  loss_bbox: 0.2919  loss_mask: 0.1321
2026/08/08 21:41:22 - mmengine - INFO - Exp name: rtmdet_ins_busi_20260808_212745
2026/08/08 21:41:22 - mmengine - INFO - Saving checkpoint at 23 epochs
2026/08/08 21:41:25 - mmengine - INFO - Epoch(val)  [23][ 10/116]    eta: 0:00:04  time: 0.0446  data_time: 0.0073  memory: 600  
2026/08/08 21:41:25 - mmengine - INFO - Epoch(val)  [23][ 20/116]    eta: 0:00:03  time: 0.0425  data_time: 0.0072  memory: 129  
2026/08/08 21:41:26 - mmengine - INFO - Epoch(val)  [23][ 30/116]    eta: 0:00:03  time: 0.0399  data_time: 0.0066  memory: 127  
2026/08/08 21:41:26 - mmengine - INFO - Epoch(val)  [23][ 40/116]    eta: 0:00:02  time: 0.0383  data_time: 0.0054  memory: 187  
2026/08/08 21:41:26 - mmengine - INFO - Epoch(val)  [23][ 50/116]    eta: 0:00:02  time: 0.0378  data_time: 0.0051  memory: 188  
2026/08/08 21:41:27 - mmengine - INFO - Epoch(val)  [23][ 60/116]    eta: 0:00:02  time: 0.0394  data_time: 0.0053  memory: 200  
2026/08/08 21:41:27 - mmengine - INFO - Epoch(val)  [23][ 70/116]    eta: 0:00:01  time: 0.0407  data_time: 0.0054  memory: 148  
2026/08/08 21:41:28 - mmengine - INFO - Epoch(val)  [23][ 80/116]    eta: 0:00:01  time: 0.0426  data_time: 0.0058  memory: 168  
2026/08/08 21:41:28 - mmengine - INFO - Epoch(val)  [23][ 90/116]    eta: 0:00:01  time: 0.0451  data_time: 0.0063  memory: 175  
2026/08/08 21:41:29 - mmengine - INFO - Epoch(val)  [23][100/116]    eta: 0:00:00  time: 0.0462  data_time: 0.0057  memory: 196  
2026/08/08 21:41:29 - mmengine - INFO - Epoch(val)  [23][110/116]    eta: 0:00:00  time: 0.0458  data_time: 0.0055  memory: 192  
2026/08/08 21:41:30 - mmengine - INFO - Evaluating bbox...
2026/08/08 21:41:30 - mmengine - INFO - bbox_mAP_copypaste: 0.563 0.890 0.613 0.000 0.643 0.517
2026/08/08 21:41:30 - mmengine - INFO - Evaluating segm...
2026/08/08 21:41:30 - mmengine - INFO - segm_mAP_copypaste: 0.605 0.887 0.678 0.000 0.718 0.548
2026/08/08 21:41:31 - mmengine - INFO - val kayip: val_kayip_cls 0.5509  val_kayip_bbox 0.2862  val_kayip_mask 0.1273  val_kayip 0.9644
2026/08/08 21:41:31 - mmengine - INFO - Epoch(val) [23][116/116]    busi/dice_tum: 0.7825  busi/dice_lezyonlu: 0.7476  busi/bos_dogru: 19  busi/esik: 0.4000  val_kayip_cls: 0.5509  val_kayip_bbox: 0.2862  val_kayip_mask: 0.1273  val_kayip: 0.9644  coco/bbox_mAP: 0.5630  coco/bbox_mAP_50: 0.8900  coco/bbox_mAP_75: 0.6130  coco/bbox_mAP_s: 0.0000  coco/bbox_mAP_m: 0.6430  coco/bbox_mAP_l: 0.5170  coco/segm_mAP: 0.6050  coco/segm_mAP_50: 0.8870  coco/segm_mAP_75: 0.6780  coco/segm_mAP_s: 0.0000  coco/segm_mAP_m: 0.7180  coco/segm_mAP_l: 0.5480  data_time: 0.0055  time: 0.0432
2026/08/08 21:41:35 - mmengine - INFO - Epoch(train)  [24][10/68]  base_lr: 1.2500e-04 lr: 1.2500e-04  eta: 0:31:03  time: 0.3394  data_time: 0.1273  memory: 602  grad_norm: 13.4692  loss: 0.6276  loss_cls: 0.2050  loss_bbox: 0.2947  loss_mask: 0.1279
2026/08/08 21:41:38 - mmengine - INFO - Epoch(train)  [24][20/68]  base_lr: 1.2500e-04 lr: 1.2500e-04  eta: 0:30:58  time: 0.3378  data_time: 0.1247  memory: 600  grad_norm: 13.7767  loss: 0.6188  loss_cls: 0.2007  loss_bbox: 0.2930  loss_mask: 0.1251
2026/08/08 21:41:41 - mmengine - INFO - Epoch(train)  [24][30/68]  base_lr: 1.2500e-04 lr: 1.2500e-04  eta: 0:30:54  time: 0.3378  data_time: 0.1239  memory: 600  grad_norm: 14.0926  loss: 0.6325  loss_cls: 0.2103  loss_bbox: 0.2938  loss_mask: 0.1284
2026/08/08 21:41:45 - mmengine - INFO - Epoch(train)  [24][40/68]  base_lr: 1.2500e-04 lr: 1.2500e-04  eta: 0:30:49  time: 0.3296  data_time: 0.1196  memory: 601  grad_norm: 14.2716  loss: 0.6383  loss_cls: 0.2141  loss_bbox: 0.2953  loss_mask: 0.1289
2026/08/08 21:41:48 - mmengine - INFO - Epoch(train)  [24][50/68]  base_lr: 1.2500e-04 lr: 1.2500e-04  eta: 0:30:45  time: 0.3353  data_time: 0.1214  memory: 602  grad_norm: 14.3569  loss: 0.6356  loss_cls: 0.2143  loss_bbox: 0.2931  loss_mask: 0.1283
2026/08/08 21:41:52 - mmengine - INFO - Epoch(train)  [24][60/68]  base_lr: 1.2500e-04 lr: 1.2500e-04  eta: 0:30:41  time: 0.3364  data_time: 0.1226  memory: 602  grad_norm: 14.2303  loss: 0.6356  loss_cls: 0.2105  loss_bbox: 0.2946  loss_mask: 0.1304
2026/08/08 21:41:54 - mmengine - INFO - Exp name: rtmdet_ins_busi_20260808_212745
2026/08/08 21:41:54 - mmengine - INFO - Saving checkpoint at 24 epochs
2026/08/08 21:41:57 - mmengine - INFO - Epoch(val)  [24][ 10/116]    eta: 0:00:04  time: 0.0474  data_time: 0.0056  memory: 599  
2026/08/08 21:41:57 - mmengine - INFO - Epoch(val)  [24][ 20/116]    eta: 0:00:03  time: 0.0457  data_time: 0.0056  memory: 129  
2026/08/08 21:41:57 - mmengine - INFO - Epoch(val)  [24][ 30/116]    eta: 0:00:03  time: 0.0429  data_time: 0.0051  memory: 192  
2026/08/08 21:41:58 - mmengine - INFO - Epoch(val)  [24][ 40/116]    eta: 0:00:02  time: 0.0416  data_time: 0.0050  memory: 201  
2026/08/08 21:41:58 - mmengine - INFO - Epoch(val)  [24][ 50/116]    eta: 0:00:02  time: 0.0389  data_time: 0.0055  memory: 163  
2026/08/08 21:41:59 - mmengine - INFO - Epoch(val)  [24][ 60/116]    eta: 0:00:02  time: 0.0401  data_time: 0.0061  memory: 217  
2026/08/08 21:41:59 - mmengine - INFO - Epoch(val)  [24][ 70/116]    eta: 0:00:01  time: 0.0414  data_time: 0.0066  memory: 149  
2026/08/08 21:42:00 - mmengine - INFO - Epoch(val)  [24][ 80/116]    eta: 0:00:01  time: 0.0417  data_time: 0.0063  memory: 159  
2026/08/08 21:42:00 - mmengine - INFO - Epoch(val)  [24][ 90/116]    eta: 0:00:01  time: 0.0440  data_time: 0.0064  memory: 181  
2026/08/08 21:42:01 - mmengine - INFO - Epoch(val)  [24][100/116]    eta: 0:00:00  time: 0.0451  data_time: 0.0062  memory: 225  
2026/08/08 21:42:01 - mmengine - INFO - Epoch(val)  [24][110/116]    eta: 0:00:00  time: 0.0459  data_time: 0.0062  memory: 246  
2026/08/08 21:42:01 - mmengine - INFO - Evaluating bbox...
2026/08/08 21:42:02 - mmengine - INFO - bbox_mAP_copypaste: 0.592 0.900 0.692 0.000 0.681 0.541
2026/08/08 21:42:02 - mmengine - INFO - Evaluating segm...
2026/08/08 21:42:02 - mmengine - INFO - segm_mAP_copypaste: 0.615 0.900 0.698 0.000 0.714 0.569
2026/08/08 21:42:03 - mmengine - INFO - val kayip: val_kayip_cls 0.8345  val_kayip_bbox 0.2768  val_kayip_mask 0.1238  val_kayip 1.2351
2026/08/08 21:42:03 - mmengine - INFO - Epoch(val) [24][116/116]    busi/dice_tum: 0.8054  busi/dice_lezyonlu: 0.7753  busi/bos_dogru: 19  busi/esik: 0.5000  val_kayip_cls: 0.8345  val_kayip_bbox: 0.2768  val_kayip_mask: 0.1238  val_kayip: 1.2351  coco/bbox_mAP: 0.5920  coco/bbox_mAP_50: 0.9000  coco/bbox_mAP_75: 0.6920  coco/bbox_mAP_s: 0.0000  coco/bbox_mAP_m: 0.6810  coco/bbox_mAP_l: 0.5410  coco/segm_mAP: 0.6150  coco/segm_mAP_50: 0.9000  coco/segm_mAP_75: 0.6980  coco/segm_mAP_s: 0.0000  coco/segm_mAP_m: 0.7140  coco/segm_mAP_l: 0.5690  data_time: 0.0060  time: 0.0437
2026/08/08 21:42:07 - mmengine - INFO - Epoch(train)  [25][10/68]  base_lr: 1.2500e-04 lr: 1.2500e-04  eta: 0:30:34  time: 0.3361  data_time: 0.1229  memory: 601  grad_norm: 13.8942  loss: 0.6677  loss_cls: 0.2293  loss_bbox: 0.3039  loss_mask: 0.1345
2026/08/08 21:42:10 - mmengine - INFO - Epoch(train)  [25][20/68]  base_lr: 1.2500e-04 lr: 1.2500e-04  eta: 0:30:30  time: 0.3438  data_time: 0.1299  memory: 601  grad_norm: 14.1501  loss: 0.6634  loss_cls: 0.2244  loss_bbox: 0.3054  loss_mask: 0.1336
2026/08/08 21:42:14 - mmengine - INFO - Epoch(train)  [25][30/68]  base_lr: 1.2500e-04 lr: 1.2500e-04  eta: 0:30:26  time: 0.3445  data_time: 0.1335  memory: 600  grad_norm: 14.0013  loss: 0.6585  loss_cls: 0.2173  loss_bbox: 0.3057  loss_mask: 0.1355
2026/08/08 21:42:17 - mmengine - INFO - Epoch(train)  [25][40/68]  base_lr: 1.2500e-04 lr: 1.2500e-04  eta: 0:30:22  time: 0.3434  data_time: 0.1331  memory: 600  grad_norm: 14.2585  loss: 0.6558  loss_cls: 0.2172  loss_bbox: 0.3028  loss_mask: 0.1359
2026/08/08 21:42:20 - mmengine - INFO - Epoch(train)  [25][50/68]  base_lr: 1.2500e-04 lr: 1.2500e-04  eta: 0:30:18  time: 0.3433  data_time: 0.1324  memory: 601  grad_norm: 13.8333  loss: 0.6248  loss_cls: 0.1971  loss_bbox: 0.2969  loss_mask: 0.1308
2026/08/08 21:42:24 - mmengine - INFO - Epoch(train)  [25][60/68]  base_lr: 1.2500e-04 lr: 1.2500e-04  eta: 0:30:14  time: 0.3407  data_time: 0.1291  memory: 601  grad_norm: 13.9757  loss: 0.6065  loss_cls: 0.1912  loss_bbox: 0.2886  loss_mask: 0.1266
2026/08/08 21:42:26 - mmengine - INFO - Exp name: rtmdet_ins_busi_20260808_212745
2026/08/08 21:42:26 - mmengine - INFO - Saving checkpoint at 25 epochs
2026/08/08 21:42:29 - mmengine - INFO - Epoch(val)  [25][ 10/116]    eta: 0:00:04  time: 0.0485  data_time: 0.0072  memory: 599  
2026/08/08 21:42:29 - mmengine - INFO - Epoch(val)  [25][ 20/116]    eta: 0:00:03  time: 0.0462  data_time: 0.0083  memory: 129  
2026/08/08 21:42:29 - mmengine - INFO - Epoch(val)  [25][ 30/116]    eta: 0:00:03  time: 0.0440  data_time: 0.0075  memory: 154  
2026/08/08 21:42:30 - mmengine - INFO - Epoch(val)  [25][ 40/116]    eta: 0:00:02  time: 0.0425  data_time: 0.0067  memory: 208  
2026/08/08 21:42:30 - mmengine - INFO - Epoch(val)  [25][ 50/116]    eta: 0:00:02  time: 0.0398  data_time: 0.0061  memory: 176  
2026/08/08 21:42:31 - mmengine - INFO - Epoch(val)  [25][ 60/116]    eta: 0:00:02  time: 0.0409  data_time: 0.0050  memory: 182  
2026/08/08 21:42:31 - mmengine - INFO - Epoch(val)  [25][ 70/116]    eta: 0:00:01  time: 0.0434  data_time: 0.0052  memory: 146  
2026/08/08 21:42:31 - mmengine - INFO - Epoch(val)  [25][ 80/116]    eta: 0:00:01  time: 0.0440  data_time: 0.0046  memory: 145  
2026/08/08 21:42:32 - mmengine - INFO - Epoch(val)  [25][ 90/116]    eta: 0:00:01  time: 0.0459  data_time: 0.0049  memory: 169  
2026/08/08 21:42:33 - mmengine - INFO - Epoch(val)  [25][100/116]    eta: 0:00:00  time: 0.0481  data_time: 0.0050  memory: 294  
2026/08/08 21:42:33 - mmengine - INFO - Epoch(val)  [25][110/116]    eta: 0:00:00  time: 0.0479  data_time: 0.0053  memory: 183  
2026/08/08 21:42:33 - mmengine - INFO - Evaluating bbox...
2026/08/08 21:42:33 - mmengine - INFO - bbox_mAP_copypaste: 0.569 0.890 0.673 0.000 0.656 0.525
2026/08/08 21:42:33 - mmengine - INFO - Evaluating segm...
2026/08/08 21:42:34 - mmengine - INFO - segm_mAP_copypaste: 0.608 0.898 0.687 0.000 0.714 0.554
2026/08/08 21:42:35 - mmengine - INFO - val kayip: val_kayip_cls 0.6695  val_kayip_bbox 0.2914  val_kayip_mask 0.1237  val_kayip 1.0846
2026/08/08 21:42:35 - mmengine - INFO - Epoch(val) [25][116/116]    busi/dice_tum: 0.8022  busi/dice_lezyonlu: 0.7610  busi/bos_dogru: 20  busi/esik: 0.5000  val_kayip_cls: 0.6695  val_kayip_bbox: 0.2914  val_kayip_mask: 0.1237  val_kayip: 1.0846  coco/bbox_mAP: 0.5690  coco/bbox_mAP_50: 0.8900  coco/bbox_mAP_75: 0.6730  coco/bbox_mAP_s: 0.0000  coco/bbox_mAP_m: 0.6560  coco/bbox_mAP_l: 0.5250  coco/segm_mAP: 0.6080  coco/segm_mAP_50: 0.8980  coco/segm_mAP_75: 0.6870  coco/segm_mAP_s: 0.0000  coco/segm_mAP_m: 0.7140  coco/segm_mAP_l: 0.5540  data_time: 0.0054  time: 0.0450
2026/08/08 21:42:39 - mmengine - INFO - Epoch(train)  [26][10/68]  base_lr: 1.2500e-04 lr: 1.2500e-04  eta: 0:30:06  time: 0.3352  data_time: 0.1246  memory: 604  grad_norm: 14.0177  loss: 0.6025  loss_cls: 0.1885  loss_bbox: 0.2877  loss_mask: 0.1263
2026/08/08 21:42:42 - mmengine - INFO - Epoch(train)  [26][20/68]  base_lr: 1.2500e-04 lr: 1.2500e-04  eta: 0:30:02  time: 0.3323  data_time: 0.1215  memory: 601  grad_norm: 13.9239  loss: 0.5891  loss_cls: 0.1843  loss_bbox: 0.2814  loss_mask: 0.1234
2026/08/08 21:42:45 - mmengine - INFO - Epoch(train)  [26][30/68]  base_lr: 1.2500e-04 lr: 1.2500e-04  eta: 0:29:57  time: 0.3262  data_time: 0.1166  memory: 601  grad_norm: 13.9587  loss: 0.5861  loss_cls: 0.1847  loss_bbox: 0.2775  loss_mask: 0.1239
2026/08/08 21:42:49 - mmengine - INFO - Epoch(train)  [26][40/68]  base_lr: 1.2500e-04 lr: 1.2500e-04  eta: 0:29:53  time: 0.3320  data_time: 0.1230  memory: 601  grad_norm: 13.5214  loss: 0.5686  loss_cls: 0.1699  loss_bbox: 0.2737  loss_mask: 0.1251
2026/08/08 21:42:52 - mmengine - INFO - Epoch(train)  [26][50/68]  base_lr: 1.2500e-04 lr: 1.2500e-04  eta: 0:29:50  time: 0.3383  data_time: 0.1264  memory: 601  grad_norm: 13.4016  loss: 0.5678  loss_cls: 0.1678  loss_bbox: 0.2742  loss_mask: 0.1257
2026/08/08 21:42:56 - mmengine - INFO - Epoch(train)  [26][60/68]  base_lr: 1.2500e-04 lr: 1.2500e-04  eta: 0:29:45  time: 0.3330  data_time: 0.1193  memory: 599  grad_norm: 13.6036  loss: 0.5744  loss_cls: 0.1749  loss_bbox: 0.2722  loss_mask: 0.1272
2026/08/08 21:42:58 - mmengine - INFO - Exp name: rtmdet_ins_busi_20260808_212745
2026/08/08 21:42:58 - mmengine - INFO - Saving checkpoint at 26 epochs
2026/08/08 21:43:01 - mmengine - INFO - Epoch(val)  [26][ 10/116]    eta: 0:00:04  time: 0.0501  data_time: 0.0050  memory: 602  
2026/08/08 21:43:01 - mmengine - INFO - Epoch(val)  [26][ 20/116]    eta: 0:00:04  time: 0.0516  data_time: 0.0060  memory: 129  
2026/08/08 21:43:02 - mmengine - INFO - Epoch(val)  [26][ 30/116]    eta: 0:00:03  time: 0.0488  data_time: 0.0054  memory: 152  
2026/08/08 21:43:02 - mmengine - INFO - Epoch(val)  [26][ 40/116]    eta: 0:00:03  time: 0.0471  data_time: 0.0053  memory: 172  
2026/08/08 21:43:03 - mmengine - INFO - Epoch(val)  [26][ 50/116]    eta: 0:00:02  time: 0.0454  data_time: 0.0058  memory: 170  
2026/08/08 21:43:03 - mmengine - INFO - Epoch(val)  [26][ 60/116]    eta: 0:00:02  time: 0.0456  data_time: 0.0063  memory: 209  
2026/08/08 21:43:03 - mmengine - INFO - Epoch(val)  [26][ 70/116]    eta: 0:00:02  time: 0.0437  data_time: 0.0065  memory: 147  
2026/08/08 21:43:04 - mmengine - INFO - Epoch(val)  [26][ 80/116]    eta: 0:00:01  time: 0.0441  data_time: 0.0067  memory: 167  
2026/08/08 21:43:04 - mmengine - INFO - Epoch(val)  [26][ 90/116]    eta: 0:00:01  time: 0.0453  data_time: 0.0074  memory: 181  
2026/08/08 21:43:05 - mmengine - INFO - Epoch(val)  [26][100/116]    eta: 0:00:00  time: 0.0457  data_time: 0.0074  memory: 235  
2026/08/08 21:43:05 - mmengine - INFO - Epoch(val)  [26][110/116]    eta: 0:00:00  time: 0.0460  data_time: 0.0069  memory: 158  
2026/08/08 21:43:06 - mmengine - INFO - Evaluating bbox...
2026/08/08 21:43:06 - mmengine - INFO - bbox_mAP_copypaste: 0.566 0.892 0.639 0.000 0.664 0.520
2026/08/08 21:43:06 - mmengine - INFO - Evaluating segm...
2026/08/08 21:43:06 - mmengine - INFO - segm_mAP_copypaste: 0.615 0.891 0.702 0.000 0.731 0.560
2026/08/08 21:43:08 - mmengine - INFO - val kayip: val_kayip_cls 0.6507  val_kayip_bbox 0.2873  val_kayip_mask 0.1229  val_kayip 1.0609
2026/08/08 21:43:08 - mmengine - INFO - Epoch(val) [26][116/116]    busi/dice_tum: 0.7920  busi/dice_lezyonlu: 0.7799  busi/bos_dogru: 17  busi/esik: 0.4000  val_kayip_cls: 0.6507  val_kayip_bbox: 0.2873  val_kayip_mask: 0.1229  val_kayip: 1.0609  coco/bbox_mAP: 0.5660  coco/bbox_mAP_50: 0.8920  coco/bbox_mAP_75: 0.6390  coco/bbox_mAP_s: 0.0000  coco/bbox_mAP_m: 0.6640  coco/bbox_mAP_l: 0.5200  coco/segm_mAP: 0.6150  coco/segm_mAP_50: 0.8910  coco/segm_mAP_75: 0.7020  coco/segm_mAP_s: 0.0000  coco/segm_mAP_m: 0.7310  coco/segm_mAP_l: 0.5600  data_time: 0.0064  time: 0.0463
2026/08/08 21:43:11 - mmengine - INFO - Epoch(train)  [27][10/68]  base_lr: 1.2500e-04 lr: 1.2500e-04  eta: 0:29:38  time: 0.3409  data_time: 0.1265  memory: 601  grad_norm: 14.2354  loss: 0.6344  loss_cls: 0.2087  loss_bbox: 0.2928  loss_mask: 0.1329
2026/08/08 21:43:15 - mmengine - INFO - Epoch(train)  [27][20/68]  base_lr: 1.2500e-04 lr: 1.2500e-04  eta: 0:29:34  time: 0.3413  data_time: 0.1265  memory: 604  grad_norm: 14.2053  loss: 0.6341  loss_cls: 0.2135  loss_bbox: 0.2898  loss_mask: 0.1309
2026/08/08 21:43:18 - mmengine - INFO - Epoch(train)  [27][30/68]  base_lr: 1.2500e-04 lr: 1.2500e-04  eta: 0:29:30  time: 0.3355  data_time: 0.1238  memory: 601  grad_norm: 13.7672  loss: 0.6265  loss_cls: 0.2140  loss_bbox: 0.2854  loss_mask: 0.1271
2026/08/08 21:43:21 - mmengine - INFO - Epoch(train)  [27][40/68]  base_lr: 1.2500e-04 lr: 1.2500e-04  eta: 0:29:25  time: 0.3342  data_time: 0.1226  memory: 601  grad_norm: 13.5209  loss: 0.6290  loss_cls: 0.2164  loss_bbox: 0.2865  loss_mask: 0.1261
2026/08/08 21:43:24 - mmengine - INFO - Epoch(train)  [27][50/68]  base_lr: 1.2500e-04 lr: 1.2500e-04  eta: 0:29:21  time: 0.3324  data_time: 0.1227  memory: 599  grad_norm: 13.3682  loss: 0.6118  loss_cls: 0.2039  loss_bbox: 0.2848  loss_mask: 0.1231
2026/08/08 21:43:28 - mmengine - INFO - Epoch(train)  [27][60/68]  base_lr: 1.2500e-04 lr: 1.2500e-04  eta: 0:29:17  time: 0.3295  data_time: 0.1201  memory: 601  grad_norm: 13.3703  loss: 0.6027  loss_cls: 0.1948  loss_bbox: 0.2826  loss_mask: 0.1254
2026/08/08 21:43:30 - mmengine - INFO - Exp name: rtmdet_ins_busi_20260808_212745
2026/08/08 21:43:30 - mmengine - INFO - Saving checkpoint at 27 epochs
2026/08/08 21:43:33 - mmengine - INFO - Epoch(val)  [27][ 10/116]    eta: 0:00:03  time: 0.0465  data_time: 0.0061  memory: 601  
2026/08/08 21:43:33 - mmengine - INFO - Epoch(val)  [27][ 20/116]    eta: 0:00:03  time: 0.0446  data_time: 0.0058  memory: 129  
2026/08/08 21:43:33 - mmengine - INFO - Epoch(val)  [27][ 30/116]    eta: 0:00:03  time: 0.0419  data_time: 0.0054  memory: 162  
2026/08/08 21:43:34 - mmengine - INFO - Epoch(val)  [27][ 40/116]    eta: 0:00:02  time: 0.0391  data_time: 0.0051  memory: 226  
2026/08/08 21:43:34 - mmengine - INFO - Epoch(val)  [27][ 50/116]    eta: 0:00:02  time: 0.0373  data_time: 0.0049  memory: 164  
2026/08/08 21:43:35 - mmengine - INFO - Epoch(val)  [27][ 60/116]    eta: 0:00:02  time: 0.0381  data_time: 0.0050  memory: 173  
2026/08/08 21:43:35 - mmengine - INFO - Epoch(val)  [27][ 70/116]    eta: 0:00:01  time: 0.0394  data_time: 0.0049  memory: 152  
2026/08/08 21:43:35 - mmengine - INFO - Epoch(val)  [27][ 80/116]    eta: 0:00:01  time: 0.0400  data_time: 0.0044  memory: 167  
2026/08/08 21:43:36 - mmengine - INFO - Epoch(val)  [27][ 90/116]    eta: 0:00:01  time: 0.0423  data_time: 0.0043  memory: 176  
2026/08/08 21:43:36 - mmengine - INFO - Epoch(val)  [27][100/116]    eta: 0:00:00  time: 0.0429  data_time: 0.0045  memory: 234  
2026/08/08 21:43:37 - mmengine - INFO - Epoch(val)  [27][110/116]    eta: 0:00:00  time: 0.0425  data_time: 0.0047  memory: 161  
2026/08/08 21:43:37 - mmengine - INFO - Evaluating bbox...
2026/08/08 21:43:37 - mmengine - INFO - bbox_mAP_copypaste: 0.589 0.895 0.722 0.000 0.702 0.537
2026/08/08 21:43:37 - mmengine - INFO - Evaluating segm...
2026/08/08 21:43:37 - mmengine - INFO - segm_mAP_copypaste: 0.598 0.894 0.639 0.000 0.711 0.544
2026/08/08 21:43:39 - mmengine - INFO - val kayip: val_kayip_cls 0.7215  val_kayip_bbox 0.2601  val_kayip_mask 0.1288  val_kayip 1.1104
2026/08/08 21:43:39 - mmengine - INFO - Epoch(val) [27][116/116]    busi/dice_tum: 0.7979  busi/dice_lezyonlu: 0.7662  busi/bos_dogru: 19  busi/esik: 0.5000  val_kayip_cls: 0.7215  val_kayip_bbox: 0.2601  val_kayip_mask: 0.1288  val_kayip: 1.1104  coco/bbox_mAP: 0.5890  coco/bbox_mAP_50: 0.8950  coco/bbox_mAP_75: 0.7220  coco/bbox_mAP_s: 0.0000  coco/bbox_mAP_m: 0.7020  coco/bbox_mAP_l: 0.5370  coco/segm_mAP: 0.5980  coco/segm_mAP_50: 0.8940  coco/segm_mAP_75: 0.6390  coco/segm_mAP_s: 0.0000  coco/segm_mAP_m: 0.7110  coco/segm_mAP_l: 0.5440  data_time: 0.0049  time: 0.0404
2026/08/08 21:43:42 - mmengine - INFO - Epoch(train)  [28][10/68]  base_lr: 1.2500e-04 lr: 1.2500e-04  eta: 0:29:10  time: 0.3281  data_time: 0.1200  memory: 603  grad_norm: 14.1533  loss: 0.6471  loss_cls: 0.2134  loss_bbox: 0.2984  loss_mask: 0.1353
2026/08/08 21:43:45 - mmengine - INFO - Epoch(train)  [28][20/68]  base_lr: 1.2500e-04 lr: 1.2500e-04  eta: 0:29:06  time: 0.3306  data_time: 0.1225  memory: 599  grad_norm: 14.1866  loss: 0.6428  loss_cls: 0.2079  loss_bbox: 0.2987  loss_mask: 0.1362
2026/08/08 21:43:49 - mmengine - INFO - Epoch(train)  [28][30/68]  base_lr: 1.2500e-04 lr: 1.2500e-04  eta: 0:29:01  time: 0.3292  data_time: 0.1216  memory: 601  grad_norm: 14.6465  loss: 0.6273  loss_cls: 0.1989  loss_bbox: 0.2961  loss_mask: 0.1324
2026/08/08 21:43:52 - mmengine - INFO - Epoch(train)  [28][40/68]  base_lr: 1.2500e-04 lr: 1.2500e-04  eta: 0:28:57  time: 0.3318  data_time: 0.1233  memory: 601  grad_norm: 14.4360  loss: 0.5885  loss_cls: 0.1758  loss_bbox: 0.2850  loss_mask: 0.1277
2026/08/08 21:43:55 - mmengine - INFO - Epoch(train)  [28][50/68]  base_lr: 1.2500e-04 lr: 1.2500e-04  eta: 0:28:54  time: 0.3331  data_time: 0.1221  memory: 604  grad_norm: 14.1237  loss: 0.5778  loss_cls: 0.1730  loss_bbox: 0.2812  loss_mask: 0.1235
2026/08/08 21:43:59 - mmengine - INFO - Epoch(train)  [28][60/68]  base_lr: 1.2500e-04 lr: 1.2500e-04  eta: 0:28:50  time: 0.3354  data_time: 0.1232  memory: 600  grad_norm: 14.1837  loss: 0.5599  loss_cls: 0.1655  loss_bbox: 0.2745  loss_mask: 0.1199
2026/08/08 21:44:01 - mmengine - INFO - Exp name: rtmdet_ins_busi_20260808_212745
2026/08/08 21:44:01 - mmengine - INFO - Saving checkpoint at 28 epochs
2026/08/08 21:44:04 - mmengine - INFO - Epoch(val)  [28][ 10/116]    eta: 0:00:04  time: 0.0436  data_time: 0.0055  memory: 601  
2026/08/08 21:44:04 - mmengine - INFO - Epoch(val)  [28][ 20/116]    eta: 0:00:04  time: 0.0436  data_time: 0.0060  memory: 129  
2026/08/08 21:44:05 - mmengine - INFO - Epoch(val)  [28][ 30/116]    eta: 0:00:03  time: 0.0418  data_time: 0.0060  memory: 147  
2026/08/08 21:44:05 - mmengine - INFO - Epoch(val)  [28][ 40/116]    eta: 0:00:03  time: 0.0414  data_time: 0.0058  memory: 201  
2026/08/08 21:44:05 - mmengine - INFO - Epoch(val)  [28][ 50/116]    eta: 0:00:02  time: 0.0411  data_time: 0.0056  memory: 158  
2026/08/08 21:44:06 - mmengine - INFO - Epoch(val)  [28][ 60/116]    eta: 0:00:02  time: 0.0418  data_time: 0.0058  memory: 186  
2026/08/08 21:44:06 - mmengine - INFO - Epoch(val)  [28][ 70/116]    eta: 0:00:01  time: 0.0411  data_time: 0.0060  memory: 127  
2026/08/08 21:44:07 - mmengine - INFO - Epoch(val)  [28][ 80/116]    eta: 0:00:01  time: 0.0417  data_time: 0.0060  memory: 152  
2026/08/08 21:44:07 - mmengine - INFO - Epoch(val)  [28][ 90/116]    eta: 0:00:01  time: 0.0422  data_time: 0.0054  memory: 176  
2026/08/08 21:44:08 - mmengine - INFO - Epoch(val)  [28][100/116]    eta: 0:00:00  time: 0.0417  data_time: 0.0050  memory: 213  
2026/08/08 21:44:08 - mmengine - INFO - Epoch(val)  [28][110/116]    eta: 0:00:00  time: 0.0402  data_time: 0.0050  memory: 138  
2026/08/08 21:44:08 - mmengine - INFO - Evaluating bbox...
2026/08/08 21:44:08 - mmengine - INFO - bbox_mAP_copypaste: 0.614 0.897 0.735 0.000 0.719 0.557
2026/08/08 21:44:08 - mmengine - INFO - Evaluating segm...
2026/08/08 21:44:08 - mmengine - INFO - segm_mAP_copypaste: 0.615 0.895 0.740 0.000 0.694 0.576
2026/08/08 21:44:10 - mmengine - INFO - val kayip: val_kayip_cls 0.5089  val_kayip_bbox 0.2621  val_kayip_mask 0.1218  val_kayip 0.8929
2026/08/08 21:44:10 - mmengine - INFO - Epoch(val) [28][116/116]    busi/dice_tum: 0.8152  busi/dice_lezyonlu: 0.7871  busi/bos_dogru: 19  busi/esik: 0.4000  val_kayip_cls: 0.5089  val_kayip_bbox: 0.2621  val_kayip_mask: 0.1218  val_kayip: 0.8929  coco/bbox_mAP: 0.6140  coco/bbox_mAP_50: 0.8970  coco/bbox_mAP_75: 0.7350  coco/bbox_mAP_s: 0.0000  coco/bbox_mAP_m: 0.7190  coco/bbox_mAP_l: 0.5570  coco/segm_mAP: 0.6150  coco/segm_mAP_50: 0.8950  coco/segm_mAP_75: 0.7400  coco/segm_mAP_s: 0.0000  coco/segm_mAP_m: 0.6940  coco/segm_mAP_l: 0.5760  data_time: 0.0057  time: 0.0414
2026/08/08 21:44:10 - mmengine - INFO - The previous best checkpoint d:\mamografi\real_time_segmentasyon\rtmdet\calisma\rtmdet_ins_tiny_256_orta_s43\best_busi_dice_tum_epoch_18.pth is removed
2026/08/08 21:44:12 - mmengine - INFO - The best checkpoint with 0.8152 busi/dice_tum at 28 epoch is saved to best_busi_dice_tum_epoch_28.pth.
2026/08/08 21:44:17 - mmengine - INFO - Epoch(train)  [29][10/68]  base_lr: 1.2500e-04 lr: 1.2500e-04  eta: 0:28:42  time: 0.3313  data_time: 0.1178  memory: 599  grad_norm: 13.6682  loss: 0.5857  loss_cls: 0.1819  loss_bbox: 0.2792  loss_mask: 0.1246
2026/08/08 21:44:20 - mmengine - INFO - Epoch(train)  [29][20/68]  base_lr: 1.2500e-04 lr: 1.2500e-04  eta: 0:28:38  time: 0.3286  data_time: 0.1168  memory: 600  grad_norm: 13.3005  loss: 0.5958  loss_cls: 0.1919  loss_bbox: 0.2799  loss_mask: 0.1240
2026/08/08 21:44:24 - mmengine - INFO - Epoch(train)  [29][30/68]  base_lr: 1.2500e-04 lr: 1.2500e-04  eta: 0:28:34  time: 0.3261  data_time: 0.1157  memory: 600  grad_norm: 13.4711  loss: 0.6055  loss_cls: 0.1951  loss_bbox: 0.2844  loss_mask: 0.1260
2026/08/08 21:44:27 - mmengine - INFO - Epoch(train)  [29][40/68]  base_lr: 1.2500e-04 lr: 1.2500e-04  eta: 0:28:29  time: 0.3236  data_time: 0.1153  memory: 602  grad_norm: 13.2148  loss: 0.5952  loss_cls: 0.1858  loss_bbox: 0.2823  loss_mask: 0.1270
2026/08/08 21:44:30 - mmengine - INFO - Epoch(train)  [29][50/68]  base_lr: 1.2500e-04 lr: 1.2500e-04  eta: 0:28:25  time: 0.3262  data_time: 0.1181  memory: 604  grad_norm: 13.6903  loss: 0.5938  loss_cls: 0.1850  loss_bbox: 0.2849  loss_mask: 0.1239
2026/08/08 21:44:34 - mmengine - INFO - Epoch(train)  [29][60/68]  base_lr: 1.2500e-04 lr: 1.2500e-04  eta: 0:28:22  time: 0.3326  data_time: 0.1234  memory: 602  grad_norm: 13.2525  loss: 0.5753  loss_cls: 0.1744  loss_bbox: 0.2795  loss_mask: 0.1214
2026/08/08 21:44:36 - mmengine - INFO - Exp name: rtmdet_ins_busi_20260808_212745
2026/08/08 21:44:36 - mmengine - INFO - Saving checkpoint at 29 epochs
2026/08/08 21:44:39 - mmengine - INFO - Epoch(val)  [29][ 10/116]    eta: 0:00:04  time: 0.0415  data_time: 0.0053  memory: 600  
2026/08/08 21:44:39 - mmengine - INFO - Epoch(val)  [29][ 20/116]    eta: 0:00:03  time: 0.0397  data_time: 0.0053  memory: 122  
2026/08/08 21:44:39 - mmengine - INFO - Epoch(val)  [29][ 30/116]    eta: 0:00:03  time: 0.0378  data_time: 0.0053  memory: 129  
2026/08/08 21:44:40 - mmengine - INFO - Epoch(val)  [29][ 40/116]    eta: 0:00:02  time: 0.0372  data_time: 0.0054  memory: 157  
2026/08/08 21:44:40 - mmengine - INFO - Epoch(val)  [29][ 50/116]    eta: 0:00:02  time: 0.0360  data_time: 0.0052  memory: 153  
2026/08/08 21:44:41 - mmengine - INFO - Epoch(val)  [29][ 60/116]    eta: 0:00:02  time: 0.0357  data_time: 0.0051  memory: 160  
2026/08/08 21:44:41 - mmengine - INFO - Epoch(val)  [29][ 70/116]    eta: 0:00:01  time: 0.0370  data_time: 0.0049  memory: 121  
2026/08/08 21:44:41 - mmengine - INFO - Epoch(val)  [29][ 80/116]    eta: 0:00:01  time: 0.0383  data_time: 0.0049  memory: 139  
2026/08/08 21:44:42 - mmengine - INFO - Epoch(val)  [29][ 90/116]    eta: 0:00:00  time: 0.0393  data_time: 0.0048  memory: 181  
2026/08/08 21:44:42 - mmengine - INFO - Epoch(val)  [29][100/116]    eta: 0:00:00  time: 0.0401  data_time: 0.0048  memory: 169  
2026/08/08 21:44:43 - mmengine - INFO - Epoch(val)  [29][110/116]    eta: 0:00:00  time: 0.0401  data_time: 0.0047  memory: 131  
2026/08/08 21:44:43 - mmengine - INFO - Evaluating bbox...
2026/08/08 21:44:43 - mmengine - INFO - bbox_mAP_copypaste: 0.580 0.901 0.676 0.000 0.656 0.547
2026/08/08 21:44:43 - mmengine - INFO - Evaluating segm...
2026/08/08 21:44:43 - mmengine - INFO - segm_mAP_copypaste: 0.618 0.899 0.725 0.000 0.702 0.581
2026/08/08 21:44:45 - mmengine - INFO - val kayip: val_kayip_cls 0.4009  val_kayip_bbox 0.2683  val_kayip_mask 0.1214  val_kayip 0.7905
2026/08/08 21:44:45 - mmengine - INFO - Epoch(val) [29][116/116]    busi/dice_tum: 0.8022  busi/dice_lezyonlu: 0.7818  busi/bos_dogru: 18  busi/esik: 0.4000  val_kayip_cls: 0.4009  val_kayip_bbox: 0.2683  val_kayip_mask: 0.1214  val_kayip: 0.7905  coco/bbox_mAP: 0.5800  coco/bbox_mAP_50: 0.9010  coco/bbox_mAP_75: 0.6760  coco/bbox_mAP_s: 0.0000  coco/bbox_mAP_m: 0.6560  coco/bbox_mAP_l: 0.5470  coco/segm_mAP: 0.6180  coco/segm_mAP_50: 0.8990  coco/segm_mAP_75: 0.7250  coco/segm_mAP_s: 0.0000  coco/segm_mAP_m: 0.7020  coco/segm_mAP_l: 0.5810  data_time: 0.0049  time: 0.0388
2026/08/08 21:44:48 - mmengine - INFO - Epoch(train)  [30][10/68]  base_lr: 1.2500e-04 lr: 1.2500e-04  eta: 0:28:15  time: 0.3339  data_time: 0.1242  memory: 600  grad_norm: 13.5810  loss: 0.5565  loss_cls: 0.1593  loss_bbox: 0.2780  loss_mask: 0.1192
2026/08/08 21:44:51 - mmengine - INFO - Epoch(train)  [30][20/68]  base_lr: 1.2500e-04 lr: 1.2500e-04  eta: 0:28:11  time: 0.3366  data_time: 0.1263  memory: 600  grad_norm: 13.5924  loss: 0.5708  loss_cls: 0.1679  loss_bbox: 0.2824  loss_mask: 0.1205
2026/08/08 21:44:54 - mmengine - INFO - Exp name: rtmdet_ins_busi_20260808_212745
2026/08/08 21:44:55 - mmengine - INFO - Epoch(train)  [30][30/68]  base_lr: 1.2500e-04 lr: 1.2500e-04  eta: 0:28:06  time: 0.3356  data_time: 0.1246  memory: 601  grad_norm: 13.7405  loss: 0.5704  loss_cls: 0.1655  loss_bbox: 0.2849  loss_mask: 0.1200
2026/08/08 21:44:58 - mmengine - INFO - Epoch(train)  [30][40/68]  base_lr: 1.2500e-04 lr: 1.2500e-04  eta: 0:28:02  time: 0.3300  data_time: 0.1210  memory: 602  grad_norm: 13.6829  loss: 0.5694  loss_cls: 0.1681  loss_bbox: 0.2811  loss_mask: 0.1202
2026/08/08 21:45:01 - mmengine - INFO - Epoch(train)  [30][50/68]  base_lr: 1.2500e-04 lr: 1.2500e-04  eta: 0:27:58  time: 0.3242  data_time: 0.1159  memory: 600  grad_norm: 13.8409  loss: 0.5713  loss_cls: 0.1676  loss_bbox: 0.2823  loss_mask: 0.1214
2026/08/08 21:45:04 - mmengine - INFO - Epoch(train)  [30][60/68]  base_lr: 1.2500e-04 lr: 1.2500e-04  eta: 0:27:54  time: 0.3246  data_time: 0.1159  memory: 602  grad_norm: 13.9701  loss: 0.5753  loss_cls: 0.1694  loss_bbox: 0.2845  loss_mask: 0.1215
2026/08/08 21:45:07 - mmengine - INFO - Exp name: rtmdet_ins_busi_20260808_212745
2026/08/08 21:45:07 - mmengine - INFO - Saving checkpoint at 30 epochs
2026/08/08 21:45:09 - mmengine - INFO - Epoch(val)  [30][ 10/116]    eta: 0:00:04  time: 0.0419  data_time: 0.0049  memory: 599  
2026/08/08 21:45:10 - mmengine - INFO - Epoch(val)  [30][ 20/116]    eta: 0:00:03  time: 0.0416  data_time: 0.0050  memory: 133  
2026/08/08 21:45:10 - mmengine - INFO - Epoch(val)  [30][ 30/116]    eta: 0:00:03  time: 0.0406  data_time: 0.0048  memory: 124  
2026/08/08 21:45:11 - mmengine - INFO - Epoch(val)  [30][ 40/116]    eta: 0:00:02  time: 0.0405  data_time: 0.0045  memory: 164  
2026/08/08 21:45:11 - mmengine - INFO - Epoch(val)  [30][ 50/116]    eta: 0:00:02  time: 0.0398  data_time: 0.0049  memory: 181  
2026/08/08 21:45:11 - mmengine - INFO - Epoch(val)  [30][ 60/116]    eta: 0:00:02  time: 0.0407  data_time: 0.0056  memory: 192  
2026/08/08 21:45:12 - mmengine - INFO - Epoch(val)  [30][ 70/116]    eta: 0:00:01  time: 0.0418  data_time: 0.0060  memory: 121  
2026/08/08 21:45:12 - mmengine - INFO - Epoch(val)  [30][ 80/116]    eta: 0:00:01  time: 0.0429  data_time: 0.0062  memory: 164  
2026/08/08 21:45:13 - mmengine - INFO - Epoch(val)  [30][ 90/116]    eta: 0:00:01  time: 0.0439  data_time: 0.0068  memory: 164  
2026/08/08 21:45:13 - mmengine - INFO - Epoch(val)  [30][100/116]    eta: 0:00:00  time: 0.0446  data_time: 0.0066  memory: 194  
2026/08/08 21:45:14 - mmengine - INFO - Epoch(val)  [30][110/116]    eta: 0:00:00  time: 0.0441  data_time: 0.0059  memory: 131  
2026/08/08 21:45:14 - mmengine - INFO - Evaluating bbox...
2026/08/08 21:45:14 - mmengine - INFO - bbox_mAP_copypaste: 0.594 0.898 0.708 0.000 0.674 0.554
2026/08/08 21:45:14 - mmengine - INFO - Evaluating segm...
2026/08/08 21:45:14 - mmengine - INFO - segm_mAP_copypaste: 0.616 0.890 0.696 0.000 0.716 0.566
2026/08/08 21:45:16 - mmengine - INFO - val kayip: val_kayip_cls 0.3840  val_kayip_bbox 0.2597  val_kayip_mask 0.1239  val_kayip 0.7676
2026/08/08 21:45:16 - mmengine - INFO - Epoch(val) [30][116/116]    busi/dice_tum: 0.8036  busi/dice_lezyonlu: 0.7940  busi/bos_dogru: 17  busi/esik: 0.3000  val_kayip_cls: 0.3840  val_kayip_bbox: 0.2597  val_kayip_mask: 0.1239  val_kayip: 0.7676  coco/bbox_mAP: 0.5940  coco/bbox_mAP_50: 0.8980  coco/bbox_mAP_75: 0.7080  coco/bbox_mAP_s: 0.0000  coco/bbox_mAP_m: 0.6740  coco/bbox_mAP_l: 0.5540  coco/segm_mAP: 0.6160  coco/segm_mAP_50: 0.8900  coco/segm_mAP_75: 0.6960  coco/segm_mAP_s: 0.0000  coco/segm_mAP_m: 0.7160  coco/segm_mAP_l: 0.5660  data_time: 0.0055  time: 0.0424
2026/08/08 21:45:19 - mmengine - INFO - Epoch(train)  [31][10/68]  base_lr: 1.2500e-04 lr: 1.2500e-04  eta: 0:27:46  time: 0.3243  data_time: 0.1164  memory: 602  grad_norm: 14.0253  loss: 0.5687  loss_cls: 0.1612  loss_bbox: 0.2831  loss_mask: 0.1244
2026/08/08 21:45:23 - mmengine - INFO - Epoch(train)  [31][20/68]  base_lr: 1.2500e-04 lr: 1.2500e-04  eta: 0:27:43  time: 0.3271  data_time: 0.1191  memory: 601  grad_norm: 13.8209  loss: 0.5619  loss_cls: 0.1517  loss_bbox: 0.2853  loss_mask: 0.1249
2026/08/08 21:45:26 - mmengine - INFO - Epoch(train)  [31][30/68]  base_lr: 1.2500e-04 lr: 1.2500e-04  eta: 0:27:39  time: 0.3335  data_time: 0.1236  memory: 600  grad_norm: 13.8284  loss: 0.5530  loss_cls: 0.1473  loss_bbox: 0.2828  loss_mask: 0.1230
2026/08/08 21:45:29 - mmengine - INFO - Epoch(train)  [31][40/68]  base_lr: 1.2500e-04 lr: 1.2500e-04  eta: 0:27:35  time: 0.3338  data_time: 0.1249  memory: 599  grad_norm: 13.6503  loss: 0.5526  loss_cls: 0.1464  loss_bbox: 0.2812  loss_mask: 0.1250
2026/08/08 21:45:33 - mmengine - INFO - Epoch(train)  [31][50/68]  base_lr: 1.2500e-04 lr: 1.2500e-04  eta: 0:27:31  time: 0.3327  data_time: 0.1254  memory: 600  grad_norm: 13.6562  loss: 0.5589  loss_cls: 0.1521  loss_bbox: 0.2830  loss_mask: 0.1239
2026/08/08 21:45:36 - mmengine - INFO - Epoch(train)  [31][60/68]  base_lr: 1.2500e-04 lr: 1.2500e-04  eta: 0:27:27  time: 0.3323  data_time: 0.1220  memory: 601  grad_norm: 13.8357  loss: 0.5423  loss_cls: 0.1510  loss_bbox: 0.2718  loss_mask: 0.1194
2026/08/08 21:45:39 - mmengine - INFO - Exp name: rtmdet_ins_busi_20260808_212745
2026/08/08 21:45:39 - mmengine - INFO - Saving checkpoint at 31 epochs
2026/08/08 21:45:41 - mmengine - INFO - Epoch(val)  [31][ 10/116]    eta: 0:00:03  time: 0.0434  data_time: 0.0060  memory: 600  
2026/08/08 21:45:41 - mmengine - INFO - Epoch(val)  [31][ 20/116]    eta: 0:00:03  time: 0.0412  data_time: 0.0050  memory: 113  
2026/08/08 21:45:42 - mmengine - INFO - Epoch(val)  [31][ 30/116]    eta: 0:00:03  time: 0.0407  data_time: 0.0047  memory: 139  
2026/08/08 21:45:42 - mmengine - INFO - Epoch(val)  [31][ 40/116]    eta: 0:00:03  time: 0.0418  data_time: 0.0050  memory: 168  
2026/08/08 21:45:43 - mmengine - INFO - Epoch(val)  [31][ 50/116]    eta: 0:00:02  time: 0.0420  data_time: 0.0051  memory: 176  
2026/08/08 21:45:43 - mmengine - INFO - Epoch(val)  [31][ 60/116]    eta: 0:00:02  time: 0.0441  data_time: 0.0050  memory: 173  
2026/08/08 21:45:44 - mmengine - INFO - Epoch(val)  [31][ 70/116]    eta: 0:00:01  time: 0.0461  data_time: 0.0052  memory: 131  
2026/08/08 21:45:44 - mmengine - INFO - Epoch(val)  [31][ 80/116]    eta: 0:00:01  time: 0.0450  data_time: 0.0052  memory: 139  
2026/08/08 21:45:45 - mmengine - INFO - Epoch(val)  [31][ 90/116]    eta: 0:00:01  time: 0.0452  data_time: 0.0050  memory: 145  
2026/08/08 21:45:45 - mmengine - INFO - Epoch(val)  [31][100/116]    eta: 0:00:00  time: 0.0450  data_time: 0.0049  memory: 253  
2026/08/08 21:45:45 - mmengine - INFO - Epoch(val)  [31][110/116]    eta: 0:00:00  time: 0.0436  data_time: 0.0046  memory: 164  
2026/08/08 21:45:46 - mmengine - INFO - Evaluating bbox...
2026/08/08 21:45:46 - mmengine - INFO - bbox_mAP_copypaste: 0.601 0.903 0.692 0.000 0.701 0.550
2026/08/08 21:45:46 - mmengine - INFO - Evaluating segm...
2026/08/08 21:45:46 - mmengine - INFO - segm_mAP_copypaste: 0.618 0.902 0.684 0.000 0.722 0.567
2026/08/08 21:45:48 - mmengine - INFO - val kayip: val_kayip_cls 0.4504  val_kayip_bbox 0.2652  val_kayip_mask 0.1229  val_kayip 0.8385
2026/08/08 21:45:48 - mmengine - INFO - Epoch(val) [31][116/116]    busi/dice_tum: 0.8063  busi/dice_lezyonlu: 0.7763  busi/bos_dogru: 19  busi/esik: 0.4000  val_kayip_cls: 0.4504  val_kayip_bbox: 0.2652  val_kayip_mask: 0.1229  val_kayip: 0.8385  coco/bbox_mAP: 0.6010  coco/bbox_mAP_50: 0.9030  coco/bbox_mAP_75: 0.6920  coco/bbox_mAP_s: 0.0000  coco/bbox_mAP_m: 0.7010  coco/bbox_mAP_l: 0.5500  coco/segm_mAP: 0.6180  coco/segm_mAP_50: 0.9020  coco/segm_mAP_75: 0.6840  coco/segm_mAP_s: 0.0000  coco/segm_mAP_m: 0.7220  coco/segm_mAP_l: 0.5670  data_time: 0.0052  time: 0.0436
2026/08/08 21:45:51 - mmengine - INFO - Epoch(train)  [32][10/68]  base_lr: 1.2500e-04 lr: 1.2500e-04  eta: 0:27:20  time: 0.3345  data_time: 0.1207  memory: 601  grad_norm: 14.7001  loss: 0.5595  loss_cls: 0.1655  loss_bbox: 0.2739  loss_mask: 0.1201
2026/08/08 21:45:55 - mmengine - INFO - Epoch(train)  [32][20/68]  base_lr: 1.2500e-04 lr: 1.2500e-04  eta: 0:27:17  time: 0.3396  data_time: 0.1239  memory: 602  grad_norm: 14.3888  loss: 0.5731  loss_cls: 0.1775  loss_bbox: 0.2735  loss_mask: 0.1220
2026/08/08 21:45:59 - mmengine - INFO - Epoch(train)  [32][30/68]  base_lr: 1.2500e-04 lr: 1.2500e-04  eta: 0:27:14  time: 0.3509  data_time: 0.1276  memory: 604  grad_norm: 14.5113  loss: 0.5857  loss_cls: 0.1839  loss_bbox: 0.2754  loss_mask: 0.1264
2026/08/08 21:46:02 - mmengine - INFO - Epoch(train)  [32][40/68]  base_lr: 1.2500e-04 lr: 1.2500e-04  eta: 0:27:11  time: 0.3549  data_time: 0.1317  memory: 601  grad_norm: 14.5278  loss: 0.5783  loss_cls: 0.1793  loss_bbox: 0.2753  loss_mask: 0.1237
2026/08/08 21:46:06 - mmengine - INFO - Epoch(train)  [32][50/68]  base_lr: 1.2500e-04 lr: 1.2500e-04  eta: 0:27:08  time: 0.3662  data_time: 0.1413  memory: 601  grad_norm: 14.0330  loss: 0.5670  loss_cls: 0.1735  loss_bbox: 0.2722  loss_mask: 0.1213
2026/08/08 21:46:10 - mmengine - INFO - Epoch(train)  [32][60/68]  base_lr: 1.2500e-04 lr: 1.2500e-04  eta: 0:27:05  time: 0.3702  data_time: 0.1421  memory: 601  grad_norm: 13.5935  loss: 0.5696  loss_cls: 0.1724  loss_bbox: 0.2729  loss_mask: 0.1243
2026/08/08 21:46:12 - mmengine - INFO - Exp name: rtmdet_ins_busi_20260808_212745
2026/08/08 21:46:12 - mmengine - INFO - Saving checkpoint at 32 epochs
2026/08/08 21:46:15 - mmengine - INFO - Epoch(val)  [32][ 10/116]    eta: 0:00:04  time: 0.0446  data_time: 0.0055  memory: 601  
2026/08/08 21:46:15 - mmengine - INFO - Epoch(val)  [32][ 20/116]    eta: 0:00:03  time: 0.0423  data_time: 0.0057  memory: 122  
2026/08/08 21:46:16 - mmengine - INFO - Epoch(val)  [32][ 30/116]    eta: 0:00:03  time: 0.0404  data_time: 0.0057  memory: 143  
2026/08/08 21:46:16 - mmengine - INFO - Epoch(val)  [32][ 40/116]    eta: 0:00:02  time: 0.0398  data_time: 0.0054  memory: 201  
2026/08/08 21:46:17 - mmengine - INFO - Epoch(val)  [32][ 50/116]    eta: 0:00:02  time: 0.0387  data_time: 0.0054  memory: 188  
2026/08/08 21:46:17 - mmengine - INFO - Epoch(val)  [32][ 60/116]    eta: 0:00:02  time: 0.0402  data_time: 0.0054  memory: 177  
2026/08/08 21:46:18 - mmengine - INFO - Epoch(val)  [32][ 70/116]    eta: 0:00:01  time: 0.0431  data_time: 0.0055  memory: 154  
2026/08/08 21:46:18 - mmengine - INFO - Epoch(val)  [32][ 80/116]    eta: 0:00:01  time: 0.0438  data_time: 0.0053  memory: 146  
2026/08/08 21:46:19 - mmengine - INFO - Epoch(val)  [32][ 90/116]    eta: 0:00:01  time: 0.0458  data_time: 0.0057  memory: 164  
2026/08/08 21:46:19 - mmengine - INFO - Epoch(val)  [32][100/116]    eta: 0:00:00  time: 0.0462  data_time: 0.0054  memory: 249  
2026/08/08 21:46:19 - mmengine - INFO - Epoch(val)  [32][110/116]    eta: 0:00:00  time: 0.0455  data_time: 0.0055  memory: 164  
2026/08/08 21:46:20 - mmengine - INFO - Evaluating bbox...
2026/08/08 21:46:20 - mmengine - INFO - bbox_mAP_copypaste: 0.617 0.904 0.725 0.000 0.707 0.569
2026/08/08 21:46:20 - mmengine - INFO - Evaluating segm...
2026/08/08 21:46:20 - mmengine - INFO - segm_mAP_copypaste: 0.613 0.894 0.695 0.000 0.713 0.565
2026/08/08 21:46:22 - mmengine - INFO - val kayip: val_kayip_cls 0.4303  val_kayip_bbox 0.2541  val_kayip_mask 0.1239  val_kayip 0.8083
2026/08/08 21:46:22 - mmengine - INFO - Epoch(val) [32][116/116]    busi/dice_tum: 0.8248  busi/dice_lezyonlu: 0.8092  busi/bos_dogru: 18  busi/esik: 0.3000  val_kayip_cls: 0.4303  val_kayip_bbox: 0.2541  val_kayip_mask: 0.1239  val_kayip: 0.8083  coco/bbox_mAP: 0.6170  coco/bbox_mAP_50: 0.9040  coco/bbox_mAP_75: 0.7250  coco/bbox_mAP_s: 0.0000  coco/bbox_mAP_m: 0.7070  coco/bbox_mAP_l: 0.5690  coco/segm_mAP: 0.6130  coco/segm_mAP_50: 0.8940  coco/segm_mAP_75: 0.6950  coco/segm_mAP_s: 0.0000  coco/segm_mAP_m: 0.7130  coco/segm_mAP_l: 0.5650  data_time: 0.0055  time: 0.0431
2026/08/08 21:46:22 - mmengine - INFO - The previous best checkpoint d:\mamografi\real_time_segmentasyon\rtmdet\calisma\rtmdet_ins_tiny_256_orta_s43\best_busi_dice_tum_epoch_28.pth is removed
2026/08/08 21:46:23 - mmengine - INFO - The best checkpoint with 0.8248 busi/dice_tum at 32 epoch is saved to best_busi_dice_tum_epoch_32.pth.
2026/08/08 21:46:29 - mmengine - INFO - Epoch(train)  [33][10/68]  base_lr: 1.2500e-04 lr: 1.2500e-04  eta: 0:26:58  time: 0.3628  data_time: 0.1401  memory: 601  grad_norm: 13.9552  loss: 0.5378  loss_cls: 0.1525  loss_bbox: 0.2718  loss_mask: 0.1135
2026/08/08 21:46:32 - mmengine - INFO - Epoch(train)  [33][20/68]  base_lr: 1.2500e-04 lr: 1.2500e-04  eta: 0:26:55  time: 0.3585  data_time: 0.1357  memory: 603  grad_norm: 13.8087  loss: 0.5385  loss_cls: 0.1545  loss_bbox: 0.2723  loss_mask: 0.1117
2026/08/08 21:46:36 - mmengine - INFO - Epoch(train)  [33][30/68]  base_lr: 1.2500e-04 lr: 1.2500e-04  eta: 0:26:51  time: 0.3510  data_time: 0.1322  memory: 601  grad_norm: 13.8154  loss: 0.5431  loss_cls: 0.1570  loss_bbox: 0.2719  loss_mask: 0.1142
2026/08/08 21:46:39 - mmengine - INFO - Epoch(train)  [33][40/68]  base_lr: 1.2500e-04 lr: 1.2500e-04  eta: 0:26:47  time: 0.3390  data_time: 0.1250  memory: 601  grad_norm: 13.9666  loss: 0.5442  loss_cls: 0.1587  loss_bbox: 0.2723  loss_mask: 0.1133
2026/08/08 21:46:42 - mmengine - INFO - Epoch(train)  [33][50/68]  base_lr: 1.2500e-04 lr: 1.2500e-04  eta: 0:26:43  time: 0.3382  data_time: 0.1246  memory: 601  grad_norm: 13.9072  loss: 0.5401  loss_cls: 0.1548  loss_bbox: 0.2712  loss_mask: 0.1142
2026/08/08 21:46:45 - mmengine - INFO - Epoch(train)  [33][60/68]  base_lr: 1.2500e-04 lr: 1.2500e-04  eta: 0:26:39  time: 0.3294  data_time: 0.1197  memory: 600  grad_norm: 13.7145  loss: 0.5527  loss_cls: 0.1618  loss_bbox: 0.2725  loss_mask: 0.1184
2026/08/08 21:46:48 - mmengine - INFO - Exp name: rtmdet_ins_busi_20260808_212745
2026/08/08 21:46:48 - mmengine - INFO - Saving checkpoint at 33 epochs
2026/08/08 21:46:50 - mmengine - INFO - Epoch(val)  [33][ 10/116]    eta: 0:00:03  time: 0.0449  data_time: 0.0051  memory: 603  
2026/08/08 21:46:51 - mmengine - INFO - Epoch(val)  [33][ 20/116]    eta: 0:00:03  time: 0.0422  data_time: 0.0048  memory: 122  
2026/08/08 21:46:51 - mmengine - INFO - Epoch(val)  [33][ 30/116]    eta: 0:00:02  time: 0.0390  data_time: 0.0044  memory: 122  
2026/08/08 21:46:51 - mmengine - INFO - Epoch(val)  [33][ 40/116]    eta: 0:00:02  time: 0.0378  data_time: 0.0041  memory: 197  
2026/08/08 21:46:52 - mmengine - INFO - Epoch(val)  [33][ 50/116]    eta: 0:00:02  time: 0.0356  data_time: 0.0039  memory: 164  
2026/08/08 21:46:52 - mmengine - INFO - Epoch(val)  [33][ 60/116]    eta: 0:00:02  time: 0.0373  data_time: 0.0051  memory: 156  
2026/08/08 21:46:53 - mmengine - INFO - Epoch(val)  [33][ 70/116]    eta: 0:00:01  time: 0.0384  data_time: 0.0051  memory: 128  
2026/08/08 21:46:53 - mmengine - INFO - Epoch(val)  [33][ 80/116]    eta: 0:00:01  time: 0.0401  data_time: 0.0054  memory: 132  
2026/08/08 21:46:53 - mmengine - INFO - Epoch(val)  [33][ 90/116]    eta: 0:00:00  time: 0.0411  data_time: 0.0056  memory: 133  
2026/08/08 21:46:54 - mmengine - INFO - Epoch(val)  [33][100/116]    eta: 0:00:00  time: 0.0419  data_time: 0.0056  memory: 221  
2026/08/08 21:46:54 - mmengine - INFO - Epoch(val)  [33][110/116]    eta: 0:00:00  time: 0.0407  data_time: 0.0050  memory: 131  
2026/08/08 21:46:54 - mmengine - INFO - Evaluating bbox...
2026/08/08 21:46:54 - mmengine - INFO - bbox_mAP_copypaste: 0.618 0.895 0.788 0.000 0.712 0.568
2026/08/08 21:46:54 - mmengine - INFO - Evaluating segm...
2026/08/08 21:46:55 - mmengine - INFO - segm_mAP_copypaste: 0.613 0.879 0.760 0.000 0.717 0.562
2026/08/08 21:46:56 - mmengine - INFO - val kayip: val_kayip_cls 0.4039  val_kayip_bbox 0.2585  val_kayip_mask 0.1228  val_kayip 0.7853
2026/08/08 21:46:56 - mmengine - INFO - Epoch(val) [33][116/116]    busi/dice_tum: 0.7996  busi/dice_lezyonlu: 0.7995  busi/bos_dogru: 16  busi/esik: 0.3000  val_kayip_cls: 0.4039  val_kayip_bbox: 0.2585  val_kayip_mask: 0.1228  val_kayip: 0.7853  coco/bbox_mAP: 0.6180  coco/bbox_mAP_50: 0.8950  coco/bbox_mAP_75: 0.7880  coco/bbox_mAP_s: 0.0000  coco/bbox_mAP_m: 0.7120  coco/bbox_mAP_l: 0.5680  coco/segm_mAP: 0.6130  coco/segm_mAP_50: 0.8790  coco/segm_mAP_75: 0.7600  coco/segm_mAP_s: 0.0000  coco/segm_mAP_m: 0.7170  coco/segm_mAP_l: 0.5620  data_time: 0.0048  time: 0.0389
2026/08/08 21:47:00 - mmengine - INFO - Epoch(train)  [34][10/68]  base_lr: 1.2500e-04 lr: 1.2500e-04  eta: 0:26:32  time: 0.3305  data_time: 0.1219  memory: 601  grad_norm: 14.1351  loss: 0.5658  loss_cls: 0.1663  loss_bbox: 0.2757  loss_mask: 0.1238
2026/08/08 21:47:03 - mmengine - INFO - Epoch(train)  [34][20/68]  base_lr: 1.2500e-04 lr: 1.2500e-04  eta: 0:26:28  time: 0.3329  data_time: 0.1262  memory: 601  grad_norm: 14.2765  loss: 0.5684  loss_cls: 0.1692  loss_bbox: 0.2717  loss_mask: 0.1275
2026/08/08 21:47:07 - mmengine - INFO - Epoch(train)  [34][30/68]  base_lr: 1.2500e-04 lr: 1.2500e-04  eta: 0:26:25  time: 0.3349  data_time: 0.1306  memory: 603  grad_norm: 14.0580  loss: 0.5827  loss_cls: 0.1762  loss_bbox: 0.2754  loss_mask: 0.1311
2026/08/08 21:47:10 - mmengine - INFO - Epoch(train)  [34][40/68]  base_lr: 1.2500e-04 lr: 1.2500e-04  eta: 0:26:21  time: 0.3392  data_time: 0.1331  memory: 600  grad_norm: 13.9773  loss: 0.5757  loss_cls: 0.1689  loss_bbox: 0.2790  loss_mask: 0.1278
2026/08/08 21:47:14 - mmengine - INFO - Epoch(train)  [34][50/68]  base_lr: 1.2500e-04 lr: 1.2500e-04  eta: 0:26:18  time: 0.3476  data_time: 0.1420  memory: 603  grad_norm: 13.4628  loss: 0.5668  loss_cls: 0.1663  loss_bbox: 0.2760  loss_mask: 0.1245
2026/08/08 21:47:17 - mmengine - INFO - Epoch(train)  [34][60/68]  base_lr: 1.2500e-04 lr: 1.2500e-04  eta: 0:26:14  time: 0.3451  data_time: 0.1398  memory: 601  grad_norm: 13.3466  loss: 0.5723  loss_cls: 0.1694  loss_bbox: 0.2787  loss_mask: 0.1242
2026/08/08 21:47:20 - mmengine - INFO - Exp name: rtmdet_ins_busi_20260808_212745
2026/08/08 21:47:20 - mmengine - INFO - Saving checkpoint at 34 epochs
2026/08/08 21:47:22 - mmengine - INFO - Epoch(val)  [34][ 10/116]    eta: 0:00:04  time: 0.0412  data_time: 0.0049  memory: 601  
2026/08/08 21:47:22 - mmengine - INFO - Epoch(val)  [34][ 20/116]    eta: 0:00:03  time: 0.0408  data_time: 0.0050  memory: 125  
2026/08/08 21:47:23 - mmengine - INFO - Epoch(val)  [34][ 30/116]    eta: 0:00:03  time: 0.0389  data_time: 0.0040  memory: 112  
2026/08/08 21:47:23 - mmengine - INFO - Epoch(val)  [34][ 40/116]    eta: 0:00:02  time: 0.0383  data_time: 0.0030  memory: 175  
2026/08/08 21:47:24 - mmengine - INFO - Epoch(val)  [34][ 50/116]    eta: 0:00:02  time: 0.0395  data_time: 0.0035  memory: 153  
2026/08/08 21:47:24 - mmengine - INFO - Epoch(val)  [34][ 60/116]    eta: 0:00:02  time: 0.0400  data_time: 0.0033  memory: 169  
2026/08/08 21:47:24 - mmengine - INFO - Epoch(val)  [34][ 70/116]    eta: 0:00:01  time: 0.0401  data_time: 0.0035  memory: 121  
2026/08/08 21:47:25 - mmengine - INFO - Epoch(val)  [34][ 80/116]    eta: 0:00:01  time: 0.0408  data_time: 0.0043  memory: 145  
2026/08/08 21:47:25 - mmengine - INFO - Epoch(val)  [34][ 90/116]    eta: 0:00:01  time: 0.0421  data_time: 0.0050  memory: 157  
2026/08/08 21:47:26 - mmengine - INFO - Epoch(val)  [34][100/116]    eta: 0:00:00  time: 0.0424  data_time: 0.0044  memory: 216  
2026/08/08 21:47:26 - mmengine - INFO - Epoch(val)  [34][110/116]    eta: 0:00:00  time: 0.0414  data_time: 0.0041  memory: 149  
2026/08/08 21:47:26 - mmengine - INFO - Evaluating bbox...
2026/08/08 21:47:27 - mmengine - INFO - bbox_mAP_copypaste: 0.609 0.903 0.767 0.000 0.699 0.565
2026/08/08 21:47:27 - mmengine - INFO - Evaluating segm...
2026/08/08 21:47:27 - mmengine - INFO - segm_mAP_copypaste: 0.628 0.892 0.700 0.000 0.734 0.575
2026/08/08 21:47:28 - mmengine - INFO - val kayip: val_kayip_cls 0.3372  val_kayip_bbox 0.2657  val_kayip_mask 0.1220  val_kayip 0.7249
2026/08/08 21:47:28 - mmengine - INFO - Epoch(val) [34][116/116]    busi/dice_tum: 0.8165  busi/dice_lezyonlu: 0.7783  busi/bos_dogru: 20  busi/esik: 0.4000  val_kayip_cls: 0.3372  val_kayip_bbox: 0.2657  val_kayip_mask: 0.1220  val_kayip: 0.7249  coco/bbox_mAP: 0.6090  coco/bbox_mAP_50: 0.9030  coco/bbox_mAP_75: 0.7670  coco/bbox_mAP_s: 0.0000  coco/bbox_mAP_m: 0.6990  coco/bbox_mAP_l: 0.5650  coco/segm_mAP: 0.6280  coco/segm_mAP_50: 0.8920  coco/segm_mAP_75: 0.7000  coco/segm_mAP_s: 0.0000  coco/segm_mAP_m: 0.7340  coco/segm_mAP_l: 0.5750  data_time: 0.0040  time: 0.0409
2026/08/08 21:47:32 - mmengine - INFO - Epoch(train)  [35][10/68]  base_lr: 1.2500e-04 lr: 1.2500e-04  eta: 0:26:07  time: 0.3358  data_time: 0.1276  memory: 602  grad_norm: 13.2894  loss: 0.5599  loss_cls: 0.1650  loss_bbox: 0.2770  loss_mask: 0.1180
2026/08/08 21:47:35 - mmengine - INFO - Epoch(train)  [35][20/68]  base_lr: 1.2500e-04 lr: 1.2500e-04  eta: 0:26:03  time: 0.3355  data_time: 0.1258  memory: 602  grad_norm: 13.7176  loss: 0.5636  loss_cls: 0.1692  loss_bbox: 0.2771  loss_mask: 0.1174
2026/08/08 21:47:38 - mmengine - INFO - Epoch(train)  [35][30/68]  base_lr: 1.2500e-04 lr: 1.2500e-04  eta: 0:25:59  time: 0.3301  data_time: 0.1209  memory: 601  grad_norm: 13.3108  loss: 0.5531  loss_cls: 0.1637  loss_bbox: 0.2725  loss_mask: 0.1169
2026/08/08 21:47:42 - mmengine - INFO - Epoch(train)  [35][40/68]  base_lr: 1.2500e-04 lr: 1.2500e-04  eta: 0:25:55  time: 0.3291  data_time: 0.1185  memory: 601  grad_norm: 13.3052  loss: 0.5486  loss_cls: 0.1602  loss_bbox: 0.2719  loss_mask: 0.1165
2026/08/08 21:47:45 - mmengine - INFO - Epoch(train)  [35][50/68]  base_lr: 1.2500e-04 lr: 1.2500e-04  eta: 0:25:52  time: 0.3346  data_time: 0.1231  memory: 599  grad_norm: 13.8795  loss: 0.5445  loss_cls: 0.1581  loss_bbox: 0.2701  loss_mask: 0.1163
2026/08/08 21:47:49 - mmengine - INFO - Epoch(train)  [35][60/68]  base_lr: 1.2500e-04 lr: 1.2500e-04  eta: 0:25:48  time: 0.3410  data_time: 0.1278  memory: 602  grad_norm: 13.6854  loss: 0.5406  loss_cls: 0.1549  loss_bbox: 0.2669  loss_mask: 0.1189
2026/08/08 21:47:51 - mmengine - INFO - Exp name: rtmdet_ins_busi_20260808_212745
2026/08/08 21:47:51 - mmengine - INFO - Saving checkpoint at 35 epochs
2026/08/08 21:47:54 - mmengine - INFO - Epoch(val)  [35][ 10/116]    eta: 0:00:03  time: 0.0424  data_time: 0.0044  memory: 601  
2026/08/08 21:47:54 - mmengine - INFO - Epoch(val)  [35][ 20/116]    eta: 0:00:03  time: 0.0403  data_time: 0.0042  memory: 118  
2026/08/08 21:47:55 - mmengine - INFO - Epoch(val)  [35][ 30/116]    eta: 0:00:03  time: 0.0388  data_time: 0.0043  memory: 120  
2026/08/08 21:47:55 - mmengine - INFO - Epoch(val)  [35][ 40/116]    eta: 0:00:02  time: 0.0381  data_time: 0.0048  memory: 193  
2026/08/08 21:47:55 - mmengine - INFO - Epoch(val)  [35][ 50/116]    eta: 0:00:02  time: 0.0384  data_time: 0.0053  memory: 164  
2026/08/08 21:47:56 - mmengine - INFO - Epoch(val)  [35][ 60/116]    eta: 0:00:02  time: 0.0403  data_time: 0.0058  memory: 182  
2026/08/08 21:47:56 - mmengine - INFO - Epoch(val)  [35][ 70/116]    eta: 0:00:01  time: 0.0427  data_time: 0.0063  memory: 126  
2026/08/08 21:47:57 - mmengine - INFO - Epoch(val)  [35][ 80/116]    eta: 0:00:01  time: 0.0439  data_time: 0.0066  memory: 167  
2026/08/08 21:47:57 - mmengine - INFO - Epoch(val)  [35][ 90/116]    eta: 0:00:01  time: 0.0458  data_time: 0.0068  memory: 169  
2026/08/08 21:47:58 - mmengine - INFO - Epoch(val)  [35][100/116]    eta: 0:00:00  time: 0.0453  data_time: 0.0060  memory: 198  
2026/08/08 21:47:58 - mmengine - INFO - Epoch(val)  [35][110/116]    eta: 0:00:00  time: 0.0440  data_time: 0.0053  memory: 164  
2026/08/08 21:47:58 - mmengine - INFO - Evaluating bbox...
2026/08/08 21:47:58 - mmengine - INFO - bbox_mAP_copypaste: 0.608 0.885 0.746 0.000 0.695 0.564
2026/08/08 21:47:58 - mmengine - INFO - Evaluating segm...
2026/08/08 21:47:58 - mmengine - INFO - segm_mAP_copypaste: 0.611 0.883 0.700 0.000 0.730 0.555
2026/08/08 21:48:00 - mmengine - INFO - val kayip: val_kayip_cls 0.3506  val_kayip_bbox 0.2655  val_kayip_mask 0.1236  val_kayip 0.7397
2026/08/08 21:48:00 - mmengine - INFO - Epoch(val) [35][116/116]    busi/dice_tum: 0.8139  busi/dice_lezyonlu: 0.7752  busi/bos_dogru: 20  busi/esik: 0.4000  val_kayip_cls: 0.3506  val_kayip_bbox: 0.2655  val_kayip_mask: 0.1236  val_kayip: 0.7397  coco/bbox_mAP: 0.6080  coco/bbox_mAP_50: 0.8850  coco/bbox_mAP_75: 0.7460  coco/bbox_mAP_s: 0.0000  coco/bbox_mAP_m: 0.6950  coco/bbox_mAP_l: 0.5640  coco/segm_mAP: 0.6110  coco/segm_mAP_50: 0.8830  coco/segm_mAP_75: 0.7000  coco/segm_mAP_s: 0.0000  coco/segm_mAP_m: 0.7300  coco/segm_mAP_l: 0.5550  data_time: 0.0055  time: 0.0417
2026/08/08 21:48:04 - mmengine - INFO - Epoch(train)  [36][10/68]  base_lr: 1.2500e-04 lr: 1.2500e-04  eta: 0:25:42  time: 0.3434  data_time: 0.1315  memory: 601  grad_norm: 14.9066  loss: 0.5401  loss_cls: 0.1611  loss_bbox: 0.2595  loss_mask: 0.1195
2026/08/08 21:48:07 - mmengine - INFO - Epoch(train)  [36][20/68]  base_lr: 1.2500e-04 lr: 1.2500e-04  eta: 0:25:37  time: 0.3369  data_time: 0.1263  memory: 601  grad_norm: 15.4503  loss: 0.5447  loss_cls: 0.1651  loss_bbox: 0.2594  loss_mask: 0.1201
2026/08/08 21:48:10 - mmengine - INFO - Epoch(train)  [36][30/68]  base_lr: 1.2500e-04 lr: 1.2500e-04  eta: 0:25:34  time: 0.3350  data_time: 0.1256  memory: 601  grad_norm: 14.8750  loss: 0.5306  loss_cls: 0.1555  loss_bbox: 0.2571  loss_mask: 0.1180
2026/08/08 21:48:13 - mmengine - INFO - Epoch(train)  [36][40/68]  base_lr: 1.2500e-04 lr: 1.2500e-04  eta: 0:25:30  time: 0.3315  data_time: 0.1248  memory: 601  grad_norm: 14.8197  loss: 0.5372  loss_cls: 0.1529  loss_bbox: 0.2656  loss_mask: 0.1187
2026/08/08 21:48:16 - mmengine - INFO - Epoch(train)  [36][50/68]  base_lr: 1.2500e-04 lr: 1.2500e-04  eta: 0:25:26  time: 0.3250  data_time: 0.1187  memory: 601  grad_norm: 13.4601  loss: 0.5191  loss_cls: 0.1386  loss_bbox: 0.2627  loss_mask: 0.1178
2026/08/08 21:48:20 - mmengine - INFO - Epoch(train)  [36][60/68]  base_lr: 1.2500e-04 lr: 1.2500e-04  eta: 0:25:22  time: 0.3269  data_time: 0.1222  memory: 599  grad_norm: 13.4483  loss: 0.5349  loss_cls: 0.1459  loss_bbox: 0.2709  loss_mask: 0.1181
2026/08/08 21:48:22 - mmengine - INFO - Exp name: rtmdet_ins_busi_20260808_212745
2026/08/08 21:48:22 - mmengine - INFO - Saving checkpoint at 36 epochs
2026/08/08 21:48:25 - mmengine - INFO - Epoch(val)  [36][ 10/116]    eta: 0:00:03  time: 0.0421  data_time: 0.0040  memory: 602  
2026/08/08 21:48:25 - mmengine - INFO - Epoch(val)  [36][ 20/116]    eta: 0:00:03  time: 0.0400  data_time: 0.0040  memory: 125  
2026/08/08 21:48:25 - mmengine - INFO - Epoch(val)  [36][ 30/116]    eta: 0:00:03  time: 0.0377  data_time: 0.0037  memory: 120  
2026/08/08 21:48:26 - mmengine - INFO - Epoch(val)  [36][ 40/116]    eta: 0:00:02  time: 0.0372  data_time: 0.0037  memory: 201  
2026/08/08 21:48:26 - mmengine - INFO - Epoch(val)  [36][ 50/116]    eta: 0:00:02  time: 0.0365  data_time: 0.0043  memory: 164  
2026/08/08 21:48:27 - mmengine - INFO - Epoch(val)  [36][ 60/116]    eta: 0:00:02  time: 0.0369  data_time: 0.0048  memory: 182  
2026/08/08 21:48:27 - mmengine - INFO - Epoch(val)  [36][ 70/116]    eta: 0:00:01  time: 0.0368  data_time: 0.0046  memory: 129  
2026/08/08 21:48:27 - mmengine - INFO - Epoch(val)  [36][ 80/116]    eta: 0:00:01  time: 0.0387  data_time: 0.0049  memory: 164  
2026/08/08 21:48:28 - mmengine - INFO - Epoch(val)  [36][ 90/116]    eta: 0:00:01  time: 0.0412  data_time: 0.0060  memory: 157  
2026/08/08 21:48:28 - mmengine - INFO - Epoch(val)  [36][100/116]    eta: 0:00:00  time: 0.0429  data_time: 0.0056  memory: 212  
2026/08/08 21:48:29 - mmengine - INFO - Epoch(val)  [36][110/116]    eta: 0:00:00  time: 0.0429  data_time: 0.0061  memory: 146  
2026/08/08 21:48:29 - mmengine - INFO - Evaluating bbox...
2026/08/08 21:48:29 - mmengine - INFO - bbox_mAP_copypaste: 0.606 0.904 0.733 0.000 0.698 0.557
2026/08/08 21:48:29 - mmengine - INFO - Evaluating segm...
2026/08/08 21:48:29 - mmengine - INFO - segm_mAP_copypaste: 0.620 0.890 0.760 0.000 0.718 0.575
2026/08/08 21:48:31 - mmengine - INFO - val kayip: val_kayip_cls 0.4590  val_kayip_bbox 0.2639  val_kayip_mask 0.1244  val_kayip 0.8474
2026/08/08 21:48:31 - mmengine - INFO - Epoch(val) [36][116/116]    busi/dice_tum: 0.8105  busi/dice_lezyonlu: 0.7710  busi/bos_dogru: 20  busi/esik: 0.5000  val_kayip_cls: 0.4590  val_kayip_bbox: 0.2639  val_kayip_mask: 0.1244  val_kayip: 0.8474  coco/bbox_mAP: 0.6060  coco/bbox_mAP_50: 0.9040  coco/bbox_mAP_75: 0.7330  coco/bbox_mAP_s: 0.0000  coco/bbox_mAP_m: 0.6980  coco/bbox_mAP_l: 0.5570  coco/segm_mAP: 0.6200  coco/segm_mAP_50: 0.8900  coco/segm_mAP_75: 0.7600  coco/segm_mAP_s: 0.0000  coco/segm_mAP_m: 0.7180  coco/segm_mAP_l: 0.5750  data_time: 0.0051  time: 0.0399
2026/08/08 21:48:34 - mmengine - INFO - Epoch(train)  [37][10/68]  base_lr: 1.2500e-04 lr: 1.2500e-04  eta: 0:25:15  time: 0.3254  data_time: 0.1190  memory: 602  grad_norm: 12.8809  loss: 0.5501  loss_cls: 0.1554  loss_bbox: 0.2754  loss_mask: 0.1193
2026/08/08 21:48:37 - mmengine - INFO - Epoch(train)  [37][20/68]  base_lr: 1.2500e-04 lr: 1.2500e-04  eta: 0:25:11  time: 0.3199  data_time: 0.1138  memory: 600  grad_norm: 12.9464  loss: 0.5414  loss_cls: 0.1550  loss_bbox: 0.2697  loss_mask: 0.1168
2026/08/08 21:48:41 - mmengine - INFO - Epoch(train)  [37][30/68]  base_lr: 1.2500e-04 lr: 1.2500e-04  eta: 0:25:07  time: 0.3201  data_time: 0.1135  memory: 601  grad_norm: 12.5073  loss: 0.5291  loss_cls: 0.1484  loss_bbox: 0.2642  loss_mask: 0.1166
2026/08/08 21:48:44 - mmengine - INFO - Epoch(train)  [37][40/68]  base_lr: 1.2500e-04 lr: 1.2500e-04  eta: 0:25:03  time: 0.3225  data_time: 0.1151  memory: 602  grad_norm: 13.2962  loss: 0.5361  loss_cls: 0.1521  loss_bbox: 0.2656  loss_mask: 0.1184
2026/08/08 21:48:47 - mmengine - INFO - Epoch(train)  [37][50/68]  base_lr: 1.2500e-04 lr: 1.2500e-04  eta: 0:24:59  time: 0.3233  data_time: 0.1145  memory: 601  grad_norm: 13.0127  loss: 0.5354  loss_cls: 0.1508  loss_bbox: 0.2647  loss_mask: 0.1199
2026/08/08 21:48:51 - mmengine - INFO - Epoch(train)  [37][60/68]  base_lr: 1.2500e-04 lr: 1.2500e-04  eta: 0:24:55  time: 0.3277  data_time: 0.1203  memory: 602  grad_norm: 13.0382  loss: 0.5296  loss_cls: 0.1465  loss_bbox: 0.2645  loss_mask: 0.1186
2026/08/08 21:48:53 - mmengine - INFO - Exp name: rtmdet_ins_busi_20260808_212745
2026/08/08 21:48:53 - mmengine - INFO - Saving checkpoint at 37 epochs
2026/08/08 21:48:56 - mmengine - INFO - Epoch(val)  [37][ 10/116]    eta: 0:00:04  time: 0.0441  data_time: 0.0059  memory: 600  
2026/08/08 21:48:56 - mmengine - INFO - Epoch(val)  [37][ 20/116]    eta: 0:00:03  time: 0.0421  data_time: 0.0055  memory: 125  
2026/08/08 21:48:56 - mmengine - INFO - Epoch(val)  [37][ 30/116]    eta: 0:00:03  time: 0.0392  data_time: 0.0048  memory: 117  
2026/08/08 21:48:57 - mmengine - INFO - Epoch(val)  [37][ 40/116]    eta: 0:00:02  time: 0.0376  data_time: 0.0042  memory: 183  
2026/08/08 21:48:57 - mmengine - INFO - Epoch(val)  [37][ 50/116]    eta: 0:00:02  time: 0.0369  data_time: 0.0046  memory: 170  
2026/08/08 21:48:58 - mmengine - INFO - Epoch(val)  [37][ 60/116]    eta: 0:00:02  time: 0.0378  data_time: 0.0046  memory: 173  
2026/08/08 21:48:58 - mmengine - INFO - Epoch(val)  [37][ 70/116]    eta: 0:00:01  time: 0.0388  data_time: 0.0044  memory: 149  
2026/08/08 21:48:58 - mmengine - INFO - Epoch(val)  [37][ 80/116]    eta: 0:00:01  time: 0.0406  data_time: 0.0049  memory: 138  
2026/08/08 21:48:59 - mmengine - INFO - Epoch(val)  [37][ 90/116]    eta: 0:00:01  time: 0.0431  data_time: 0.0051  memory: 169  
2026/08/08 21:48:59 - mmengine - INFO - Epoch(val)  [37][100/116]    eta: 0:00:00  time: 0.0441  data_time: 0.0046  memory: 221  
2026/08/08 21:49:00 - mmengine - INFO - Epoch(val)  [37][110/116]    eta: 0:00:00  time: 0.0438  data_time: 0.0053  memory: 149  
2026/08/08 21:49:00 - mmengine - INFO - Evaluating bbox...
2026/08/08 21:49:00 - mmengine - INFO - bbox_mAP_copypaste: 0.604 0.894 0.684 0.000 0.706 0.552
2026/08/08 21:49:00 - mmengine - INFO - Evaluating segm...
2026/08/08 21:49:00 - mmengine - INFO - segm_mAP_copypaste: 0.618 0.886 0.712 0.000 0.720 0.567
2026/08/08 21:49:02 - mmengine - INFO - val kayip: val_kayip_cls 0.3605  val_kayip_bbox 0.2630  val_kayip_mask 0.1230  val_kayip 0.7464
2026/08/08 21:49:02 - mmengine - INFO - Epoch(val) [37][116/116]    busi/dice_tum: 0.8013  busi/dice_lezyonlu: 0.7599  busi/bos_dogru: 20  busi/esik: 0.4000  val_kayip_cls: 0.3605  val_kayip_bbox: 0.2630  val_kayip_mask: 0.1230  val_kayip: 0.7464  coco/bbox_mAP: 0.6040  coco/bbox_mAP_50: 0.8940  coco/bbox_mAP_75: 0.6840  coco/bbox_mAP_s: 0.0000  coco/bbox_mAP_m: 0.7060  coco/bbox_mAP_l: 0.5520  coco/segm_mAP: 0.6180  coco/segm_mAP_50: 0.8860  coco/segm_mAP_75: 0.7120  coco/segm_mAP_s: 0.0000  coco/segm_mAP_m: 0.7200  coco/segm_mAP_l: 0.5670  data_time: 0.0048  time: 0.0409
2026/08/08 21:49:06 - mmengine - INFO - Epoch(train)  [38][10/68]  base_lr: 1.2500e-04 lr: 1.2500e-04  eta: 0:24:49  time: 0.3373  data_time: 0.1282  memory: 602  grad_norm: 14.0895  loss: 0.5441  loss_cls: 0.1557  loss_bbox: 0.2697  loss_mask: 0.1187
2026/08/08 21:49:09 - mmengine - INFO - Epoch(train)  [38][20/68]  base_lr: 1.2500e-04 lr: 1.2500e-04  eta: 0:24:46  time: 0.3447  data_time: 0.1330  memory: 602  grad_norm: 13.5281  loss: 0.5265  loss_cls: 0.1521  loss_bbox: 0.2608  loss_mask: 0.1137
2026/08/08 21:49:13 - mmengine - INFO - Epoch(train)  [38][30/68]  base_lr: 1.2500e-04 lr: 1.2500e-04  eta: 0:24:43  time: 0.3523  data_time: 0.1396  memory: 602  grad_norm: 13.9385  loss: 0.5221  loss_cls: 0.1461  loss_bbox: 0.2616  loss_mask: 0.1145
2026/08/08 21:49:16 - mmengine - INFO - Epoch(train)  [38][40/68]  base_lr: 1.2500e-04 lr: 1.2500e-04  eta: 0:24:39  time: 0.3554  data_time: 0.1418  memory: 600  grad_norm: 14.2859  loss: 0.5183  loss_cls: 0.1444  loss_bbox: 0.2592  loss_mask: 0.1148
2026/08/08 21:49:20 - mmengine - INFO - Epoch(train)  [38][50/68]  base_lr: 1.2500e-04 lr: 1.2500e-04  eta: 0:24:36  time: 0.3576  data_time: 0.1395  memory: 601  grad_norm: 13.7069  loss: 0.5149  loss_cls: 0.1373  loss_bbox: 0.2596  loss_mask: 0.1180
2026/08/08 21:49:23 - mmengine - INFO - Epoch(train)  [38][60/68]  base_lr: 1.2500e-04 lr: 1.2500e-04  eta: 0:24:32  time: 0.3581  data_time: 0.1423  memory: 601  grad_norm: 13.9278  loss: 0.5158  loss_cls: 0.1401  loss_bbox: 0.2567  loss_mask: 0.1190
2026/08/08 21:49:26 - mmengine - INFO - Exp name: rtmdet_ins_busi_20260808_212745
2026/08/08 21:49:26 - mmengine - INFO - Saving checkpoint at 38 epochs
2026/08/08 21:49:29 - mmengine - INFO - Epoch(val)  [38][ 10/116]    eta: 0:00:04  time: 0.0438  data_time: 0.0066  memory: 601  
2026/08/08 21:49:29 - mmengine - INFO - Epoch(val)  [38][ 20/116]    eta: 0:00:03  time: 0.0423  data_time: 0.0074  memory: 125  
2026/08/08 21:49:29 - mmengine - INFO - Epoch(val)  [38][ 30/116]    eta: 0:00:03  time: 0.0398  data_time: 0.0072  memory: 120  
2026/08/08 21:49:30 - mmengine - INFO - Epoch(val)  [38][ 40/116]    eta: 0:00:02  time: 0.0391  data_time: 0.0076  memory: 218  
2026/08/08 21:49:30 - mmengine - INFO - Epoch(val)  [38][ 50/116]    eta: 0:00:02  time: 0.0379  data_time: 0.0073  memory: 164  
2026/08/08 21:49:30 - mmengine - INFO - Epoch(val)  [38][ 60/116]    eta: 0:00:02  time: 0.0381  data_time: 0.0060  memory: 169  
2026/08/08 21:49:31 - mmengine - INFO - Epoch(val)  [38][ 70/116]    eta: 0:00:01  time: 0.0376  data_time: 0.0051  memory: 143  
2026/08/08 21:49:31 - mmengine - INFO - Epoch(val)  [38][ 80/116]    eta: 0:00:01  time: 0.0387  data_time: 0.0055  memory: 135  
2026/08/08 21:49:32 - mmengine - INFO - Epoch(val)  [38][ 90/116]    eta: 0:00:01  time: 0.0398  data_time: 0.0055  memory: 139  
2026/08/08 21:49:32 - mmengine - INFO - Epoch(val)  [38][100/116]    eta: 0:00:00  time: 0.0406  data_time: 0.0057  memory: 249  
2026/08/08 21:49:33 - mmengine - INFO - Epoch(val)  [38][110/116]    eta: 0:00:00  time: 0.0416  data_time: 0.0055  memory: 156  
2026/08/08 21:49:33 - mmengine - INFO - Evaluating bbox...
2026/08/08 21:49:33 - mmengine - INFO - bbox_mAP_copypaste: 0.615 0.897 0.731 0.000 0.713 0.565
2026/08/08 21:49:33 - mmengine - INFO - Evaluating segm...
2026/08/08 21:49:33 - mmengine - INFO - segm_mAP_copypaste: 0.611 0.894 0.722 0.000 0.711 0.564
2026/08/08 21:49:35 - mmengine - INFO - val kayip: val_kayip_cls 0.5155  val_kayip_bbox 0.2604  val_kayip_mask 0.1231  val_kayip 0.8990
2026/08/08 21:49:35 - mmengine - INFO - Epoch(val) [38][116/116]    busi/dice_tum: 0.8076  busi/dice_lezyonlu: 0.7883  busi/bos_dogru: 18  busi/esik: 0.4000  val_kayip_cls: 0.5155  val_kayip_bbox: 0.2604  val_kayip_mask: 0.1231  val_kayip: 0.8990  coco/bbox_mAP: 0.6150  coco/bbox_mAP_50: 0.8970  coco/bbox_mAP_75: 0.7310  coco/bbox_mAP_s: 0.0000  coco/bbox_mAP_m: 0.7130  coco/bbox_mAP_l: 0.5650  coco/segm_mAP: 0.6110  coco/segm_mAP_50: 0.8940  coco/segm_mAP_75: 0.7220  coco/segm_mAP_s: 0.0000  coco/segm_mAP_m: 0.7110  coco/segm_mAP_l: 0.5640  data_time: 0.0067  time: 0.0399
2026/08/08 21:49:38 - mmengine - INFO - Epoch(train)  [39][10/68]  base_lr: 1.2500e-04 lr: 1.2500e-04  eta: 0:24:26  time: 0.3461  data_time: 0.1291  memory: 602  grad_norm: 14.5210  loss: 0.5207  loss_cls: 0.1401  loss_bbox: 0.2610  loss_mask: 0.1196
2026/08/08 21:49:42 - mmengine - INFO - Epoch(train)  [39][20/68]  base_lr: 1.2500e-04 lr: 1.2500e-04  eta: 0:24:22  time: 0.3414  data_time: 0.1284  memory: 602  grad_norm: 14.5569  loss: 0.5197  loss_cls: 0.1408  loss_bbox: 0.2616  loss_mask: 0.1173
2026/08/08 21:49:45 - mmengine - INFO - Epoch(train)  [39][30/68]  base_lr: 1.2500e-04 lr: 1.2500e-04  eta: 0:24:18  time: 0.3375  data_time: 0.1288  memory: 601  grad_norm: 15.1528  loss: 0.5234  loss_cls: 0.1431  loss_bbox: 0.2648  loss_mask: 0.1156
2026/08/08 21:49:48 - mmengine - INFO - Epoch(train)  [39][40/68]  base_lr: 1.2500e-04 lr: 1.2500e-04  eta: 0:24:15  time: 0.3356  data_time: 0.1251  memory: 601  grad_norm: 14.6342  loss: 0.5121  loss_cls: 0.1356  loss_bbox: 0.2633  loss_mask: 0.1132
2026/08/08 21:49:52 - mmengine - INFO - Epoch(train)  [39][50/68]  base_lr: 1.2500e-04 lr: 1.2500e-04  eta: 0:24:11  time: 0.3367  data_time: 0.1292  memory: 603  grad_norm: 13.8161  loss: 0.5052  loss_cls: 0.1301  loss_bbox: 0.2622  loss_mask: 0.1130
2026/08/08 21:49:55 - mmengine - INFO - Epoch(train)  [39][60/68]  base_lr: 1.2500e-04 lr: 1.2500e-04  eta: 0:24:07  time: 0.3350  data_time: 0.1305  memory: 600  grad_norm: 13.9102  loss: 0.5171  loss_cls: 0.1358  loss_bbox: 0.2662  loss_mask: 0.1150
2026/08/08 21:49:57 - mmengine - INFO - Exp name: rtmdet_ins_busi_20260808_212745
2026/08/08 21:49:57 - mmengine - INFO - Saving checkpoint at 39 epochs
2026/08/08 21:50:00 - mmengine - INFO - Epoch(val)  [39][ 10/116]    eta: 0:00:03  time: 0.0422  data_time: 0.0061  memory: 601  
2026/08/08 21:50:00 - mmengine - INFO - Epoch(val)  [39][ 20/116]    eta: 0:00:03  time: 0.0410  data_time: 0.0055  memory: 113  
2026/08/08 21:50:01 - mmengine - INFO - Epoch(val)  [39][ 30/116]    eta: 0:00:03  time: 0.0390  data_time: 0.0052  memory: 122  
2026/08/08 21:50:01 - mmengine - INFO - Epoch(val)  [39][ 40/116]    eta: 0:00:02  time: 0.0374  data_time: 0.0047  memory: 179  
2026/08/08 21:50:01 - mmengine - INFO - Epoch(val)  [39][ 50/116]    eta: 0:00:02  time: 0.0364  data_time: 0.0048  memory: 147  
2026/08/08 21:50:02 - mmengine - INFO - Epoch(val)  [39][ 60/116]    eta: 0:00:02  time: 0.0373  data_time: 0.0061  memory: 177  
2026/08/08 21:50:02 - mmengine - INFO - Epoch(val)  [39][ 70/116]    eta: 0:00:01  time: 0.0381  data_time: 0.0070  memory: 137  
2026/08/08 21:50:02 - mmengine - INFO - Epoch(val)  [39][ 80/116]    eta: 0:00:01  time: 0.0389  data_time: 0.0075  memory: 145  
2026/08/08 21:50:03 - mmengine - INFO - Epoch(val)  [39][ 90/116]    eta: 0:00:00  time: 0.0399  data_time: 0.0077  memory: 151  
2026/08/08 21:50:03 - mmengine - INFO - Epoch(val)  [39][100/116]    eta: 0:00:00  time: 0.0411  data_time: 0.0067  memory: 189  
2026/08/08 21:50:04 - mmengine - INFO - Epoch(val)  [39][110/116]    eta: 0:00:00  time: 0.0417  data_time: 0.0053  memory: 131  
2026/08/08 21:50:04 - mmengine - INFO - Evaluating bbox...
2026/08/08 21:50:04 - mmengine - INFO - bbox_mAP_copypaste: 0.613 0.894 0.735 0.000 0.699 0.572
2026/08/08 21:50:04 - mmengine - INFO - Evaluating segm...
2026/08/08 21:50:04 - mmengine - INFO - segm_mAP_copypaste: 0.607 0.889 0.703 0.000 0.711 0.560
2026/08/08 21:50:06 - mmengine - INFO - val kayip: val_kayip_cls 0.4021  val_kayip_bbox 0.2577  val_kayip_mask 0.1233  val_kayip 0.7830
2026/08/08 21:50:06 - mmengine - INFO - Epoch(val) [39][116/116]    busi/dice_tum: 0.7936  busi/dice_lezyonlu: 0.7610  busi/bos_dogru: 19  busi/esik: 0.4000  val_kayip_cls: 0.4021  val_kayip_bbox: 0.2577  val_kayip_mask: 0.1233  val_kayip: 0.7830  coco/bbox_mAP: 0.6130  coco/bbox_mAP_50: 0.8940  coco/bbox_mAP_75: 0.7350  coco/bbox_mAP_s: 0.0000  coco/bbox_mAP_m: 0.6990  coco/bbox_mAP_l: 0.5720  coco/segm_mAP: 0.6070  coco/segm_mAP_50: 0.8890  coco/segm_mAP_75: 0.7030  coco/segm_mAP_s: 0.0000  coco/segm_mAP_m: 0.7110  coco/segm_mAP_l: 0.5600  data_time: 0.0056  time: 0.0396
2026/08/08 21:50:09 - mmengine - INFO - Epoch(train)  [40][10/68]  base_lr: 1.2500e-04 lr: 1.2500e-04  eta: 0:24:00  time: 0.3267  data_time: 0.1227  memory: 603  grad_norm: 13.2385  loss: 0.5118  loss_cls: 0.1339  loss_bbox: 0.2612  loss_mask: 0.1168
2026/08/08 21:50:12 - mmengine - INFO - Epoch(train)  [40][20/68]  base_lr: 1.2500e-04 lr: 1.2500e-04  eta: 0:23:56  time: 0.3255  data_time: 0.1226  memory: 599  grad_norm: 13.0004  loss: 0.5048  loss_cls: 0.1328  loss_bbox: 0.2596  loss_mask: 0.1124
2026/08/08 21:50:16 - mmengine - INFO - Epoch(train)  [40][30/68]  base_lr: 1.2500e-04 lr: 1.2500e-04  eta: 0:23:53  time: 0.3277  data_time: 0.1204  memory: 601  grad_norm: 13.0820  loss: 0.5018  loss_cls: 0.1330  loss_bbox: 0.2581  loss_mask: 0.1108
2026/08/08 21:50:19 - mmengine - INFO - Epoch(train)  [40][40/68]  base_lr: 1.2500e-04 lr: 1.2500e-04  eta: 0:23:49  time: 0.3291  data_time: 0.1181  memory: 603  grad_norm: 12.6601  loss: 0.4994  loss_cls: 0.1340  loss_bbox: 0.2550  loss_mask: 0.1104
2026/08/08 21:50:23 - mmengine - INFO - Epoch(train)  [40][50/68]  base_lr: 1.2500e-04 lr: 1.2500e-04  eta: 0:23:45  time: 0.3303  data_time: 0.1204  memory: 599  grad_norm: 13.2481  loss: 0.5208  loss_cls: 0.1443  loss_bbox: 0.2634  loss_mask: 0.1131
2026/08/08 21:50:26 - mmengine - INFO - Epoch(train)  [40][60/68]  base_lr: 1.2500e-04 lr: 1.2500e-04  eta: 0:23:42  time: 0.3385  data_time: 0.1261  memory: 600  grad_norm: 12.9380  loss: 0.5217  loss_cls: 0.1397  loss_bbox: 0.2695  loss_mask: 0.1125
2026/08/08 21:50:29 - mmengine - INFO - Exp name: rtmdet_ins_busi_20260808_212745
2026/08/08 21:50:29 - mmengine - INFO - Saving checkpoint at 40 epochs
2026/08/08 21:50:31 - mmengine - INFO - Epoch(val)  [40][ 10/116]    eta: 0:00:03  time: 0.0416  data_time: 0.0051  memory: 601  
2026/08/08 21:50:32 - mmengine - INFO - Epoch(val)  [40][ 20/116]    eta: 0:00:03  time: 0.0411  data_time: 0.0046  memory: 125  
2026/08/08 21:50:32 - mmengine - INFO - Epoch(val)  [40][ 30/116]    eta: 0:00:03  time: 0.0404  data_time: 0.0050  memory: 122  
2026/08/08 21:50:33 - mmengine - INFO - Epoch(val)  [40][ 40/116]    eta: 0:00:03  time: 0.0405  data_time: 0.0055  memory: 183  
2026/08/08 21:50:33 - mmengine - INFO - Epoch(val)  [40][ 50/116]    eta: 0:00:02  time: 0.0411  data_time: 0.0059  memory: 176  
2026/08/08 21:50:34 - mmengine - INFO - Epoch(val)  [40][ 60/116]    eta: 0:00:02  time: 0.0441  data_time: 0.0059  memory: 151  
2026/08/08 21:50:34 - mmengine - INFO - Epoch(val)  [40][ 70/116]    eta: 0:00:01  time: 0.0442  data_time: 0.0065  memory: 122  
2026/08/08 21:50:34 - mmengine - INFO - Epoch(val)  [40][ 80/116]    eta: 0:00:01  time: 0.0449  data_time: 0.0068  memory: 137  
2026/08/08 21:50:35 - mmengine - INFO - Epoch(val)  [40][ 90/116]    eta: 0:00:01  time: 0.0453  data_time: 0.0069  memory: 145  
2026/08/08 21:50:35 - mmengine - INFO - Epoch(val)  [40][100/116]    eta: 0:00:00  time: 0.0447  data_time: 0.0065  memory: 184  
2026/08/08 21:50:36 - mmengine - INFO - Epoch(val)  [40][110/116]    eta: 0:00:00  time: 0.0431  data_time: 0.0060  memory: 135  
2026/08/08 21:50:36 - mmengine - INFO - Evaluating bbox...
2026/08/08 21:50:36 - mmengine - INFO - bbox_mAP_copypaste: 0.612 0.900 0.752 0.000 0.689 0.576
2026/08/08 21:50:36 - mmengine - INFO - Evaluating segm...
2026/08/08 21:50:36 - mmengine - INFO - segm_mAP_copypaste: 0.625 0.897 0.741 0.000 0.716 0.583
2026/08/08 21:50:38 - mmengine - INFO - val kayip: val_kayip_cls 0.3416  val_kayip_bbox 0.2678  val_kayip_mask 0.1259  val_kayip 0.7352
2026/08/08 21:50:38 - mmengine - INFO - Epoch(val) [40][116/116]    busi/dice_tum: 0.8132  busi/dice_lezyonlu: 0.8055  busi/bos_dogru: 17  busi/esik: 0.3000  val_kayip_cls: 0.3416  val_kayip_bbox: 0.2678  val_kayip_mask: 0.1259  val_kayip: 0.7352  coco/bbox_mAP: 0.6120  coco/bbox_mAP_50: 0.9000  coco/bbox_mAP_75: 0.7520  coco/bbox_mAP_s: 0.0000  coco/bbox_mAP_m: 0.6890  coco/bbox_mAP_l: 0.5760  coco/segm_mAP: 0.6250  coco/segm_mAP_50: 0.8970  coco/segm_mAP_75: 0.7410  coco/segm_mAP_s: 0.0000  coco/segm_mAP_m: 0.7160  coco/segm_mAP_l: 0.5830  data_time: 0.0060  time: 0.0429
2026/08/08 21:50:42 - mmengine - INFO - Epoch(train)  [41][10/68]  base_lr: 1.2500e-04 lr: 1.2500e-04  eta: 0:23:36  time: 0.3468  data_time: 0.1295  memory: 599  grad_norm: 13.5974  loss: 0.5285  loss_cls: 0.1394  loss_bbox: 0.2734  loss_mask: 0.1158
2026/08/08 21:50:45 - mmengine - INFO - Epoch(train)  [41][20/68]  base_lr: 1.2500e-04 lr: 1.2500e-04  eta: 0:23:32  time: 0.3420  data_time: 0.1267  memory: 602  grad_norm: 13.8779  loss: 0.5286  loss_cls: 0.1390  loss_bbox: 0.2734  loss_mask: 0.1163
2026/08/08 21:50:48 - mmengine - INFO - Epoch(train)  [41][30/68]  base_lr: 1.2500e-04 lr: 1.2500e-04  eta: 0:23:28  time: 0.3458  data_time: 0.1272  memory: 603  grad_norm: 13.1269  loss: 0.4974  loss_cls: 0.1244  loss_bbox: 0.2604  loss_mask: 0.1126
2026/08/08 21:50:52 - mmengine - INFO - Epoch(train)  [41][40/68]  base_lr: 1.2500e-04 lr: 1.2500e-04  eta: 0:23:25  time: 0.3463  data_time: 0.1251  memory: 601  grad_norm: 13.6603  loss: 0.4991  loss_cls: 0.1304  loss_bbox: 0.2561  loss_mask: 0.1126
2026/08/08 21:50:55 - mmengine - INFO - Epoch(train)  [41][50/68]  base_lr: 1.2500e-04 lr: 1.2500e-04  eta: 0:23:21  time: 0.3440  data_time: 0.1251  memory: 602  grad_norm: 13.4523  loss: 0.4950  loss_cls: 0.1331  loss_bbox: 0.2507  loss_mask: 0.1112
2026/08/08 21:50:59 - mmengine - INFO - Epoch(train)  [41][60/68]  base_lr: 1.2500e-04 lr: 1.2500e-04  eta: 0:23:18  time: 0.3412  data_time: 0.1259  memory: 602  grad_norm: 13.3457  loss: 0.5016  loss_cls: 0.1365  loss_bbox: 0.2529  loss_mask: 0.1122
2026/08/08 21:51:01 - mmengine - INFO - Exp name: rtmdet_ins_busi_20260808_212745
2026/08/08 21:51:01 - mmengine - INFO - Saving checkpoint at 41 epochs
2026/08/08 21:51:03 - mmengine - INFO - Epoch(val)  [41][ 10/116]    eta: 0:00:04  time: 0.0439  data_time: 0.0053  memory: 600  
2026/08/08 21:51:04 - mmengine - INFO - Epoch(val)  [41][ 20/116]    eta: 0:00:03  time: 0.0422  data_time: 0.0053  memory: 118  
2026/08/08 21:51:04 - mmengine - INFO - Epoch(val)  [41][ 30/116]    eta: 0:00:03  time: 0.0401  data_time: 0.0049  memory: 120  
2026/08/08 21:51:05 - mmengine - INFO - Epoch(val)  [41][ 40/116]    eta: 0:00:02  time: 0.0390  data_time: 0.0056  memory: 208  
2026/08/08 21:51:05 - mmengine - INFO - Epoch(val)  [41][ 50/116]    eta: 0:00:02  time: 0.0383  data_time: 0.0054  memory: 158  
2026/08/08 21:51:05 - mmengine - INFO - Epoch(val)  [41][ 60/116]    eta: 0:00:02  time: 0.0380  data_time: 0.0055  memory: 151  
2026/08/08 21:51:06 - mmengine - INFO - Epoch(val)  [41][ 70/116]    eta: 0:00:01  time: 0.0373  data_time: 0.0054  memory: 137  
2026/08/08 21:51:06 - mmengine - INFO - Epoch(val)  [41][ 80/116]    eta: 0:00:01  time: 0.0379  data_time: 0.0052  memory: 127  
2026/08/08 21:51:07 - mmengine - INFO - Epoch(val)  [41][ 90/116]    eta: 0:00:01  time: 0.0396  data_time: 0.0046  memory: 145  
2026/08/08 21:51:07 - mmengine - INFO - Epoch(val)  [41][100/116]    eta: 0:00:00  time: 0.0397  data_time: 0.0049  memory: 171  
2026/08/08 21:51:07 - mmengine - INFO - Epoch(val)  [41][110/116]    eta: 0:00:00  time: 0.0400  data_time: 0.0052  memory: 146  
2026/08/08 21:51:08 - mmengine - INFO - Evaluating bbox...
2026/08/08 21:51:08 - mmengine - INFO - bbox_mAP_copypaste: 0.609 0.890 0.723 0.000 0.683 0.581
2026/08/08 21:51:08 - mmengine - INFO - Evaluating segm...
2026/08/08 21:51:08 - mmengine - INFO - segm_mAP_copypaste: 0.614 0.887 0.711 0.000 0.699 0.579
2026/08/08 21:51:10 - mmengine - INFO - val kayip: val_kayip_cls 0.3716  val_kayip_bbox 0.2648  val_kayip_mask 0.1238  val_kayip 0.7601
2026/08/08 21:51:10 - mmengine - INFO - Epoch(val) [41][116/116]    busi/dice_tum: 0.7972  busi/dice_lezyonlu: 0.7653  busi/bos_dogru: 19  busi/esik: 0.4000  val_kayip_cls: 0.3716  val_kayip_bbox: 0.2648  val_kayip_mask: 0.1238  val_kayip: 0.7601  coco/bbox_mAP: 0.6090  coco/bbox_mAP_50: 0.8900  coco/bbox_mAP_75: 0.7230  coco/bbox_mAP_s: 0.0000  coco/bbox_mAP_m: 0.6830  coco/bbox_mAP_l: 0.5810  coco/segm_mAP: 0.6140  coco/segm_mAP_50: 0.8870  coco/segm_mAP_75: 0.7110  coco/segm_mAP_s: 0.0000  coco/segm_mAP_m: 0.6990  coco/segm_mAP_l: 0.5790  data_time: 0.0053  time: 0.0392
2026/08/08 21:51:13 - mmengine - INFO - Epoch(train)  [42][10/68]  base_lr: 1.2500e-04 lr: 1.2500e-04  eta: 0:23:11  time: 0.3364  data_time: 0.1231  memory: 601  grad_norm: 14.0804  loss: 0.5132  loss_cls: 0.1358  loss_bbox: 0.2624  loss_mask: 0.1150
2026/08/08 21:51:16 - mmengine - INFO - Epoch(train)  [42][20/68]  base_lr: 1.2500e-04 lr: 1.2500e-04  eta: 0:23:07  time: 0.3333  data_time: 0.1220  memory: 601  grad_norm: 13.6218  loss: 0.5057  loss_cls: 0.1318  loss_bbox: 0.2612  loss_mask: 0.1126
2026/08/08 21:51:19 - mmengine - INFO - Epoch(train)  [42][30/68]  base_lr: 1.2500e-04 lr: 1.2500e-04  eta: 0:23:03  time: 0.3293  data_time: 0.1185  memory: 601  grad_norm: 13.2738  loss: 0.4977  loss_cls: 0.1277  loss_bbox: 0.2590  loss_mask: 0.1110
2026/08/08 21:51:23 - mmengine - INFO - Epoch(train)  [42][40/68]  base_lr: 1.2500e-04 lr: 1.2500e-04  eta: 0:23:00  time: 0.3280  data_time: 0.1173  memory: 601  grad_norm: 13.6792  loss: 0.4890  loss_cls: 0.1219  loss_bbox: 0.2577  loss_mask: 0.1094
2026/08/08 21:51:26 - mmengine - INFO - Epoch(train)  [42][50/68]  base_lr: 1.2500e-04 lr: 1.2500e-04  eta: 0:22:56  time: 0.3313  data_time: 0.1232  memory: 601  grad_norm: 13.0915  loss: 0.4756  loss_cls: 0.1191  loss_bbox: 0.2508  loss_mask: 0.1057
2026/08/08 21:51:30 - mmengine - INFO - Epoch(train)  [42][60/68]  base_lr: 1.2500e-04 lr: 1.2500e-04  eta: 0:22:53  time: 0.3339  data_time: 0.1263  memory: 600  grad_norm: 12.9326  loss: 0.4859  loss_cls: 0.1238  loss_bbox: 0.2551  loss_mask: 0.1070
2026/08/08 21:51:32 - mmengine - INFO - Exp name: rtmdet_ins_busi_20260808_212745
2026/08/08 21:51:32 - mmengine - INFO - Saving checkpoint at 42 epochs
2026/08/08 21:51:34 - mmengine - INFO - Epoch(val)  [42][ 10/116]    eta: 0:00:03  time: 0.0411  data_time: 0.0056  memory: 601  
2026/08/08 21:51:35 - mmengine - INFO - Epoch(val)  [42][ 20/116]    eta: 0:00:03  time: 0.0403  data_time: 0.0057  memory: 125  
2026/08/08 21:51:35 - mmengine - INFO - Epoch(val)  [42][ 30/116]    eta: 0:00:03  time: 0.0381  data_time: 0.0052  memory: 124  
2026/08/08 21:51:35 - mmengine - INFO - Epoch(val)  [42][ 40/116]    eta: 0:00:02  time: 0.0375  data_time: 0.0042  memory: 218  
2026/08/08 21:51:36 - mmengine - INFO - Epoch(val)  [42][ 50/116]    eta: 0:00:02  time: 0.0373  data_time: 0.0047  memory: 153  
2026/08/08 21:51:36 - mmengine - INFO - Epoch(val)  [42][ 60/116]    eta: 0:00:02  time: 0.0377  data_time: 0.0051  memory: 156  
2026/08/08 21:51:37 - mmengine - INFO - Epoch(val)  [42][ 70/116]    eta: 0:00:01  time: 0.0373  data_time: 0.0053  memory: 128  
2026/08/08 21:51:37 - mmengine - INFO - Epoch(val)  [42][ 80/116]    eta: 0:00:01  time: 0.0379  data_time: 0.0060  memory: 125  
2026/08/08 21:51:37 - mmengine - INFO - Epoch(val)  [42][ 90/116]    eta: 0:00:00  time: 0.0393  data_time: 0.0062  memory: 157  
2026/08/08 21:51:38 - mmengine - INFO - Epoch(val)  [42][100/116]    eta: 0:00:00  time: 0.0404  data_time: 0.0057  memory: 189  
2026/08/08 21:51:38 - mmengine - INFO - Epoch(val)  [42][110/116]    eta: 0:00:00  time: 0.0402  data_time: 0.0055  memory: 139  
2026/08/08 21:51:39 - mmengine - INFO - Evaluating bbox...
2026/08/08 21:51:39 - mmengine - INFO - bbox_mAP_copypaste: 0.615 0.903 0.728 0.000 0.691 0.582
2026/08/08 21:51:39 - mmengine - INFO - Evaluating segm...
2026/08/08 21:51:39 - mmengine - INFO - segm_mAP_copypaste: 0.623 0.898 0.727 0.000 0.709 0.585
2026/08/08 21:51:40 - mmengine - INFO - val kayip: val_kayip_cls 0.4358  val_kayip_bbox 0.2578  val_kayip_mask 0.1245  val_kayip 0.8181
2026/08/08 21:51:41 - mmengine - INFO - Epoch(val) [42][116/116]    busi/dice_tum: 0.8375  busi/dice_lezyonlu: 0.8141  busi/bos_dogru: 19  busi/esik: 0.3000  val_kayip_cls: 0.4358  val_kayip_bbox: 0.2578  val_kayip_mask: 0.1245  val_kayip: 0.8181  coco/bbox_mAP: 0.6150  coco/bbox_mAP_50: 0.9030  coco/bbox_mAP_75: 0.7280  coco/bbox_mAP_s: 0.0000  coco/bbox_mAP_m: 0.6910  coco/bbox_mAP_l: 0.5820  coco/segm_mAP: 0.6230  coco/segm_mAP_50: 0.8980  coco/segm_mAP_75: 0.7270  coco/segm_mAP_s: 0.0000  coco/segm_mAP_m: 0.7090  coco/segm_mAP_l: 0.5850  data_time: 0.0054  time: 0.0392
2026/08/08 21:51:41 - mmengine - INFO - The previous best checkpoint d:\mamografi\real_time_segmentasyon\rtmdet\calisma\rtmdet_ins_tiny_256_orta_s43\best_busi_dice_tum_epoch_32.pth is removed
2026/08/08 21:51:42 - mmengine - INFO - The best checkpoint with 0.8375 busi/dice_tum at 42 epoch is saved to best_busi_dice_tum_epoch_42.pth.
2026/08/08 21:51:48 - mmengine - INFO - Epoch(train)  [43][10/68]  base_lr: 1.2500e-04 lr: 1.2500e-04  eta: 0:22:46  time: 0.3342  data_time: 0.1263  memory: 601  grad_norm: 13.2702  loss: 0.4992  loss_cls: 0.1275  loss_bbox: 0.2611  loss_mask: 0.1106
2026/08/08 21:51:51 - mmengine - INFO - Epoch(train)  [43][20/68]  base_lr: 1.2500e-04 lr: 1.2500e-04  eta: 0:22:42  time: 0.3337  data_time: 0.1246  memory: 601  grad_norm: 12.8186  loss: 0.4946  loss_cls: 0.1228  loss_bbox: 0.2613  loss_mask: 0.1104
2026/08/08 21:51:54 - mmengine - INFO - Epoch(train)  [43][30/68]  base_lr: 1.2500e-04 lr: 1.2500e-04  eta: 0:22:39  time: 0.3313  data_time: 0.1218  memory: 603  grad_norm: 13.0645  loss: 0.5034  loss_cls: 0.1300  loss_bbox: 0.2608  loss_mask: 0.1127
2026/08/08 21:51:57 - mmengine - INFO - Epoch(train)  [43][40/68]  base_lr: 1.2500e-04 lr: 1.2500e-04  eta: 0:22:35  time: 0.3289  data_time: 0.1197  memory: 601  grad_norm: 13.5359  loss: 0.4947  loss_cls: 0.1285  loss_bbox: 0.2541  loss_mask: 0.1122
2026/08/08 21:52:01 - mmengine - INFO - Epoch(train)  [43][50/68]  base_lr: 1.2500e-04 lr: 1.2500e-04  eta: 0:22:31  time: 0.3357  data_time: 0.1233  memory: 600  grad_norm: 13.3874  loss: 0.4917  loss_cls: 0.1262  loss_bbox: 0.2539  loss_mask: 0.1116
2026/08/08 21:52:05 - mmengine - INFO - Epoch(train)  [43][60/68]  base_lr: 1.2500e-04 lr: 1.2500e-04  eta: 0:22:28  time: 0.3377  data_time: 0.1258  memory: 601  grad_norm: 13.7347  loss: 0.5007  loss_cls: 0.1343  loss_bbox: 0.2531  loss_mask: 0.1132
2026/08/08 21:52:07 - mmengine - INFO - Exp name: rtmdet_ins_busi_20260808_212745
2026/08/08 21:52:07 - mmengine - INFO - Saving checkpoint at 43 epochs
2026/08/08 21:52:10 - mmengine - INFO - Epoch(val)  [43][ 10/116]    eta: 0:00:03  time: 0.0415  data_time: 0.0056  memory: 602  
2026/08/08 21:52:10 - mmengine - INFO - Epoch(val)  [43][ 20/116]    eta: 0:00:03  time: 0.0399  data_time: 0.0057  memory: 116  
2026/08/08 21:52:10 - mmengine - INFO - Epoch(val)  [43][ 30/116]    eta: 0:00:02  time: 0.0380  data_time: 0.0052  memory: 122  
2026/08/08 21:52:11 - mmengine - INFO - Epoch(val)  [43][ 40/116]    eta: 0:00:02  time: 0.0373  data_time: 0.0048  memory: 218  
2026/08/08 21:52:11 - mmengine - INFO - Epoch(val)  [43][ 50/116]    eta: 0:00:02  time: 0.0371  data_time: 0.0041  memory: 153  
2026/08/08 21:52:11 - mmengine - INFO - Epoch(val)  [43][ 60/116]    eta: 0:00:02  time: 0.0387  data_time: 0.0039  memory: 173  
2026/08/08 21:52:12 - mmengine - INFO - Epoch(val)  [43][ 70/116]    eta: 0:00:01  time: 0.0400  data_time: 0.0035  memory: 132  
2026/08/08 21:52:12 - mmengine - INFO - Epoch(val)  [43][ 80/116]    eta: 0:00:01  time: 0.0415  data_time: 0.0041  memory: 138  
2026/08/08 21:52:13 - mmengine - INFO - Epoch(val)  [43][ 90/116]    eta: 0:00:01  time: 0.0427  data_time: 0.0047  memory: 151  
2026/08/08 21:52:13 - mmengine - INFO - Epoch(val)  [43][100/116]    eta: 0:00:00  time: 0.0420  data_time: 0.0050  memory: 217  
2026/08/08 21:52:14 - mmengine - INFO - Epoch(val)  [43][110/116]    eta: 0:00:00  time: 0.0413  data_time: 0.0051  memory: 163  
2026/08/08 21:52:14 - mmengine - INFO - Evaluating bbox...
2026/08/08 21:52:14 - mmengine - INFO - bbox_mAP_copypaste: 0.612 0.898 0.670 0.000 0.693 0.576
2026/08/08 21:52:14 - mmengine - INFO - Evaluating segm...
2026/08/08 21:52:14 - mmengine - INFO - segm_mAP_copypaste: 0.614 0.896 0.708 0.000 0.711 0.570
2026/08/08 21:52:16 - mmengine - INFO - val kayip: val_kayip_cls 0.5904  val_kayip_bbox 0.2590  val_kayip_mask 0.1229  val_kayip 0.9722
2026/08/08 21:52:16 - mmengine - INFO - Epoch(val) [43][116/116]    busi/dice_tum: 0.8246  busi/dice_lezyonlu: 0.8089  busi/bos_dogru: 18  busi/esik: 0.4000  val_kayip_cls: 0.5904  val_kayip_bbox: 0.2590  val_kayip_mask: 0.1229  val_kayip: 0.9722  coco/bbox_mAP: 0.6120  coco/bbox_mAP_50: 0.8980  coco/bbox_mAP_75: 0.6700  coco/bbox_mAP_s: 0.0000  coco/bbox_mAP_m: 0.6930  coco/bbox_mAP_l: 0.5760  coco/segm_mAP: 0.6140  coco/segm_mAP_50: 0.8960  coco/segm_mAP_75: 0.7080  coco/segm_mAP_s: 0.0000  coco/segm_mAP_m: 0.7110  coco/segm_mAP_l: 0.5700  data_time: 0.0045  time: 0.0399
2026/08/08 21:52:19 - mmengine - INFO - Epoch(train)  [44][10/68]  base_lr: 1.2500e-04 lr: 1.2500e-04  eta: 0:22:21  time: 0.3358  data_time: 0.1267  memory: 601  grad_norm: 13.7006  loss: 0.4958  loss_cls: 0.1320  loss_bbox: 0.2508  loss_mask: 0.1130
2026/08/08 21:52:23 - mmengine - INFO - Epoch(train)  [44][20/68]  base_lr: 1.2500e-04 lr: 1.2500e-04  eta: 0:22:18  time: 0.3412  data_time: 0.1307  memory: 602  grad_norm: 13.3327  loss: 0.4998  loss_cls: 0.1286  loss_bbox: 0.2563  loss_mask: 0.1149
2026/08/08 21:52:26 - mmengine - INFO - Epoch(train)  [44][30/68]  base_lr: 1.2500e-04 lr: 1.2500e-04  eta: 0:22:14  time: 0.3447  data_time: 0.1349  memory: 602  grad_norm: 13.6675  loss: 0.5073  loss_cls: 0.1337  loss_bbox: 0.2569  loss_mask: 0.1168
2026/08/08 21:52:30 - mmengine - INFO - Epoch(train)  [44][40/68]  base_lr: 1.2500e-04 lr: 1.2500e-04  eta: 0:22:11  time: 0.3431  data_time: 0.1340  memory: 602  grad_norm: 13.5822  loss: 0.5015  loss_cls: 0.1324  loss_bbox: 0.2550  loss_mask: 0.1142
2026/08/08 21:52:33 - mmengine - INFO - Epoch(train)  [44][50/68]  base_lr: 1.2500e-04 lr: 1.2500e-04  eta: 0:22:07  time: 0.3469  data_time: 0.1341  memory: 601  grad_norm: 13.1993  loss: 0.4850  loss_cls: 0.1237  loss_bbox: 0.2485  loss_mask: 0.1128
2026/08/08 21:52:36 - mmengine - INFO - Epoch(train)  [44][60/68]  base_lr: 1.2500e-04 lr: 1.2500e-04  eta: 0:22:04  time: 0.3491  data_time: 0.1354  memory: 601  grad_norm: 13.1048  loss: 0.4919  loss_cls: 0.1296  loss_bbox: 0.2496  loss_mask: 0.1127
2026/08/08 21:52:39 - mmengine - INFO - Exp name: rtmdet_ins_busi_20260808_212745
2026/08/08 21:52:39 - mmengine - INFO - Saving checkpoint at 44 epochs
2026/08/08 21:52:41 - mmengine - INFO - Epoch(val)  [44][ 10/116]    eta: 0:00:04  time: 0.0419  data_time: 0.0050  memory: 601  
2026/08/08 21:52:42 - mmengine - INFO - Epoch(val)  [44][ 20/116]    eta: 0:00:03  time: 0.0412  data_time: 0.0045  memory: 118  
2026/08/08 21:52:42 - mmengine - INFO - Epoch(val)  [44][ 30/116]    eta: 0:00:03  time: 0.0396  data_time: 0.0046  memory: 117  
2026/08/08 21:52:42 - mmengine - INFO - Epoch(val)  [44][ 40/116]    eta: 0:00:02  time: 0.0386  data_time: 0.0043  memory: 190  
2026/08/08 21:52:43 - mmengine - INFO - Epoch(val)  [44][ 50/116]    eta: 0:00:02  time: 0.0382  data_time: 0.0048  memory: 142  
2026/08/08 21:52:43 - mmengine - INFO - Epoch(val)  [44][ 60/116]    eta: 0:00:02  time: 0.0390  data_time: 0.0048  memory: 133  
2026/08/08 21:52:44 - mmengine - INFO - Epoch(val)  [44][ 70/116]    eta: 0:00:01  time: 0.0390  data_time: 0.0049  memory: 122  
2026/08/08 21:52:44 - mmengine - INFO - Epoch(val)  [44][ 80/116]    eta: 0:00:01  time: 0.0403  data_time: 0.0047  memory: 138  
2026/08/08 21:52:45 - mmengine - INFO - Epoch(val)  [44][ 90/116]    eta: 0:00:01  time: 0.0419  data_time: 0.0053  memory: 138  
2026/08/08 21:52:45 - mmengine - INFO - Epoch(val)  [44][100/116]    eta: 0:00:00  time: 0.0417  data_time: 0.0049  memory: 189  
2026/08/08 21:52:45 - mmengine - INFO - Epoch(val)  [44][110/116]    eta: 0:00:00  time: 0.0407  data_time: 0.0052  memory: 135  
2026/08/08 21:52:46 - mmengine - INFO - Evaluating bbox...
2026/08/08 21:52:46 - mmengine - INFO - bbox_mAP_copypaste: 0.604 0.889 0.717 0.000 0.717 0.557
2026/08/08 21:52:46 - mmengine - INFO - Evaluating segm...
2026/08/08 21:52:46 - mmengine - INFO - segm_mAP_copypaste: 0.612 0.899 0.722 0.000 0.702 0.570
2026/08/08 21:52:47 - mmengine - INFO - val kayip: val_kayip_cls 0.4757  val_kayip_bbox 0.2627  val_kayip_mask 0.1252  val_kayip 0.8637
2026/08/08 21:52:48 - mmengine - INFO - Epoch(val) [44][116/116]    busi/dice_tum: 0.8114  busi/dice_lezyonlu: 0.8138  busi/bos_dogru: 16  busi/esik: 0.3000  val_kayip_cls: 0.4757  val_kayip_bbox: 0.2627  val_kayip_mask: 0.1252  val_kayip: 0.8637  coco/bbox_mAP: 0.6040  coco/bbox_mAP_50: 0.8890  coco/bbox_mAP_75: 0.7170  coco/bbox_mAP_s: 0.0000  coco/bbox_mAP_m: 0.7170  coco/bbox_mAP_l: 0.5570  coco/segm_mAP: 0.6120  coco/segm_mAP_50: 0.8990  coco/segm_mAP_75: 0.7220  coco/segm_mAP_s: 0.0000  coco/segm_mAP_m: 0.7020  coco/segm_mAP_l: 0.5700  data_time: 0.0050  time: 0.0399
2026/08/08 21:52:50 - mmengine - INFO - Exp name: rtmdet_ins_busi_20260808_212745
2026/08/08 21:52:51 - mmengine - INFO - Epoch(train)  [45][10/68]  base_lr: 1.2500e-04 lr: 1.2500e-04  eta: 0:21:57  time: 0.3424  data_time: 0.1269  memory: 601  grad_norm: 13.1998  loss: 0.4802  loss_cls: 0.1234  loss_bbox: 0.2470  loss_mask: 0.1098
2026/08/08 21:52:54 - mmengine - INFO - Epoch(train)  [45][20/68]  base_lr: 1.2500e-04 lr: 1.2500e-04  eta: 0:21:54  time: 0.3376  data_time: 0.1195  memory: 601  grad_norm: 13.1868  loss: 0.4780  loss_cls: 0.1182  loss_bbox: 0.2495  loss_mask: 0.1103
2026/08/08 21:52:58 - mmengine - INFO - Epoch(train)  [45][30/68]  base_lr: 1.2500e-04 lr: 1.2500e-04  eta: 0:21:50  time: 0.3364  data_time: 0.1198  memory: 601  grad_norm: 13.2260  loss: 0.4785  loss_cls: 0.1193  loss_bbox: 0.2508  loss_mask: 0.1083
2026/08/08 21:53:01 - mmengine - INFO - Epoch(train)  [45][40/68]  base_lr: 1.2500e-04 lr: 1.2500e-04  eta: 0:21:47  time: 0.3351  data_time: 0.1200  memory: 601  grad_norm: 13.6484  loss: 0.4824  loss_cls: 0.1208  loss_bbox: 0.2526  loss_mask: 0.1091
2026/08/08 21:53:05 - mmengine - INFO - Epoch(train)  [45][50/68]  base_lr: 1.2500e-04 lr: 1.2500e-04  eta: 0:21:43  time: 0.3440  data_time: 0.1265  memory: 601  grad_norm: 13.4929  loss: 0.4880  loss_cls: 0.1251  loss_bbox: 0.2538  loss_mask: 0.1091
2026/08/08 21:53:08 - mmengine - INFO - Epoch(train)  [45][60/68]  base_lr: 1.2500e-04 lr: 1.2500e-04  eta: 0:21:40  time: 0.3392  data_time: 0.1234  memory: 600  grad_norm: 13.5201  loss: 0.4855  loss_cls: 0.1227  loss_bbox: 0.2544  loss_mask: 0.1084
2026/08/08 21:53:11 - mmengine - INFO - Exp name: rtmdet_ins_busi_20260808_212745
2026/08/08 21:53:11 - mmengine - INFO - Saving checkpoint at 45 epochs
2026/08/08 21:53:13 - mmengine - INFO - Epoch(val)  [45][ 10/116]    eta: 0:00:04  time: 0.0416  data_time: 0.0059  memory: 600  
2026/08/08 21:53:13 - mmengine - INFO - Epoch(val)  [45][ 20/116]    eta: 0:00:03  time: 0.0414  data_time: 0.0056  memory: 122  
2026/08/08 21:53:14 - mmengine - INFO - Epoch(val)  [45][ 30/116]    eta: 0:00:03  time: 0.0401  data_time: 0.0058  memory: 120  
2026/08/08 21:53:14 - mmengine - INFO - Epoch(val)  [45][ 40/116]    eta: 0:00:03  time: 0.0401  data_time: 0.0055  memory: 179  
2026/08/08 21:53:15 - mmengine - INFO - Epoch(val)  [45][ 50/116]    eta: 0:00:02  time: 0.0404  data_time: 0.0059  memory: 181  
2026/08/08 21:53:15 - mmengine - INFO - Epoch(val)  [45][ 60/116]    eta: 0:00:02  time: 0.0406  data_time: 0.0054  memory: 138  
2026/08/08 21:53:15 - mmengine - INFO - Epoch(val)  [45][ 70/116]    eta: 0:00:01  time: 0.0406  data_time: 0.0060  memory: 122  
2026/08/08 21:53:16 - mmengine - INFO - Epoch(val)  [45][ 80/116]    eta: 0:00:01  time: 0.0425  data_time: 0.0060  memory: 137  
2026/08/08 21:53:16 - mmengine - INFO - Epoch(val)  [45][ 90/116]    eta: 0:00:01  time: 0.0448  data_time: 0.0066  memory: 138  
2026/08/08 21:53:17 - mmengine - INFO - Epoch(val)  [45][100/116]    eta: 0:00:00  time: 0.0445  data_time: 0.0057  memory: 171  
2026/08/08 21:53:17 - mmengine - INFO - Epoch(val)  [45][110/116]    eta: 0:00:00  time: 0.0434  data_time: 0.0054  memory: 128  
2026/08/08 21:53:18 - mmengine - INFO - Evaluating bbox...
2026/08/08 21:53:18 - mmengine - INFO - bbox_mAP_copypaste: 0.617 0.900 0.705 0.000 0.701 0.576
2026/08/08 21:53:18 - mmengine - INFO - Evaluating segm...
2026/08/08 21:53:18 - mmengine - INFO - segm_mAP_copypaste: 0.616 0.893 0.689 0.000 0.709 0.571
2026/08/08 21:53:20 - mmengine - INFO - val kayip: val_kayip_cls 0.3953  val_kayip_bbox 0.2560  val_kayip_mask 0.1214  val_kayip 0.7727
2026/08/08 21:53:20 - mmengine - INFO - Epoch(val) [45][116/116]    busi/dice_tum: 0.8254  busi/dice_lezyonlu: 0.7994  busi/bos_dogru: 19  busi/esik: 0.4000  val_kayip_cls: 0.3953  val_kayip_bbox: 0.2560  val_kayip_mask: 0.1214  val_kayip: 0.7727  coco/bbox_mAP: 0.6170  coco/bbox_mAP_50: 0.9000  coco/bbox_mAP_75: 0.7050  coco/bbox_mAP_s: 0.0000  coco/bbox_mAP_m: 0.7010  coco/bbox_mAP_l: 0.5760  coco/segm_mAP: 0.6160  coco/segm_mAP_50: 0.8930  coco/segm_mAP_75: 0.6890  coco/segm_mAP_s: 0.0000  coco/segm_mAP_m: 0.7090  coco/segm_mAP_l: 0.5710  data_time: 0.0055  time: 0.0421
2026/08/08 21:53:23 - mmengine - INFO - Epoch(train)  [46][10/68]  base_lr: 1.2500e-04 lr: 1.2500e-04  eta: 0:21:33  time: 0.3406  data_time: 0.1277  memory: 601  grad_norm: 13.8890  loss: 0.4991  loss_cls: 0.1313  loss_bbox: 0.2542  loss_mask: 0.1136
2026/08/08 21:53:26 - mmengine - INFO - Epoch(train)  [46][20/68]  base_lr: 1.2500e-04 lr: 1.2500e-04  eta: 0:21:29  time: 0.3399  data_time: 0.1253  memory: 603  grad_norm: 13.7938  loss: 0.5010  loss_cls: 0.1288  loss_bbox: 0.2579  loss_mask: 0.1144
2026/08/08 21:53:30 - mmengine - INFO - Epoch(train)  [46][30/68]  base_lr: 1.2500e-04 lr: 1.2500e-04  eta: 0:21:26  time: 0.3319  data_time: 0.1201  memory: 603  grad_norm: 14.1226  loss: 0.4945  loss_cls: 0.1244  loss_bbox: 0.2578  loss_mask: 0.1124
2026/08/08 21:53:33 - mmengine - INFO - Epoch(train)  [46][40/68]  base_lr: 1.2500e-04 lr: 1.2500e-04  eta: 0:21:22  time: 0.3302  data_time: 0.1192  memory: 599  grad_norm: 14.5292  loss: 0.4993  loss_cls: 0.1300  loss_bbox: 0.2572  loss_mask: 0.1121
2026/08/08 21:53:36 - mmengine - INFO - Epoch(train)  [46][50/68]  base_lr: 1.2500e-04 lr: 1.2500e-04  eta: 0:21:18  time: 0.3323  data_time: 0.1199  memory: 601  grad_norm: 14.0739  loss: 0.4995  loss_cls: 0.1284  loss_bbox: 0.2596  loss_mask: 0.1115
2026/08/08 21:53:40 - mmengine - INFO - Epoch(train)  [46][60/68]  base_lr: 1.2500e-04 lr: 1.2500e-04  eta: 0:21:15  time: 0.3371  data_time: 0.1265  memory: 601  grad_norm: 13.6928  loss: 0.4878  loss_cls: 0.1244  loss_bbox: 0.2556  loss_mask: 0.1078
2026/08/08 21:53:42 - mmengine - INFO - Exp name: rtmdet_ins_busi_20260808_212745
2026/08/08 21:53:42 - mmengine - INFO - Saving checkpoint at 46 epochs
2026/08/08 21:53:45 - mmengine - INFO - Epoch(val)  [46][ 10/116]    eta: 0:00:04  time: 0.0444  data_time: 0.0053  memory: 601  
2026/08/08 21:53:45 - mmengine - INFO - Epoch(val)  [46][ 20/116]    eta: 0:00:03  time: 0.0410  data_time: 0.0050  memory: 116  
2026/08/08 21:53:46 - mmengine - INFO - Epoch(val)  [46][ 30/116]    eta: 0:00:03  time: 0.0397  data_time: 0.0051  memory: 115  
2026/08/08 21:53:46 - mmengine - INFO - Epoch(val)  [46][ 40/116]    eta: 0:00:02  time: 0.0390  data_time: 0.0062  memory: 164  
2026/08/08 21:53:47 - mmengine - INFO - Epoch(val)  [46][ 50/116]    eta: 0:00:02  time: 0.0391  data_time: 0.0067  memory: 170  
2026/08/08 21:53:47 - mmengine - INFO - Epoch(val)  [46][ 60/116]    eta: 0:00:02  time: 0.0387  data_time: 0.0062  memory: 129  
2026/08/08 21:53:47 - mmengine - INFO - Epoch(val)  [46][ 70/116]    eta: 0:00:01  time: 0.0388  data_time: 0.0052  memory: 129  
2026/08/08 21:53:48 - mmengine - INFO - Epoch(val)  [46][ 80/116]    eta: 0:00:01  time: 0.0390  data_time: 0.0047  memory: 125  
2026/08/08 21:53:48 - mmengine - INFO - Epoch(val)  [46][ 90/116]    eta: 0:00:01  time: 0.0405  data_time: 0.0051  memory: 164  
2026/08/08 21:53:49 - mmengine - INFO - Epoch(val)  [46][100/116]    eta: 0:00:00  time: 0.0406  data_time: 0.0045  memory: 194  
2026/08/08 21:53:49 - mmengine - INFO - Epoch(val)  [46][110/116]    eta: 0:00:00  time: 0.0412  data_time: 0.0043  memory: 122  
2026/08/08 21:53:49 - mmengine - INFO - Evaluating bbox...
2026/08/08 21:53:49 - mmengine - INFO - bbox_mAP_copypaste: 0.617 0.880 0.700 0.000 0.709 0.572
2026/08/08 21:53:49 - mmengine - INFO - Evaluating segm...
2026/08/08 21:53:49 - mmengine - INFO - segm_mAP_copypaste: 0.604 0.888 0.680 0.000 0.702 0.556
2026/08/08 21:53:51 - mmengine - INFO - val kayip: val_kayip_cls 0.3149  val_kayip_bbox 0.2573  val_kayip_mask 0.1259  val_kayip 0.6981
2026/08/08 21:53:51 - mmengine - INFO - Epoch(val) [46][116/116]    busi/dice_tum: 0.8041  busi/dice_lezyonlu: 0.7842  busi/bos_dogru: 18  busi/esik: 0.3000  val_kayip_cls: 0.3149  val_kayip_bbox: 0.2573  val_kayip_mask: 0.1259  val_kayip: 0.6981  coco/bbox_mAP: 0.6170  coco/bbox_mAP_50: 0.8800  coco/bbox_mAP_75: 0.7000  coco/bbox_mAP_s: 0.0000  coco/bbox_mAP_m: 0.7090  coco/bbox_mAP_l: 0.5720  coco/segm_mAP: 0.6040  coco/segm_mAP_50: 0.8880  coco/segm_mAP_75: 0.6800  coco/segm_mAP_s: 0.0000  coco/segm_mAP_m: 0.7020  coco/segm_mAP_l: 0.5560  data_time: 0.0053  time: 0.0403
2026/08/08 21:53:55 - mmengine - INFO - Epoch(train)  [47][10/68]  base_lr: 1.2500e-04 lr: 1.2500e-04  eta: 0:21:09  time: 0.3410  data_time: 0.1267  memory: 603  grad_norm: 13.3193  loss: 0.4971  loss_cls: 0.1308  loss_bbox: 0.2551  loss_mask: 0.1112
2026/08/08 21:53:59 - mmengine - INFO - Epoch(train)  [47][20/68]  base_lr: 1.2500e-04 lr: 1.2500e-04  eta: 0:21:06  time: 0.3501  data_time: 0.1306  memory: 603  grad_norm: 13.1594  loss: 0.4814  loss_cls: 0.1233  loss_bbox: 0.2489  loss_mask: 0.1092
2026/08/08 21:54:03 - mmengine - INFO - Epoch(train)  [47][30/68]  base_lr: 1.2500e-04 lr: 1.2500e-04  eta: 0:21:03  time: 0.3603  data_time: 0.1364  memory: 598  grad_norm: 13.2333  loss: 0.4849  loss_cls: 0.1258  loss_bbox: 0.2486  loss_mask: 0.1105
2026/08/08 21:54:07 - mmengine - INFO - Epoch(train)  [47][40/68]  base_lr: 1.2500e-04 lr: 1.2500e-04  eta: 0:21:00  time: 0.3694  data_time: 0.1395  memory: 604  grad_norm: 13.2552  loss: 0.4875  loss_cls: 0.1285  loss_bbox: 0.2479  loss_mask: 0.1111
2026/08/08 21:54:11 - mmengine - INFO - Epoch(train)  [47][50/68]  base_lr: 1.2500e-04 lr: 1.2500e-04  eta: 0:20:57  time: 0.3832  data_time: 0.1506  memory: 601  grad_norm: 12.7602  loss: 0.4769  loss_cls: 0.1234  loss_bbox: 0.2459  loss_mask: 0.1077
2026/08/08 21:54:14 - mmengine - INFO - Epoch(train)  [47][60/68]  base_lr: 1.2500e-04 lr: 1.2500e-04  eta: 0:20:54  time: 0.3822  data_time: 0.1507  memory: 599  grad_norm: 13.4636  loss: 0.4781  loss_cls: 0.1214  loss_bbox: 0.2481  loss_mask: 0.1087
2026/08/08 21:54:17 - mmengine - INFO - Exp name: rtmdet_ins_busi_20260808_212745
2026/08/08 21:54:17 - mmengine - INFO - Saving checkpoint at 47 epochs
2026/08/08 21:54:19 - mmengine - INFO - Epoch(val)  [47][ 10/116]    eta: 0:00:04  time: 0.0431  data_time: 0.0049  memory: 602  
2026/08/08 21:54:20 - mmengine - INFO - Epoch(val)  [47][ 20/116]    eta: 0:00:03  time: 0.0420  data_time: 0.0040  memory: 118  
2026/08/08 21:54:20 - mmengine - INFO - Epoch(val)  [47][ 30/116]    eta: 0:00:03  time: 0.0416  data_time: 0.0039  memory: 110  
2026/08/08 21:54:21 - mmengine - INFO - Epoch(val)  [47][ 40/116]    eta: 0:00:03  time: 0.0418  data_time: 0.0047  memory: 164  
2026/08/08 21:54:21 - mmengine - INFO - Epoch(val)  [47][ 50/116]    eta: 0:00:02  time: 0.0420  data_time: 0.0045  memory: 141  
2026/08/08 21:54:22 - mmengine - INFO - Epoch(val)  [47][ 60/116]    eta: 0:00:02  time: 0.0429  data_time: 0.0052  memory: 133  
2026/08/08 21:54:22 - mmengine - INFO - Epoch(val)  [47][ 70/116]    eta: 0:00:01  time: 0.0447  data_time: 0.0053  memory: 126  
2026/08/08 21:54:23 - mmengine - INFO - Epoch(val)  [47][ 80/116]    eta: 0:00:01  time: 0.0450  data_time: 0.0053  memory: 139  
2026/08/08 21:54:23 - mmengine - INFO - Epoch(val)  [47][ 90/116]    eta: 0:00:01  time: 0.0447  data_time: 0.0053  memory: 151  
2026/08/08 21:54:23 - mmengine - INFO - Epoch(val)  [47][100/116]    eta: 0:00:00  time: 0.0447  data_time: 0.0060  memory: 175  
2026/08/08 21:54:24 - mmengine - INFO - Epoch(val)  [47][110/116]    eta: 0:00:00  time: 0.0443  data_time: 0.0061  memory: 122  
2026/08/08 21:54:24 - mmengine - INFO - Evaluating bbox...
2026/08/08 21:54:24 - mmengine - INFO - bbox_mAP_copypaste: 0.613 0.887 0.698 0.000 0.723 0.557
2026/08/08 21:54:24 - mmengine - INFO - Evaluating segm...
2026/08/08 21:54:24 - mmengine - INFO - segm_mAP_copypaste: 0.598 0.877 0.675 0.000 0.712 0.544
2026/08/08 21:54:26 - mmengine - INFO - val kayip: val_kayip_cls 0.3477  val_kayip_bbox 0.2594  val_kayip_mask 0.1259  val_kayip 0.7331
2026/08/08 21:54:26 - mmengine - INFO - Epoch(val) [47][116/116]    busi/dice_tum: 0.8202  busi/dice_lezyonlu: 0.7827  busi/bos_dogru: 20  busi/esik: 0.4000  val_kayip_cls: 0.3477  val_kayip_bbox: 0.2594  val_kayip_mask: 0.1259  val_kayip: 0.7331  coco/bbox_mAP: 0.6130  coco/bbox_mAP_50: 0.8870  coco/bbox_mAP_75: 0.6980  coco/bbox_mAP_s: 0.0000  coco/bbox_mAP_m: 0.7230  coco/bbox_mAP_l: 0.5570  coco/segm_mAP: 0.5980  coco/segm_mAP_50: 0.8770  coco/segm_mAP_75: 0.6750  coco/segm_mAP_s: 0.0000  coco/segm_mAP_m: 0.7120  coco/segm_mAP_l: 0.5440  data_time: 0.0056  time: 0.0435
2026/08/08 21:54:30 - mmengine - INFO - Epoch(train)  [48][10/68]  base_lr: 1.2500e-04 lr: 1.2500e-04  eta: 0:20:48  time: 0.3842  data_time: 0.1524  memory: 604  grad_norm: 13.3220  loss: 0.4763  loss_cls: 0.1259  loss_bbox: 0.2413  loss_mask: 0.1092
2026/08/08 21:54:34 - mmengine - INFO - Epoch(train)  [48][20/68]  base_lr: 1.2500e-04 lr: 1.2500e-04  eta: 0:20:45  time: 0.3837  data_time: 0.1504  memory: 603  grad_norm: 13.8093  loss: 0.4672  loss_cls: 0.1245  loss_bbox: 0.2352  loss_mask: 0.1074
2026/08/08 21:54:38 - mmengine - INFO - Epoch(train)  [48][30/68]  base_lr: 1.2500e-04 lr: 1.2500e-04  eta: 0:20:42  time: 0.3879  data_time: 0.1522  memory: 601  grad_norm: 14.3396  loss: 0.4806  loss_cls: 0.1332  loss_bbox: 0.2389  loss_mask: 0.1085
2026/08/08 21:54:42 - mmengine - INFO - Epoch(train)  [48][40/68]  base_lr: 1.2500e-04 lr: 1.2500e-04  eta: 0:20:39  time: 0.3903  data_time: 0.1510  memory: 602  grad_norm: 14.2670  loss: 0.4771  loss_cls: 0.1355  loss_bbox: 0.2345  loss_mask: 0.1071
2026/08/08 21:54:46 - mmengine - INFO - Epoch(train)  [48][50/68]  base_lr: 1.2500e-04 lr: 1.2500e-04  eta: 0:20:36  time: 0.3945  data_time: 0.1535  memory: 601  grad_norm: 14.3128  loss: 0.4699  loss_cls: 0.1321  loss_bbox: 0.2338  loss_mask: 0.1040
2026/08/08 21:54:49 - mmengine - INFO - Epoch(train)  [48][60/68]  base_lr: 1.2500e-04 lr: 1.2500e-04  eta: 0:20:33  time: 0.3852  data_time: 0.1459  memory: 601  grad_norm: 14.2722  loss: 0.4775  loss_cls: 0.1274  loss_bbox: 0.2445  loss_mask: 0.1057
2026/08/08 21:54:52 - mmengine - INFO - Exp name: rtmdet_ins_busi_20260808_212745
2026/08/08 21:54:52 - mmengine - INFO - Saving checkpoint at 48 epochs
2026/08/08 21:54:55 - mmengine - INFO - Epoch(val)  [48][ 10/116]    eta: 0:00:05  time: 0.0453  data_time: 0.0068  memory: 599  
2026/08/08 21:54:55 - mmengine - INFO - Epoch(val)  [48][ 20/116]    eta: 0:00:04  time: 0.0442  data_time: 0.0070  memory: 122  
2026/08/08 21:54:56 - mmengine - INFO - Epoch(val)  [48][ 30/116]    eta: 0:00:03  time: 0.0427  data_time: 0.0062  memory: 117  
2026/08/08 21:54:56 - mmengine - INFO - Epoch(val)  [48][ 40/116]    eta: 0:00:03  time: 0.0422  data_time: 0.0058  memory: 147  
2026/08/08 21:54:57 - mmengine - INFO - Epoch(val)  [48][ 50/116]    eta: 0:00:02  time: 0.0421  data_time: 0.0055  memory: 170  
2026/08/08 21:54:57 - mmengine - INFO - Epoch(val)  [48][ 60/116]    eta: 0:00:02  time: 0.0420  data_time: 0.0058  memory: 142  
2026/08/08 21:54:57 - mmengine - INFO - Epoch(val)  [48][ 70/116]    eta: 0:00:01  time: 0.0424  data_time: 0.0059  memory: 126  
2026/08/08 21:54:58 - mmengine - INFO - Epoch(val)  [48][ 80/116]    eta: 0:00:01  time: 0.0431  data_time: 0.0062  memory: 130  
2026/08/08 21:54:58 - mmengine - INFO - Epoch(val)  [48][ 90/116]    eta: 0:00:01  time: 0.0447  data_time: 0.0069  memory: 164  
2026/08/08 21:54:59 - mmengine - INFO - Epoch(val)  [48][100/116]    eta: 0:00:00  time: 0.0444  data_time: 0.0062  memory: 171  
2026/08/08 21:54:59 - mmengine - INFO - Epoch(val)  [48][110/116]    eta: 0:00:00  time: 0.0430  data_time: 0.0055  memory: 122  
2026/08/08 21:54:59 - mmengine - INFO - Evaluating bbox...
2026/08/08 21:54:59 - mmengine - INFO - bbox_mAP_copypaste: 0.616 0.888 0.712 0.000 0.703 0.577
2026/08/08 21:54:59 - mmengine - INFO - Evaluating segm...
2026/08/08 21:55:00 - mmengine - INFO - segm_mAP_copypaste: 0.619 0.882 0.683 0.000 0.710 0.579
2026/08/08 21:55:01 - mmengine - INFO - val kayip: val_kayip_cls 0.3295  val_kayip_bbox 0.2463  val_kayip_mask 0.1228  val_kayip 0.6986
2026/08/08 21:55:01 - mmengine - INFO - Epoch(val) [48][116/116]    busi/dice_tum: 0.8315  busi/dice_lezyonlu: 0.7964  busi/bos_dogru: 20  busi/esik: 0.4000  val_kayip_cls: 0.3295  val_kayip_bbox: 0.2463  val_kayip_mask: 0.1228  val_kayip: 0.6986  coco/bbox_mAP: 0.6160  coco/bbox_mAP_50: 0.8880  coco/bbox_mAP_75: 0.7120  coco/bbox_mAP_s: 0.0000  coco/bbox_mAP_m: 0.7030  coco/bbox_mAP_l: 0.5770  coco/segm_mAP: 0.6190  coco/segm_mAP_50: 0.8820  coco/segm_mAP_75: 0.6830  coco/segm_mAP_s: 0.0000  coco/segm_mAP_m: 0.7100  coco/segm_mAP_l: 0.5790  data_time: 0.0059  time: 0.0431
2026/08/08 21:55:05 - mmengine - INFO - Epoch(train)  [49][10/68]  base_lr: 1.2500e-04 lr: 1.2500e-04  eta: 0:20:27  time: 0.3721  data_time: 0.1422  memory: 601  grad_norm: 13.9841  loss: 0.5021  loss_cls: 0.1322  loss_bbox: 0.2584  loss_mask: 0.1115
2026/08/08 21:55:09 - mmengine - INFO - Epoch(train)  [49][20/68]  base_lr: 1.2500e-04 lr: 1.2500e-04  eta: 0:20:23  time: 0.3621  data_time: 0.1373  memory: 601  grad_norm: 14.3072  loss: 0.4895  loss_cls: 0.1260  loss_bbox: 0.2531  loss_mask: 0.1105
2026/08/08 21:55:13 - mmengine - INFO - Epoch(train)  [49][30/68]  base_lr: 1.2500e-04 lr: 1.2500e-04  eta: 0:20:20  time: 0.3679  data_time: 0.1429  memory: 601  grad_norm: 13.7043  loss: 0.4986  loss_cls: 0.1272  loss_bbox: 0.2551  loss_mask: 0.1163
2026/08/08 21:55:16 - mmengine - INFO - Epoch(train)  [49][40/68]  base_lr: 1.2500e-04 lr: 1.2500e-04  eta: 0:20:17  time: 0.3659  data_time: 0.1435  memory: 601  grad_norm: 13.5575  loss: 0.4978  loss_cls: 0.1272  loss_bbox: 0.2551  loss_mask: 0.1155
2026/08/08 21:55:20 - mmengine - INFO - Epoch(train)  [49][50/68]  base_lr: 1.2500e-04 lr: 1.2500e-04  eta: 0:20:13  time: 0.3687  data_time: 0.1442  memory: 601  grad_norm: 13.4538  loss: 0.4952  loss_cls: 0.1300  loss_bbox: 0.2523  loss_mask: 0.1128
2026/08/08 21:55:24 - mmengine - INFO - Epoch(train)  [49][60/68]  base_lr: 1.2500e-04 lr: 1.2500e-04  eta: 0:20:10  time: 0.3667  data_time: 0.1397  memory: 601  grad_norm: 12.9450  loss: 0.4750  loss_cls: 0.1240  loss_bbox: 0.2427  loss_mask: 0.1083
2026/08/08 21:55:26 - mmengine - INFO - Exp name: rtmdet_ins_busi_20260808_212745
2026/08/08 21:55:26 - mmengine - INFO - Saving checkpoint at 49 epochs
2026/08/08 21:55:29 - mmengine - INFO - Epoch(val)  [49][ 10/116]    eta: 0:00:04  time: 0.0435  data_time: 0.0060  memory: 601  
2026/08/08 21:55:29 - mmengine - INFO - Epoch(val)  [49][ 20/116]    eta: 0:00:03  time: 0.0420  data_time: 0.0061  memory: 122  
2026/08/08 21:55:30 - mmengine - INFO - Epoch(val)  [49][ 30/116]    eta: 0:00:03  time: 0.0399  data_time: 0.0055  memory: 112  
2026/08/08 21:55:30 - mmengine - INFO - Epoch(val)  [49][ 40/116]    eta: 0:00:02  time: 0.0388  data_time: 0.0053  memory: 168  
2026/08/08 21:55:30 - mmengine - INFO - Epoch(val)  [49][ 50/116]    eta: 0:00:02  time: 0.0383  data_time: 0.0051  memory: 164  
2026/08/08 21:55:31 - mmengine - INFO - Epoch(val)  [49][ 60/116]    eta: 0:00:02  time: 0.0382  data_time: 0.0053  memory: 146  
2026/08/08 21:55:31 - mmengine - INFO - Epoch(val)  [49][ 70/116]    eta: 0:00:01  time: 0.0385  data_time: 0.0053  memory: 126  
2026/08/08 21:55:31 - mmengine - INFO - Epoch(val)  [49][ 80/116]    eta: 0:00:01  time: 0.0391  data_time: 0.0056  memory: 123  
2026/08/08 21:55:32 - mmengine - INFO - Epoch(val)  [49][ 90/116]    eta: 0:00:01  time: 0.0404  data_time: 0.0062  memory: 139  
2026/08/08 21:55:32 - mmengine - INFO - Epoch(val)  [49][100/116]    eta: 0:00:00  time: 0.0410  data_time: 0.0062  memory: 194  
2026/08/08 21:55:33 - mmengine - INFO - Epoch(val)  [49][110/116]    eta: 0:00:00  time: 0.0410  data_time: 0.0057  memory: 134  
2026/08/08 21:55:33 - mmengine - INFO - Evaluating bbox...
2026/08/08 21:55:33 - mmengine - INFO - bbox_mAP_copypaste: 0.610 0.888 0.710 0.000 0.696 0.569
2026/08/08 21:55:33 - mmengine - INFO - Evaluating segm...
2026/08/08 21:55:33 - mmengine - INFO - segm_mAP_copypaste: 0.607 0.889 0.675 0.000 0.685 0.571
2026/08/08 21:55:35 - mmengine - INFO - val kayip: val_kayip_cls 0.3350  val_kayip_bbox 0.2567  val_kayip_mask 0.1242  val_kayip 0.7159
2026/08/08 21:55:35 - mmengine - INFO - Epoch(val) [49][116/116]    busi/dice_tum: 0.8139  busi/dice_lezyonlu: 0.7751  busi/bos_dogru: 20  busi/esik: 0.4000  val_kayip_cls: 0.3350  val_kayip_bbox: 0.2567  val_kayip_mask: 0.1242  val_kayip: 0.7159  coco/bbox_mAP: 0.6100  coco/bbox_mAP_50: 0.8880  coco/bbox_mAP_75: 0.7100  coco/bbox_mAP_s: 0.0000  coco/bbox_mAP_m: 0.6960  coco/bbox_mAP_l: 0.5690  coco/segm_mAP: 0.6070  coco/segm_mAP_50: 0.8890  coco/segm_mAP_75: 0.6750  coco/segm_mAP_s: 0.0000  coco/segm_mAP_m: 0.6850  coco/segm_mAP_l: 0.5710  data_time: 0.0057  time: 0.0399
2026/08/08 21:55:39 - mmengine - INFO - Epoch(train)  [50][10/68]  base_lr: 1.2500e-04 lr: 1.2500e-04  eta: 0:20:04  time: 0.3592  data_time: 0.1352  memory: 602  grad_norm: 12.8818  loss: 0.4607  loss_cls: 0.1134  loss_bbox: 0.2446  loss_mask: 0.1027
2026/08/08 21:55:42 - mmengine - INFO - Epoch(train)  [50][20/68]  base_lr: 1.2500e-04 lr: 1.2500e-04  eta: 0:20:01  time: 0.3559  data_time: 0.1340  memory: 601  grad_norm: 12.8166  loss: 0.4477  loss_cls: 0.1065  loss_bbox: 0.2411  loss_mask: 0.1002
2026/08/08 21:55:45 - mmengine - INFO - Epoch(train)  [50][30/68]  base_lr: 1.2500e-04 lr: 1.2500e-04  eta: 0:19:57  time: 0.3536  data_time: 0.1342  memory: 601  grad_norm: 12.8387  loss: 0.4626  loss_cls: 0.1140  loss_bbox: 0.2459  loss_mask: 0.1027
2026/08/08 21:55:49 - mmengine - INFO - Epoch(train)  [50][40/68]  base_lr: 1.2500e-04 lr: 1.2500e-04  eta: 0:19:53  time: 0.3457  data_time: 0.1296  memory: 602  grad_norm: 13.1576  loss: 0.4601  loss_cls: 0.1103  loss_bbox: 0.2452  loss_mask: 0.1046
2026/08/08 21:55:52 - mmengine - INFO - Epoch(train)  [50][50/68]  base_lr: 1.2500e-04 lr: 1.2500e-04  eta: 0:19:50  time: 0.3422  data_time: 0.1291  memory: 601  grad_norm: 12.5961  loss: 0.4630  loss_cls: 0.1117  loss_bbox: 0.2442  loss_mask: 0.1071
2026/08/08 21:55:55 - mmengine - INFO - Epoch(train)  [50][60/68]  base_lr: 1.2500e-04 lr: 1.2500e-04  eta: 0:19:46  time: 0.3362  data_time: 0.1267  memory: 601  grad_norm: 12.3799  loss: 0.4808  loss_cls: 0.1202  loss_bbox: 0.2495  loss_mask: 0.1112
2026/08/08 21:55:58 - mmengine - INFO - Exp name: rtmdet_ins_busi_20260808_212745
2026/08/08 21:55:58 - mmengine - INFO - Saving checkpoint at 50 epochs
2026/08/08 21:56:01 - mmengine - INFO - Epoch(val)  [50][ 10/116]    eta: 0:00:04  time: 0.0416  data_time: 0.0061  memory: 603  
2026/08/08 21:56:01 - mmengine - INFO - Epoch(val)  [50][ 20/116]    eta: 0:00:03  time: 0.0412  data_time: 0.0057  memory: 112  
2026/08/08 21:56:02 - mmengine - INFO - Epoch(val)  [50][ 30/116]    eta: 0:00:03  time: 0.0408  data_time: 0.0055  memory: 120  
2026/08/08 21:56:02 - mmengine - INFO - Epoch(val)  [50][ 40/116]    eta: 0:00:03  time: 0.0409  data_time: 0.0054  memory: 161  
2026/08/08 21:56:02 - mmengine - INFO - Epoch(val)  [50][ 50/116]    eta: 0:00:02  time: 0.0415  data_time: 0.0053  memory: 176  
2026/08/08 21:56:03 - mmengine - INFO - Epoch(val)  [50][ 60/116]    eta: 0:00:02  time: 0.0427  data_time: 0.0053  memory: 125  
2026/08/08 21:56:03 - mmengine - INFO - Epoch(val)  [50][ 70/116]    eta: 0:00:01  time: 0.0427  data_time: 0.0056  memory: 126  
2026/08/08 21:56:04 - mmengine - INFO - Epoch(val)  [50][ 80/116]    eta: 0:00:01  time: 0.0425  data_time: 0.0058  memory: 123  
2026/08/08 21:56:04 - mmengine - INFO - Epoch(val)  [50][ 90/116]    eta: 0:00:01  time: 0.0437  data_time: 0.0060  memory: 138  
2026/08/08 21:56:05 - mmengine - INFO - Epoch(val)  [50][100/116]    eta: 0:00:00  time: 0.0432  data_time: 0.0061  memory: 184  
2026/08/08 21:56:05 - mmengine - INFO - Epoch(val)  [50][110/116]    eta: 0:00:00  time: 0.0431  data_time: 0.0062  memory: 127  
2026/08/08 21:56:05 - mmengine - INFO - Evaluating bbox...
2026/08/08 21:56:05 - mmengine - INFO - bbox_mAP_copypaste: 0.621 0.895 0.728 0.000 0.683 0.594
2026/08/08 21:56:05 - mmengine - INFO - Evaluating segm...
2026/08/08 21:56:05 - mmengine - INFO - segm_mAP_copypaste: 0.624 0.888 0.694 0.000 0.697 0.593
2026/08/08 21:56:07 - mmengine - INFO - val kayip: val_kayip_cls 0.3325  val_kayip_bbox 0.2467  val_kayip_mask 0.1195  val_kayip 0.6987
2026/08/08 21:56:07 - mmengine - INFO - Epoch(val) [50][116/116]    busi/dice_tum: 0.8102  busi/dice_lezyonlu: 0.8019  busi/bos_dogru: 17  busi/esik: 0.3000  val_kayip_cls: 0.3325  val_kayip_bbox: 0.2467  val_kayip_mask: 0.1195  val_kayip: 0.6987  coco/bbox_mAP: 0.6210  coco/bbox_mAP_50: 0.8950  coco/bbox_mAP_75: 0.7280  coco/bbox_mAP_s: 0.0000  coco/bbox_mAP_m: 0.6830  coco/bbox_mAP_l: 0.5940  coco/segm_mAP: 0.6240  coco/segm_mAP_50: 0.8880  coco/segm_mAP_75: 0.6940  coco/segm_mAP_s: 0.0000  coco/segm_mAP_m: 0.6970  coco/segm_mAP_l: 0.5930  data_time: 0.0057  time: 0.0423
2026/08/08 21:56:10 - mmengine - INFO - Epoch(train)  [51][10/68]  base_lr: 1.2500e-04 lr: 1.2500e-04  eta: 0:19:40  time: 0.3331  data_time: 0.1203  memory: 601  grad_norm: 11.6411  loss: 0.4693  loss_cls: 0.1160  loss_bbox: 0.2406  loss_mask: 0.1126
2026/08/08 21:56:14 - mmengine - INFO - Epoch(train)  [51][20/68]  base_lr: 1.2499e-04 lr: 1.2499e-04  eta: 0:19:36  time: 0.3373  data_time: 0.1225  memory: 600  grad_norm: 12.0539  loss: 0.4743  loss_cls: 0.1185  loss_bbox: 0.2455  loss_mask: 0.1103
2026/08/08 21:56:17 - mmengine - INFO - Epoch(train)  [51][30/68]  base_lr: 1.2498e-04 lr: 1.2498e-04  eta: 0:19:33  time: 0.3361  data_time: 0.1211  memory: 601  grad_norm: 12.0315  loss: 0.4716  loss_cls: 0.1212  loss_bbox: 0.2414  loss_mask: 0.1090
2026/08/08 21:56:21 - mmengine - INFO - Epoch(train)  [51][40/68]  base_lr: 1.2496e-04 lr: 1.2496e-04  eta: 0:19:29  time: 0.3404  data_time: 0.1253  memory: 603  grad_norm: 12.1528  loss: 0.4654  loss_cls: 0.1160  loss_bbox: 0.2407  loss_mask: 0.1087
2026/08/08 21:56:24 - mmengine - INFO - Epoch(train)  [51][50/68]  base_lr: 1.2494e-04 lr: 1.2494e-04  eta: 0:19:25  time: 0.3369  data_time: 0.1233  memory: 601  grad_norm: 12.7776  loss: 0.4543  loss_cls: 0.1101  loss_bbox: 0.2388  loss_mask: 0.1054
2026/08/08 21:56:27 - mmengine - INFO - Epoch(train)  [51][60/68]  base_lr: 1.2491e-04 lr: 1.2491e-04  eta: 0:19:22  time: 0.3372  data_time: 0.1277  memory: 600  grad_norm: 13.1782  loss: 0.4646  loss_cls: 0.1135  loss_bbox: 0.2431  loss_mask: 0.1080
2026/08/08 21:56:30 - mmengine - INFO - Exp name: rtmdet_ins_busi_20260808_212745
2026/08/08 21:56:30 - mmengine - INFO - Saving checkpoint at 51 epochs
2026/08/08 21:56:32 - mmengine - INFO - Epoch(val)  [51][ 10/116]    eta: 0:00:03  time: 0.0427  data_time: 0.0063  memory: 604  
2026/08/08 21:56:32 - mmengine - INFO - Epoch(val)  [51][ 20/116]    eta: 0:00:03  time: 0.0411  data_time: 0.0056  memory: 125  
2026/08/08 21:56:33 - mmengine - INFO - Epoch(val)  [51][ 30/116]    eta: 0:00:03  time: 0.0392  data_time: 0.0046  memory: 115  
2026/08/08 21:56:33 - mmengine - INFO - Epoch(val)  [51][ 40/116]    eta: 0:00:02  time: 0.0375  data_time: 0.0034  memory: 150  
2026/08/08 21:56:33 - mmengine - INFO - Epoch(val)  [51][ 50/116]    eta: 0:00:02  time: 0.0363  data_time: 0.0036  memory: 147  
2026/08/08 21:56:34 - mmengine - INFO - Epoch(val)  [51][ 60/116]    eta: 0:00:02  time: 0.0364  data_time: 0.0037  memory: 122  
2026/08/08 21:56:34 - mmengine - INFO - Epoch(val)  [51][ 70/116]    eta: 0:00:01  time: 0.0360  data_time: 0.0053  memory: 131  
2026/08/08 21:56:35 - mmengine - INFO - Epoch(val)  [51][ 80/116]    eta: 0:00:01  time: 0.0365  data_time: 0.0049  memory: 125  
2026/08/08 21:56:35 - mmengine - INFO - Epoch(val)  [51][ 90/116]    eta: 0:00:00  time: 0.0388  data_time: 0.0059  memory: 124  
2026/08/08 21:56:35 - mmengine - INFO - Epoch(val)  [51][100/116]    eta: 0:00:00  time: 0.0385  data_time: 0.0049  memory: 166  
2026/08/08 21:56:36 - mmengine - INFO - Epoch(val)  [51][110/116]    eta: 0:00:00  time: 0.0378  data_time: 0.0048  memory: 118  
2026/08/08 21:56:36 - mmengine - INFO - Evaluating bbox...
2026/08/08 21:56:36 - mmengine - INFO - bbox_mAP_copypaste: 0.624 0.894 0.728 0.000 0.692 0.589
2026/08/08 21:56:36 - mmengine - INFO - Evaluating segm...
2026/08/08 21:56:36 - mmengine - INFO - segm_mAP_copypaste: 0.631 0.887 0.746 0.000 0.710 0.597
2026/08/08 21:56:38 - mmengine - INFO - val kayip: val_kayip_cls 0.3251  val_kayip_bbox 0.2527  val_kayip_mask 0.1207  val_kayip 0.6985
2026/08/08 21:56:38 - mmengine - INFO - Epoch(val) [51][116/116]    busi/dice_tum: 0.8195  busi/dice_lezyonlu: 0.7819  busi/bos_dogru: 20  busi/esik: 0.4000  val_kayip_cls: 0.3251  val_kayip_bbox: 0.2527  val_kayip_mask: 0.1207  val_kayip: 0.6985  coco/bbox_mAP: 0.6240  coco/bbox_mAP_50: 0.8940  coco/bbox_mAP_75: 0.7280  coco/bbox_mAP_s: 0.0000  coco/bbox_mAP_m: 0.6920  coco/bbox_mAP_l: 0.5890  coco/segm_mAP: 0.6310  coco/segm_mAP_50: 0.8870  coco/segm_mAP_75: 0.7460  coco/segm_mAP_s: 0.0000  coco/segm_mAP_m: 0.7100  coco/segm_mAP_l: 0.5970  data_time: 0.0044  time: 0.0371
2026/08/08 21:56:41 - mmengine - INFO - Epoch(train)  [52][10/68]  base_lr: 1.2485e-04 lr: 1.2485e-04  eta: 0:19:15  time: 0.3250  data_time: 0.1201  memory: 602  grad_norm: 13.3489  loss: 0.4617  loss_cls: 0.1093  loss_bbox: 0.2448  loss_mask: 0.1075
2026/08/08 21:56:44 - mmengine - INFO - Epoch(train)  [52][20/68]  base_lr: 1.2481e-04 lr: 1.2481e-04  eta: 0:19:11  time: 0.3229  data_time: 0.1175  memory: 602  grad_norm: 13.7662  loss: 0.4606  loss_cls: 0.1111  loss_bbox: 0.2451  loss_mask: 0.1044
2026/08/08 21:56:48 - mmengine - INFO - Epoch(train)  [52][30/68]  base_lr: 1.2476e-04 lr: 1.2476e-04  eta: 0:19:08  time: 0.3258  data_time: 0.1211  memory: 602  grad_norm: 13.4588  loss: 0.4624  loss_cls: 0.1165  loss_bbox: 0.2414  loss_mask: 0.1044
2026/08/08 21:56:51 - mmengine - INFO - Epoch(train)  [52][40/68]  base_lr: 1.2471e-04 lr: 1.2471e-04  eta: 0:19:04  time: 0.3248  data_time: 0.1164  memory: 602  grad_norm: 13.5067  loss: 0.4590  loss_cls: 0.1135  loss_bbox: 0.2428  loss_mask: 0.1026
2026/08/08 21:56:54 - mmengine - INFO - Epoch(train)  [52][50/68]  base_lr: 1.2465e-04 lr: 1.2465e-04  eta: 0:19:00  time: 0.3328  data_time: 0.1207  memory: 600  grad_norm: 13.1555  loss: 0.4723  loss_cls: 0.1185  loss_bbox: 0.2465  loss_mask: 0.1073
2026/08/08 21:56:58 - mmengine - INFO - Epoch(train)  [52][60/68]  base_lr: 1.2459e-04 lr: 1.2459e-04  eta: 0:18:57  time: 0.3356  data_time: 0.1226  memory: 600  grad_norm: 13.6363  loss: 0.4647  loss_cls: 0.1169  loss_bbox: 0.2436  loss_mask: 0.1042
2026/08/08 21:57:00 - mmengine - INFO - Exp name: rtmdet_ins_busi_20260808_212745
2026/08/08 21:57:00 - mmengine - INFO - Saving checkpoint at 52 epochs
2026/08/08 21:57:02 - mmengine - INFO - Epoch(val)  [52][ 10/116]    eta: 0:00:03  time: 0.0382  data_time: 0.0046  memory: 601  
2026/08/08 21:57:03 - mmengine - INFO - Epoch(val)  [52][ 20/116]    eta: 0:00:03  time: 0.0360  data_time: 0.0046  memory: 118  
2026/08/08 21:57:03 - mmengine - INFO - Epoch(val)  [52][ 30/116]    eta: 0:00:03  time: 0.0351  data_time: 0.0052  memory: 115  
2026/08/08 21:57:04 - mmengine - INFO - Epoch(val)  [52][ 40/116]    eta: 0:00:02  time: 0.0357  data_time: 0.0045  memory: 161  
2026/08/08 21:57:04 - mmengine - INFO - Epoch(val)  [52][ 50/116]    eta: 0:00:02  time: 0.0369  data_time: 0.0059  memory: 170  
2026/08/08 21:57:04 - mmengine - INFO - Epoch(val)  [52][ 60/116]    eta: 0:00:02  time: 0.0376  data_time: 0.0052  memory: 151  
2026/08/08 21:57:05 - mmengine - INFO - Epoch(val)  [52][ 70/116]    eta: 0:00:01  time: 0.0387  data_time: 0.0059  memory: 116  
2026/08/08 21:57:05 - mmengine - INFO - Epoch(val)  [52][ 80/116]    eta: 0:00:01  time: 0.0396  data_time: 0.0060  memory: 127  
2026/08/08 21:57:06 - mmengine - INFO - Epoch(val)  [52][ 90/116]    eta: 0:00:00  time: 0.0405  data_time: 0.0065  memory: 138  
2026/08/08 21:57:06 - mmengine - INFO - Epoch(val)  [52][100/116]    eta: 0:00:00  time: 0.0403  data_time: 0.0048  memory: 184  
2026/08/08 21:57:06 - mmengine - INFO - Epoch(val)  [52][110/116]    eta: 0:00:00  time: 0.0399  data_time: 0.0054  memory: 123  
2026/08/08 21:57:07 - mmengine - INFO - Evaluating bbox...
2026/08/08 21:57:07 - mmengine - INFO - bbox_mAP_copypaste: 0.630 0.898 0.733 0.000 0.720 0.586
2026/08/08 21:57:07 - mmengine - INFO - Evaluating segm...
2026/08/08 21:57:07 - mmengine - INFO - segm_mAP_copypaste: 0.633 0.896 0.767 0.000 0.713 0.594
2026/08/08 21:57:09 - mmengine - INFO - val kayip: val_kayip_cls 0.3717  val_kayip_bbox 0.2534  val_kayip_mask 0.1222  val_kayip 0.7474
2026/08/08 21:57:09 - mmengine - INFO - Epoch(val) [52][116/116]    busi/dice_tum: 0.8183  busi/dice_lezyonlu: 0.7909  busi/bos_dogru: 19  busi/esik: 0.4000  val_kayip_cls: 0.3717  val_kayip_bbox: 0.2534  val_kayip_mask: 0.1222  val_kayip: 0.7474  coco/bbox_mAP: 0.6300  coco/bbox_mAP_50: 0.8980  coco/bbox_mAP_75: 0.7330  coco/bbox_mAP_s: 0.0000  coco/bbox_mAP_m: 0.7200  coco/bbox_mAP_l: 0.5860  coco/segm_mAP: 0.6330  coco/segm_mAP_50: 0.8960  coco/segm_mAP_75: 0.7670  coco/segm_mAP_s: 0.0000  coco/segm_mAP_m: 0.7130  coco/segm_mAP_l: 0.5940  data_time: 0.0054  time: 0.0385
2026/08/08 21:57:12 - mmengine - INFO - Epoch(train)  [53][10/68]  base_lr: 1.2447e-04 lr: 1.2447e-04  eta: 0:18:50  time: 0.3281  data_time: 0.1157  memory: 601  grad_norm: 13.4170  loss: 0.4674  loss_cls: 0.1194  loss_bbox: 0.2418  loss_mask: 0.1062
2026/08/08 21:57:15 - mmengine - INFO - Epoch(train)  [53][20/68]  base_lr: 1.2439e-04 lr: 1.2439e-04  eta: 0:18:46  time: 0.3259  data_time: 0.1163  memory: 601  grad_norm: 13.2107  loss: 0.4625  loss_cls: 0.1207  loss_bbox: 0.2366  loss_mask: 0.1051
2026/08/08 21:57:18 - mmengine - INFO - Epoch(train)  [53][30/68]  base_lr: 1.2431e-04 lr: 1.2431e-04  eta: 0:18:43  time: 0.3252  data_time: 0.1145  memory: 600  grad_norm: 12.8137  loss: 0.4648  loss_cls: 0.1222  loss_bbox: 0.2386  loss_mask: 0.1040
2026/08/08 21:57:22 - mmengine - INFO - Epoch(train)  [53][40/68]  base_lr: 1.2423e-04 lr: 1.2423e-04  eta: 0:18:39  time: 0.3242  data_time: 0.1130  memory: 599  grad_norm: 12.6170  loss: 0.4624  loss_cls: 0.1198  loss_bbox: 0.2391  loss_mask: 0.1035
2026/08/08 21:57:25 - mmengine - INFO - Epoch(train)  [53][50/68]  base_lr: 1.2413e-04 lr: 1.2413e-04  eta: 0:18:36  time: 0.3356  data_time: 0.1220  memory: 600  grad_norm: 12.2751  loss: 0.4577  loss_cls: 0.1153  loss_bbox: 0.2397  loss_mask: 0.1027
2026/08/08 21:57:29 - mmengine - INFO - Epoch(train)  [53][60/68]  base_lr: 1.2404e-04 lr: 1.2404e-04  eta: 0:18:32  time: 0.3400  data_time: 0.1277  memory: 601  grad_norm: 12.6018  loss: 0.4581  loss_cls: 0.1140  loss_bbox: 0.2408  loss_mask: 0.1032
2026/08/08 21:57:32 - mmengine - INFO - Exp name: rtmdet_ins_busi_20260808_212745
2026/08/08 21:57:32 - mmengine - INFO - Saving checkpoint at 53 epochs
2026/08/08 21:57:34 - mmengine - INFO - Epoch(val)  [53][ 10/116]    eta: 0:00:04  time: 0.0406  data_time: 0.0052  memory: 602  
2026/08/08 21:57:35 - mmengine - INFO - Epoch(val)  [53][ 20/116]    eta: 0:00:03  time: 0.0391  data_time: 0.0055  memory: 118  
2026/08/08 21:57:35 - mmengine - INFO - Epoch(val)  [53][ 30/116]    eta: 0:00:03  time: 0.0379  data_time: 0.0059  memory: 115  
2026/08/08 21:57:35 - mmengine - INFO - Epoch(val)  [53][ 40/116]    eta: 0:00:02  time: 0.0376  data_time: 0.0065  memory: 172  
2026/08/08 21:57:36 - mmengine - INFO - Epoch(val)  [53][ 50/116]    eta: 0:00:02  time: 0.0376  data_time: 0.0058  memory: 147  
2026/08/08 21:57:36 - mmengine - INFO - Epoch(val)  [53][ 60/116]    eta: 0:00:02  time: 0.0369  data_time: 0.0058  memory: 125  
2026/08/08 21:57:37 - mmengine - INFO - Epoch(val)  [53][ 70/116]    eta: 0:00:01  time: 0.0381  data_time: 0.0054  memory: 118  
2026/08/08 21:57:37 - mmengine - INFO - Epoch(val)  [53][ 80/116]    eta: 0:00:01  time: 0.0380  data_time: 0.0052  memory: 119  
2026/08/08 21:57:37 - mmengine - INFO - Epoch(val)  [53][ 90/116]    eta: 0:00:00  time: 0.0386  data_time: 0.0049  memory: 126  
2026/08/08 21:57:38 - mmengine - INFO - Epoch(val)  [53][100/116]    eta: 0:00:00  time: 0.0385  data_time: 0.0051  memory: 175  
2026/08/08 21:57:38 - mmengine - INFO - Epoch(val)  [53][110/116]    eta: 0:00:00  time: 0.0386  data_time: 0.0044  memory: 127  
2026/08/08 21:57:38 - mmengine - INFO - Evaluating bbox...
2026/08/08 21:57:38 - mmengine - INFO - bbox_mAP_copypaste: 0.631 0.893 0.753 0.000 0.711 0.596
2026/08/08 21:57:38 - mmengine - INFO - Evaluating segm...
2026/08/08 21:57:38 - mmengine - INFO - segm_mAP_copypaste: 0.621 0.890 0.738 0.000 0.702 0.585
2026/08/08 21:57:40 - mmengine - INFO - val kayip: val_kayip_cls 0.3695  val_kayip_bbox 0.2492  val_kayip_mask 0.1217  val_kayip 0.7404
2026/08/08 21:57:40 - mmengine - INFO - Epoch(val) [53][116/116]    busi/dice_tum: 0.8237  busi/dice_lezyonlu: 0.7869  busi/bos_dogru: 20  busi/esik: 0.4000  val_kayip_cls: 0.3695  val_kayip_bbox: 0.2492  val_kayip_mask: 0.1217  val_kayip: 0.7404  coco/bbox_mAP: 0.6310  coco/bbox_mAP_50: 0.8930  coco/bbox_mAP_75: 0.7530  coco/bbox_mAP_s: 0.0000  coco/bbox_mAP_m: 0.7110  coco/bbox_mAP_l: 0.5960  coco/segm_mAP: 0.6210  coco/segm_mAP_50: 0.8900  coco/segm_mAP_75: 0.7380  coco/segm_mAP_s: 0.0000  coco/segm_mAP_m: 0.7020  coco/segm_mAP_l: 0.5850  data_time: 0.0052  time: 0.0383
2026/08/08 21:57:44 - mmengine - INFO - Epoch(train)  [54][10/68]  base_lr: 1.2385e-04 lr: 1.2385e-04  eta: 0:18:26  time: 0.3481  data_time: 0.1340  memory: 600  grad_norm: 13.0011  loss: 0.4585  loss_cls: 0.1175  loss_bbox: 0.2372  loss_mask: 0.1038
2026/08/08 21:57:47 - mmengine - INFO - Epoch(train)  [54][20/68]  base_lr: 1.2374e-04 lr: 1.2374e-04  eta: 0:18:23  time: 0.3500  data_time: 0.1380  memory: 603  grad_norm: 12.4340  loss: 0.4544  loss_cls: 0.1155  loss_bbox: 0.2343  loss_mask: 0.1046
2026/08/08 21:57:51 - mmengine - INFO - Epoch(train)  [54][30/68]  base_lr: 1.2363e-04 lr: 1.2363e-04  eta: 0:18:19  time: 0.3500  data_time: 0.1383  memory: 601  grad_norm: 12.8482  loss: 0.4676  loss_cls: 0.1225  loss_bbox: 0.2404  loss_mask: 0.1047
2026/08/08 21:57:54 - mmengine - INFO - Epoch(train)  [54][40/68]  base_lr: 1.2351e-04 lr: 1.2351e-04  eta: 0:18:16  time: 0.3512  data_time: 0.1379  memory: 601  grad_norm: 12.4739  loss: 0.4665  loss_cls: 0.1209  loss_bbox: 0.2407  loss_mask: 0.1049
2026/08/08 21:57:58 - mmengine - INFO - Epoch(train)  [54][50/68]  base_lr: 1.2338e-04 lr: 1.2338e-04  eta: 0:18:12  time: 0.3471  data_time: 0.1335  memory: 601  grad_norm: 12.8511  loss: 0.4639  loss_cls: 0.1166  loss_bbox: 0.2431  loss_mask: 0.1043
2026/08/08 21:58:01 - mmengine - INFO - Epoch(train)  [54][60/68]  base_lr: 1.2326e-04 lr: 1.2326e-04  eta: 0:18:09  time: 0.3472  data_time: 0.1348  memory: 601  grad_norm: 12.9787  loss: 0.4832  loss_cls: 0.1224  loss_bbox: 0.2512  loss_mask: 0.1096
2026/08/08 21:58:04 - mmengine - INFO - Exp name: rtmdet_ins_busi_20260808_212745
2026/08/08 21:58:04 - mmengine - INFO - Saving checkpoint at 54 epochs
2026/08/08 21:58:06 - mmengine - INFO - Epoch(val)  [54][ 10/116]    eta: 0:00:03  time: 0.0391  data_time: 0.0046  memory: 602  
2026/08/08 21:58:06 - mmengine - INFO - Epoch(val)  [54][ 20/116]    eta: 0:00:03  time: 0.0384  data_time: 0.0042  memory: 116  
2026/08/08 21:58:07 - mmengine - INFO - Epoch(val)  [54][ 30/116]    eta: 0:00:03  time: 0.0383  data_time: 0.0045  memory: 120  
2026/08/08 21:58:07 - mmengine - INFO - Epoch(val)  [54][ 40/116]    eta: 0:00:02  time: 0.0372  data_time: 0.0044  memory: 157  
2026/08/08 21:58:08 - mmengine - INFO - Epoch(val)  [54][ 50/116]    eta: 0:00:02  time: 0.0365  data_time: 0.0046  memory: 130  
2026/08/08 21:58:08 - mmengine - INFO - Epoch(val)  [54][ 60/116]    eta: 0:00:02  time: 0.0371  data_time: 0.0048  memory: 129  
2026/08/08 21:58:08 - mmengine - INFO - Epoch(val)  [54][ 70/116]    eta: 0:00:01  time: 0.0366  data_time: 0.0047  memory: 117  
2026/08/08 21:58:09 - mmengine - INFO - Epoch(val)  [54][ 80/116]    eta: 0:00:01  time: 0.0366  data_time: 0.0045  memory: 119  
2026/08/08 21:58:09 - mmengine - INFO - Epoch(val)  [54][ 90/116]    eta: 0:00:00  time: 0.0383  data_time: 0.0052  memory: 133  
2026/08/08 21:58:09 - mmengine - INFO - Epoch(val)  [54][100/116]    eta: 0:00:00  time: 0.0387  data_time: 0.0050  memory: 194  
2026/08/08 21:58:10 - mmengine - INFO - Epoch(val)  [54][110/116]    eta: 0:00:00  time: 0.0380  data_time: 0.0044  memory: 138  
2026/08/08 21:58:10 - mmengine - INFO - Evaluating bbox...
2026/08/08 21:58:10 - mmengine - INFO - bbox_mAP_copypaste: 0.627 0.897 0.754 0.000 0.718 0.591
2026/08/08 21:58:10 - mmengine - INFO - Evaluating segm...
2026/08/08 21:58:10 - mmengine - INFO - segm_mAP_copypaste: 0.629 0.893 0.722 0.000 0.727 0.586
2026/08/08 21:58:12 - mmengine - INFO - val kayip: val_kayip_cls 0.3428  val_kayip_bbox 0.2484  val_kayip_mask 0.1231  val_kayip 0.7143
2026/08/08 21:58:12 - mmengine - INFO - Epoch(val) [54][116/116]    busi/dice_tum: 0.8331  busi/dice_lezyonlu: 0.8191  busi/bos_dogru: 18  busi/esik: 0.3000  val_kayip_cls: 0.3428  val_kayip_bbox: 0.2484  val_kayip_mask: 0.1231  val_kayip: 0.7143  coco/bbox_mAP: 0.6270  coco/bbox_mAP_50: 0.8970  coco/bbox_mAP_75: 0.7540  coco/bbox_mAP_s: 0.0000  coco/bbox_mAP_m: 0.7180  coco/bbox_mAP_l: 0.5910  coco/segm_mAP: 0.6290  coco/segm_mAP_50: 0.8930  coco/segm_mAP_75: 0.7220  coco/segm_mAP_s: 0.0000  coco/segm_mAP_m: 0.7270  coco/segm_mAP_l: 0.5860  data_time: 0.0047  time: 0.0374
2026/08/08 21:58:15 - mmengine - INFO - Epoch(train)  [55][10/68]  base_lr: 1.2301e-04 lr: 1.2301e-04  eta: 0:18:02  time: 0.3428  data_time: 0.1292  memory: 600  grad_norm: 14.6434  loss: 0.4750  loss_cls: 0.1215  loss_bbox: 0.2475  loss_mask: 0.1060
2026/08/08 21:58:19 - mmengine - INFO - Epoch(train)  [55][20/68]  base_lr: 1.2287e-04 lr: 1.2287e-04  eta: 0:17:59  time: 0.3424  data_time: 0.1305  memory: 603  grad_norm: 14.5627  loss: 0.4628  loss_cls: 0.1188  loss_bbox: 0.2421  loss_mask: 0.1019
2026/08/08 21:58:22 - mmengine - INFO - Epoch(train)  [55][30/68]  base_lr: 1.2272e-04 lr: 1.2272e-04  eta: 0:17:55  time: 0.3424  data_time: 0.1284  memory: 603  grad_norm: 14.0843  loss: 0.4774  loss_cls: 0.1284  loss_bbox: 0.2456  loss_mask: 0.1034
2026/08/08 21:58:26 - mmengine - INFO - Epoch(train)  [55][40/68]  base_lr: 1.2257e-04 lr: 1.2257e-04  eta: 0:17:52  time: 0.3425  data_time: 0.1263  memory: 599  grad_norm: 13.8938  loss: 0.4818  loss_cls: 0.1282  loss_bbox: 0.2496  loss_mask: 0.1040
2026/08/08 21:58:29 - mmengine - INFO - Epoch(train)  [55][50/68]  base_lr: 1.2241e-04 lr: 1.2241e-04  eta: 0:17:48  time: 0.3492  data_time: 0.1294  memory: 602  grad_norm: 12.6201  loss: 0.4545  loss_cls: 0.1109  loss_bbox: 0.2402  loss_mask: 0.1034
2026/08/08 21:58:33 - mmengine - INFO - Epoch(train)  [55][60/68]  base_lr: 1.2224e-04 lr: 1.2224e-04  eta: 0:17:45  time: 0.3511  data_time: 0.1336  memory: 602  grad_norm: 12.4974  loss: 0.4611  loss_cls: 0.1140  loss_bbox: 0.2411  loss_mask: 0.1061
2026/08/08 21:58:36 - mmengine - INFO - Exp name: rtmdet_ins_busi_20260808_212745
2026/08/08 21:58:36 - mmengine - INFO - Saving checkpoint at 55 epochs
2026/08/08 21:58:38 - mmengine - INFO - Epoch(val)  [55][ 10/116]    eta: 0:00:03  time: 0.0381  data_time: 0.0048  memory: 601  
2026/08/08 21:58:39 - mmengine - INFO - Epoch(val)  [55][ 20/116]    eta: 0:00:03  time: 0.0372  data_time: 0.0047  memory: 118  
2026/08/08 21:58:39 - mmengine - INFO - Epoch(val)  [55][ 30/116]    eta: 0:00:02  time: 0.0353  data_time: 0.0051  memory: 111  
2026/08/08 21:58:39 - mmengine - INFO - Epoch(val)  [55][ 40/116]    eta: 0:00:02  time: 0.0350  data_time: 0.0055  memory: 168  
2026/08/08 21:58:40 - mmengine - INFO - Epoch(val)  [55][ 50/116]    eta: 0:00:02  time: 0.0349  data_time: 0.0051  memory: 130  
2026/08/08 21:58:40 - mmengine - INFO - Epoch(val)  [55][ 60/116]    eta: 0:00:01  time: 0.0350  data_time: 0.0050  memory: 129  
2026/08/08 21:58:40 - mmengine - INFO - Epoch(val)  [55][ 70/116]    eta: 0:00:01  time: 0.0351  data_time: 0.0051  memory: 108  
2026/08/08 21:58:41 - mmengine - INFO - Epoch(val)  [55][ 80/116]    eta: 0:00:01  time: 0.0357  data_time: 0.0054  memory: 123  
2026/08/08 21:58:41 - mmengine - INFO - Epoch(val)  [55][ 90/116]    eta: 0:00:00  time: 0.0375  data_time: 0.0054  memory: 145  
2026/08/08 21:58:41 - mmengine - INFO - Epoch(val)  [55][100/116]    eta: 0:00:00  time: 0.0380  data_time: 0.0060  memory: 153  
2026/08/08 21:58:42 - mmengine - INFO - Epoch(val)  [55][110/116]    eta: 0:00:00  time: 0.0374  data_time: 0.0063  memory: 115  
2026/08/08 21:58:42 - mmengine - INFO - Evaluating bbox...
2026/08/08 21:58:42 - mmengine - INFO - bbox_mAP_copypaste: 0.629 0.900 0.725 0.000 0.715 0.591
2026/08/08 21:58:42 - mmengine - INFO - Evaluating segm...
2026/08/08 21:58:42 - mmengine - INFO - segm_mAP_copypaste: 0.627 0.893 0.766 0.000 0.717 0.587
2026/08/08 21:58:44 - mmengine - INFO - val kayip: val_kayip_cls 0.2845  val_kayip_bbox 0.2464  val_kayip_mask 0.1204  val_kayip 0.6513
2026/08/08 21:58:44 - mmengine - INFO - Epoch(val) [55][116/116]    busi/dice_tum: 0.8319  busi/dice_lezyonlu: 0.7968  busi/bos_dogru: 20  busi/esik: 0.4000  val_kayip_cls: 0.2845  val_kayip_bbox: 0.2464  val_kayip_mask: 0.1204  val_kayip: 0.6513  coco/bbox_mAP: 0.6290  coco/bbox_mAP_50: 0.9000  coco/bbox_mAP_75: 0.7250  coco/bbox_mAP_s: 0.0000  coco/bbox_mAP_m: 0.7150  coco/bbox_mAP_l: 0.5910  coco/segm_mAP: 0.6270  coco/segm_mAP_50: 0.8930  coco/segm_mAP_75: 0.7660  coco/segm_mAP_s: 0.0000  coco/segm_mAP_m: 0.7170  coco/segm_mAP_l: 0.5870  data_time: 0.0054  time: 0.0364
2026/08/08 21:58:47 - mmengine - INFO - Epoch(train)  [56][10/68]  base_lr: 1.2194e-04 lr: 1.2194e-04  eta: 0:17:39  time: 0.3497  data_time: 0.1357  memory: 599  grad_norm: 12.9652  loss: 0.4429  loss_cls: 0.1048  loss_bbox: 0.2349  loss_mask: 0.1032
2026/08/08 21:58:51 - mmengine - INFO - Epoch(train)  [56][20/68]  base_lr: 1.2176e-04 lr: 1.2176e-04  eta: 0:17:35  time: 0.3495  data_time: 0.1381  memory: 603  grad_norm: 13.4564  loss: 0.4466  loss_cls: 0.1124  loss_bbox: 0.2311  loss_mask: 0.1031
2026/08/08 21:58:54 - mmengine - INFO - Epoch(train)  [56][30/68]  base_lr: 1.2158e-04 lr: 1.2158e-04  eta: 0:17:32  time: 0.3453  data_time: 0.1362  memory: 601  grad_norm: 13.5540  loss: 0.4398  loss_cls: 0.1098  loss_bbox: 0.2286  loss_mask: 0.1013
2026/08/08 21:58:57 - mmengine - INFO - Epoch(train)  [56][40/68]  base_lr: 1.2140e-04 lr: 1.2140e-04  eta: 0:17:28  time: 0.3383  data_time: 0.1280  memory: 601  grad_norm: 13.7027  loss: 0.4356  loss_cls: 0.1070  loss_bbox: 0.2295  loss_mask: 0.0991
2026/08/08 21:59:00 - mmengine - INFO - Epoch(train)  [56][50/68]  base_lr: 1.2121e-04 lr: 1.2121e-04  eta: 0:17:24  time: 0.3314  data_time: 0.1223  memory: 599  grad_norm: 13.4934  loss: 0.4516  loss_cls: 0.1149  loss_bbox: 0.2358  loss_mask: 0.1009
2026/08/08 21:59:04 - mmengine - INFO - Epoch(train)  [56][60/68]  base_lr: 1.2101e-04 lr: 1.2101e-04  eta: 0:17:21  time: 0.3266  data_time: 0.1188  memory: 601  grad_norm: 13.2908  loss: 0.4459  loss_cls: 0.1120  loss_bbox: 0.2331  loss_mask: 0.1008
2026/08/08 21:59:06 - mmengine - INFO - Exp name: rtmdet_ins_busi_20260808_212745
2026/08/08 21:59:06 - mmengine - INFO - Saving checkpoint at 56 epochs
2026/08/08 21:59:09 - mmengine - INFO - Epoch(val)  [56][ 10/116]    eta: 0:00:03  time: 0.0385  data_time: 0.0050  memory: 602  
2026/08/08 21:59:09 - mmengine - INFO - Epoch(val)  [56][ 20/116]    eta: 0:00:03  time: 0.0379  data_time: 0.0048  memory: 116  
2026/08/08 21:59:09 - mmengine - INFO - Epoch(val)  [56][ 30/116]    eta: 0:00:03  time: 0.0358  data_time: 0.0046  memory: 117  
2026/08/08 21:59:10 - mmengine - INFO - Epoch(val)  [56][ 40/116]    eta: 0:00:02  time: 0.0353  data_time: 0.0051  memory: 161  
2026/08/08 21:59:10 - mmengine - INFO - Epoch(val)  [56][ 50/116]    eta: 0:00:02  time: 0.0351  data_time: 0.0055  memory: 164  
2026/08/08 21:59:10 - mmengine - INFO - Epoch(val)  [56][ 60/116]    eta: 0:00:01  time: 0.0352  data_time: 0.0054  memory: 133  
2026/08/08 21:59:11 - mmengine - INFO - Epoch(val)  [56][ 70/116]    eta: 0:00:01  time: 0.0354  data_time: 0.0056  memory: 114  
2026/08/08 21:59:11 - mmengine - INFO - Epoch(val)  [56][ 80/116]    eta: 0:00:01  time: 0.0361  data_time: 0.0054  memory: 125  
2026/08/08 21:59:12 - mmengine - INFO - Epoch(val)  [56][ 90/116]    eta: 0:00:00  time: 0.0371  data_time: 0.0054  memory: 133  
2026/08/08 21:59:12 - mmengine - INFO - Epoch(val)  [56][100/116]    eta: 0:00:00  time: 0.0371  data_time: 0.0051  memory: 162  
2026/08/08 21:59:12 - mmengine - INFO - Epoch(val)  [56][110/116]    eta: 0:00:00  time: 0.0379  data_time: 0.0056  memory: 112  
2026/08/08 21:59:13 - mmengine - INFO - Evaluating bbox...
2026/08/08 21:59:13 - mmengine - INFO - bbox_mAP_copypaste: 0.625 0.891 0.773 0.000 0.693 0.592
2026/08/08 21:59:13 - mmengine - INFO - Evaluating segm...
2026/08/08 21:59:13 - mmengine - INFO - segm_mAP_copypaste: 0.624 0.887 0.706 0.000 0.711 0.583
2026/08/08 21:59:14 - mmengine - INFO - val kayip: val_kayip_cls 0.2540  val_kayip_bbox 0.2495  val_kayip_mask 0.1252  val_kayip 0.6287
2026/08/08 21:59:14 - mmengine - INFO - Epoch(val) [56][116/116]    busi/dice_tum: 0.8538  busi/dice_lezyonlu: 0.8234  busi/bos_dogru: 20  busi/esik: 0.3000  val_kayip_cls: 0.2540  val_kayip_bbox: 0.2495  val_kayip_mask: 0.1252  val_kayip: 0.6287  coco/bbox_mAP: 0.6250  coco/bbox_mAP_50: 0.8910  coco/bbox_mAP_75: 0.7730  coco/bbox_mAP_s: 0.0000  coco/bbox_mAP_m: 0.6930  coco/bbox_mAP_l: 0.5920  coco/segm_mAP: 0.6240  coco/segm_mAP_50: 0.8870  coco/segm_mAP_75: 0.7060  coco/segm_mAP_s: 0.0000  coco/segm_mAP_m: 0.7110  coco/segm_mAP_l: 0.5830  data_time: 0.0052  time: 0.0366
2026/08/08 21:59:14 - mmengine - INFO - The previous best checkpoint d:\mamografi\real_time_segmentasyon\rtmdet\calisma\rtmdet_ins_tiny_256_orta_s43\best_busi_dice_tum_epoch_42.pth is removed
2026/08/08 21:59:16 - mmengine - INFO - The best checkpoint with 0.8538 busi/dice_tum at 56 epoch is saved to best_busi_dice_tum_epoch_56.pth.
2026/08/08 21:59:22 - mmengine - INFO - Epoch(train)  [57][10/68]  base_lr: 1.2065e-04 lr: 1.2065e-04  eta: 0:17:14  time: 0.3313  data_time: 0.1174  memory: 602  grad_norm: 13.1438  loss: 0.4550  loss_cls: 0.1147  loss_bbox: 0.2378  loss_mask: 0.1025
2026/08/08 21:59:25 - mmengine - INFO - Epoch(train)  [57][20/68]  base_lr: 1.2044e-04 lr: 1.2044e-04  eta: 0:17:11  time: 0.3341  data_time: 0.1209  memory: 602  grad_norm: 13.0226  loss: 0.4531  loss_cls: 0.1121  loss_bbox: 0.2365  loss_mask: 0.1045
2026/08/08 21:59:29 - mmengine - INFO - Epoch(train)  [57][30/68]  base_lr: 1.2023e-04 lr: 1.2023e-04  eta: 0:17:08  time: 0.3427  data_time: 0.1263  memory: 603  grad_norm: 12.5541  loss: 0.4417  loss_cls: 0.1064  loss_bbox: 0.2318  loss_mask: 0.1036
2026/08/08 21:59:32 - mmengine - INFO - Epoch(train)  [57][40/68]  base_lr: 1.2001e-04 lr: 1.2001e-04  eta: 0:17:04  time: 0.3444  data_time: 0.1267  memory: 601  grad_norm: 12.9259  loss: 0.4602  loss_cls: 0.1230  loss_bbox: 0.2336  loss_mask: 0.1035
2026/08/08 21:59:36 - mmengine - INFO - Epoch(train)  [57][50/68]  base_lr: 1.1978e-04 lr: 1.1978e-04  eta: 0:17:00  time: 0.3458  data_time: 0.1260  memory: 602  grad_norm: 12.4439  loss: 0.4487  loss_cls: 0.1146  loss_bbox: 0.2345  loss_mask: 0.0996
2026/08/08 21:59:39 - mmengine - INFO - Epoch(train)  [57][60/68]  base_lr: 1.1956e-04 lr: 1.1956e-04  eta: 0:16:57  time: 0.3399  data_time: 0.1280  memory: 601  grad_norm: 12.5982  loss: 0.4566  loss_cls: 0.1111  loss_bbox: 0.2427  loss_mask: 0.1028
2026/08/08 21:59:41 - mmengine - INFO - Exp name: rtmdet_ins_busi_20260808_212745
2026/08/08 21:59:41 - mmengine - INFO - Saving checkpoint at 57 epochs
2026/08/08 21:59:44 - mmengine - INFO - Epoch(val)  [57][ 10/116]    eta: 0:00:03  time: 0.0384  data_time: 0.0048  memory: 600  
2026/08/08 21:59:44 - mmengine - INFO - Epoch(val)  [57][ 20/116]    eta: 0:00:03  time: 0.0380  data_time: 0.0046  memory: 118  
2026/08/08 21:59:45 - mmengine - INFO - Epoch(val)  [57][ 30/116]    eta: 0:00:03  time: 0.0373  data_time: 0.0043  memory: 115  
2026/08/08 21:59:45 - mmengine - INFO - Epoch(val)  [57][ 40/116]    eta: 0:00:02  time: 0.0363  data_time: 0.0038  memory: 143  
2026/08/08 21:59:45 - mmengine - INFO - Epoch(val)  [57][ 50/116]    eta: 0:00:02  time: 0.0366  data_time: 0.0049  memory: 158  
2026/08/08 21:59:46 - mmengine - INFO - Epoch(val)  [57][ 60/116]    eta: 0:00:02  time: 0.0378  data_time: 0.0051  memory: 133  
2026/08/08 21:59:46 - mmengine - INFO - Epoch(val)  [57][ 70/116]    eta: 0:00:01  time: 0.0379  data_time: 0.0056  memory: 114  
2026/08/08 21:59:47 - mmengine - INFO - Epoch(val)  [57][ 80/116]    eta: 0:00:01  time: 0.0394  data_time: 0.0066  memory: 116  
2026/08/08 21:59:47 - mmengine - INFO - Epoch(val)  [57][ 90/116]    eta: 0:00:01  time: 0.0418  data_time: 0.0065  memory: 145  
2026/08/08 21:59:47 - mmengine - INFO - Epoch(val)  [57][100/116]    eta: 0:00:00  time: 0.0419  data_time: 0.0060  memory: 135  
2026/08/08 21:59:48 - mmengine - INFO - Epoch(val)  [57][110/116]    eta: 0:00:00  time: 0.0405  data_time: 0.0057  memory: 123  
2026/08/08 21:59:48 - mmengine - INFO - Evaluating bbox...
2026/08/08 21:59:48 - mmengine - INFO - bbox_mAP_copypaste: 0.620 0.900 0.727 0.000 0.689 0.589
2026/08/08 21:59:48 - mmengine - INFO - Evaluating segm...
2026/08/08 21:59:48 - mmengine - INFO - segm_mAP_copypaste: 0.617 0.892 0.690 0.000 0.713 0.571
2026/08/08 21:59:50 - mmengine - INFO - val kayip: val_kayip_cls 0.2961  val_kayip_bbox 0.2585  val_kayip_mask 0.1245  val_kayip 0.6791
2026/08/08 21:59:50 - mmengine - INFO - Epoch(val) [57][116/116]    busi/dice_tum: 0.8310  busi/dice_lezyonlu: 0.8167  busi/bos_dogru: 18  busi/esik: 0.3000  val_kayip_cls: 0.2961  val_kayip_bbox: 0.2585  val_kayip_mask: 0.1245  val_kayip: 0.6791  coco/bbox_mAP: 0.6200  coco/bbox_mAP_50: 0.9000  coco/bbox_mAP_75: 0.7270  coco/bbox_mAP_s: 0.0000  coco/bbox_mAP_m: 0.6890  coco/bbox_mAP_l: 0.5890  coco/segm_mAP: 0.6170  coco/segm_mAP_50: 0.8920  coco/segm_mAP_75: 0.6900  coco/segm_mAP_s: 0.0000  coco/segm_mAP_m: 0.7130  coco/segm_mAP_l: 0.5710  data_time: 0.0053  time: 0.0390
2026/08/08 21:59:53 - mmengine - INFO - Epoch(train)  [58][10/68]  base_lr: 1.1914e-04 lr: 1.1914e-04  eta: 0:16:50  time: 0.3283  data_time: 0.1191  memory: 605  grad_norm: 13.0525  loss: 0.4692  loss_cls: 0.1152  loss_bbox: 0.2507  loss_mask: 0.1033
2026/08/08 21:59:57 - mmengine - INFO - Epoch(train)  [58][20/68]  base_lr: 1.1890e-04 lr: 1.1890e-04  eta: 0:16:47  time: 0.3331  data_time: 0.1228  memory: 599  grad_norm: 12.8079  loss: 0.4526  loss_cls: 0.1031  loss_bbox: 0.2455  loss_mask: 0.1040
2026/08/08 22:00:00 - mmengine - INFO - Epoch(train)  [58][30/68]  base_lr: 1.1865e-04 lr: 1.1865e-04  eta: 0:16:43  time: 0.3332  data_time: 0.1233  memory: 601  grad_norm: 13.2160  loss: 0.4590  loss_cls: 0.1058  loss_bbox: 0.2500  loss_mask: 0.1033
2026/08/08 22:00:04 - mmengine - INFO - Epoch(train)  [58][40/68]  base_lr: 1.1840e-04 lr: 1.1840e-04  eta: 0:16:40  time: 0.3360  data_time: 0.1242  memory: 603  grad_norm: 13.5272  loss: 0.4633  loss_cls: 0.1164  loss_bbox: 0.2442  loss_mask: 0.1026
2026/08/08 22:00:07 - mmengine - INFO - Epoch(train)  [58][50/68]  base_lr: 1.1815e-04 lr: 1.1815e-04  eta: 0:16:36  time: 0.3396  data_time: 0.1272  memory: 600  grad_norm: 14.0333  loss: 0.4766  loss_cls: 0.1271  loss_bbox: 0.2451  loss_mask: 0.1044
2026/08/08 22:00:11 - mmengine - INFO - Epoch(train)  [58][60/68]  base_lr: 1.1789e-04 lr: 1.1789e-04  eta: 0:16:33  time: 0.3446  data_time: 0.1304  memory: 601  grad_norm: 13.7839  loss: 0.4709  loss_cls: 0.1237  loss_bbox: 0.2421  loss_mask: 0.1051
2026/08/08 22:00:13 - mmengine - INFO - Exp name: rtmdet_ins_busi_20260808_212745
2026/08/08 22:00:13 - mmengine - INFO - Saving checkpoint at 58 epochs
2026/08/08 22:00:15 - mmengine - INFO - Epoch(val)  [58][ 10/116]    eta: 0:00:03  time: 0.0411  data_time: 0.0043  memory: 602  
2026/08/08 22:00:16 - mmengine - INFO - Epoch(val)  [58][ 20/116]    eta: 0:00:03  time: 0.0395  data_time: 0.0049  memory: 113  
2026/08/08 22:00:16 - mmengine - INFO - Epoch(val)  [58][ 30/116]    eta: 0:00:03  time: 0.0369  data_time: 0.0046  memory: 115  
2026/08/08 22:00:16 - mmengine - INFO - Epoch(val)  [58][ 40/116]    eta: 0:00:02  time: 0.0359  data_time: 0.0046  memory: 150  
2026/08/08 22:00:17 - mmengine - INFO - Epoch(val)  [58][ 50/116]    eta: 0:00:02  time: 0.0364  data_time: 0.0042  memory: 135  
2026/08/08 22:00:17 - mmengine - INFO - Epoch(val)  [58][ 60/116]    eta: 0:00:02  time: 0.0371  data_time: 0.0048  memory: 120  
2026/08/08 22:00:18 - mmengine - INFO - Epoch(val)  [58][ 70/116]    eta: 0:00:01  time: 0.0377  data_time: 0.0049  memory: 118  
2026/08/08 22:00:18 - mmengine - INFO - Epoch(val)  [58][ 80/116]    eta: 0:00:01  time: 0.0394  data_time: 0.0048  memory: 116  
2026/08/08 22:00:18 - mmengine - INFO - Epoch(val)  [58][ 90/116]    eta: 0:00:01  time: 0.0417  data_time: 0.0061  memory: 145  
2026/08/08 22:00:19 - mmengine - INFO - Epoch(val)  [58][100/116]    eta: 0:00:00  time: 0.0418  data_time: 0.0058  memory: 130  
2026/08/08 22:00:19 - mmengine - INFO - Epoch(val)  [58][110/116]    eta: 0:00:00  time: 0.0417  data_time: 0.0052  memory: 122  
2026/08/08 22:00:19 - mmengine - INFO - Evaluating bbox...
2026/08/08 22:00:20 - mmengine - INFO - bbox_mAP_copypaste: 0.618 0.895 0.758 0.000 0.722 0.567
2026/08/08 22:00:20 - mmengine - INFO - Evaluating segm...
2026/08/08 22:00:20 - mmengine - INFO - segm_mAP_copypaste: 0.615 0.891 0.729 0.000 0.712 0.564
2026/08/08 22:00:21 - mmengine - INFO - val kayip: val_kayip_cls 0.2783  val_kayip_bbox 0.2563  val_kayip_mask 0.1291  val_kayip 0.6636
2026/08/08 22:00:21 - mmengine - INFO - Epoch(val) [58][116/116]    busi/dice_tum: 0.8179  busi/dice_lezyonlu: 0.7799  busi/bos_dogru: 20  busi/esik: 0.4000  val_kayip_cls: 0.2783  val_kayip_bbox: 0.2563  val_kayip_mask: 0.1291  val_kayip: 0.6636  coco/bbox_mAP: 0.6180  coco/bbox_mAP_50: 0.8950  coco/bbox_mAP_75: 0.7580  coco/bbox_mAP_s: 0.0000  coco/bbox_mAP_m: 0.7220  coco/bbox_mAP_l: 0.5670  coco/segm_mAP: 0.6150  coco/segm_mAP_50: 0.8910  coco/segm_mAP_75: 0.7290  coco/segm_mAP_s: 0.0000  coco/segm_mAP_m: 0.7120  coco/segm_mAP_l: 0.5640  data_time: 0.0050  time: 0.0394
2026/08/08 22:00:25 - mmengine - INFO - Epoch(train)  [59][10/68]  base_lr: 1.1742e-04 lr: 1.1742e-04  eta: 0:16:26  time: 0.3418  data_time: 0.1285  memory: 600  grad_norm: 14.5566  loss: 0.4639  loss_cls: 0.1246  loss_bbox: 0.2371  loss_mask: 0.1022
2026/08/08 22:00:28 - mmengine - INFO - Epoch(train)  [59][20/68]  base_lr: 1.1715e-04 lr: 1.1715e-04  eta: 0:16:23  time: 0.3413  data_time: 0.1280  memory: 603  grad_norm: 13.9713  loss: 0.4528  loss_cls: 0.1195  loss_bbox: 0.2321  loss_mask: 0.1012
2026/08/08 22:00:32 - mmengine - INFO - Epoch(train)  [59][30/68]  base_lr: 1.1687e-04 lr: 1.1687e-04  eta: 0:16:19  time: 0.3438  data_time: 0.1302  memory: 601  grad_norm: 14.2257  loss: 0.4514  loss_cls: 0.1142  loss_bbox: 0.2359  loss_mask: 0.1013
2026/08/08 22:00:35 - mmengine - INFO - Epoch(train)  [59][40/68]  base_lr: 1.1659e-04 lr: 1.1659e-04  eta: 0:16:16  time: 0.3427  data_time: 0.1319  memory: 603  grad_norm: 14.1550  loss: 0.4589  loss_cls: 0.1163  loss_bbox: 0.2390  loss_mask: 0.1036
2026/08/08 22:00:39 - mmengine - INFO - Epoch(train)  [59][50/68]  base_lr: 1.1631e-04 lr: 1.1631e-04  eta: 0:16:13  time: 0.3513  data_time: 0.1385  memory: 603  grad_norm: 13.4740  loss: 0.4499  loss_cls: 0.1117  loss_bbox: 0.2345  loss_mask: 0.1037
2026/08/08 22:00:41 - mmengine - INFO - Exp name: rtmdet_ins_busi_20260808_212745
2026/08/08 22:00:43 - mmengine - INFO - Epoch(train)  [59][60/68]  base_lr: 1.1602e-04 lr: 1.1602e-04  eta: 0:16:09  time: 0.3541  data_time: 0.1380  memory: 603  grad_norm: 13.3174  loss: 0.4550  loss_cls: 0.1111  loss_bbox: 0.2401  loss_mask: 0.1038
2026/08/08 22:00:45 - mmengine - INFO - Exp name: rtmdet_ins_busi_20260808_212745
2026/08/08 22:00:45 - mmengine - INFO - Saving checkpoint at 59 epochs
2026/08/08 22:00:48 - mmengine - INFO - Epoch(val)  [59][ 10/116]    eta: 0:00:04  time: 0.0424  data_time: 0.0059  memory: 599  
2026/08/08 22:00:48 - mmengine - INFO - Epoch(val)  [59][ 20/116]    eta: 0:00:03  time: 0.0407  data_time: 0.0056  memory: 113  
2026/08/08 22:00:49 - mmengine - INFO - Epoch(val)  [59][ 30/116]    eta: 0:00:03  time: 0.0380  data_time: 0.0057  memory: 117  
2026/08/08 22:00:49 - mmengine - INFO - Epoch(val)  [59][ 40/116]    eta: 0:00:02  time: 0.0375  data_time: 0.0067  memory: 122  
2026/08/08 22:00:49 - mmengine - INFO - Epoch(val)  [59][ 50/116]    eta: 0:00:02  time: 0.0375  data_time: 0.0065  memory: 130  
2026/08/08 22:00:50 - mmengine - INFO - Epoch(val)  [59][ 60/116]    eta: 0:00:02  time: 0.0380  data_time: 0.0063  memory: 125  
2026/08/08 22:00:50 - mmengine - INFO - Epoch(val)  [59][ 70/116]    eta: 0:00:01  time: 0.0396  data_time: 0.0063  memory: 114  
2026/08/08 22:00:51 - mmengine - INFO - Epoch(val)  [59][ 80/116]    eta: 0:00:01  time: 0.0404  data_time: 0.0064  memory: 119  
2026/08/08 22:00:51 - mmengine - INFO - Epoch(val)  [59][ 90/116]    eta: 0:00:01  time: 0.0415  data_time: 0.0063  memory: 157  
2026/08/08 22:00:52 - mmengine - INFO - Epoch(val)  [59][100/116]    eta: 0:00:00  time: 0.0411  data_time: 0.0061  memory: 140  
2026/08/08 22:00:52 - mmengine - INFO - Epoch(val)  [59][110/116]    eta: 0:00:00  time: 0.0393  data_time: 0.0057  memory: 118  
2026/08/08 22:00:52 - mmengine - INFO - Evaluating bbox...
2026/08/08 22:00:52 - mmengine - INFO - bbox_mAP_copypaste: 0.607 0.902 0.702 0.000 0.686 0.570
2026/08/08 22:00:52 - mmengine - INFO - Evaluating segm...
2026/08/08 22:00:52 - mmengine - INFO - segm_mAP_copypaste: 0.622 0.887 0.754 0.000 0.709 0.578
2026/08/08 22:00:54 - mmengine - INFO - val kayip: val_kayip_cls 0.3138  val_kayip_bbox 0.2621  val_kayip_mask 0.1278  val_kayip 0.7038
2026/08/08 22:00:54 - mmengine - INFO - Epoch(val) [59][116/116]    busi/dice_tum: 0.8276  busi/dice_lezyonlu: 0.8021  busi/bos_dogru: 19  busi/esik: 0.4000  val_kayip_cls: 0.3138  val_kayip_bbox: 0.2621  val_kayip_mask: 0.1278  val_kayip: 0.7038  coco/bbox_mAP: 0.6070  coco/bbox_mAP_50: 0.9020  coco/bbox_mAP_75: 0.7020  coco/bbox_mAP_s: 0.0000  coco/bbox_mAP_m: 0.6860  coco/bbox_mAP_l: 0.5700  coco/segm_mAP: 0.6220  coco/segm_mAP_50: 0.8870  coco/segm_mAP_75: 0.7540  coco/segm_mAP_s: 0.0000  coco/segm_mAP_m: 0.7090  coco/segm_mAP_l: 0.5780  data_time: 0.0063  time: 0.0390
2026/08/08 22:00:57 - mmengine - INFO - Epoch(train)  [60][10/68]  base_lr: 1.1549e-04 lr: 1.1549e-04  eta: 0:16:03  time: 0.3512  data_time: 0.1351  memory: 604  grad_norm: 13.2870  loss: 0.4483  loss_cls: 0.1113  loss_bbox: 0.2354  loss_mask: 0.1015
2026/08/08 22:01:01 - mmengine - INFO - Epoch(train)  [60][20/68]  base_lr: 1.1519e-04 lr: 1.1519e-04  eta: 0:15:59  time: 0.3467  data_time: 0.1296  memory: 601  grad_norm: 13.3796  loss: 0.4375  loss_cls: 0.1041  loss_bbox: 0.2346  loss_mask: 0.0988
2026/08/08 22:01:04 - mmengine - INFO - Epoch(train)  [60][30/68]  base_lr: 1.1489e-04 lr: 1.1489e-04  eta: 0:15:56  time: 0.3421  data_time: 0.1272  memory: 601  grad_norm: 13.3198  loss: 0.4380  loss_cls: 0.1047  loss_bbox: 0.2350  loss_mask: 0.0983
2026/08/08 22:01:08 - mmengine - INFO - Epoch(train)  [60][40/68]  base_lr: 1.1458e-04 lr: 1.1458e-04  eta: 0:15:52  time: 0.3397  data_time: 0.1266  memory: 601  grad_norm: 12.7125  loss: 0.4384  loss_cls: 0.1036  loss_bbox: 0.2347  loss_mask: 0.1001
2026/08/08 22:01:11 - mmengine - INFO - Epoch(train)  [60][50/68]  base_lr: 1.1427e-04 lr: 1.1427e-04  eta: 0:15:49  time: 0.3460  data_time: 0.1307  memory: 603  grad_norm: 12.5025  loss: 0.4358  loss_cls: 0.1009  loss_bbox: 0.2323  loss_mask: 0.1025
2026/08/08 22:01:15 - mmengine - INFO - Epoch(train)  [60][60/68]  base_lr: 1.1395e-04 lr: 1.1395e-04  eta: 0:15:46  time: 0.3498  data_time: 0.1363  memory: 601  grad_norm: 12.7198  loss: 0.4393  loss_cls: 0.1018  loss_bbox: 0.2346  loss_mask: 0.1029
2026/08/08 22:01:17 - mmengine - INFO - Exp name: rtmdet_ins_busi_20260808_212745
2026/08/08 22:01:17 - mmengine - INFO - Saving checkpoint at 60 epochs
2026/08/08 22:01:20 - mmengine - INFO - Epoch(val)  [60][ 10/116]    eta: 0:00:04  time: 0.0397  data_time: 0.0050  memory: 599  
2026/08/08 22:01:20 - mmengine - INFO - Epoch(val)  [60][ 20/116]    eta: 0:00:03  time: 0.0388  data_time: 0.0044  memory: 116  
2026/08/08 22:01:21 - mmengine - INFO - Epoch(val)  [60][ 30/116]    eta: 0:00:03  time: 0.0383  data_time: 0.0044  memory: 117  
2026/08/08 22:01:21 - mmengine - INFO - Epoch(val)  [60][ 40/116]    eta: 0:00:02  time: 0.0391  data_time: 0.0051  memory: 139  
2026/08/08 22:01:21 - mmengine - INFO - Epoch(val)  [60][ 50/116]    eta: 0:00:02  time: 0.0395  data_time: 0.0049  memory: 158  
2026/08/08 22:01:22 - mmengine - INFO - Epoch(val)  [60][ 60/116]    eta: 0:00:02  time: 0.0402  data_time: 0.0058  memory: 120  
2026/08/08 22:01:22 - mmengine - INFO - Epoch(val)  [60][ 70/116]    eta: 0:00:01  time: 0.0408  data_time: 0.0058  memory: 118  
2026/08/08 22:01:23 - mmengine - INFO - Epoch(val)  [60][ 80/116]    eta: 0:00:01  time: 0.0408  data_time: 0.0067  memory: 123  
2026/08/08 22:01:23 - mmengine - INFO - Epoch(val)  [60][ 90/116]    eta: 0:00:01  time: 0.0419  data_time: 0.0056  memory: 157  
2026/08/08 22:01:23 - mmengine - INFO - Epoch(val)  [60][100/116]    eta: 0:00:00  time: 0.0412  data_time: 0.0055  memory: 140  
2026/08/08 22:01:24 - mmengine - INFO - Epoch(val)  [60][110/116]    eta: 0:00:00  time: 0.0402  data_time: 0.0051  memory: 125  
2026/08/08 22:01:24 - mmengine - INFO - Evaluating bbox...
2026/08/08 22:01:24 - mmengine - INFO - bbox_mAP_copypaste: 0.611 0.886 0.695 0.000 0.714 0.555
2026/08/08 22:01:24 - mmengine - INFO - Evaluating segm...
2026/08/08 22:01:24 - mmengine - INFO - segm_mAP_copypaste: 0.596 0.881 0.682 0.000 0.702 0.544
2026/08/08 22:01:26 - mmengine - INFO - val kayip: val_kayip_cls 0.3429  val_kayip_bbox 0.2622  val_kayip_mask 0.1304  val_kayip 0.7355
2026/08/08 22:01:26 - mmengine - INFO - Epoch(val) [60][116/116]    busi/dice_tum: 0.8103  busi/dice_lezyonlu: 0.7812  busi/bos_dogru: 19  busi/esik: 0.4000  val_kayip_cls: 0.3429  val_kayip_bbox: 0.2622  val_kayip_mask: 0.1304  val_kayip: 0.7355  coco/bbox_mAP: 0.6110  coco/bbox_mAP_50: 0.8860  coco/bbox_mAP_75: 0.6950  coco/bbox_mAP_s: 0.0000  coco/bbox_mAP_m: 0.7140  coco/bbox_mAP_l: 0.5550  coco/segm_mAP: 0.5960  coco/segm_mAP_50: 0.8810  coco/segm_mAP_75: 0.6820  coco/segm_mAP_s: 0.0000  coco/segm_mAP_m: 0.7020  coco/segm_mAP_l: 0.5440  data_time: 0.0055  time: 0.0401
2026/08/08 22:01:30 - mmengine - INFO - Epoch(train)  [61][10/68]  base_lr: 1.1337e-04 lr: 1.1337e-04  eta: 0:15:39  time: 0.3512  data_time: 0.1397  memory: 600  grad_norm: 12.5329  loss: 0.4416  loss_cls: 0.1039  loss_bbox: 0.2340  loss_mask: 0.1036
2026/08/08 22:01:33 - mmengine - INFO - Epoch(train)  [61][20/68]  base_lr: 1.1304e-04 lr: 1.1304e-04  eta: 0:15:36  time: 0.3470  data_time: 0.1330  memory: 600  grad_norm: 12.5139  loss: 0.4369  loss_cls: 0.1022  loss_bbox: 0.2323  loss_mask: 0.1024
2026/08/08 22:01:36 - mmengine - INFO - Epoch(train)  [61][30/68]  base_lr: 1.1271e-04 lr: 1.1271e-04  eta: 0:15:32  time: 0.3400  data_time: 0.1284  memory: 603  grad_norm: 12.5248  loss: 0.4355  loss_cls: 0.1022  loss_bbox: 0.2317  loss_mask: 0.1016
2026/08/08 22:01:40 - mmengine - INFO - Epoch(train)  [61][40/68]  base_lr: 1.1237e-04 lr: 1.1237e-04  eta: 0:15:29  time: 0.3387  data_time: 0.1283  memory: 601  grad_norm: 12.4977  loss: 0.4278  loss_cls: 0.1002  loss_bbox: 0.2260  loss_mask: 0.1017
2026/08/08 22:01:43 - mmengine - INFO - Epoch(train)  [61][50/68]  base_lr: 1.1203e-04 lr: 1.1203e-04  eta: 0:15:25  time: 0.3440  data_time: 0.1274  memory: 600  grad_norm: 12.8649  loss: 0.4284  loss_cls: 0.0983  loss_bbox: 0.2293  loss_mask: 0.1007
2026/08/08 22:01:47 - mmengine - INFO - Epoch(train)  [61][60/68]  base_lr: 1.1169e-04 lr: 1.1169e-04  eta: 0:15:22  time: 0.3523  data_time: 0.1317  memory: 605  grad_norm: 12.7744  loss: 0.4324  loss_cls: 0.1013  loss_bbox: 0.2290  loss_mask: 0.1021
2026/08/08 22:01:50 - mmengine - INFO - Exp name: rtmdet_ins_busi_20260808_212745
2026/08/08 22:01:50 - mmengine - INFO - Saving checkpoint at 61 epochs
2026/08/08 22:01:52 - mmengine - INFO - Epoch(val)  [61][ 10/116]    eta: 0:00:03  time: 0.0400  data_time: 0.0056  memory: 600  
2026/08/08 22:01:53 - mmengine - INFO - Epoch(val)  [61][ 20/116]    eta: 0:00:03  time: 0.0388  data_time: 0.0057  memory: 118  
2026/08/08 22:01:53 - mmengine - INFO - Epoch(val)  [61][ 30/116]    eta: 0:00:03  time: 0.0366  data_time: 0.0061  memory: 115  
2026/08/08 22:01:53 - mmengine - INFO - Epoch(val)  [61][ 40/116]    eta: 0:00:02  time: 0.0361  data_time: 0.0062  memory: 125  
2026/08/08 22:01:54 - mmengine - INFO - Epoch(val)  [61][ 50/116]    eta: 0:00:02  time: 0.0358  data_time: 0.0052  memory: 130  
2026/08/08 22:01:54 - mmengine - INFO - Epoch(val)  [61][ 60/116]    eta: 0:00:02  time: 0.0366  data_time: 0.0052  memory: 116  
2026/08/08 22:01:54 - mmengine - INFO - Epoch(val)  [61][ 70/116]    eta: 0:00:01  time: 0.0374  data_time: 0.0051  memory: 118  
2026/08/08 22:01:55 - mmengine - INFO - Epoch(val)  [61][ 80/116]    eta: 0:00:01  time: 0.0388  data_time: 0.0049  memory: 112  
2026/08/08 22:01:55 - mmengine - INFO - Epoch(val)  [61][ 90/116]    eta: 0:00:01  time: 0.0410  data_time: 0.0052  memory: 138  
2026/08/08 22:01:56 - mmengine - INFO - Epoch(val)  [61][100/116]    eta: 0:00:00  time: 0.0407  data_time: 0.0052  memory: 130  
2026/08/08 22:01:56 - mmengine - INFO - Epoch(val)  [61][110/116]    eta: 0:00:00  time: 0.0403  data_time: 0.0049  memory: 118  
2026/08/08 22:01:56 - mmengine - INFO - Evaluating bbox...
2026/08/08 22:01:56 - mmengine - INFO - bbox_mAP_copypaste: 0.614 0.901 0.695 0.000 0.712 0.565
2026/08/08 22:01:56 - mmengine - INFO - Evaluating segm...
2026/08/08 22:01:56 - mmengine - INFO - segm_mAP_copypaste: 0.619 0.885 0.711 0.000 0.729 0.567
2026/08/08 22:01:58 - mmengine - INFO - val kayip: val_kayip_cls 0.2552  val_kayip_bbox 0.2612  val_kayip_mask 0.1305  val_kayip 0.6469
2026/08/08 22:01:58 - mmengine - INFO - Epoch(val) [61][116/116]    busi/dice_tum: 0.8284  busi/dice_lezyonlu: 0.7926  busi/bos_dogru: 20  busi/esik: 0.3000  val_kayip_cls: 0.2552  val_kayip_bbox: 0.2612  val_kayip_mask: 0.1305  val_kayip: 0.6469  coco/bbox_mAP: 0.6140  coco/bbox_mAP_50: 0.9010  coco/bbox_mAP_75: 0.6950  coco/bbox_mAP_s: 0.0000  coco/bbox_mAP_m: 0.7120  coco/bbox_mAP_l: 0.5650  coco/segm_mAP: 0.6190  coco/segm_mAP_50: 0.8850  coco/segm_mAP_75: 0.7110  coco/segm_mAP_s: 0.0000  coco/segm_mAP_m: 0.7290  coco/segm_mAP_l: 0.5670  data_time: 0.0052  time: 0.0385
2026/08/08 22:02:01 - mmengine - INFO - Epoch(train)  [62][10/68]  base_lr: 1.1106e-04 lr: 1.1106e-04  eta: 0:15:16  time: 0.3512  data_time: 0.1318  memory: 600  grad_norm: 13.0255  loss: 0.4292  loss_cls: 0.0998  loss_bbox: 0.2309  loss_mask: 0.0985
2026/08/08 22:02:05 - mmengine - INFO - Epoch(train)  [62][20/68]  base_lr: 1.1070e-04 lr: 1.1070e-04  eta: 0:15:12  time: 0.3529  data_time: 0.1316  memory: 601  grad_norm: 12.5867  loss: 0.4248  loss_cls: 0.0984  loss_bbox: 0.2296  loss_mask: 0.0967
2026/08/08 22:02:08 - mmengine - INFO - Epoch(train)  [62][30/68]  base_lr: 1.1034e-04 lr: 1.1034e-04  eta: 0:15:09  time: 0.3490  data_time: 0.1314  memory: 603  grad_norm: 12.3503  loss: 0.4194  loss_cls: 0.0982  loss_bbox: 0.2242  loss_mask: 0.0970
2026/08/08 22:02:12 - mmengine - INFO - Epoch(train)  [62][40/68]  base_lr: 1.0998e-04 lr: 1.0998e-04  eta: 0:15:05  time: 0.3366  data_time: 0.1236  memory: 602  grad_norm: 12.3802  loss: 0.4193  loss_cls: 0.0979  loss_bbox: 0.2229  loss_mask: 0.0985
2026/08/08 22:02:15 - mmengine - INFO - Epoch(train)  [62][50/68]  base_lr: 1.0961e-04 lr: 1.0961e-04  eta: 0:15:02  time: 0.3399  data_time: 0.1261  memory: 601  grad_norm: 12.6478  loss: 0.4283  loss_cls: 0.1059  loss_bbox: 0.2238  loss_mask: 0.0986
2026/08/08 22:02:18 - mmengine - INFO - Epoch(train)  [62][60/68]  base_lr: 1.0924e-04 lr: 1.0924e-04  eta: 0:14:58  time: 0.3386  data_time: 0.1268  memory: 601  grad_norm: 12.7759  loss: 0.4361  loss_cls: 0.1103  loss_bbox: 0.2255  loss_mask: 0.1003
2026/08/08 22:02:21 - mmengine - INFO - Exp name: rtmdet_ins_busi_20260808_212745
2026/08/08 22:02:21 - mmengine - INFO - Saving checkpoint at 62 epochs
2026/08/08 22:02:24 - mmengine - INFO - Epoch(val)  [62][ 10/116]    eta: 0:00:04  time: 0.0408  data_time: 0.0055  memory: 601  
2026/08/08 22:02:24 - mmengine - INFO - Epoch(val)  [62][ 20/116]    eta: 0:00:03  time: 0.0391  data_time: 0.0054  memory: 118  
2026/08/08 22:02:24 - mmengine - INFO - Epoch(val)  [62][ 30/116]    eta: 0:00:03  time: 0.0375  data_time: 0.0050  memory: 117  
2026/08/08 22:02:25 - mmengine - INFO - Epoch(val)  [62][ 40/116]    eta: 0:00:02  time: 0.0374  data_time: 0.0048  memory: 143  
2026/08/08 22:02:25 - mmengine - INFO - Epoch(val)  [62][ 50/116]    eta: 0:00:02  time: 0.0368  data_time: 0.0051  memory: 141  
2026/08/08 22:02:25 - mmengine - INFO - Epoch(val)  [62][ 60/116]    eta: 0:00:02  time: 0.0362  data_time: 0.0048  memory: 116  
2026/08/08 22:02:26 - mmengine - INFO - Epoch(val)  [62][ 70/116]    eta: 0:00:01  time: 0.0363  data_time: 0.0058  memory: 116  
2026/08/08 22:02:26 - mmengine - INFO - Epoch(val)  [62][ 80/116]    eta: 0:00:01  time: 0.0370  data_time: 0.0056  memory: 124  
2026/08/08 22:02:27 - mmengine - INFO - Epoch(val)  [62][ 90/116]    eta: 0:00:00  time: 0.0396  data_time: 0.0058  memory: 138  
2026/08/08 22:02:27 - mmengine - INFO - Epoch(val)  [62][100/116]    eta: 0:00:00  time: 0.0395  data_time: 0.0061  memory: 143  
2026/08/08 22:02:27 - mmengine - INFO - Epoch(val)  [62][110/116]    eta: 0:00:00  time: 0.0394  data_time: 0.0056  memory: 118  
2026/08/08 22:02:28 - mmengine - INFO - Evaluating bbox...
2026/08/08 22:02:28 - mmengine - INFO - bbox_mAP_copypaste: 0.628 0.896 0.765 0.000 0.703 0.592
2026/08/08 22:02:28 - mmengine - INFO - Evaluating segm...
2026/08/08 22:02:28 - mmengine - INFO - segm_mAP_copypaste: 0.627 0.892 0.764 0.000 0.713 0.586
2026/08/08 22:02:29 - mmengine - INFO - val kayip: val_kayip_cls 0.2809  val_kayip_bbox 0.2526  val_kayip_mask 0.1269  val_kayip 0.6605
2026/08/08 22:02:29 - mmengine - INFO - Epoch(val) [62][116/116]    busi/dice_tum: 0.8252  busi/dice_lezyonlu: 0.7888  busi/bos_dogru: 20  busi/esik: 0.4000  val_kayip_cls: 0.2809  val_kayip_bbox: 0.2526  val_kayip_mask: 0.1269  val_kayip: 0.6605  coco/bbox_mAP: 0.6280  coco/bbox_mAP_50: 0.8960  coco/bbox_mAP_75: 0.7650  coco/bbox_mAP_s: 0.0000  coco/bbox_mAP_m: 0.7030  coco/bbox_mAP_l: 0.5920  coco/segm_mAP: 0.6270  coco/segm_mAP_50: 0.8920  coco/segm_mAP_75: 0.7640  coco/segm_mAP_s: 0.0000  coco/segm_mAP_m: 0.7130  coco/segm_mAP_l: 0.5860  data_time: 0.0053  time: 0.0381
2026/08/08 22:02:33 - mmengine - INFO - Epoch(train)  [63][10/68]  base_lr: 1.0857e-04 lr: 1.0857e-04  eta: 0:14:52  time: 0.3356  data_time: 0.1249  memory: 601  grad_norm: 13.5723  loss: 0.4342  loss_cls: 0.1084  loss_bbox: 0.2274  loss_mask: 0.0984
2026/08/08 22:02:36 - mmengine - INFO - Epoch(train)  [63][20/68]  base_lr: 1.0819e-04 lr: 1.0819e-04  eta: 0:14:48  time: 0.3403  data_time: 0.1274  memory: 602  grad_norm: 13.7027  loss: 0.4408  loss_cls: 0.1123  loss_bbox: 0.2316  loss_mask: 0.0969
2026/08/08 22:02:40 - mmengine - INFO - Epoch(train)  [63][30/68]  base_lr: 1.0780e-04 lr: 1.0780e-04  eta: 0:14:45  time: 0.3431  data_time: 0.1275  memory: 601  grad_norm: 13.6665  loss: 0.4280  loss_cls: 0.1066  loss_bbox: 0.2271  loss_mask: 0.0943
2026/08/08 22:02:43 - mmengine - INFO - Epoch(train)  [63][40/68]  base_lr: 1.0742e-04 lr: 1.0742e-04  eta: 0:14:41  time: 0.3429  data_time: 0.1262  memory: 600  grad_norm: 13.3878  loss: 0.4217  loss_cls: 0.1022  loss_bbox: 0.2264  loss_mask: 0.0931
2026/08/08 22:02:47 - mmengine - INFO - Epoch(train)  [63][50/68]  base_lr: 1.0702e-04 lr: 1.0702e-04  eta: 0:14:38  time: 0.3465  data_time: 0.1287  memory: 602  grad_norm: 12.9967  loss: 0.4249  loss_cls: 0.1037  loss_bbox: 0.2277  loss_mask: 0.0935
2026/08/08 22:02:50 - mmengine - INFO - Epoch(train)  [63][60/68]  base_lr: 1.0663e-04 lr: 1.0663e-04  eta: 0:14:35  time: 0.3496  data_time: 0.1275  memory: 602  grad_norm: 12.5905  loss: 0.4370  loss_cls: 0.1085  loss_bbox: 0.2311  loss_mask: 0.0973
2026/08/08 22:02:53 - mmengine - INFO - Exp name: rtmdet_ins_busi_20260808_212745
2026/08/08 22:02:53 - mmengine - INFO - Saving checkpoint at 63 epochs
2026/08/08 22:02:55 - mmengine - INFO - Epoch(val)  [63][ 10/116]    eta: 0:00:04  time: 0.0408  data_time: 0.0045  memory: 599  
2026/08/08 22:02:56 - mmengine - INFO - Epoch(val)  [63][ 20/116]    eta: 0:00:03  time: 0.0388  data_time: 0.0047  memory: 122  
2026/08/08 22:02:56 - mmengine - INFO - Epoch(val)  [63][ 30/116]    eta: 0:00:03  time: 0.0361  data_time: 0.0037  memory: 120  
2026/08/08 22:02:56 - mmengine - INFO - Epoch(val)  [63][ 40/116]    eta: 0:00:02  time: 0.0362  data_time: 0.0037  memory: 154  
2026/08/08 22:02:57 - mmengine - INFO - Epoch(val)  [63][ 50/116]    eta: 0:00:02  time: 0.0364  data_time: 0.0037  memory: 147  
2026/08/08 22:02:57 - mmengine - INFO - Epoch(val)  [63][ 60/116]    eta: 0:00:02  time: 0.0363  data_time: 0.0037  memory: 129  
2026/08/08 22:02:58 - mmengine - INFO - Epoch(val)  [63][ 70/116]    eta: 0:00:01  time: 0.0376  data_time: 0.0040  memory: 116  
2026/08/08 22:02:58 - mmengine - INFO - Epoch(val)  [63][ 80/116]    eta: 0:00:01  time: 0.0398  data_time: 0.0043  memory: 127  
2026/08/08 22:02:58 - mmengine - INFO - Epoch(val)  [63][ 90/116]    eta: 0:00:00  time: 0.0403  data_time: 0.0041  memory: 138  
2026/08/08 22:02:59 - mmengine - INFO - Epoch(val)  [63][100/116]    eta: 0:00:00  time: 0.0402  data_time: 0.0043  memory: 140  
2026/08/08 22:02:59 - mmengine - INFO - Epoch(val)  [63][110/116]    eta: 0:00:00  time: 0.0398  data_time: 0.0051  memory: 128  
2026/08/08 22:02:59 - mmengine - INFO - Evaluating bbox...
2026/08/08 22:02:59 - mmengine - INFO - bbox_mAP_copypaste: 0.609 0.897 0.693 0.000 0.690 0.572
2026/08/08 22:02:59 - mmengine - INFO - Evaluating segm...
2026/08/08 22:03:00 - mmengine - INFO - segm_mAP_copypaste: 0.618 0.888 0.718 0.000 0.706 0.576
2026/08/08 22:03:01 - mmengine - INFO - val kayip: val_kayip_cls 0.3468  val_kayip_bbox 0.2593  val_kayip_mask 0.1263  val_kayip 0.7324
2026/08/08 22:03:01 - mmengine - INFO - Epoch(val) [63][116/116]    busi/dice_tum: 0.8218  busi/dice_lezyonlu: 0.7951  busi/bos_dogru: 19  busi/esik: 0.4000  val_kayip_cls: 0.3468  val_kayip_bbox: 0.2593  val_kayip_mask: 0.1263  val_kayip: 0.7324  coco/bbox_mAP: 0.6090  coco/bbox_mAP_50: 0.8970  coco/bbox_mAP_75: 0.6930  coco/bbox_mAP_s: 0.0000  coco/bbox_mAP_m: 0.6900  coco/bbox_mAP_l: 0.5720  coco/segm_mAP: 0.6180  coco/segm_mAP_50: 0.8880  coco/segm_mAP_75: 0.7180  coco/segm_mAP_s: 0.0000  coco/segm_mAP_m: 0.7060  coco/segm_mAP_l: 0.5760  data_time: 0.0044  time: 0.0381
2026/08/08 22:03:05 - mmengine - INFO - Epoch(train)  [64][10/68]  base_lr: 1.0591e-04 lr: 1.0591e-04  eta: 0:14:28  time: 0.3420  data_time: 0.1258  memory: 600  grad_norm: 13.2386  loss: 0.4719  loss_cls: 0.1231  loss_bbox: 0.2440  loss_mask: 0.1047
2026/08/08 22:03:08 - mmengine - INFO - Epoch(train)  [64][20/68]  base_lr: 1.0550e-04 lr: 1.0550e-04  eta: 0:14:25  time: 0.3391  data_time: 0.1248  memory: 603  grad_norm: 13.1000  loss: 0.4720  loss_cls: 0.1246  loss_bbox: 0.2422  loss_mask: 0.1052
2026/08/08 22:03:11 - mmengine - INFO - Epoch(train)  [64][30/68]  base_lr: 1.0510e-04 lr: 1.0510e-04  eta: 0:14:21  time: 0.3355  data_time: 0.1225  memory: 601  grad_norm: 13.1103  loss: 0.4792  loss_cls: 0.1310  loss_bbox: 0.2404  loss_mask: 0.1079
2026/08/08 22:03:15 - mmengine - INFO - Epoch(train)  [64][40/68]  base_lr: 1.0468e-04 lr: 1.0468e-04  eta: 0:14:17  time: 0.3344  data_time: 0.1257  memory: 601  grad_norm: 12.9587  loss: 0.4719  loss_cls: 0.1261  loss_bbox: 0.2397  loss_mask: 0.1061
2026/08/08 22:03:18 - mmengine - INFO - Epoch(train)  [64][50/68]  base_lr: 1.0427e-04 lr: 1.0427e-04  eta: 0:14:14  time: 0.3335  data_time: 0.1254  memory: 601  grad_norm: 12.4840  loss: 0.4446  loss_cls: 0.1181  loss_bbox: 0.2270  loss_mask: 0.0995
2026/08/08 22:03:21 - mmengine - INFO - Epoch(train)  [64][60/68]  base_lr: 1.0385e-04 lr: 1.0385e-04  eta: 0:14:10  time: 0.3330  data_time: 0.1257  memory: 599  grad_norm: 12.1125  loss: 0.4215  loss_cls: 0.1047  loss_bbox: 0.2201  loss_mask: 0.0967
2026/08/08 22:03:24 - mmengine - INFO - Exp name: rtmdet_ins_busi_20260808_212745
2026/08/08 22:03:24 - mmengine - INFO - Saving checkpoint at 64 epochs
2026/08/08 22:03:26 - mmengine - INFO - Epoch(val)  [64][ 10/116]    eta: 0:00:03  time: 0.0387  data_time: 0.0048  memory: 601  
2026/08/08 22:03:27 - mmengine - INFO - Epoch(val)  [64][ 20/116]    eta: 0:00:03  time: 0.0387  data_time: 0.0049  memory: 118  
2026/08/08 22:03:27 - mmengine - INFO - Epoch(val)  [64][ 30/116]    eta: 0:00:03  time: 0.0370  data_time: 0.0059  memory: 107  
2026/08/08 22:03:27 - mmengine - INFO - Epoch(val)  [64][ 40/116]    eta: 0:00:02  time: 0.0371  data_time: 0.0043  memory: 143  
2026/08/08 22:03:28 - mmengine - INFO - Epoch(val)  [64][ 50/116]    eta: 0:00:02  time: 0.0374  data_time: 0.0045  memory: 130  
2026/08/08 22:03:28 - mmengine - INFO - Epoch(val)  [64][ 60/116]    eta: 0:00:02  time: 0.0378  data_time: 0.0043  memory: 112  
2026/08/08 22:03:29 - mmengine - INFO - Epoch(val)  [64][ 70/116]    eta: 0:00:01  time: 0.0371  data_time: 0.0047  memory: 116  
2026/08/08 22:03:29 - mmengine - INFO - Epoch(val)  [64][ 80/116]    eta: 0:00:01  time: 0.0368  data_time: 0.0044  memory: 123  
2026/08/08 22:03:29 - mmengine - INFO - Epoch(val)  [64][ 90/116]    eta: 0:00:00  time: 0.0374  data_time: 0.0052  memory: 145  
2026/08/08 22:03:30 - mmengine - INFO - Epoch(val)  [64][100/116]    eta: 0:00:00  time: 0.0366  data_time: 0.0050  memory: 130  
2026/08/08 22:03:30 - mmengine - INFO - Epoch(val)  [64][110/116]    eta: 0:00:00  time: 0.0358  data_time: 0.0050  memory: 111  
2026/08/08 22:03:30 - mmengine - INFO - Evaluating bbox...
2026/08/08 22:03:30 - mmengine - INFO - bbox_mAP_copypaste: 0.610 0.889 0.708 0.000 0.708 0.568
2026/08/08 22:03:30 - mmengine - INFO - Evaluating segm...
2026/08/08 22:03:30 - mmengine - INFO - segm_mAP_copypaste: 0.609 0.879 0.652 0.000 0.716 0.561
2026/08/08 22:03:32 - mmengine - INFO - val kayip: val_kayip_cls 0.2552  val_kayip_bbox 0.2597  val_kayip_mask 0.1291  val_kayip 0.6440
2026/08/08 22:03:32 - mmengine - INFO - Epoch(val) [64][116/116]    busi/dice_tum: 0.8105  busi/dice_lezyonlu: 0.7710  busi/bos_dogru: 20  busi/esik: 0.5000  val_kayip_cls: 0.2552  val_kayip_bbox: 0.2597  val_kayip_mask: 0.1291  val_kayip: 0.6440  coco/bbox_mAP: 0.6100  coco/bbox_mAP_50: 0.8890  coco/bbox_mAP_75: 0.7080  coco/bbox_mAP_s: 0.0000  coco/bbox_mAP_m: 0.7080  coco/bbox_mAP_l: 0.5680  coco/segm_mAP: 0.6090  coco/segm_mAP_50: 0.8790  coco/segm_mAP_75: 0.6520  coco/segm_mAP_s: 0.0000  coco/segm_mAP_m: 0.7160  coco/segm_mAP_l: 0.5610  data_time: 0.0047  time: 0.0367
2026/08/08 22:03:36 - mmengine - INFO - Epoch(train)  [65][10/68]  base_lr: 1.0309e-04 lr: 1.0309e-04  eta: 0:14:04  time: 0.3394  data_time: 0.1310  memory: 601  grad_norm: 11.6552  loss: 0.4220  loss_cls: 0.0966  loss_bbox: 0.2272  loss_mask: 0.0982
2026/08/08 22:03:39 - mmengine - INFO - Epoch(train)  [65][20/68]  base_lr: 1.0266e-04 lr: 1.0266e-04  eta: 0:14:01  time: 0.3404  data_time: 0.1320  memory: 601  grad_norm: 12.0753  loss: 0.4217  loss_cls: 0.0951  loss_bbox: 0.2292  loss_mask: 0.0974
2026/08/08 22:03:42 - mmengine - INFO - Epoch(train)  [65][30/68]  base_lr: 1.0223e-04 lr: 1.0223e-04  eta: 0:13:57  time: 0.3371  data_time: 0.1290  memory: 600  grad_norm: 12.3359  loss: 0.4274  loss_cls: 0.0967  loss_bbox: 0.2333  loss_mask: 0.0974
2026/08/08 22:03:46 - mmengine - INFO - Epoch(train)  [65][40/68]  base_lr: 1.0180e-04 lr: 1.0180e-04  eta: 0:13:54  time: 0.3380  data_time: 0.1275  memory: 601  grad_norm: 12.1278  loss: 0.4255  loss_cls: 0.0949  loss_bbox: 0.2297  loss_mask: 0.1009
2026/08/08 22:03:49 - mmengine - INFO - Epoch(train)  [65][50/68]  base_lr: 1.0136e-04 lr: 1.0136e-04  eta: 0:13:50  time: 0.3365  data_time: 0.1261  memory: 601  grad_norm: 11.8247  loss: 0.4172  loss_cls: 0.0946  loss_bbox: 0.2215  loss_mask: 0.1011
2026/08/08 22:03:52 - mmengine - INFO - Epoch(train)  [65][60/68]  base_lr: 1.0092e-04 lr: 1.0092e-04  eta: 0:13:46  time: 0.3350  data_time: 0.1245  memory: 602  grad_norm: 11.8631  loss: 0.4238  loss_cls: 0.0962  loss_bbox: 0.2243  loss_mask: 0.1032
2026/08/08 22:03:55 - mmengine - INFO - Exp name: rtmdet_ins_busi_20260808_212745
2026/08/08 22:03:55 - mmengine - INFO - Saving checkpoint at 65 epochs
2026/08/08 22:03:58 - mmengine - INFO - Epoch(val)  [65][ 10/116]    eta: 0:00:04  time: 0.0375  data_time: 0.0055  memory: 601  
2026/08/08 22:03:58 - mmengine - INFO - Epoch(val)  [65][ 20/116]    eta: 0:00:03  time: 0.0378  data_time: 0.0049  memory: 122  
2026/08/08 22:03:58 - mmengine - INFO - Epoch(val)  [65][ 30/116]    eta: 0:00:03  time: 0.0368  data_time: 0.0047  memory: 112  
2026/08/08 22:03:59 - mmengine - INFO - Epoch(val)  [65][ 40/116]    eta: 0:00:02  time: 0.0373  data_time: 0.0040  memory: 125  
2026/08/08 22:03:59 - mmengine - INFO - Epoch(val)  [65][ 50/116]    eta: 0:00:02  time: 0.0375  data_time: 0.0055  memory: 141  
2026/08/08 22:03:59 - mmengine - INFO - Epoch(val)  [65][ 60/116]    eta: 0:00:02  time: 0.0386  data_time: 0.0051  memory: 129  
2026/08/08 22:04:00 - mmengine - INFO - Epoch(val)  [65][ 70/116]    eta: 0:00:01  time: 0.0386  data_time: 0.0056  memory: 116  
2026/08/08 22:04:00 - mmengine - INFO - Epoch(val)  [65][ 80/116]    eta: 0:00:01  time: 0.0394  data_time: 0.0052  memory: 118  
2026/08/08 22:04:01 - mmengine - INFO - Epoch(val)  [65][ 90/116]    eta: 0:00:01  time: 0.0398  data_time: 0.0055  memory: 138  
2026/08/08 22:04:01 - mmengine - INFO - Epoch(val)  [65][100/116]    eta: 0:00:00  time: 0.0400  data_time: 0.0040  memory: 121  
2026/08/08 22:04:01 - mmengine - INFO - Epoch(val)  [65][110/116]    eta: 0:00:00  time: 0.0384  data_time: 0.0042  memory: 120  
2026/08/08 22:04:02 - mmengine - INFO - Evaluating bbox...
2026/08/08 22:04:02 - mmengine - INFO - bbox_mAP_copypaste: 0.614 0.895 0.705 0.000 0.687 0.579
2026/08/08 22:04:02 - mmengine - INFO - Evaluating segm...
2026/08/08 22:04:02 - mmengine - INFO - segm_mAP_copypaste: 0.619 0.889 0.707 0.000 0.699 0.580
2026/08/08 22:04:04 - mmengine - INFO - val kayip: val_kayip_cls 0.3391  val_kayip_bbox 0.2526  val_kayip_mask 0.1273  val_kayip 0.7190
2026/08/08 22:04:04 - mmengine - INFO - Epoch(val) [65][116/116]    busi/dice_tum: 0.8099  busi/dice_lezyonlu: 0.8016  busi/bos_dogru: 17  busi/esik: 0.3000  val_kayip_cls: 0.3391  val_kayip_bbox: 0.2526  val_kayip_mask: 0.1273  val_kayip: 0.7190  coco/bbox_mAP: 0.6140  coco/bbox_mAP_50: 0.8950  coco/bbox_mAP_75: 0.7050  coco/bbox_mAP_s: 0.0000  coco/bbox_mAP_m: 0.6870  coco/bbox_mAP_l: 0.5790  coco/segm_mAP: 0.6190  coco/segm_mAP_50: 0.8890  coco/segm_mAP_75: 0.7070  coco/segm_mAP_s: 0.0000  coco/segm_mAP_m: 0.6990  coco/segm_mAP_l: 0.5800  data_time: 0.0048  time: 0.0385
2026/08/08 22:04:07 - mmengine - INFO - Epoch(train)  [66][10/68]  base_lr: 1.0012e-04 lr: 1.0012e-04  eta: 0:13:40  time: 0.3343  data_time: 0.1209  memory: 604  grad_norm: 12.3644  loss: 0.4167  loss_cls: 0.0937  loss_bbox: 0.2219  loss_mask: 0.1011
2026/08/08 22:04:10 - mmengine - INFO - Epoch(train)  [66][20/68]  base_lr: 9.9676e-05 lr: 9.9676e-05  eta: 0:13:37  time: 0.3365  data_time: 0.1232  memory: 602  grad_norm: 12.2530  loss: 0.4193  loss_cls: 0.0928  loss_bbox: 0.2269  loss_mask: 0.0997
2026/08/08 22:04:14 - mmengine - INFO - Epoch(train)  [66][30/68]  base_lr: 9.9225e-05 lr: 9.9225e-05  eta: 0:13:33  time: 0.3360  data_time: 0.1215  memory: 600  grad_norm: 12.4866  loss: 0.4102  loss_cls: 0.0910  loss_bbox: 0.2234  loss_mask: 0.0958
2026/08/08 22:04:17 - mmengine - INFO - Epoch(train)  [66][40/68]  base_lr: 9.8771e-05 lr: 9.8771e-05  eta: 0:13:30  time: 0.3403  data_time: 0.1250  memory: 602  grad_norm: 12.7073  loss: 0.4109  loss_cls: 0.0904  loss_bbox: 0.2242  loss_mask: 0.0963
2026/08/08 22:04:21 - mmengine - INFO - Epoch(train)  [66][50/68]  base_lr: 9.8315e-05 lr: 9.8315e-05  eta: 0:13:26  time: 0.3476  data_time: 0.1312  memory: 599  grad_norm: 12.1394  loss: 0.4165  loss_cls: 0.0939  loss_bbox: 0.2263  loss_mask: 0.0964
2026/08/08 22:04:24 - mmengine - INFO - Epoch(train)  [66][60/68]  base_lr: 9.7856e-05 lr: 9.7856e-05  eta: 0:13:23  time: 0.3437  data_time: 0.1275  memory: 602  grad_norm: 11.7448  loss: 0.4169  loss_cls: 0.0920  loss_bbox: 0.2253  loss_mask: 0.0996
2026/08/08 22:04:27 - mmengine - INFO - Exp name: rtmdet_ins_busi_20260808_212745
2026/08/08 22:04:27 - mmengine - INFO - Saving checkpoint at 66 epochs
2026/08/08 22:04:29 - mmengine - INFO - Epoch(val)  [66][ 10/116]    eta: 0:00:04  time: 0.0391  data_time: 0.0049  memory: 601  
2026/08/08 22:04:30 - mmengine - INFO - Epoch(val)  [66][ 20/116]    eta: 0:00:03  time: 0.0388  data_time: 0.0054  memory: 118  
2026/08/08 22:04:30 - mmengine - INFO - Epoch(val)  [66][ 30/116]    eta: 0:00:03  time: 0.0373  data_time: 0.0059  memory: 109  
2026/08/08 22:04:30 - mmengine - INFO - Epoch(val)  [66][ 40/116]    eta: 0:00:02  time: 0.0371  data_time: 0.0056  memory: 132  
2026/08/08 22:04:31 - mmengine - INFO - Epoch(val)  [66][ 50/116]    eta: 0:00:02  time: 0.0386  data_time: 0.0058  memory: 141  
2026/08/08 22:04:31 - mmengine - INFO - Epoch(val)  [66][ 60/116]    eta: 0:00:02  time: 0.0384  data_time: 0.0056  memory: 120  
2026/08/08 22:04:32 - mmengine - INFO - Epoch(val)  [66][ 70/116]    eta: 0:00:01  time: 0.0384  data_time: 0.0052  memory: 111  
2026/08/08 22:04:32 - mmengine - INFO - Epoch(val)  [66][ 80/116]    eta: 0:00:01  time: 0.0386  data_time: 0.0038  memory: 115  
2026/08/08 22:04:32 - mmengine - INFO - Epoch(val)  [66][ 90/116]    eta: 0:00:01  time: 0.0401  data_time: 0.0041  memory: 138  
2026/08/08 22:04:33 - mmengine - INFO - Epoch(val)  [66][100/116]    eta: 0:00:00  time: 0.0386  data_time: 0.0037  memory: 126  
2026/08/08 22:04:33 - mmengine - INFO - Epoch(val)  [66][110/116]    eta: 0:00:00  time: 0.0378  data_time: 0.0035  memory: 112  
2026/08/08 22:04:33 - mmengine - INFO - Evaluating bbox...
2026/08/08 22:04:33 - mmengine - INFO - bbox_mAP_copypaste: 0.628 0.892 0.730 0.000 0.716 0.585
2026/08/08 22:04:33 - mmengine - INFO - Evaluating segm...
2026/08/08 22:04:34 - mmengine - INFO - segm_mAP_copypaste: 0.629 0.885 0.737 0.000 0.721 0.585
2026/08/08 22:04:35 - mmengine - INFO - val kayip: val_kayip_cls 0.3046  val_kayip_bbox 0.2441  val_kayip_mask 0.1251  val_kayip 0.6738
2026/08/08 22:04:35 - mmengine - INFO - Epoch(val) [66][116/116]    busi/dice_tum: 0.8107  busi/dice_lezyonlu: 0.7712  busi/bos_dogru: 20  busi/esik: 0.5000  val_kayip_cls: 0.3046  val_kayip_bbox: 0.2441  val_kayip_mask: 0.1251  val_kayip: 0.6738  coco/bbox_mAP: 0.6280  coco/bbox_mAP_50: 0.8920  coco/bbox_mAP_75: 0.7300  coco/bbox_mAP_s: 0.0000  coco/bbox_mAP_m: 0.7160  coco/bbox_mAP_l: 0.5850  coco/segm_mAP: 0.6290  coco/segm_mAP_50: 0.8850  coco/segm_mAP_75: 0.7370  coco/segm_mAP_s: 0.0000  coco/segm_mAP_m: 0.7210  coco/segm_mAP_l: 0.5850  data_time: 0.0048  time: 0.0380
2026/08/08 22:04:39 - mmengine - INFO - Epoch(train)  [67][10/68]  base_lr: 9.7022e-05 lr: 9.7022e-05  eta: 0:13:16  time: 0.3403  data_time: 0.1270  memory: 600  grad_norm: 12.4010  loss: 0.4119  loss_cls: 0.0962  loss_bbox: 0.2202  loss_mask: 0.0955
2026/08/08 22:04:42 - mmengine - INFO - Epoch(train)  [67][20/68]  base_lr: 9.6555e-05 lr: 9.6555e-05  eta: 0:13:13  time: 0.3367  data_time: 0.1252  memory: 601  grad_norm: 12.4170  loss: 0.4109  loss_cls: 0.0960  loss_bbox: 0.2189  loss_mask: 0.0960
2026/08/08 22:04:45 - mmengine - INFO - Epoch(train)  [67][30/68]  base_lr: 9.6085e-05 lr: 9.6085e-05  eta: 0:13:09  time: 0.3334  data_time: 0.1234  memory: 601  grad_norm: 12.6549  loss: 0.4190  loss_cls: 0.0978  loss_bbox: 0.2223  loss_mask: 0.0989
2026/08/08 22:04:49 - mmengine - INFO - Epoch(train)  [67][40/68]  base_lr: 9.5613e-05 lr: 9.5613e-05  eta: 0:13:06  time: 0.3324  data_time: 0.1237  memory: 601  grad_norm: 12.6589  loss: 0.4187  loss_cls: 0.0966  loss_bbox: 0.2242  loss_mask: 0.0979
2026/08/08 22:04:52 - mmengine - INFO - Epoch(train)  [67][50/68]  base_lr: 9.5138e-05 lr: 9.5138e-05  eta: 0:13:02  time: 0.3343  data_time: 0.1229  memory: 601  grad_norm: 12.7515  loss: 0.4222  loss_cls: 0.0999  loss_bbox: 0.2241  loss_mask: 0.0982
2026/08/08 22:04:55 - mmengine - INFO - Epoch(train)  [67][60/68]  base_lr: 9.4661e-05 lr: 9.4661e-05  eta: 0:12:59  time: 0.3302  data_time: 0.1192  memory: 603  grad_norm: 12.5417  loss: 0.4190  loss_cls: 0.0961  loss_bbox: 0.2228  loss_mask: 0.1001
2026/08/08 22:04:58 - mmengine - INFO - Exp name: rtmdet_ins_busi_20260808_212745
2026/08/08 22:04:58 - mmengine - INFO - Saving checkpoint at 67 epochs
2026/08/08 22:05:00 - mmengine - INFO - Epoch(val)  [67][ 10/116]    eta: 0:00:04  time: 0.0386  data_time: 0.0056  memory: 601  
2026/08/08 22:05:01 - mmengine - INFO - Epoch(val)  [67][ 20/116]    eta: 0:00:03  time: 0.0382  data_time: 0.0058  memory: 118  
2026/08/08 22:05:01 - mmengine - INFO - Epoch(val)  [67][ 30/116]    eta: 0:00:03  time: 0.0372  data_time: 0.0063  memory: 110  
2026/08/08 22:05:01 - mmengine - INFO - Epoch(val)  [67][ 40/116]    eta: 0:00:02  time: 0.0370  data_time: 0.0066  memory: 143  
2026/08/08 22:05:02 - mmengine - INFO - Epoch(val)  [67][ 50/116]    eta: 0:00:02  time: 0.0385  data_time: 0.0061  memory: 141  
2026/08/08 22:05:02 - mmengine - INFO - Epoch(val)  [67][ 60/116]    eta: 0:00:02  time: 0.0389  data_time: 0.0053  memory: 112  
2026/08/08 22:05:03 - mmengine - INFO - Epoch(val)  [67][ 70/116]    eta: 0:00:01  time: 0.0386  data_time: 0.0055  memory: 107  
2026/08/08 22:05:03 - mmengine - INFO - Epoch(val)  [67][ 80/116]    eta: 0:00:01  time: 0.0401  data_time: 0.0054  memory: 118  
2026/08/08 22:05:04 - mmengine - INFO - Epoch(val)  [67][ 90/116]    eta: 0:00:01  time: 0.0421  data_time: 0.0061  memory: 151  
2026/08/08 22:05:04 - mmengine - INFO - Epoch(val)  [67][100/116]    eta: 0:00:00  time: 0.0410  data_time: 0.0060  memory: 140  
2026/08/08 22:05:04 - mmengine - INFO - Epoch(val)  [67][110/116]    eta: 0:00:00  time: 0.0397  data_time: 0.0057  memory: 115  
2026/08/08 22:05:05 - mmengine - INFO - Evaluating bbox...
2026/08/08 22:05:05 - mmengine - INFO - bbox_mAP_copypaste: 0.622 0.890 0.730 0.000 0.708 0.579
2026/08/08 22:05:05 - mmengine - INFO - Evaluating segm...
2026/08/08 22:05:05 - mmengine - INFO - segm_mAP_copypaste: 0.610 0.885 0.662 0.000 0.699 0.565
2026/08/08 22:05:06 - mmengine - INFO - val kayip: val_kayip_cls 0.3008  val_kayip_bbox 0.2555  val_kayip_mask 0.1276  val_kayip 0.6839
2026/08/08 22:05:06 - mmengine - INFO - Epoch(val) [67][116/116]    busi/dice_tum: 0.8097  busi/dice_lezyonlu: 0.7805  busi/bos_dogru: 19  busi/esik: 0.4000  val_kayip_cls: 0.3008  val_kayip_bbox: 0.2555  val_kayip_mask: 0.1276  val_kayip: 0.6839  coco/bbox_mAP: 0.6220  coco/bbox_mAP_50: 0.8900  coco/bbox_mAP_75: 0.7300  coco/bbox_mAP_s: 0.0000  coco/bbox_mAP_m: 0.7080  coco/bbox_mAP_l: 0.5790  coco/segm_mAP: 0.6100  coco/segm_mAP_50: 0.8850  coco/segm_mAP_75: 0.6620  coco/segm_mAP_s: 0.0000  coco/segm_mAP_m: 0.6990  coco/segm_mAP_l: 0.5650  data_time: 0.0059  time: 0.0390
2026/08/08 22:05:10 - mmengine - INFO - Epoch(train)  [68][10/68]  base_lr: 9.3795e-05 lr: 9.3795e-05  eta: 0:12:52  time: 0.3336  data_time: 0.1218  memory: 601  grad_norm: 12.6077  loss: 0.4004  loss_cls: 0.0916  loss_bbox: 0.2156  loss_mask: 0.0933
2026/08/08 22:05:13 - mmengine - INFO - Epoch(train)  [68][20/68]  base_lr: 9.3311e-05 lr: 9.3311e-05  eta: 0:12:49  time: 0.3341  data_time: 0.1197  memory: 601  grad_norm: 13.1397  loss: 0.3953  loss_cls: 0.0928  loss_bbox: 0.2111  loss_mask: 0.0914
2026/08/08 22:05:17 - mmengine - INFO - Epoch(train)  [68][30/68]  base_lr: 9.2825e-05 lr: 9.2825e-05  eta: 0:12:45  time: 0.3330  data_time: 0.1202  memory: 602  grad_norm: 12.7803  loss: 0.4076  loss_cls: 0.0959  loss_bbox: 0.2165  loss_mask: 0.0952
2026/08/08 22:05:20 - mmengine - INFO - Epoch(train)  [68][40/68]  base_lr: 9.2336e-05 lr: 9.2336e-05  eta: 0:12:42  time: 0.3359  data_time: 0.1231  memory: 602  grad_norm: 12.9345  loss: 0.4039  loss_cls: 0.0923  loss_bbox: 0.2181  loss_mask: 0.0935
2026/08/08 22:05:23 - mmengine - INFO - Epoch(train)  [68][50/68]  base_lr: 9.1845e-05 lr: 9.1845e-05  eta: 0:12:39  time: 0.3440  data_time: 0.1266  memory: 603  grad_norm: 12.3567  loss: 0.4048  loss_cls: 0.0950  loss_bbox: 0.2161  loss_mask: 0.0937
2026/08/08 22:05:27 - mmengine - INFO - Epoch(train)  [68][60/68]  base_lr: 9.1352e-05 lr: 9.1352e-05  eta: 0:12:35  time: 0.3407  data_time: 0.1243  memory: 601  grad_norm: 12.5755  loss: 0.4081  loss_cls: 0.0941  loss_bbox: 0.2182  loss_mask: 0.0958
2026/08/08 22:05:29 - mmengine - INFO - Exp name: rtmdet_ins_busi_20260808_212745
2026/08/08 22:05:29 - mmengine - INFO - Saving checkpoint at 68 epochs
2026/08/08 22:05:32 - mmengine - INFO - Epoch(val)  [68][ 10/116]    eta: 0:00:03  time: 0.0390  data_time: 0.0054  memory: 600  
2026/08/08 22:05:32 - mmengine - INFO - Epoch(val)  [68][ 20/116]    eta: 0:00:03  time: 0.0378  data_time: 0.0057  memory: 113  
2026/08/08 22:05:32 - mmengine - INFO - Epoch(val)  [68][ 30/116]    eta: 0:00:03  time: 0.0362  data_time: 0.0053  memory: 117  
2026/08/08 22:05:33 - mmengine - INFO - Epoch(val)  [68][ 40/116]    eta: 0:00:02  time: 0.0364  data_time: 0.0055  memory: 147  
2026/08/08 22:05:33 - mmengine - INFO - Epoch(val)  [68][ 50/116]    eta: 0:00:02  time: 0.0377  data_time: 0.0062  memory: 153  
2026/08/08 22:05:34 - mmengine - INFO - Epoch(val)  [68][ 60/116]    eta: 0:00:02  time: 0.0397  data_time: 0.0067  memory: 120  
2026/08/08 22:05:34 - mmengine - INFO - Epoch(val)  [68][ 70/116]    eta: 0:00:01  time: 0.0389  data_time: 0.0060  memory: 108  
2026/08/08 22:05:34 - mmengine - INFO - Epoch(val)  [68][ 80/116]    eta: 0:00:01  time: 0.0399  data_time: 0.0059  memory: 112  
2026/08/08 22:05:35 - mmengine - INFO - Epoch(val)  [68][ 90/116]    eta: 0:00:01  time: 0.0409  data_time: 0.0061  memory: 138  
2026/08/08 22:05:35 - mmengine - INFO - Epoch(val)  [68][100/116]    eta: 0:00:00  time: 0.0404  data_time: 0.0059  memory: 143  
2026/08/08 22:05:36 - mmengine - INFO - Epoch(val)  [68][110/116]    eta: 0:00:00  time: 0.0387  data_time: 0.0049  memory: 118  
2026/08/08 22:05:36 - mmengine - INFO - Evaluating bbox...
2026/08/08 22:05:36 - mmengine - INFO - bbox_mAP_copypaste: 0.623 0.885 0.721 0.000 0.715 0.578
2026/08/08 22:05:36 - mmengine - INFO - Evaluating segm...
2026/08/08 22:05:36 - mmengine - INFO - segm_mAP_copypaste: 0.608 0.881 0.656 0.000 0.723 0.553
2026/08/08 22:05:38 - mmengine - INFO - val kayip: val_kayip_cls 0.3410  val_kayip_bbox 0.2501  val_kayip_mask 0.1266  val_kayip 0.7177
2026/08/08 22:05:38 - mmengine - INFO - Epoch(val) [68][116/116]    busi/dice_tum: 0.8099  busi/dice_lezyonlu: 0.8016  busi/bos_dogru: 17  busi/esik: 0.2000  val_kayip_cls: 0.3410  val_kayip_bbox: 0.2501  val_kayip_mask: 0.1266  val_kayip: 0.7177  coco/bbox_mAP: 0.6230  coco/bbox_mAP_50: 0.8850  coco/bbox_mAP_75: 0.7210  coco/bbox_mAP_s: 0.0000  coco/bbox_mAP_m: 0.7150  coco/bbox_mAP_l: 0.5780  coco/segm_mAP: 0.6080  coco/segm_mAP_50: 0.8810  coco/segm_mAP_75: 0.6560  coco/segm_mAP_s: 0.0000  coco/segm_mAP_m: 0.7230  coco/segm_mAP_l: 0.5530  data_time: 0.0057  time: 0.0389
2026/08/08 22:05:41 - mmengine - INFO - Epoch(train)  [69][10/68]  base_lr: 9.0458e-05 lr: 9.0458e-05  eta: 0:12:29  time: 0.3395  data_time: 0.1262  memory: 601  grad_norm: 12.7542  loss: 0.4033  loss_cls: 0.0879  loss_bbox: 0.2209  loss_mask: 0.0945
2026/08/08 22:05:45 - mmengine - INFO - Epoch(train)  [69][20/68]  base_lr: 8.9959e-05 lr: 8.9959e-05  eta: 0:12:25  time: 0.3427  data_time: 0.1293  memory: 602  grad_norm: 12.9105  loss: 0.4080  loss_cls: 0.0919  loss_bbox: 0.2191  loss_mask: 0.0970
2026/08/08 22:05:48 - mmengine - INFO - Epoch(train)  [69][30/68]  base_lr: 8.9457e-05 lr: 8.9457e-05  eta: 0:12:22  time: 0.3366  data_time: 0.1267  memory: 603  grad_norm: 12.9500  loss: 0.4021  loss_cls: 0.0883  loss_bbox: 0.2169  loss_mask: 0.0968
2026/08/08 22:05:52 - mmengine - INFO - Epoch(train)  [69][40/68]  base_lr: 8.8954e-05 lr: 8.8954e-05  eta: 0:12:18  time: 0.3400  data_time: 0.1266  memory: 602  grad_norm: 12.8976  loss: 0.4153  loss_cls: 0.0988  loss_bbox: 0.2206  loss_mask: 0.0959
2026/08/08 22:05:55 - mmengine - INFO - Epoch(train)  [69][50/68]  base_lr: 8.8448e-05 lr: 8.8448e-05  eta: 0:12:15  time: 0.3454  data_time: 0.1279  memory: 602  grad_norm: 12.5314  loss: 0.4172  loss_cls: 0.0986  loss_bbox: 0.2203  loss_mask: 0.0983
2026/08/08 22:05:58 - mmengine - INFO - Epoch(train)  [69][60/68]  base_lr: 8.7941e-05 lr: 8.7941e-05  eta: 0:12:11  time: 0.3381  data_time: 0.1223  memory: 601  grad_norm: 12.0763  loss: 0.4161  loss_cls: 0.1007  loss_bbox: 0.2169  loss_mask: 0.0985
2026/08/08 22:06:01 - mmengine - INFO - Exp name: rtmdet_ins_busi_20260808_212745
2026/08/08 22:06:01 - mmengine - INFO - Saving checkpoint at 69 epochs
2026/08/08 22:06:03 - mmengine - INFO - Epoch(val)  [69][ 10/116]    eta: 0:00:04  time: 0.0396  data_time: 0.0051  memory: 599  
2026/08/08 22:06:04 - mmengine - INFO - Epoch(val)  [69][ 20/116]    eta: 0:00:03  time: 0.0391  data_time: 0.0046  memory: 113  
2026/08/08 22:06:04 - mmengine - INFO - Epoch(val)  [69][ 30/116]    eta: 0:00:03  time: 0.0380  data_time: 0.0040  memory: 110  
2026/08/08 22:06:04 - mmengine - INFO - Epoch(val)  [69][ 40/116]    eta: 0:00:02  time: 0.0381  data_time: 0.0040  memory: 139  
2026/08/08 22:06:05 - mmengine - INFO - Epoch(val)  [69][ 50/116]    eta: 0:00:02  time: 0.0389  data_time: 0.0048  memory: 141  
2026/08/08 22:06:05 - mmengine - INFO - Epoch(val)  [69][ 60/116]    eta: 0:00:02  time: 0.0408  data_time: 0.0048  memory: 107  
2026/08/08 22:06:06 - mmengine - INFO - Epoch(val)  [69][ 70/116]    eta: 0:00:01  time: 0.0417  data_time: 0.0053  memory: 114  
2026/08/08 22:06:06 - mmengine - INFO - Epoch(val)  [69][ 80/116]    eta: 0:00:01  time: 0.0417  data_time: 0.0053  memory: 118  
2026/08/08 22:06:07 - mmengine - INFO - Epoch(val)  [69][ 90/116]    eta: 0:00:01  time: 0.0429  data_time: 0.0060  memory: 133  
2026/08/08 22:06:07 - mmengine - INFO - Epoch(val)  [69][100/116]    eta: 0:00:00  time: 0.0424  data_time: 0.0054  memory: 153  
2026/08/08 22:06:07 - mmengine - INFO - Epoch(val)  [69][110/116]    eta: 0:00:00  time: 0.0397  data_time: 0.0056  memory: 111  
2026/08/08 22:06:08 - mmengine - INFO - Evaluating bbox...
2026/08/08 22:06:08 - mmengine - INFO - bbox_mAP_copypaste: 0.633 0.898 0.751 0.000 0.732 0.588
2026/08/08 22:06:08 - mmengine - INFO - Evaluating segm...
2026/08/08 22:06:08 - mmengine - INFO - segm_mAP_copypaste: 0.622 0.892 0.685 0.000 0.725 0.578
2026/08/08 22:06:10 - mmengine - INFO - val kayip: val_kayip_cls 0.3407  val_kayip_bbox 0.2514  val_kayip_mask 0.1244  val_kayip 0.7165
2026/08/08 22:06:10 - mmengine - INFO - Epoch(val) [69][116/116]    busi/dice_tum: 0.8115  busi/dice_lezyonlu: 0.7826  busi/bos_dogru: 19  busi/esik: 0.3000  val_kayip_cls: 0.3407  val_kayip_bbox: 0.2514  val_kayip_mask: 0.1244  val_kayip: 0.7165  coco/bbox_mAP: 0.6330  coco/bbox_mAP_50: 0.8980  coco/bbox_mAP_75: 0.7510  coco/bbox_mAP_s: 0.0000  coco/bbox_mAP_m: 0.7320  coco/bbox_mAP_l: 0.5880  coco/segm_mAP: 0.6220  coco/segm_mAP_50: 0.8920  coco/segm_mAP_75: 0.6850  coco/segm_mAP_s: 0.0000  coco/segm_mAP_m: 0.7250  coco/segm_mAP_l: 0.5780  data_time: 0.0053  time: 0.0399
2026/08/08 22:06:13 - mmengine - INFO - Epoch(train)  [70][10/68]  base_lr: 8.7023e-05 lr: 8.7023e-05  eta: 0:12:05  time: 0.3344  data_time: 0.1195  memory: 600  grad_norm: 12.0992  loss: 0.4208  loss_cls: 0.1014  loss_bbox: 0.2218  loss_mask: 0.0975
2026/08/08 22:06:16 - mmengine - INFO - Epoch(train)  [70][20/68]  base_lr: 8.6510e-05 lr: 8.6510e-05  eta: 0:12:01  time: 0.3259  data_time: 0.1160  memory: 602  grad_norm: 12.1330  loss: 0.4172  loss_cls: 0.0990  loss_bbox: 0.2199  loss_mask: 0.0983
2026/08/08 22:06:19 - mmengine - INFO - Epoch(train)  [70][30/68]  base_lr: 8.5995e-05 lr: 8.5995e-05  eta: 0:11:58  time: 0.3237  data_time: 0.1162  memory: 601  grad_norm: 12.4214  loss: 0.4318  loss_cls: 0.1098  loss_bbox: 0.2217  loss_mask: 0.1003
2026/08/08 22:06:23 - mmengine - INFO - Epoch(train)  [70][40/68]  base_lr: 8.5479e-05 lr: 8.5479e-05  eta: 0:11:54  time: 0.3263  data_time: 0.1185  memory: 601  grad_norm: 12.5307  loss: 0.4257  loss_cls: 0.1045  loss_bbox: 0.2229  loss_mask: 0.0983
2026/08/08 22:06:26 - mmengine - INFO - Epoch(train)  [70][50/68]  base_lr: 8.4961e-05 lr: 8.4961e-05  eta: 0:11:51  time: 0.3323  data_time: 0.1209  memory: 601  grad_norm: 12.6109  loss: 0.4287  loss_cls: 0.1047  loss_bbox: 0.2250  loss_mask: 0.0991
2026/08/08 22:06:30 - mmengine - INFO - Epoch(train)  [70][60/68]  base_lr: 8.4442e-05 lr: 8.4442e-05  eta: 0:11:47  time: 0.3320  data_time: 0.1208  memory: 602  grad_norm: 13.0367  loss: 0.4214  loss_cls: 0.1066  loss_bbox: 0.2201  loss_mask: 0.0947
2026/08/08 22:06:32 - mmengine - INFO - Exp name: rtmdet_ins_busi_20260808_212745
2026/08/08 22:06:32 - mmengine - INFO - Saving checkpoint at 70 epochs
2026/08/08 22:06:35 - mmengine - INFO - Epoch(val)  [70][ 10/116]    eta: 0:00:04  time: 0.0397  data_time: 0.0057  memory: 601  
2026/08/08 22:06:35 - mmengine - INFO - Epoch(val)  [70][ 20/116]    eta: 0:00:03  time: 0.0390  data_time: 0.0052  memory: 118  
2026/08/08 22:06:35 - mmengine - INFO - Epoch(val)  [70][ 30/116]    eta: 0:00:03  time: 0.0377  data_time: 0.0056  memory: 112  
2026/08/08 22:06:36 - mmengine - INFO - Epoch(val)  [70][ 40/116]    eta: 0:00:02  time: 0.0379  data_time: 0.0057  memory: 129  
2026/08/08 22:06:36 - mmengine - INFO - Epoch(val)  [70][ 50/116]    eta: 0:00:02  time: 0.0380  data_time: 0.0058  memory: 135  
2026/08/08 22:06:36 - mmengine - INFO - Epoch(val)  [70][ 60/116]    eta: 0:00:02  time: 0.0380  data_time: 0.0060  memory: 116  
2026/08/08 22:06:37 - mmengine - INFO - Epoch(val)  [70][ 70/116]    eta: 0:00:01  time: 0.0384  data_time: 0.0069  memory: 111  
2026/08/08 22:06:37 - mmengine - INFO - Epoch(val)  [70][ 80/116]    eta: 0:00:01  time: 0.0395  data_time: 0.0062  memory: 115  
2026/08/08 22:06:38 - mmengine - INFO - Epoch(val)  [70][ 90/116]    eta: 0:00:01  time: 0.0408  data_time: 0.0067  memory: 157  
2026/08/08 22:06:38 - mmengine - INFO - Epoch(val)  [70][100/116]    eta: 0:00:00  time: 0.0411  data_time: 0.0064  memory: 162  
2026/08/08 22:06:38 - mmengine - INFO - Epoch(val)  [70][110/116]    eta: 0:00:00  time: 0.0402  data_time: 0.0066  memory: 114  
2026/08/08 22:06:39 - mmengine - INFO - Evaluating bbox...
2026/08/08 22:06:39 - mmengine - INFO - bbox_mAP_copypaste: 0.620 0.888 0.733 0.000 0.706 0.580
2026/08/08 22:06:39 - mmengine - INFO - Evaluating segm...
2026/08/08 22:06:39 - mmengine - INFO - segm_mAP_copypaste: 0.615 0.882 0.709 0.000 0.709 0.569
2026/08/08 22:06:41 - mmengine - INFO - val kayip: val_kayip_cls 0.2998  val_kayip_bbox 0.2505  val_kayip_mask 0.1236  val_kayip 0.6739
2026/08/08 22:06:41 - mmengine - INFO - Epoch(val) [70][116/116]    busi/dice_tum: 0.8097  busi/dice_lezyonlu: 0.7700  busi/bos_dogru: 20  busi/esik: 0.5000  val_kayip_cls: 0.2998  val_kayip_bbox: 0.2505  val_kayip_mask: 0.1236  val_kayip: 0.6739  coco/bbox_mAP: 0.6200  coco/bbox_mAP_50: 0.8880  coco/bbox_mAP_75: 0.7330  coco/bbox_mAP_s: 0.0000  coco/bbox_mAP_m: 0.7060  coco/bbox_mAP_l: 0.5800  coco/segm_mAP: 0.6150  coco/segm_mAP_50: 0.8820  coco/segm_mAP_75: 0.7090  coco/segm_mAP_s: 0.0000  coco/segm_mAP_m: 0.7090  coco/segm_mAP_l: 0.5690  data_time: 0.0057  time: 0.0393
2026/08/08 22:06:44 - mmengine - INFO - Epoch(train)  [71][10/68]  base_lr: 8.3503e-05 lr: 8.3503e-05  eta: 0:11:41  time: 0.3344  data_time: 0.1215  memory: 602  grad_norm: 12.9734  loss: 0.4105  loss_cls: 0.0964  loss_bbox: 0.2179  loss_mask: 0.0961
2026/08/08 22:06:47 - mmengine - INFO - Epoch(train)  [71][20/68]  base_lr: 8.2979e-05 lr: 8.2979e-05  eta: 0:11:37  time: 0.3307  data_time: 0.1180  memory: 601  grad_norm: 12.7456  loss: 0.4060  loss_cls: 0.0938  loss_bbox: 0.2174  loss_mask: 0.0949
2026/08/08 22:06:51 - mmengine - INFO - Epoch(train)  [71][30/68]  base_lr: 8.2453e-05 lr: 8.2453e-05  eta: 0:11:34  time: 0.3322  data_time: 0.1210  memory: 601  grad_norm: 12.5147  loss: 0.4005  loss_cls: 0.0889  loss_bbox: 0.2156  loss_mask: 0.0960
2026/08/08 22:06:54 - mmengine - INFO - Epoch(train)  [71][40/68]  base_lr: 8.1927e-05 lr: 8.1927e-05  eta: 0:11:30  time: 0.3344  data_time: 0.1230  memory: 601  grad_norm: 12.2414  loss: 0.4039  loss_cls: 0.0898  loss_bbox: 0.2162  loss_mask: 0.0979
2026/08/08 22:06:58 - mmengine - INFO - Epoch(train)  [71][50/68]  base_lr: 8.1398e-05 lr: 8.1398e-05  eta: 0:11:27  time: 0.3407  data_time: 0.1279  memory: 601  grad_norm: 12.0825  loss: 0.4138  loss_cls: 0.0936  loss_bbox: 0.2218  loss_mask: 0.0984
2026/08/08 22:07:01 - mmengine - INFO - Epoch(train)  [71][60/68]  base_lr: 8.0869e-05 lr: 8.0869e-05  eta: 0:11:23  time: 0.3376  data_time: 0.1258  memory: 603  grad_norm: 11.8657  loss: 0.4065  loss_cls: 0.0904  loss_bbox: 0.2187  loss_mask: 0.0974
2026/08/08 22:07:04 - mmengine - INFO - Exp name: rtmdet_ins_busi_20260808_212745
2026/08/08 22:07:04 - mmengine - INFO - Saving checkpoint at 71 epochs
2026/08/08 22:07:06 - mmengine - INFO - Epoch(val)  [71][ 10/116]    eta: 0:00:04  time: 0.0405  data_time: 0.0055  memory: 602  
2026/08/08 22:07:06 - mmengine - INFO - Epoch(val)  [71][ 20/116]    eta: 0:00:03  time: 0.0391  data_time: 0.0057  memory: 113  
2026/08/08 22:07:07 - mmengine - INFO - Epoch(val)  [71][ 30/116]    eta: 0:00:03  time: 0.0370  data_time: 0.0052  memory: 114  
2026/08/08 22:07:07 - mmengine - INFO - Epoch(val)  [71][ 40/116]    eta: 0:00:02  time: 0.0367  data_time: 0.0051  memory: 139  
2026/08/08 22:07:07 - mmengine - INFO - Epoch(val)  [71][ 50/116]    eta: 0:00:02  time: 0.0360  data_time: 0.0053  memory: 147  
2026/08/08 22:07:08 - mmengine - INFO - Epoch(val)  [71][ 60/116]    eta: 0:00:02  time: 0.0371  data_time: 0.0054  memory: 112  
2026/08/08 22:07:08 - mmengine - INFO - Epoch(val)  [71][ 70/116]    eta: 0:00:01  time: 0.0384  data_time: 0.0048  memory: 111  
2026/08/08 22:07:09 - mmengine - INFO - Epoch(val)  [71][ 80/116]    eta: 0:00:01  time: 0.0395  data_time: 0.0051  memory: 123  
2026/08/08 22:07:09 - mmengine - INFO - Epoch(val)  [71][ 90/116]    eta: 0:00:01  time: 0.0415  data_time: 0.0060  memory: 151  
2026/08/08 22:07:10 - mmengine - INFO - Epoch(val)  [71][100/116]    eta: 0:00:00  time: 0.0415  data_time: 0.0062  memory: 135  
2026/08/08 22:07:10 - mmengine - INFO - Epoch(val)  [71][110/116]    eta: 0:00:00  time: 0.0404  data_time: 0.0054  memory: 118  
2026/08/08 22:07:10 - mmengine - INFO - Evaluating bbox...
2026/08/08 22:07:10 - mmengine - INFO - bbox_mAP_copypaste: 0.612 0.879 0.759 0.000 0.705 0.571
2026/08/08 22:07:10 - mmengine - INFO - Evaluating segm...
2026/08/08 22:07:10 - mmengine - INFO - segm_mAP_copypaste: 0.621 0.874 0.731 0.000 0.724 0.573
2026/08/08 22:07:12 - mmengine - INFO - val kayip: val_kayip_cls 0.3547  val_kayip_bbox 0.2538  val_kayip_mask 0.1255  val_kayip 0.7340
2026/08/08 22:07:12 - mmengine - INFO - Epoch(val) [71][116/116]    busi/dice_tum: 0.8219  busi/dice_lezyonlu: 0.7953  busi/bos_dogru: 19  busi/esik: 0.4000  val_kayip_cls: 0.3547  val_kayip_bbox: 0.2538  val_kayip_mask: 0.1255  val_kayip: 0.7340  coco/bbox_mAP: 0.6120  coco/bbox_mAP_50: 0.8790  coco/bbox_mAP_75: 0.7590  coco/bbox_mAP_s: 0.0000  coco/bbox_mAP_m: 0.7050  coco/bbox_mAP_l: 0.5710  coco/segm_mAP: 0.6210  coco/segm_mAP_50: 0.8740  coco/segm_mAP_75: 0.7310  coco/segm_mAP_s: 0.0000  coco/segm_mAP_m: 0.7240  coco/segm_mAP_l: 0.5730  data_time: 0.0054  time: 0.0388
2026/08/08 22:07:16 - mmengine - INFO - Epoch(train)  [72][10/68]  base_lr: 7.9912e-05 lr: 7.9912e-05  eta: 0:11:17  time: 0.3413  data_time: 0.1267  memory: 602  grad_norm: 12.0695  loss: 0.4002  loss_cls: 0.0916  loss_bbox: 0.2135  loss_mask: 0.0951
2026/08/08 22:07:19 - mmengine - INFO - Epoch(train)  [72][20/68]  base_lr: 7.9379e-05 lr: 7.9379e-05  eta: 0:11:14  time: 0.3374  data_time: 0.1242  memory: 603  grad_norm: 11.9701  loss: 0.4020  loss_cls: 0.0925  loss_bbox: 0.2142  loss_mask: 0.0953
2026/08/08 22:07:23 - mmengine - INFO - Epoch(train)  [72][30/68]  base_lr: 7.8845e-05 lr: 7.8845e-05  eta: 0:11:10  time: 0.3380  data_time: 0.1238  memory: 601  grad_norm: 11.7005  loss: 0.3936  loss_cls: 0.0904  loss_bbox: 0.2096  loss_mask: 0.0936
2026/08/08 22:07:26 - mmengine - INFO - Epoch(train)  [72][40/68]  base_lr: 7.8309e-05 lr: 7.8309e-05  eta: 0:11:07  time: 0.3392  data_time: 0.1247  memory: 601  grad_norm: 11.6703  loss: 0.3957  loss_cls: 0.0886  loss_bbox: 0.2126  loss_mask: 0.0944
2026/08/08 22:07:29 - mmengine - INFO - Epoch(train)  [72][50/68]  base_lr: 7.7773e-05 lr: 7.7773e-05  eta: 0:11:03  time: 0.3405  data_time: 0.1258  memory: 600  grad_norm: 12.0476  loss: 0.4120  loss_cls: 0.0912  loss_bbox: 0.2227  loss_mask: 0.0981
2026/08/08 22:07:33 - mmengine - INFO - Epoch(train)  [72][60/68]  base_lr: 7.7235e-05 lr: 7.7235e-05  eta: 0:11:00  time: 0.3375  data_time: 0.1256  memory: 601  grad_norm: 12.4119  loss: 0.4224  loss_cls: 0.0926  loss_bbox: 0.2317  loss_mask: 0.0981
2026/08/08 22:07:35 - mmengine - INFO - Exp name: rtmdet_ins_busi_20260808_212745
2026/08/08 22:07:35 - mmengine - INFO - Saving checkpoint at 72 epochs
2026/08/08 22:07:38 - mmengine - INFO - Epoch(val)  [72][ 10/116]    eta: 0:00:03  time: 0.0401  data_time: 0.0055  memory: 601  
2026/08/08 22:07:38 - mmengine - INFO - Epoch(val)  [72][ 20/116]    eta: 0:00:03  time: 0.0390  data_time: 0.0050  memory: 118  
2026/08/08 22:07:39 - mmengine - INFO - Epoch(val)  [72][ 30/116]    eta: 0:00:03  time: 0.0369  data_time: 0.0046  memory: 104  
2026/08/08 22:07:39 - mmengine - INFO - Epoch(val)  [72][ 40/116]    eta: 0:00:02  time: 0.0365  data_time: 0.0043  memory: 137  
2026/08/08 22:07:39 - mmengine - INFO - Epoch(val)  [72][ 50/116]    eta: 0:00:02  time: 0.0365  data_time: 0.0045  memory: 141  
2026/08/08 22:07:40 - mmengine - INFO - Epoch(val)  [72][ 60/116]    eta: 0:00:02  time: 0.0376  data_time: 0.0056  memory: 112  
2026/08/08 22:07:40 - mmengine - INFO - Epoch(val)  [72][ 70/116]    eta: 0:00:01  time: 0.0375  data_time: 0.0047  memory: 111  
2026/08/08 22:07:40 - mmengine - INFO - Epoch(val)  [72][ 80/116]    eta: 0:00:01  time: 0.0387  data_time: 0.0056  memory: 118  
2026/08/08 22:07:41 - mmengine - INFO - Epoch(val)  [72][ 90/116]    eta: 0:00:00  time: 0.0400  data_time: 0.0057  memory: 145  
2026/08/08 22:07:41 - mmengine - INFO - Epoch(val)  [72][100/116]    eta: 0:00:00  time: 0.0399  data_time: 0.0058  memory: 130  
2026/08/08 22:07:42 - mmengine - INFO - Epoch(val)  [72][110/116]    eta: 0:00:00  time: 0.0388  data_time: 0.0050  memory: 111  
2026/08/08 22:07:42 - mmengine - INFO - Evaluating bbox...
2026/08/08 22:07:42 - mmengine - INFO - bbox_mAP_copypaste: 0.618 0.880 0.732 0.000 0.718 0.574
2026/08/08 22:07:42 - mmengine - INFO - Evaluating segm...
2026/08/08 22:07:42 - mmengine - INFO - segm_mAP_copypaste: 0.622 0.878 0.721 0.000 0.727 0.576
2026/08/08 22:07:44 - mmengine - INFO - val kayip: val_kayip_cls 0.3366  val_kayip_bbox 0.2468  val_kayip_mask 0.1251  val_kayip 0.7085
2026/08/08 22:07:44 - mmengine - INFO - Epoch(val) [72][116/116]    busi/dice_tum: 0.8134  busi/dice_lezyonlu: 0.7849  busi/bos_dogru: 19  busi/esik: 0.4000  val_kayip_cls: 0.3366  val_kayip_bbox: 0.2468  val_kayip_mask: 0.1251  val_kayip: 0.7085  coco/bbox_mAP: 0.6180  coco/bbox_mAP_50: 0.8800  coco/bbox_mAP_75: 0.7320  coco/bbox_mAP_s: 0.0000  coco/bbox_mAP_m: 0.7180  coco/bbox_mAP_l: 0.5740  coco/segm_mAP: 0.6220  coco/segm_mAP_50: 0.8780  coco/segm_mAP_75: 0.7210  coco/segm_mAP_s: 0.0000  coco/segm_mAP_m: 0.7270  coco/segm_mAP_l: 0.5760  data_time: 0.0051  time: 0.0379
2026/08/08 22:07:47 - mmengine - INFO - Epoch(train)  [73][10/68]  base_lr: 7.6265e-05 lr: 7.6265e-05  eta: 0:10:53  time: 0.3345  data_time: 0.1248  memory: 601  grad_norm: 13.6380  loss: 0.4141  loss_cls: 0.0888  loss_bbox: 0.2299  loss_mask: 0.0954
2026/08/08 22:07:51 - mmengine - INFO - Epoch(train)  [73][20/68]  base_lr: 7.5725e-05 lr: 7.5725e-05  eta: 0:10:50  time: 0.3323  data_time: 0.1251  memory: 599  grad_norm: 14.2467  loss: 0.4086  loss_cls: 0.0896  loss_bbox: 0.2255  loss_mask: 0.0935
2026/08/08 22:07:54 - mmengine - INFO - Epoch(train)  [73][30/68]  base_lr: 7.5184e-05 lr: 7.5184e-05  eta: 0:10:46  time: 0.3308  data_time: 0.1243  memory: 601  grad_norm: 13.6970  loss: 0.3928  loss_cls: 0.0837  loss_bbox: 0.2169  loss_mask: 0.0922
2026/08/08 22:07:58 - mmengine - INFO - Epoch(train)  [73][40/68]  base_lr: 7.4642e-05 lr: 7.4642e-05  eta: 0:10:43  time: 0.3374  data_time: 0.1259  memory: 603  grad_norm: 13.0826  loss: 0.3811  loss_cls: 0.0824  loss_bbox: 0.2092  loss_mask: 0.0896
2026/08/08 22:08:01 - mmengine - INFO - Epoch(train)  [73][50/68]  base_lr: 7.4100e-05 lr: 7.4100e-05  eta: 0:10:40  time: 0.3378  data_time: 0.1254  memory: 600  grad_norm: 12.4285  loss: 0.3794  loss_cls: 0.0806  loss_bbox: 0.2079  loss_mask: 0.0909
2026/08/08 22:08:04 - mmengine - INFO - Epoch(train)  [73][60/68]  base_lr: 7.3556e-05 lr: 7.3556e-05  eta: 0:10:36  time: 0.3330  data_time: 0.1221  memory: 602  grad_norm: 12.2250  loss: 0.3908  loss_cls: 0.0876  loss_bbox: 0.2105  loss_mask: 0.0926
2026/08/08 22:08:07 - mmengine - INFO - Exp name: rtmdet_ins_busi_20260808_212745
2026/08/08 22:08:07 - mmengine - INFO - Saving checkpoint at 73 epochs
2026/08/08 22:08:09 - mmengine - INFO - Epoch(val)  [73][ 10/116]    eta: 0:00:04  time: 0.0402  data_time: 0.0054  memory: 601  
2026/08/08 22:08:10 - mmengine - INFO - Epoch(val)  [73][ 20/116]    eta: 0:00:03  time: 0.0400  data_time: 0.0055  memory: 118  
2026/08/08 22:08:10 - mmengine - INFO - Epoch(val)  [73][ 30/116]    eta: 0:00:03  time: 0.0373  data_time: 0.0051  memory: 110  
2026/08/08 22:08:10 - mmengine - INFO - Epoch(val)  [73][ 40/116]    eta: 0:00:02  time: 0.0378  data_time: 0.0059  memory: 132  
2026/08/08 22:08:11 - mmengine - INFO - Epoch(val)  [73][ 50/116]    eta: 0:00:02  time: 0.0387  data_time: 0.0052  memory: 147  
2026/08/08 22:08:11 - mmengine - INFO - Epoch(val)  [73][ 60/116]    eta: 0:00:02  time: 0.0385  data_time: 0.0043  memory: 112  
2026/08/08 22:08:11 - mmengine - INFO - Epoch(val)  [73][ 70/116]    eta: 0:00:01  time: 0.0388  data_time: 0.0040  memory: 111  
2026/08/08 22:08:12 - mmengine - INFO - Epoch(val)  [73][ 80/116]    eta: 0:00:01  time: 0.0396  data_time: 0.0034  memory: 115  
2026/08/08 22:08:12 - mmengine - INFO - Epoch(val)  [73][ 90/116]    eta: 0:00:01  time: 0.0402  data_time: 0.0028  memory: 133  
2026/08/08 22:08:13 - mmengine - INFO - Epoch(val)  [73][100/116]    eta: 0:00:00  time: 0.0392  data_time: 0.0027  memory: 130  
2026/08/08 22:08:13 - mmengine - INFO - Epoch(val)  [73][110/116]    eta: 0:00:00  time: 0.0382  data_time: 0.0028  memory: 114  
2026/08/08 22:08:13 - mmengine - INFO - Evaluating bbox...
2026/08/08 22:08:13 - mmengine - INFO - bbox_mAP_copypaste: 0.607 0.873 0.704 0.000 0.709 0.563
2026/08/08 22:08:13 - mmengine - INFO - Evaluating segm...
2026/08/08 22:08:13 - mmengine - INFO - segm_mAP_copypaste: 0.607 0.867 0.683 0.000 0.718 0.560
2026/08/08 22:08:15 - mmengine - INFO - val kayip: val_kayip_cls 0.3369  val_kayip_bbox 0.2523  val_kayip_mask 0.1257  val_kayip 0.7149
2026/08/08 22:08:15 - mmengine - INFO - Epoch(val) [73][116/116]    busi/dice_tum: 0.8120  busi/dice_lezyonlu: 0.7728  busi/bos_dogru: 20  busi/esik: 0.5000  val_kayip_cls: 0.3369  val_kayip_bbox: 0.2523  val_kayip_mask: 0.1257  val_kayip: 0.7149  coco/bbox_mAP: 0.6070  coco/bbox_mAP_50: 0.8730  coco/bbox_mAP_75: 0.7040  coco/bbox_mAP_s: 0.0000  coco/bbox_mAP_m: 0.7090  coco/bbox_mAP_l: 0.5630  coco/segm_mAP: 0.6070  coco/segm_mAP_50: 0.8670  coco/segm_mAP_75: 0.6830  coco/segm_mAP_s: 0.0000  coco/segm_mAP_m: 0.7180  coco/segm_mAP_l: 0.5600  data_time: 0.0039  time: 0.0383
2026/08/08 22:08:19 - mmengine - INFO - Epoch(train)  [74][10/68]  base_lr: 7.2577e-05 lr: 7.2577e-05  eta: 0:10:30  time: 0.3355  data_time: 0.1216  memory: 601  grad_norm: 12.2632  loss: 0.3939  loss_cls: 0.0882  loss_bbox: 0.2110  loss_mask: 0.0947
2026/08/08 22:08:22 - mmengine - INFO - Epoch(train)  [74][20/68]  base_lr: 7.2031e-05 lr: 7.2031e-05  eta: 0:10:26  time: 0.3353  data_time: 0.1235  memory: 601  grad_norm: 12.6710  loss: 0.4086  loss_cls: 0.0962  loss_bbox: 0.2148  loss_mask: 0.0976
2026/08/08 22:08:26 - mmengine - INFO - Epoch(train)  [74][30/68]  base_lr: 7.1486e-05 lr: 7.1486e-05  eta: 0:10:23  time: 0.3362  data_time: 0.1220  memory: 600  grad_norm: 13.1251  loss: 0.4093  loss_cls: 0.0987  loss_bbox: 0.2148  loss_mask: 0.0959
2026/08/08 22:08:28 - mmengine - INFO - Exp name: rtmdet_ins_busi_20260808_212745
2026/08/08 22:08:29 - mmengine - INFO - Epoch(train)  [74][40/68]  base_lr: 7.0940e-05 lr: 7.0940e-05  eta: 0:10:19  time: 0.3421  data_time: 0.1263  memory: 601  grad_norm: 13.0193  loss: 0.4027  loss_cls: 0.0953  loss_bbox: 0.2126  loss_mask: 0.0948
2026/08/08 22:08:33 - mmengine - INFO - Epoch(train)  [74][50/68]  base_lr: 7.0393e-05 lr: 7.0393e-05  eta: 0:10:16  time: 0.3537  data_time: 0.1355  memory: 602  grad_norm: 12.8870  loss: 0.4109  loss_cls: 0.0968  loss_bbox: 0.2190  loss_mask: 0.0951
2026/08/08 22:08:37 - mmengine - INFO - Epoch(train)  [74][60/68]  base_lr: 6.9846e-05 lr: 6.9846e-05  eta: 0:10:13  time: 0.3554  data_time: 0.1359  memory: 601  grad_norm: 12.4787  loss: 0.3972  loss_cls: 0.0910  loss_bbox: 0.2144  loss_mask: 0.0918
2026/08/08 22:08:39 - mmengine - INFO - Exp name: rtmdet_ins_busi_20260808_212745
2026/08/08 22:08:39 - mmengine - INFO - Saving checkpoint at 74 epochs
2026/08/08 22:08:42 - mmengine - INFO - Epoch(val)  [74][ 10/116]    eta: 0:00:04  time: 0.0379  data_time: 0.0035  memory: 603  
2026/08/08 22:08:42 - mmengine - INFO - Epoch(val)  [74][ 20/116]    eta: 0:00:03  time: 0.0371  data_time: 0.0042  memory: 110  
2026/08/08 22:08:43 - mmengine - INFO - Epoch(val)  [74][ 30/116]    eta: 0:00:03  time: 0.0364  data_time: 0.0044  memory: 109  
2026/08/08 22:08:43 - mmengine - INFO - Epoch(val)  [74][ 40/116]    eta: 0:00:02  time: 0.0370  data_time: 0.0050  memory: 132  
2026/08/08 22:08:43 - mmengine - INFO - Epoch(val)  [74][ 50/116]    eta: 0:00:02  time: 0.0385  data_time: 0.0051  memory: 153  
2026/08/08 22:08:44 - mmengine - INFO - Epoch(val)  [74][ 60/116]    eta: 0:00:02  time: 0.0391  data_time: 0.0053  memory: 112  
2026/08/08 22:08:44 - mmengine - INFO - Epoch(val)  [74][ 70/116]    eta: 0:00:01  time: 0.0400  data_time: 0.0062  memory: 112  
2026/08/08 22:08:45 - mmengine - INFO - Epoch(val)  [74][ 80/116]    eta: 0:00:01  time: 0.0396  data_time: 0.0060  memory: 112  
2026/08/08 22:08:45 - mmengine - INFO - Epoch(val)  [74][ 90/116]    eta: 0:00:01  time: 0.0410  data_time: 0.0071  memory: 133  
2026/08/08 22:08:45 - mmengine - INFO - Epoch(val)  [74][100/116]    eta: 0:00:00  time: 0.0397  data_time: 0.0067  memory: 130  
2026/08/08 22:08:46 - mmengine - INFO - Epoch(val)  [74][110/116]    eta: 0:00:00  time: 0.0391  data_time: 0.0064  memory: 114  
2026/08/08 22:08:46 - mmengine - INFO - Evaluating bbox...
2026/08/08 22:08:46 - mmengine - INFO - bbox_mAP_copypaste: 0.622 0.886 0.747 0.000 0.708 0.581
2026/08/08 22:08:46 - mmengine - INFO - Evaluating segm...
2026/08/08 22:08:46 - mmengine - INFO - segm_mAP_copypaste: 0.621 0.877 0.690 0.000 0.717 0.577
2026/08/08 22:08:48 - mmengine - INFO - val kayip: val_kayip_cls 0.3076  val_kayip_bbox 0.2524  val_kayip_mask 0.1264  val_kayip 0.6865
2026/08/08 22:08:48 - mmengine - INFO - Epoch(val) [74][116/116]    busi/dice_tum: 0.8185  busi/dice_lezyonlu: 0.7911  busi/bos_dogru: 19  busi/esik: 0.3000  val_kayip_cls: 0.3076  val_kayip_bbox: 0.2524  val_kayip_mask: 0.1264  val_kayip: 0.6865  coco/bbox_mAP: 0.6220  coco/bbox_mAP_50: 0.8860  coco/bbox_mAP_75: 0.7470  coco/bbox_mAP_s: 0.0000  coco/bbox_mAP_m: 0.7080  coco/bbox_mAP_l: 0.5810  coco/segm_mAP: 0.6210  coco/segm_mAP_50: 0.8770  coco/segm_mAP_75: 0.6900  coco/segm_mAP_s: 0.0000  coco/segm_mAP_m: 0.7170  coco/segm_mAP_l: 0.5770  data_time: 0.0056  time: 0.0391
2026/08/08 22:08:52 - mmengine - INFO - Epoch(train)  [75][10/68]  base_lr: 6.8860e-05 lr: 6.8860e-05  eta: 0:10:06  time: 0.3535  data_time: 0.1350  memory: 603  grad_norm: 12.2222  loss: 0.3856  loss_cls: 0.0868  loss_bbox: 0.2096  loss_mask: 0.0892
2026/08/08 22:08:55 - mmengine - INFO - Epoch(train)  [75][20/68]  base_lr: 6.8312e-05 lr: 6.8312e-05  eta: 0:10:03  time: 0.3546  data_time: 0.1358  memory: 602  grad_norm: 11.9706  loss: 0.3897  loss_cls: 0.0873  loss_bbox: 0.2115  loss_mask: 0.0908
2026/08/08 22:08:59 - mmengine - INFO - Epoch(train)  [75][30/68]  base_lr: 6.7764e-05 lr: 6.7764e-05  eta: 0:09:59  time: 0.3460  data_time: 0.1289  memory: 601  grad_norm: 12.1680  loss: 0.3788  loss_cls: 0.0838  loss_bbox: 0.2059  loss_mask: 0.0891
2026/08/08 22:09:02 - mmengine - INFO - Epoch(train)  [75][40/68]  base_lr: 6.7216e-05 lr: 6.7216e-05  eta: 0:09:56  time: 0.3466  data_time: 0.1329  memory: 601  grad_norm: 12.5057  loss: 0.3785  loss_cls: 0.0844  loss_bbox: 0.2043  loss_mask: 0.0897
2026/08/08 22:09:05 - mmengine - INFO - Epoch(train)  [75][50/68]  base_lr: 6.6667e-05 lr: 6.6667e-05  eta: 0:09:52  time: 0.3419  data_time: 0.1291  memory: 606  grad_norm: 12.0389  loss: 0.3796  loss_cls: 0.0820  loss_bbox: 0.2053  loss_mask: 0.0923
2026/08/08 22:09:09 - mmengine - INFO - Epoch(train)  [75][60/68]  base_lr: 6.6119e-05 lr: 6.6119e-05  eta: 0:09:49  time: 0.3424  data_time: 0.1300  memory: 601  grad_norm: 11.9927  loss: 0.3822  loss_cls: 0.0822  loss_bbox: 0.2082  loss_mask: 0.0919
2026/08/08 22:09:12 - mmengine - INFO - Exp name: rtmdet_ins_busi_20260808_212745
2026/08/08 22:09:12 - mmengine - INFO - Saving checkpoint at 75 epochs
2026/08/08 22:09:14 - mmengine - INFO - Epoch(val)  [75][ 10/116]    eta: 0:00:04  time: 0.0399  data_time: 0.0058  memory: 599  
2026/08/08 22:09:14 - mmengine - INFO - Epoch(val)  [75][ 20/116]    eta: 0:00:03  time: 0.0396  data_time: 0.0056  memory: 125  
2026/08/08 22:09:15 - mmengine - INFO - Epoch(val)  [75][ 30/116]    eta: 0:00:03  time: 0.0377  data_time: 0.0050  memory: 109  
2026/08/08 22:09:15 - mmengine - INFO - Epoch(val)  [75][ 40/116]    eta: 0:00:02  time: 0.0370  data_time: 0.0044  memory: 147  
2026/08/08 22:09:15 - mmengine - INFO - Epoch(val)  [75][ 50/116]    eta: 0:00:02  time: 0.0370  data_time: 0.0049  memory: 141  
2026/08/08 22:09:16 - mmengine - INFO - Epoch(val)  [75][ 60/116]    eta: 0:00:02  time: 0.0361  data_time: 0.0041  memory: 116  
2026/08/08 22:09:16 - mmengine - INFO - Epoch(val)  [75][ 70/116]    eta: 0:00:01  time: 0.0357  data_time: 0.0034  memory: 111  
2026/08/08 22:09:17 - mmengine - INFO - Epoch(val)  [75][ 80/116]    eta: 0:00:01  time: 0.0364  data_time: 0.0039  memory: 108  
2026/08/08 22:09:17 - mmengine - INFO - Epoch(val)  [75][ 90/116]    eta: 0:00:00  time: 0.0372  data_time: 0.0041  memory: 126  
2026/08/08 22:09:17 - mmengine - INFO - Epoch(val)  [75][100/116]    eta: 0:00:00  time: 0.0369  data_time: 0.0041  memory: 135  
2026/08/08 22:09:18 - mmengine - INFO - Epoch(val)  [75][110/116]    eta: 0:00:00  time: 0.0367  data_time: 0.0048  memory: 118  
2026/08/08 22:09:18 - mmengine - INFO - Evaluating bbox...
2026/08/08 22:09:18 - mmengine - INFO - bbox_mAP_copypaste: 0.620 0.885 0.707 0.000 0.694 0.584
2026/08/08 22:09:18 - mmengine - INFO - Evaluating segm...
2026/08/08 22:09:18 - mmengine - INFO - segm_mAP_copypaste: 0.611 0.877 0.692 0.000 0.707 0.564
2026/08/08 22:09:20 - mmengine - INFO - val kayip: val_kayip_cls 0.3872  val_kayip_bbox 0.2611  val_kayip_mask 0.1331  val_kayip 0.7813
2026/08/08 22:09:20 - mmengine - INFO - Epoch(val) [75][116/116]    busi/dice_tum: 0.8133  busi/dice_lezyonlu: 0.7848  busi/bos_dogru: 19  busi/esik: 0.4000  val_kayip_cls: 0.3872  val_kayip_bbox: 0.2611  val_kayip_mask: 0.1331  val_kayip: 0.7813  coco/bbox_mAP: 0.6200  coco/bbox_mAP_50: 0.8850  coco/bbox_mAP_75: 0.7070  coco/bbox_mAP_s: 0.0000  coco/bbox_mAP_m: 0.6940  coco/bbox_mAP_l: 0.5840  coco/segm_mAP: 0.6110  coco/segm_mAP_50: 0.8770  coco/segm_mAP_75: 0.6920  coco/segm_mAP_s: 0.0000  coco/segm_mAP_m: 0.7070  coco/segm_mAP_l: 0.5640  data_time: 0.0045  time: 0.0368
2026/08/08 22:09:23 - mmengine - INFO - Epoch(train)  [76][10/68]  base_lr: 6.5131e-05 lr: 6.5131e-05  eta: 0:09:43  time: 0.3416  data_time: 0.1306  memory: 602  grad_norm: 12.9459  loss: 0.3947  loss_cls: 0.0926  loss_bbox: 0.2099  loss_mask: 0.0922
2026/08/08 22:09:27 - mmengine - INFO - Epoch(train)  [76][20/68]  base_lr: 6.4583e-05 lr: 6.4583e-05  eta: 0:09:39  time: 0.3449  data_time: 0.1322  memory: 601  grad_norm: 12.5307  loss: 0.3975  loss_cls: 0.0941  loss_bbox: 0.2114  loss_mask: 0.0921
2026/08/08 22:09:30 - mmengine - INFO - Epoch(train)  [76][30/68]  base_lr: 6.4034e-05 lr: 6.4034e-05  eta: 0:09:36  time: 0.3464  data_time: 0.1332  memory: 601  grad_norm: 12.5316  loss: 0.3985  loss_cls: 0.0962  loss_bbox: 0.2096  loss_mask: 0.0927
2026/08/08 22:09:34 - mmengine - INFO - Epoch(train)  [76][40/68]  base_lr: 6.3486e-05 lr: 6.3486e-05  eta: 0:09:32  time: 0.3373  data_time: 0.1285  memory: 603  grad_norm: 12.6480  loss: 0.4033  loss_cls: 0.0963  loss_bbox: 0.2129  loss_mask: 0.0940
2026/08/08 22:09:37 - mmengine - INFO - Epoch(train)  [76][50/68]  base_lr: 6.2938e-05 lr: 6.2938e-05  eta: 0:09:29  time: 0.3390  data_time: 0.1293  memory: 603  grad_norm: 12.3776  loss: 0.3826  loss_cls: 0.0841  loss_bbox: 0.2073  loss_mask: 0.0911
2026/08/08 22:09:40 - mmengine - INFO - Epoch(train)  [76][60/68]  base_lr: 6.2390e-05 lr: 6.2390e-05  eta: 0:09:25  time: 0.3384  data_time: 0.1291  memory: 602  grad_norm: 12.2872  loss: 0.3871  loss_cls: 0.0871  loss_bbox: 0.2079  loss_mask: 0.0922
2026/08/08 22:09:43 - mmengine - INFO - Exp name: rtmdet_ins_busi_20260808_212745
2026/08/08 22:09:43 - mmengine - INFO - Saving checkpoint at 76 epochs
2026/08/08 22:09:45 - mmengine - INFO - Epoch(val)  [76][ 10/116]    eta: 0:00:03  time: 0.0368  data_time: 0.0046  memory: 600  
2026/08/08 22:09:45 - mmengine - INFO - Epoch(val)  [76][ 20/116]    eta: 0:00:03  time: 0.0360  data_time: 0.0042  memory: 122  
2026/08/08 22:09:46 - mmengine - INFO - Epoch(val)  [76][ 30/116]    eta: 0:00:02  time: 0.0346  data_time: 0.0033  memory: 109  
2026/08/08 22:09:46 - mmengine - INFO - Epoch(val)  [76][ 40/116]    eta: 0:00:02  time: 0.0336  data_time: 0.0031  memory: 143  
2026/08/08 22:09:46 - mmengine - INFO - Epoch(val)  [76][ 50/116]    eta: 0:00:02  time: 0.0330  data_time: 0.0035  memory: 141  
2026/08/08 22:09:47 - mmengine - INFO - Epoch(val)  [76][ 60/116]    eta: 0:00:01  time: 0.0338  data_time: 0.0034  memory: 107  
2026/08/08 22:09:47 - mmengine - INFO - Epoch(val)  [76][ 70/116]    eta: 0:00:01  time: 0.0337  data_time: 0.0034  memory: 114  
2026/08/08 22:09:47 - mmengine - INFO - Epoch(val)  [76][ 80/116]    eta: 0:00:01  time: 0.0336  data_time: 0.0040  memory: 116  
2026/08/08 22:09:48 - mmengine - INFO - Epoch(val)  [76][ 90/116]    eta: 0:00:00  time: 0.0351  data_time: 0.0046  memory: 126  
2026/08/08 22:09:48 - mmengine - INFO - Epoch(val)  [76][100/116]    eta: 0:00:00  time: 0.0349  data_time: 0.0041  memory: 130  
2026/08/08 22:09:48 - mmengine - INFO - Epoch(val)  [76][110/116]    eta: 0:00:00  time: 0.0354  data_time: 0.0049  memory: 122  
2026/08/08 22:09:49 - mmengine - INFO - Evaluating bbox...
2026/08/08 22:09:49 - mmengine - INFO - bbox_mAP_copypaste: 0.618 0.884 0.735 0.000 0.708 0.575
2026/08/08 22:09:49 - mmengine - INFO - Evaluating segm...
2026/08/08 22:09:49 - mmengine - INFO - segm_mAP_copypaste: 0.610 0.877 0.686 0.000 0.721 0.558
2026/08/08 22:09:51 - mmengine - INFO - val kayip: val_kayip_cls 0.3195  val_kayip_bbox 0.2521  val_kayip_mask 0.1302  val_kayip 0.7018
2026/08/08 22:09:51 - mmengine - INFO - Epoch(val) [76][116/116]    busi/dice_tum: 0.8173  busi/dice_lezyonlu: 0.7793  busi/bos_dogru: 20  busi/esik: 0.5000  val_kayip_cls: 0.3195  val_kayip_bbox: 0.2521  val_kayip_mask: 0.1302  val_kayip: 0.7018  coco/bbox_mAP: 0.6180  coco/bbox_mAP_50: 0.8840  coco/bbox_mAP_75: 0.7350  coco/bbox_mAP_s: 0.0000  coco/bbox_mAP_m: 0.7080  coco/bbox_mAP_l: 0.5750  coco/segm_mAP: 0.6100  coco/segm_mAP_50: 0.8770  coco/segm_mAP_75: 0.6860  coco/segm_mAP_s: 0.0000  coco/segm_mAP_m: 0.7210  coco/segm_mAP_l: 0.5580  data_time: 0.0043  time: 0.0352
2026/08/08 22:09:54 - mmengine - INFO - Epoch(train)  [77][10/68]  base_lr: 6.1404e-05 lr: 6.1404e-05  eta: 0:09:19  time: 0.3315  data_time: 0.1259  memory: 602  grad_norm: 12.6245  loss: 0.3937  loss_cls: 0.0882  loss_bbox: 0.2120  loss_mask: 0.0935
2026/08/08 22:09:58 - mmengine - INFO - Epoch(train)  [77][20/68]  base_lr: 6.0857e-05 lr: 6.0857e-05  eta: 0:09:16  time: 0.3358  data_time: 0.1284  memory: 601  grad_norm: 12.5847  loss: 0.3893  loss_cls: 0.0877  loss_bbox: 0.2097  loss_mask: 0.0920
2026/08/08 22:10:01 - mmengine - INFO - Epoch(train)  [77][30/68]  base_lr: 6.0310e-05 lr: 6.0310e-05  eta: 0:09:12  time: 0.3342  data_time: 0.1256  memory: 603  grad_norm: 12.3588  loss: 0.3956  loss_cls: 0.0903  loss_bbox: 0.2108  loss_mask: 0.0945
2026/08/08 22:10:04 - mmengine - INFO - Epoch(train)  [77][40/68]  base_lr: 5.9764e-05 lr: 5.9764e-05  eta: 0:09:09  time: 0.3302  data_time: 0.1233  memory: 602  grad_norm: 12.6444  loss: 0.4021  loss_cls: 0.0932  loss_bbox: 0.2133  loss_mask: 0.0955
2026/08/08 22:10:08 - mmengine - INFO - Epoch(train)  [77][50/68]  base_lr: 5.9219e-05 lr: 5.9219e-05  eta: 0:09:05  time: 0.3325  data_time: 0.1232  memory: 601  grad_norm: 12.0601  loss: 0.3948  loss_cls: 0.0948  loss_bbox: 0.2063  loss_mask: 0.0936
2026/08/08 22:10:11 - mmengine - INFO - Epoch(train)  [77][60/68]  base_lr: 5.8673e-05 lr: 5.8673e-05  eta: 0:09:02  time: 0.3301  data_time: 0.1196  memory: 601  grad_norm: 12.7948  loss: 0.3909  loss_cls: 0.0931  loss_bbox: 0.2064  loss_mask: 0.0915
2026/08/08 22:10:13 - mmengine - INFO - Exp name: rtmdet_ins_busi_20260808_212745
2026/08/08 22:10:13 - mmengine - INFO - Saving checkpoint at 77 epochs
2026/08/08 22:10:16 - mmengine - INFO - Epoch(val)  [77][ 10/116]    eta: 0:00:04  time: 0.0384  data_time: 0.0064  memory: 602  
2026/08/08 22:10:16 - mmengine - INFO - Epoch(val)  [77][ 20/116]    eta: 0:00:03  time: 0.0385  data_time: 0.0064  memory: 110  
2026/08/08 22:10:17 - mmengine - INFO - Epoch(val)  [77][ 30/116]    eta: 0:00:03  time: 0.0378  data_time: 0.0060  memory: 109  
2026/08/08 22:10:17 - mmengine - INFO - Epoch(val)  [77][ 40/116]    eta: 0:00:02  time: 0.0375  data_time: 0.0065  memory: 137  
2026/08/08 22:10:17 - mmengine - INFO - Epoch(val)  [77][ 50/116]    eta: 0:00:02  time: 0.0365  data_time: 0.0056  memory: 153  
2026/08/08 22:10:18 - mmengine - INFO - Epoch(val)  [77][ 60/116]    eta: 0:00:02  time: 0.0373  data_time: 0.0052  memory: 112  
2026/08/08 22:10:18 - mmengine - INFO - Epoch(val)  [77][ 70/116]    eta: 0:00:01  time: 0.0375  data_time: 0.0046  memory: 117  
2026/08/08 22:10:18 - mmengine - INFO - Epoch(val)  [77][ 80/116]    eta: 0:00:01  time: 0.0388  data_time: 0.0049  memory: 116  
2026/08/08 22:10:19 - mmengine - INFO - Epoch(val)  [77][ 90/116]    eta: 0:00:00  time: 0.0403  data_time: 0.0045  memory: 129  
2026/08/08 22:10:19 - mmengine - INFO - Epoch(val)  [77][100/116]    eta: 0:00:00  time: 0.0399  data_time: 0.0051  memory: 135  
2026/08/08 22:10:20 - mmengine - INFO - Epoch(val)  [77][110/116]    eta: 0:00:00  time: 0.0390  data_time: 0.0043  memory: 118  
2026/08/08 22:10:20 - mmengine - INFO - Evaluating bbox...
2026/08/08 22:10:20 - mmengine - INFO - bbox_mAP_copypaste: 0.611 0.891 0.708 0.000 0.694 0.576
2026/08/08 22:10:20 - mmengine - INFO - Evaluating segm...
2026/08/08 22:10:20 - mmengine - INFO - segm_mAP_copypaste: 0.610 0.881 0.673 0.000 0.714 0.565
2026/08/08 22:10:22 - mmengine - INFO - val kayip: val_kayip_cls 0.3646  val_kayip_bbox 0.2584  val_kayip_mask 0.1287  val_kayip 0.7517
2026/08/08 22:10:22 - mmengine - INFO - Epoch(val) [77][116/116]    busi/dice_tum: 0.8168  busi/dice_lezyonlu: 0.7890  busi/bos_dogru: 19  busi/esik: 0.5000  val_kayip_cls: 0.3646  val_kayip_bbox: 0.2584  val_kayip_mask: 0.1287  val_kayip: 0.7517  coco/bbox_mAP: 0.6110  coco/bbox_mAP_50: 0.8910  coco/bbox_mAP_75: 0.7080  coco/bbox_mAP_s: 0.0000  coco/bbox_mAP_m: 0.6940  coco/bbox_mAP_l: 0.5760  coco/segm_mAP: 0.6100  coco/segm_mAP_50: 0.8810  coco/segm_mAP_75: 0.6730  coco/segm_mAP_s: 0.0000  coco/segm_mAP_m: 0.7140  coco/segm_mAP_l: 0.5650  data_time: 0.0049  time: 0.0382
2026/08/08 22:10:25 - mmengine - INFO - Epoch(train)  [78][10/68]  base_lr: 5.7694e-05 lr: 5.7694e-05  eta: 0:08:55  time: 0.3251  data_time: 0.1166  memory: 605  grad_norm: 12.9463  loss: 0.3682  loss_cls: 0.0813  loss_bbox: 0.1992  loss_mask: 0.0877
2026/08/08 22:10:29 - mmengine - INFO - Epoch(train)  [78][20/68]  base_lr: 5.7150e-05 lr: 5.7150e-05  eta: 0:08:52  time: 0.3284  data_time: 0.1187  memory: 602  grad_norm: 13.4134  loss: 0.3712  loss_cls: 0.0854  loss_bbox: 0.1996  loss_mask: 0.0863
2026/08/08 22:10:32 - mmengine - INFO - Epoch(train)  [78][30/68]  base_lr: 5.6608e-05 lr: 5.6608e-05  eta: 0:08:48  time: 0.3288  data_time: 0.1197  memory: 601  grad_norm: 13.7637  loss: 0.3815  loss_cls: 0.0861  loss_bbox: 0.2066  loss_mask: 0.0888
2026/08/08 22:10:35 - mmengine - INFO - Epoch(train)  [78][40/68]  base_lr: 5.6066e-05 lr: 5.6066e-05  eta: 0:08:45  time: 0.3252  data_time: 0.1176  memory: 599  grad_norm: 13.5501  loss: 0.3931  loss_cls: 0.0907  loss_bbox: 0.2129  loss_mask: 0.0896
2026/08/08 22:10:38 - mmengine - INFO - Epoch(train)  [78][50/68]  base_lr: 5.5525e-05 lr: 5.5525e-05  eta: 0:08:41  time: 0.3300  data_time: 0.1220  memory: 601  grad_norm: 13.2762  loss: 0.3915  loss_cls: 0.0889  loss_bbox: 0.2123  loss_mask: 0.0903
2026/08/08 22:10:42 - mmengine - INFO - Epoch(train)  [78][60/68]  base_lr: 5.4985e-05 lr: 5.4985e-05  eta: 0:08:38  time: 0.3358  data_time: 0.1265  memory: 605  grad_norm: 13.5534  loss: 0.3929  loss_cls: 0.0902  loss_bbox: 0.2136  loss_mask: 0.0891
2026/08/08 22:10:45 - mmengine - INFO - Exp name: rtmdet_ins_busi_20260808_212745
2026/08/08 22:10:45 - mmengine - INFO - Saving checkpoint at 78 epochs
2026/08/08 22:10:47 - mmengine - INFO - Epoch(val)  [78][ 10/116]    eta: 0:00:04  time: 0.0398  data_time: 0.0040  memory: 603  
2026/08/08 22:10:47 - mmengine - INFO - Epoch(val)  [78][ 20/116]    eta: 0:00:03  time: 0.0379  data_time: 0.0033  memory: 113  
2026/08/08 22:10:48 - mmengine - INFO - Epoch(val)  [78][ 30/116]    eta: 0:00:02  time: 0.0361  data_time: 0.0035  memory: 109  
2026/08/08 22:10:48 - mmengine - INFO - Epoch(val)  [78][ 40/116]    eta: 0:00:02  time: 0.0362  data_time: 0.0034  memory: 143  
2026/08/08 22:10:48 - mmengine - INFO - Epoch(val)  [78][ 50/116]    eta: 0:00:02  time: 0.0360  data_time: 0.0035  memory: 141  
2026/08/08 22:10:49 - mmengine - INFO - Epoch(val)  [78][ 60/116]    eta: 0:00:02  time: 0.0359  data_time: 0.0043  memory: 107  
2026/08/08 22:10:49 - mmengine - INFO - Epoch(val)  [78][ 70/116]    eta: 0:00:01  time: 0.0372  data_time: 0.0056  memory: 111  
2026/08/08 22:10:50 - mmengine - INFO - Epoch(val)  [78][ 80/116]    eta: 0:00:01  time: 0.0385  data_time: 0.0048  memory: 112  
2026/08/08 22:10:50 - mmengine - INFO - Epoch(val)  [78][ 90/116]    eta: 0:00:00  time: 0.0403  data_time: 0.0058  memory: 126  
2026/08/08 22:10:50 - mmengine - INFO - Epoch(val)  [78][100/116]    eta: 0:00:00  time: 0.0404  data_time: 0.0059  memory: 121  
2026/08/08 22:10:51 - mmengine - INFO - Epoch(val)  [78][110/116]    eta: 0:00:00  time: 0.0399  data_time: 0.0066  memory: 118  
2026/08/08 22:10:51 - mmengine - INFO - Evaluating bbox...
2026/08/08 22:10:51 - mmengine - INFO - bbox_mAP_copypaste: 0.612 0.888 0.740 0.000 0.702 0.571
2026/08/08 22:10:51 - mmengine - INFO - Evaluating segm...
2026/08/08 22:10:51 - mmengine - INFO - segm_mAP_copypaste: 0.611 0.874 0.703 0.000 0.711 0.568
2026/08/08 22:10:53 - mmengine - INFO - val kayip: val_kayip_cls 0.3016  val_kayip_bbox 0.2526  val_kayip_mask 0.1269  val_kayip 0.6811
2026/08/08 22:10:53 - mmengine - INFO - Epoch(val) [78][116/116]    busi/dice_tum: 0.8198  busi/dice_lezyonlu: 0.7823  busi/bos_dogru: 20  busi/esik: 0.5000  val_kayip_cls: 0.3016  val_kayip_bbox: 0.2526  val_kayip_mask: 0.1269  val_kayip: 0.6811  coco/bbox_mAP: 0.6120  coco/bbox_mAP_50: 0.8880  coco/bbox_mAP_75: 0.7400  coco/bbox_mAP_s: 0.0000  coco/bbox_mAP_m: 0.7020  coco/bbox_mAP_l: 0.5710  coco/segm_mAP: 0.6110  coco/segm_mAP_50: 0.8740  coco/segm_mAP_75: 0.7030  coco/segm_mAP_s: 0.0000  coco/segm_mAP_m: 0.7110  coco/segm_mAP_l: 0.5680  data_time: 0.0053  time: 0.0379
2026/08/08 22:10:56 - mmengine - INFO - Epoch(train)  [79][10/68]  base_lr: 5.4015e-05 lr: 5.4015e-05  eta: 0:08:32  time: 0.3335  data_time: 0.1257  memory: 601  grad_norm: 12.7448  loss: 0.3868  loss_cls: 0.0863  loss_bbox: 0.2109  loss_mask: 0.0896
2026/08/08 22:11:00 - mmengine - INFO - Epoch(train)  [79][20/68]  base_lr: 5.3477e-05 lr: 5.3477e-05  eta: 0:08:28  time: 0.3331  data_time: 0.1248  memory: 603  grad_norm: 13.0095  loss: 0.3756  loss_cls: 0.0838  loss_bbox: 0.2040  loss_mask: 0.0879
2026/08/08 22:11:03 - mmengine - INFO - Epoch(train)  [79][30/68]  base_lr: 5.2941e-05 lr: 5.2941e-05  eta: 0:08:25  time: 0.3340  data_time: 0.1236  memory: 602  grad_norm: 12.6667  loss: 0.3748  loss_cls: 0.0836  loss_bbox: 0.2034  loss_mask: 0.0879
2026/08/08 22:11:06 - mmengine - INFO - Epoch(train)  [79][40/68]  base_lr: 5.2405e-05 lr: 5.2405e-05  eta: 0:08:21  time: 0.3295  data_time: 0.1187  memory: 604  grad_norm: 12.5859  loss: 0.3832  loss_cls: 0.0890  loss_bbox: 0.2059  loss_mask: 0.0883
2026/08/08 22:11:10 - mmengine - INFO - Epoch(train)  [79][50/68]  base_lr: 5.1871e-05 lr: 5.1871e-05  eta: 0:08:18  time: 0.3310  data_time: 0.1193  memory: 601  grad_norm: 12.3261  loss: 0.3883  loss_cls: 0.0920  loss_bbox: 0.2055  loss_mask: 0.0908
2026/08/08 22:11:13 - mmengine - INFO - Epoch(train)  [79][60/68]  base_lr: 5.1338e-05 lr: 5.1338e-05  eta: 0:08:14  time: 0.3290  data_time: 0.1165  memory: 601  grad_norm: 12.2928  loss: 0.3788  loss_cls: 0.0904  loss_bbox: 0.2004  loss_mask: 0.0880
2026/08/08 22:11:16 - mmengine - INFO - Exp name: rtmdet_ins_busi_20260808_212745
2026/08/08 22:11:16 - mmengine - INFO - Saving checkpoint at 79 epochs
2026/08/08 22:11:18 - mmengine - INFO - Epoch(val)  [79][ 10/116]    eta: 0:00:03  time: 0.0388  data_time: 0.0063  memory: 602  
2026/08/08 22:11:18 - mmengine - INFO - Epoch(val)  [79][ 20/116]    eta: 0:00:03  time: 0.0371  data_time: 0.0063  memory: 118  
2026/08/08 22:11:19 - mmengine - INFO - Epoch(val)  [79][ 30/116]    eta: 0:00:02  time: 0.0352  data_time: 0.0060  memory: 109  
2026/08/08 22:11:19 - mmengine - INFO - Epoch(val)  [79][ 40/116]    eta: 0:00:02  time: 0.0349  data_time: 0.0059  memory: 139  
2026/08/08 22:11:19 - mmengine - INFO - Epoch(val)  [79][ 50/116]    eta: 0:00:02  time: 0.0355  data_time: 0.0046  memory: 141  
2026/08/08 22:11:20 - mmengine - INFO - Epoch(val)  [79][ 60/116]    eta: 0:00:02  time: 0.0361  data_time: 0.0048  memory: 112  
2026/08/08 22:11:20 - mmengine - INFO - Epoch(val)  [79][ 70/116]    eta: 0:00:01  time: 0.0363  data_time: 0.0041  memory: 114  
2026/08/08 22:11:20 - mmengine - INFO - Epoch(val)  [79][ 80/116]    eta: 0:00:01  time: 0.0373  data_time: 0.0045  memory: 115  
2026/08/08 22:11:21 - mmengine - INFO - Epoch(val)  [79][ 90/116]    eta: 0:00:00  time: 0.0386  data_time: 0.0042  memory: 126  
2026/08/08 22:11:21 - mmengine - INFO - Epoch(val)  [79][100/116]    eta: 0:00:00  time: 0.0383  data_time: 0.0042  memory: 130  
2026/08/08 22:11:22 - mmengine - INFO - Epoch(val)  [79][110/116]    eta: 0:00:00  time: 0.0376  data_time: 0.0035  memory: 114  
2026/08/08 22:11:22 - mmengine - INFO - Evaluating bbox...
2026/08/08 22:11:22 - mmengine - INFO - bbox_mAP_copypaste: 0.620 0.893 0.734 0.000 0.710 0.577
2026/08/08 22:11:22 - mmengine - INFO - Evaluating segm...
2026/08/08 22:11:22 - mmengine - INFO - segm_mAP_copypaste: 0.618 0.884 0.703 0.000 0.711 0.575
2026/08/08 22:11:24 - mmengine - INFO - val kayip: val_kayip_cls 0.3043  val_kayip_bbox 0.2575  val_kayip_mask 0.1295  val_kayip 0.6913
2026/08/08 22:11:24 - mmengine - INFO - Epoch(val) [79][116/116]    busi/dice_tum: 0.8160  busi/dice_lezyonlu: 0.7776  busi/bos_dogru: 20  busi/esik: 0.4000  val_kayip_cls: 0.3043  val_kayip_bbox: 0.2575  val_kayip_mask: 0.1295  val_kayip: 0.6913  coco/bbox_mAP: 0.6200  coco/bbox_mAP_50: 0.8930  coco/bbox_mAP_75: 0.7340  coco/bbox_mAP_s: 0.0000  coco/bbox_mAP_m: 0.7100  coco/bbox_mAP_l: 0.5770  coco/segm_mAP: 0.6180  coco/segm_mAP_50: 0.8840  coco/segm_mAP_75: 0.7030  coco/segm_mAP_s: 0.0000  coco/segm_mAP_m: 0.7110  coco/segm_mAP_l: 0.5750  data_time: 0.0041  time: 0.0367
2026/08/08 22:11:27 - mmengine - INFO - Epoch(train)  [80][10/68]  base_lr: 5.0381e-05 lr: 5.0381e-05  eta: 0:08:08  time: 0.3349  data_time: 0.1218  memory: 601  grad_norm: 12.0049  loss: 0.3899  loss_cls: 0.0911  loss_bbox: 0.2073  loss_mask: 0.0915
2026/08/08 22:11:31 - mmengine - INFO - Epoch(train)  [80][20/68]  base_lr: 4.9852e-05 lr: 4.9852e-05  eta: 0:08:05  time: 0.3303  data_time: 0.1197  memory: 602  grad_norm: 11.7586  loss: 0.3874  loss_cls: 0.0871  loss_bbox: 0.2083  loss_mask: 0.0920
2026/08/08 22:11:34 - mmengine - INFO - Epoch(train)  [80][30/68]  base_lr: 4.9323e-05 lr: 4.9323e-05  eta: 0:08:01  time: 0.3316  data_time: 0.1193  memory: 601  grad_norm: 11.7664  loss: 0.3797  loss_cls: 0.0803  loss_bbox: 0.2067  loss_mask: 0.0927
2026/08/08 22:11:37 - mmengine - INFO - Epoch(train)  [80][40/68]  base_lr: 4.8797e-05 lr: 4.8797e-05  eta: 0:07:58  time: 0.3332  data_time: 0.1208  memory: 602  grad_norm: 11.6144  loss: 0.3777  loss_cls: 0.0795  loss_bbox: 0.2060  loss_mask: 0.0921
2026/08/08 22:11:41 - mmengine - INFO - Epoch(train)  [80][50/68]  base_lr: 4.8271e-05 lr: 4.8271e-05  eta: 0:07:54  time: 0.3391  data_time: 0.1250  memory: 601  grad_norm: 12.1824  loss: 0.3684  loss_cls: 0.0807  loss_bbox: 0.1986  loss_mask: 0.0892
2026/08/08 22:11:44 - mmengine - INFO - Epoch(train)  [80][60/68]  base_lr: 4.7747e-05 lr: 4.7747e-05  eta: 0:07:51  time: 0.3417  data_time: 0.1274  memory: 601  grad_norm: 12.4535  loss: 0.3715  loss_cls: 0.0812  loss_bbox: 0.2000  loss_mask: 0.0903
2026/08/08 22:11:47 - mmengine - INFO - Exp name: rtmdet_ins_busi_20260808_212745
2026/08/08 22:11:47 - mmengine - INFO - Saving checkpoint at 80 epochs
2026/08/08 22:11:49 - mmengine - INFO - Epoch(val)  [80][ 10/116]    eta: 0:00:04  time: 0.0384  data_time: 0.0035  memory: 604  
2026/08/08 22:11:49 - mmengine - INFO - Epoch(val)  [80][ 20/116]    eta: 0:00:03  time: 0.0374  data_time: 0.0030  memory: 113  
2026/08/08 22:11:50 - mmengine - INFO - Epoch(val)  [80][ 30/116]    eta: 0:00:03  time: 0.0357  data_time: 0.0031  memory: 109  
2026/08/08 22:11:50 - mmengine - INFO - Epoch(val)  [80][ 40/116]    eta: 0:00:02  time: 0.0350  data_time: 0.0029  memory: 122  
2026/08/08 22:11:50 - mmengine - INFO - Epoch(val)  [80][ 50/116]    eta: 0:00:02  time: 0.0359  data_time: 0.0043  memory: 147  
2026/08/08 22:11:51 - mmengine - INFO - Epoch(val)  [80][ 60/116]    eta: 0:00:02  time: 0.0359  data_time: 0.0050  memory: 112  
2026/08/08 22:11:51 - mmengine - INFO - Epoch(val)  [80][ 70/116]    eta: 0:00:01  time: 0.0356  data_time: 0.0051  memory: 111  
2026/08/08 22:11:52 - mmengine - INFO - Epoch(val)  [80][ 80/116]    eta: 0:00:01  time: 0.0365  data_time: 0.0050  memory: 112  
2026/08/08 22:11:52 - mmengine - INFO - Epoch(val)  [80][ 90/116]    eta: 0:00:00  time: 0.0378  data_time: 0.0065  memory: 138  
2026/08/08 22:11:52 - mmengine - INFO - Epoch(val)  [80][100/116]    eta: 0:00:00  time: 0.0379  data_time: 0.0056  memory: 140  
2026/08/08 22:11:53 - mmengine - INFO - Epoch(val)  [80][110/116]    eta: 0:00:00  time: 0.0382  data_time: 0.0059  memory: 118  
2026/08/08 22:11:53 - mmengine - INFO - Evaluating bbox...
2026/08/08 22:11:53 - mmengine - INFO - bbox_mAP_copypaste: 0.611 0.888 0.713 0.000 0.691 0.570
2026/08/08 22:11:53 - mmengine - INFO - Evaluating segm...
2026/08/08 22:11:53 - mmengine - INFO - segm_mAP_copypaste: 0.617 0.877 0.737 0.000 0.713 0.571
2026/08/08 22:11:55 - mmengine - INFO - val kayip: val_kayip_cls 0.2774  val_kayip_bbox 0.2608  val_kayip_mask 0.1307  val_kayip 0.6689
2026/08/08 22:11:55 - mmengine - INFO - Epoch(val) [80][116/116]    busi/dice_tum: 0.8168  busi/dice_lezyonlu: 0.7786  busi/bos_dogru: 20  busi/esik: 0.4000  val_kayip_cls: 0.2774  val_kayip_bbox: 0.2608  val_kayip_mask: 0.1307  val_kayip: 0.6689  coco/bbox_mAP: 0.6110  coco/bbox_mAP_50: 0.8880  coco/bbox_mAP_75: 0.7130  coco/bbox_mAP_s: 0.0000  coco/bbox_mAP_m: 0.6910  coco/bbox_mAP_l: 0.5700  coco/segm_mAP: 0.6170  coco/segm_mAP_50: 0.8770  coco/segm_mAP_75: 0.7370  coco/segm_mAP_s: 0.0000  coco/segm_mAP_m: 0.7130  coco/segm_mAP_l: 0.5710  data_time: 0.0051  time: 0.0371
2026/08/08 22:11:58 - mmengine - INFO - Epoch(train)  [81][10/68]  base_lr: 4.6808e-05 lr: 4.6808e-05  eta: 0:07:44  time: 0.3344  data_time: 0.1243  memory: 601  grad_norm: 12.9754  loss: 0.3730  loss_cls: 0.0841  loss_bbox: 0.2013  loss_mask: 0.0876
2026/08/08 22:12:02 - mmengine - INFO - Epoch(train)  [81][20/68]  base_lr: 4.6289e-05 lr: 4.6289e-05  eta: 0:07:41  time: 0.3331  data_time: 0.1240  memory: 602  grad_norm: 12.7120  loss: 0.3632  loss_cls: 0.0770  loss_bbox: 0.1985  loss_mask: 0.0878
2026/08/08 22:12:05 - mmengine - INFO - Epoch(train)  [81][30/68]  base_lr: 4.5771e-05 lr: 4.5771e-05  eta: 0:07:37  time: 0.3319  data_time: 0.1213  memory: 602  grad_norm: 11.9462  loss: 0.3715  loss_cls: 0.0771  loss_bbox: 0.2047  loss_mask: 0.0898
2026/08/08 22:12:08 - mmengine - INFO - Epoch(train)  [81][40/68]  base_lr: 4.5255e-05 lr: 4.5255e-05  eta: 0:07:34  time: 0.3255  data_time: 0.1174  memory: 601  grad_norm: 12.1291  loss: 0.3721  loss_cls: 0.0768  loss_bbox: 0.2074  loss_mask: 0.0879
2026/08/08 22:12:12 - mmengine - INFO - Epoch(train)  [81][50/68]  base_lr: 4.4740e-05 lr: 4.4740e-05  eta: 0:07:31  time: 0.3335  data_time: 0.1232  memory: 601  grad_norm: 12.1586  loss: 0.3720  loss_cls: 0.0750  loss_bbox: 0.2097  loss_mask: 0.0873
2026/08/08 22:12:15 - mmengine - INFO - Epoch(train)  [81][60/68]  base_lr: 4.4227e-05 lr: 4.4227e-05  eta: 0:07:27  time: 0.3399  data_time: 0.1276  memory: 601  grad_norm: 11.5885  loss: 0.3713  loss_cls: 0.0738  loss_bbox: 0.2085  loss_mask: 0.0890
2026/08/08 22:12:18 - mmengine - INFO - Exp name: rtmdet_ins_busi_20260808_212745
2026/08/08 22:12:18 - mmengine - INFO - Saving checkpoint at 81 epochs
2026/08/08 22:12:20 - mmengine - INFO - Epoch(val)  [81][ 10/116]    eta: 0:00:03  time: 0.0393  data_time: 0.0059  memory: 601  
2026/08/08 22:12:21 - mmengine - INFO - Epoch(val)  [81][ 20/116]    eta: 0:00:03  time: 0.0390  data_time: 0.0051  memory: 112  
2026/08/08 22:12:21 - mmengine - INFO - Epoch(val)  [81][ 30/116]    eta: 0:00:03  time: 0.0367  data_time: 0.0044  memory: 110  
2026/08/08 22:12:21 - mmengine - INFO - Epoch(val)  [81][ 40/116]    eta: 0:00:02  time: 0.0365  data_time: 0.0040  memory: 132  
2026/08/08 22:12:22 - mmengine - INFO - Epoch(val)  [81][ 50/116]    eta: 0:00:02  time: 0.0370  data_time: 0.0040  memory: 153  
2026/08/08 22:12:22 - mmengine - INFO - Epoch(val)  [81][ 60/116]    eta: 0:00:02  time: 0.0380  data_time: 0.0048  memory: 107  
2026/08/08 22:12:23 - mmengine - INFO - Epoch(val)  [81][ 70/116]    eta: 0:00:01  time: 0.0385  data_time: 0.0052  memory: 107  
2026/08/08 22:12:23 - mmengine - INFO - Epoch(val)  [81][ 80/116]    eta: 0:00:01  time: 0.0402  data_time: 0.0053  memory: 115  
2026/08/08 22:12:24 - mmengine - INFO - Epoch(val)  [81][ 90/116]    eta: 0:00:01  time: 0.0412  data_time: 0.0056  memory: 138  
2026/08/08 22:12:24 - mmengine - INFO - Epoch(val)  [81][100/116]    eta: 0:00:00  time: 0.0400  data_time: 0.0054  memory: 140  
2026/08/08 22:12:24 - mmengine - INFO - Epoch(val)  [81][110/116]    eta: 0:00:00  time: 0.0394  data_time: 0.0049  memory: 110  
2026/08/08 22:12:25 - mmengine - INFO - Evaluating bbox...
2026/08/08 22:12:25 - mmengine - INFO - bbox_mAP_copypaste: 0.608 0.880 0.694 0.000 0.699 0.564
2026/08/08 22:12:25 - mmengine - INFO - Evaluating segm...
2026/08/08 22:12:25 - mmengine - INFO - segm_mAP_copypaste: 0.611 0.873 0.724 0.000 0.695 0.571
2026/08/08 22:12:26 - mmengine - INFO - val kayip: val_kayip_cls 0.2969  val_kayip_bbox 0.2532  val_kayip_mask 0.1271  val_kayip 0.6772
2026/08/08 22:12:26 - mmengine - INFO - Epoch(val) [81][116/116]    busi/dice_tum: 0.8164  busi/dice_lezyonlu: 0.7781  busi/bos_dogru: 20  busi/esik: 0.4000  val_kayip_cls: 0.2969  val_kayip_bbox: 0.2532  val_kayip_mask: 0.1271  val_kayip: 0.6772  coco/bbox_mAP: 0.6080  coco/bbox_mAP_50: 0.8800  coco/bbox_mAP_75: 0.6940  coco/bbox_mAP_s: 0.0000  coco/bbox_mAP_m: 0.6990  coco/bbox_mAP_l: 0.5640  coco/segm_mAP: 0.6110  coco/segm_mAP_50: 0.8730  coco/segm_mAP_75: 0.7240  coco/segm_mAP_s: 0.0000  coco/segm_mAP_m: 0.6950  coco/segm_mAP_l: 0.5710  data_time: 0.0046  time: 0.0386
2026/08/08 22:12:30 - mmengine - INFO - Epoch(train)  [82][10/68]  base_lr: 4.3309e-05 lr: 4.3309e-05  eta: 0:07:21  time: 0.3402  data_time: 0.1291  memory: 601  grad_norm: 12.1075  loss: 0.3671  loss_cls: 0.0730  loss_bbox: 0.2081  loss_mask: 0.0859
2026/08/08 22:12:34 - mmengine - INFO - Epoch(train)  [82][20/68]  base_lr: 4.2802e-05 lr: 4.2802e-05  eta: 0:07:18  time: 0.3519  data_time: 0.1350  memory: 601  grad_norm: 12.1205  loss: 0.3648  loss_cls: 0.0696  loss_bbox: 0.2075  loss_mask: 0.0877
2026/08/08 22:12:38 - mmengine - INFO - Epoch(train)  [82][30/68]  base_lr: 4.2296e-05 lr: 4.2296e-05  eta: 0:07:14  time: 0.3583  data_time: 0.1379  memory: 603  grad_norm: 12.1581  loss: 0.3576  loss_cls: 0.0691  loss_bbox: 0.2004  loss_mask: 0.0881
2026/08/08 22:12:41 - mmengine - INFO - Epoch(train)  [82][40/68]  base_lr: 4.1793e-05 lr: 4.1793e-05  eta: 0:07:11  time: 0.3521  data_time: 0.1337  memory: 602  grad_norm: 12.5155  loss: 0.3716  loss_cls: 0.0777  loss_bbox: 0.2049  loss_mask: 0.0891
2026/08/08 22:12:44 - mmengine - INFO - Epoch(train)  [82][50/68]  base_lr: 4.1291e-05 lr: 4.1291e-05  eta: 0:07:07  time: 0.3533  data_time: 0.1312  memory: 602  grad_norm: 12.3485  loss: 0.3720  loss_cls: 0.0793  loss_bbox: 0.2030  loss_mask: 0.0898
2026/08/08 22:12:48 - mmengine - INFO - Epoch(train)  [82][60/68]  base_lr: 4.0792e-05 lr: 4.0792e-05  eta: 0:07:04  time: 0.3526  data_time: 0.1325  memory: 599  grad_norm: 12.9177  loss: 0.3733  loss_cls: 0.0829  loss_bbox: 0.2012  loss_mask: 0.0892
2026/08/08 22:12:50 - mmengine - INFO - Exp name: rtmdet_ins_busi_20260808_212745
2026/08/08 22:12:50 - mmengine - INFO - Saving checkpoint at 82 epochs
2026/08/08 22:12:52 - mmengine - INFO - Epoch(val)  [82][ 10/116]    eta: 0:00:03  time: 0.0379  data_time: 0.0042  memory: 601  
2026/08/08 22:12:53 - mmengine - INFO - Epoch(val)  [82][ 20/116]    eta: 0:00:03  time: 0.0373  data_time: 0.0041  memory: 108  
2026/08/08 22:12:53 - mmengine - INFO - Epoch(val)  [82][ 30/116]    eta: 0:00:02  time: 0.0356  data_time: 0.0037  memory: 107  
2026/08/08 22:12:53 - mmengine - INFO - Epoch(val)  [82][ 40/116]    eta: 0:00:02  time: 0.0345  data_time: 0.0042  memory: 137  
2026/08/08 22:12:54 - mmengine - INFO - Epoch(val)  [82][ 50/116]    eta: 0:00:02  time: 0.0340  data_time: 0.0042  memory: 135  
2026/08/08 22:12:54 - mmengine - INFO - Epoch(val)  [82][ 60/116]    eta: 0:00:01  time: 0.0345  data_time: 0.0047  memory: 107  
2026/08/08 22:12:55 - mmengine - INFO - Epoch(val)  [82][ 70/116]    eta: 0:00:01  time: 0.0344  data_time: 0.0052  memory: 110  
2026/08/08 22:12:55 - mmengine - INFO - Epoch(val)  [82][ 80/116]    eta: 0:00:01  time: 0.0350  data_time: 0.0051  memory: 112  
2026/08/08 22:12:55 - mmengine - INFO - Epoch(val)  [82][ 90/116]    eta: 0:00:00  time: 0.0369  data_time: 0.0050  memory: 138  
2026/08/08 22:12:56 - mmengine - INFO - Epoch(val)  [82][100/116]    eta: 0:00:00  time: 0.0364  data_time: 0.0051  memory: 135  
2026/08/08 22:12:56 - mmengine - INFO - Epoch(val)  [82][110/116]    eta: 0:00:00  time: 0.0363  data_time: 0.0051  memory: 111  
2026/08/08 22:12:56 - mmengine - INFO - Evaluating bbox...
2026/08/08 22:12:56 - mmengine - INFO - bbox_mAP_copypaste: 0.611 0.881 0.707 0.000 0.704 0.569
2026/08/08 22:12:56 - mmengine - INFO - Evaluating segm...
2026/08/08 22:12:56 - mmengine - INFO - segm_mAP_copypaste: 0.612 0.874 0.712 0.000 0.708 0.570
2026/08/08 22:12:58 - mmengine - INFO - val kayip: val_kayip_cls 0.2936  val_kayip_bbox 0.2587  val_kayip_mask 0.1299  val_kayip 0.6823
2026/08/08 22:12:58 - mmengine - INFO - Epoch(val) [82][116/116]    busi/dice_tum: 0.8151  busi/dice_lezyonlu: 0.7765  busi/bos_dogru: 20  busi/esik: 0.4000  val_kayip_cls: 0.2936  val_kayip_bbox: 0.2587  val_kayip_mask: 0.1299  val_kayip: 0.6823  coco/bbox_mAP: 0.6110  coco/bbox_mAP_50: 0.8810  coco/bbox_mAP_75: 0.7070  coco/bbox_mAP_s: 0.0000  coco/bbox_mAP_m: 0.7040  coco/bbox_mAP_l: 0.5690  coco/segm_mAP: 0.6120  coco/segm_mAP_50: 0.8740  coco/segm_mAP_75: 0.7120  coco/segm_mAP_s: 0.0000  coco/segm_mAP_m: 0.7080  coco/segm_mAP_l: 0.5700  data_time: 0.0050  time: 0.0352
2026/08/08 22:13:01 - mmengine - INFO - Epoch(train)  [83][10/68]  base_lr: 3.9898e-05 lr: 3.9898e-05  eta: 0:06:57  time: 0.3298  data_time: 0.1193  memory: 601  grad_norm: 12.5340  loss: 0.3828  loss_cls: 0.0875  loss_bbox: 0.2044  loss_mask: 0.0909
2026/08/08 22:13:04 - mmengine - INFO - Epoch(train)  [83][20/68]  base_lr: 3.9405e-05 lr: 3.9405e-05  eta: 0:06:54  time: 0.3314  data_time: 0.1229  memory: 599  grad_norm: 12.5030  loss: 0.3840  loss_cls: 0.0868  loss_bbox: 0.2058  loss_mask: 0.0914
2026/08/08 22:13:08 - mmengine - INFO - Epoch(train)  [83][30/68]  base_lr: 3.8914e-05 lr: 3.8914e-05  eta: 0:06:51  time: 0.3305  data_time: 0.1244  memory: 604  grad_norm: 12.5323  loss: 0.3793  loss_cls: 0.0825  loss_bbox: 0.2043  loss_mask: 0.0925
2026/08/08 22:13:11 - mmengine - INFO - Epoch(train)  [83][40/68]  base_lr: 3.8425e-05 lr: 3.8425e-05  eta: 0:06:47  time: 0.3323  data_time: 0.1281  memory: 602  grad_norm: 12.1607  loss: 0.3777  loss_cls: 0.0806  loss_bbox: 0.2041  loss_mask: 0.0930
2026/08/08 22:13:15 - mmengine - INFO - Epoch(train)  [83][50/68]  base_lr: 3.7939e-05 lr: 3.7939e-05  eta: 0:06:44  time: 0.3337  data_time: 0.1287  memory: 602  grad_norm: 11.7318  loss: 0.3751  loss_cls: 0.0838  loss_bbox: 0.2008  loss_mask: 0.0905
2026/08/08 22:13:18 - mmengine - INFO - Epoch(train)  [83][60/68]  base_lr: 3.7455e-05 lr: 3.7455e-05  eta: 0:06:40  time: 0.3413  data_time: 0.1328  memory: 601  grad_norm: 11.7358  loss: 0.3757  loss_cls: 0.0841  loss_bbox: 0.2037  loss_mask: 0.0879
2026/08/08 22:13:21 - mmengine - INFO - Exp name: rtmdet_ins_busi_20260808_212745
2026/08/08 22:13:21 - mmengine - INFO - Saving checkpoint at 83 epochs
2026/08/08 22:13:23 - mmengine - INFO - Epoch(val)  [83][ 10/116]    eta: 0:00:03  time: 0.0371  data_time: 0.0057  memory: 602  
2026/08/08 22:13:24 - mmengine - INFO - Epoch(val)  [83][ 20/116]    eta: 0:00:03  time: 0.0369  data_time: 0.0059  memory: 110  
2026/08/08 22:13:24 - mmengine - INFO - Epoch(val)  [83][ 30/116]    eta: 0:00:02  time: 0.0351  data_time: 0.0054  memory: 109  
2026/08/08 22:13:24 - mmengine - INFO - Epoch(val)  [83][ 40/116]    eta: 0:00:02  time: 0.0356  data_time: 0.0053  memory: 143  
2026/08/08 22:13:25 - mmengine - INFO - Epoch(val)  [83][ 50/116]    eta: 0:00:02  time: 0.0360  data_time: 0.0046  memory: 135  
2026/08/08 22:13:25 - mmengine - INFO - Epoch(val)  [83][ 60/116]    eta: 0:00:02  time: 0.0362  data_time: 0.0054  memory: 112  
2026/08/08 22:13:25 - mmengine - INFO - Epoch(val)  [83][ 70/116]    eta: 0:00:01  time: 0.0366  data_time: 0.0061  memory: 108  
2026/08/08 22:13:26 - mmengine - INFO - Epoch(val)  [83][ 80/116]    eta: 0:00:01  time: 0.0375  data_time: 0.0061  memory: 118  
2026/08/08 22:13:26 - mmengine - INFO - Epoch(val)  [83][ 90/116]    eta: 0:00:00  time: 0.0379  data_time: 0.0064  memory: 145  
2026/08/08 22:13:27 - mmengine - INFO - Epoch(val)  [83][100/116]    eta: 0:00:00  time: 0.0380  data_time: 0.0066  memory: 148  
2026/08/08 22:13:27 - mmengine - INFO - Epoch(val)  [83][110/116]    eta: 0:00:00  time: 0.0385  data_time: 0.0060  memory: 112  
2026/08/08 22:13:27 - mmengine - INFO - Evaluating bbox...
2026/08/08 22:13:27 - mmengine - INFO - bbox_mAP_copypaste: 0.613 0.887 0.715 0.000 0.702 0.571
2026/08/08 22:13:27 - mmengine - INFO - Evaluating segm...
2026/08/08 22:13:27 - mmengine - INFO - segm_mAP_copypaste: 0.615 0.877 0.709 0.000 0.721 0.565
2026/08/08 22:13:29 - mmengine - INFO - val kayip: val_kayip_cls 0.3018  val_kayip_bbox 0.2545  val_kayip_mask 0.1283  val_kayip 0.6846
2026/08/08 22:13:29 - mmengine - INFO - Epoch(val) [83][116/116]    busi/dice_tum: 0.8195  busi/dice_lezyonlu: 0.7818  busi/bos_dogru: 20  busi/esik: 0.4000  val_kayip_cls: 0.3018  val_kayip_bbox: 0.2545  val_kayip_mask: 0.1283  val_kayip: 0.6846  coco/bbox_mAP: 0.6130  coco/bbox_mAP_50: 0.8870  coco/bbox_mAP_75: 0.7150  coco/bbox_mAP_s: 0.0000  coco/bbox_mAP_m: 0.7020  coco/bbox_mAP_l: 0.5710  coco/segm_mAP: 0.6150  coco/segm_mAP_50: 0.8770  coco/segm_mAP_75: 0.7090  coco/segm_mAP_s: 0.0000  coco/segm_mAP_m: 0.7210  coco/segm_mAP_l: 0.5650  data_time: 0.0054  time: 0.0372
2026/08/08 22:13:32 - mmengine - INFO - Epoch(train)  [84][10/68]  base_lr: 3.6589e-05 lr: 3.6589e-05  eta: 0:06:34  time: 0.3391  data_time: 0.1287  memory: 601  grad_norm: 11.7940  loss: 0.3700  loss_cls: 0.0826  loss_bbox: 0.2012  loss_mask: 0.0862
2026/08/08 22:13:36 - mmengine - INFO - Epoch(train)  [84][20/68]  base_lr: 3.6112e-05 lr: 3.6112e-05  eta: 0:06:30  time: 0.3321  data_time: 0.1203  memory: 601  grad_norm: 12.1209  loss: 0.3856  loss_cls: 0.0892  loss_bbox: 0.2075  loss_mask: 0.0890
2026/08/08 22:13:39 - mmengine - INFO - Epoch(train)  [84][30/68]  base_lr: 3.5637e-05 lr: 3.5637e-05  eta: 0:06:27  time: 0.3386  data_time: 0.1233  memory: 599  grad_norm: 12.4654  loss: 0.3890  loss_cls: 0.0899  loss_bbox: 0.2072  loss_mask: 0.0919
2026/08/08 22:13:43 - mmengine - INFO - Epoch(train)  [84][40/68]  base_lr: 3.5165e-05 lr: 3.5165e-05  eta: 0:06:24  time: 0.3366  data_time: 0.1230  memory: 601  grad_norm: 12.6109  loss: 0.3839  loss_cls: 0.0887  loss_bbox: 0.2040  loss_mask: 0.0912
2026/08/08 22:13:46 - mmengine - INFO - Epoch(train)  [84][50/68]  base_lr: 3.4695e-05 lr: 3.4695e-05  eta: 0:06:20  time: 0.3372  data_time: 0.1241  memory: 600  grad_norm: 12.7410  loss: 0.3700  loss_cls: 0.0841  loss_bbox: 0.1976  loss_mask: 0.0883
2026/08/08 22:13:49 - mmengine - INFO - Epoch(train)  [84][60/68]  base_lr: 3.4228e-05 lr: 3.4228e-05  eta: 0:06:17  time: 0.3389  data_time: 0.1250  memory: 602  grad_norm: 12.7682  loss: 0.3762  loss_cls: 0.0860  loss_bbox: 0.2015  loss_mask: 0.0887
2026/08/08 22:13:52 - mmengine - INFO - Exp name: rtmdet_ins_busi_20260808_212745
2026/08/08 22:13:52 - mmengine - INFO - Saving checkpoint at 84 epochs
2026/08/08 22:13:55 - mmengine - INFO - Epoch(val)  [84][ 10/116]    eta: 0:00:03  time: 0.0390  data_time: 0.0045  memory: 602  
2026/08/08 22:13:55 - mmengine - INFO - Epoch(val)  [84][ 20/116]    eta: 0:00:03  time: 0.0388  data_time: 0.0043  memory: 113  
2026/08/08 22:13:55 - mmengine - INFO - Epoch(val)  [84][ 30/116]    eta: 0:00:03  time: 0.0369  data_time: 0.0036  memory: 111  
2026/08/08 22:13:56 - mmengine - INFO - Epoch(val)  [84][ 40/116]    eta: 0:00:02  time: 0.0362  data_time: 0.0030  memory: 137  
2026/08/08 22:13:56 - mmengine - INFO - Epoch(val)  [84][ 50/116]    eta: 0:00:02  time: 0.0362  data_time: 0.0035  memory: 158  
2026/08/08 22:13:56 - mmengine - INFO - Epoch(val)  [84][ 60/116]    eta: 0:00:02  time: 0.0366  data_time: 0.0043  memory: 107  
2026/08/08 22:13:57 - mmengine - INFO - Epoch(val)  [84][ 70/116]    eta: 0:00:01  time: 0.0360  data_time: 0.0041  memory: 107  
2026/08/08 22:13:57 - mmengine - INFO - Epoch(val)  [84][ 80/116]    eta: 0:00:01  time: 0.0369  data_time: 0.0053  memory: 123  
2026/08/08 22:13:58 - mmengine - INFO - Epoch(val)  [84][ 90/116]    eta: 0:00:00  time: 0.0392  data_time: 0.0057  memory: 138  
2026/08/08 22:13:58 - mmengine - INFO - Epoch(val)  [84][100/116]    eta: 0:00:00  time: 0.0394  data_time: 0.0047  memory: 153  
2026/08/08 22:13:58 - mmengine - INFO - Epoch(val)  [84][110/116]    eta: 0:00:00  time: 0.0384  data_time: 0.0040  memory: 111  
2026/08/08 22:13:59 - mmengine - INFO - Evaluating bbox...
2026/08/08 22:13:59 - mmengine - INFO - bbox_mAP_copypaste: 0.625 0.896 0.729 0.000 0.706 0.590
2026/08/08 22:13:59 - mmengine - INFO - Evaluating segm...
2026/08/08 22:13:59 - mmengine - INFO - segm_mAP_copypaste: 0.621 0.878 0.690 0.000 0.723 0.578
2026/08/08 22:14:00 - mmengine - INFO - val kayip: val_kayip_cls 0.2988  val_kayip_bbox 0.2533  val_kayip_mask 0.1301  val_kayip 0.6822
2026/08/08 22:14:00 - mmengine - INFO - Epoch(val) [84][116/116]    busi/dice_tum: 0.8160  busi/dice_lezyonlu: 0.7776  busi/bos_dogru: 20  busi/esik: 0.5000  val_kayip_cls: 0.2988  val_kayip_bbox: 0.2533  val_kayip_mask: 0.1301  val_kayip: 0.6822  coco/bbox_mAP: 0.6250  coco/bbox_mAP_50: 0.8960  coco/bbox_mAP_75: 0.7290  coco/bbox_mAP_s: 0.0000  coco/bbox_mAP_m: 0.7060  coco/bbox_mAP_l: 0.5900  coco/segm_mAP: 0.6210  coco/segm_mAP_50: 0.8780  coco/segm_mAP_75: 0.6900  coco/segm_mAP_s: 0.0000  coco/segm_mAP_m: 0.7230  coco/segm_mAP_l: 0.5780  data_time: 0.0038  time: 0.0373
2026/08/08 22:14:04 - mmengine - INFO - Epoch(train)  [85][10/68]  base_lr: 3.3394e-05 lr: 3.3394e-05  eta: 0:06:10  time: 0.3294  data_time: 0.1200  memory: 603  grad_norm: 12.4107  loss: 0.3651  loss_cls: 0.0821  loss_bbox: 0.1977  loss_mask: 0.0853
2026/08/08 22:14:07 - mmengine - INFO - Epoch(train)  [85][20/68]  base_lr: 3.2935e-05 lr: 3.2935e-05  eta: 0:06:07  time: 0.3249  data_time: 0.1180  memory: 601  grad_norm: 12.2502  loss: 0.3513  loss_cls: 0.0753  loss_bbox: 0.1923  loss_mask: 0.0838
2026/08/08 22:14:10 - mmengine - INFO - Epoch(train)  [85][30/68]  base_lr: 3.2479e-05 lr: 3.2479e-05  eta: 0:06:03  time: 0.3288  data_time: 0.1202  memory: 601  grad_norm: 11.7739  loss: 0.3546  loss_cls: 0.0773  loss_bbox: 0.1921  loss_mask: 0.0852
2026/08/08 22:14:14 - mmengine - INFO - Epoch(train)  [85][40/68]  base_lr: 3.2025e-05 lr: 3.2025e-05  eta: 0:06:00  time: 0.3290  data_time: 0.1181  memory: 603  grad_norm: 11.5429  loss: 0.3586  loss_cls: 0.0775  loss_bbox: 0.1931  loss_mask: 0.0879
2026/08/08 22:14:17 - mmengine - INFO - Epoch(train)  [85][50/68]  base_lr: 3.1574e-05 lr: 3.1574e-05  eta: 0:05:57  time: 0.3324  data_time: 0.1240  memory: 601  grad_norm: 11.9957  loss: 0.3682  loss_cls: 0.0850  loss_bbox: 0.1959  loss_mask: 0.0872
2026/08/08 22:14:21 - mmengine - INFO - Epoch(train)  [85][60/68]  base_lr: 3.1126e-05 lr: 3.1126e-05  eta: 0:05:53  time: 0.3417  data_time: 0.1315  memory: 599  grad_norm: 12.2843  loss: 0.3759  loss_cls: 0.0846  loss_bbox: 0.2020  loss_mask: 0.0893
2026/08/08 22:14:23 - mmengine - INFO - Exp name: rtmdet_ins_busi_20260808_212745
2026/08/08 22:14:23 - mmengine - INFO - Saving checkpoint at 85 epochs
2026/08/08 22:14:26 - mmengine - INFO - Epoch(val)  [85][ 10/116]    eta: 0:00:03  time: 0.0395  data_time: 0.0036  memory: 602  
2026/08/08 22:14:26 - mmengine - INFO - Epoch(val)  [85][ 20/116]    eta: 0:00:03  time: 0.0372  data_time: 0.0024  memory: 110  
2026/08/08 22:14:26 - mmengine - INFO - Epoch(val)  [85][ 30/116]    eta: 0:00:03  time: 0.0355  data_time: 0.0034  memory: 109  
2026/08/08 22:14:27 - mmengine - INFO - Epoch(val)  [85][ 40/116]    eta: 0:00:02  time: 0.0352  data_time: 0.0038  memory: 129  
2026/08/08 22:14:27 - mmengine - INFO - Epoch(val)  [85][ 50/116]    eta: 0:00:02  time: 0.0369  data_time: 0.0048  memory: 164  
2026/08/08 22:14:27 - mmengine - INFO - Epoch(val)  [85][ 60/116]    eta: 0:00:02  time: 0.0377  data_time: 0.0052  memory: 112  
2026/08/08 22:14:28 - mmengine - INFO - Epoch(val)  [85][ 70/116]    eta: 0:00:01  time: 0.0383  data_time: 0.0063  memory: 111  
2026/08/08 22:14:28 - mmengine - INFO - Epoch(val)  [85][ 80/116]    eta: 0:00:01  time: 0.0397  data_time: 0.0051  memory: 115  
2026/08/08 22:14:29 - mmengine - INFO - Epoch(val)  [85][ 90/116]    eta: 0:00:01  time: 0.0417  data_time: 0.0064  memory: 133  
2026/08/08 22:14:29 - mmengine - INFO - Epoch(val)  [85][100/116]    eta: 0:00:00  time: 0.0414  data_time: 0.0058  memory: 140  
2026/08/08 22:14:29 - mmengine - INFO - Epoch(val)  [85][110/116]    eta: 0:00:00  time: 0.0403  data_time: 0.0053  memory: 108  
2026/08/08 22:14:30 - mmengine - INFO - Evaluating bbox...
2026/08/08 22:14:30 - mmengine - INFO - bbox_mAP_copypaste: 0.623 0.891 0.744 0.000 0.718 0.579
2026/08/08 22:14:30 - mmengine - INFO - Evaluating segm...
2026/08/08 22:14:30 - mmengine - INFO - segm_mAP_copypaste: 0.611 0.879 0.683 0.000 0.720 0.561
2026/08/08 22:14:32 - mmengine - INFO - val kayip: val_kayip_cls 0.2844  val_kayip_bbox 0.2558  val_kayip_mask 0.1300  val_kayip 0.6703
2026/08/08 22:14:32 - mmengine - INFO - Epoch(val) [85][116/116]    busi/dice_tum: 0.8167  busi/dice_lezyonlu: 0.7785  busi/bos_dogru: 20  busi/esik: 0.4000  val_kayip_cls: 0.2844  val_kayip_bbox: 0.2558  val_kayip_mask: 0.1300  val_kayip: 0.6703  coco/bbox_mAP: 0.6230  coco/bbox_mAP_50: 0.8910  coco/bbox_mAP_75: 0.7440  coco/bbox_mAP_s: 0.0000  coco/bbox_mAP_m: 0.7180  coco/bbox_mAP_l: 0.5790  coco/segm_mAP: 0.6110  coco/segm_mAP_50: 0.8790  coco/segm_mAP_75: 0.6830  coco/segm_mAP_s: 0.0000  coco/segm_mAP_m: 0.7200  coco/segm_mAP_l: 0.5610  data_time: 0.0048  time: 0.0389
2026/08/08 22:14:35 - mmengine - INFO - Epoch(train)  [86][10/68]  base_lr: 3.0327e-05 lr: 3.0327e-05  eta: 0:05:47  time: 0.3392  data_time: 0.1293  memory: 601  grad_norm: 12.1711  loss: 0.3977  loss_cls: 0.0897  loss_bbox: 0.2135  loss_mask: 0.0944
2026/08/08 22:14:38 - mmengine - INFO - Epoch(train)  [86][20/68]  base_lr: 2.9887e-05 lr: 2.9887e-05  eta: 0:05:43  time: 0.3345  data_time: 0.1279  memory: 601  grad_norm: 12.1567  loss: 0.3886  loss_cls: 0.0868  loss_bbox: 0.2100  loss_mask: 0.0918
2026/08/08 22:14:42 - mmengine - INFO - Epoch(train)  [86][30/68]  base_lr: 2.9451e-05 lr: 2.9451e-05  eta: 0:05:40  time: 0.3374  data_time: 0.1299  memory: 603  grad_norm: 11.2540  loss: 0.3829  loss_cls: 0.0789  loss_bbox: 0.2120  loss_mask: 0.0920
2026/08/08 22:14:46 - mmengine - INFO - Epoch(train)  [86][40/68]  base_lr: 2.9017e-05 lr: 2.9017e-05  eta: 0:05:37  time: 0.3387  data_time: 0.1302  memory: 604  grad_norm: 11.3464  loss: 0.3724  loss_cls: 0.0760  loss_bbox: 0.2074  loss_mask: 0.0890
2026/08/08 22:14:49 - mmengine - INFO - Epoch(train)  [86][50/68]  base_lr: 2.8587e-05 lr: 2.8587e-05  eta: 0:05:33  time: 0.3405  data_time: 0.1326  memory: 602  grad_norm: 11.8262  loss: 0.3750  loss_cls: 0.0780  loss_bbox: 0.2062  loss_mask: 0.0908
2026/08/08 22:14:52 - mmengine - INFO - Epoch(train)  [86][60/68]  base_lr: 2.8160e-05 lr: 2.8160e-05  eta: 0:05:30  time: 0.3460  data_time: 0.1355  memory: 601  grad_norm: 11.6454  loss: 0.3729  loss_cls: 0.0769  loss_bbox: 0.2073  loss_mask: 0.0886
2026/08/08 22:14:55 - mmengine - INFO - Exp name: rtmdet_ins_busi_20260808_212745
2026/08/08 22:14:55 - mmengine - INFO - Saving checkpoint at 86 epochs
2026/08/08 22:14:57 - mmengine - INFO - Epoch(val)  [86][ 10/116]    eta: 0:00:03  time: 0.0402  data_time: 0.0051  memory: 601  
2026/08/08 22:14:58 - mmengine - INFO - Epoch(val)  [86][ 20/116]    eta: 0:00:03  time: 0.0382  data_time: 0.0040  memory: 113  
2026/08/08 22:14:58 - mmengine - INFO - Epoch(val)  [86][ 30/116]    eta: 0:00:03  time: 0.0365  data_time: 0.0032  memory: 109  
2026/08/08 22:14:59 - mmengine - INFO - Epoch(val)  [86][ 40/116]    eta: 0:00:02  time: 0.0358  data_time: 0.0034  memory: 129  
2026/08/08 22:14:59 - mmengine - INFO - Epoch(val)  [86][ 50/116]    eta: 0:00:02  time: 0.0353  data_time: 0.0043  memory: 147  
2026/08/08 22:14:59 - mmengine - INFO - Epoch(val)  [86][ 60/116]    eta: 0:00:02  time: 0.0360  data_time: 0.0042  memory: 112  
2026/08/08 22:15:00 - mmengine - INFO - Epoch(val)  [86][ 70/116]    eta: 0:00:01  time: 0.0364  data_time: 0.0051  memory: 111  
2026/08/08 22:15:00 - mmengine - INFO - Epoch(val)  [86][ 80/116]    eta: 0:00:01  time: 0.0371  data_time: 0.0053  memory: 112  
2026/08/08 22:15:00 - mmengine - INFO - Epoch(val)  [86][ 90/116]    eta: 0:00:00  time: 0.0390  data_time: 0.0061  memory: 133  
2026/08/08 22:15:01 - mmengine - INFO - Epoch(val)  [86][100/116]    eta: 0:00:00  time: 0.0390  data_time: 0.0050  memory: 135  
2026/08/08 22:15:01 - mmengine - INFO - Epoch(val)  [86][110/116]    eta: 0:00:00  time: 0.0386  data_time: 0.0042  memory: 114  
2026/08/08 22:15:01 - mmengine - INFO - Evaluating bbox...
2026/08/08 22:15:02 - mmengine - INFO - bbox_mAP_copypaste: 0.613 0.885 0.693 0.000 0.703 0.573
2026/08/08 22:15:02 - mmengine - INFO - Evaluating segm...
2026/08/08 22:15:02 - mmengine - INFO - segm_mAP_copypaste: 0.604 0.878 0.668 0.000 0.699 0.561
2026/08/08 22:15:03 - mmengine - INFO - val kayip: val_kayip_cls 0.2745  val_kayip_bbox 0.2583  val_kayip_mask 0.1332  val_kayip 0.6660
2026/08/08 22:15:03 - mmengine - INFO - Epoch(val) [86][116/116]    busi/dice_tum: 0.8126  busi/dice_lezyonlu: 0.7735  busi/bos_dogru: 20  busi/esik: 0.4000  val_kayip_cls: 0.2745  val_kayip_bbox: 0.2583  val_kayip_mask: 0.1332  val_kayip: 0.6660  coco/bbox_mAP: 0.6130  coco/bbox_mAP_50: 0.8850  coco/bbox_mAP_75: 0.6930  coco/bbox_mAP_s: 0.0000  coco/bbox_mAP_m: 0.7030  coco/bbox_mAP_l: 0.5730  coco/segm_mAP: 0.6040  coco/segm_mAP_50: 0.8780  coco/segm_mAP_75: 0.6680  coco/segm_mAP_s: 0.0000  coco/segm_mAP_m: 0.6990  coco/segm_mAP_l: 0.5610  data_time: 0.0042  time: 0.0372
2026/08/08 22:15:07 - mmengine - INFO - Epoch(train)  [87][10/68]  base_lr: 2.7399e-05 lr: 2.7399e-05  eta: 0:05:24  time: 0.3440  data_time: 0.1314  memory: 603  grad_norm: 11.7105  loss: 0.3613  loss_cls: 0.0743  loss_bbox: 0.1991  loss_mask: 0.0879
2026/08/08 22:15:10 - mmengine - INFO - Epoch(train)  [87][20/68]  base_lr: 2.6981e-05 lr: 2.6981e-05  eta: 0:05:20  time: 0.3371  data_time: 0.1253  memory: 601  grad_norm: 11.9943  loss: 0.3568  loss_cls: 0.0743  loss_bbox: 0.1963  loss_mask: 0.0862
2026/08/08 22:15:13 - mmengine - INFO - Epoch(train)  [87][30/68]  base_lr: 2.6566e-05 lr: 2.6566e-05  eta: 0:05:17  time: 0.3397  data_time: 0.1272  memory: 603  grad_norm: 11.5260  loss: 0.3631  loss_cls: 0.0800  loss_bbox: 0.1971  loss_mask: 0.0860
2026/08/08 22:15:17 - mmengine - INFO - Epoch(train)  [87][40/68]  base_lr: 2.6154e-05 lr: 2.6154e-05  eta: 0:05:13  time: 0.3375  data_time: 0.1273  memory: 602  grad_norm: 11.7515  loss: 0.3585  loss_cls: 0.0781  loss_bbox: 0.1942  loss_mask: 0.0861
2026/08/08 22:15:20 - mmengine - INFO - Epoch(train)  [87][50/68]  base_lr: 2.5746e-05 lr: 2.5746e-05  eta: 0:05:10  time: 0.3398  data_time: 0.1300  memory: 602  grad_norm: 12.1809  loss: 0.3600  loss_cls: 0.0791  loss_bbox: 0.1952  loss_mask: 0.0857
2026/08/08 22:15:24 - mmengine - INFO - Epoch(train)  [87][60/68]  base_lr: 2.5341e-05 lr: 2.5341e-05  eta: 0:05:06  time: 0.3369  data_time: 0.1279  memory: 602  grad_norm: 12.6048  loss: 0.3637  loss_cls: 0.0796  loss_bbox: 0.1977  loss_mask: 0.0864
2026/08/08 22:15:26 - mmengine - INFO - Exp name: rtmdet_ins_busi_20260808_212745
2026/08/08 22:15:26 - mmengine - INFO - Saving checkpoint at 87 epochs
2026/08/08 22:15:29 - mmengine - INFO - Epoch(val)  [87][ 10/116]    eta: 0:00:03  time: 0.0385  data_time: 0.0030  memory: 601  
2026/08/08 22:15:29 - mmengine - INFO - Epoch(val)  [87][ 20/116]    eta: 0:00:03  time: 0.0378  data_time: 0.0019  memory: 118  
2026/08/08 22:15:29 - mmengine - INFO - Epoch(val)  [87][ 30/116]    eta: 0:00:03  time: 0.0362  data_time: 0.0024  memory: 109  
2026/08/08 22:15:30 - mmengine - INFO - Epoch(val)  [87][ 40/116]    eta: 0:00:02  time: 0.0362  data_time: 0.0036  memory: 137  
2026/08/08 22:15:30 - mmengine - INFO - Epoch(val)  [87][ 50/116]    eta: 0:00:02  time: 0.0357  data_time: 0.0041  memory: 158  
2026/08/08 22:15:30 - mmengine - INFO - Epoch(val)  [87][ 60/116]    eta: 0:00:02  time: 0.0366  data_time: 0.0051  memory: 116  
2026/08/08 22:15:31 - mmengine - INFO - Epoch(val)  [87][ 70/116]    eta: 0:00:01  time: 0.0369  data_time: 0.0058  memory: 114  
2026/08/08 22:15:31 - mmengine - INFO - Epoch(val)  [87][ 80/116]    eta: 0:00:01  time: 0.0376  data_time: 0.0044  memory: 115  
2026/08/08 22:15:32 - mmengine - INFO - Epoch(val)  [87][ 90/116]    eta: 0:00:00  time: 0.0396  data_time: 0.0046  memory: 151  
2026/08/08 22:15:32 - mmengine - INFO - Epoch(val)  [87][100/116]    eta: 0:00:00  time: 0.0399  data_time: 0.0046  memory: 135  
2026/08/08 22:15:32 - mmengine - INFO - Epoch(val)  [87][110/116]    eta: 0:00:00  time: 0.0379  data_time: 0.0039  memory: 111  
2026/08/08 22:15:33 - mmengine - INFO - Evaluating bbox...
2026/08/08 22:15:33 - mmengine - INFO - bbox_mAP_copypaste: 0.613 0.887 0.695 0.000 0.705 0.570
2026/08/08 22:15:33 - mmengine - INFO - Evaluating segm...
2026/08/08 22:15:33 - mmengine - INFO - segm_mAP_copypaste: 0.611 0.873 0.689 0.000 0.713 0.561
2026/08/08 22:15:35 - mmengine - INFO - val kayip: val_kayip_cls 0.2868  val_kayip_bbox 0.2568  val_kayip_mask 0.1323  val_kayip 0.6759
2026/08/08 22:15:35 - mmengine - INFO - Epoch(val) [87][116/116]    busi/dice_tum: 0.8122  busi/dice_lezyonlu: 0.7731  busi/bos_dogru: 20  busi/esik: 0.4000  val_kayip_cls: 0.2868  val_kayip_bbox: 0.2568  val_kayip_mask: 0.1323  val_kayip: 0.6759  coco/bbox_mAP: 0.6130  coco/bbox_mAP_50: 0.8870  coco/bbox_mAP_75: 0.6950  coco/bbox_mAP_s: 0.0000  coco/bbox_mAP_m: 0.7050  coco/bbox_mAP_l: 0.5700  coco/segm_mAP: 0.6110  coco/segm_mAP_50: 0.8730  coco/segm_mAP_75: 0.6890  coco/segm_mAP_s: 0.0000  coco/segm_mAP_m: 0.7130  coco/segm_mAP_l: 0.5610  data_time: 0.0044  time: 0.0373
2026/08/08 22:15:38 - mmengine - INFO - Epoch(train)  [88][10/68]  base_lr: 2.4621e-05 lr: 2.4621e-05  eta: 0:05:00  time: 0.3337  data_time: 0.1259  memory: 602  grad_norm: 12.6344  loss: 0.3662  loss_cls: 0.0793  loss_bbox: 0.2003  loss_mask: 0.0866
2026/08/08 22:15:41 - mmengine - INFO - Epoch(train)  [88][20/68]  base_lr: 2.4226e-05 lr: 2.4226e-05  eta: 0:04:57  time: 0.3297  data_time: 0.1231  memory: 601  grad_norm: 12.7111  loss: 0.3675  loss_cls: 0.0794  loss_bbox: 0.2024  loss_mask: 0.0857
2026/08/08 22:15:45 - mmengine - INFO - Epoch(train)  [88][30/68]  base_lr: 2.3835e-05 lr: 2.3835e-05  eta: 0:04:53  time: 0.3279  data_time: 0.1208  memory: 601  grad_norm: 12.5454  loss: 0.3673  loss_cls: 0.0776  loss_bbox: 0.2045  loss_mask: 0.0852
2026/08/08 22:15:48 - mmengine - INFO - Epoch(train)  [88][40/68]  base_lr: 2.3447e-05 lr: 2.3447e-05  eta: 0:04:50  time: 0.3300  data_time: 0.1234  memory: 601  grad_norm: 12.1426  loss: 0.3715  loss_cls: 0.0799  loss_bbox: 0.2051  loss_mask: 0.0865
2026/08/08 22:15:52 - mmengine - INFO - Epoch(train)  [88][50/68]  base_lr: 2.3063e-05 lr: 2.3063e-05  eta: 0:04:46  time: 0.3413  data_time: 0.1304  memory: 601  grad_norm: 11.5335  loss: 0.3712  loss_cls: 0.0795  loss_bbox: 0.2029  loss_mask: 0.0888
2026/08/08 22:15:55 - mmengine - INFO - Epoch(train)  [88][60/68]  base_lr: 2.2682e-05 lr: 2.2682e-05  eta: 0:04:43  time: 0.3435  data_time: 0.1324  memory: 600  grad_norm: 11.7104  loss: 0.3717  loss_cls: 0.0848  loss_bbox: 0.1998  loss_mask: 0.0871
2026/08/08 22:15:58 - mmengine - INFO - Exp name: rtmdet_ins_busi_20260808_212745
2026/08/08 22:15:58 - mmengine - INFO - Saving checkpoint at 88 epochs
2026/08/08 22:16:00 - mmengine - INFO - Epoch(val)  [88][ 10/116]    eta: 0:00:04  time: 0.0386  data_time: 0.0043  memory: 603  
2026/08/08 22:16:00 - mmengine - INFO - Epoch(val)  [88][ 20/116]    eta: 0:00:03  time: 0.0378  data_time: 0.0036  memory: 110  
2026/08/08 22:16:01 - mmengine - INFO - Epoch(val)  [88][ 30/116]    eta: 0:00:03  time: 0.0357  data_time: 0.0034  memory: 109  
2026/08/08 22:16:01 - mmengine - INFO - Epoch(val)  [88][ 40/116]    eta: 0:00:02  time: 0.0357  data_time: 0.0029  memory: 129  
2026/08/08 22:16:02 - mmengine - INFO - Epoch(val)  [88][ 50/116]    eta: 0:00:02  time: 0.0363  data_time: 0.0028  memory: 158  
2026/08/08 22:16:02 - mmengine - INFO - Epoch(val)  [88][ 60/116]    eta: 0:00:02  time: 0.0369  data_time: 0.0032  memory: 116  
2026/08/08 22:16:02 - mmengine - INFO - Epoch(val)  [88][ 70/116]    eta: 0:00:01  time: 0.0377  data_time: 0.0035  memory: 111  
2026/08/08 22:16:03 - mmengine - INFO - Epoch(val)  [88][ 80/116]    eta: 0:00:01  time: 0.0382  data_time: 0.0033  memory: 115  
2026/08/08 22:16:03 - mmengine - INFO - Epoch(val)  [88][ 90/116]    eta: 0:00:00  time: 0.0401  data_time: 0.0045  memory: 151  
2026/08/08 22:16:04 - mmengine - INFO - Epoch(val)  [88][100/116]    eta: 0:00:00  time: 0.0394  data_time: 0.0038  memory: 135  
2026/08/08 22:16:04 - mmengine - INFO - Epoch(val)  [88][110/116]    eta: 0:00:00  time: 0.0382  data_time: 0.0035  memory: 112  
2026/08/08 22:16:04 - mmengine - INFO - Evaluating bbox...
2026/08/08 22:16:04 - mmengine - INFO - bbox_mAP_copypaste: 0.614 0.885 0.700 0.000 0.706 0.569
2026/08/08 22:16:04 - mmengine - INFO - Evaluating segm...
2026/08/08 22:16:04 - mmengine - INFO - segm_mAP_copypaste: 0.611 0.872 0.682 0.000 0.717 0.560
2026/08/08 22:16:06 - mmengine - INFO - val kayip: val_kayip_cls 0.2701  val_kayip_bbox 0.2528  val_kayip_mask 0.1320  val_kayip 0.6549
2026/08/08 22:16:06 - mmengine - INFO - Epoch(val) [88][116/116]    busi/dice_tum: 0.8194  busi/dice_lezyonlu: 0.7818  busi/bos_dogru: 20  busi/esik: 0.4000  val_kayip_cls: 0.2701  val_kayip_bbox: 0.2528  val_kayip_mask: 0.1320  val_kayip: 0.6549  coco/bbox_mAP: 0.6140  coco/bbox_mAP_50: 0.8850  coco/bbox_mAP_75: 0.7000  coco/bbox_mAP_s: 0.0000  coco/bbox_mAP_m: 0.7060  coco/bbox_mAP_l: 0.5690  coco/segm_mAP: 0.6110  coco/segm_mAP_50: 0.8720  coco/segm_mAP_75: 0.6820  coco/segm_mAP_s: 0.0000  coco/segm_mAP_m: 0.7170  coco/segm_mAP_l: 0.5600  data_time: 0.0035  time: 0.0377
2026/08/08 22:16:09 - mmengine - INFO - Epoch(train)  [89][10/68]  base_lr: 2.2006e-05 lr: 2.2006e-05  eta: 0:04:37  time: 0.3435  data_time: 0.1296  memory: 602  grad_norm: 11.3369  loss: 0.3664  loss_cls: 0.0810  loss_bbox: 0.1954  loss_mask: 0.0900
2026/08/08 22:16:11 - mmengine - INFO - Exp name: rtmdet_ins_busi_20260808_212745
2026/08/08 22:16:13 - mmengine - INFO - Epoch(train)  [89][20/68]  base_lr: 2.1636e-05 lr: 2.1636e-05  eta: 0:04:33  time: 0.3374  data_time: 0.1253  memory: 600  grad_norm: 11.7433  loss: 0.3633  loss_cls: 0.0822  loss_bbox: 0.1933  loss_mask: 0.0877
2026/08/08 22:16:16 - mmengine - INFO - Epoch(train)  [89][30/68]  base_lr: 2.1269e-05 lr: 2.1269e-05  eta: 0:04:30  time: 0.3286  data_time: 0.1196  memory: 603  grad_norm: 12.0485  loss: 0.3565  loss_cls: 0.0797  loss_bbox: 0.1894  loss_mask: 0.0874
2026/08/08 22:16:19 - mmengine - INFO - Epoch(train)  [89][40/68]  base_lr: 2.0906e-05 lr: 2.0906e-05  eta: 0:04:26  time: 0.3277  data_time: 0.1189  memory: 603  grad_norm: 11.8212  loss: 0.3588  loss_cls: 0.0765  loss_bbox: 0.1939  loss_mask: 0.0884
2026/08/08 22:16:23 - mmengine - INFO - Epoch(train)  [89][50/68]  base_lr: 2.0547e-05 lr: 2.0547e-05  eta: 0:04:23  time: 0.3340  data_time: 0.1248  memory: 602  grad_norm: 11.6442  loss: 0.3606  loss_cls: 0.0780  loss_bbox: 0.1946  loss_mask: 0.0881
2026/08/08 22:16:26 - mmengine - INFO - Epoch(train)  [89][60/68]  base_lr: 2.0192e-05 lr: 2.0192e-05  eta: 0:04:19  time: 0.3375  data_time: 0.1283  memory: 601  grad_norm: 11.4025  loss: 0.3638  loss_cls: 0.0791  loss_bbox: 0.1948  loss_mask: 0.0899
2026/08/08 22:16:29 - mmengine - INFO - Exp name: rtmdet_ins_busi_20260808_212745
2026/08/08 22:16:29 - mmengine - INFO - Saving checkpoint at 89 epochs
2026/08/08 22:16:31 - mmengine - INFO - Epoch(val)  [89][ 10/116]    eta: 0:00:03  time: 0.0373  data_time: 0.0040  memory: 601  
2026/08/08 22:16:32 - mmengine - INFO - Epoch(val)  [89][ 20/116]    eta: 0:00:03  time: 0.0364  data_time: 0.0039  memory: 113  
2026/08/08 22:16:32 - mmengine - INFO - Epoch(val)  [89][ 30/116]    eta: 0:00:02  time: 0.0348  data_time: 0.0036  memory: 109  
2026/08/08 22:16:32 - mmengine - INFO - Epoch(val)  [89][ 40/116]    eta: 0:00:02  time: 0.0348  data_time: 0.0041  memory: 132  
2026/08/08 22:16:33 - mmengine - INFO - Epoch(val)  [89][ 50/116]    eta: 0:00:02  time: 0.0350  data_time: 0.0043  memory: 158  
2026/08/08 22:16:33 - mmengine - INFO - Epoch(val)  [89][ 60/116]    eta: 0:00:02  time: 0.0358  data_time: 0.0043  memory: 120  
2026/08/08 22:16:33 - mmengine - INFO - Epoch(val)  [89][ 70/116]    eta: 0:00:01  time: 0.0371  data_time: 0.0040  memory: 111  
2026/08/08 22:16:34 - mmengine - INFO - Epoch(val)  [89][ 80/116]    eta: 0:00:01  time: 0.0383  data_time: 0.0050  memory: 115  
2026/08/08 22:16:34 - mmengine - INFO - Epoch(val)  [89][ 90/116]    eta: 0:00:00  time: 0.0402  data_time: 0.0048  memory: 138  
2026/08/08 22:16:35 - mmengine - INFO - Epoch(val)  [89][100/116]    eta: 0:00:00  time: 0.0399  data_time: 0.0041  memory: 135  
2026/08/08 22:16:35 - mmengine - INFO - Epoch(val)  [89][110/116]    eta: 0:00:00  time: 0.0396  data_time: 0.0043  memory: 112  
2026/08/08 22:16:35 - mmengine - INFO - Evaluating bbox...
2026/08/08 22:16:35 - mmengine - INFO - bbox_mAP_copypaste: 0.611 0.890 0.693 0.000 0.695 0.571
2026/08/08 22:16:35 - mmengine - INFO - Evaluating segm...
2026/08/08 22:16:35 - mmengine - INFO - segm_mAP_copypaste: 0.604 0.875 0.659 0.000 0.701 0.559
2026/08/08 22:16:37 - mmengine - INFO - val kayip: val_kayip_cls 0.2895  val_kayip_bbox 0.2554  val_kayip_mask 0.1318  val_kayip 0.6766
2026/08/08 22:16:37 - mmengine - INFO - Epoch(val) [89][116/116]    busi/dice_tum: 0.8193  busi/dice_lezyonlu: 0.7817  busi/bos_dogru: 20  busi/esik: 0.4000  val_kayip_cls: 0.2895  val_kayip_bbox: 0.2554  val_kayip_mask: 0.1318  val_kayip: 0.6766  coco/bbox_mAP: 0.6110  coco/bbox_mAP_50: 0.8900  coco/bbox_mAP_75: 0.6930  coco/bbox_mAP_s: 0.0000  coco/bbox_mAP_m: 0.6950  coco/bbox_mAP_l: 0.5710  coco/segm_mAP: 0.6040  coco/segm_mAP_50: 0.8750  coco/segm_mAP_75: 0.6590  coco/segm_mAP_s: 0.0000  coco/segm_mAP_m: 0.7010  coco/segm_mAP_l: 0.5590  data_time: 0.0044  time: 0.0377
2026/08/08 22:16:41 - mmengine - INFO - Epoch(train)  [90][10/68]  base_lr: 1.9563e-05 lr: 1.9563e-05  eta: 0:04:13  time: 0.3365  data_time: 0.1268  memory: 601  grad_norm: 11.2637  loss: 0.3627  loss_cls: 0.0765  loss_bbox: 0.1965  loss_mask: 0.0898
2026/08/08 22:16:44 - mmengine - INFO - Epoch(train)  [90][20/68]  base_lr: 1.9218e-05 lr: 1.9218e-05  eta: 0:04:10  time: 0.3340  data_time: 0.1236  memory: 600  grad_norm: 11.5057  loss: 0.3614  loss_cls: 0.0768  loss_bbox: 0.1954  loss_mask: 0.0892
2026/08/08 22:16:47 - mmengine - INFO - Epoch(train)  [90][30/68]  base_lr: 1.8878e-05 lr: 1.8878e-05  eta: 0:04:06  time: 0.3317  data_time: 0.1186  memory: 601  grad_norm: 11.5508  loss: 0.3625  loss_cls: 0.0785  loss_bbox: 0.1958  loss_mask: 0.0883
2026/08/08 22:16:50 - mmengine - INFO - Epoch(train)  [90][40/68]  base_lr: 1.8542e-05 lr: 1.8542e-05  eta: 0:04:03  time: 0.3247  data_time: 0.1133  memory: 601  grad_norm: 12.0703  loss: 0.3631  loss_cls: 0.0764  loss_bbox: 0.1992  loss_mask: 0.0875
2026/08/08 22:16:54 - mmengine - INFO - Epoch(train)  [90][50/68]  base_lr: 1.8210e-05 lr: 1.8210e-05  eta: 0:03:59  time: 0.3308  data_time: 0.1163  memory: 602  grad_norm: 11.8762  loss: 0.3642  loss_cls: 0.0785  loss_bbox: 0.1994  loss_mask: 0.0864
2026/08/08 22:16:58 - mmengine - INFO - Epoch(train)  [90][60/68]  base_lr: 1.7881e-05 lr: 1.7881e-05  eta: 0:03:56  time: 0.3380  data_time: 0.1206  memory: 601  grad_norm: 12.3019  loss: 0.3675  loss_cls: 0.0837  loss_bbox: 0.1969  loss_mask: 0.0868
2026/08/08 22:17:00 - mmengine - INFO - Exp name: rtmdet_ins_busi_20260808_212745
2026/08/08 22:17:00 - mmengine - INFO - Saving checkpoint at 90 epochs
2026/08/08 22:17:03 - mmengine - INFO - Epoch(val)  [90][ 10/116]    eta: 0:00:03  time: 0.0398  data_time: 0.0047  memory: 601  
2026/08/08 22:17:03 - mmengine - INFO - Epoch(val)  [90][ 20/116]    eta: 0:00:03  time: 0.0391  data_time: 0.0051  memory: 113  
2026/08/08 22:17:03 - mmengine - INFO - Epoch(val)  [90][ 30/116]    eta: 0:00:03  time: 0.0376  data_time: 0.0051  memory: 109  
2026/08/08 22:17:04 - mmengine - INFO - Epoch(val)  [90][ 40/116]    eta: 0:00:02  time: 0.0363  data_time: 0.0047  memory: 122  
2026/08/08 22:17:04 - mmengine - INFO - Epoch(val)  [90][ 50/116]    eta: 0:00:02  time: 0.0355  data_time: 0.0046  memory: 147  
2026/08/08 22:17:04 - mmengine - INFO - Epoch(val)  [90][ 60/116]    eta: 0:00:02  time: 0.0366  data_time: 0.0052  memory: 107  
2026/08/08 22:17:05 - mmengine - INFO - Epoch(val)  [90][ 70/116]    eta: 0:00:01  time: 0.0374  data_time: 0.0052  memory: 116  
2026/08/08 22:17:05 - mmengine - INFO - Epoch(val)  [90][ 80/116]    eta: 0:00:01  time: 0.0374  data_time: 0.0051  memory: 115  
2026/08/08 22:17:06 - mmengine - INFO - Epoch(val)  [90][ 90/116]    eta: 0:00:00  time: 0.0401  data_time: 0.0058  memory: 145  
2026/08/08 22:17:06 - mmengine - INFO - Epoch(val)  [90][100/116]    eta: 0:00:00  time: 0.0401  data_time: 0.0058  memory: 126  
2026/08/08 22:17:06 - mmengine - INFO - Epoch(val)  [90][110/116]    eta: 0:00:00  time: 0.0390  data_time: 0.0045  memory: 108  
2026/08/08 22:17:07 - mmengine - INFO - Evaluating bbox...
2026/08/08 22:17:07 - mmengine - INFO - bbox_mAP_copypaste: 0.606 0.894 0.685 0.000 0.688 0.568
2026/08/08 22:17:07 - mmengine - INFO - Evaluating segm...
2026/08/08 22:17:07 - mmengine - INFO - segm_mAP_copypaste: 0.601 0.877 0.676 0.000 0.701 0.557
2026/08/08 22:17:08 - mmengine - INFO - val kayip: val_kayip_cls 0.2658  val_kayip_bbox 0.2542  val_kayip_mask 0.1318  val_kayip 0.6518
2026/08/08 22:17:08 - mmengine - INFO - Epoch(val) [90][116/116]    busi/dice_tum: 0.8185  busi/dice_lezyonlu: 0.7807  busi/bos_dogru: 20  busi/esik: 0.4000  val_kayip_cls: 0.2658  val_kayip_bbox: 0.2542  val_kayip_mask: 0.1318  val_kayip: 0.6518  coco/bbox_mAP: 0.6060  coco/bbox_mAP_50: 0.8940  coco/bbox_mAP_75: 0.6850  coco/bbox_mAP_s: 0.0000  coco/bbox_mAP_m: 0.6880  coco/bbox_mAP_l: 0.5680  coco/segm_mAP: 0.6010  coco/segm_mAP_50: 0.8770  coco/segm_mAP_75: 0.6760  coco/segm_mAP_s: 0.0000  coco/segm_mAP_m: 0.7010  coco/segm_mAP_l: 0.5570  data_time: 0.0052  time: 0.0380
2026/08/08 22:17:12 - mmengine - INFO - Epoch(train)  [91][10/68]  base_lr: 1.7301e-05 lr: 1.7301e-05  eta: 0:03:50  time: 0.3384  data_time: 0.1224  memory: 603  grad_norm: 11.7369  loss: 0.3615  loss_cls: 0.0805  loss_bbox: 0.1943  loss_mask: 0.0867
2026/08/08 22:17:16 - mmengine - INFO - Epoch(train)  [91][20/68]  base_lr: 1.6984e-05 lr: 1.6984e-05  eta: 0:03:46  time: 0.3443  data_time: 0.1273  memory: 602  grad_norm: 11.9302  loss: 0.3638  loss_cls: 0.0832  loss_bbox: 0.1936  loss_mask: 0.0870
2026/08/08 22:17:19 - mmengine - INFO - Epoch(train)  [91][30/68]  base_lr: 1.6672e-05 lr: 1.6672e-05  eta: 0:03:43  time: 0.3458  data_time: 0.1279  memory: 602  grad_norm: 12.0077  loss: 0.3576  loss_cls: 0.0769  loss_bbox: 0.1947  loss_mask: 0.0860
2026/08/08 22:17:22 - mmengine - INFO - Epoch(train)  [91][40/68]  base_lr: 1.6363e-05 lr: 1.6363e-05  eta: 0:03:39  time: 0.3445  data_time: 0.1274  memory: 601  grad_norm: 12.0210  loss: 0.3544  loss_cls: 0.0728  loss_bbox: 0.1951  loss_mask: 0.0865
2026/08/08 22:17:26 - mmengine - INFO - Epoch(train)  [91][50/68]  base_lr: 1.6059e-05 lr: 1.6059e-05  eta: 0:03:36  time: 0.3563  data_time: 0.1325  memory: 602  grad_norm: 11.6139  loss: 0.3424  loss_cls: 0.0657  loss_bbox: 0.1922  loss_mask: 0.0844
2026/08/08 22:17:30 - mmengine - INFO - Epoch(train)  [91][60/68]  base_lr: 1.5759e-05 lr: 1.5759e-05  eta: 0:03:33  time: 0.3606  data_time: 0.1347  memory: 599  grad_norm: 12.4744  loss: 0.3558  loss_cls: 0.0712  loss_bbox: 0.1988  loss_mask: 0.0858
2026/08/08 22:17:33 - mmengine - INFO - Exp name: rtmdet_ins_busi_20260808_212745
2026/08/08 22:17:33 - mmengine - INFO - Saving checkpoint at 91 epochs
2026/08/08 22:17:35 - mmengine - INFO - Epoch(val)  [91][ 10/116]    eta: 0:00:04  time: 0.0403  data_time: 0.0054  memory: 600  
2026/08/08 22:17:36 - mmengine - INFO - Epoch(val)  [91][ 20/116]    eta: 0:00:04  time: 0.0405  data_time: 0.0053  memory: 118  
2026/08/08 22:17:36 - mmengine - INFO - Epoch(val)  [91][ 30/116]    eta: 0:00:03  time: 0.0400  data_time: 0.0056  memory: 109  
2026/08/08 22:17:37 - mmengine - INFO - Epoch(val)  [91][ 40/116]    eta: 0:00:03  time: 0.0405  data_time: 0.0058  memory: 132  
2026/08/08 22:17:37 - mmengine - INFO - Epoch(val)  [91][ 50/116]    eta: 0:00:02  time: 0.0418  data_time: 0.0059  memory: 141  
2026/08/08 22:17:37 - mmengine - INFO - Epoch(val)  [91][ 60/116]    eta: 0:00:02  time: 0.0423  data_time: 0.0060  memory: 112  
2026/08/08 22:17:38 - mmengine - INFO - Epoch(val)  [91][ 70/116]    eta: 0:00:01  time: 0.0423  data_time: 0.0061  memory: 110  
2026/08/08 22:17:38 - mmengine - INFO - Epoch(val)  [91][ 80/116]    eta: 0:00:01  time: 0.0430  data_time: 0.0064  memory: 118  
2026/08/08 22:17:39 - mmengine - INFO - Epoch(val)  [91][ 90/116]    eta: 0:00:01  time: 0.0444  data_time: 0.0067  memory: 138  
2026/08/08 22:17:39 - mmengine - INFO - Epoch(val)  [91][100/116]    eta: 0:00:00  time: 0.0440  data_time: 0.0065  memory: 135  
2026/08/08 22:17:40 - mmengine - INFO - Epoch(val)  [91][110/116]    eta: 0:00:00  time: 0.0443  data_time: 0.0064  memory: 111  
2026/08/08 22:17:40 - mmengine - INFO - Evaluating bbox...
2026/08/08 22:17:40 - mmengine - INFO - bbox_mAP_copypaste: 0.611 0.885 0.708 0.000 0.694 0.575
2026/08/08 22:17:40 - mmengine - INFO - Evaluating segm...
2026/08/08 22:17:40 - mmengine - INFO - segm_mAP_copypaste: 0.602 0.874 0.671 0.000 0.701 0.558
2026/08/08 22:17:42 - mmengine - INFO - val kayip: val_kayip_cls 0.2870  val_kayip_bbox 0.2560  val_kayip_mask 0.1328  val_kayip 0.6758
2026/08/08 22:17:42 - mmengine - INFO - Epoch(val) [91][116/116]    busi/dice_tum: 0.8173  busi/dice_lezyonlu: 0.7792  busi/bos_dogru: 20  busi/esik: 0.4000  val_kayip_cls: 0.2870  val_kayip_bbox: 0.2560  val_kayip_mask: 0.1328  val_kayip: 0.6758  coco/bbox_mAP: 0.6110  coco/bbox_mAP_50: 0.8850  coco/bbox_mAP_75: 0.7080  coco/bbox_mAP_s: 0.0000  coco/bbox_mAP_m: 0.6940  coco/bbox_mAP_l: 0.5750  coco/segm_mAP: 0.6020  coco/segm_mAP_50: 0.8740  coco/segm_mAP_75: 0.6710  coco/segm_mAP_s: 0.0000  coco/segm_mAP_m: 0.7010  coco/segm_mAP_l: 0.5580  data_time: 0.0062  time: 0.0431
2026/08/08 22:17:46 - mmengine - INFO - Epoch(train)  [92][10/68]  base_lr: 1.5230e-05 lr: 1.5230e-05  eta: 0:03:26  time: 0.3627  data_time: 0.1355  memory: 601  grad_norm: 12.3296  loss: 0.3550  loss_cls: 0.0737  loss_bbox: 0.1953  loss_mask: 0.0860
2026/08/08 22:17:49 - mmengine - INFO - Epoch(train)  [92][20/68]  base_lr: 1.4942e-05 lr: 1.4942e-05  eta: 0:03:23  time: 0.3678  data_time: 0.1396  memory: 601  grad_norm: 12.2584  loss: 0.3522  loss_cls: 0.0766  loss_bbox: 0.1904  loss_mask: 0.0852
2026/08/08 22:17:53 - mmengine - INFO - Epoch(train)  [92][30/68]  base_lr: 1.4659e-05 lr: 1.4659e-05  eta: 0:03:20  time: 0.3638  data_time: 0.1379  memory: 601  grad_norm: 11.9119  loss: 0.3591  loss_cls: 0.0794  loss_bbox: 0.1958  loss_mask: 0.0840
2026/08/08 22:17:57 - mmengine - INFO - Epoch(train)  [92][40/68]  base_lr: 1.4379e-05 lr: 1.4379e-05  eta: 0:03:16  time: 0.3621  data_time: 0.1380  memory: 601  grad_norm: 11.5855  loss: 0.3569  loss_cls: 0.0785  loss_bbox: 0.1942  loss_mask: 0.0842
2026/08/08 22:18:00 - mmengine - INFO - Epoch(train)  [92][50/68]  base_lr: 1.4104e-05 lr: 1.4104e-05  eta: 0:03:13  time: 0.3651  data_time: 0.1401  memory: 602  grad_norm: 11.4624  loss: 0.3514  loss_cls: 0.0761  loss_bbox: 0.1908  loss_mask: 0.0845
2026/08/08 22:18:04 - mmengine - INFO - Epoch(train)  [92][60/68]  base_lr: 1.3834e-05 lr: 1.3834e-05  eta: 0:03:09  time: 0.3668  data_time: 0.1409  memory: 601  grad_norm: 11.4036  loss: 0.3559  loss_cls: 0.0791  loss_bbox: 0.1926  loss_mask: 0.0842
2026/08/08 22:18:07 - mmengine - INFO - Exp name: rtmdet_ins_busi_20260808_212745
2026/08/08 22:18:07 - mmengine - INFO - Saving checkpoint at 92 epochs
2026/08/08 22:18:10 - mmengine - INFO - Epoch(val)  [92][ 10/116]    eta: 0:00:04  time: 0.0453  data_time: 0.0066  memory: 603  
2026/08/08 22:18:10 - mmengine - INFO - Epoch(val)  [92][ 20/116]    eta: 0:00:04  time: 0.0449  data_time: 0.0064  memory: 113  
2026/08/08 22:18:10 - mmengine - INFO - Epoch(val)  [92][ 30/116]    eta: 0:00:03  time: 0.0434  data_time: 0.0060  memory: 109  
2026/08/08 22:18:11 - mmengine - INFO - Epoch(val)  [92][ 40/116]    eta: 0:00:03  time: 0.0426  data_time: 0.0058  memory: 132  
2026/08/08 22:18:11 - mmengine - INFO - Epoch(val)  [92][ 50/116]    eta: 0:00:02  time: 0.0432  data_time: 0.0060  memory: 147  
2026/08/08 22:18:12 - mmengine - INFO - Epoch(val)  [92][ 60/116]    eta: 0:00:02  time: 0.0434  data_time: 0.0061  memory: 107  
2026/08/08 22:18:12 - mmengine - INFO - Epoch(val)  [92][ 70/116]    eta: 0:00:02  time: 0.0432  data_time: 0.0061  memory: 112  
2026/08/08 22:18:13 - mmengine - INFO - Epoch(val)  [92][ 80/116]    eta: 0:00:01  time: 0.0441  data_time: 0.0062  memory: 118  
2026/08/08 22:18:13 - mmengine - INFO - Epoch(val)  [92][ 90/116]    eta: 0:00:01  time: 0.0458  data_time: 0.0066  memory: 151  
2026/08/08 22:18:14 - mmengine - INFO - Epoch(val)  [92][100/116]    eta: 0:00:00  time: 0.0450  data_time: 0.0063  memory: 121  
2026/08/08 22:18:14 - mmengine - INFO - Epoch(val)  [92][110/116]    eta: 0:00:00  time: 0.0440  data_time: 0.0061  memory: 103  
2026/08/08 22:18:14 - mmengine - INFO - Evaluating bbox...
2026/08/08 22:18:14 - mmengine - INFO - bbox_mAP_copypaste: 0.616 0.888 0.718 0.000 0.697 0.579
2026/08/08 22:18:14 - mmengine - INFO - Evaluating segm...
2026/08/08 22:18:14 - mmengine - INFO - segm_mAP_copypaste: 0.602 0.873 0.646 0.000 0.702 0.557
2026/08/08 22:18:16 - mmengine - INFO - val kayip: val_kayip_cls 0.2648  val_kayip_bbox 0.2542  val_kayip_mask 0.1316  val_kayip 0.6506
2026/08/08 22:18:16 - mmengine - INFO - Epoch(val) [92][116/116]    busi/dice_tum: 0.8121  busi/dice_lezyonlu: 0.7730  busi/bos_dogru: 20  busi/esik: 0.4000  val_kayip_cls: 0.2648  val_kayip_bbox: 0.2542  val_kayip_mask: 0.1316  val_kayip: 0.6506  coco/bbox_mAP: 0.6160  coco/bbox_mAP_50: 0.8880  coco/bbox_mAP_75: 0.7180  coco/bbox_mAP_s: 0.0000  coco/bbox_mAP_m: 0.6970  coco/bbox_mAP_l: 0.5790  coco/segm_mAP: 0.6020  coco/segm_mAP_50: 0.8730  coco/segm_mAP_75: 0.6460  coco/segm_mAP_s: 0.0000  coco/segm_mAP_m: 0.7020  coco/segm_mAP_l: 0.5570  data_time: 0.0061  time: 0.0437
2026/08/08 22:18:20 - mmengine - INFO - Epoch(train)  [93][10/68]  base_lr: 1.3358e-05 lr: 1.3358e-05  eta: 0:03:03  time: 0.3689  data_time: 0.1439  memory: 602  grad_norm: 11.6325  loss: 0.3536  loss_cls: 0.0774  loss_bbox: 0.1915  loss_mask: 0.0847
2026/08/08 22:18:24 - mmengine - INFO - Epoch(train)  [93][20/68]  base_lr: 1.3100e-05 lr: 1.3100e-05  eta: 0:03:00  time: 0.3689  data_time: 0.1447  memory: 602  grad_norm: 11.6377  loss: 0.3567  loss_cls: 0.0777  loss_bbox: 0.1924  loss_mask: 0.0867
2026/08/08 22:18:27 - mmengine - INFO - Epoch(train)  [93][30/68]  base_lr: 1.2847e-05 lr: 1.2847e-05  eta: 0:02:56  time: 0.3706  data_time: 0.1464  memory: 602  grad_norm: 11.8248  loss: 0.3663  loss_cls: 0.0820  loss_bbox: 0.1959  loss_mask: 0.0885
2026/08/08 22:18:31 - mmengine - INFO - Epoch(train)  [93][40/68]  base_lr: 1.2598e-05 lr: 1.2598e-05  eta: 0:02:53  time: 0.3682  data_time: 0.1456  memory: 601  grad_norm: 11.6605  loss: 0.3580  loss_cls: 0.0765  loss_bbox: 0.1934  loss_mask: 0.0881
2026/08/08 22:18:35 - mmengine - INFO - Epoch(train)  [93][50/68]  base_lr: 1.2353e-05 lr: 1.2353e-05  eta: 0:02:50  time: 0.3684  data_time: 0.1448  memory: 601  grad_norm: 11.9796  loss: 0.3542  loss_cls: 0.0769  loss_bbox: 0.1906  loss_mask: 0.0867
2026/08/08 22:18:38 - mmengine - INFO - Epoch(train)  [93][60/68]  base_lr: 1.2113e-05 lr: 1.2113e-05  eta: 0:02:46  time: 0.3654  data_time: 0.1435  memory: 599  grad_norm: 12.0776  loss: 0.3574  loss_cls: 0.0767  loss_bbox: 0.1937  loss_mask: 0.0869
2026/08/08 22:18:41 - mmengine - INFO - Exp name: rtmdet_ins_busi_20260808_212745
2026/08/08 22:18:41 - mmengine - INFO - Saving checkpoint at 93 epochs
2026/08/08 22:18:44 - mmengine - INFO - Epoch(val)  [93][ 10/116]    eta: 0:00:04  time: 0.0449  data_time: 0.0062  memory: 601  
2026/08/08 22:18:44 - mmengine - INFO - Epoch(val)  [93][ 20/116]    eta: 0:00:04  time: 0.0448  data_time: 0.0060  memory: 113  
2026/08/08 22:18:44 - mmengine - INFO - Epoch(val)  [93][ 30/116]    eta: 0:00:03  time: 0.0432  data_time: 0.0057  memory: 107  
2026/08/08 22:18:45 - mmengine - INFO - Epoch(val)  [93][ 40/116]    eta: 0:00:03  time: 0.0440  data_time: 0.0057  memory: 137  
2026/08/08 22:18:45 - mmengine - INFO - Epoch(val)  [93][ 50/116]    eta: 0:00:02  time: 0.0449  data_time: 0.0059  memory: 147  
2026/08/08 22:18:46 - mmengine - INFO - Epoch(val)  [93][ 60/116]    eta: 0:00:02  time: 0.0451  data_time: 0.0063  memory: 107  
2026/08/08 22:18:46 - mmengine - INFO - Epoch(val)  [93][ 70/116]    eta: 0:00:02  time: 0.0449  data_time: 0.0064  memory: 112  
2026/08/08 22:18:47 - mmengine - INFO - Epoch(val)  [93][ 80/116]    eta: 0:00:01  time: 0.0457  data_time: 0.0066  memory: 115  
2026/08/08 22:18:47 - mmengine - INFO - Epoch(val)  [93][ 90/116]    eta: 0:00:01  time: 0.0467  data_time: 0.0067  memory: 145  
2026/08/08 22:18:48 - mmengine - INFO - Epoch(val)  [93][100/116]    eta: 0:00:00  time: 0.0462  data_time: 0.0065  memory: 135  
2026/08/08 22:18:48 - mmengine - INFO - Epoch(val)  [93][110/116]    eta: 0:00:00  time: 0.0453  data_time: 0.0064  memory: 111  
2026/08/08 22:18:48 - mmengine - INFO - Evaluating bbox...
2026/08/08 22:18:48 - mmengine - INFO - bbox_mAP_copypaste: 0.614 0.890 0.707 0.000 0.698 0.575
2026/08/08 22:18:48 - mmengine - INFO - Evaluating segm...
2026/08/08 22:18:48 - mmengine - INFO - segm_mAP_copypaste: 0.603 0.875 0.647 0.000 0.705 0.557
2026/08/08 22:18:50 - mmengine - INFO - val kayip: val_kayip_cls 0.2882  val_kayip_bbox 0.2542  val_kayip_mask 0.1312  val_kayip 0.6736
2026/08/08 22:18:50 - mmengine - INFO - Epoch(val) [93][116/116]    busi/dice_tum: 0.8120  busi/dice_lezyonlu: 0.7729  busi/bos_dogru: 20  busi/esik: 0.4000  val_kayip_cls: 0.2882  val_kayip_bbox: 0.2542  val_kayip_mask: 0.1312  val_kayip: 0.6736  coco/bbox_mAP: 0.6140  coco/bbox_mAP_50: 0.8900  coco/bbox_mAP_75: 0.7070  coco/bbox_mAP_s: 0.0000  coco/bbox_mAP_m: 0.6980  coco/bbox_mAP_l: 0.5750  coco/segm_mAP: 0.6030  coco/segm_mAP_50: 0.8750  coco/segm_mAP_75: 0.6470  coco/segm_mAP_s: 0.0000  coco/segm_mAP_m: 0.7050  coco/segm_mAP_l: 0.5570  data_time: 0.0062  time: 0.0446
2026/08/08 22:18:54 - mmengine - INFO - Epoch(train)  [94][10/68]  base_lr: 1.1693e-05 lr: 1.1693e-05  eta: 0:02:40  time: 0.3555  data_time: 0.1345  memory: 601  grad_norm: 11.9919  loss: 0.3446  loss_cls: 0.0764  loss_bbox: 0.1858  loss_mask: 0.0823
2026/08/08 22:18:58 - mmengine - INFO - Epoch(train)  [94][20/68]  base_lr: 1.1465e-05 lr: 1.1465e-05  eta: 0:02:36  time: 0.3564  data_time: 0.1363  memory: 601  grad_norm: 12.4502  loss: 0.3468  loss_cls: 0.0760  loss_bbox: 0.1882  loss_mask: 0.0827
2026/08/08 22:19:01 - mmengine - INFO - Epoch(train)  [94][30/68]  base_lr: 1.1243e-05 lr: 1.1243e-05  eta: 0:02:33  time: 0.3541  data_time: 0.1338  memory: 601  grad_norm: 12.5205  loss: 0.3466  loss_cls: 0.0751  loss_bbox: 0.1884  loss_mask: 0.0831
2026/08/08 22:19:05 - mmengine - INFO - Epoch(train)  [94][40/68]  base_lr: 1.1025e-05 lr: 1.1025e-05  eta: 0:02:30  time: 0.3493  data_time: 0.1301  memory: 601  grad_norm: 12.0362  loss: 0.3475  loss_cls: 0.0781  loss_bbox: 0.1875  loss_mask: 0.0819
2026/08/08 22:19:08 - mmengine - INFO - Epoch(train)  [94][50/68]  base_lr: 1.0812e-05 lr: 1.0812e-05  eta: 0:02:26  time: 0.3496  data_time: 0.1304  memory: 601  grad_norm: 11.4547  loss: 0.3473  loss_cls: 0.0744  loss_bbox: 0.1887  loss_mask: 0.0842
2026/08/08 22:19:11 - mmengine - INFO - Epoch(train)  [94][60/68]  base_lr: 1.0603e-05 lr: 1.0603e-05  eta: 0:02:23  time: 0.3466  data_time: 0.1293  memory: 601  grad_norm: 11.7631  loss: 0.3503  loss_cls: 0.0742  loss_bbox: 0.1909  loss_mask: 0.0852
2026/08/08 22:19:14 - mmengine - INFO - Exp name: rtmdet_ins_busi_20260808_212745
2026/08/08 22:19:14 - mmengine - INFO - Saving checkpoint at 94 epochs
2026/08/08 22:19:16 - mmengine - INFO - Epoch(val)  [94][ 10/116]    eta: 0:00:03  time: 0.0427  data_time: 0.0060  memory: 604  
2026/08/08 22:19:17 - mmengine - INFO - Epoch(val)  [94][ 20/116]    eta: 0:00:03  time: 0.0410  data_time: 0.0060  memory: 113  
2026/08/08 22:19:17 - mmengine - INFO - Epoch(val)  [94][ 30/116]    eta: 0:00:03  time: 0.0392  data_time: 0.0057  memory: 110  
2026/08/08 22:19:17 - mmengine - INFO - Epoch(val)  [94][ 40/116]    eta: 0:00:02  time: 0.0380  data_time: 0.0053  memory: 132  
2026/08/08 22:19:18 - mmengine - INFO - Epoch(val)  [94][ 50/116]    eta: 0:00:02  time: 0.0387  data_time: 0.0055  memory: 153  
2026/08/08 22:19:18 - mmengine - INFO - Epoch(val)  [94][ 60/116]    eta: 0:00:02  time: 0.0400  data_time: 0.0061  memory: 112  
2026/08/08 22:19:18 - mmengine - INFO - Epoch(val)  [94][ 70/116]    eta: 0:00:01  time: 0.0392  data_time: 0.0059  memory: 111  
2026/08/08 22:19:19 - mmengine - INFO - Epoch(val)  [94][ 80/116]    eta: 0:00:01  time: 0.0390  data_time: 0.0057  memory: 115  
2026/08/08 22:19:19 - mmengine - INFO - Epoch(val)  [94][ 90/116]    eta: 0:00:01  time: 0.0408  data_time: 0.0064  memory: 145  
2026/08/08 22:19:20 - mmengine - INFO - Epoch(val)  [94][100/116]    eta: 0:00:00  time: 0.0407  data_time: 0.0062  memory: 130  
2026/08/08 22:19:20 - mmengine - INFO - Epoch(val)  [94][110/116]    eta: 0:00:00  time: 0.0398  data_time: 0.0057  memory: 111  
2026/08/08 22:19:20 - mmengine - INFO - Evaluating bbox...
2026/08/08 22:19:20 - mmengine - INFO - bbox_mAP_copypaste: 0.615 0.891 0.709 0.000 0.706 0.574
2026/08/08 22:19:20 - mmengine - INFO - Evaluating segm...
2026/08/08 22:19:20 - mmengine - INFO - segm_mAP_copypaste: 0.605 0.874 0.659 0.000 0.709 0.557
2026/08/08 22:19:22 - mmengine - INFO - val kayip: val_kayip_cls 0.2878  val_kayip_bbox 0.2543  val_kayip_mask 0.1316  val_kayip 0.6737
2026/08/08 22:19:22 - mmengine - INFO - Epoch(val) [94][116/116]    busi/dice_tum: 0.8127  busi/dice_lezyonlu: 0.7737  busi/bos_dogru: 20  busi/esik: 0.4000  val_kayip_cls: 0.2878  val_kayip_bbox: 0.2543  val_kayip_mask: 0.1316  val_kayip: 0.6737  coco/bbox_mAP: 0.6150  coco/bbox_mAP_50: 0.8910  coco/bbox_mAP_75: 0.7090  coco/bbox_mAP_s: 0.0000  coco/bbox_mAP_m: 0.7060  coco/bbox_mAP_l: 0.5740  coco/segm_mAP: 0.6050  coco/segm_mAP_50: 0.8740  coco/segm_mAP_75: 0.6590  coco/segm_mAP_s: 0.0000  coco/segm_mAP_m: 0.7090  coco/segm_mAP_l: 0.5570  data_time: 0.0057  time: 0.0394
2026/08/08 22:19:26 - mmengine - INFO - Epoch(train)  [95][10/68]  base_lr: 1.0240e-05 lr: 1.0240e-05  eta: 0:02:16  time: 0.3386  data_time: 0.1217  memory: 601  grad_norm: 11.6704  loss: 0.3607  loss_cls: 0.0790  loss_bbox: 0.1956  loss_mask: 0.0861
2026/08/08 22:19:30 - mmengine - INFO - Epoch(train)  [95][20/68]  base_lr: 1.0044e-05 lr: 1.0044e-05  eta: 0:02:13  time: 0.3421  data_time: 0.1281  memory: 603  grad_norm: 11.8233  loss: 0.3652  loss_cls: 0.0790  loss_bbox: 0.1976  loss_mask: 0.0886
2026/08/08 22:19:34 - mmengine - INFO - Epoch(train)  [95][30/68]  base_lr: 9.8537e-06 lr: 9.8537e-06  eta: 0:02:10  time: 0.3520  data_time: 0.1347  memory: 602  grad_norm: 11.8019  loss: 0.3706  loss_cls: 0.0818  loss_bbox: 0.2001  loss_mask: 0.0887
2026/08/08 22:19:37 - mmengine - INFO - Epoch(train)  [95][40/68]  base_lr: 9.6679e-06 lr: 9.6679e-06  eta: 0:02:06  time: 0.3532  data_time: 0.1355  memory: 602  grad_norm: 11.7953  loss: 0.3617  loss_cls: 0.0786  loss_bbox: 0.1964  loss_mask: 0.0868
2026/08/08 22:19:40 - mmengine - INFO - Epoch(train)  [95][50/68]  base_lr: 9.4868e-06 lr: 9.4868e-06  eta: 0:02:03  time: 0.3596  data_time: 0.1396  memory: 602  grad_norm: 11.0571  loss: 0.3468  loss_cls: 0.0733  loss_bbox: 0.1906  loss_mask: 0.0829
2026/08/08 22:19:44 - mmengine - INFO - Epoch(train)  [95][60/68]  base_lr: 9.3106e-06 lr: 9.3106e-06  eta: 0:01:59  time: 0.3540  data_time: 0.1378  memory: 601  grad_norm: 10.8558  loss: 0.3544  loss_cls: 0.0772  loss_bbox: 0.1920  loss_mask: 0.0852
2026/08/08 22:19:46 - mmengine - INFO - Exp name: rtmdet_ins_busi_20260808_212745
2026/08/08 22:19:46 - mmengine - INFO - Saving checkpoint at 95 epochs
2026/08/08 22:19:49 - mmengine - INFO - Epoch(val)  [95][ 10/116]    eta: 0:00:04  time: 0.0410  data_time: 0.0068  memory: 601  
2026/08/08 22:19:49 - mmengine - INFO - Epoch(val)  [95][ 20/116]    eta: 0:00:03  time: 0.0397  data_time: 0.0066  memory: 118  
2026/08/08 22:19:50 - mmengine - INFO - Epoch(val)  [95][ 30/116]    eta: 0:00:03  time: 0.0386  data_time: 0.0059  memory: 109  
2026/08/08 22:19:50 - mmengine - INFO - Epoch(val)  [95][ 40/116]    eta: 0:00:02  time: 0.0380  data_time: 0.0058  memory: 125  
2026/08/08 22:19:51 - mmengine - INFO - Epoch(val)  [95][ 50/116]    eta: 0:00:02  time: 0.0397  data_time: 0.0061  memory: 147  
2026/08/08 22:19:51 - mmengine - INFO - Epoch(val)  [95][ 60/116]    eta: 0:00:02  time: 0.0417  data_time: 0.0057  memory: 112  
2026/08/08 22:19:52 - mmengine - INFO - Epoch(val)  [95][ 70/116]    eta: 0:00:01  time: 0.0422  data_time: 0.0060  memory: 111  
2026/08/08 22:19:52 - mmengine - INFO - Epoch(val)  [95][ 80/116]    eta: 0:00:01  time: 0.0418  data_time: 0.0058  memory: 118  
2026/08/08 22:19:52 - mmengine - INFO - Epoch(val)  [95][ 90/116]    eta: 0:00:01  time: 0.0431  data_time: 0.0058  memory: 145  
2026/08/08 22:19:53 - mmengine - INFO - Epoch(val)  [95][100/116]    eta: 0:00:00  time: 0.0416  data_time: 0.0059  memory: 130  
2026/08/08 22:19:53 - mmengine - INFO - Epoch(val)  [95][110/116]    eta: 0:00:00  time: 0.0414  data_time: 0.0057  memory: 107  
2026/08/08 22:19:53 - mmengine - INFO - Evaluating bbox...
2026/08/08 22:19:53 - mmengine - INFO - bbox_mAP_copypaste: 0.613 0.886 0.703 0.000 0.711 0.569
2026/08/08 22:19:53 - mmengine - INFO - Evaluating segm...
2026/08/08 22:19:54 - mmengine - INFO - segm_mAP_copypaste: 0.610 0.872 0.678 0.000 0.707 0.565
2026/08/08 22:19:55 - mmengine - INFO - val kayip: val_kayip_cls 0.2691  val_kayip_bbox 0.2525  val_kayip_mask 0.1310  val_kayip 0.6526
2026/08/08 22:19:55 - mmengine - INFO - Epoch(val) [95][116/116]    busi/dice_tum: 0.8155  busi/dice_lezyonlu: 0.7770  busi/bos_dogru: 20  busi/esik: 0.4000  val_kayip_cls: 0.2691  val_kayip_bbox: 0.2525  val_kayip_mask: 0.1310  val_kayip: 0.6526  coco/bbox_mAP: 0.6130  coco/bbox_mAP_50: 0.8860  coco/bbox_mAP_75: 0.7030  coco/bbox_mAP_s: 0.0000  coco/bbox_mAP_m: 0.7110  coco/bbox_mAP_l: 0.5690  coco/segm_mAP: 0.6100  coco/segm_mAP_50: 0.8720  coco/segm_mAP_75: 0.6780  coco/segm_mAP_s: 0.0000  coco/segm_mAP_m: 0.7070  coco/segm_mAP_l: 0.5650  data_time: 0.0061  time: 0.0415
2026/08/08 22:19:59 - mmengine - INFO - Epoch(train)  [96][10/68]  base_lr: 9.0054e-06 lr: 9.0054e-06  eta: 0:01:53  time: 0.3426  data_time: 0.1304  memory: 602  grad_norm: 10.8651  loss: 0.3621  loss_cls: 0.0805  loss_bbox: 0.1947  loss_mask: 0.0869
2026/08/08 22:20:02 - mmengine - INFO - Epoch(train)  [96][20/68]  base_lr: 8.8426e-06 lr: 8.8426e-06  eta: 0:01:50  time: 0.3400  data_time: 0.1287  memory: 600  grad_norm: 11.0770  loss: 0.3727  loss_cls: 0.0817  loss_bbox: 0.1997  loss_mask: 0.0912
2026/08/08 22:20:06 - mmengine - INFO - Epoch(train)  [96][30/68]  base_lr: 8.6847e-06 lr: 8.6847e-06  eta: 0:01:46  time: 0.3469  data_time: 0.1315  memory: 602  grad_norm: 11.5185  loss: 0.3751  loss_cls: 0.0820  loss_bbox: 0.2001  loss_mask: 0.0930
2026/08/08 22:20:10 - mmengine - INFO - Epoch(train)  [96][40/68]  base_lr: 8.5316e-06 lr: 8.5316e-06  eta: 0:01:43  time: 0.3527  data_time: 0.1356  memory: 601  grad_norm: 11.3703  loss: 0.3645  loss_cls: 0.0794  loss_bbox: 0.1941  loss_mask: 0.0910
2026/08/08 22:20:14 - mmengine - INFO - Epoch(train)  [96][50/68]  base_lr: 8.3835e-06 lr: 8.3835e-06  eta: 0:01:39  time: 0.3608  data_time: 0.1405  memory: 602  grad_norm: 11.2172  loss: 0.3538  loss_cls: 0.0758  loss_bbox: 0.1905  loss_mask: 0.0874
2026/08/08 22:20:17 - mmengine - INFO - Epoch(train)  [96][60/68]  base_lr: 8.2402e-06 lr: 8.2402e-06  eta: 0:01:36  time: 0.3636  data_time: 0.1413  memory: 602  grad_norm: 11.6325  loss: 0.3434  loss_cls: 0.0715  loss_bbox: 0.1877  loss_mask: 0.0842
2026/08/08 22:20:20 - mmengine - INFO - Exp name: rtmdet_ins_busi_20260808_212745
2026/08/08 22:20:20 - mmengine - INFO - Saving checkpoint at 96 epochs
2026/08/08 22:20:22 - mmengine - INFO - Epoch(val)  [96][ 10/116]    eta: 0:00:04  time: 0.0423  data_time: 0.0061  memory: 603  
2026/08/08 22:20:23 - mmengine - INFO - Epoch(val)  [96][ 20/116]    eta: 0:00:03  time: 0.0418  data_time: 0.0063  memory: 113  
2026/08/08 22:20:23 - mmengine - INFO - Epoch(val)  [96][ 30/116]    eta: 0:00:03  time: 0.0409  data_time: 0.0060  memory: 109  
2026/08/08 22:20:23 - mmengine - INFO - Epoch(val)  [96][ 40/116]    eta: 0:00:02  time: 0.0399  data_time: 0.0057  memory: 129  
2026/08/08 22:20:24 - mmengine - INFO - Epoch(val)  [96][ 50/116]    eta: 0:00:02  time: 0.0386  data_time: 0.0058  memory: 147  
2026/08/08 22:20:24 - mmengine - INFO - Epoch(val)  [96][ 60/116]    eta: 0:00:02  time: 0.0391  data_time: 0.0056  memory: 112  
2026/08/08 22:20:25 - mmengine - INFO - Epoch(val)  [96][ 70/116]    eta: 0:00:01  time: 0.0393  data_time: 0.0055  memory: 111  
2026/08/08 22:20:25 - mmengine - INFO - Epoch(val)  [96][ 80/116]    eta: 0:00:01  time: 0.0399  data_time: 0.0053  memory: 115  
2026/08/08 22:20:25 - mmengine - INFO - Epoch(val)  [96][ 90/116]    eta: 0:00:01  time: 0.0419  data_time: 0.0063  memory: 145  
2026/08/08 22:20:26 - mmengine - INFO - Epoch(val)  [96][100/116]    eta: 0:00:00  time: 0.0426  data_time: 0.0059  memory: 135  
2026/08/08 22:20:26 - mmengine - INFO - Epoch(val)  [96][110/116]    eta: 0:00:00  time: 0.0421  data_time: 0.0057  memory: 108  
2026/08/08 22:20:27 - mmengine - INFO - Evaluating bbox...
2026/08/08 22:20:27 - mmengine - INFO - bbox_mAP_copypaste: 0.614 0.887 0.703 0.000 0.704 0.572
2026/08/08 22:20:27 - mmengine - INFO - Evaluating segm...
2026/08/08 22:20:27 - mmengine - INFO - segm_mAP_copypaste: 0.613 0.873 0.679 0.000 0.718 0.565
2026/08/08 22:20:28 - mmengine - INFO - val kayip: val_kayip_cls 0.2828  val_kayip_bbox 0.2543  val_kayip_mask 0.1319  val_kayip 0.6690
2026/08/08 22:20:28 - mmengine - INFO - Epoch(val) [96][116/116]    busi/dice_tum: 0.8129  busi/dice_lezyonlu: 0.7739  busi/bos_dogru: 20  busi/esik: 0.4000  val_kayip_cls: 0.2828  val_kayip_bbox: 0.2543  val_kayip_mask: 0.1319  val_kayip: 0.6690  coco/bbox_mAP: 0.6140  coco/bbox_mAP_50: 0.8870  coco/bbox_mAP_75: 0.7030  coco/bbox_mAP_s: 0.0000  coco/bbox_mAP_m: 0.7040  coco/bbox_mAP_l: 0.5720  coco/segm_mAP: 0.6130  coco/segm_mAP_50: 0.8730  coco/segm_mAP_75: 0.6790  coco/segm_mAP_s: 0.0000  coco/segm_mAP_m: 0.7180  coco/segm_mAP_l: 0.5650  data_time: 0.0057  time: 0.0405
2026/08/08 22:20:32 - mmengine - INFO - Epoch(train)  [97][10/68]  base_lr: 7.9946e-06 lr: 7.9946e-06  eta: 0:01:30  time: 0.3560  data_time: 0.1368  memory: 602  grad_norm: 11.4228  loss: 0.3328  loss_cls: 0.0697  loss_bbox: 0.1814  loss_mask: 0.0818
2026/08/08 22:20:35 - mmengine - INFO - Epoch(train)  [97][20/68]  base_lr: 7.8650e-06 lr: 7.8650e-06  eta: 0:01:26  time: 0.3526  data_time: 0.1330  memory: 602  grad_norm: 11.6650  loss: 0.3300  loss_cls: 0.0686  loss_bbox: 0.1804  loss_mask: 0.0809
2026/08/08 22:20:39 - mmengine - INFO - Epoch(train)  [97][30/68]  base_lr: 7.7404e-06 lr: 7.7404e-06  eta: 0:01:23  time: 0.3469  data_time: 0.1268  memory: 601  grad_norm: 11.5699  loss: 0.3321  loss_cls: 0.0678  loss_bbox: 0.1817  loss_mask: 0.0826
2026/08/08 22:20:42 - mmengine - INFO - Epoch(train)  [97][40/68]  base_lr: 7.6207e-06 lr: 7.6207e-06  eta: 0:01:19  time: 0.3470  data_time: 0.1237  memory: 601  grad_norm: 11.3749  loss: 0.3380  loss_cls: 0.0711  loss_bbox: 0.1810  loss_mask: 0.0859
2026/08/08 22:20:46 - mmengine - INFO - Epoch(train)  [97][50/68]  base_lr: 7.5060e-06 lr: 7.5060e-06  eta: 0:01:16  time: 0.3492  data_time: 0.1250  memory: 599  grad_norm: 11.7662  loss: 0.3489  loss_cls: 0.0744  loss_bbox: 0.1871  loss_mask: 0.0875
2026/08/08 22:20:49 - mmengine - INFO - Epoch(train)  [97][60/68]  base_lr: 7.3962e-06 lr: 7.3962e-06  eta: 0:01:13  time: 0.3473  data_time: 0.1244  memory: 599  grad_norm: 11.9022  loss: 0.3491  loss_cls: 0.0751  loss_bbox: 0.1879  loss_mask: 0.0862
2026/08/08 22:20:52 - mmengine - INFO - Exp name: rtmdet_ins_busi_20260808_212745
2026/08/08 22:20:52 - mmengine - INFO - Saving checkpoint at 97 epochs
2026/08/08 22:20:54 - mmengine - INFO - Epoch(val)  [97][ 10/116]    eta: 0:00:04  time: 0.0432  data_time: 0.0065  memory: 601  
2026/08/08 22:20:55 - mmengine - INFO - Epoch(val)  [97][ 20/116]    eta: 0:00:03  time: 0.0413  data_time: 0.0056  memory: 110  
2026/08/08 22:20:55 - mmengine - INFO - Epoch(val)  [97][ 30/116]    eta: 0:00:03  time: 0.0387  data_time: 0.0049  memory: 109  
2026/08/08 22:20:55 - mmengine - INFO - Epoch(val)  [97][ 40/116]    eta: 0:00:02  time: 0.0373  data_time: 0.0053  memory: 132  
2026/08/08 22:20:56 - mmengine - INFO - Epoch(val)  [97][ 50/116]    eta: 0:00:02  time: 0.0376  data_time: 0.0053  memory: 141  
2026/08/08 22:20:56 - mmengine - INFO - Epoch(val)  [97][ 60/116]    eta: 0:00:02  time: 0.0370  data_time: 0.0054  memory: 107  
2026/08/08 22:20:56 - mmengine - INFO - Epoch(val)  [97][ 70/116]    eta: 0:00:01  time: 0.0376  data_time: 0.0059  memory: 107  
2026/08/08 22:20:57 - mmengine - INFO - Epoch(val)  [97][ 80/116]    eta: 0:00:01  time: 0.0378  data_time: 0.0062  memory: 112  
2026/08/08 22:20:57 - mmengine - INFO - Epoch(val)  [97][ 90/116]    eta: 0:00:00  time: 0.0388  data_time: 0.0064  memory: 151  
2026/08/08 22:20:58 - mmengine - INFO - Epoch(val)  [97][100/116]    eta: 0:00:00  time: 0.0387  data_time: 0.0062  memory: 140  
2026/08/08 22:20:58 - mmengine - INFO - Epoch(val)  [97][110/116]    eta: 0:00:00  time: 0.0381  data_time: 0.0058  memory: 114  
2026/08/08 22:20:58 - mmengine - INFO - Evaluating bbox...
2026/08/08 22:20:58 - mmengine - INFO - bbox_mAP_copypaste: 0.615 0.892 0.707 0.000 0.701 0.574
2026/08/08 22:20:58 - mmengine - INFO - Evaluating segm...
2026/08/08 22:20:58 - mmengine - INFO - segm_mAP_copypaste: 0.608 0.875 0.685 0.000 0.708 0.561
2026/08/08 22:21:00 - mmengine - INFO - val kayip: val_kayip_cls 0.2799  val_kayip_bbox 0.2544  val_kayip_mask 0.1324  val_kayip 0.6667
2026/08/08 22:21:00 - mmengine - INFO - Epoch(val) [97][116/116]    busi/dice_tum: 0.8129  busi/dice_lezyonlu: 0.7739  busi/bos_dogru: 20  busi/esik: 0.4000  val_kayip_cls: 0.2799  val_kayip_bbox: 0.2544  val_kayip_mask: 0.1324  val_kayip: 0.6667  coco/bbox_mAP: 0.6150  coco/bbox_mAP_50: 0.8920  coco/bbox_mAP_75: 0.7070  coco/bbox_mAP_s: 0.0000  coco/bbox_mAP_m: 0.7010  coco/bbox_mAP_l: 0.5740  coco/segm_mAP: 0.6080  coco/segm_mAP_50: 0.8750  coco/segm_mAP_75: 0.6850  coco/segm_mAP_s: 0.0000  coco/segm_mAP_m: 0.7080  coco/segm_mAP_l: 0.5610  data_time: 0.0057  time: 0.0380
2026/08/08 22:21:04 - mmengine - INFO - Epoch(train)  [98][10/68]  base_lr: 7.2112e-06 lr: 7.2112e-06  eta: 0:01:06  time: 0.3536  data_time: 0.1336  memory: 602  grad_norm: 12.1417  loss: 0.3570  loss_cls: 0.0754  loss_bbox: 0.1915  loss_mask: 0.0901
2026/08/08 22:21:08 - mmengine - INFO - Epoch(train)  [98][20/68]  base_lr: 7.1154e-06 lr: 7.1154e-06  eta: 0:01:03  time: 0.3536  data_time: 0.1350  memory: 602  grad_norm: 11.6849  loss: 0.3484  loss_cls: 0.0717  loss_bbox: 0.1906  loss_mask: 0.0861
2026/08/08 22:21:12 - mmengine - INFO - Epoch(train)  [98][30/68]  base_lr: 7.0245e-06 lr: 7.0245e-06  eta: 0:00:59  time: 0.3595  data_time: 0.1368  memory: 602  grad_norm: 11.5805  loss: 0.3511  loss_cls: 0.0744  loss_bbox: 0.1901  loss_mask: 0.0865
2026/08/08 22:21:15 - mmengine - INFO - Epoch(train)  [98][40/68]  base_lr: 6.9387e-06 lr: 6.9387e-06  eta: 0:00:56  time: 0.3666  data_time: 0.1420  memory: 602  grad_norm: 11.3996  loss: 0.3496  loss_cls: 0.0751  loss_bbox: 0.1910  loss_mask: 0.0836
2026/08/08 22:21:19 - mmengine - INFO - Epoch(train)  [98][50/68]  base_lr: 6.8579e-06 lr: 6.8579e-06  eta: 0:00:53  time: 0.3758  data_time: 0.1444  memory: 602  grad_norm: 12.1816  loss: 0.3553  loss_cls: 0.0796  loss_bbox: 0.1921  loss_mask: 0.0835
2026/08/08 22:21:23 - mmengine - INFO - Epoch(train)  [98][60/68]  base_lr: 6.7821e-06 lr: 6.7821e-06  eta: 0:00:49  time: 0.3719  data_time: 0.1407  memory: 602  grad_norm: 12.1209  loss: 0.3607  loss_cls: 0.0806  loss_bbox: 0.1951  loss_mask: 0.0851
2026/08/08 22:21:26 - mmengine - INFO - Exp name: rtmdet_ins_busi_20260808_212745
2026/08/08 22:21:26 - mmengine - INFO - Saving checkpoint at 98 epochs
2026/08/08 22:21:28 - mmengine - INFO - Epoch(val)  [98][ 10/116]    eta: 0:00:04  time: 0.0390  data_time: 0.0061  memory: 605  
2026/08/08 22:21:29 - mmengine - INFO - Epoch(val)  [98][ 20/116]    eta: 0:00:03  time: 0.0394  data_time: 0.0058  memory: 113  
2026/08/08 22:21:29 - mmengine - INFO - Epoch(val)  [98][ 30/116]    eta: 0:00:03  time: 0.0378  data_time: 0.0058  memory: 109  
2026/08/08 22:21:29 - mmengine - INFO - Epoch(val)  [98][ 40/116]    eta: 0:00:02  time: 0.0375  data_time: 0.0056  memory: 129  
2026/08/08 22:21:30 - mmengine - INFO - Epoch(val)  [98][ 50/116]    eta: 0:00:02  time: 0.0377  data_time: 0.0058  memory: 147  
2026/08/08 22:21:30 - mmengine - INFO - Epoch(val)  [98][ 60/116]    eta: 0:00:02  time: 0.0375  data_time: 0.0057  memory: 107  
2026/08/08 22:21:30 - mmengine - INFO - Epoch(val)  [98][ 70/116]    eta: 0:00:01  time: 0.0372  data_time: 0.0057  memory: 107  
2026/08/08 22:21:31 - mmengine - INFO - Epoch(val)  [98][ 80/116]    eta: 0:00:01  time: 0.0381  data_time: 0.0056  memory: 112  
2026/08/08 22:21:31 - mmengine - INFO - Epoch(val)  [98][ 90/116]    eta: 0:00:00  time: 0.0391  data_time: 0.0057  memory: 145  
2026/08/08 22:21:32 - mmengine - INFO - Epoch(val)  [98][100/116]    eta: 0:00:00  time: 0.0397  data_time: 0.0058  memory: 143  
2026/08/08 22:21:32 - mmengine - INFO - Epoch(val)  [98][110/116]    eta: 0:00:00  time: 0.0385  data_time: 0.0056  memory: 111  
2026/08/08 22:21:32 - mmengine - INFO - Evaluating bbox...
2026/08/08 22:21:32 - mmengine - INFO - bbox_mAP_copypaste: 0.615 0.893 0.713 0.000 0.699 0.574
2026/08/08 22:21:32 - mmengine - INFO - Evaluating segm...
2026/08/08 22:21:32 - mmengine - INFO - segm_mAP_copypaste: 0.608 0.876 0.686 0.000 0.706 0.561
2026/08/08 22:21:34 - mmengine - INFO - val kayip: val_kayip_cls 0.2809  val_kayip_bbox 0.2536  val_kayip_mask 0.1324  val_kayip 0.6670
2026/08/08 22:21:34 - mmengine - INFO - Epoch(val) [98][116/116]    busi/dice_tum: 0.8153  busi/dice_lezyonlu: 0.7768  busi/bos_dogru: 20  busi/esik: 0.4000  val_kayip_cls: 0.2809  val_kayip_bbox: 0.2536  val_kayip_mask: 0.1324  val_kayip: 0.6670  coco/bbox_mAP: 0.6150  coco/bbox_mAP_50: 0.8930  coco/bbox_mAP_75: 0.7130  coco/bbox_mAP_s: 0.0000  coco/bbox_mAP_m: 0.6990  coco/bbox_mAP_l: 0.5740  coco/segm_mAP: 0.6080  coco/segm_mAP_50: 0.8760  coco/segm_mAP_75: 0.6860  coco/segm_mAP_s: 0.0000  coco/segm_mAP_m: 0.7060  coco/segm_mAP_l: 0.5610  data_time: 0.0058  time: 0.0382
2026/08/08 22:21:38 - mmengine - INFO - Epoch(train)  [99][10/68]  base_lr: 6.6583e-06 lr: 6.6583e-06  eta: 0:00:43  time: 0.3710  data_time: 0.1434  memory: 601  grad_norm: 12.2850  loss: 0.3634  loss_cls: 0.0816  loss_bbox: 0.1965  loss_mask: 0.0854
2026/08/08 22:21:41 - mmengine - INFO - Epoch(train)  [99][20/68]  base_lr: 6.5966e-06 lr: 6.5966e-06  eta: 0:00:39  time: 0.3650  data_time: 0.1396  memory: 602  grad_norm: 11.9707  loss: 0.3557  loss_cls: 0.0771  loss_bbox: 0.1919  loss_mask: 0.0868
2026/08/08 22:21:45 - mmengine - INFO - Epoch(train)  [99][30/68]  base_lr: 6.5400e-06 lr: 6.5400e-06  eta: 0:00:36  time: 0.3655  data_time: 0.1419  memory: 602  grad_norm: 11.2206  loss: 0.3487  loss_cls: 0.0721  loss_bbox: 0.1882  loss_mask: 0.0884
2026/08/08 22:21:49 - mmengine - INFO - Epoch(train)  [99][40/68]  base_lr: 6.4883e-06 lr: 6.4883e-06  eta: 0:00:33  time: 0.3617  data_time: 0.1389  memory: 603  grad_norm: 10.9808  loss: 0.3432  loss_cls: 0.0702  loss_bbox: 0.1873  loss_mask: 0.0857
2026/08/08 22:21:52 - mmengine - INFO - Epoch(train)  [99][50/68]  base_lr: 6.4417e-06 lr: 6.4417e-06  eta: 0:00:29  time: 0.3568  data_time: 0.1370  memory: 600  grad_norm: 10.8233  loss: 0.3438  loss_cls: 0.0716  loss_bbox: 0.1870  loss_mask: 0.0852
2026/08/08 22:21:56 - mmengine - INFO - Epoch(train)  [99][60/68]  base_lr: 6.4002e-06 lr: 6.4002e-06  eta: 0:00:26  time: 0.3577  data_time: 0.1374  memory: 602  grad_norm: 11.4612  loss: 0.3419  loss_cls: 0.0711  loss_bbox: 0.1845  loss_mask: 0.0864
2026/08/08 22:21:59 - mmengine - INFO - Exp name: rtmdet_ins_busi_20260808_212745
2026/08/08 22:21:59 - mmengine - INFO - Saving checkpoint at 99 epochs
2026/08/08 22:22:01 - mmengine - INFO - Epoch(val)  [99][ 10/116]    eta: 0:00:04  time: 0.0396  data_time: 0.0060  memory: 600  
2026/08/08 22:22:02 - mmengine - INFO - Epoch(val)  [99][ 20/116]    eta: 0:00:03  time: 0.0392  data_time: 0.0056  memory: 113  
2026/08/08 22:22:02 - mmengine - INFO - Epoch(val)  [99][ 30/116]    eta: 0:00:03  time: 0.0375  data_time: 0.0051  memory: 109  
2026/08/08 22:22:02 - mmengine - INFO - Epoch(val)  [99][ 40/116]    eta: 0:00:02  time: 0.0370  data_time: 0.0049  memory: 129  
2026/08/08 22:22:03 - mmengine - INFO - Epoch(val)  [99][ 50/116]    eta: 0:00:02  time: 0.0385  data_time: 0.0050  memory: 147  
2026/08/08 22:22:03 - mmengine - INFO - Epoch(val)  [99][ 60/116]    eta: 0:00:02  time: 0.0385  data_time: 0.0050  memory: 107  
2026/08/08 22:22:04 - mmengine - INFO - Epoch(val)  [99][ 70/116]    eta: 0:00:01  time: 0.0384  data_time: 0.0053  memory: 107  
2026/08/08 22:22:04 - mmengine - INFO - Epoch(val)  [99][ 80/116]    eta: 0:00:01  time: 0.0401  data_time: 0.0057  memory: 112  
2026/08/08 22:22:04 - mmengine - INFO - Epoch(val)  [99][ 90/116]    eta: 0:00:01  time: 0.0414  data_time: 0.0060  memory: 138  
2026/08/08 22:22:05 - mmengine - INFO - Epoch(val)  [99][100/116]    eta: 0:00:00  time: 0.0400  data_time: 0.0055  memory: 140  
2026/08/08 22:22:05 - mmengine - INFO - Epoch(val)  [99][110/116]    eta: 0:00:00  time: 0.0397  data_time: 0.0054  memory: 108  
2026/08/08 22:22:05 - mmengine - INFO - Evaluating bbox...
2026/08/08 22:22:05 - mmengine - INFO - bbox_mAP_copypaste: 0.617 0.892 0.707 0.000 0.706 0.575
2026/08/08 22:22:05 - mmengine - INFO - Evaluating segm...
2026/08/08 22:22:05 - mmengine - INFO - segm_mAP_copypaste: 0.611 0.875 0.680 0.000 0.717 0.562
2026/08/08 22:22:07 - mmengine - INFO - val kayip: val_kayip_cls 0.2754  val_kayip_bbox 0.2547  val_kayip_mask 0.1324  val_kayip 0.6625
2026/08/08 22:22:07 - mmengine - INFO - Epoch(val) [99][116/116]    busi/dice_tum: 0.8129  busi/dice_lezyonlu: 0.7739  busi/bos_dogru: 20  busi/esik: 0.4000  val_kayip_cls: 0.2754  val_kayip_bbox: 0.2547  val_kayip_mask: 0.1324  val_kayip: 0.6625  coco/bbox_mAP: 0.6170  coco/bbox_mAP_50: 0.8920  coco/bbox_mAP_75: 0.7070  coco/bbox_mAP_s: 0.0000  coco/bbox_mAP_m: 0.7060  coco/bbox_mAP_l: 0.5750  coco/segm_mAP: 0.6110  coco/segm_mAP_50: 0.8750  coco/segm_mAP_75: 0.6800  coco/segm_mAP_s: 0.0000  coco/segm_mAP_m: 0.7170  coco/segm_mAP_l: 0.5620  data_time: 0.0053  time: 0.0391
2026/08/08 22:22:11 - mmengine - INFO - Epoch(train) [100][10/68]  base_lr: 6.3382e-06 lr: 6.3382e-06  eta: 0:00:19  time: 0.3573  data_time: 0.1382  memory: 603  grad_norm: 13.4722  loss: 0.3445  loss_cls: 0.0797  loss_bbox: 0.1809  loss_mask: 0.0839
2026/08/08 22:22:14 - mmengine - INFO - Epoch(train) [100][20/68]  base_lr: 6.3108e-06 lr: 6.3108e-06  eta: 0:00:16  time: 0.3545  data_time: 0.1375  memory: 604  grad_norm: 13.2964  loss: 0.3409  loss_cls: 0.0802  loss_bbox: 0.1780  loss_mask: 0.0826
2026/08/08 22:22:18 - mmengine - INFO - Epoch(train) [100][30/68]  base_lr: 6.2885e-06 lr: 6.2885e-06  eta: 0:00:13  time: 0.3584  data_time: 0.1400  memory: 602  grad_norm: 13.5772  loss: 0.3492  loss_cls: 0.0834  loss_bbox: 0.1817  loss_mask: 0.0842
2026/08/08 22:22:21 - mmengine - INFO - Epoch(train) [100][40/68]  base_lr: 6.2713e-06 lr: 6.2713e-06  eta: 0:00:09  time: 0.3559  data_time: 0.1367  memory: 602  grad_norm: 13.1971  loss: 0.3518  loss_cls: 0.0834  loss_bbox: 0.1839  loss_mask: 0.0846
2026/08/08 22:22:25 - mmengine - INFO - Epoch(train) [100][50/68]  base_lr: 6.2591e-06 lr: 6.2591e-06  eta: 0:00:06  time: 0.3547  data_time: 0.1350  memory: 601  grad_norm: 11.5191  loss: 0.3508  loss_cls: 0.0747  loss_bbox: 0.1897  loss_mask: 0.0864
2026/08/08 22:22:28 - mmengine - INFO - Epoch(train) [100][60/68]  base_lr: 6.2521e-06 lr: 6.2521e-06  eta: 0:00:02  time: 0.3482  data_time: 0.1286  memory: 601  grad_norm: 11.4049  loss: 0.3559  loss_cls: 0.0733  loss_bbox: 0.1954  loss_mask: 0.0873
2026/08/08 22:22:31 - mmengine - INFO - Exp name: rtmdet_ins_busi_20260808_212745
2026/08/08 22:22:31 - mmengine - INFO - Saving checkpoint at 100 epochs
2026/08/08 22:22:34 - mmengine - INFO - Epoch(val) [100][ 10/116]    eta: 0:00:04  time: 0.0390  data_time: 0.0049  memory: 599  
2026/08/08 22:22:34 - mmengine - INFO - Epoch(val) [100][ 20/116]    eta: 0:00:03  time: 0.0383  data_time: 0.0051  memory: 110  
2026/08/08 22:22:34 - mmengine - INFO - Epoch(val) [100][ 30/116]    eta: 0:00:03  time: 0.0373  data_time: 0.0049  memory: 109  
2026/08/08 22:22:35 - mmengine - INFO - Epoch(val) [100][ 40/116]    eta: 0:00:02  time: 0.0365  data_time: 0.0050  memory: 137  
2026/08/08 22:22:35 - mmengine - INFO - Epoch(val) [100][ 50/116]    eta: 0:00:02  time: 0.0374  data_time: 0.0053  memory: 141  
2026/08/08 22:22:36 - mmengine - INFO - Epoch(val) [100][ 60/116]    eta: 0:00:02  time: 0.0381  data_time: 0.0059  memory: 107  
2026/08/08 22:22:36 - mmengine - INFO - Epoch(val) [100][ 70/116]    eta: 0:00:01  time: 0.0378  data_time: 0.0057  memory: 111  
2026/08/08 22:22:36 - mmengine - INFO - Epoch(val) [100][ 80/116]    eta: 0:00:01  time: 0.0382  data_time: 0.0058  memory: 115  
2026/08/08 22:22:37 - mmengine - INFO - Epoch(val) [100][ 90/116]    eta: 0:00:00  time: 0.0394  data_time: 0.0059  memory: 138  
2026/08/08 22:22:37 - mmengine - INFO - Epoch(val) [100][100/116]    eta: 0:00:00  time: 0.0393  data_time: 0.0059  memory: 140  
2026/08/08 22:22:37 - mmengine - INFO - Epoch(val) [100][110/116]    eta: 0:00:00  time: 0.0387  data_time: 0.0055  memory: 112  
2026/08/08 22:22:38 - mmengine - INFO - Evaluating bbox...
2026/08/08 22:22:38 - mmengine - INFO - bbox_mAP_copypaste: 0.612 0.888 0.702 0.000 0.691 0.575
2026/08/08 22:22:38 - mmengine - INFO - Evaluating segm...
2026/08/08 22:22:38 - mmengine - INFO - segm_mAP_copypaste: 0.613 0.874 0.685 0.000 0.712 0.568
2026/08/08 22:22:40 - mmengine - INFO - val kayip: val_kayip_cls 0.2800  val_kayip_bbox 0.2549  val_kayip_mask 0.1329  val_kayip 0.6679
2026/08/08 22:22:40 - mmengine - INFO - Epoch(val) [100][116/116]    busi/dice_tum: 0.8123  busi/dice_lezyonlu: 0.7732  busi/bos_dogru: 20  busi/esik: 0.4000  val_kayip_cls: 0.2800  val_kayip_bbox: 0.2549  val_kayip_mask: 0.1329  val_kayip: 0.6679  coco/bbox_mAP: 0.6120  coco/bbox_mAP_50: 0.8880  coco/bbox_mAP_75: 0.7020  coco/bbox_mAP_s: 0.0000  coco/bbox_mAP_m: 0.6910  coco/bbox_mAP_l: 0.5750  coco/segm_mAP: 0.6130  coco/segm_mAP_50: 0.8740  coco/segm_mAP_75: 0.6850  coco/segm_mAP_s: 0.0000  coco/segm_mAP_m: 0.7120  coco/segm_mAP_l: 0.5680  data_time: 0.0057  time: 0.0384
