2026/08/06 10:24:24 - mmengine - INFO - 
------------------------------------------------------------
System environment:
    sys.platform: win32
    Python: 3.10.0 (tags/v3.10.0:b494f59, Oct  4 2021, 19:00:18) [MSC v.1929 64 bit (AMD64)]
    CUDA available: True
    MUSA available: False
    numpy_random_seed: 42
    GPU 0: NVIDIA GeForce RTX 2060
    CUDA_HOME: C:\Program Files\NVIDIA GPU Computing Toolkit\CUDA\v12.8
    NVCC: Cuda compilation tools, release 12.8, V12.8.93
    GCC: n/a
    PyTorch: 2.6.0+cu124
    PyTorch compiling details: PyTorch built with:
  - C++ Version: 201703
  - MSVC 192930157
  - Intel(R) oneAPI Math Kernel Library Version 2025.0.1-Product Build 20241031 for Intel(R) 64 architecture applications
  - Intel(R) MKL-DNN v3.5.3 (Git Hash 66f0cb9eb66affd2da3bf5f8d897376f04aae6af)
  - OpenMP 2019
  - LAPACK is enabled (usually provided by MKL)
  - CPU capability usage: AVX2
  - CUDA Runtime 12.4
  - NVCC architecture flags: -gencode;arch=compute_50,code=sm_50;-gencode;arch=compute_60,code=sm_60;-gencode;arch=compute_61,code=sm_61;-gencode;arch=compute_70,code=sm_70;-gencode;arch=compute_75,code=sm_75;-gencode;arch=compute_80,code=sm_80;-gencode;arch=compute_86,code=sm_86;-gencode;arch=compute_90,code=sm_90
  - CuDNN 90.1
  - Magma 2.5.4
  - Build settings: BLAS_INFO=mkl, BUILD_TYPE=Release, COMMIT_SHA=2236df1770800ffea5697b11b0bb0d910b2e59e1, CUDA_VERSION=12.4, CUDNN_VERSION=9.1.0, CXX_COMPILER=C:/actions-runner/_work/pytorch/pytorch/pytorch/.ci/pytorch/windows/tmp_bin/sccache-cl.exe, CXX_FLAGS=/DWIN32 /D_WINDOWS /GR /EHsc /Zc:__cplusplus /bigobj /FS /utf-8 -DUSE_PTHREADPOOL -DNDEBUG -DUSE_KINETO -DLIBKINETO_NOCUPTI -DLIBKINETO_NOROCTRACER -DLIBKINETO_NOXPUPTI=ON -DUSE_FBGEMM -DUSE_XNNPACK -DSYMBOLICATE_MOBILE_DEBUG_HANDLE /wd4624 /wd4068 /wd4067 /wd4267 /wd4661 /wd4717 /wd4244 /wd4804 /wd4273, LAPACK_INFO=mkl, PERF_WITH_AVX=1, PERF_WITH_AVX2=1, TORCH_VERSION=2.6.0, USE_CUDA=ON, USE_CUDNN=ON, USE_CUSPARSELT=OFF, USE_EXCEPTION_PTR=1, USE_GFLAGS=OFF, USE_GLOG=OFF, USE_GLOO=ON, USE_MKL=ON, USE_MKLDNN=ON, USE_MPI=OFF, USE_NCCL=OFF, USE_NNPACK=OFF, USE_OPENMP=ON, USE_ROCM=OFF, USE_ROCM_KERNEL_ASSERT=OFF, 

    TorchVision: 0.21.0+cu124
    OpenCV: 5.0.0
    MMEngine: 0.10.7

Runtime environment:
    cudnn_benchmark: False
    mp_cfg: {'mp_start_method': 'fork', 'opencv_num_threads': 0}
    dist_cfg: {'backend': 'nccl'}
    seed: 42
    deterministic: False
    Distributed launcher: none
    Distributed training: False
    GPU number: 1
------------------------------------------------------------

2026/08/06 10:24:25 - mmengine - INFO - Config:
ALBU = [
    dict(p=0.5, type='HorizontalFlip'),
    dict(
        p=0.7,
        rotate=(
            -15,
            15,
        ),
        scale=(
            0.85,
            1.15,
        ),
        translate_percent=(
            -0.1,
            0.1,
        ),
        type='Affine'),
    dict(alpha=30, p=0.25, sigma=6, type='ElasticTransform'),
    dict(
        brightness_limit=0.2,
        contrast_limit=0.2,
        p=0.5,
        type='RandomBrightnessContrast'),
    dict(gamma_limit=(
        80,
        120,
    ), p=0.3, type='RandomGamma'),
    dict(
        elementwise=True,
        multiplier=(
            0.85,
            1.15,
        ),
        p=0.3,
        type='MultiplicativeNoise'),
    dict(blur_limit=7, p=0.2, type='MotionBlur'),
]
ANN = 'd:/mamografi/real_time_segmentasyon/veri/coco'
AUG_SEVIYE = 'orta'
BATCH = 8
GIRDI = 256
KOK = 'd:/mamografi/real_time_segmentasyon'
MAX_EPOCH = 70
albu_sarmalayici = dict(
    bbox_params=dict(
        filter_lost_elements=True,
        format='pascal_voc',
        label_fields=[
            'gt_bboxes_labels',
        ],
        min_visibility=0.0,
        type='BboxParams'),
    keymap=dict(gt_bboxes='bboxes', gt_masks='masks', img='image'),
    transforms=[
        dict(p=0.5, type='HorizontalFlip'),
        dict(
            p=0.7,
            rotate=(
                -15,
                15,
            ),
            scale=(
                0.85,
                1.15,
            ),
            translate_percent=(
                -0.1,
                0.1,
            ),
            type='Affine'),
        dict(alpha=30, p=0.25, sigma=6, type='ElasticTransform'),
        dict(
            brightness_limit=0.2,
            contrast_limit=0.2,
            p=0.5,
            type='RandomBrightnessContrast'),
        dict(gamma_limit=(
            80,
            120,
        ), p=0.3, type='RandomGamma'),
        dict(
            elementwise=True,
            multiplier=(
                0.85,
                1.15,
            ),
            p=0.3,
            type='MultiplicativeNoise'),
        dict(blur_limit=7, p=0.2, type='MotionBlur'),
    ],
    type='AlbuBosGuvenli')
auto_scale_lr = dict(base_batch_size=16, enable=False)
backend_args = None
base_lr = 0.000125
checkpoint = 'https://download.openmmlab.com/mmdetection/v3.0/rtmdet/cspnext_rsb_pretrain/cspnext-tiny_imagenet_600e.pth'
custom_hooks = [
    dict(
        ema_type='ExpMomentumEMA',
        momentum=0.0002,
        priority=49,
        type='EMAHook',
        update_buffers=True),
]
custom_imports = dict(
    allow_failed_imports=False, imports=[
        'ozel_transformlar',
    ])
data_root = 'd:/mamografi/real_time_segmentasyon/Dataset_BUSI_with_GT/'
dataset_type = 'CocoDataset'
default_hooks = dict(
    checkpoint=dict(
        _scope_='mmdet',
        interval=1,
        max_keep_ckpts=1,
        rule='greater',
        save_best='coco/segm_mAP',
        type='CheckpointHook'),
    logger=dict(_scope_='mmdet', interval=10, type='LoggerHook'),
    param_scheduler=dict(_scope_='mmdet', type='ParamSchedulerHook'),
    sampler_seed=dict(_scope_='mmdet', type='DistSamplerSeedHook'),
    timer=dict(_scope_='mmdet', type='IterTimerHook'),
    visualization=dict(_scope_='mmdet', type='DetVisualizationHook'))
default_scope = 'mmdet'
env_cfg = dict(
    cudnn_benchmark=False,
    dist_cfg=dict(backend='nccl'),
    mp_cfg=dict(mp_start_method='fork', opencv_num_threads=0))
img_scales = [
    (
        640,
        640,
    ),
    (
        320,
        320,
    ),
    (
        960,
        960,
    ),
]
interval = 10
load_from = 'https://download.openmmlab.com/mmdetection/v3.0/rtmdet/rtmdet-ins_tiny_8xb32-300e_coco/rtmdet-ins_tiny_8xb32-300e_coco_20221130_151727-ec670f7e.pth'
log_level = 'INFO'
log_processor = dict(
    _scope_='mmdet', by_epoch=True, type='LogProcessor', window_size=50)
max_epochs = 300
metainfo = dict(
    classes=('lezyon', ), palette=[
        (
            220,
            20,
            60,
        ),
    ])
model = dict(
    _scope_='mmdet',
    backbone=dict(
        act_cfg=dict(inplace=True, type='SiLU'),
        arch='P5',
        channel_attention=True,
        deepen_factor=0.167,
        expand_ratio=0.5,
        init_cfg=dict(
            checkpoint=
            'https://download.openmmlab.com/mmdetection/v3.0/rtmdet/cspnext_rsb_pretrain/cspnext-tiny_imagenet_600e.pth',
            prefix='backbone.',
            type='Pretrained'),
        norm_cfg=dict(type='SyncBN'),
        type='CSPNeXt',
        widen_factor=0.375),
    bbox_head=dict(
        act_cfg=dict(inplace=True, type='SiLU'),
        anchor_generator=dict(
            offset=0, strides=[
                8,
                16,
                32,
            ], type='MlvlPointGenerator'),
        bbox_coder=dict(type='DistancePointBBoxCoder'),
        feat_channels=96,
        in_channels=96,
        loss_bbox=dict(loss_weight=2.0, type='GIoULoss'),
        loss_cls=dict(
            beta=2.0,
            loss_weight=1.0,
            type='QualityFocalLoss',
            use_sigmoid=True),
        loss_mask=dict(
            eps=5e-06, loss_weight=2.0, reduction='mean', type='DiceLoss'),
        norm_cfg=dict(requires_grad=True, type='SyncBN'),
        num_classes=1,
        pred_kernel_size=1,
        share_conv=True,
        stacked_convs=2,
        type='RTMDetInsSepBNHead'),
    data_preprocessor=dict(
        batch_augments=None,
        bgr_to_rgb=False,
        mean=[
            103.53,
            116.28,
            123.675,
        ],
        std=[
            57.375,
            57.12,
            58.395,
        ],
        type='DetDataPreprocessor'),
    neck=dict(
        act_cfg=dict(inplace=True, type='SiLU'),
        expand_ratio=0.5,
        in_channels=[
            96,
            192,
            384,
        ],
        norm_cfg=dict(type='SyncBN'),
        num_csp_blocks=1,
        out_channels=96,
        type='CSPNeXtPAFPN'),
    test_cfg=dict(
        mask_thr_binary=0.5,
        max_per_img=100,
        min_bbox_size=0,
        nms=dict(iou_threshold=0.6, type='nms'),
        nms_pre=1000,
        score_thr=0.05),
    train_cfg=dict(
        allowed_border=-1,
        assigner=dict(topk=13, type='DynamicSoftLabelAssigner'),
        debug=False,
        pos_weight=-1),
    type='RTMDet')
optim_wrapper = dict(
    _scope_='mmdet',
    clip_grad=dict(max_norm=1.0),
    optimizer=dict(lr=0.000125, type='AdamW', weight_decay=0.05),
    paramwise_cfg=dict(
        bias_decay_mult=0, bypass_duplicate=True, norm_decay_mult=0),
    type='OptimWrapper')
param_scheduler = [
    dict(
        begin=0, by_epoch=False, end=200, start_factor=0.001, type='LinearLR'),
    dict(
        T_max=35,
        begin=35,
        by_epoch=True,
        convert_to_iter_based=True,
        end=70,
        eta_min=6.25e-06,
        type='CosineAnnealingLR'),
]
randomness = dict(deterministic=False, seed=42)
resume = False
stage2_num_epochs = 20
test_cfg = dict(_scope_='mmdet', type='TestLoop')
test_dataloader = dict(
    batch_size=1,
    dataset=dict(
        _scope_='mmdet',
        ann_file='d:/mamografi/real_time_segmentasyon/veri/coco/busi_test.json',
        backend_args=None,
        data_prefix=dict(img=''),
        data_root='d:/mamografi/real_time_segmentasyon/Dataset_BUSI_with_GT/',
        metainfo=dict(classes=('lezyon', ), palette=[
            (
                220,
                20,
                60,
            ),
        ]),
        pipeline=[
            dict(backend_args=None, type='LoadImageFromFile'),
            dict(keep_ratio=True, scale=(
                256,
                256,
            ), type='Resize'),
            dict(
                pad_val=dict(img=(
                    114,
                    114,
                    114,
                ), masks=0),
                size=(
                    256,
                    256,
                ),
                type='Pad'),
            dict(
                poly2mask=True,
                type='LoadAnnotations',
                with_bbox=True,
                with_mask=True),
            dict(
                meta_keys=(
                    'img_id',
                    'img_path',
                    'ori_shape',
                    'img_shape',
                    'scale_factor',
                ),
                type='PackDetInputs'),
        ],
        test_mode=True,
        type='CocoDataset'),
    drop_last=False,
    num_workers=2,
    persistent_workers=True,
    sampler=dict(_scope_='mmdet', shuffle=False, type='DefaultSampler'))
test_evaluator = dict(
    _scope_='mmdet',
    ann_file='d:/mamografi/real_time_segmentasyon/veri/coco/busi_test.json',
    backend_args=None,
    format_only=False,
    metric=[
        'bbox',
        'segm',
    ],
    proposal_nums=(
        100,
        1,
        10,
    ),
    type='CocoMetricHizali')
test_pipeline = [
    dict(backend_args=None, type='LoadImageFromFile'),
    dict(keep_ratio=True, scale=(
        256,
        256,
    ), type='Resize'),
    dict(
        pad_val=dict(img=(
            114,
            114,
            114,
        ), masks=0),
        size=(
            256,
            256,
        ),
        type='Pad'),
    dict(
        poly2mask=True, type='LoadAnnotations', with_bbox=True,
        with_mask=True),
    dict(
        meta_keys=(
            'img_id',
            'img_path',
            'ori_shape',
            'img_shape',
            'scale_factor',
        ),
        type='PackDetInputs'),
]
train_cfg = dict(
    _scope_='mmdet',
    dynamic_intervals=None,
    max_epochs=70,
    type='EpochBasedTrainLoop',
    val_interval=1)
train_dataloader = dict(
    batch_sampler=None,
    batch_size=8,
    dataset=dict(
        ann_file=
        'd:/mamografi/real_time_segmentasyon/veri/coco/busi_train.json',
        data_prefix=dict(img=''),
        data_root='d:/mamografi/real_time_segmentasyon/Dataset_BUSI_with_GT/',
        filter_cfg=dict(filter_empty_gt=False, min_size=0),
        metainfo=dict(classes=('lezyon', ), palette=[
            (
                220,
                20,
                60,
            ),
        ]),
        pipeline=[
            dict(backend_args=None, type='LoadImageFromFile'),
            dict(
                poly2mask=True,
                type='LoadAnnotations',
                with_bbox=True,
                with_mask=True),
            dict(
                bbox_params=dict(
                    filter_lost_elements=True,
                    format='pascal_voc',
                    label_fields=[
                        'gt_bboxes_labels',
                    ],
                    min_visibility=0.0,
                    type='BboxParams'),
                keymap=dict(gt_bboxes='bboxes', gt_masks='masks', img='image'),
                transforms=[
                    dict(p=0.5, type='HorizontalFlip'),
                    dict(
                        p=0.7,
                        rotate=(
                            -15,
                            15,
                        ),
                        scale=(
                            0.85,
                            1.15,
                        ),
                        translate_percent=(
                            -0.1,
                            0.1,
                        ),
                        type='Affine'),
                    dict(alpha=30, p=0.25, sigma=6, type='ElasticTransform'),
                    dict(
                        brightness_limit=0.2,
                        contrast_limit=0.2,
                        p=0.5,
                        type='RandomBrightnessContrast'),
                    dict(gamma_limit=(
                        80,
                        120,
                    ), p=0.3, type='RandomGamma'),
                    dict(
                        elementwise=True,
                        multiplier=(
                            0.85,
                            1.15,
                        ),
                        p=0.3,
                        type='MultiplicativeNoise'),
                    dict(blur_limit=7, p=0.2, type='MotionBlur'),
                ],
                type='AlbuBosGuvenli'),
            dict(keep_ratio=True, scale=(
                256,
                256,
            ), type='ResizeHassas'),
            dict(
                pad_val=dict(img=(
                    114,
                    114,
                    114,
                ), masks=0),
                size=(
                    256,
                    256,
                ),
                type='Pad'),
            dict(type='PackDetInputs'),
        ],
        type='CocoDataset'),
    num_workers=0,
    persistent_workers=False,
    pin_memory=True,
    sampler=dict(_scope_='mmdet', shuffle=True, type='DefaultSampler'))
train_pipeline = [
    dict(backend_args=None, type='LoadImageFromFile'),
    dict(
        poly2mask=True, type='LoadAnnotations', with_bbox=True,
        with_mask=True),
    dict(
        bbox_params=dict(
            filter_lost_elements=True,
            format='pascal_voc',
            label_fields=[
                'gt_bboxes_labels',
            ],
            min_visibility=0.0,
            type='BboxParams'),
        keymap=dict(gt_bboxes='bboxes', gt_masks='masks', img='image'),
        transforms=[
            dict(p=0.5, type='HorizontalFlip'),
            dict(
                p=0.7,
                rotate=(
                    -15,
                    15,
                ),
                scale=(
                    0.85,
                    1.15,
                ),
                translate_percent=(
                    -0.1,
                    0.1,
                ),
                type='Affine'),
            dict(alpha=30, p=0.25, sigma=6, type='ElasticTransform'),
            dict(
                brightness_limit=0.2,
                contrast_limit=0.2,
                p=0.5,
                type='RandomBrightnessContrast'),
            dict(gamma_limit=(
                80,
                120,
            ), p=0.3, type='RandomGamma'),
            dict(
                elementwise=True,
                multiplier=(
                    0.85,
                    1.15,
                ),
                p=0.3,
                type='MultiplicativeNoise'),
            dict(blur_limit=7, p=0.2, type='MotionBlur'),
        ],
        type='AlbuBosGuvenli'),
    dict(keep_ratio=True, scale=(
        256,
        256,
    ), type='ResizeHassas'),
    dict(
        pad_val=dict(img=(
            114,
            114,
            114,
        ), masks=0),
        size=(
            256,
            256,
        ),
        type='Pad'),
    dict(type='PackDetInputs'),
]
train_pipeline_stage2 = [
    dict(_scope_='mmdet', backend_args=None, type='LoadImageFromFile'),
    dict(
        _scope_='mmdet',
        poly2mask=False,
        type='LoadAnnotations',
        with_bbox=True,
        with_mask=True),
    dict(
        _scope_='mmdet',
        keep_ratio=True,
        ratio_range=(
            0.5,
            2.0,
        ),
        scale=(
            640,
            640,
        ),
        type='RandomResize'),
    dict(
        _scope_='mmdet',
        allow_negative_crop=True,
        crop_size=(
            640,
            640,
        ),
        recompute_bbox=True,
        type='RandomCrop'),
    dict(_scope_='mmdet', min_gt_bbox_wh=(
        1,
        1,
    ), type='FilterAnnotations'),
    dict(_scope_='mmdet', type='YOLOXHSVRandomAug'),
    dict(_scope_='mmdet', prob=0.5, type='RandomFlip'),
    dict(
        _scope_='mmdet',
        pad_val=dict(img=(
            114,
            114,
            114,
        )),
        size=(
            640,
            640,
        ),
        type='Pad'),
    dict(_scope_='mmdet', type='PackDetInputs'),
]
tta_model = dict(
    _scope_='mmdet',
    tta_cfg=dict(max_per_img=100, nms=dict(iou_threshold=0.6, type='nms')),
    type='DetTTAModel')
tta_pipeline = [
    dict(_scope_='mmdet', backend_args=None, type='LoadImageFromFile'),
    dict(
        _scope_='mmdet',
        transforms=[
            [
                dict(keep_ratio=True, scale=(
                    640,
                    640,
                ), type='Resize'),
                dict(keep_ratio=True, scale=(
                    320,
                    320,
                ), type='Resize'),
                dict(keep_ratio=True, scale=(
                    960,
                    960,
                ), type='Resize'),
            ],
            [
                dict(prob=1.0, type='RandomFlip'),
                dict(prob=0.0, type='RandomFlip'),
            ],
            [
                dict(
                    pad_val=dict(img=(
                        114,
                        114,
                        114,
                    )),
                    size=(
                        960,
                        960,
                    ),
                    type='Pad'),
            ],
            [
                dict(type='LoadAnnotations', with_bbox=True),
            ],
            [
                dict(
                    meta_keys=(
                        'img_id',
                        'img_path',
                        'ori_shape',
                        'img_shape',
                        'scale_factor',
                        'flip',
                        'flip_direction',
                    ),
                    type='PackDetInputs'),
            ],
        ],
        type='TestTimeAug'),
]
val_cfg = dict(_scope_='mmdet', type='ValLoop')
val_dataloader = dict(
    batch_size=1,
    dataset=dict(
        _scope_='mmdet',
        ann_file='d:/mamografi/real_time_segmentasyon/veri/coco/busi_val.json',
        backend_args=None,
        data_prefix=dict(img=''),
        data_root='d:/mamografi/real_time_segmentasyon/Dataset_BUSI_with_GT/',
        metainfo=dict(classes=('lezyon', ), palette=[
            (
                220,
                20,
                60,
            ),
        ]),
        pipeline=[
            dict(backend_args=None, type='LoadImageFromFile'),
            dict(keep_ratio=True, scale=(
                256,
                256,
            ), type='Resize'),
            dict(
                pad_val=dict(img=(
                    114,
                    114,
                    114,
                ), masks=0),
                size=(
                    256,
                    256,
                ),
                type='Pad'),
            dict(
                poly2mask=True,
                type='LoadAnnotations',
                with_bbox=True,
                with_mask=True),
            dict(
                meta_keys=(
                    'img_id',
                    'img_path',
                    'ori_shape',
                    'img_shape',
                    'scale_factor',
                ),
                type='PackDetInputs'),
        ],
        test_mode=True,
        type='CocoDataset'),
    drop_last=False,
    num_workers=0,
    persistent_workers=False,
    sampler=dict(_scope_='mmdet', shuffle=False, type='DefaultSampler'))
val_evaluator = dict(
    _scope_='mmdet',
    ann_file='d:/mamografi/real_time_segmentasyon/veri/coco/busi_val.json',
    backend_args=None,
    format_only=False,
    metric=[
        'bbox',
        'segm',
    ],
    proposal_nums=(
        100,
        1,
        10,
    ),
    type='CocoMetricHizali')
vis_backends = [
    dict(_scope_='mmdet', type='LocalVisBackend'),
]
visualizer = dict(
    _scope_='mmdet',
    name='visualizer',
    type='DetLocalVisualizer',
    vis_backends=[
        dict(type='LocalVisBackend'),
    ])
work_dir = 'd:/mamografi/real_time_segmentasyon/rtmdet/calisma/rtmdet_ins_tiny_256_orta'

2026/08/06 10:24:27 - mmengine - INFO - Distributed training is not used, all SyncBatchNorm (SyncBN) layers in the model will be automatically reverted to BatchNormXd layers if they are used.
2026/08/06 10:24:27 - mmengine - INFO - Hooks will be executed in the following order:
before_run:
(VERY_HIGH   ) RuntimeInfoHook                    
(49          ) EMAHook                            
(BELOW_NORMAL) LoggerHook                         
 -------------------- 
after_load_checkpoint:
(49          ) EMAHook                            
 -------------------- 
before_train:
(VERY_HIGH   ) RuntimeInfoHook                    
(49          ) EMAHook                            
(NORMAL      ) IterTimerHook                      
(VERY_LOW    ) CheckpointHook                     
 -------------------- 
before_train_epoch:
(VERY_HIGH   ) RuntimeInfoHook                    
(NORMAL      ) IterTimerHook                      
(NORMAL      ) DistSamplerSeedHook                
 -------------------- 
before_train_iter:
(VERY_HIGH   ) RuntimeInfoHook                    
(NORMAL      ) IterTimerHook                      
 -------------------- 
after_train_iter:
(VERY_HIGH   ) RuntimeInfoHook                    
(49          ) EMAHook                            
(NORMAL      ) IterTimerHook                      
(BELOW_NORMAL) LoggerHook                         
(LOW         ) ParamSchedulerHook                 
(VERY_LOW    ) CheckpointHook                     
 -------------------- 
after_train_epoch:
(NORMAL      ) IterTimerHook                      
(LOW         ) ParamSchedulerHook                 
(VERY_LOW    ) CheckpointHook                     
 -------------------- 
before_val:
(VERY_HIGH   ) RuntimeInfoHook                    
 -------------------- 
before_val_epoch:
(49          ) EMAHook                            
(NORMAL      ) IterTimerHook                      
 -------------------- 
before_val_iter:
(NORMAL      ) IterTimerHook                      
 -------------------- 
after_val_iter:
(NORMAL      ) IterTimerHook                      
(NORMAL      ) DetVisualizationHook               
(BELOW_NORMAL) LoggerHook                         
 -------------------- 
after_val_epoch:
(VERY_HIGH   ) RuntimeInfoHook                    
(49          ) EMAHook                            
(NORMAL      ) IterTimerHook                      
(BELOW_NORMAL) LoggerHook                         
(LOW         ) ParamSchedulerHook                 
(VERY_LOW    ) CheckpointHook                     
 -------------------- 
after_val:
(VERY_HIGH   ) RuntimeInfoHook                    
 -------------------- 
before_save_checkpoint:
(49          ) EMAHook                            
 -------------------- 
after_train:
(VERY_HIGH   ) RuntimeInfoHook                    
(VERY_LOW    ) CheckpointHook                     
 -------------------- 
before_test:
(VERY_HIGH   ) RuntimeInfoHook                    
 -------------------- 
before_test_epoch:
(49          ) EMAHook                            
(NORMAL      ) IterTimerHook                      
 -------------------- 
before_test_iter:
(NORMAL      ) IterTimerHook                      
 -------------------- 
after_test_iter:
(NORMAL      ) IterTimerHook                      
(NORMAL      ) DetVisualizationHook               
(BELOW_NORMAL) LoggerHook                         
 -------------------- 
after_test_epoch:
(VERY_HIGH   ) RuntimeInfoHook                    
(49          ) EMAHook                            
(NORMAL      ) IterTimerHook                      
(BELOW_NORMAL) LoggerHook                         
 -------------------- 
after_test:
(VERY_HIGH   ) RuntimeInfoHook                    
 -------------------- 
after_run:
(BELOW_NORMAL) LoggerHook                         
 -------------------- 
2026/08/06 10:24:29 - mmengine - INFO - paramwise_options -- backbone.stem.0.bn.weight:weight_decay=0.0
2026/08/06 10:24:29 - mmengine - INFO - paramwise_options -- backbone.stem.0.bn.bias:weight_decay=0.0
2026/08/06 10:24:29 - mmengine - INFO - paramwise_options -- backbone.stem.1.bn.weight:weight_decay=0.0
2026/08/06 10:24:29 - mmengine - INFO - paramwise_options -- backbone.stem.1.bn.bias:weight_decay=0.0
2026/08/06 10:24:29 - mmengine - INFO - paramwise_options -- backbone.stem.2.bn.weight:weight_decay=0.0
2026/08/06 10:24:29 - mmengine - INFO - paramwise_options -- backbone.stem.2.bn.bias:weight_decay=0.0
2026/08/06 10:24:29 - mmengine - INFO - paramwise_options -- backbone.stage1.0.bn.weight:weight_decay=0.0
2026/08/06 10:24:29 - mmengine - INFO - paramwise_options -- backbone.stage1.0.bn.bias:weight_decay=0.0
2026/08/06 10:24:29 - mmengine - INFO - paramwise_options -- backbone.stage1.1.main_conv.bn.weight:weight_decay=0.0
2026/08/06 10:24:29 - mmengine - INFO - paramwise_options -- backbone.stage1.1.main_conv.bn.bias:weight_decay=0.0
2026/08/06 10:24:29 - mmengine - INFO - paramwise_options -- backbone.stage1.1.short_conv.bn.weight:weight_decay=0.0
2026/08/06 10:24:29 - mmengine - INFO - paramwise_options -- backbone.stage1.1.short_conv.bn.bias:weight_decay=0.0
2026/08/06 10:24:29 - mmengine - INFO - paramwise_options -- backbone.stage1.1.final_conv.bn.weight:weight_decay=0.0
2026/08/06 10:24:29 - mmengine - INFO - paramwise_options -- backbone.stage1.1.final_conv.bn.bias:weight_decay=0.0
2026/08/06 10:24:29 - mmengine - INFO - paramwise_options -- backbone.stage1.1.blocks.0.conv1.bn.weight:weight_decay=0.0
2026/08/06 10:24:29 - mmengine - INFO - paramwise_options -- backbone.stage1.1.blocks.0.conv1.bn.bias:weight_decay=0.0
2026/08/06 10:24:29 - mmengine - INFO - paramwise_options -- backbone.stage1.1.blocks.0.conv2.depthwise_conv.bn.weight:weight_decay=0.0
2026/08/06 10:24:29 - mmengine - INFO - paramwise_options -- backbone.stage1.1.blocks.0.conv2.depthwise_conv.bn.bias:weight_decay=0.0
2026/08/06 10:24:29 - mmengine - INFO - paramwise_options -- backbone.stage1.1.blocks.0.conv2.pointwise_conv.bn.weight:weight_decay=0.0
2026/08/06 10:24:29 - mmengine - INFO - paramwise_options -- backbone.stage1.1.blocks.0.conv2.pointwise_conv.bn.bias:weight_decay=0.0
2026/08/06 10:24:29 - mmengine - INFO - paramwise_options -- backbone.stage1.1.attention.fc.bias:weight_decay=0.0
2026/08/06 10:24:29 - mmengine - INFO - paramwise_options -- backbone.stage2.0.bn.weight:weight_decay=0.0
2026/08/06 10:24:29 - mmengine - INFO - paramwise_options -- backbone.stage2.0.bn.bias:weight_decay=0.0
2026/08/06 10:24:29 - mmengine - INFO - paramwise_options -- backbone.stage2.1.main_conv.bn.weight:weight_decay=0.0
2026/08/06 10:24:29 - mmengine - INFO - paramwise_options -- backbone.stage2.1.main_conv.bn.bias:weight_decay=0.0
2026/08/06 10:24:29 - mmengine - INFO - paramwise_options -- backbone.stage2.1.short_conv.bn.weight:weight_decay=0.0
2026/08/06 10:24:29 - mmengine - INFO - paramwise_options -- backbone.stage2.1.short_conv.bn.bias:weight_decay=0.0
2026/08/06 10:24:29 - mmengine - INFO - paramwise_options -- backbone.stage2.1.final_conv.bn.weight:weight_decay=0.0
2026/08/06 10:24:29 - mmengine - INFO - paramwise_options -- backbone.stage2.1.final_conv.bn.bias:weight_decay=0.0
2026/08/06 10:24:29 - mmengine - INFO - paramwise_options -- backbone.stage2.1.blocks.0.conv1.bn.weight:weight_decay=0.0
2026/08/06 10:24:29 - mmengine - INFO - paramwise_options -- backbone.stage2.1.blocks.0.conv1.bn.bias:weight_decay=0.0
2026/08/06 10:24:29 - mmengine - INFO - paramwise_options -- backbone.stage2.1.blocks.0.conv2.depthwise_conv.bn.weight:weight_decay=0.0
2026/08/06 10:24:29 - mmengine - INFO - paramwise_options -- backbone.stage2.1.blocks.0.conv2.depthwise_conv.bn.bias:weight_decay=0.0
2026/08/06 10:24:29 - mmengine - INFO - paramwise_options -- backbone.stage2.1.blocks.0.conv2.pointwise_conv.bn.weight:weight_decay=0.0
2026/08/06 10:24:29 - mmengine - INFO - paramwise_options -- backbone.stage2.1.blocks.0.conv2.pointwise_conv.bn.bias:weight_decay=0.0
2026/08/06 10:24:29 - mmengine - INFO - paramwise_options -- backbone.stage2.1.attention.fc.bias:weight_decay=0.0
2026/08/06 10:24:29 - mmengine - INFO - paramwise_options -- backbone.stage3.0.bn.weight:weight_decay=0.0
2026/08/06 10:24:29 - mmengine - INFO - paramwise_options -- backbone.stage3.0.bn.bias:weight_decay=0.0
2026/08/06 10:24:29 - mmengine - INFO - paramwise_options -- backbone.stage3.1.main_conv.bn.weight:weight_decay=0.0
2026/08/06 10:24:29 - mmengine - INFO - paramwise_options -- backbone.stage3.1.main_conv.bn.bias:weight_decay=0.0
2026/08/06 10:24:29 - mmengine - INFO - paramwise_options -- backbone.stage3.1.short_conv.bn.weight:weight_decay=0.0
2026/08/06 10:24:29 - mmengine - INFO - paramwise_options -- backbone.stage3.1.short_conv.bn.bias:weight_decay=0.0
2026/08/06 10:24:29 - mmengine - INFO - paramwise_options -- backbone.stage3.1.final_conv.bn.weight:weight_decay=0.0
2026/08/06 10:24:29 - mmengine - INFO - paramwise_options -- backbone.stage3.1.final_conv.bn.bias:weight_decay=0.0
2026/08/06 10:24:29 - mmengine - INFO - paramwise_options -- backbone.stage3.1.blocks.0.conv1.bn.weight:weight_decay=0.0
2026/08/06 10:24:29 - mmengine - INFO - paramwise_options -- backbone.stage3.1.blocks.0.conv1.bn.bias:weight_decay=0.0
2026/08/06 10:24:29 - mmengine - INFO - paramwise_options -- backbone.stage3.1.blocks.0.conv2.depthwise_conv.bn.weight:weight_decay=0.0
2026/08/06 10:24:29 - mmengine - INFO - paramwise_options -- backbone.stage3.1.blocks.0.conv2.depthwise_conv.bn.bias:weight_decay=0.0
2026/08/06 10:24:29 - mmengine - INFO - paramwise_options -- backbone.stage3.1.blocks.0.conv2.pointwise_conv.bn.weight:weight_decay=0.0
2026/08/06 10:24:29 - mmengine - INFO - paramwise_options -- backbone.stage3.1.blocks.0.conv2.pointwise_conv.bn.bias:weight_decay=0.0
2026/08/06 10:24:29 - mmengine - INFO - paramwise_options -- backbone.stage3.1.attention.fc.bias:weight_decay=0.0
2026/08/06 10:24:29 - mmengine - INFO - paramwise_options -- backbone.stage4.0.bn.weight:weight_decay=0.0
2026/08/06 10:24:29 - mmengine - INFO - paramwise_options -- backbone.stage4.0.bn.bias:weight_decay=0.0
2026/08/06 10:24:29 - mmengine - INFO - paramwise_options -- backbone.stage4.1.conv1.bn.weight:weight_decay=0.0
2026/08/06 10:24:29 - mmengine - INFO - paramwise_options -- backbone.stage4.1.conv1.bn.bias:weight_decay=0.0
2026/08/06 10:24:29 - mmengine - INFO - paramwise_options -- backbone.stage4.1.conv2.bn.weight:weight_decay=0.0
2026/08/06 10:24:29 - mmengine - INFO - paramwise_options -- backbone.stage4.1.conv2.bn.bias:weight_decay=0.0
2026/08/06 10:24:29 - mmengine - INFO - paramwise_options -- backbone.stage4.2.main_conv.bn.weight:weight_decay=0.0
2026/08/06 10:24:29 - mmengine - INFO - paramwise_options -- backbone.stage4.2.main_conv.bn.bias:weight_decay=0.0
2026/08/06 10:24:29 - mmengine - INFO - paramwise_options -- backbone.stage4.2.short_conv.bn.weight:weight_decay=0.0
2026/08/06 10:24:29 - mmengine - INFO - paramwise_options -- backbone.stage4.2.short_conv.bn.bias:weight_decay=0.0
2026/08/06 10:24:29 - mmengine - INFO - paramwise_options -- backbone.stage4.2.final_conv.bn.weight:weight_decay=0.0
2026/08/06 10:24:29 - mmengine - INFO - paramwise_options -- backbone.stage4.2.final_conv.bn.bias:weight_decay=0.0
2026/08/06 10:24:29 - mmengine - INFO - paramwise_options -- backbone.stage4.2.blocks.0.conv1.bn.weight:weight_decay=0.0
2026/08/06 10:24:29 - mmengine - INFO - paramwise_options -- backbone.stage4.2.blocks.0.conv1.bn.bias:weight_decay=0.0
2026/08/06 10:24:29 - mmengine - INFO - paramwise_options -- backbone.stage4.2.blocks.0.conv2.depthwise_conv.bn.weight:weight_decay=0.0
2026/08/06 10:24:29 - mmengine - INFO - paramwise_options -- backbone.stage4.2.blocks.0.conv2.depthwise_conv.bn.bias:weight_decay=0.0
2026/08/06 10:24:29 - mmengine - INFO - paramwise_options -- backbone.stage4.2.blocks.0.conv2.pointwise_conv.bn.weight:weight_decay=0.0
2026/08/06 10:24:29 - mmengine - INFO - paramwise_options -- backbone.stage4.2.blocks.0.conv2.pointwise_conv.bn.bias:weight_decay=0.0
2026/08/06 10:24:29 - mmengine - INFO - paramwise_options -- backbone.stage4.2.attention.fc.bias:weight_decay=0.0
2026/08/06 10:24:29 - mmengine - INFO - paramwise_options -- neck.reduce_layers.0.bn.weight:weight_decay=0.0
2026/08/06 10:24:29 - mmengine - INFO - paramwise_options -- neck.reduce_layers.0.bn.bias:weight_decay=0.0
2026/08/06 10:24:29 - mmengine - INFO - paramwise_options -- neck.reduce_layers.1.bn.weight:weight_decay=0.0
2026/08/06 10:24:29 - mmengine - INFO - paramwise_options -- neck.reduce_layers.1.bn.bias:weight_decay=0.0
2026/08/06 10:24:29 - mmengine - INFO - paramwise_options -- neck.top_down_blocks.0.main_conv.bn.weight:weight_decay=0.0
2026/08/06 10:24:29 - mmengine - INFO - paramwise_options -- neck.top_down_blocks.0.main_conv.bn.bias:weight_decay=0.0
2026/08/06 10:24:29 - mmengine - INFO - paramwise_options -- neck.top_down_blocks.0.short_conv.bn.weight:weight_decay=0.0
2026/08/06 10:24:29 - mmengine - INFO - paramwise_options -- neck.top_down_blocks.0.short_conv.bn.bias:weight_decay=0.0
2026/08/06 10:24:29 - mmengine - INFO - paramwise_options -- neck.top_down_blocks.0.final_conv.bn.weight:weight_decay=0.0
2026/08/06 10:24:29 - mmengine - INFO - paramwise_options -- neck.top_down_blocks.0.final_conv.bn.bias:weight_decay=0.0
2026/08/06 10:24:29 - mmengine - INFO - paramwise_options -- neck.top_down_blocks.0.blocks.0.conv1.bn.weight:weight_decay=0.0
2026/08/06 10:24:29 - mmengine - INFO - paramwise_options -- neck.top_down_blocks.0.blocks.0.conv1.bn.bias:weight_decay=0.0
2026/08/06 10:24:29 - mmengine - INFO - paramwise_options -- neck.top_down_blocks.0.blocks.0.conv2.depthwise_conv.bn.weight:weight_decay=0.0
2026/08/06 10:24:29 - mmengine - INFO - paramwise_options -- neck.top_down_blocks.0.blocks.0.conv2.depthwise_conv.bn.bias:weight_decay=0.0
2026/08/06 10:24:29 - mmengine - INFO - paramwise_options -- neck.top_down_blocks.0.blocks.0.conv2.pointwise_conv.bn.weight:weight_decay=0.0
2026/08/06 10:24:29 - mmengine - INFO - paramwise_options -- neck.top_down_blocks.0.blocks.0.conv2.pointwise_conv.bn.bias:weight_decay=0.0
2026/08/06 10:24:29 - mmengine - INFO - paramwise_options -- neck.top_down_blocks.1.main_conv.bn.weight:weight_decay=0.0
2026/08/06 10:24:29 - mmengine - INFO - paramwise_options -- neck.top_down_blocks.1.main_conv.bn.bias:weight_decay=0.0
2026/08/06 10:24:29 - mmengine - INFO - paramwise_options -- neck.top_down_blocks.1.short_conv.bn.weight:weight_decay=0.0
2026/08/06 10:24:29 - mmengine - INFO - paramwise_options -- neck.top_down_blocks.1.short_conv.bn.bias:weight_decay=0.0
2026/08/06 10:24:29 - mmengine - INFO - paramwise_options -- neck.top_down_blocks.1.final_conv.bn.weight:weight_decay=0.0
2026/08/06 10:24:29 - mmengine - INFO - paramwise_options -- neck.top_down_blocks.1.final_conv.bn.bias:weight_decay=0.0
2026/08/06 10:24:29 - mmengine - INFO - paramwise_options -- neck.top_down_blocks.1.blocks.0.conv1.bn.weight:weight_decay=0.0
2026/08/06 10:24:29 - mmengine - INFO - paramwise_options -- neck.top_down_blocks.1.blocks.0.conv1.bn.bias:weight_decay=0.0
2026/08/06 10:24:29 - mmengine - INFO - paramwise_options -- neck.top_down_blocks.1.blocks.0.conv2.depthwise_conv.bn.weight:weight_decay=0.0
2026/08/06 10:24:29 - mmengine - INFO - paramwise_options -- neck.top_down_blocks.1.blocks.0.conv2.depthwise_conv.bn.bias:weight_decay=0.0
2026/08/06 10:24:29 - mmengine - INFO - paramwise_options -- neck.top_down_blocks.1.blocks.0.conv2.pointwise_conv.bn.weight:weight_decay=0.0
2026/08/06 10:24:29 - mmengine - INFO - paramwise_options -- neck.top_down_blocks.1.blocks.0.conv2.pointwise_conv.bn.bias:weight_decay=0.0
2026/08/06 10:24:29 - mmengine - INFO - paramwise_options -- neck.downsamples.0.bn.weight:weight_decay=0.0
2026/08/06 10:24:29 - mmengine - INFO - paramwise_options -- neck.downsamples.0.bn.bias:weight_decay=0.0
2026/08/06 10:24:29 - mmengine - INFO - paramwise_options -- neck.downsamples.1.bn.weight:weight_decay=0.0
2026/08/06 10:24:29 - mmengine - INFO - paramwise_options -- neck.downsamples.1.bn.bias:weight_decay=0.0
2026/08/06 10:24:29 - mmengine - INFO - paramwise_options -- neck.bottom_up_blocks.0.main_conv.bn.weight:weight_decay=0.0
2026/08/06 10:24:29 - mmengine - INFO - paramwise_options -- neck.bottom_up_blocks.0.main_conv.bn.bias:weight_decay=0.0
2026/08/06 10:24:29 - mmengine - INFO - paramwise_options -- neck.bottom_up_blocks.0.short_conv.bn.weight:weight_decay=0.0
2026/08/06 10:24:29 - mmengine - INFO - paramwise_options -- neck.bottom_up_blocks.0.short_conv.bn.bias:weight_decay=0.0
2026/08/06 10:24:29 - mmengine - INFO - paramwise_options -- neck.bottom_up_blocks.0.final_conv.bn.weight:weight_decay=0.0
2026/08/06 10:24:29 - mmengine - INFO - paramwise_options -- neck.bottom_up_blocks.0.final_conv.bn.bias:weight_decay=0.0
2026/08/06 10:24:29 - mmengine - INFO - paramwise_options -- neck.bottom_up_blocks.0.blocks.0.conv1.bn.weight:weight_decay=0.0
2026/08/06 10:24:29 - mmengine - INFO - paramwise_options -- neck.bottom_up_blocks.0.blocks.0.conv1.bn.bias:weight_decay=0.0
2026/08/06 10:24:29 - mmengine - INFO - paramwise_options -- neck.bottom_up_blocks.0.blocks.0.conv2.depthwise_conv.bn.weight:weight_decay=0.0
2026/08/06 10:24:29 - mmengine - INFO - paramwise_options -- neck.bottom_up_blocks.0.blocks.0.conv2.depthwise_conv.bn.bias:weight_decay=0.0
2026/08/06 10:24:29 - mmengine - INFO - paramwise_options -- neck.bottom_up_blocks.0.blocks.0.conv2.pointwise_conv.bn.weight:weight_decay=0.0
2026/08/06 10:24:29 - mmengine - INFO - paramwise_options -- neck.bottom_up_blocks.0.blocks.0.conv2.pointwise_conv.bn.bias:weight_decay=0.0
2026/08/06 10:24:29 - mmengine - INFO - paramwise_options -- neck.bottom_up_blocks.1.main_conv.bn.weight:weight_decay=0.0
2026/08/06 10:24:29 - mmengine - INFO - paramwise_options -- neck.bottom_up_blocks.1.main_conv.bn.bias:weight_decay=0.0
2026/08/06 10:24:29 - mmengine - INFO - paramwise_options -- neck.bottom_up_blocks.1.short_conv.bn.weight:weight_decay=0.0
2026/08/06 10:24:29 - mmengine - INFO - paramwise_options -- neck.bottom_up_blocks.1.short_conv.bn.bias:weight_decay=0.0
2026/08/06 10:24:29 - mmengine - INFO - paramwise_options -- neck.bottom_up_blocks.1.final_conv.bn.weight:weight_decay=0.0
2026/08/06 10:24:29 - mmengine - INFO - paramwise_options -- neck.bottom_up_blocks.1.final_conv.bn.bias:weight_decay=0.0
2026/08/06 10:24:29 - mmengine - INFO - paramwise_options -- neck.bottom_up_blocks.1.blocks.0.conv1.bn.weight:weight_decay=0.0
2026/08/06 10:24:29 - mmengine - INFO - paramwise_options -- neck.bottom_up_blocks.1.blocks.0.conv1.bn.bias:weight_decay=0.0
2026/08/06 10:24:29 - mmengine - INFO - paramwise_options -- neck.bottom_up_blocks.1.blocks.0.conv2.depthwise_conv.bn.weight:weight_decay=0.0
2026/08/06 10:24:29 - mmengine - INFO - paramwise_options -- neck.bottom_up_blocks.1.blocks.0.conv2.depthwise_conv.bn.bias:weight_decay=0.0
2026/08/06 10:24:29 - mmengine - INFO - paramwise_options -- neck.bottom_up_blocks.1.blocks.0.conv2.pointwise_conv.bn.weight:weight_decay=0.0
2026/08/06 10:24:29 - mmengine - INFO - paramwise_options -- neck.bottom_up_blocks.1.blocks.0.conv2.pointwise_conv.bn.bias:weight_decay=0.0
2026/08/06 10:24:29 - mmengine - INFO - paramwise_options -- neck.out_convs.0.bn.weight:weight_decay=0.0
2026/08/06 10:24:29 - mmengine - INFO - paramwise_options -- neck.out_convs.0.bn.bias:weight_decay=0.0
2026/08/06 10:24:29 - mmengine - INFO - paramwise_options -- neck.out_convs.1.bn.weight:weight_decay=0.0
2026/08/06 10:24:29 - mmengine - INFO - paramwise_options -- neck.out_convs.1.bn.bias:weight_decay=0.0
2026/08/06 10:24:29 - mmengine - INFO - paramwise_options -- neck.out_convs.2.bn.weight:weight_decay=0.0
2026/08/06 10:24:29 - mmengine - INFO - paramwise_options -- neck.out_convs.2.bn.bias:weight_decay=0.0
2026/08/06 10:24:29 - mmengine - INFO - paramwise_options -- bbox_head.cls_convs.0.0.bn.weight:weight_decay=0.0
2026/08/06 10:24:29 - mmengine - INFO - paramwise_options -- bbox_head.cls_convs.0.0.bn.bias:weight_decay=0.0
2026/08/06 10:24:29 - mmengine - INFO - paramwise_options -- bbox_head.cls_convs.0.1.bn.weight:weight_decay=0.0
2026/08/06 10:24:29 - mmengine - INFO - paramwise_options -- bbox_head.cls_convs.0.1.bn.bias:weight_decay=0.0
2026/08/06 10:24:29 - mmengine - WARNING - bbox_head.cls_convs.1.0.conv is duplicate. It is skipped since bypass_duplicate=True
2026/08/06 10:24:29 - mmengine - INFO - paramwise_options -- bbox_head.cls_convs.1.0.bn.weight:weight_decay=0.0
2026/08/06 10:24:29 - mmengine - INFO - paramwise_options -- bbox_head.cls_convs.1.0.bn.bias:weight_decay=0.0
2026/08/06 10:24:29 - mmengine - WARNING - bbox_head.cls_convs.1.1.conv is duplicate. It is skipped since bypass_duplicate=True
2026/08/06 10:24:29 - mmengine - INFO - paramwise_options -- bbox_head.cls_convs.1.1.bn.weight:weight_decay=0.0
2026/08/06 10:24:29 - mmengine - INFO - paramwise_options -- bbox_head.cls_convs.1.1.bn.bias:weight_decay=0.0
2026/08/06 10:24:29 - mmengine - WARNING - bbox_head.cls_convs.2.0.conv is duplicate. It is skipped since bypass_duplicate=True
2026/08/06 10:24:29 - mmengine - INFO - paramwise_options -- bbox_head.cls_convs.2.0.bn.weight:weight_decay=0.0
2026/08/06 10:24:29 - mmengine - INFO - paramwise_options -- bbox_head.cls_convs.2.0.bn.bias:weight_decay=0.0
2026/08/06 10:24:29 - mmengine - WARNING - bbox_head.cls_convs.2.1.conv is duplicate. It is skipped since bypass_duplicate=True
2026/08/06 10:24:29 - mmengine - INFO - paramwise_options -- bbox_head.cls_convs.2.1.bn.weight:weight_decay=0.0
2026/08/06 10:24:29 - mmengine - INFO - paramwise_options -- bbox_head.cls_convs.2.1.bn.bias:weight_decay=0.0
2026/08/06 10:24:29 - mmengine - WARNING - bbox_head.reg_convs.0.0.conv is duplicate. It is skipped since bypass_duplicate=True
2026/08/06 10:24:29 - mmengine - WARNING - bbox_head.reg_convs.0.0.bn is duplicate. It is skipped since bypass_duplicate=True
2026/08/06 10:24:29 - mmengine - WARNING - bbox_head.reg_convs.0.1.conv is duplicate. It is skipped since bypass_duplicate=True
2026/08/06 10:24:29 - mmengine - WARNING - bbox_head.reg_convs.0.1.bn is duplicate. It is skipped since bypass_duplicate=True
2026/08/06 10:24:29 - mmengine - WARNING - bbox_head.reg_convs.1.0.conv is duplicate. It is skipped since bypass_duplicate=True
2026/08/06 10:24:29 - mmengine - WARNING - bbox_head.reg_convs.1.0.bn is duplicate. It is skipped since bypass_duplicate=True
2026/08/06 10:24:29 - mmengine - WARNING - bbox_head.reg_convs.1.1.conv is duplicate. It is skipped since bypass_duplicate=True
2026/08/06 10:24:29 - mmengine - WARNING - bbox_head.reg_convs.1.1.bn is duplicate. It is skipped since bypass_duplicate=True
2026/08/06 10:24:29 - mmengine - WARNING - bbox_head.reg_convs.2.0.conv is duplicate. It is skipped since bypass_duplicate=True
2026/08/06 10:24:29 - mmengine - WARNING - bbox_head.reg_convs.2.0.bn is duplicate. It is skipped since bypass_duplicate=True
2026/08/06 10:24:29 - mmengine - WARNING - bbox_head.reg_convs.2.1.conv is duplicate. It is skipped since bypass_duplicate=True
2026/08/06 10:24:29 - mmengine - WARNING - bbox_head.reg_convs.2.1.bn is duplicate. It is skipped since bypass_duplicate=True
2026/08/06 10:24:29 - mmengine - INFO - paramwise_options -- bbox_head.kernel_convs.0.0.bn.weight:weight_decay=0.0
2026/08/06 10:24:29 - mmengine - INFO - paramwise_options -- bbox_head.kernel_convs.0.0.bn.bias:weight_decay=0.0
2026/08/06 10:24:29 - mmengine - INFO - paramwise_options -- bbox_head.kernel_convs.0.1.bn.weight:weight_decay=0.0
2026/08/06 10:24:29 - mmengine - INFO - paramwise_options -- bbox_head.kernel_convs.0.1.bn.bias:weight_decay=0.0
2026/08/06 10:24:29 - mmengine - INFO - paramwise_options -- bbox_head.kernel_convs.1.0.bn.weight:weight_decay=0.0
2026/08/06 10:24:29 - mmengine - INFO - paramwise_options -- bbox_head.kernel_convs.1.0.bn.bias:weight_decay=0.0
2026/08/06 10:24:29 - mmengine - INFO - paramwise_options -- bbox_head.kernel_convs.1.1.bn.weight:weight_decay=0.0
2026/08/06 10:24:29 - mmengine - INFO - paramwise_options -- bbox_head.kernel_convs.1.1.bn.bias:weight_decay=0.0
2026/08/06 10:24:29 - mmengine - INFO - paramwise_options -- bbox_head.kernel_convs.2.0.bn.weight:weight_decay=0.0
2026/08/06 10:24:29 - mmengine - INFO - paramwise_options -- bbox_head.kernel_convs.2.0.bn.bias:weight_decay=0.0
2026/08/06 10:24:29 - mmengine - INFO - paramwise_options -- bbox_head.kernel_convs.2.1.bn.weight:weight_decay=0.0
2026/08/06 10:24:29 - mmengine - INFO - paramwise_options -- bbox_head.kernel_convs.2.1.bn.bias:weight_decay=0.0
2026/08/06 10:24:29 - mmengine - INFO - paramwise_options -- bbox_head.rtm_cls.0.bias:weight_decay=0.0
2026/08/06 10:24:29 - mmengine - INFO - paramwise_options -- bbox_head.rtm_cls.1.bias:weight_decay=0.0
2026/08/06 10:24:29 - mmengine - INFO - paramwise_options -- bbox_head.rtm_cls.2.bias:weight_decay=0.0
2026/08/06 10:24:29 - mmengine - INFO - paramwise_options -- bbox_head.rtm_reg.0.bias:weight_decay=0.0
2026/08/06 10:24:29 - mmengine - INFO - paramwise_options -- bbox_head.rtm_reg.1.bias:weight_decay=0.0
2026/08/06 10:24:29 - mmengine - INFO - paramwise_options -- bbox_head.rtm_reg.2.bias:weight_decay=0.0
2026/08/06 10:24:29 - mmengine - INFO - paramwise_options -- bbox_head.rtm_kernel.0.bias:weight_decay=0.0
2026/08/06 10:24:29 - mmengine - INFO - paramwise_options -- bbox_head.rtm_kernel.1.bias:weight_decay=0.0
2026/08/06 10:24:29 - mmengine - INFO - paramwise_options -- bbox_head.rtm_kernel.2.bias:weight_decay=0.0
2026/08/06 10:24:29 - mmengine - INFO - paramwise_options -- bbox_head.mask_head.fusion_conv.bias:weight_decay=0.0
2026/08/06 10:24:29 - mmengine - INFO - paramwise_options -- bbox_head.mask_head.stacked_convs.0.bn.weight:weight_decay=0.0
2026/08/06 10:24:29 - mmengine - INFO - paramwise_options -- bbox_head.mask_head.stacked_convs.0.bn.bias:weight_decay=0.0
2026/08/06 10:24:29 - mmengine - INFO - paramwise_options -- bbox_head.mask_head.stacked_convs.1.bn.weight:weight_decay=0.0
2026/08/06 10:24:29 - mmengine - INFO - paramwise_options -- bbox_head.mask_head.stacked_convs.1.bn.bias:weight_decay=0.0
2026/08/06 10:24:29 - mmengine - INFO - paramwise_options -- bbox_head.mask_head.stacked_convs.2.bn.weight:weight_decay=0.0
2026/08/06 10:24:29 - mmengine - INFO - paramwise_options -- bbox_head.mask_head.stacked_convs.2.bn.bias:weight_decay=0.0
2026/08/06 10:24:29 - mmengine - INFO - paramwise_options -- bbox_head.mask_head.stacked_convs.3.bn.weight:weight_decay=0.0
2026/08/06 10:24:29 - mmengine - INFO - paramwise_options -- bbox_head.mask_head.stacked_convs.3.bn.bias:weight_decay=0.0
2026/08/06 10:24:29 - mmengine - INFO - paramwise_options -- bbox_head.mask_head.projection.bias:weight_decay=0.0
2026/08/06 10:24:30 - mmengine - INFO - load backbone. in model from: https://download.openmmlab.com/mmdetection/v3.0/rtmdet/cspnext_rsb_pretrain/cspnext-tiny_imagenet_600e.pth
Name of parameter - Initialization information

backbone.stem.0.conv.weight - torch.Size([12, 3, 3, 3]): 
PretrainedInit: load from https://download.openmmlab.com/mmdetection/v3.0/rtmdet/cspnext_rsb_pretrain/cspnext-tiny_imagenet_600e.pth 

backbone.stem.0.bn.weight - torch.Size([12]): 
PretrainedInit: load from https://download.openmmlab.com/mmdetection/v3.0/rtmdet/cspnext_rsb_pretrain/cspnext-tiny_imagenet_600e.pth 

backbone.stem.0.bn.bias - torch.Size([12]): 
PretrainedInit: load from https://download.openmmlab.com/mmdetection/v3.0/rtmdet/cspnext_rsb_pretrain/cspnext-tiny_imagenet_600e.pth 

backbone.stem.1.conv.weight - torch.Size([12, 12, 3, 3]): 
PretrainedInit: load from https://download.openmmlab.com/mmdetection/v3.0/rtmdet/cspnext_rsb_pretrain/cspnext-tiny_imagenet_600e.pth 

backbone.stem.1.bn.weight - torch.Size([12]): 
PretrainedInit: load from https://download.openmmlab.com/mmdetection/v3.0/rtmdet/cspnext_rsb_pretrain/cspnext-tiny_imagenet_600e.pth 

backbone.stem.1.bn.bias - torch.Size([12]): 
PretrainedInit: load from https://download.openmmlab.com/mmdetection/v3.0/rtmdet/cspnext_rsb_pretrain/cspnext-tiny_imagenet_600e.pth 

backbone.stem.2.conv.weight - torch.Size([24, 12, 3, 3]): 
PretrainedInit: load from https://download.openmmlab.com/mmdetection/v3.0/rtmdet/cspnext_rsb_pretrain/cspnext-tiny_imagenet_600e.pth 

backbone.stem.2.bn.weight - torch.Size([24]): 
PretrainedInit: load from https://download.openmmlab.com/mmdetection/v3.0/rtmdet/cspnext_rsb_pretrain/cspnext-tiny_imagenet_600e.pth 

backbone.stem.2.bn.bias - torch.Size([24]): 
PretrainedInit: load from https://download.openmmlab.com/mmdetection/v3.0/rtmdet/cspnext_rsb_pretrain/cspnext-tiny_imagenet_600e.pth 

backbone.stage1.0.conv.weight - torch.Size([48, 24, 3, 3]): 
PretrainedInit: load from https://download.openmmlab.com/mmdetection/v3.0/rtmdet/cspnext_rsb_pretrain/cspnext-tiny_imagenet_600e.pth 

backbone.stage1.0.bn.weight - torch.Size([48]): 
PretrainedInit: load from https://download.openmmlab.com/mmdetection/v3.0/rtmdet/cspnext_rsb_pretrain/cspnext-tiny_imagenet_600e.pth 

backbone.stage1.0.bn.bias - torch.Size([48]): 
PretrainedInit: load from https://download.openmmlab.com/mmdetection/v3.0/rtmdet/cspnext_rsb_pretrain/cspnext-tiny_imagenet_600e.pth 

backbone.stage1.1.main_conv.conv.weight - torch.Size([24, 48, 1, 1]): 
PretrainedInit: load from https://download.openmmlab.com/mmdetection/v3.0/rtmdet/cspnext_rsb_pretrain/cspnext-tiny_imagenet_600e.pth 

backbone.stage1.1.main_conv.bn.weight - torch.Size([24]): 
PretrainedInit: load from https://download.openmmlab.com/mmdetection/v3.0/rtmdet/cspnext_rsb_pretrain/cspnext-tiny_imagenet_600e.pth 

backbone.stage1.1.main_conv.bn.bias - torch.Size([24]): 
PretrainedInit: load from https://download.openmmlab.com/mmdetection/v3.0/rtmdet/cspnext_rsb_pretrain/cspnext-tiny_imagenet_600e.pth 

backbone.stage1.1.short_conv.conv.weight - torch.Size([24, 48, 1, 1]): 
PretrainedInit: load from https://download.openmmlab.com/mmdetection/v3.0/rtmdet/cspnext_rsb_pretrain/cspnext-tiny_imagenet_600e.pth 

backbone.stage1.1.short_conv.bn.weight - torch.Size([24]): 
PretrainedInit: load from https://download.openmmlab.com/mmdetection/v3.0/rtmdet/cspnext_rsb_pretrain/cspnext-tiny_imagenet_600e.pth 

backbone.stage1.1.short_conv.bn.bias - torch.Size([24]): 
PretrainedInit: load from https://download.openmmlab.com/mmdetection/v3.0/rtmdet/cspnext_rsb_pretrain/cspnext-tiny_imagenet_600e.pth 

backbone.stage1.1.final_conv.conv.weight - torch.Size([48, 48, 1, 1]): 
PretrainedInit: load from https://download.openmmlab.com/mmdetection/v3.0/rtmdet/cspnext_rsb_pretrain/cspnext-tiny_imagenet_600e.pth 

backbone.stage1.1.final_conv.bn.weight - torch.Size([48]): 
PretrainedInit: load from https://download.openmmlab.com/mmdetection/v3.0/rtmdet/cspnext_rsb_pretrain/cspnext-tiny_imagenet_600e.pth 

backbone.stage1.1.final_conv.bn.bias - torch.Size([48]): 
PretrainedInit: load from https://download.openmmlab.com/mmdetection/v3.0/rtmdet/cspnext_rsb_pretrain/cspnext-tiny_imagenet_600e.pth 

backbone.stage1.1.blocks.0.conv1.conv.weight - torch.Size([24, 24, 3, 3]): 
PretrainedInit: load from https://download.openmmlab.com/mmdetection/v3.0/rtmdet/cspnext_rsb_pretrain/cspnext-tiny_imagenet_600e.pth 

backbone.stage1.1.blocks.0.conv1.bn.weight - torch.Size([24]): 
PretrainedInit: load from https://download.openmmlab.com/mmdetection/v3.0/rtmdet/cspnext_rsb_pretrain/cspnext-tiny_imagenet_600e.pth 

backbone.stage1.1.blocks.0.conv1.bn.bias - torch.Size([24]): 
PretrainedInit: load from https://download.openmmlab.com/mmdetection/v3.0/rtmdet/cspnext_rsb_pretrain/cspnext-tiny_imagenet_600e.pth 

backbone.stage1.1.blocks.0.conv2.depthwise_conv.conv.weight - torch.Size([24, 1, 5, 5]): 
PretrainedInit: load from https://download.openmmlab.com/mmdetection/v3.0/rtmdet/cspnext_rsb_pretrain/cspnext-tiny_imagenet_600e.pth 

backbone.stage1.1.blocks.0.conv2.depthwise_conv.bn.weight - torch.Size([24]): 
PretrainedInit: load from https://download.openmmlab.com/mmdetection/v3.0/rtmdet/cspnext_rsb_pretrain/cspnext-tiny_imagenet_600e.pth 

backbone.stage1.1.blocks.0.conv2.depthwise_conv.bn.bias - torch.Size([24]): 
PretrainedInit: load from https://download.openmmlab.com/mmdetection/v3.0/rtmdet/cspnext_rsb_pretrain/cspnext-tiny_imagenet_600e.pth 

backbone.stage1.1.blocks.0.conv2.pointwise_conv.conv.weight - torch.Size([24, 24, 1, 1]): 
PretrainedInit: load from https://download.openmmlab.com/mmdetection/v3.0/rtmdet/cspnext_rsb_pretrain/cspnext-tiny_imagenet_600e.pth 

backbone.stage1.1.blocks.0.conv2.pointwise_conv.bn.weight - torch.Size([24]): 
PretrainedInit: load from https://download.openmmlab.com/mmdetection/v3.0/rtmdet/cspnext_rsb_pretrain/cspnext-tiny_imagenet_600e.pth 

backbone.stage1.1.blocks.0.conv2.pointwise_conv.bn.bias - torch.Size([24]): 
PretrainedInit: load from https://download.openmmlab.com/mmdetection/v3.0/rtmdet/cspnext_rsb_pretrain/cspnext-tiny_imagenet_600e.pth 

backbone.stage1.1.attention.fc.weight - torch.Size([48, 48, 1, 1]): 
PretrainedInit: load from https://download.openmmlab.com/mmdetection/v3.0/rtmdet/cspnext_rsb_pretrain/cspnext-tiny_imagenet_600e.pth 

backbone.stage1.1.attention.fc.bias - torch.Size([48]): 
PretrainedInit: load from https://download.openmmlab.com/mmdetection/v3.0/rtmdet/cspnext_rsb_pretrain/cspnext-tiny_imagenet_600e.pth 

backbone.stage2.0.conv.weight - torch.Size([96, 48, 3, 3]): 
PretrainedInit: load from https://download.openmmlab.com/mmdetection/v3.0/rtmdet/cspnext_rsb_pretrain/cspnext-tiny_imagenet_600e.pth 

backbone.stage2.0.bn.weight - torch.Size([96]): 
PretrainedInit: load from https://download.openmmlab.com/mmdetection/v3.0/rtmdet/cspnext_rsb_pretrain/cspnext-tiny_imagenet_600e.pth 

backbone.stage2.0.bn.bias - torch.Size([96]): 
PretrainedInit: load from https://download.openmmlab.com/mmdetection/v3.0/rtmdet/cspnext_rsb_pretrain/cspnext-tiny_imagenet_600e.pth 

backbone.stage2.1.main_conv.conv.weight - torch.Size([48, 96, 1, 1]): 
PretrainedInit: load from https://download.openmmlab.com/mmdetection/v3.0/rtmdet/cspnext_rsb_pretrain/cspnext-tiny_imagenet_600e.pth 

backbone.stage2.1.main_conv.bn.weight - torch.Size([48]): 
PretrainedInit: load from https://download.openmmlab.com/mmdetection/v3.0/rtmdet/cspnext_rsb_pretrain/cspnext-tiny_imagenet_600e.pth 

backbone.stage2.1.main_conv.bn.bias - torch.Size([48]): 
PretrainedInit: load from https://download.openmmlab.com/mmdetection/v3.0/rtmdet/cspnext_rsb_pretrain/cspnext-tiny_imagenet_600e.pth 

backbone.stage2.1.short_conv.conv.weight - torch.Size([48, 96, 1, 1]): 
PretrainedInit: load from https://download.openmmlab.com/mmdetection/v3.0/rtmdet/cspnext_rsb_pretrain/cspnext-tiny_imagenet_600e.pth 

backbone.stage2.1.short_conv.bn.weight - torch.Size([48]): 
PretrainedInit: load from https://download.openmmlab.com/mmdetection/v3.0/rtmdet/cspnext_rsb_pretrain/cspnext-tiny_imagenet_600e.pth 

backbone.stage2.1.short_conv.bn.bias - torch.Size([48]): 
PretrainedInit: load from https://download.openmmlab.com/mmdetection/v3.0/rtmdet/cspnext_rsb_pretrain/cspnext-tiny_imagenet_600e.pth 

backbone.stage2.1.final_conv.conv.weight - torch.Size([96, 96, 1, 1]): 
PretrainedInit: load from https://download.openmmlab.com/mmdetection/v3.0/rtmdet/cspnext_rsb_pretrain/cspnext-tiny_imagenet_600e.pth 

backbone.stage2.1.final_conv.bn.weight - torch.Size([96]): 
PretrainedInit: load from https://download.openmmlab.com/mmdetection/v3.0/rtmdet/cspnext_rsb_pretrain/cspnext-tiny_imagenet_600e.pth 

backbone.stage2.1.final_conv.bn.bias - torch.Size([96]): 
PretrainedInit: load from https://download.openmmlab.com/mmdetection/v3.0/rtmdet/cspnext_rsb_pretrain/cspnext-tiny_imagenet_600e.pth 

backbone.stage2.1.blocks.0.conv1.conv.weight - torch.Size([48, 48, 3, 3]): 
PretrainedInit: load from https://download.openmmlab.com/mmdetection/v3.0/rtmdet/cspnext_rsb_pretrain/cspnext-tiny_imagenet_600e.pth 

backbone.stage2.1.blocks.0.conv1.bn.weight - torch.Size([48]): 
PretrainedInit: load from https://download.openmmlab.com/mmdetection/v3.0/rtmdet/cspnext_rsb_pretrain/cspnext-tiny_imagenet_600e.pth 

backbone.stage2.1.blocks.0.conv1.bn.bias - torch.Size([48]): 
PretrainedInit: load from https://download.openmmlab.com/mmdetection/v3.0/rtmdet/cspnext_rsb_pretrain/cspnext-tiny_imagenet_600e.pth 

backbone.stage2.1.blocks.0.conv2.depthwise_conv.conv.weight - torch.Size([48, 1, 5, 5]): 
PretrainedInit: load from https://download.openmmlab.com/mmdetection/v3.0/rtmdet/cspnext_rsb_pretrain/cspnext-tiny_imagenet_600e.pth 

backbone.stage2.1.blocks.0.conv2.depthwise_conv.bn.weight - torch.Size([48]): 
PretrainedInit: load from https://download.openmmlab.com/mmdetection/v3.0/rtmdet/cspnext_rsb_pretrain/cspnext-tiny_imagenet_600e.pth 

backbone.stage2.1.blocks.0.conv2.depthwise_conv.bn.bias - torch.Size([48]): 
PretrainedInit: load from https://download.openmmlab.com/mmdetection/v3.0/rtmdet/cspnext_rsb_pretrain/cspnext-tiny_imagenet_600e.pth 

backbone.stage2.1.blocks.0.conv2.pointwise_conv.conv.weight - torch.Size([48, 48, 1, 1]): 
PretrainedInit: load from https://download.openmmlab.com/mmdetection/v3.0/rtmdet/cspnext_rsb_pretrain/cspnext-tiny_imagenet_600e.pth 

backbone.stage2.1.blocks.0.conv2.pointwise_conv.bn.weight - torch.Size([48]): 
PretrainedInit: load from https://download.openmmlab.com/mmdetection/v3.0/rtmdet/cspnext_rsb_pretrain/cspnext-tiny_imagenet_600e.pth 

backbone.stage2.1.blocks.0.conv2.pointwise_conv.bn.bias - torch.Size([48]): 
PretrainedInit: load from https://download.openmmlab.com/mmdetection/v3.0/rtmdet/cspnext_rsb_pretrain/cspnext-tiny_imagenet_600e.pth 

backbone.stage2.1.attention.fc.weight - torch.Size([96, 96, 1, 1]): 
PretrainedInit: load from https://download.openmmlab.com/mmdetection/v3.0/rtmdet/cspnext_rsb_pretrain/cspnext-tiny_imagenet_600e.pth 

backbone.stage2.1.attention.fc.bias - torch.Size([96]): 
PretrainedInit: load from https://download.openmmlab.com/mmdetection/v3.0/rtmdet/cspnext_rsb_pretrain/cspnext-tiny_imagenet_600e.pth 

backbone.stage3.0.conv.weight - torch.Size([192, 96, 3, 3]): 
PretrainedInit: load from https://download.openmmlab.com/mmdetection/v3.0/rtmdet/cspnext_rsb_pretrain/cspnext-tiny_imagenet_600e.pth 

backbone.stage3.0.bn.weight - torch.Size([192]): 
PretrainedInit: load from https://download.openmmlab.com/mmdetection/v3.0/rtmdet/cspnext_rsb_pretrain/cspnext-tiny_imagenet_600e.pth 

backbone.stage3.0.bn.bias - torch.Size([192]): 
PretrainedInit: load from https://download.openmmlab.com/mmdetection/v3.0/rtmdet/cspnext_rsb_pretrain/cspnext-tiny_imagenet_600e.pth 

backbone.stage3.1.main_conv.conv.weight - torch.Size([96, 192, 1, 1]): 
PretrainedInit: load from https://download.openmmlab.com/mmdetection/v3.0/rtmdet/cspnext_rsb_pretrain/cspnext-tiny_imagenet_600e.pth 

backbone.stage3.1.main_conv.bn.weight - torch.Size([96]): 
PretrainedInit: load from https://download.openmmlab.com/mmdetection/v3.0/rtmdet/cspnext_rsb_pretrain/cspnext-tiny_imagenet_600e.pth 

backbone.stage3.1.main_conv.bn.bias - torch.Size([96]): 
PretrainedInit: load from https://download.openmmlab.com/mmdetection/v3.0/rtmdet/cspnext_rsb_pretrain/cspnext-tiny_imagenet_600e.pth 

backbone.stage3.1.short_conv.conv.weight - torch.Size([96, 192, 1, 1]): 
PretrainedInit: load from https://download.openmmlab.com/mmdetection/v3.0/rtmdet/cspnext_rsb_pretrain/cspnext-tiny_imagenet_600e.pth 

backbone.stage3.1.short_conv.bn.weight - torch.Size([96]): 
PretrainedInit: load from https://download.openmmlab.com/mmdetection/v3.0/rtmdet/cspnext_rsb_pretrain/cspnext-tiny_imagenet_600e.pth 

backbone.stage3.1.short_conv.bn.bias - torch.Size([96]): 
PretrainedInit: load from https://download.openmmlab.com/mmdetection/v3.0/rtmdet/cspnext_rsb_pretrain/cspnext-tiny_imagenet_600e.pth 

backbone.stage3.1.final_conv.conv.weight - torch.Size([192, 192, 1, 1]): 
PretrainedInit: load from https://download.openmmlab.com/mmdetection/v3.0/rtmdet/cspnext_rsb_pretrain/cspnext-tiny_imagenet_600e.pth 

backbone.stage3.1.final_conv.bn.weight - torch.Size([192]): 
PretrainedInit: load from https://download.openmmlab.com/mmdetection/v3.0/rtmdet/cspnext_rsb_pretrain/cspnext-tiny_imagenet_600e.pth 

backbone.stage3.1.final_conv.bn.bias - torch.Size([192]): 
PretrainedInit: load from https://download.openmmlab.com/mmdetection/v3.0/rtmdet/cspnext_rsb_pretrain/cspnext-tiny_imagenet_600e.pth 

backbone.stage3.1.blocks.0.conv1.conv.weight - torch.Size([96, 96, 3, 3]): 
PretrainedInit: load from https://download.openmmlab.com/mmdetection/v3.0/rtmdet/cspnext_rsb_pretrain/cspnext-tiny_imagenet_600e.pth 

backbone.stage3.1.blocks.0.conv1.bn.weight - torch.Size([96]): 
PretrainedInit: load from https://download.openmmlab.com/mmdetection/v3.0/rtmdet/cspnext_rsb_pretrain/cspnext-tiny_imagenet_600e.pth 

backbone.stage3.1.blocks.0.conv1.bn.bias - torch.Size([96]): 
PretrainedInit: load from https://download.openmmlab.com/mmdetection/v3.0/rtmdet/cspnext_rsb_pretrain/cspnext-tiny_imagenet_600e.pth 

backbone.stage3.1.blocks.0.conv2.depthwise_conv.conv.weight - torch.Size([96, 1, 5, 5]): 
PretrainedInit: load from https://download.openmmlab.com/mmdetection/v3.0/rtmdet/cspnext_rsb_pretrain/cspnext-tiny_imagenet_600e.pth 

backbone.stage3.1.blocks.0.conv2.depthwise_conv.bn.weight - torch.Size([96]): 
PretrainedInit: load from https://download.openmmlab.com/mmdetection/v3.0/rtmdet/cspnext_rsb_pretrain/cspnext-tiny_imagenet_600e.pth 

backbone.stage3.1.blocks.0.conv2.depthwise_conv.bn.bias - torch.Size([96]): 
PretrainedInit: load from https://download.openmmlab.com/mmdetection/v3.0/rtmdet/cspnext_rsb_pretrain/cspnext-tiny_imagenet_600e.pth 

backbone.stage3.1.blocks.0.conv2.pointwise_conv.conv.weight - torch.Size([96, 96, 1, 1]): 
PretrainedInit: load from https://download.openmmlab.com/mmdetection/v3.0/rtmdet/cspnext_rsb_pretrain/cspnext-tiny_imagenet_600e.pth 

backbone.stage3.1.blocks.0.conv2.pointwise_conv.bn.weight - torch.Size([96]): 
PretrainedInit: load from https://download.openmmlab.com/mmdetection/v3.0/rtmdet/cspnext_rsb_pretrain/cspnext-tiny_imagenet_600e.pth 

backbone.stage3.1.blocks.0.conv2.pointwise_conv.bn.bias - torch.Size([96]): 
PretrainedInit: load from https://download.openmmlab.com/mmdetection/v3.0/rtmdet/cspnext_rsb_pretrain/cspnext-tiny_imagenet_600e.pth 

backbone.stage3.1.attention.fc.weight - torch.Size([192, 192, 1, 1]): 
PretrainedInit: load from https://download.openmmlab.com/mmdetection/v3.0/rtmdet/cspnext_rsb_pretrain/cspnext-tiny_imagenet_600e.pth 

backbone.stage3.1.attention.fc.bias - torch.Size([192]): 
PretrainedInit: load from https://download.openmmlab.com/mmdetection/v3.0/rtmdet/cspnext_rsb_pretrain/cspnext-tiny_imagenet_600e.pth 

backbone.stage4.0.conv.weight - torch.Size([384, 192, 3, 3]): 
PretrainedInit: load from https://download.openmmlab.com/mmdetection/v3.0/rtmdet/cspnext_rsb_pretrain/cspnext-tiny_imagenet_600e.pth 

backbone.stage4.0.bn.weight - torch.Size([384]): 
PretrainedInit: load from https://download.openmmlab.com/mmdetection/v3.0/rtmdet/cspnext_rsb_pretrain/cspnext-tiny_imagenet_600e.pth 

backbone.stage4.0.bn.bias - torch.Size([384]): 
PretrainedInit: load from https://download.openmmlab.com/mmdetection/v3.0/rtmdet/cspnext_rsb_pretrain/cspnext-tiny_imagenet_600e.pth 

backbone.stage4.1.conv1.conv.weight - torch.Size([192, 384, 1, 1]): 
PretrainedInit: load from https://download.openmmlab.com/mmdetection/v3.0/rtmdet/cspnext_rsb_pretrain/cspnext-tiny_imagenet_600e.pth 

backbone.stage4.1.conv1.bn.weight - torch.Size([192]): 
PretrainedInit: load from https://download.openmmlab.com/mmdetection/v3.0/rtmdet/cspnext_rsb_pretrain/cspnext-tiny_imagenet_600e.pth 

backbone.stage4.1.conv1.bn.bias - torch.Size([192]): 
PretrainedInit: load from https://download.openmmlab.com/mmdetection/v3.0/rtmdet/cspnext_rsb_pretrain/cspnext-tiny_imagenet_600e.pth 

backbone.stage4.1.conv2.conv.weight - torch.Size([384, 768, 1, 1]): 
PretrainedInit: load from https://download.openmmlab.com/mmdetection/v3.0/rtmdet/cspnext_rsb_pretrain/cspnext-tiny_imagenet_600e.pth 

backbone.stage4.1.conv2.bn.weight - torch.Size([384]): 
PretrainedInit: load from https://download.openmmlab.com/mmdetection/v3.0/rtmdet/cspnext_rsb_pretrain/cspnext-tiny_imagenet_600e.pth 

backbone.stage4.1.conv2.bn.bias - torch.Size([384]): 
PretrainedInit: load from https://download.openmmlab.com/mmdetection/v3.0/rtmdet/cspnext_rsb_pretrain/cspnext-tiny_imagenet_600e.pth 

backbone.stage4.2.main_conv.conv.weight - torch.Size([192, 384, 1, 1]): 
PretrainedInit: load from https://download.openmmlab.com/mmdetection/v3.0/rtmdet/cspnext_rsb_pretrain/cspnext-tiny_imagenet_600e.pth 

backbone.stage4.2.main_conv.bn.weight - torch.Size([192]): 
PretrainedInit: load from https://download.openmmlab.com/mmdetection/v3.0/rtmdet/cspnext_rsb_pretrain/cspnext-tiny_imagenet_600e.pth 

backbone.stage4.2.main_conv.bn.bias - torch.Size([192]): 
PretrainedInit: load from https://download.openmmlab.com/mmdetection/v3.0/rtmdet/cspnext_rsb_pretrain/cspnext-tiny_imagenet_600e.pth 

backbone.stage4.2.short_conv.conv.weight - torch.Size([192, 384, 1, 1]): 
PretrainedInit: load from https://download.openmmlab.com/mmdetection/v3.0/rtmdet/cspnext_rsb_pretrain/cspnext-tiny_imagenet_600e.pth 

backbone.stage4.2.short_conv.bn.weight - torch.Size([192]): 
PretrainedInit: load from https://download.openmmlab.com/mmdetection/v3.0/rtmdet/cspnext_rsb_pretrain/cspnext-tiny_imagenet_600e.pth 

backbone.stage4.2.short_conv.bn.bias - torch.Size([192]): 
PretrainedInit: load from https://download.openmmlab.com/mmdetection/v3.0/rtmdet/cspnext_rsb_pretrain/cspnext-tiny_imagenet_600e.pth 

backbone.stage4.2.final_conv.conv.weight - torch.Size([384, 384, 1, 1]): 
PretrainedInit: load from https://download.openmmlab.com/mmdetection/v3.0/rtmdet/cspnext_rsb_pretrain/cspnext-tiny_imagenet_600e.pth 

backbone.stage4.2.final_conv.bn.weight - torch.Size([384]): 
PretrainedInit: load from https://download.openmmlab.com/mmdetection/v3.0/rtmdet/cspnext_rsb_pretrain/cspnext-tiny_imagenet_600e.pth 

backbone.stage4.2.final_conv.bn.bias - torch.Size([384]): 
PretrainedInit: load from https://download.openmmlab.com/mmdetection/v3.0/rtmdet/cspnext_rsb_pretrain/cspnext-tiny_imagenet_600e.pth 

backbone.stage4.2.blocks.0.conv1.conv.weight - torch.Size([192, 192, 3, 3]): 
PretrainedInit: load from https://download.openmmlab.com/mmdetection/v3.0/rtmdet/cspnext_rsb_pretrain/cspnext-tiny_imagenet_600e.pth 

backbone.stage4.2.blocks.0.conv1.bn.weight - torch.Size([192]): 
PretrainedInit: load from https://download.openmmlab.com/mmdetection/v3.0/rtmdet/cspnext_rsb_pretrain/cspnext-tiny_imagenet_600e.pth 

backbone.stage4.2.blocks.0.conv1.bn.bias - torch.Size([192]): 
PretrainedInit: load from https://download.openmmlab.com/mmdetection/v3.0/rtmdet/cspnext_rsb_pretrain/cspnext-tiny_imagenet_600e.pth 

backbone.stage4.2.blocks.0.conv2.depthwise_conv.conv.weight - torch.Size([192, 1, 5, 5]): 
PretrainedInit: load from https://download.openmmlab.com/mmdetection/v3.0/rtmdet/cspnext_rsb_pretrain/cspnext-tiny_imagenet_600e.pth 

backbone.stage4.2.blocks.0.conv2.depthwise_conv.bn.weight - torch.Size([192]): 
PretrainedInit: load from https://download.openmmlab.com/mmdetection/v3.0/rtmdet/cspnext_rsb_pretrain/cspnext-tiny_imagenet_600e.pth 

backbone.stage4.2.blocks.0.conv2.depthwise_conv.bn.bias - torch.Size([192]): 
PretrainedInit: load from https://download.openmmlab.com/mmdetection/v3.0/rtmdet/cspnext_rsb_pretrain/cspnext-tiny_imagenet_600e.pth 

backbone.stage4.2.blocks.0.conv2.pointwise_conv.conv.weight - torch.Size([192, 192, 1, 1]): 
PretrainedInit: load from https://download.openmmlab.com/mmdetection/v3.0/rtmdet/cspnext_rsb_pretrain/cspnext-tiny_imagenet_600e.pth 

backbone.stage4.2.blocks.0.conv2.pointwise_conv.bn.weight - torch.Size([192]): 
PretrainedInit: load from https://download.openmmlab.com/mmdetection/v3.0/rtmdet/cspnext_rsb_pretrain/cspnext-tiny_imagenet_600e.pth 

backbone.stage4.2.blocks.0.conv2.pointwise_conv.bn.bias - torch.Size([192]): 
PretrainedInit: load from https://download.openmmlab.com/mmdetection/v3.0/rtmdet/cspnext_rsb_pretrain/cspnext-tiny_imagenet_600e.pth 

backbone.stage4.2.attention.fc.weight - torch.Size([384, 384, 1, 1]): 
PretrainedInit: load from https://download.openmmlab.com/mmdetection/v3.0/rtmdet/cspnext_rsb_pretrain/cspnext-tiny_imagenet_600e.pth 

backbone.stage4.2.attention.fc.bias - torch.Size([384]): 
PretrainedInit: load from https://download.openmmlab.com/mmdetection/v3.0/rtmdet/cspnext_rsb_pretrain/cspnext-tiny_imagenet_600e.pth 

neck.reduce_layers.0.conv.weight - torch.Size([192, 384, 1, 1]): 
KaimingInit: a=2.23606797749979, mode=fan_in, nonlinearity=leaky_relu, distribution =uniform, bias=0 

neck.reduce_layers.0.bn.weight - torch.Size([192]): 
The value is the same before and after calling `init_weights` of RTMDet  

neck.reduce_layers.0.bn.bias - torch.Size([192]): 
The value is the same before and after calling `init_weights` of RTMDet  

neck.reduce_layers.1.conv.weight - torch.Size([96, 192, 1, 1]): 
KaimingInit: a=2.23606797749979, mode=fan_in, nonlinearity=leaky_relu, distribution =uniform, bias=0 

neck.reduce_layers.1.bn.weight - torch.Size([96]): 
The value is the same before and after calling `init_weights` of RTMDet  

neck.reduce_layers.1.bn.bias - torch.Size([96]): 
The value is the same before and after calling `init_weights` of RTMDet  

neck.top_down_blocks.0.main_conv.conv.weight - torch.Size([96, 384, 1, 1]): 
KaimingInit: a=2.23606797749979, mode=fan_in, nonlinearity=leaky_relu, distribution =uniform, bias=0 

neck.top_down_blocks.0.main_conv.bn.weight - torch.Size([96]): 
The value is the same before and after calling `init_weights` of RTMDet  

neck.top_down_blocks.0.main_conv.bn.bias - torch.Size([96]): 
The value is the same before and after calling `init_weights` of RTMDet  

neck.top_down_blocks.0.short_conv.conv.weight - torch.Size([96, 384, 1, 1]): 
KaimingInit: a=2.23606797749979, mode=fan_in, nonlinearity=leaky_relu, distribution =uniform, bias=0 

neck.top_down_blocks.0.short_conv.bn.weight - torch.Size([96]): 
The value is the same before and after calling `init_weights` of RTMDet  

neck.top_down_blocks.0.short_conv.bn.bias - torch.Size([96]): 
The value is the same before and after calling `init_weights` of RTMDet  

neck.top_down_blocks.0.final_conv.conv.weight - torch.Size([192, 192, 1, 1]): 
KaimingInit: a=2.23606797749979, mode=fan_in, nonlinearity=leaky_relu, distribution =uniform, bias=0 

neck.top_down_blocks.0.final_conv.bn.weight - torch.Size([192]): 
The value is the same before and after calling `init_weights` of RTMDet  

neck.top_down_blocks.0.final_conv.bn.bias - torch.Size([192]): 
The value is the same before and after calling `init_weights` of RTMDet  

neck.top_down_blocks.0.blocks.0.conv1.conv.weight - torch.Size([96, 96, 3, 3]): 
KaimingInit: a=2.23606797749979, mode=fan_in, nonlinearity=leaky_relu, distribution =uniform, bias=0 

neck.top_down_blocks.0.blocks.0.conv1.bn.weight - torch.Size([96]): 
The value is the same before and after calling `init_weights` of RTMDet  

neck.top_down_blocks.0.blocks.0.conv1.bn.bias - torch.Size([96]): 
The value is the same before and after calling `init_weights` of RTMDet  

neck.top_down_blocks.0.blocks.0.conv2.depthwise_conv.conv.weight - torch.Size([96, 1, 5, 5]): 
KaimingInit: a=2.23606797749979, mode=fan_in, nonlinearity=leaky_relu, distribution =uniform, bias=0 

neck.top_down_blocks.0.blocks.0.conv2.depthwise_conv.bn.weight - torch.Size([96]): 
The value is the same before and after calling `init_weights` of RTMDet  

neck.top_down_blocks.0.blocks.0.conv2.depthwise_conv.bn.bias - torch.Size([96]): 
The value is the same before and after calling `init_weights` of RTMDet  

neck.top_down_blocks.0.blocks.0.conv2.pointwise_conv.conv.weight - torch.Size([96, 96, 1, 1]): 
KaimingInit: a=2.23606797749979, mode=fan_in, nonlinearity=leaky_relu, distribution =uniform, bias=0 

neck.top_down_blocks.0.blocks.0.conv2.pointwise_conv.bn.weight - torch.Size([96]): 
The value is the same before and after calling `init_weights` of RTMDet  

neck.top_down_blocks.0.blocks.0.conv2.pointwise_conv.bn.bias - torch.Size([96]): 
The value is the same before and after calling `init_weights` of RTMDet  

neck.top_down_blocks.1.main_conv.conv.weight - torch.Size([48, 192, 1, 1]): 
KaimingInit: a=2.23606797749979, mode=fan_in, nonlinearity=leaky_relu, distribution =uniform, bias=0 

neck.top_down_blocks.1.main_conv.bn.weight - torch.Size([48]): 
The value is the same before and after calling `init_weights` of RTMDet  

neck.top_down_blocks.1.main_conv.bn.bias - torch.Size([48]): 
The value is the same before and after calling `init_weights` of RTMDet  

neck.top_down_blocks.1.short_conv.conv.weight - torch.Size([48, 192, 1, 1]): 
KaimingInit: a=2.23606797749979, mode=fan_in, nonlinearity=leaky_relu, distribution =uniform, bias=0 

neck.top_down_blocks.1.short_conv.bn.weight - torch.Size([48]): 
The value is the same before and after calling `init_weights` of RTMDet  

neck.top_down_blocks.1.short_conv.bn.bias - torch.Size([48]): 
The value is the same before and after calling `init_weights` of RTMDet  

neck.top_down_blocks.1.final_conv.conv.weight - torch.Size([96, 96, 1, 1]): 
KaimingInit: a=2.23606797749979, mode=fan_in, nonlinearity=leaky_relu, distribution =uniform, bias=0 

neck.top_down_blocks.1.final_conv.bn.weight - torch.Size([96]): 
The value is the same before and after calling `init_weights` of RTMDet  

neck.top_down_blocks.1.final_conv.bn.bias - torch.Size([96]): 
The value is the same before and after calling `init_weights` of RTMDet  

neck.top_down_blocks.1.blocks.0.conv1.conv.weight - torch.Size([48, 48, 3, 3]): 
KaimingInit: a=2.23606797749979, mode=fan_in, nonlinearity=leaky_relu, distribution =uniform, bias=0 

neck.top_down_blocks.1.blocks.0.conv1.bn.weight - torch.Size([48]): 
The value is the same before and after calling `init_weights` of RTMDet  

neck.top_down_blocks.1.blocks.0.conv1.bn.bias - torch.Size([48]): 
The value is the same before and after calling `init_weights` of RTMDet  

neck.top_down_blocks.1.blocks.0.conv2.depthwise_conv.conv.weight - torch.Size([48, 1, 5, 5]): 
KaimingInit: a=2.23606797749979, mode=fan_in, nonlinearity=leaky_relu, distribution =uniform, bias=0 

neck.top_down_blocks.1.blocks.0.conv2.depthwise_conv.bn.weight - torch.Size([48]): 
The value is the same before and after calling `init_weights` of RTMDet  

neck.top_down_blocks.1.blocks.0.conv2.depthwise_conv.bn.bias - torch.Size([48]): 
The value is the same before and after calling `init_weights` of RTMDet  

neck.top_down_blocks.1.blocks.0.conv2.pointwise_conv.conv.weight - torch.Size([48, 48, 1, 1]): 
KaimingInit: a=2.23606797749979, mode=fan_in, nonlinearity=leaky_relu, distribution =uniform, bias=0 

neck.top_down_blocks.1.blocks.0.conv2.pointwise_conv.bn.weight - torch.Size([48]): 
The value is the same before and after calling `init_weights` of RTMDet  

neck.top_down_blocks.1.blocks.0.conv2.pointwise_conv.bn.bias - torch.Size([48]): 
The value is the same before and after calling `init_weights` of RTMDet  

neck.downsamples.0.conv.weight - torch.Size([96, 96, 3, 3]): 
KaimingInit: a=2.23606797749979, mode=fan_in, nonlinearity=leaky_relu, distribution =uniform, bias=0 

neck.downsamples.0.bn.weight - torch.Size([96]): 
The value is the same before and after calling `init_weights` of RTMDet  

neck.downsamples.0.bn.bias - torch.Size([96]): 
The value is the same before and after calling `init_weights` of RTMDet  

neck.downsamples.1.conv.weight - torch.Size([192, 192, 3, 3]): 
KaimingInit: a=2.23606797749979, mode=fan_in, nonlinearity=leaky_relu, distribution =uniform, bias=0 

neck.downsamples.1.bn.weight - torch.Size([192]): 
The value is the same before and after calling `init_weights` of RTMDet  

neck.downsamples.1.bn.bias - torch.Size([192]): 
The value is the same before and after calling `init_weights` of RTMDet  

neck.bottom_up_blocks.0.main_conv.conv.weight - torch.Size([96, 192, 1, 1]): 
KaimingInit: a=2.23606797749979, mode=fan_in, nonlinearity=leaky_relu, distribution =uniform, bias=0 

neck.bottom_up_blocks.0.main_conv.bn.weight - torch.Size([96]): 
The value is the same before and after calling `init_weights` of RTMDet  

neck.bottom_up_blocks.0.main_conv.bn.bias - torch.Size([96]): 
The value is the same before and after calling `init_weights` of RTMDet  

neck.bottom_up_blocks.0.short_conv.conv.weight - torch.Size([96, 192, 1, 1]): 
KaimingInit: a=2.23606797749979, mode=fan_in, nonlinearity=leaky_relu, distribution =uniform, bias=0 

neck.bottom_up_blocks.0.short_conv.bn.weight - torch.Size([96]): 
The value is the same before and after calling `init_weights` of RTMDet  

neck.bottom_up_blocks.0.short_conv.bn.bias - torch.Size([96]): 
The value is the same before and after calling `init_weights` of RTMDet  

neck.bottom_up_blocks.0.final_conv.conv.weight - torch.Size([192, 192, 1, 1]): 
KaimingInit: a=2.23606797749979, mode=fan_in, nonlinearity=leaky_relu, distribution =uniform, bias=0 

neck.bottom_up_blocks.0.final_conv.bn.weight - torch.Size([192]): 
The value is the same before and after calling `init_weights` of RTMDet  

neck.bottom_up_blocks.0.final_conv.bn.bias - torch.Size([192]): 
The value is the same before and after calling `init_weights` of RTMDet  

neck.bottom_up_blocks.0.blocks.0.conv1.conv.weight - torch.Size([96, 96, 3, 3]): 
KaimingInit: a=2.23606797749979, mode=fan_in, nonlinearity=leaky_relu, distribution =uniform, bias=0 

neck.bottom_up_blocks.0.blocks.0.conv1.bn.weight - torch.Size([96]): 
The value is the same before and after calling `init_weights` of RTMDet  

neck.bottom_up_blocks.0.blocks.0.conv1.bn.bias - torch.Size([96]): 
The value is the same before and after calling `init_weights` of RTMDet  

neck.bottom_up_blocks.0.blocks.0.conv2.depthwise_conv.conv.weight - torch.Size([96, 1, 5, 5]): 
KaimingInit: a=2.23606797749979, mode=fan_in, nonlinearity=leaky_relu, distribution =uniform, bias=0 

neck.bottom_up_blocks.0.blocks.0.conv2.depthwise_conv.bn.weight - torch.Size([96]): 
The value is the same before and after calling `init_weights` of RTMDet  

neck.bottom_up_blocks.0.blocks.0.conv2.depthwise_conv.bn.bias - torch.Size([96]): 
The value is the same before and after calling `init_weights` of RTMDet  

neck.bottom_up_blocks.0.blocks.0.conv2.pointwise_conv.conv.weight - torch.Size([96, 96, 1, 1]): 
KaimingInit: a=2.23606797749979, mode=fan_in, nonlinearity=leaky_relu, distribution =uniform, bias=0 

neck.bottom_up_blocks.0.blocks.0.conv2.pointwise_conv.bn.weight - torch.Size([96]): 
The value is the same before and after calling `init_weights` of RTMDet  

neck.bottom_up_blocks.0.blocks.0.conv2.pointwise_conv.bn.bias - torch.Size([96]): 
The value is the same before and after calling `init_weights` of RTMDet  

neck.bottom_up_blocks.1.main_conv.conv.weight - torch.Size([192, 384, 1, 1]): 
KaimingInit: a=2.23606797749979, mode=fan_in, nonlinearity=leaky_relu, distribution =uniform, bias=0 

neck.bottom_up_blocks.1.main_conv.bn.weight - torch.Size([192]): 
The value is the same before and after calling `init_weights` of RTMDet  

neck.bottom_up_blocks.1.main_conv.bn.bias - torch.Size([192]): 
The value is the same before and after calling `init_weights` of RTMDet  

neck.bottom_up_blocks.1.short_conv.conv.weight - torch.Size([192, 384, 1, 1]): 
KaimingInit: a=2.23606797749979, mode=fan_in, nonlinearity=leaky_relu, distribution =uniform, bias=0 

neck.bottom_up_blocks.1.short_conv.bn.weight - torch.Size([192]): 
The value is the same before and after calling `init_weights` of RTMDet  

neck.bottom_up_blocks.1.short_conv.bn.bias - torch.Size([192]): 
The value is the same before and after calling `init_weights` of RTMDet  

neck.bottom_up_blocks.1.final_conv.conv.weight - torch.Size([384, 384, 1, 1]): 
KaimingInit: a=2.23606797749979, mode=fan_in, nonlinearity=leaky_relu, distribution =uniform, bias=0 

neck.bottom_up_blocks.1.final_conv.bn.weight - torch.Size([384]): 
The value is the same before and after calling `init_weights` of RTMDet  

neck.bottom_up_blocks.1.final_conv.bn.bias - torch.Size([384]): 
The value is the same before and after calling `init_weights` of RTMDet  

neck.bottom_up_blocks.1.blocks.0.conv1.conv.weight - torch.Size([192, 192, 3, 3]): 
KaimingInit: a=2.23606797749979, mode=fan_in, nonlinearity=leaky_relu, distribution =uniform, bias=0 

neck.bottom_up_blocks.1.blocks.0.conv1.bn.weight - torch.Size([192]): 
The value is the same before and after calling `init_weights` of RTMDet  

neck.bottom_up_blocks.1.blocks.0.conv1.bn.bias - torch.Size([192]): 
The value is the same before and after calling `init_weights` of RTMDet  

neck.bottom_up_blocks.1.blocks.0.conv2.depthwise_conv.conv.weight - torch.Size([192, 1, 5, 5]): 
KaimingInit: a=2.23606797749979, mode=fan_in, nonlinearity=leaky_relu, distribution =uniform, bias=0 

neck.bottom_up_blocks.1.blocks.0.conv2.depthwise_conv.bn.weight - torch.Size([192]): 
The value is the same before and after calling `init_weights` of RTMDet  

neck.bottom_up_blocks.1.blocks.0.conv2.depthwise_conv.bn.bias - torch.Size([192]): 
The value is the same before and after calling `init_weights` of RTMDet  

neck.bottom_up_blocks.1.blocks.0.conv2.pointwise_conv.conv.weight - torch.Size([192, 192, 1, 1]): 
KaimingInit: a=2.23606797749979, mode=fan_in, nonlinearity=leaky_relu, distribution =uniform, bias=0 

neck.bottom_up_blocks.1.blocks.0.conv2.pointwise_conv.bn.weight - torch.Size([192]): 
The value is the same before and after calling `init_weights` of RTMDet  

neck.bottom_up_blocks.1.blocks.0.conv2.pointwise_conv.bn.bias - torch.Size([192]): 
The value is the same before and after calling `init_weights` of RTMDet  

neck.out_convs.0.conv.weight - torch.Size([96, 96, 3, 3]): 
KaimingInit: a=2.23606797749979, mode=fan_in, nonlinearity=leaky_relu, distribution =uniform, bias=0 

neck.out_convs.0.bn.weight - torch.Size([96]): 
The value is the same before and after calling `init_weights` of RTMDet  

neck.out_convs.0.bn.bias - torch.Size([96]): 
The value is the same before and after calling `init_weights` of RTMDet  

neck.out_convs.1.conv.weight - torch.Size([96, 192, 3, 3]): 
KaimingInit: a=2.23606797749979, mode=fan_in, nonlinearity=leaky_relu, distribution =uniform, bias=0 

neck.out_convs.1.bn.weight - torch.Size([96]): 
The value is the same before and after calling `init_weights` of RTMDet  

neck.out_convs.1.bn.bias - torch.Size([96]): 
The value is the same before and after calling `init_weights` of RTMDet  

neck.out_convs.2.conv.weight - torch.Size([96, 384, 3, 3]): 
KaimingInit: a=2.23606797749979, mode=fan_in, nonlinearity=leaky_relu, distribution =uniform, bias=0 

neck.out_convs.2.bn.weight - torch.Size([96]): 
The value is the same before and after calling `init_weights` of RTMDet  

neck.out_convs.2.bn.bias - torch.Size([96]): 
The value is the same before and after calling `init_weights` of RTMDet  

bbox_head.cls_convs.0.0.conv.weight - torch.Size([96, 96, 3, 3]): 
Initialized by user-defined `init_weights` in RTMDetInsSepBNHead  

bbox_head.cls_convs.0.0.bn.weight - torch.Size([96]): 
The value is the same before and after calling `init_weights` of RTMDet  

bbox_head.cls_convs.0.0.bn.bias - torch.Size([96]): 
The value is the same before and after calling `init_weights` of RTMDet  

bbox_head.cls_convs.0.1.conv.weight - torch.Size([96, 96, 3, 3]): 
Initialized by user-defined `init_weights` in RTMDetInsSepBNHead  

bbox_head.cls_convs.0.1.bn.weight - torch.Size([96]): 
The value is the same before and after calling `init_weights` of RTMDet  

bbox_head.cls_convs.0.1.bn.bias - torch.Size([96]): 
The value is the same before and after calling `init_weights` of RTMDet  

bbox_head.cls_convs.1.0.bn.weight - torch.Size([96]): 
The value is the same before and after calling `init_weights` of RTMDet  

bbox_head.cls_convs.1.0.bn.bias - torch.Size([96]): 
The value is the same before and after calling `init_weights` of RTMDet  

bbox_head.cls_convs.1.1.bn.weight - torch.Size([96]): 
The value is the same before and after calling `init_weights` of RTMDet  

bbox_head.cls_convs.1.1.bn.bias - torch.Size([96]): 
The value is the same before and after calling `init_weights` of RTMDet  

bbox_head.cls_convs.2.0.bn.weight - torch.Size([96]): 
The value is the same before and after calling `init_weights` of RTMDet  

bbox_head.cls_convs.2.0.bn.bias - torch.Size([96]): 
The value is the same before and after calling `init_weights` of RTMDet  

bbox_head.cls_convs.2.1.bn.weight - torch.Size([96]): 
The value is the same before and after calling `init_weights` of RTMDet  

bbox_head.cls_convs.2.1.bn.bias - torch.Size([96]): 
The value is the same before and after calling `init_weights` of RTMDet  

bbox_head.kernel_convs.0.0.conv.weight - torch.Size([96, 96, 3, 3]): 
Initialized by user-defined `init_weights` in RTMDetInsSepBNHead  

bbox_head.kernel_convs.0.0.bn.weight - torch.Size([96]): 
The value is the same before and after calling `init_weights` of RTMDet  

bbox_head.kernel_convs.0.0.bn.bias - torch.Size([96]): 
The value is the same before and after calling `init_weights` of RTMDet  

bbox_head.kernel_convs.0.1.conv.weight - torch.Size([96, 96, 3, 3]): 
Initialized by user-defined `init_weights` in RTMDetInsSepBNHead  

bbox_head.kernel_convs.0.1.bn.weight - torch.Size([96]): 
The value is the same before and after calling `init_weights` of RTMDet  

bbox_head.kernel_convs.0.1.bn.bias - torch.Size([96]): 
The value is the same before and after calling `init_weights` of RTMDet  

bbox_head.kernel_convs.1.0.conv.weight - torch.Size([96, 96, 3, 3]): 
Initialized by user-defined `init_weights` in RTMDetInsSepBNHead  

bbox_head.kernel_convs.1.0.bn.weight - torch.Size([96]): 
The value is the same before and after calling `init_weights` of RTMDet  

bbox_head.kernel_convs.1.0.bn.bias - torch.Size([96]): 
The value is the same before and after calling `init_weights` of RTMDet  

bbox_head.kernel_convs.1.1.conv.weight - torch.Size([96, 96, 3, 3]): 
Initialized by user-defined `init_weights` in RTMDetInsSepBNHead  

bbox_head.kernel_convs.1.1.bn.weight - torch.Size([96]): 
The value is the same before and after calling `init_weights` of RTMDet  

bbox_head.kernel_convs.1.1.bn.bias - torch.Size([96]): 
The value is the same before and after calling `init_weights` of RTMDet  

bbox_head.kernel_convs.2.0.conv.weight - torch.Size([96, 96, 3, 3]): 
Initialized by user-defined `init_weights` in RTMDetInsSepBNHead  

bbox_head.kernel_convs.2.0.bn.weight - torch.Size([96]): 
The value is the same before and after calling `init_weights` of RTMDet  

bbox_head.kernel_convs.2.0.bn.bias - torch.Size([96]): 
The value is the same before and after calling `init_weights` of RTMDet  

bbox_head.kernel_convs.2.1.conv.weight - torch.Size([96, 96, 3, 3]): 
Initialized by user-defined `init_weights` in RTMDetInsSepBNHead  

bbox_head.kernel_convs.2.1.bn.weight - torch.Size([96]): 
The value is the same before and after calling `init_weights` of RTMDet  

bbox_head.kernel_convs.2.1.bn.bias - torch.Size([96]): 
The value is the same before and after calling `init_weights` of RTMDet  

bbox_head.rtm_cls.0.weight - torch.Size([1, 96, 1, 1]): 
Initialized by user-defined `init_weights` in RTMDetInsSepBNHead  

bbox_head.rtm_cls.0.bias - torch.Size([1]): 
Initialized by user-defined `init_weights` in RTMDetInsSepBNHead  

bbox_head.rtm_cls.1.weight - torch.Size([1, 96, 1, 1]): 
Initialized by user-defined `init_weights` in RTMDetInsSepBNHead  

bbox_head.rtm_cls.1.bias - torch.Size([1]): 
Initialized by user-defined `init_weights` in RTMDetInsSepBNHead  

bbox_head.rtm_cls.2.weight - torch.Size([1, 96, 1, 1]): 
Initialized by user-defined `init_weights` in RTMDetInsSepBNHead  

bbox_head.rtm_cls.2.bias - torch.Size([1]): 
Initialized by user-defined `init_weights` in RTMDetInsSepBNHead  

bbox_head.rtm_reg.0.weight - torch.Size([4, 96, 1, 1]): 
Initialized by user-defined `init_weights` in RTMDetInsSepBNHead  

bbox_head.rtm_reg.0.bias - torch.Size([4]): 
Initialized by user-defined `init_weights` in RTMDetInsSepBNHead  

bbox_head.rtm_reg.1.weight - torch.Size([4, 96, 1, 1]): 
Initialized by user-defined `init_weights` in RTMDetInsSepBNHead  

bbox_head.rtm_reg.1.bias - torch.Size([4]): 
Initialized by user-defined `init_weights` in RTMDetInsSepBNHead  

bbox_head.rtm_reg.2.weight - torch.Size([4, 96, 1, 1]): 
Initialized by user-defined `init_weights` in RTMDetInsSepBNHead  

bbox_head.rtm_reg.2.bias - torch.Size([4]): 
Initialized by user-defined `init_weights` in RTMDetInsSepBNHead  

bbox_head.rtm_kernel.0.weight - torch.Size([169, 96, 1, 1]): 
Initialized by user-defined `init_weights` in RTMDetInsSepBNHead  

bbox_head.rtm_kernel.0.bias - torch.Size([169]): 
Initialized by user-defined `init_weights` in RTMDetInsSepBNHead  

bbox_head.rtm_kernel.1.weight - torch.Size([169, 96, 1, 1]): 
Initialized by user-defined `init_weights` in RTMDetInsSepBNHead  

bbox_head.rtm_kernel.1.bias - torch.Size([169]): 
Initialized by user-defined `init_weights` in RTMDetInsSepBNHead  

bbox_head.rtm_kernel.2.weight - torch.Size([169, 96, 1, 1]): 
Initialized by user-defined `init_weights` in RTMDetInsSepBNHead  

bbox_head.rtm_kernel.2.bias - torch.Size([169]): 
Initialized by user-defined `init_weights` in RTMDetInsSepBNHead  

bbox_head.mask_head.fusion_conv.weight - torch.Size([96, 288, 1, 1]): 
Initialized by user-defined `init_weights` in RTMDetInsSepBNHead  

bbox_head.mask_head.fusion_conv.bias - torch.Size([96]): 
Initialized by user-defined `init_weights` in RTMDetInsSepBNHead  

bbox_head.mask_head.stacked_convs.0.conv.weight - torch.Size([96, 96, 3, 3]): 
Initialized by user-defined `init_weights` in RTMDetInsSepBNHead  

bbox_head.mask_head.stacked_convs.0.bn.weight - torch.Size([96]): 
The value is the same before and after calling `init_weights` of RTMDet  

bbox_head.mask_head.stacked_convs.0.bn.bias - torch.Size([96]): 
The value is the same before and after calling `init_weights` of RTMDet  

bbox_head.mask_head.stacked_convs.1.conv.weight - torch.Size([96, 96, 3, 3]): 
Initialized by user-defined `init_weights` in RTMDetInsSepBNHead  

bbox_head.mask_head.stacked_convs.1.bn.weight - torch.Size([96]): 
The value is the same before and after calling `init_weights` of RTMDet  

bbox_head.mask_head.stacked_convs.1.bn.bias - torch.Size([96]): 
The value is the same before and after calling `init_weights` of RTMDet  

bbox_head.mask_head.stacked_convs.2.conv.weight - torch.Size([96, 96, 3, 3]): 
Initialized by user-defined `init_weights` in RTMDetInsSepBNHead  

bbox_head.mask_head.stacked_convs.2.bn.weight - torch.Size([96]): 
The value is the same before and after calling `init_weights` of RTMDet  

bbox_head.mask_head.stacked_convs.2.bn.bias - torch.Size([96]): 
The value is the same before and after calling `init_weights` of RTMDet  

bbox_head.mask_head.stacked_convs.3.conv.weight - torch.Size([96, 96, 3, 3]): 
Initialized by user-defined `init_weights` in RTMDetInsSepBNHead  

bbox_head.mask_head.stacked_convs.3.bn.weight - torch.Size([96]): 
The value is the same before and after calling `init_weights` of RTMDet  

bbox_head.mask_head.stacked_convs.3.bn.bias - torch.Size([96]): 
The value is the same before and after calling `init_weights` of RTMDet  

bbox_head.mask_head.projection.weight - torch.Size([8, 96, 1, 1]): 
Initialized by user-defined `init_weights` in RTMDetInsSepBNHead  

bbox_head.mask_head.projection.bias - torch.Size([8]): 
Initialized by user-defined `init_weights` in RTMDetInsSepBNHead  
2026/08/06 10:24:30 - mmengine - INFO - Load checkpoint from https://download.openmmlab.com/mmdetection/v3.0/rtmdet/rtmdet-ins_tiny_8xb32-300e_coco/rtmdet-ins_tiny_8xb32-300e_coco_20221130_151727-ec670f7e.pth
2026/08/06 10:24:30 - mmengine - WARNING - "FileClient" will be deprecated in future. Please use io functions in https://mmengine.readthedocs.io/en/latest/api/fileio.html#file-io
2026/08/06 10:24:30 - mmengine - WARNING - "HardDiskBackend" is the alias of "LocalBackend" and the former will be deprecated in future.
2026/08/06 10:24:30 - mmengine - INFO - Checkpoints will be saved to d:\mamografi\real_time_segmentasyon\rtmdet\calisma\rtmdet_ins_tiny_256_orta.
2026/08/06 10:24:35 - mmengine - INFO - Epoch(train)  [1][10/68]  base_lr: 5.7726e-06 lr: 5.7726e-06  eta: 0:35:36  time: 0.4499  data_time: 0.1454  memory: 599  grad_norm: 55.6257  loss: 3.0492  loss_cls: 1.8575  loss_bbox: 0.7640  loss_mask: 0.4277
2026/08/06 10:24:39 - mmengine - INFO - Epoch(train)  [1][20/68]  base_lr: 1.2048e-05 lr: 1.2048e-05  eta: 0:33:30  time: 0.4241  data_time: 0.1516  memory: 597  grad_norm: 69.6734  loss: 3.0266  loss_cls: 1.8347  loss_bbox: 0.7695  loss_mask: 0.4224
2026/08/06 10:24:43 - mmengine - INFO - Epoch(train)  [1][30/68]  base_lr: 1.8323e-05 lr: 1.8323e-05  eta: 0:32:55  time: 0.4178  data_time: 0.1535  memory: 596  grad_norm: 71.7174  loss: 3.0188  loss_cls: 1.8636  loss_bbox: 0.7552  loss_mask: 0.4000
2026/08/06 10:24:47 - mmengine - INFO - Epoch(train)  [1][40/68]  base_lr: 2.4598e-05 lr: 2.4598e-05  eta: 0:32:35  time: 0.4144  data_time: 0.1554  memory: 592  grad_norm: 78.4689  loss: 2.9970  loss_cls: 1.8350  loss_bbox: 0.7634  loss_mask: 0.3987
2026/08/06 10:24:51 - mmengine - INFO - Epoch(train)  [1][50/68]  base_lr: 3.0873e-05 lr: 3.0873e-05  eta: 0:31:53  time: 0.4062  data_time: 0.1538  memory: 592  grad_norm: 80.5692  loss: 2.9902  loss_cls: 1.8436  loss_bbox: 0.7579  loss_mask: 0.3887
2026/08/06 10:24:54 - mmengine - INFO - Epoch(train)  [1][60/68]  base_lr: 3.7148e-05 lr: 3.7148e-05  eta: 0:31:15  time: 0.3889  data_time: 0.1515  memory: 598  grad_norm: 81.4777  loss: 2.9974  loss_cls: 1.8611  loss_bbox: 0.7502  loss_mask: 0.3861
2026/08/06 10:24:57 - mmengine - INFO - Exp name: rtmdet_ins_busi_20260806_102423
2026/08/06 10:24:57 - mmengine - INFO - Saving checkpoint at 1 epochs
2026/08/06 10:24:59 - mmengine - INFO - Epoch(val)  [1][ 10/116]    eta: 0:00:02  time: 0.0278  data_time: 0.0061  memory: 594  
2026/08/06 10:25:00 - mmengine - INFO - Epoch(val)  [1][ 20/116]    eta: 0:00:02  time: 0.0258  data_time: 0.0060  memory: 94  
2026/08/06 10:25:00 - mmengine - INFO - Epoch(val)  [1][ 30/116]    eta: 0:00:02  time: 0.0253  data_time: 0.0059  memory: 94  
2026/08/06 10:25:00 - mmengine - INFO - Epoch(val)  [1][ 40/116]    eta: 0:00:01  time: 0.0257  data_time: 0.0056  memory: 94  
2026/08/06 10:25:00 - mmengine - INFO - Epoch(val)  [1][ 50/116]    eta: 0:00:01  time: 0.0260  data_time: 0.0058  memory: 94  
2026/08/06 10:25:01 - mmengine - INFO - Epoch(val)  [1][ 60/116]    eta: 0:00:01  time: 0.0253  data_time: 0.0061  memory: 94  
2026/08/06 10:25:01 - mmengine - INFO - Epoch(val)  [1][ 70/116]    eta: 0:00:01  time: 0.0251  data_time: 0.0059  memory: 94  
2026/08/06 10:25:01 - mmengine - INFO - Epoch(val)  [1][ 80/116]    eta: 0:00:00  time: 0.0248  data_time: 0.0058  memory: 94  
2026/08/06 10:25:01 - mmengine - INFO - Epoch(val)  [1][ 90/116]    eta: 0:00:00  time: 0.0241  data_time: 0.0060  memory: 94  
2026/08/06 10:25:02 - mmengine - INFO - Epoch(val)  [1][100/116]    eta: 0:00:00  time: 0.0234  data_time: 0.0058  memory: 94  
2026/08/06 10:25:02 - mmengine - INFO - Epoch(val)  [1][110/116]    eta: 0:00:00  time: 0.0231  data_time: 0.0052  memory: 94  
2026/08/06 10:25:02 - mmengine - INFO - Evaluating bbox...
2026/08/06 10:25:02 - mmengine - ERROR - D:\mamografi\.venv_mmdet\lib\site-packages\mmdet\evaluation\metrics\coco_metric.py - compute_metrics - 465 - The testing results of the whole dataset is empty.
2026/08/06 10:25:02 - mmengine - INFO - Epoch(val) [1][116/116]    data_time: 0.0056  time: 0.0245
2026/08/06 10:25:02 - mmengine - WARNING - Since `metrics` is an empty dict, the behavior to save the best checkpoint will be skipped in this evaluation.
2026/08/06 10:25:05 - mmengine - INFO - Epoch(train)  [2][10/68]  base_lr: 4.8443e-05 lr: 4.8443e-05  eta: 0:30:12  time: 0.3686  data_time: 0.1402  memory: 598  grad_norm: 84.4056  loss: 3.0182  loss_cls: 1.9168  loss_bbox: 0.7276  loss_mask: 0.3738
2026/08/06 10:25:09 - mmengine - INFO - Epoch(train)  [2][20/68]  base_lr: 5.4719e-05 lr: 5.4719e-05  eta: 0:30:08  time: 0.3649  data_time: 0.1370  memory: 599  grad_norm: 85.5894  loss: 3.0321  loss_cls: 1.9597  loss_bbox: 0.7092  loss_mask: 0.3632
2026/08/06 10:25:13 - mmengine - INFO - Epoch(train)  [2][30/68]  base_lr: 6.0994e-05 lr: 6.0994e-05  eta: 0:29:46  time: 0.3587  data_time: 0.1297  memory: 599  grad_norm: 85.6902  loss: 3.0244  loss_cls: 1.9635  loss_bbox: 0.7043  loss_mask: 0.3566
2026/08/06 10:25:16 - mmengine - INFO - Epoch(train)  [2][40/68]  base_lr: 6.7269e-05 lr: 6.7269e-05  eta: 0:29:30  time: 0.3569  data_time: 0.1302  memory: 599  grad_norm: 97.5312  loss: 3.0191  loss_cls: 1.9875  loss_bbox: 0.6894  loss_mask: 0.3422
2026/08/06 10:25:20 - mmengine - INFO - Epoch(train)  [2][50/68]  base_lr: 7.3544e-05 lr: 7.3544e-05  eta: 0:29:15  time: 0.3585  data_time: 0.1310  memory: 599  grad_norm: 92.1410  loss: 3.0158  loss_cls: 2.0233  loss_bbox: 0.6693  loss_mask: 0.3232
2026/08/06 10:25:23 - mmengine - INFO - Epoch(train)  [2][60/68]  base_lr: 7.9819e-05 lr: 7.9819e-05  eta: 0:29:04  time: 0.3603  data_time: 0.1331  memory: 597  grad_norm: 88.7064  loss: 2.9806  loss_cls: 1.9806  loss_bbox: 0.6773  loss_mask: 0.3227
2026/08/06 10:25:26 - mmengine - INFO - Exp name: rtmdet_ins_busi_20260806_102423
2026/08/06 10:25:26 - mmengine - INFO - Saving checkpoint at 2 epochs
2026/08/06 10:25:28 - mmengine - INFO - Epoch(val)  [2][ 10/116]    eta: 0:00:02  time: 0.0237  data_time: 0.0053  memory: 598  
2026/08/06 10:25:28 - mmengine - INFO - Epoch(val)  [2][ 20/116]    eta: 0:00:02  time: 0.0238  data_time: 0.0052  memory: 94  
2026/08/06 10:25:29 - mmengine - INFO - Epoch(val)  [2][ 30/116]    eta: 0:00:02  time: 0.0234  data_time: 0.0047  memory: 94  
2026/08/06 10:25:29 - mmengine - INFO - Epoch(val)  [2][ 40/116]    eta: 0:00:01  time: 0.0229  data_time: 0.0048  memory: 94  
2026/08/06 10:25:29 - mmengine - INFO - Epoch(val)  [2][ 50/116]    eta: 0:00:01  time: 0.0231  data_time: 0.0050  memory: 94  
2026/08/06 10:25:29 - mmengine - INFO - Epoch(val)  [2][ 60/116]    eta: 0:00:01  time: 0.0227  data_time: 0.0054  memory: 94  
2026/08/06 10:25:30 - mmengine - INFO - Epoch(val)  [2][ 70/116]    eta: 0:00:01  time: 0.0225  data_time: 0.0055  memory: 94  
2026/08/06 10:25:30 - mmengine - INFO - Epoch(val)  [2][ 80/116]    eta: 0:00:00  time: 0.0228  data_time: 0.0057  memory: 94  
2026/08/06 10:25:30 - mmengine - INFO - Epoch(val)  [2][ 90/116]    eta: 0:00:00  time: 0.0246  data_time: 0.0064  memory: 94  
2026/08/06 10:25:30 - mmengine - INFO - Epoch(val)  [2][100/116]    eta: 0:00:00  time: 0.0243  data_time: 0.0064  memory: 94  
2026/08/06 10:25:31 - mmengine - INFO - Epoch(val)  [2][110/116]    eta: 0:00:00  time: 0.0253  data_time: 0.0060  memory: 94  
2026/08/06 10:25:31 - mmengine - INFO - Evaluating bbox...
2026/08/06 10:25:31 - mmengine - ERROR - D:\mamografi\.venv_mmdet\lib\site-packages\mmdet\evaluation\metrics\coco_metric.py - compute_metrics - 465 - The testing results of the whole dataset is empty.
2026/08/06 10:25:31 - mmengine - INFO - Epoch(val) [2][116/116]    data_time: 0.0057  time: 0.0240
2026/08/06 10:25:34 - mmengine - INFO - Epoch(train)  [3][10/68]  base_lr: 9.1114e-05 lr: 9.1114e-05  eta: 0:28:38  time: 0.3496  data_time: 0.1307  memory: 599  grad_norm: 64.6358  loss: 2.9226  loss_cls: 1.9756  loss_bbox: 0.6501  loss_mask: 0.2969
2026/08/06 10:25:38 - mmengine - INFO - Epoch(train)  [3][20/68]  base_lr: 9.7389e-05 lr: 9.7389e-05  eta: 0:28:28  time: 0.3497  data_time: 0.1297  memory: 599  grad_norm: 52.1468  loss: 2.8486  loss_cls: 1.9293  loss_bbox: 0.6315  loss_mask: 0.2877
2026/08/06 10:25:42 - mmengine - INFO - Epoch(train)  [3][30/68]  base_lr: 1.0366e-04 lr: 1.0366e-04  eta: 0:28:27  time: 0.3538  data_time: 0.1335  memory: 600  grad_norm: 43.6219  loss: 2.7119  loss_cls: 1.8271  loss_bbox: 0.6054  loss_mask: 0.2795
2026/08/06 10:25:45 - mmengine - INFO - Epoch(train)  [3][40/68]  base_lr: 1.0994e-04 lr: 1.0994e-04  eta: 0:28:16  time: 0.3545  data_time: 0.1326  memory: 600  grad_norm: 37.5517  loss: 2.5083  loss_cls: 1.6955  loss_bbox: 0.5594  loss_mask: 0.2534
2026/08/06 10:25:49 - mmengine - INFO - Epoch(train)  [3][50/68]  base_lr: 1.1621e-04 lr: 1.1621e-04  eta: 0:28:14  time: 0.3632  data_time: 0.1371  memory: 600  grad_norm: 34.4484  loss: 2.2457  loss_cls: 1.4704  loss_bbox: 0.5370  loss_mask: 0.2382
2026/08/06 10:25:52 - mmengine - INFO - Epoch(train)  [3][60/68]  base_lr: 1.2249e-04 lr: 1.2249e-04  eta: 0:28:00  time: 0.3553  data_time: 0.1317  memory: 600  grad_norm: 34.6565  loss: 1.9697  loss_cls: 1.2193  loss_bbox: 0.5178  loss_mask: 0.2326
2026/08/06 10:25:55 - mmengine - INFO - Exp name: rtmdet_ins_busi_20260806_102423
2026/08/06 10:25:55 - mmengine - INFO - Saving checkpoint at 3 epochs
2026/08/06 10:25:57 - mmengine - INFO - Epoch(val)  [3][ 10/116]    eta: 0:00:03  time: 0.0275  data_time: 0.0063  memory: 598  
2026/08/06 10:25:58 - mmengine - INFO - Epoch(val)  [3][ 20/116]    eta: 0:00:03  time: 0.0285  data_time: 0.0062  memory: 141  
2026/08/06 10:25:58 - mmengine - INFO - Epoch(val)  [3][ 30/116]    eta: 0:00:02  time: 0.0292  data_time: 0.0054  memory: 124  
2026/08/06 10:25:58 - mmengine - INFO - Epoch(val)  [3][ 40/116]    eta: 0:00:02  time: 0.0299  data_time: 0.0050  memory: 127  
2026/08/06 10:25:59 - mmengine - INFO - Epoch(val)  [3][ 50/116]    eta: 0:00:02  time: 0.0320  data_time: 0.0053  memory: 120  
2026/08/06 10:25:59 - mmengine - INFO - Epoch(val)  [3][ 60/116]    eta: 0:00:01  time: 0.0328  data_time: 0.0055  memory: 152  
2026/08/06 10:25:59 - mmengine - INFO - Epoch(val)  [3][ 70/116]    eta: 0:00:01  time: 0.0331  data_time: 0.0056  memory: 127  
2026/08/06 10:26:00 - mmengine - INFO - Epoch(val)  [3][ 80/116]    eta: 0:00:01  time: 0.0331  data_time: 0.0058  memory: 127  
2026/08/06 10:26:00 - mmengine - INFO - Epoch(val)  [3][ 90/116]    eta: 0:00:00  time: 0.0333  data_time: 0.0061  memory: 139  
2026/08/06 10:26:00 - mmengine - INFO - Epoch(val)  [3][100/116]    eta: 0:00:00  time: 0.0323  data_time: 0.0059  memory: 165  
2026/08/06 10:26:00 - mmengine - INFO - Epoch(val)  [3][110/116]    eta: 0:00:00  time: 0.0311  data_time: 0.0058  memory: 137  
2026/08/06 10:26:01 - mmengine - INFO - Evaluating bbox...
2026/08/06 10:26:01 - mmengine - INFO - bbox_mAP_copypaste: 0.357 0.721 0.262 0.000 0.484 0.315
2026/08/06 10:26:01 - mmengine - INFO - Evaluating segm...
2026/08/06 10:26:01 - mmengine - INFO - segm_mAP_copypaste: 0.461 0.715 0.532 0.000 0.612 0.398
2026/08/06 10:26:01 - mmengine - INFO - Epoch(val) [3][116/116]    coco/bbox_mAP: 0.3570  coco/bbox_mAP_50: 0.7210  coco/bbox_mAP_75: 0.2620  coco/bbox_mAP_s: 0.0000  coco/bbox_mAP_m: 0.4840  coco/bbox_mAP_l: 0.3150  coco/segm_mAP: 0.4610  coco/segm_mAP_50: 0.7150  coco/segm_mAP_75: 0.5320  coco/segm_mAP_s: 0.0000  coco/segm_mAP_m: 0.6120  coco/segm_mAP_l: 0.3980  data_time: 0.0057  time: 0.0319
2026/08/06 10:26:02 - mmengine - INFO - The best checkpoint with 0.4610 coco/segm_mAP at 3 epoch is saved to best_coco_segm_mAP_epoch_3.pth.
2026/08/06 10:26:08 - mmengine - INFO - Epoch(train)  [4][10/68]  base_lr: 1.2500e-04 lr: 1.2500e-04  eta: 0:27:41  time: 0.3459  data_time: 0.1270  memory: 601  grad_norm: 30.7357  loss: 1.5066  loss_cls: 0.8062  loss_bbox: 0.4924  loss_mask: 0.2079
2026/08/06 10:26:11 - mmengine - INFO - Epoch(train)  [4][20/68]  base_lr: 1.2500e-04 lr: 1.2500e-04  eta: 0:27:39  time: 0.3495  data_time: 0.1309  memory: 598  grad_norm: 28.9543  loss: 1.3325  loss_cls: 0.6433  loss_bbox: 0.4834  loss_mask: 0.2058
2026/08/06 10:26:15 - mmengine - INFO - Epoch(train)  [4][30/68]  base_lr: 1.2500e-04 lr: 1.2500e-04  eta: 0:27:31  time: 0.3439  data_time: 0.1278  memory: 600  grad_norm: 26.7747  loss: 1.2330  loss_cls: 0.5546  loss_bbox: 0.4738  loss_mask: 0.2046
2026/08/06 10:26:18 - mmengine - INFO - Epoch(train)  [4][40/68]  base_lr: 1.2500e-04 lr: 1.2500e-04  eta: 0:27:26  time: 0.3485  data_time: 0.1317  memory: 599  grad_norm: 25.8648  loss: 1.1437  loss_cls: 0.4864  loss_bbox: 0.4623  loss_mask: 0.1950
2026/08/06 10:26:22 - mmengine - INFO - Epoch(train)  [4][50/68]  base_lr: 1.2500e-04 lr: 1.2500e-04  eta: 0:27:18  time: 0.3507  data_time: 0.1338  memory: 597  grad_norm: 24.4822  loss: 1.0953  loss_cls: 0.4531  loss_bbox: 0.4541  loss_mask: 0.1882
2026/08/06 10:26:25 - mmengine - INFO - Epoch(train)  [4][60/68]  base_lr: 1.2500e-04 lr: 1.2500e-04  eta: 0:27:11  time: 0.3521  data_time: 0.1362  memory: 598  grad_norm: 24.1059  loss: 1.0920  loss_cls: 0.4487  loss_bbox: 0.4560  loss_mask: 0.1873
2026/08/06 10:26:28 - mmengine - INFO - Exp name: rtmdet_ins_busi_20260806_102423
2026/08/06 10:26:28 - mmengine - INFO - Saving checkpoint at 4 epochs
2026/08/06 10:26:30 - mmengine - INFO - Epoch(val)  [4][ 10/116]    eta: 0:00:03  time: 0.0311  data_time: 0.0058  memory: 598  
2026/08/06 10:26:31 - mmengine - INFO - Epoch(val)  [4][ 20/116]    eta: 0:00:02  time: 0.0310  data_time: 0.0056  memory: 156  
2026/08/06 10:26:31 - mmengine - INFO - Epoch(val)  [4][ 30/116]    eta: 0:00:02  time: 0.0305  data_time: 0.0054  memory: 146  
2026/08/06 10:26:31 - mmengine - INFO - Epoch(val)  [4][ 40/116]    eta: 0:00:02  time: 0.0307  data_time: 0.0048  memory: 133  
2026/08/06 10:26:31 - mmengine - INFO - Epoch(val)  [4][ 50/116]    eta: 0:00:02  time: 0.0306  data_time: 0.0047  memory: 143  
2026/08/06 10:26:32 - mmengine - INFO - Epoch(val)  [4][ 60/116]    eta: 0:00:01  time: 0.0314  data_time: 0.0050  memory: 183  
2026/08/06 10:26:32 - mmengine - INFO - Epoch(val)  [4][ 70/116]    eta: 0:00:01  time: 0.0318  data_time: 0.0050  memory: 162  
2026/08/06 10:26:32 - mmengine - INFO - Epoch(val)  [4][ 80/116]    eta: 0:00:01  time: 0.0328  data_time: 0.0051  memory: 159  
2026/08/06 10:26:33 - mmengine - INFO - Epoch(val)  [4][ 90/116]    eta: 0:00:00  time: 0.0344  data_time: 0.0058  memory: 171  
2026/08/06 10:26:33 - mmengine - INFO - Epoch(val)  [4][100/116]    eta: 0:00:00  time: 0.0347  data_time: 0.0058  memory: 173  
2026/08/06 10:26:34 - mmengine - INFO - Epoch(val)  [4][110/116]    eta: 0:00:00  time: 0.0346  data_time: 0.0058  memory: 161  
2026/08/06 10:26:34 - mmengine - INFO - Evaluating bbox...
2026/08/06 10:26:34 - mmengine - INFO - bbox_mAP_copypaste: 0.434 0.803 0.394 0.000 0.540 0.369
2026/08/06 10:26:34 - mmengine - INFO - Evaluating segm...
2026/08/06 10:26:34 - mmengine - INFO - segm_mAP_copypaste: 0.495 0.781 0.554 0.000 0.617 0.435
2026/08/06 10:26:34 - mmengine - INFO - Epoch(val) [4][116/116]    coco/bbox_mAP: 0.4340  coco/bbox_mAP_50: 0.8030  coco/bbox_mAP_75: 0.3940  coco/bbox_mAP_s: 0.0000  coco/bbox_mAP_m: 0.5400  coco/bbox_mAP_l: 0.3690  coco/segm_mAP: 0.4950  coco/segm_mAP_50: 0.7810  coco/segm_mAP_75: 0.5540  coco/segm_mAP_s: 0.0000  coco/segm_mAP_m: 0.6170  coco/segm_mAP_l: 0.4350  data_time: 0.0053  time: 0.0327
2026/08/06 10:26:34 - mmengine - INFO - The previous best checkpoint d:\mamografi\real_time_segmentasyon\rtmdet\calisma\rtmdet_ins_tiny_256_orta\best_coco_segm_mAP_epoch_3.pth is removed
2026/08/06 10:26:35 - mmengine - INFO - The best checkpoint with 0.4950 coco/segm_mAP at 4 epoch is saved to best_coco_segm_mAP_epoch_4.pth.
2026/08/06 10:26:41 - mmengine - INFO - Epoch(train)  [5][10/68]  base_lr: 1.2500e-04 lr: 1.2500e-04  eta: 0:26:55  time: 0.3407  data_time: 0.1300  memory: 598  grad_norm: 22.6637  loss: 1.0751  loss_cls: 0.4386  loss_bbox: 0.4530  loss_mask: 0.1834
2026/08/06 10:26:44 - mmengine - INFO - Epoch(train)  [5][20/68]  base_lr: 1.2500e-04 lr: 1.2500e-04  eta: 0:26:49  time: 0.3385  data_time: 0.1262  memory: 599  grad_norm: 20.5198  loss: 1.0527  loss_cls: 0.4323  loss_bbox: 0.4434  loss_mask: 0.1771
2026/08/06 10:26:47 - mmengine - INFO - Epoch(train)  [5][30/68]  base_lr: 1.2500e-04 lr: 1.2500e-04  eta: 0:26:43  time: 0.3395  data_time: 0.1274  memory: 600  grad_norm: 19.4603  loss: 1.0262  loss_cls: 0.4189  loss_bbox: 0.4299  loss_mask: 0.1774
2026/08/06 10:26:51 - mmengine - INFO - Epoch(train)  [5][40/68]  base_lr: 1.2500e-04 lr: 1.2500e-04  eta: 0:26:42  time: 0.3468  data_time: 0.1318  memory: 603  grad_norm: 17.4932  loss: 0.9920  loss_cls: 0.3906  loss_bbox: 0.4240  loss_mask: 0.1775
2026/08/06 10:26:55 - mmengine - INFO - Epoch(train)  [5][50/68]  base_lr: 1.2500e-04 lr: 1.2500e-04  eta: 0:26:37  time: 0.3486  data_time: 0.1295  memory: 600  grad_norm: 17.1840  loss: 0.9872  loss_cls: 0.3889  loss_bbox: 0.4203  loss_mask: 0.1780
2026/08/06 10:26:58 - mmengine - INFO - Epoch(train)  [5][60/68]  base_lr: 1.2500e-04 lr: 1.2500e-04  eta: 0:26:28  time: 0.3470  data_time: 0.1261  memory: 599  grad_norm: 16.6688  loss: 0.9884  loss_cls: 0.3807  loss_bbox: 0.4274  loss_mask: 0.1803
2026/08/06 10:27:00 - mmengine - INFO - Exp name: rtmdet_ins_busi_20260806_102423
2026/08/06 10:27:00 - mmengine - INFO - Saving checkpoint at 5 epochs
2026/08/06 10:27:03 - mmengine - INFO - Epoch(val)  [5][ 10/116]    eta: 0:00:03  time: 0.0345  data_time: 0.0056  memory: 600  
2026/08/06 10:27:03 - mmengine - INFO - Epoch(val)  [5][ 20/116]    eta: 0:00:03  time: 0.0329  data_time: 0.0054  memory: 145  
2026/08/06 10:27:03 - mmengine - INFO - Epoch(val)  [5][ 30/116]    eta: 0:00:02  time: 0.0325  data_time: 0.0050  memory: 164  
2026/08/06 10:27:04 - mmengine - INFO - Epoch(val)  [5][ 40/116]    eta: 0:00:02  time: 0.0326  data_time: 0.0043  memory: 143  
2026/08/06 10:27:04 - mmengine - INFO - Epoch(val)  [5][ 50/116]    eta: 0:00:02  time: 0.0339  data_time: 0.0046  memory: 157  
2026/08/06 10:27:05 - mmengine - INFO - Epoch(val)  [5][ 60/116]    eta: 0:00:01  time: 0.0344  data_time: 0.0048  memory: 179  
2026/08/06 10:27:05 - mmengine - INFO - Epoch(val)  [5][ 70/116]    eta: 0:00:01  time: 0.0353  data_time: 0.0048  memory: 147  
2026/08/06 10:27:05 - mmengine - INFO - Epoch(val)  [5][ 80/116]    eta: 0:00:01  time: 0.0359  data_time: 0.0049  memory: 167  
2026/08/06 10:27:06 - mmengine - INFO - Epoch(val)  [5][ 90/116]    eta: 0:00:00  time: 0.0370  data_time: 0.0053  memory: 171  
2026/08/06 10:27:06 - mmengine - INFO - Epoch(val)  [5][100/116]    eta: 0:00:00  time: 0.0369  data_time: 0.0053  memory: 188  
2026/08/06 10:27:06 - mmengine - INFO - Epoch(val)  [5][110/116]    eta: 0:00:00  time: 0.0377  data_time: 0.0054  memory: 196  
2026/08/06 10:27:07 - mmengine - INFO - Evaluating bbox...
2026/08/06 10:27:07 - mmengine - INFO - bbox_mAP_copypaste: 0.456 0.797 0.421 0.000 0.564 0.391
2026/08/06 10:27:07 - mmengine - INFO - Evaluating segm...
2026/08/06 10:27:07 - mmengine - INFO - segm_mAP_copypaste: 0.504 0.794 0.551 0.000 0.627 0.445
2026/08/06 10:27:07 - mmengine - INFO - Epoch(val) [5][116/116]    coco/bbox_mAP: 0.4560  coco/bbox_mAP_50: 0.7970  coco/bbox_mAP_75: 0.4210  coco/bbox_mAP_s: 0.0000  coco/bbox_mAP_m: 0.5640  coco/bbox_mAP_l: 0.3910  coco/segm_mAP: 0.5040  coco/segm_mAP_50: 0.7940  coco/segm_mAP_75: 0.5510  coco/segm_mAP_s: 0.0000  coco/segm_mAP_m: 0.6270  coco/segm_mAP_l: 0.4450  data_time: 0.0050  time: 0.0357
2026/08/06 10:27:07 - mmengine - INFO - The previous best checkpoint d:\mamografi\real_time_segmentasyon\rtmdet\calisma\rtmdet_ins_tiny_256_orta\best_coco_segm_mAP_epoch_4.pth is removed
2026/08/06 10:27:08 - mmengine - INFO - The best checkpoint with 0.5040 coco/segm_mAP at 5 epoch is saved to best_coco_segm_mAP_epoch_5.pth.
2026/08/06 10:27:14 - mmengine - INFO - Epoch(train)  [6][10/68]  base_lr: 1.2500e-04 lr: 1.2500e-04  eta: 0:26:17  time: 0.3457  data_time: 0.1274  memory: 601  grad_norm: 17.4221  loss: 0.9493  loss_cls: 0.3551  loss_bbox: 0.4194  loss_mask: 0.1748
2026/08/06 10:27:17 - mmengine - INFO - Epoch(train)  [6][20/68]  base_lr: 1.2500e-04 lr: 1.2500e-04  eta: 0:26:11  time: 0.3385  data_time: 0.1207  memory: 599  grad_norm: 20.9477  loss: 0.9646  loss_cls: 0.3608  loss_bbox: 0.4238  loss_mask: 0.1800
2026/08/06 10:27:21 - mmengine - INFO - Epoch(train)  [6][30/68]  base_lr: 1.2500e-04 lr: 1.2500e-04  eta: 0:26:07  time: 0.3378  data_time: 0.1234  memory: 601  grad_norm: 21.4668  loss: 0.9379  loss_cls: 0.3423  loss_bbox: 0.4176  loss_mask: 0.1779
2026/08/06 10:27:24 - mmengine - INFO - Epoch(train)  [6][40/68]  base_lr: 1.2500e-04 lr: 1.2500e-04  eta: 0:25:59  time: 0.3361  data_time: 0.1229  memory: 601  grad_norm: 21.4970  loss: 0.9025  loss_cls: 0.3357  loss_bbox: 0.3985  loss_mask: 0.1683
2026/08/06 10:27:27 - mmengine - INFO - Epoch(train)  [6][50/68]  base_lr: 1.2500e-04 lr: 1.2500e-04  eta: 0:25:52  time: 0.3409  data_time: 0.1248  memory: 600  grad_norm: 21.9757  loss: 0.9227  loss_cls: 0.3557  loss_bbox: 0.4006  loss_mask: 0.1665
2026/08/06 10:27:30 - mmengine - INFO - Epoch(train)  [6][60/68]  base_lr: 1.2500e-04 lr: 1.2500e-04  eta: 0:25:44  time: 0.3300  data_time: 0.1187  memory: 600  grad_norm: 21.2641  loss: 0.9395  loss_cls: 0.3660  loss_bbox: 0.4020  loss_mask: 0.1715
2026/08/06 10:27:33 - mmengine - INFO - Exp name: rtmdet_ins_busi_20260806_102423
2026/08/06 10:27:33 - mmengine - INFO - Saving checkpoint at 6 epochs
2026/08/06 10:27:35 - mmengine - INFO - Epoch(val)  [6][ 10/116]    eta: 0:00:03  time: 0.0373  data_time: 0.0057  memory: 599  
2026/08/06 10:27:35 - mmengine - INFO - Epoch(val)  [6][ 20/116]    eta: 0:00:03  time: 0.0361  data_time: 0.0055  memory: 145  
2026/08/06 10:27:36 - mmengine - INFO - Epoch(val)  [6][ 30/116]    eta: 0:00:02  time: 0.0343  data_time: 0.0051  memory: 147  
2026/08/06 10:27:36 - mmengine - INFO - Epoch(val)  [6][ 40/116]    eta: 0:00:02  time: 0.0330  data_time: 0.0050  memory: 143  
2026/08/06 10:27:36 - mmengine - INFO - Epoch(val)  [6][ 50/116]    eta: 0:00:02  time: 0.0323  data_time: 0.0052  memory: 165  
2026/08/06 10:27:37 - mmengine - INFO - Epoch(val)  [6][ 60/116]    eta: 0:00:01  time: 0.0332  data_time: 0.0056  memory: 184  
2026/08/06 10:27:37 - mmengine - INFO - Epoch(val)  [6][ 70/116]    eta: 0:00:01  time: 0.0344  data_time: 0.0056  memory: 153  
2026/08/06 10:27:38 - mmengine - INFO - Epoch(val)  [6][ 80/116]    eta: 0:00:01  time: 0.0352  data_time: 0.0058  memory: 159  
2026/08/06 10:27:38 - mmengine - INFO - Epoch(val)  [6][ 90/116]    eta: 0:00:00  time: 0.0367  data_time: 0.0065  memory: 188  
2026/08/06 10:27:38 - mmengine - INFO - Epoch(val)  [6][100/116]    eta: 0:00:00  time: 0.0368  data_time: 0.0062  memory: 159  
2026/08/06 10:27:39 - mmengine - INFO - Epoch(val)  [6][110/116]    eta: 0:00:00  time: 0.0366  data_time: 0.0054  memory: 164  
2026/08/06 10:27:39 - mmengine - INFO - Evaluating bbox...
2026/08/06 10:27:39 - mmengine - INFO - bbox_mAP_copypaste: 0.505 0.829 0.589 0.000 0.606 0.451
2026/08/06 10:27:39 - mmengine - INFO - Evaluating segm...
2026/08/06 10:27:39 - mmengine - INFO - segm_mAP_copypaste: 0.535 0.818 0.636 0.000 0.653 0.481
2026/08/06 10:27:39 - mmengine - INFO - Epoch(val) [6][116/116]    coco/bbox_mAP: 0.5050  coco/bbox_mAP_50: 0.8290  coco/bbox_mAP_75: 0.5890  coco/bbox_mAP_s: 0.0000  coco/bbox_mAP_m: 0.6060  coco/bbox_mAP_l: 0.4510  coco/segm_mAP: 0.5350  coco/segm_mAP_50: 0.8180  coco/segm_mAP_75: 0.6360  coco/segm_mAP_s: 0.0000  coco/segm_mAP_m: 0.6530  coco/segm_mAP_l: 0.4810  data_time: 0.0056  time: 0.0346
2026/08/06 10:27:39 - mmengine - INFO - The previous best checkpoint d:\mamografi\real_time_segmentasyon\rtmdet\calisma\rtmdet_ins_tiny_256_orta\best_coco_segm_mAP_epoch_5.pth is removed
2026/08/06 10:27:41 - mmengine - INFO - The best checkpoint with 0.5350 coco/segm_mAP at 6 epoch is saved to best_coco_segm_mAP_epoch_6.pth.
2026/08/06 10:27:46 - mmengine - INFO - Epoch(train)  [7][10/68]  base_lr: 1.2500e-04 lr: 1.2500e-04  eta: 0:25:32  time: 0.3216  data_time: 0.1117  memory: 602  grad_norm: 17.3298  loss: 0.8852  loss_cls: 0.3450  loss_bbox: 0.3826  loss_mask: 0.1575
2026/08/06 10:27:49 - mmengine - INFO - Epoch(train)  [7][20/68]  base_lr: 1.2500e-04 lr: 1.2500e-04  eta: 0:25:27  time: 0.3247  data_time: 0.1135  memory: 598  grad_norm: 16.6814  loss: 0.8956  loss_cls: 0.3472  loss_bbox: 0.3922  loss_mask: 0.1562
2026/08/06 10:27:53 - mmengine - INFO - Epoch(train)  [7][30/68]  base_lr: 1.2500e-04 lr: 1.2500e-04  eta: 0:25:22  time: 0.3287  data_time: 0.1176  memory: 600  grad_norm: 16.0022  loss: 0.8844  loss_cls: 0.3357  loss_bbox: 0.3931  loss_mask: 0.1556
2026/08/06 10:27:56 - mmengine - INFO - Epoch(train)  [7][40/68]  base_lr: 1.2500e-04 lr: 1.2500e-04  eta: 0:25:18  time: 0.3352  data_time: 0.1239  memory: 599  grad_norm: 15.7597  loss: 0.8893  loss_cls: 0.3352  loss_bbox: 0.3943  loss_mask: 0.1597
2026/08/06 10:28:00 - mmengine - INFO - Epoch(train)  [7][50/68]  base_lr: 1.2500e-04 lr: 1.2500e-04  eta: 0:25:15  time: 0.3425  data_time: 0.1278  memory: 601  grad_norm: 15.0273  loss: 0.8973  loss_cls: 0.3435  loss_bbox: 0.3955  loss_mask: 0.1583
2026/08/06 10:28:03 - mmengine - INFO - Epoch(train)  [7][60/68]  base_lr: 1.2500e-04 lr: 1.2500e-04  eta: 0:25:10  time: 0.3434  data_time: 0.1329  memory: 600  grad_norm: 14.5554  loss: 0.9286  loss_cls: 0.3546  loss_bbox: 0.4083  loss_mask: 0.1656
2026/08/06 10:28:06 - mmengine - INFO - Exp name: rtmdet_ins_busi_20260806_102423
2026/08/06 10:28:06 - mmengine - INFO - Saving checkpoint at 7 epochs
2026/08/06 10:28:08 - mmengine - INFO - Epoch(val)  [7][ 10/116]    eta: 0:00:03  time: 0.0362  data_time: 0.0059  memory: 599  
2026/08/06 10:28:08 - mmengine - INFO - Epoch(val)  [7][ 20/116]    eta: 0:00:03  time: 0.0350  data_time: 0.0053  memory: 148  
2026/08/06 10:28:09 - mmengine - INFO - Epoch(val)  [7][ 30/116]    eta: 0:00:03  time: 0.0349  data_time: 0.0052  memory: 162  
2026/08/06 10:28:09 - mmengine - INFO - Epoch(val)  [7][ 40/116]    eta: 0:00:02  time: 0.0341  data_time: 0.0049  memory: 136  
2026/08/06 10:28:09 - mmengine - INFO - Epoch(val)  [7][ 50/116]    eta: 0:00:02  time: 0.0345  data_time: 0.0049  memory: 178  
2026/08/06 10:28:10 - mmengine - INFO - Epoch(val)  [7][ 60/116]    eta: 0:00:01  time: 0.0351  data_time: 0.0050  memory: 170  
2026/08/06 10:28:10 - mmengine - INFO - Epoch(val)  [7][ 70/116]    eta: 0:00:01  time: 0.0358  data_time: 0.0049  memory: 148  
2026/08/06 10:28:10 - mmengine - INFO - Epoch(val)  [7][ 80/116]    eta: 0:00:01  time: 0.0361  data_time: 0.0049  memory: 182  
2026/08/06 10:28:11 - mmengine - INFO - Epoch(val)  [7][ 90/116]    eta: 0:00:00  time: 0.0372  data_time: 0.0056  memory: 157  
2026/08/06 10:28:11 - mmengine - INFO - Epoch(val)  [7][100/116]    eta: 0:00:00  time: 0.0372  data_time: 0.0057  memory: 150  
2026/08/06 10:28:11 - mmengine - INFO - Epoch(val)  [7][110/116]    eta: 0:00:00  time: 0.0374  data_time: 0.0052  memory: 183  
2026/08/06 10:28:12 - mmengine - INFO - Evaluating bbox...
2026/08/06 10:28:12 - mmengine - INFO - bbox_mAP_copypaste: 0.487 0.833 0.554 0.000 0.599 0.427
2026/08/06 10:28:12 - mmengine - INFO - Evaluating segm...
2026/08/06 10:28:12 - mmengine - INFO - segm_mAP_copypaste: 0.523 0.828 0.582 0.000 0.640 0.467
2026/08/06 10:28:12 - mmengine - INFO - Epoch(val) [7][116/116]    coco/bbox_mAP: 0.4870  coco/bbox_mAP_50: 0.8330  coco/bbox_mAP_75: 0.5540  coco/bbox_mAP_s: 0.0000  coco/bbox_mAP_m: 0.5990  coco/bbox_mAP_l: 0.4270  coco/segm_mAP: 0.5230  coco/segm_mAP_50: 0.8280  coco/segm_mAP_75: 0.5820  coco/segm_mAP_s: 0.0000  coco/segm_mAP_m: 0.6400  coco/segm_mAP_l: 0.4670  data_time: 0.0052  time: 0.0362
2026/08/06 10:28:15 - mmengine - INFO - Epoch(train)  [8][10/68]  base_lr: 1.2500e-04 lr: 1.2500e-04  eta: 0:25:00  time: 0.3398  data_time: 0.1286  memory: 600  grad_norm: 14.3723  loss: 0.9043  loss_cls: 0.3375  loss_bbox: 0.4010  loss_mask: 0.1659
2026/08/06 10:28:19 - mmengine - INFO - Epoch(train)  [8][20/68]  base_lr: 1.2500e-04 lr: 1.2500e-04  eta: 0:24:57  time: 0.3392  data_time: 0.1264  memory: 600  grad_norm: 14.2991  loss: 0.9297  loss_cls: 0.3494  loss_bbox: 0.4131  loss_mask: 0.1672
2026/08/06 10:28:22 - mmengine - INFO - Epoch(train)  [8][30/68]  base_lr: 1.2500e-04 lr: 1.2500e-04  eta: 0:24:51  time: 0.3368  data_time: 0.1264  memory: 600  grad_norm: 14.2118  loss: 0.9048  loss_cls: 0.3336  loss_bbox: 0.4087  loss_mask: 0.1624
2026/08/06 10:28:26 - mmengine - INFO - Epoch(train)  [8][40/68]  base_lr: 1.2500e-04 lr: 1.2500e-04  eta: 0:24:49  time: 0.3426  data_time: 0.1311  memory: 600  grad_norm: 14.6640  loss: 0.9130  loss_cls: 0.3414  loss_bbox: 0.4081  loss_mask: 0.1635
2026/08/06 10:28:30 - mmengine - INFO - Epoch(train)  [8][50/68]  base_lr: 1.2500e-04 lr: 1.2500e-04  eta: 0:24:47  time: 0.3512  data_time: 0.1376  memory: 601  grad_norm: 14.1824  loss: 0.8884  loss_cls: 0.3273  loss_bbox: 0.4043  loss_mask: 0.1568
2026/08/06 10:28:33 - mmengine - INFO - Epoch(train)  [8][60/68]  base_lr: 1.2500e-04 lr: 1.2500e-04  eta: 0:24:44  time: 0.3532  data_time: 0.1422  memory: 599  grad_norm: 14.3488  loss: 0.9069  loss_cls: 0.3331  loss_bbox: 0.4096  loss_mask: 0.1641
2026/08/06 10:28:36 - mmengine - INFO - Exp name: rtmdet_ins_busi_20260806_102423
2026/08/06 10:28:36 - mmengine - INFO - Saving checkpoint at 8 epochs
2026/08/06 10:28:38 - mmengine - INFO - Epoch(val)  [8][ 10/116]    eta: 0:00:03  time: 0.0378  data_time: 0.0054  memory: 600  
2026/08/06 10:28:38 - mmengine - INFO - Epoch(val)  [8][ 20/116]    eta: 0:00:03  time: 0.0365  data_time: 0.0051  memory: 151  
2026/08/06 10:28:38 - mmengine - INFO - Epoch(val)  [8][ 30/116]    eta: 0:00:02  time: 0.0354  data_time: 0.0047  memory: 150  
2026/08/06 10:28:39 - mmengine - INFO - Epoch(val)  [8][ 40/116]    eta: 0:00:02  time: 0.0348  data_time: 0.0049  memory: 158  
2026/08/06 10:28:39 - mmengine - INFO - Epoch(val)  [8][ 50/116]    eta: 0:00:02  time: 0.0340  data_time: 0.0052  memory: 170  
2026/08/06 10:28:40 - mmengine - INFO - Epoch(val)  [8][ 60/116]    eta: 0:00:01  time: 0.0352  data_time: 0.0052  memory: 194  
2026/08/06 10:28:40 - mmengine - INFO - Epoch(val)  [8][ 70/116]    eta: 0:00:01  time: 0.0356  data_time: 0.0052  memory: 151  
2026/08/06 10:28:40 - mmengine - INFO - Epoch(val)  [8][ 80/116]    eta: 0:00:01  time: 0.0373  data_time: 0.0051  memory: 187  
2026/08/06 10:28:41 - mmengine - INFO - Epoch(val)  [8][ 90/116]    eta: 0:00:00  time: 0.0386  data_time: 0.0048  memory: 207  
2026/08/06 10:28:41 - mmengine - INFO - Epoch(val)  [8][100/116]    eta: 0:00:00  time: 0.0389  data_time: 0.0046  memory: 151  
2026/08/06 10:28:41 - mmengine - INFO - Epoch(val)  [8][110/116]    eta: 0:00:00  time: 0.0380  data_time: 0.0048  memory: 179  
2026/08/06 10:28:42 - mmengine - INFO - Evaluating bbox...
2026/08/06 10:28:42 - mmengine - INFO - bbox_mAP_copypaste: 0.541 0.848 0.611 0.000 0.663 0.477
2026/08/06 10:28:42 - mmengine - INFO - Evaluating segm...
2026/08/06 10:28:42 - mmengine - INFO - segm_mAP_copypaste: 0.571 0.847 0.661 0.000 0.677 0.514
2026/08/06 10:28:42 - mmengine - INFO - Epoch(val) [8][116/116]    coco/bbox_mAP: 0.5410  coco/bbox_mAP_50: 0.8480  coco/bbox_mAP_75: 0.6110  coco/bbox_mAP_s: 0.0000  coco/bbox_mAP_m: 0.6630  coco/bbox_mAP_l: 0.4770  coco/segm_mAP: 0.5710  coco/segm_mAP_50: 0.8470  coco/segm_mAP_75: 0.6610  coco/segm_mAP_s: 0.0000  coco/segm_mAP_m: 0.6770  coco/segm_mAP_l: 0.5140  data_time: 0.0049  time: 0.0363
2026/08/06 10:28:42 - mmengine - INFO - The previous best checkpoint d:\mamografi\real_time_segmentasyon\rtmdet\calisma\rtmdet_ins_tiny_256_orta\best_coco_segm_mAP_epoch_6.pth is removed
2026/08/06 10:28:43 - mmengine - INFO - The best checkpoint with 0.5710 coco/segm_mAP at 8 epoch is saved to best_coco_segm_mAP_epoch_8.pth.
2026/08/06 10:28:49 - mmengine - INFO - Epoch(train)  [9][10/68]  base_lr: 1.2500e-04 lr: 1.2500e-04  eta: 0:24:36  time: 0.3560  data_time: 0.1422  memory: 601  grad_norm: 15.1297  loss: 0.8599  loss_cls: 0.3180  loss_bbox: 0.3889  loss_mask: 0.1530
2026/08/06 10:28:52 - mmengine - INFO - Epoch(train)  [9][20/68]  base_lr: 1.2500e-04 lr: 1.2500e-04  eta: 0:24:31  time: 0.3501  data_time: 0.1352  memory: 602  grad_norm: 14.8214  loss: 0.8500  loss_cls: 0.3057  loss_bbox: 0.3902  loss_mask: 0.1541
2026/08/06 10:28:56 - mmengine - INFO - Epoch(train)  [9][30/68]  base_lr: 1.2500e-04 lr: 1.2500e-04  eta: 0:24:27  time: 0.3452  data_time: 0.1294  memory: 600  grad_norm: 15.0722  loss: 0.8514  loss_cls: 0.3117  loss_bbox: 0.3856  loss_mask: 0.1541
2026/08/06 10:28:59 - mmengine - INFO - Epoch(train)  [9][40/68]  base_lr: 1.2500e-04 lr: 1.2500e-04  eta: 0:24:24  time: 0.3433  data_time: 0.1278  memory: 604  grad_norm: 14.7358  loss: 0.8445  loss_cls: 0.3067  loss_bbox: 0.3849  loss_mask: 0.1528
2026/08/06 10:29:02 - mmengine - INFO - Epoch(train)  [9][50/68]  base_lr: 1.2500e-04 lr: 1.2500e-04  eta: 0:24:19  time: 0.3428  data_time: 0.1251  memory: 601  grad_norm: 14.4890  loss: 0.8465  loss_cls: 0.3099  loss_bbox: 0.3813  loss_mask: 0.1553
2026/08/06 10:29:06 - mmengine - INFO - Epoch(train)  [9][60/68]  base_lr: 1.2500e-04 lr: 1.2500e-04  eta: 0:24:16  time: 0.3428  data_time: 0.1271  memory: 599  grad_norm: 13.9240  loss: 0.8495  loss_cls: 0.3080  loss_bbox: 0.3847  loss_mask: 0.1568
2026/08/06 10:29:09 - mmengine - INFO - Exp name: rtmdet_ins_busi_20260806_102423
2026/08/06 10:29:09 - mmengine - INFO - Saving checkpoint at 9 epochs
2026/08/06 10:29:11 - mmengine - INFO - Epoch(val)  [9][ 10/116]    eta: 0:00:03  time: 0.0376  data_time: 0.0050  memory: 599  
2026/08/06 10:29:11 - mmengine - INFO - Epoch(val)  [9][ 20/116]    eta: 0:00:03  time: 0.0361  data_time: 0.0054  memory: 145  
2026/08/06 10:29:11 - mmengine - INFO - Epoch(val)  [9][ 30/116]    eta: 0:00:02  time: 0.0342  data_time: 0.0054  memory: 154  
2026/08/06 10:29:12 - mmengine - INFO - Epoch(val)  [9][ 40/116]    eta: 0:00:02  time: 0.0339  data_time: 0.0050  memory: 143  
2026/08/06 10:29:12 - mmengine - INFO - Epoch(val)  [9][ 50/116]    eta: 0:00:02  time: 0.0341  data_time: 0.0049  memory: 182  
2026/08/06 10:29:13 - mmengine - INFO - Epoch(val)  [9][ 60/116]    eta: 0:00:01  time: 0.0338  data_time: 0.0048  memory: 179  
2026/08/06 10:29:13 - mmengine - INFO - Epoch(val)  [9][ 70/116]    eta: 0:00:01  time: 0.0351  data_time: 0.0048  memory: 151  
2026/08/06 10:29:13 - mmengine - INFO - Epoch(val)  [9][ 80/116]    eta: 0:00:01  time: 0.0359  data_time: 0.0048  memory: 161  
2026/08/06 10:29:14 - mmengine - INFO - Epoch(val)  [9][ 90/116]    eta: 0:00:00  time: 0.0368  data_time: 0.0050  memory: 171  
2026/08/06 10:29:14 - mmengine - INFO - Epoch(val)  [9][100/116]    eta: 0:00:00  time: 0.0370  data_time: 0.0053  memory: 173  
2026/08/06 10:29:14 - mmengine - INFO - Epoch(val)  [9][110/116]    eta: 0:00:00  time: 0.0377  data_time: 0.0056  memory: 175  
2026/08/06 10:29:15 - mmengine - INFO - Evaluating bbox...
2026/08/06 10:29:15 - mmengine - INFO - bbox_mAP_copypaste: 0.538 0.835 0.598 0.000 0.661 0.473
2026/08/06 10:29:15 - mmengine - INFO - Evaluating segm...
2026/08/06 10:29:15 - mmengine - INFO - segm_mAP_copypaste: 0.555 0.834 0.652 0.000 0.678 0.488
2026/08/06 10:29:15 - mmengine - INFO - Epoch(val) [9][116/116]    coco/bbox_mAP: 0.5380  coco/bbox_mAP_50: 0.8350  coco/bbox_mAP_75: 0.5980  coco/bbox_mAP_s: 0.0000  coco/bbox_mAP_m: 0.6610  coco/bbox_mAP_l: 0.4730  coco/segm_mAP: 0.5550  coco/segm_mAP_50: 0.8340  coco/segm_mAP_75: 0.6520  coco/segm_mAP_s: 0.0000  coco/segm_mAP_m: 0.6780  coco/segm_mAP_l: 0.4880  data_time: 0.0052  time: 0.0358
2026/08/06 10:29:18 - mmengine - INFO - Epoch(train) [10][10/68]  base_lr: 1.2500e-04 lr: 1.2500e-04  eta: 0:24:08  time: 0.3454  data_time: 0.1312  memory: 600  grad_norm: 13.9490  loss: 0.8302  loss_cls: 0.2995  loss_bbox: 0.3767  loss_mask: 0.1540
2026/08/06 10:29:22 - mmengine - INFO - Epoch(train) [10][20/68]  base_lr: 1.2500e-04 lr: 1.2500e-04  eta: 0:24:04  time: 0.3437  data_time: 0.1295  memory: 601  grad_norm: 13.5904  loss: 0.8283  loss_cls: 0.3004  loss_bbox: 0.3753  loss_mask: 0.1526
2026/08/06 10:29:25 - mmengine - INFO - Epoch(train) [10][30/68]  base_lr: 1.2500e-04 lr: 1.2500e-04  eta: 0:24:00  time: 0.3442  data_time: 0.1304  memory: 603  grad_norm: 13.7570  loss: 0.8171  loss_cls: 0.2936  loss_bbox: 0.3744  loss_mask: 0.1491
2026/08/06 10:29:29 - mmengine - INFO - Epoch(train) [10][40/68]  base_lr: 1.2500e-04 lr: 1.2500e-04  eta: 0:23:56  time: 0.3394  data_time: 0.1280  memory: 599  grad_norm: 14.1540  loss: 0.8097  loss_cls: 0.2894  loss_bbox: 0.3725  loss_mask: 0.1477
2026/08/06 10:29:32 - mmengine - INFO - Epoch(train) [10][50/68]  base_lr: 1.2500e-04 lr: 1.2500e-04  eta: 0:23:52  time: 0.3449  data_time: 0.1324  memory: 600  grad_norm: 13.6623  loss: 0.8031  loss_cls: 0.2874  loss_bbox: 0.3685  loss_mask: 0.1472
2026/08/06 10:29:36 - mmengine - INFO - Epoch(train) [10][60/68]  base_lr: 1.2500e-04 lr: 1.2500e-04  eta: 0:23:48  time: 0.3420  data_time: 0.1311  memory: 600  grad_norm: 13.6078  loss: 0.8081  loss_cls: 0.2914  loss_bbox: 0.3673  loss_mask: 0.1494
2026/08/06 10:29:38 - mmengine - INFO - Exp name: rtmdet_ins_busi_20260806_102423
2026/08/06 10:29:38 - mmengine - INFO - Saving checkpoint at 10 epochs
2026/08/06 10:29:41 - mmengine - INFO - Epoch(val) [10][ 10/116]    eta: 0:00:03  time: 0.0374  data_time: 0.0054  memory: 598  
2026/08/06 10:29:41 - mmengine - INFO - Epoch(val) [10][ 20/116]    eta: 0:00:03  time: 0.0368  data_time: 0.0057  memory: 142  
2026/08/06 10:29:41 - mmengine - INFO - Epoch(val) [10][ 30/116]    eta: 0:00:03  time: 0.0359  data_time: 0.0057  memory: 164  
2026/08/06 10:29:42 - mmengine - INFO - Epoch(val) [10][ 40/116]    eta: 0:00:02  time: 0.0353  data_time: 0.0054  memory: 139  
2026/08/06 10:29:42 - mmengine - INFO - Epoch(val) [10][ 50/116]    eta: 0:00:02  time: 0.0358  data_time: 0.0054  memory: 182  
2026/08/06 10:29:42 - mmengine - INFO - Epoch(val) [10][ 60/116]    eta: 0:00:02  time: 0.0370  data_time: 0.0058  memory: 160  
2026/08/06 10:29:43 - mmengine - INFO - Epoch(val) [10][ 70/116]    eta: 0:00:01  time: 0.0369  data_time: 0.0057  memory: 156  
2026/08/06 10:29:43 - mmengine - INFO - Epoch(val) [10][ 80/116]    eta: 0:00:01  time: 0.0368  data_time: 0.0054  memory: 182  
2026/08/06 10:29:43 - mmengine - INFO - Epoch(val) [10][ 90/116]    eta: 0:00:00  time: 0.0379  data_time: 0.0057  memory: 175  
2026/08/06 10:29:44 - mmengine - INFO - Epoch(val) [10][100/116]    eta: 0:00:00  time: 0.0369  data_time: 0.0058  memory: 178  
2026/08/06 10:29:44 - mmengine - INFO - Epoch(val) [10][110/116]    eta: 0:00:00  time: 0.0367  data_time: 0.0049  memory: 186  
2026/08/06 10:29:44 - mmengine - INFO - Evaluating bbox...
2026/08/06 10:29:45 - mmengine - INFO - bbox_mAP_copypaste: 0.523 0.865 0.579 0.000 0.612 0.473
2026/08/06 10:29:45 - mmengine - INFO - Evaluating segm...
2026/08/06 10:29:45 - mmengine - INFO - segm_mAP_copypaste: 0.567 0.856 0.638 0.000 0.673 0.512
2026/08/06 10:29:45 - mmengine - INFO - Epoch(val) [10][116/116]    coco/bbox_mAP: 0.5230  coco/bbox_mAP_50: 0.8650  coco/bbox_mAP_75: 0.5790  coco/bbox_mAP_s: 0.0000  coco/bbox_mAP_m: 0.6120  coco/bbox_mAP_l: 0.4730  coco/segm_mAP: 0.5670  coco/segm_mAP_50: 0.8560  coco/segm_mAP_75: 0.6380  coco/segm_mAP_s: 0.0000  coco/segm_mAP_m: 0.6730  coco/segm_mAP_l: 0.5120  data_time: 0.0054  time: 0.0364
2026/08/06 10:29:48 - mmengine - INFO - Epoch(train) [11][10/68]  base_lr: 1.2500e-04 lr: 1.2500e-04  eta: 0:23:41  time: 0.3412  data_time: 0.1312  memory: 602  grad_norm: 14.7475  loss: 0.8274  loss_cls: 0.3000  loss_bbox: 0.3722  loss_mask: 0.1552
2026/08/06 10:29:52 - mmengine - INFO - Epoch(train) [11][20/68]  base_lr: 1.2500e-04 lr: 1.2500e-04  eta: 0:23:38  time: 0.3466  data_time: 0.1339  memory: 600  grad_norm: 14.5381  loss: 0.8157  loss_cls: 0.2968  loss_bbox: 0.3645  loss_mask: 0.1544
2026/08/06 10:29:55 - mmengine - INFO - Epoch(train) [11][30/68]  base_lr: 1.2500e-04 lr: 1.2500e-04  eta: 0:23:34  time: 0.3468  data_time: 0.1331  memory: 600  grad_norm: 14.5707  loss: 0.8002  loss_cls: 0.2855  loss_bbox: 0.3605  loss_mask: 0.1543
2026/08/06 10:29:59 - mmengine - INFO - Epoch(train) [11][40/68]  base_lr: 1.2500e-04 lr: 1.2500e-04  eta: 0:23:30  time: 0.3442  data_time: 0.1309  memory: 601  grad_norm: 14.4851  loss: 0.8002  loss_cls: 0.2845  loss_bbox: 0.3656  loss_mask: 0.1502
2026/08/06 10:30:02 - mmengine - INFO - Epoch(train) [11][50/68]  base_lr: 1.2500e-04 lr: 1.2500e-04  eta: 0:23:27  time: 0.3487  data_time: 0.1325  memory: 599  grad_norm: 14.5237  loss: 0.7913  loss_cls: 0.2813  loss_bbox: 0.3619  loss_mask: 0.1481
2026/08/06 10:30:05 - mmengine - INFO - Epoch(train) [11][60/68]  base_lr: 1.2500e-04 lr: 1.2500e-04  eta: 0:23:22  time: 0.3433  data_time: 0.1272  memory: 602  grad_norm: 13.7806  loss: 0.7727  loss_cls: 0.2674  loss_bbox: 0.3600  loss_mask: 0.1453
2026/08/06 10:30:08 - mmengine - INFO - Exp name: rtmdet_ins_busi_20260806_102423
2026/08/06 10:30:08 - mmengine - INFO - Saving checkpoint at 11 epochs
2026/08/06 10:30:10 - mmengine - INFO - Epoch(val) [11][ 10/116]    eta: 0:00:05  time: 0.0398  data_time: 0.0057  memory: 599  
2026/08/06 10:30:11 - mmengine - INFO - Epoch(val) [11][ 20/116]    eta: 0:00:04  time: 0.0396  data_time: 0.0058  memory: 153  
2026/08/06 10:30:11 - mmengine - INFO - Epoch(val) [11][ 30/116]    eta: 0:00:03  time: 0.0393  data_time: 0.0054  memory: 149  
2026/08/06 10:30:11 - mmengine - INFO - Epoch(val) [11][ 40/116]    eta: 0:00:02  time: 0.0382  data_time: 0.0057  memory: 133  
2026/08/06 10:30:12 - mmengine - INFO - Epoch(val) [11][ 50/116]    eta: 0:00:02  time: 0.0381  data_time: 0.0062  memory: 181  
2026/08/06 10:30:12 - mmengine - INFO - Epoch(val) [11][ 60/116]    eta: 0:00:02  time: 0.0355  data_time: 0.0059  memory: 147  
2026/08/06 10:30:13 - mmengine - INFO - Epoch(val) [11][ 70/116]    eta: 0:00:01  time: 0.0354  data_time: 0.0056  memory: 151  
2026/08/06 10:30:13 - mmengine - INFO - Epoch(val) [11][ 80/116]    eta: 0:00:01  time: 0.0361  data_time: 0.0059  memory: 154  
2026/08/06 10:30:13 - mmengine - INFO - Epoch(val) [11][ 90/116]    eta: 0:00:00  time: 0.0374  data_time: 0.0062  memory: 162  
2026/08/06 10:30:14 - mmengine - INFO - Epoch(val) [11][100/116]    eta: 0:00:00  time: 0.0376  data_time: 0.0059  memory: 157  
2026/08/06 10:30:14 - mmengine - INFO - Epoch(val) [11][110/116]    eta: 0:00:00  time: 0.0382  data_time: 0.0058  memory: 168  
2026/08/06 10:30:14 - mmengine - INFO - Evaluating bbox...
2026/08/06 10:30:14 - mmengine - INFO - bbox_mAP_copypaste: 0.538 0.852 0.637 0.000 0.661 0.465
2026/08/06 10:30:14 - mmengine - INFO - Evaluating segm...
2026/08/06 10:30:15 - mmengine - INFO - segm_mAP_copypaste: 0.560 0.846 0.645 0.000 0.682 0.501
2026/08/06 10:30:15 - mmengine - INFO - Epoch(val) [11][116/116]    coco/bbox_mAP: 0.5380  coco/bbox_mAP_50: 0.8520  coco/bbox_mAP_75: 0.6370  coco/bbox_mAP_s: 0.0000  coco/bbox_mAP_m: 0.6610  coco/bbox_mAP_l: 0.4650  coco/segm_mAP: 0.5600  coco/segm_mAP_50: 0.8460  coco/segm_mAP_75: 0.6450  coco/segm_mAP_s: 0.0000  coco/segm_mAP_m: 0.6820  coco/segm_mAP_l: 0.5010  data_time: 0.0060  time: 0.0379
2026/08/06 10:30:18 - mmengine - INFO - Epoch(train) [12][10/68]  base_lr: 1.2500e-04 lr: 1.2500e-04  eta: 0:23:14  time: 0.3368  data_time: 0.1235  memory: 600  grad_norm: 13.8668  loss: 0.7704  loss_cls: 0.2693  loss_bbox: 0.3580  loss_mask: 0.1432
2026/08/06 10:30:22 - mmengine - INFO - Epoch(train) [12][20/68]  base_lr: 1.2500e-04 lr: 1.2500e-04  eta: 0:23:12  time: 0.3435  data_time: 0.1249  memory: 600  grad_norm: 14.3772  loss: 0.7883  loss_cls: 0.2873  loss_bbox: 0.3537  loss_mask: 0.1473
2026/08/06 10:30:25 - mmengine - INFO - Epoch(train) [12][30/68]  base_lr: 1.2500e-04 lr: 1.2500e-04  eta: 0:23:09  time: 0.3445  data_time: 0.1244  memory: 602  grad_norm: 14.2445  loss: 0.7798  loss_cls: 0.2879  loss_bbox: 0.3457  loss_mask: 0.1462
2026/08/06 10:30:29 - mmengine - INFO - Epoch(train) [12][40/68]  base_lr: 1.2500e-04 lr: 1.2500e-04  eta: 0:23:05  time: 0.3454  data_time: 0.1269  memory: 601  grad_norm: 14.6625  loss: 0.7960  loss_cls: 0.3062  loss_bbox: 0.3421  loss_mask: 0.1477
2026/08/06 10:30:32 - mmengine - INFO - Epoch(train) [12][50/68]  base_lr: 1.2500e-04 lr: 1.2500e-04  eta: 0:23:01  time: 0.3501  data_time: 0.1304  memory: 601  grad_norm: 14.4477  loss: 0.7740  loss_cls: 0.2946  loss_bbox: 0.3361  loss_mask: 0.1433
2026/08/06 10:30:36 - mmengine - INFO - Epoch(train) [12][60/68]  base_lr: 1.2500e-04 lr: 1.2500e-04  eta: 0:22:58  time: 0.3510  data_time: 0.1322  memory: 599  grad_norm: 14.0686  loss: 0.7768  loss_cls: 0.3005  loss_bbox: 0.3323  loss_mask: 0.1441
2026/08/06 10:30:38 - mmengine - INFO - Exp name: rtmdet_ins_busi_20260806_102423
2026/08/06 10:30:38 - mmengine - INFO - Saving checkpoint at 12 epochs
2026/08/06 10:30:40 - mmengine - INFO - Epoch(val) [12][ 10/116]    eta: 0:00:03  time: 0.0374  data_time: 0.0060  memory: 600  
2026/08/06 10:30:41 - mmengine - INFO - Epoch(val) [12][ 20/116]    eta: 0:00:03  time: 0.0359  data_time: 0.0055  memory: 145  
2026/08/06 10:30:41 - mmengine - INFO - Epoch(val) [12][ 30/116]    eta: 0:00:02  time: 0.0336  data_time: 0.0045  memory: 167  
2026/08/06 10:30:41 - mmengine - INFO - Epoch(val) [12][ 40/116]    eta: 0:00:02  time: 0.0326  data_time: 0.0046  memory: 173  
2026/08/06 10:30:42 - mmengine - INFO - Epoch(val) [12][ 50/116]    eta: 0:00:02  time: 0.0321  data_time: 0.0043  memory: 201  
2026/08/06 10:30:42 - mmengine - INFO - Epoch(val) [12][ 60/116]    eta: 0:00:01  time: 0.0328  data_time: 0.0047  memory: 173  
2026/08/06 10:30:42 - mmengine - INFO - Epoch(val) [12][ 70/116]    eta: 0:00:01  time: 0.0328  data_time: 0.0048  memory: 160  
2026/08/06 10:30:43 - mmengine - INFO - Epoch(val) [12][ 80/116]    eta: 0:00:01  time: 0.0341  data_time: 0.0056  memory: 174  
2026/08/06 10:30:43 - mmengine - INFO - Epoch(val) [12][ 90/116]    eta: 0:00:00  time: 0.0351  data_time: 0.0052  memory: 175  
2026/08/06 10:30:44 - mmengine - INFO - Epoch(val) [12][100/116]    eta: 0:00:00  time: 0.0353  data_time: 0.0051  memory: 183  
2026/08/06 10:30:44 - mmengine - INFO - Epoch(val) [12][110/116]    eta: 0:00:00  time: 0.0358  data_time: 0.0043  memory: 197  
2026/08/06 10:30:44 - mmengine - INFO - Evaluating bbox...
2026/08/06 10:30:44 - mmengine - INFO - bbox_mAP_copypaste: 0.548 0.856 0.605 0.000 0.660 0.485
2026/08/06 10:30:44 - mmengine - INFO - Evaluating segm...
2026/08/06 10:30:44 - mmengine - INFO - segm_mAP_copypaste: 0.576 0.864 0.629 0.000 0.693 0.514
2026/08/06 10:30:44 - mmengine - INFO - Epoch(val) [12][116/116]    coco/bbox_mAP: 0.5480  coco/bbox_mAP_50: 0.8560  coco/bbox_mAP_75: 0.6050  coco/bbox_mAP_s: 0.0000  coco/bbox_mAP_m: 0.6600  coco/bbox_mAP_l: 0.4850  coco/segm_mAP: 0.5760  coco/segm_mAP_50: 0.8640  coco/segm_mAP_75: 0.6290  coco/segm_mAP_s: 0.0000  coco/segm_mAP_m: 0.6930  coco/segm_mAP_l: 0.5140  data_time: 0.0045  time: 0.0342
2026/08/06 10:30:44 - mmengine - INFO - The previous best checkpoint d:\mamografi\real_time_segmentasyon\rtmdet\calisma\rtmdet_ins_tiny_256_orta\best_coco_segm_mAP_epoch_8.pth is removed
2026/08/06 10:30:46 - mmengine - INFO - The best checkpoint with 0.5760 coco/segm_mAP at 12 epoch is saved to best_coco_segm_mAP_epoch_12.pth.
2026/08/06 10:30:51 - mmengine - INFO - Epoch(train) [13][10/68]  base_lr: 1.2500e-04 lr: 1.2500e-04  eta: 0:22:49  time: 0.3361  data_time: 0.1238  memory: 601  grad_norm: 14.1563  loss: 0.7713  loss_cls: 0.2883  loss_bbox: 0.3386  loss_mask: 0.1444
2026/08/06 10:30:54 - mmengine - INFO - Epoch(train) [13][20/68]  base_lr: 1.2500e-04 lr: 1.2500e-04  eta: 0:22:46  time: 0.3392  data_time: 0.1243  memory: 598  grad_norm: 14.3024  loss: 0.7539  loss_cls: 0.2720  loss_bbox: 0.3388  loss_mask: 0.1431
2026/08/06 10:30:58 - mmengine - INFO - Epoch(train) [13][30/68]  base_lr: 1.2500e-04 lr: 1.2500e-04  eta: 0:22:43  time: 0.3409  data_time: 0.1243  memory: 601  grad_norm: 14.2034  loss: 0.7748  loss_cls: 0.2869  loss_bbox: 0.3418  loss_mask: 0.1461
2026/08/06 10:31:02 - mmengine - INFO - Epoch(train) [13][40/68]  base_lr: 1.2500e-04 lr: 1.2500e-04  eta: 0:22:40  time: 0.3430  data_time: 0.1246  memory: 602  grad_norm: 14.2620  loss: 0.7920  loss_cls: 0.2955  loss_bbox: 0.3480  loss_mask: 0.1485
2026/08/06 10:31:06 - mmengine - INFO - Epoch(train) [13][50/68]  base_lr: 1.2500e-04 lr: 1.2500e-04  eta: 0:22:38  time: 0.3572  data_time: 0.1340  memory: 600  grad_norm: 14.1150  loss: 0.7938  loss_cls: 0.3041  loss_bbox: 0.3430  loss_mask: 0.1467
2026/08/06 10:31:09 - mmengine - INFO - Epoch(train) [13][60/68]  base_lr: 1.2500e-04 lr: 1.2500e-04  eta: 0:22:36  time: 0.3658  data_time: 0.1370  memory: 601  grad_norm: 14.0187  loss: 0.7826  loss_cls: 0.3011  loss_bbox: 0.3383  loss_mask: 0.1432
2026/08/06 10:31:12 - mmengine - INFO - Exp name: rtmdet_ins_busi_20260806_102423
2026/08/06 10:31:12 - mmengine - INFO - Saving checkpoint at 13 epochs
2026/08/06 10:31:14 - mmengine - INFO - Epoch(val) [13][ 10/116]    eta: 0:00:03  time: 0.0371  data_time: 0.0049  memory: 601  
2026/08/06 10:31:15 - mmengine - INFO - Epoch(val) [13][ 20/116]    eta: 0:00:03  time: 0.0362  data_time: 0.0052  memory: 133  
2026/08/06 10:31:15 - mmengine - INFO - Epoch(val) [13][ 30/116]    eta: 0:00:02  time: 0.0347  data_time: 0.0056  memory: 154  
2026/08/06 10:31:15 - mmengine - INFO - Epoch(val) [13][ 40/116]    eta: 0:00:02  time: 0.0338  data_time: 0.0063  memory: 138  
2026/08/06 10:31:16 - mmengine - INFO - Epoch(val) [13][ 50/116]    eta: 0:00:02  time: 0.0336  data_time: 0.0072  memory: 177  
2026/08/06 10:31:16 - mmengine - INFO - Epoch(val) [13][ 60/116]    eta: 0:00:01  time: 0.0339  data_time: 0.0069  memory: 167  
2026/08/06 10:31:16 - mmengine - INFO - Epoch(val) [13][ 70/116]    eta: 0:00:01  time: 0.0341  data_time: 0.0064  memory: 145  
2026/08/06 10:31:17 - mmengine - INFO - Epoch(val) [13][ 80/116]    eta: 0:00:01  time: 0.0350  data_time: 0.0064  memory: 182  
2026/08/06 10:31:17 - mmengine - INFO - Epoch(val) [13][ 90/116]    eta: 0:00:00  time: 0.0366  data_time: 0.0063  memory: 202  
2026/08/06 10:31:17 - mmengine - INFO - Epoch(val) [13][100/116]    eta: 0:00:00  time: 0.0369  data_time: 0.0060  memory: 167  
2026/08/06 10:31:18 - mmengine - INFO - Epoch(val) [13][110/116]    eta: 0:00:00  time: 0.0368  data_time: 0.0059  memory: 168  
2026/08/06 10:31:18 - mmengine - INFO - Evaluating bbox...
2026/08/06 10:31:18 - mmengine - INFO - bbox_mAP_copypaste: 0.563 0.866 0.620 0.000 0.656 0.511
2026/08/06 10:31:18 - mmengine - INFO - Evaluating segm...
2026/08/06 10:31:18 - mmengine - INFO - segm_mAP_copypaste: 0.584 0.865 0.677 0.000 0.672 0.542
2026/08/06 10:31:18 - mmengine - INFO - Epoch(val) [13][116/116]    coco/bbox_mAP: 0.5630  coco/bbox_mAP_50: 0.8660  coco/bbox_mAP_75: 0.6200  coco/bbox_mAP_s: 0.0000  coco/bbox_mAP_m: 0.6560  coco/bbox_mAP_l: 0.5110  coco/segm_mAP: 0.5840  coco/segm_mAP_50: 0.8650  coco/segm_mAP_75: 0.6770  coco/segm_mAP_s: 0.0000  coco/segm_mAP_m: 0.6720  coco/segm_mAP_l: 0.5420  data_time: 0.0065  time: 0.0354
2026/08/06 10:31:18 - mmengine - INFO - The previous best checkpoint d:\mamografi\real_time_segmentasyon\rtmdet\calisma\rtmdet_ins_tiny_256_orta\best_coco_segm_mAP_epoch_12.pth is removed
2026/08/06 10:31:20 - mmengine - INFO - The best checkpoint with 0.5840 coco/segm_mAP at 13 epoch is saved to best_coco_segm_mAP_epoch_13.pth.
2026/08/06 10:31:25 - mmengine - INFO - Epoch(train) [14][10/68]  base_lr: 1.2500e-04 lr: 1.2500e-04  eta: 0:22:29  time: 0.3628  data_time: 0.1343  memory: 601  grad_norm: 14.1662  loss: 0.7594  loss_cls: 0.2948  loss_bbox: 0.3257  loss_mask: 0.1389
2026/08/06 10:31:29 - mmengine - INFO - Epoch(train) [14][20/68]  base_lr: 1.2500e-04 lr: 1.2500e-04  eta: 0:22:26  time: 0.3621  data_time: 0.1342  memory: 601  grad_norm: 14.1405  loss: 0.7302  loss_cls: 0.2791  loss_bbox: 0.3167  loss_mask: 0.1344
2026/08/06 10:31:32 - mmengine - INFO - Epoch(train) [14][30/68]  base_lr: 1.2500e-04 lr: 1.2500e-04  eta: 0:22:23  time: 0.3613  data_time: 0.1348  memory: 600  grad_norm: 13.9305  loss: 0.7302  loss_cls: 0.2689  loss_bbox: 0.3207  loss_mask: 0.1406
2026/08/06 10:31:36 - mmengine - INFO - Epoch(train) [14][40/68]  base_lr: 1.2500e-04 lr: 1.2500e-04  eta: 0:22:21  time: 0.3603  data_time: 0.1368  memory: 600  grad_norm: 14.5038  loss: 0.7377  loss_cls: 0.2724  loss_bbox: 0.3250  loss_mask: 0.1403
2026/08/06 10:31:40 - mmengine - INFO - Epoch(train) [14][50/68]  base_lr: 1.2500e-04 lr: 1.2500e-04  eta: 0:22:18  time: 0.3655  data_time: 0.1401  memory: 601  grad_norm: 14.3789  loss: 0.7301  loss_cls: 0.2706  loss_bbox: 0.3205  loss_mask: 0.1389
2026/08/06 10:31:43 - mmengine - INFO - Epoch(train) [14][60/68]  base_lr: 1.2500e-04 lr: 1.2500e-04  eta: 0:22:15  time: 0.3672  data_time: 0.1429  memory: 600  grad_norm: 13.9377  loss: 0.7345  loss_cls: 0.2700  loss_bbox: 0.3254  loss_mask: 0.1391
2026/08/06 10:31:46 - mmengine - INFO - Exp name: rtmdet_ins_busi_20260806_102423
2026/08/06 10:31:46 - mmengine - INFO - Saving checkpoint at 14 epochs
2026/08/06 10:31:49 - mmengine - INFO - Epoch(val) [14][ 10/116]    eta: 0:00:03  time: 0.0377  data_time: 0.0062  memory: 599  
2026/08/06 10:31:49 - mmengine - INFO - Epoch(val) [14][ 20/116]    eta: 0:00:03  time: 0.0369  data_time: 0.0062  memory: 141  
2026/08/06 10:31:49 - mmengine - INFO - Epoch(val) [14][ 30/116]    eta: 0:00:03  time: 0.0362  data_time: 0.0058  memory: 172  
2026/08/06 10:31:50 - mmengine - INFO - Epoch(val) [14][ 40/116]    eta: 0:00:02  time: 0.0365  data_time: 0.0054  memory: 165  
2026/08/06 10:31:50 - mmengine - INFO - Epoch(val) [14][ 50/116]    eta: 0:00:02  time: 0.0362  data_time: 0.0053  memory: 159  
2026/08/06 10:31:50 - mmengine - INFO - Epoch(val) [14][ 60/116]    eta: 0:00:02  time: 0.0367  data_time: 0.0057  memory: 169  
2026/08/06 10:31:51 - mmengine - INFO - Epoch(val) [14][ 70/116]    eta: 0:00:01  time: 0.0375  data_time: 0.0057  memory: 151  
2026/08/06 10:31:51 - mmengine - INFO - Epoch(val) [14][ 80/116]    eta: 0:00:01  time: 0.0375  data_time: 0.0059  memory: 154  
2026/08/06 10:31:52 - mmengine - INFO - Epoch(val) [14][ 90/116]    eta: 0:00:00  time: 0.0384  data_time: 0.0063  memory: 202  
2026/08/06 10:31:52 - mmengine - INFO - Epoch(val) [14][100/116]    eta: 0:00:00  time: 0.0400  data_time: 0.0063  memory: 178  
2026/08/06 10:31:52 - mmengine - INFO - Epoch(val) [14][110/116]    eta: 0:00:00  time: 0.0408  data_time: 0.0061  memory: 192  
2026/08/06 10:31:53 - mmengine - INFO - Evaluating bbox...
2026/08/06 10:31:53 - mmengine - INFO - bbox_mAP_copypaste: 0.573 0.865 0.644 0.000 0.707 0.489
2026/08/06 10:31:53 - mmengine - INFO - Evaluating segm...
2026/08/06 10:31:53 - mmengine - INFO - segm_mAP_copypaste: 0.574 0.859 0.630 0.000 0.683 0.514
2026/08/06 10:31:53 - mmengine - INFO - Epoch(val) [14][116/116]    coco/bbox_mAP: 0.5730  coco/bbox_mAP_50: 0.8650  coco/bbox_mAP_75: 0.6440  coco/bbox_mAP_s: 0.0000  coco/bbox_mAP_m: 0.7070  coco/bbox_mAP_l: 0.4890  coco/segm_mAP: 0.5740  coco/segm_mAP_50: 0.8590  coco/segm_mAP_75: 0.6300  coco/segm_mAP_s: 0.0000  coco/segm_mAP_m: 0.6830  coco/segm_mAP_l: 0.5140  data_time: 0.0059  time: 0.0388
2026/08/06 10:31:57 - mmengine - INFO - Epoch(train) [15][10/68]  base_lr: 1.2500e-04 lr: 1.2500e-04  eta: 0:22:09  time: 0.3635  data_time: 0.1402  memory: 602  grad_norm: 14.8471  loss: 0.7557  loss_cls: 0.2898  loss_bbox: 0.3275  loss_mask: 0.1384
2026/08/06 10:32:00 - mmengine - INFO - Epoch(train) [15][20/68]  base_lr: 1.2500e-04 lr: 1.2500e-04  eta: 0:22:07  time: 0.3639  data_time: 0.1417  memory: 598  grad_norm: 14.7609  loss: 0.7482  loss_cls: 0.2832  loss_bbox: 0.3249  loss_mask: 0.1402
2026/08/06 10:32:04 - mmengine - INFO - Epoch(train) [15][30/68]  base_lr: 1.2500e-04 lr: 1.2500e-04  eta: 0:22:03  time: 0.3615  data_time: 0.1393  memory: 601  grad_norm: 14.9976  loss: 0.7436  loss_cls: 0.2747  loss_bbox: 0.3288  loss_mask: 0.1401
2026/08/06 10:32:08 - mmengine - INFO - Epoch(train) [15][40/68]  base_lr: 1.2500e-04 lr: 1.2500e-04  eta: 0:22:00  time: 0.3607  data_time: 0.1378  memory: 600  grad_norm: 14.7203  loss: 0.7488  loss_cls: 0.2801  loss_bbox: 0.3282  loss_mask: 0.1405
2026/08/06 10:32:10 - mmengine - INFO - Exp name: rtmdet_ins_busi_20260806_102423
2026/08/06 10:32:11 - mmengine - INFO - Epoch(train) [15][50/68]  base_lr: 1.2500e-04 lr: 1.2500e-04  eta: 0:21:56  time: 0.3605  data_time: 0.1372  memory: 598  grad_norm: 14.2494  loss: 0.7276  loss_cls: 0.2659  loss_bbox: 0.3251  loss_mask: 0.1366
2026/08/06 10:32:14 - mmengine - INFO - Epoch(train) [15][60/68]  base_lr: 1.2500e-04 lr: 1.2500e-04  eta: 0:21:53  time: 0.3563  data_time: 0.1331  memory: 600  grad_norm: 14.3159  loss: 0.7492  loss_cls: 0.2733  loss_bbox: 0.3346  loss_mask: 0.1413
2026/08/06 10:32:17 - mmengine - INFO - Exp name: rtmdet_ins_busi_20260806_102423
2026/08/06 10:32:17 - mmengine - INFO - Saving checkpoint at 15 epochs
2026/08/06 10:32:19 - mmengine - INFO - Epoch(val) [15][ 10/116]    eta: 0:00:03  time: 0.0418  data_time: 0.0062  memory: 600  
2026/08/06 10:32:20 - mmengine - INFO - Epoch(val) [15][ 20/116]    eta: 0:00:03  time: 0.0411  data_time: 0.0060  memory: 153  
2026/08/06 10:32:20 - mmengine - INFO - Epoch(val) [15][ 30/116]    eta: 0:00:03  time: 0.0386  data_time: 0.0056  memory: 162  
2026/08/06 10:32:21 - mmengine - INFO - Epoch(val) [15][ 40/116]    eta: 0:00:02  time: 0.0379  data_time: 0.0054  memory: 168  
2026/08/06 10:32:21 - mmengine - INFO - Epoch(val) [15][ 50/116]    eta: 0:00:02  time: 0.0370  data_time: 0.0057  memory: 193  
2026/08/06 10:32:21 - mmengine - INFO - Epoch(val) [15][ 60/116]    eta: 0:00:02  time: 0.0374  data_time: 0.0060  memory: 177  
2026/08/06 10:32:22 - mmengine - INFO - Epoch(val) [15][ 70/116]    eta: 0:00:01  time: 0.0380  data_time: 0.0060  memory: 153  
2026/08/06 10:32:22 - mmengine - INFO - Epoch(val) [15][ 80/116]    eta: 0:00:01  time: 0.0387  data_time: 0.0061  memory: 164  
2026/08/06 10:32:23 - mmengine - INFO - Epoch(val) [15][ 90/116]    eta: 0:00:00  time: 0.0404  data_time: 0.0064  memory: 212  
2026/08/06 10:32:23 - mmengine - INFO - Epoch(val) [15][100/116]    eta: 0:00:00  time: 0.0409  data_time: 0.0061  memory: 189  
2026/08/06 10:32:23 - mmengine - INFO - Epoch(val) [15][110/116]    eta: 0:00:00  time: 0.0420  data_time: 0.0059  memory: 186  
2026/08/06 10:32:24 - mmengine - INFO - Evaluating bbox...
2026/08/06 10:32:24 - mmengine - INFO - bbox_mAP_copypaste: 0.585 0.876 0.705 0.000 0.706 0.518
2026/08/06 10:32:24 - mmengine - INFO - Evaluating segm...
2026/08/06 10:32:24 - mmengine - INFO - segm_mAP_copypaste: 0.605 0.875 0.701 0.000 0.712 0.549
2026/08/06 10:32:24 - mmengine - INFO - Epoch(val) [15][116/116]    coco/bbox_mAP: 0.5850  coco/bbox_mAP_50: 0.8760  coco/bbox_mAP_75: 0.7050  coco/bbox_mAP_s: 0.0000  coco/bbox_mAP_m: 0.7060  coco/bbox_mAP_l: 0.5180  coco/segm_mAP: 0.6050  coco/segm_mAP_50: 0.8750  coco/segm_mAP_75: 0.7010  coco/segm_mAP_s: 0.0000  coco/segm_mAP_m: 0.7120  coco/segm_mAP_l: 0.5490  data_time: 0.0059  time: 0.0398
2026/08/06 10:32:24 - mmengine - INFO - The previous best checkpoint d:\mamografi\real_time_segmentasyon\rtmdet\calisma\rtmdet_ins_tiny_256_orta\best_coco_segm_mAP_epoch_13.pth is removed
2026/08/06 10:32:26 - mmengine - INFO - The best checkpoint with 0.6050 coco/segm_mAP at 15 epoch is saved to best_coco_segm_mAP_epoch_15.pth.
2026/08/06 10:32:31 - mmengine - INFO - Epoch(train) [16][10/68]  base_lr: 1.2500e-04 lr: 1.2500e-04  eta: 0:21:48  time: 0.3578  data_time: 0.1328  memory: 600  grad_norm: 14.1454  loss: 0.7392  loss_cls: 0.2756  loss_bbox: 0.3305  loss_mask: 0.1331
2026/08/06 10:32:35 - mmengine - INFO - Epoch(train) [16][20/68]  base_lr: 1.2500e-04 lr: 1.2500e-04  eta: 0:21:44  time: 0.3561  data_time: 0.1318  memory: 600  grad_norm: 14.2112  loss: 0.7371  loss_cls: 0.2685  loss_bbox: 0.3330  loss_mask: 0.1357
2026/08/06 10:32:38 - mmengine - INFO - Epoch(train) [16][30/68]  base_lr: 1.2500e-04 lr: 1.2500e-04  eta: 0:21:40  time: 0.3551  data_time: 0.1282  memory: 601  grad_norm: 13.7269  loss: 0.7349  loss_cls: 0.2714  loss_bbox: 0.3277  loss_mask: 0.1358
2026/08/06 10:32:42 - mmengine - INFO - Epoch(train) [16][40/68]  base_lr: 1.2500e-04 lr: 1.2500e-04  eta: 0:21:37  time: 0.3574  data_time: 0.1297  memory: 603  grad_norm: 13.2115  loss: 0.7202  loss_cls: 0.2609  loss_bbox: 0.3226  loss_mask: 0.1367
2026/08/06 10:32:46 - mmengine - INFO - Epoch(train) [16][50/68]  base_lr: 1.2500e-04 lr: 1.2500e-04  eta: 0:21:35  time: 0.3658  data_time: 0.1373  memory: 601  grad_norm: 13.2011  loss: 0.7262  loss_cls: 0.2648  loss_bbox: 0.3215  loss_mask: 0.1399
2026/08/06 10:32:49 - mmengine - INFO - Epoch(train) [16][60/68]  base_lr: 1.2500e-04 lr: 1.2500e-04  eta: 0:21:32  time: 0.3610  data_time: 0.1335  memory: 600  grad_norm: 12.2441  loss: 0.7255  loss_cls: 0.2632  loss_bbox: 0.3201  loss_mask: 0.1421
2026/08/06 10:32:52 - mmengine - INFO - Exp name: rtmdet_ins_busi_20260806_102423
2026/08/06 10:32:52 - mmengine - INFO - Saving checkpoint at 16 epochs
2026/08/06 10:32:55 - mmengine - INFO - Epoch(val) [16][ 10/116]    eta: 0:00:05  time: 0.0458  data_time: 0.0067  memory: 598  
2026/08/06 10:32:55 - mmengine - INFO - Epoch(val) [16][ 20/116]    eta: 0:00:04  time: 0.0465  data_time: 0.0069  memory: 145  
2026/08/06 10:32:56 - mmengine - INFO - Epoch(val) [16][ 30/116]    eta: 0:00:03  time: 0.0452  data_time: 0.0069  memory: 174  
2026/08/06 10:32:56 - mmengine - INFO - Epoch(val) [16][ 40/116]    eta: 0:00:03  time: 0.0442  data_time: 0.0068  memory: 179  
2026/08/06 10:32:56 - mmengine - INFO - Epoch(val) [16][ 50/116]    eta: 0:00:02  time: 0.0433  data_time: 0.0070  memory: 217  
2026/08/06 10:32:57 - mmengine - INFO - Epoch(val) [16][ 60/116]    eta: 0:00:02  time: 0.0406  data_time: 0.0067  memory: 186  
2026/08/06 10:32:57 - mmengine - INFO - Epoch(val) [16][ 70/116]    eta: 0:00:01  time: 0.0394  data_time: 0.0064  memory: 144  
2026/08/06 10:32:58 - mmengine - INFO - Epoch(val) [16][ 80/116]    eta: 0:00:01  time: 0.0387  data_time: 0.0064  memory: 158  
2026/08/06 10:32:58 - mmengine - INFO - Epoch(val) [16][ 90/116]    eta: 0:00:01  time: 0.0404  data_time: 0.0069  memory: 225  
2026/08/06 10:32:59 - mmengine - INFO - Epoch(val) [16][100/116]    eta: 0:00:00  time: 0.0416  data_time: 0.0068  memory: 183  
2026/08/06 10:32:59 - mmengine - INFO - Epoch(val) [16][110/116]    eta: 0:00:00  time: 0.0442  data_time: 0.0067  memory: 224  
2026/08/06 10:32:59 - mmengine - INFO - Evaluating bbox...
2026/08/06 10:32:59 - mmengine - INFO - bbox_mAP_copypaste: 0.579 0.877 0.653 0.000 0.709 0.512
2026/08/06 10:32:59 - mmengine - INFO - Evaluating segm...
2026/08/06 10:33:00 - mmengine - INFO - segm_mAP_copypaste: 0.603 0.876 0.706 0.000 0.709 0.550
2026/08/06 10:33:00 - mmengine - INFO - Epoch(val) [16][116/116]    coco/bbox_mAP: 0.5790  coco/bbox_mAP_50: 0.8770  coco/bbox_mAP_75: 0.6530  coco/bbox_mAP_s: 0.0000  coco/bbox_mAP_m: 0.7090  coco/bbox_mAP_l: 0.5120  coco/segm_mAP: 0.6030  coco/segm_mAP_50: 0.8760  coco/segm_mAP_75: 0.7060  coco/segm_mAP_s: 0.0000  coco/segm_mAP_m: 0.7090  coco/segm_mAP_l: 0.5500  data_time: 0.0069  time: 0.0437
2026/08/06 10:33:04 - mmengine - INFO - Epoch(train) [17][10/68]  base_lr: 1.2500e-04 lr: 1.2500e-04  eta: 0:21:27  time: 0.3699  data_time: 0.1409  memory: 601  grad_norm: 13.4448  loss: 0.7480  loss_cls: 0.2822  loss_bbox: 0.3209  loss_mask: 0.1449
2026/08/06 10:33:07 - mmengine - INFO - Epoch(train) [17][20/68]  base_lr: 1.2500e-04 lr: 1.2500e-04  eta: 0:21:24  time: 0.3716  data_time: 0.1434  memory: 601  grad_norm: 13.5157  loss: 0.7380  loss_cls: 0.2767  loss_bbox: 0.3188  loss_mask: 0.1425
2026/08/06 10:33:11 - mmengine - INFO - Epoch(train) [17][30/68]  base_lr: 1.2500e-04 lr: 1.2500e-04  eta: 0:21:20  time: 0.3655  data_time: 0.1388  memory: 600  grad_norm: 13.4223  loss: 0.7292  loss_cls: 0.2724  loss_bbox: 0.3169  loss_mask: 0.1399
2026/08/06 10:33:14 - mmengine - INFO - Epoch(train) [17][40/68]  base_lr: 1.2500e-04 lr: 1.2500e-04  eta: 0:21:16  time: 0.3600  data_time: 0.1352  memory: 603  grad_norm: 13.7792  loss: 0.7110  loss_cls: 0.2563  loss_bbox: 0.3162  loss_mask: 0.1385
2026/08/06 10:33:18 - mmengine - INFO - Epoch(train) [17][50/68]  base_lr: 1.2500e-04 lr: 1.2500e-04  eta: 0:21:12  time: 0.3596  data_time: 0.1394  memory: 602  grad_norm: 13.5613  loss: 0.7127  loss_cls: 0.2538  loss_bbox: 0.3221  loss_mask: 0.1368
2026/08/06 10:33:21 - mmengine - INFO - Epoch(train) [17][60/68]  base_lr: 1.2500e-04 lr: 1.2500e-04  eta: 0:21:09  time: 0.3517  data_time: 0.1332  memory: 600  grad_norm: 13.0645  loss: 0.7000  loss_cls: 0.2454  loss_bbox: 0.3200  loss_mask: 0.1346
2026/08/06 10:33:24 - mmengine - INFO - Exp name: rtmdet_ins_busi_20260806_102423
2026/08/06 10:33:24 - mmengine - INFO - Saving checkpoint at 17 epochs
2026/08/06 10:33:26 - mmengine - INFO - Epoch(val) [17][ 10/116]    eta: 0:00:03  time: 0.0454  data_time: 0.0070  memory: 600  
2026/08/06 10:33:26 - mmengine - INFO - Epoch(val) [17][ 20/116]    eta: 0:00:03  time: 0.0437  data_time: 0.0065  memory: 138  
2026/08/06 10:33:27 - mmengine - INFO - Epoch(val) [17][ 30/116]    eta: 0:00:02  time: 0.0401  data_time: 0.0059  memory: 167  
2026/08/06 10:33:27 - mmengine - INFO - Epoch(val) [17][ 40/116]    eta: 0:00:02  time: 0.0376  data_time: 0.0055  memory: 204  
2026/08/06 10:33:27 - mmengine - INFO - Epoch(val) [17][ 50/116]    eta: 0:00:02  time: 0.0332  data_time: 0.0048  memory: 223  
2026/08/06 10:33:28 - mmengine - INFO - Epoch(val) [17][ 60/116]    eta: 0:00:01  time: 0.0339  data_time: 0.0050  memory: 196  
2026/08/06 10:33:28 - mmengine - INFO - Epoch(val) [17][ 70/116]    eta: 0:00:01  time: 0.0338  data_time: 0.0051  memory: 171  
2026/08/06 10:33:29 - mmengine - INFO - Epoch(val) [17][ 80/116]    eta: 0:00:01  time: 0.0344  data_time: 0.0053  memory: 182  
2026/08/06 10:33:29 - mmengine - INFO - Epoch(val) [17][ 90/116]    eta: 0:00:00  time: 0.0352  data_time: 0.0055  memory: 225  
2026/08/06 10:33:29 - mmengine - INFO - Epoch(val) [17][100/116]    eta: 0:00:00  time: 0.0364  data_time: 0.0057  memory: 231  
2026/08/06 10:33:30 - mmengine - INFO - Epoch(val) [17][110/116]    eta: 0:00:00  time: 0.0374  data_time: 0.0056  memory: 224  
2026/08/06 10:33:30 - mmengine - INFO - Evaluating bbox...
2026/08/06 10:33:30 - mmengine - INFO - bbox_mAP_copypaste: 0.573 0.891 0.631 0.000 0.693 0.501
2026/08/06 10:33:30 - mmengine - INFO - Evaluating segm...
2026/08/06 10:33:30 - mmengine - INFO - segm_mAP_copypaste: 0.600 0.880 0.686 0.000 0.699 0.548
2026/08/06 10:33:30 - mmengine - INFO - Epoch(val) [17][116/116]    coco/bbox_mAP: 0.5730  coco/bbox_mAP_50: 0.8910  coco/bbox_mAP_75: 0.6310  coco/bbox_mAP_s: 0.0000  coco/bbox_mAP_m: 0.6930  coco/bbox_mAP_l: 0.5010  coco/segm_mAP: 0.6000  coco/segm_mAP_50: 0.8800  coco/segm_mAP_75: 0.6860  coco/segm_mAP_s: 0.0000  coco/segm_mAP_m: 0.6990  coco/segm_mAP_l: 0.5480  data_time: 0.0054  time: 0.0362
2026/08/06 10:33:34 - mmengine - INFO - Epoch(train) [18][10/68]  base_lr: 1.2500e-04 lr: 1.2500e-04  eta: 0:21:03  time: 0.3480  data_time: 0.1301  memory: 600  grad_norm: 13.6153  loss: 0.7133  loss_cls: 0.2538  loss_bbox: 0.3220  loss_mask: 0.1374
2026/08/06 10:33:37 - mmengine - INFO - Epoch(train) [18][20/68]  base_lr: 1.2500e-04 lr: 1.2500e-04  eta: 0:20:59  time: 0.3466  data_time: 0.1316  memory: 601  grad_norm: 13.6142  loss: 0.7222  loss_cls: 0.2648  loss_bbox: 0.3192  loss_mask: 0.1382
2026/08/06 10:33:41 - mmengine - INFO - Epoch(train) [18][30/68]  base_lr: 1.2500e-04 lr: 1.2500e-04  eta: 0:20:55  time: 0.3485  data_time: 0.1315  memory: 599  grad_norm: 13.4309  loss: 0.7085  loss_cls: 0.2621  loss_bbox: 0.3093  loss_mask: 0.1370
2026/08/06 10:33:44 - mmengine - INFO - Epoch(train) [18][40/68]  base_lr: 1.2500e-04 lr: 1.2500e-04  eta: 0:20:51  time: 0.3457  data_time: 0.1305  memory: 602  grad_norm: 13.3569  loss: 0.7214  loss_cls: 0.2649  loss_bbox: 0.3148  loss_mask: 0.1417
2026/08/06 10:33:48 - mmengine - INFO - Epoch(train) [18][50/68]  base_lr: 1.2500e-04 lr: 1.2500e-04  eta: 0:20:48  time: 0.3520  data_time: 0.1337  memory: 599  grad_norm: 13.0252  loss: 0.6992  loss_cls: 0.2553  loss_bbox: 0.3080  loss_mask: 0.1360
2026/08/06 10:33:52 - mmengine - INFO - Epoch(train) [18][60/68]  base_lr: 1.2500e-04 lr: 1.2500e-04  eta: 0:20:46  time: 0.3583  data_time: 0.1367  memory: 602  grad_norm: 12.7408  loss: 0.6957  loss_cls: 0.2543  loss_bbox: 0.3048  loss_mask: 0.1366
2026/08/06 10:33:55 - mmengine - INFO - Exp name: rtmdet_ins_busi_20260806_102423
2026/08/06 10:33:55 - mmengine - INFO - Saving checkpoint at 18 epochs
2026/08/06 10:33:57 - mmengine - INFO - Epoch(val) [18][ 10/116]    eta: 0:00:03  time: 0.0401  data_time: 0.0062  memory: 601  
2026/08/06 10:33:58 - mmengine - INFO - Epoch(val) [18][ 20/116]    eta: 0:00:03  time: 0.0396  data_time: 0.0062  memory: 138  
2026/08/06 10:33:58 - mmengine - INFO - Epoch(val) [18][ 30/116]    eta: 0:00:02  time: 0.0387  data_time: 0.0062  memory: 188  
2026/08/06 10:33:58 - mmengine - INFO - Epoch(val) [18][ 40/116]    eta: 0:00:02  time: 0.0369  data_time: 0.0058  memory: 197  
2026/08/06 10:33:59 - mmengine - INFO - Epoch(val) [18][ 50/116]    eta: 0:00:02  time: 0.0345  data_time: 0.0059  memory: 206  
2026/08/06 10:33:59 - mmengine - INFO - Epoch(val) [18][ 60/116]    eta: 0:00:01  time: 0.0347  data_time: 0.0059  memory: 186  
2026/08/06 10:33:59 - mmengine - INFO - Epoch(val) [18][ 70/116]    eta: 0:00:01  time: 0.0360  data_time: 0.0059  memory: 152  
2026/08/06 10:34:00 - mmengine - INFO - Epoch(val) [18][ 80/116]    eta: 0:00:01  time: 0.0377  data_time: 0.0062  memory: 167  
2026/08/06 10:34:00 - mmengine - INFO - Epoch(val) [18][ 90/116]    eta: 0:00:00  time: 0.0403  data_time: 0.0068  memory: 255  
2026/08/06 10:34:01 - mmengine - INFO - Epoch(val) [18][100/116]    eta: 0:00:00  time: 0.0415  data_time: 0.0066  memory: 242  
2026/08/06 10:34:01 - mmengine - INFO - Epoch(val) [18][110/116]    eta: 0:00:00  time: 0.0424  data_time: 0.0064  memory: 206  
2026/08/06 10:34:02 - mmengine - INFO - Evaluating bbox...
2026/08/06 10:34:02 - mmengine - INFO - bbox_mAP_copypaste: 0.587 0.893 0.645 0.000 0.710 0.517
2026/08/06 10:34:02 - mmengine - INFO - Evaluating segm...
2026/08/06 10:34:02 - mmengine - INFO - segm_mAP_copypaste: 0.607 0.892 0.714 0.000 0.699 0.560
2026/08/06 10:34:02 - mmengine - INFO - Epoch(val) [18][116/116]    coco/bbox_mAP: 0.5870  coco/bbox_mAP_50: 0.8930  coco/bbox_mAP_75: 0.6450  coco/bbox_mAP_s: 0.0000  coco/bbox_mAP_m: 0.7100  coco/bbox_mAP_l: 0.5170  coco/segm_mAP: 0.6070  coco/segm_mAP_50: 0.8920  coco/segm_mAP_75: 0.7140  coco/segm_mAP_s: 0.0000  coco/segm_mAP_m: 0.6990  coco/segm_mAP_l: 0.5600  data_time: 0.0064  time: 0.0390
2026/08/06 10:34:02 - mmengine - INFO - The previous best checkpoint d:\mamografi\real_time_segmentasyon\rtmdet\calisma\rtmdet_ins_tiny_256_orta\best_coco_segm_mAP_epoch_15.pth is removed
2026/08/06 10:34:04 - mmengine - INFO - The best checkpoint with 0.6070 coco/segm_mAP at 18 epoch is saved to best_coco_segm_mAP_epoch_18.pth.
2026/08/06 10:34:09 - mmengine - INFO - Epoch(train) [19][10/68]  base_lr: 1.2500e-04 lr: 1.2500e-04  eta: 0:20:41  time: 0.3687  data_time: 0.1403  memory: 600  grad_norm: 12.5312  loss: 0.6901  loss_cls: 0.2445  loss_bbox: 0.3070  loss_mask: 0.1386
2026/08/06 10:34:13 - mmengine - INFO - Epoch(train) [19][20/68]  base_lr: 1.2500e-04 lr: 1.2500e-04  eta: 0:20:39  time: 0.3796  data_time: 0.1450  memory: 602  grad_norm: 13.3509  loss: 0.6737  loss_cls: 0.2386  loss_bbox: 0.3002  loss_mask: 0.1349
2026/08/06 10:34:17 - mmengine - INFO - Epoch(train) [19][30/68]  base_lr: 1.2500e-04 lr: 1.2500e-04  eta: 0:20:35  time: 0.3819  data_time: 0.1462  memory: 600  grad_norm: 13.6740  loss: 0.6844  loss_cls: 0.2370  loss_bbox: 0.3085  loss_mask: 0.1389
2026/08/06 10:34:20 - mmengine - INFO - Epoch(train) [19][40/68]  base_lr: 1.2500e-04 lr: 1.2500e-04  eta: 0:20:32  time: 0.3790  data_time: 0.1445  memory: 602  grad_norm: 14.1615  loss: 0.6793  loss_cls: 0.2316  loss_bbox: 0.3110  loss_mask: 0.1367
2026/08/06 10:34:24 - mmengine - INFO - Epoch(train) [19][50/68]  base_lr: 1.2500e-04 lr: 1.2500e-04  eta: 0:20:28  time: 0.3672  data_time: 0.1363  memory: 599  grad_norm: 14.6475  loss: 0.6664  loss_cls: 0.2246  loss_bbox: 0.3072  loss_mask: 0.1345
2026/08/06 10:34:28 - mmengine - INFO - Epoch(train) [19][60/68]  base_lr: 1.2500e-04 lr: 1.2500e-04  eta: 0:20:26  time: 0.3724  data_time: 0.1387  memory: 600  grad_norm: 14.6930  loss: 0.6733  loss_cls: 0.2350  loss_bbox: 0.3042  loss_mask: 0.1341
2026/08/06 10:34:31 - mmengine - INFO - Exp name: rtmdet_ins_busi_20260806_102423
2026/08/06 10:34:31 - mmengine - INFO - Saving checkpoint at 19 epochs
2026/08/06 10:34:33 - mmengine - INFO - Epoch(val) [19][ 10/116]    eta: 0:00:03  time: 0.0428  data_time: 0.0069  memory: 600  
2026/08/06 10:34:33 - mmengine - INFO - Epoch(val) [19][ 20/116]    eta: 0:00:03  time: 0.0402  data_time: 0.0066  memory: 138  
2026/08/06 10:34:34 - mmengine - INFO - Epoch(val) [19][ 30/116]    eta: 0:00:02  time: 0.0382  data_time: 0.0063  memory: 203  
2026/08/06 10:34:34 - mmengine - INFO - Epoch(val) [19][ 40/116]    eta: 0:00:02  time: 0.0367  data_time: 0.0061  memory: 173  
2026/08/06 10:34:34 - mmengine - INFO - Epoch(val) [19][ 50/116]    eta: 0:00:02  time: 0.0341  data_time: 0.0060  memory: 181  
2026/08/06 10:34:35 - mmengine - INFO - Epoch(val) [19][ 60/116]    eta: 0:00:01  time: 0.0344  data_time: 0.0061  memory: 192  
2026/08/06 10:34:35 - mmengine - INFO - Epoch(val) [19][ 70/116]    eta: 0:00:01  time: 0.0354  data_time: 0.0062  memory: 153  
2026/08/06 10:34:36 - mmengine - INFO - Epoch(val) [19][ 80/116]    eta: 0:00:01  time: 0.0354  data_time: 0.0061  memory: 164  
2026/08/06 10:34:36 - mmengine - INFO - Epoch(val) [19][ 90/116]    eta: 0:00:00  time: 0.0368  data_time: 0.0065  memory: 212  
2026/08/06 10:34:36 - mmengine - INFO - Epoch(val) [19][100/116]    eta: 0:00:00  time: 0.0375  data_time: 0.0062  memory: 213  
2026/08/06 10:34:37 - mmengine - INFO - Epoch(val) [19][110/116]    eta: 0:00:00  time: 0.0382  data_time: 0.0059  memory: 186  
2026/08/06 10:34:37 - mmengine - INFO - Evaluating bbox...
2026/08/06 10:34:37 - mmengine - INFO - bbox_mAP_copypaste: 0.595 0.905 0.644 0.000 0.706 0.548
2026/08/06 10:34:37 - mmengine - INFO - Evaluating segm...
2026/08/06 10:34:37 - mmengine - INFO - segm_mAP_copypaste: 0.607 0.902 0.714 0.000 0.712 0.560
2026/08/06 10:34:37 - mmengine - INFO - Epoch(val) [19][116/116]    coco/bbox_mAP: 0.5950  coco/bbox_mAP_50: 0.9050  coco/bbox_mAP_75: 0.6440  coco/bbox_mAP_s: 0.0000  coco/bbox_mAP_m: 0.7060  coco/bbox_mAP_l: 0.5480  coco/segm_mAP: 0.6070  coco/segm_mAP_50: 0.9020  coco/segm_mAP_75: 0.7140  coco/segm_mAP_s: 0.0000  coco/segm_mAP_m: 0.7120  coco/segm_mAP_l: 0.5600  data_time: 0.0061  time: 0.0364
2026/08/06 10:34:41 - mmengine - INFO - Epoch(train) [20][10/68]  base_lr: 1.2500e-04 lr: 1.2500e-04  eta: 0:20:21  time: 0.3684  data_time: 0.1389  memory: 601  grad_norm: 14.7493  loss: 0.6860  loss_cls: 0.2434  loss_bbox: 0.3057  loss_mask: 0.1369
2026/08/06 10:34:45 - mmengine - INFO - Epoch(train) [20][20/68]  base_lr: 1.2500e-04 lr: 1.2500e-04  eta: 0:20:18  time: 0.3752  data_time: 0.1424  memory: 601  grad_norm: 14.1304  loss: 0.6854  loss_cls: 0.2415  loss_bbox: 0.3054  loss_mask: 0.1386
2026/08/06 10:34:49 - mmengine - INFO - Epoch(train) [20][30/68]  base_lr: 1.2500e-04 lr: 1.2500e-04  eta: 0:20:15  time: 0.3773  data_time: 0.1467  memory: 600  grad_norm: 14.1230  loss: 0.6872  loss_cls: 0.2405  loss_bbox: 0.3075  loss_mask: 0.1392
2026/08/06 10:34:52 - mmengine - INFO - Epoch(train) [20][40/68]  base_lr: 1.2500e-04 lr: 1.2500e-04  eta: 0:20:11  time: 0.3690  data_time: 0.1426  memory: 600  grad_norm: 14.3074  loss: 0.6875  loss_cls: 0.2448  loss_bbox: 0.3069  loss_mask: 0.1357
2026/08/06 10:34:56 - mmengine - INFO - Epoch(train) [20][50/68]  base_lr: 1.2500e-04 lr: 1.2500e-04  eta: 0:20:08  time: 0.3697  data_time: 0.1439  memory: 603  grad_norm: 13.7966  loss: 0.6599  loss_cls: 0.2304  loss_bbox: 0.2981  loss_mask: 0.1315
2026/08/06 10:34:59 - mmengine - INFO - Epoch(train) [20][60/68]  base_lr: 1.2500e-04 lr: 1.2500e-04  eta: 0:20:04  time: 0.3623  data_time: 0.1396  memory: 601  grad_norm: 13.8518  loss: 0.6550  loss_cls: 0.2300  loss_bbox: 0.2953  loss_mask: 0.1297
2026/08/06 10:35:02 - mmengine - INFO - Exp name: rtmdet_ins_busi_20260806_102423
2026/08/06 10:35:02 - mmengine - INFO - Saving checkpoint at 20 epochs
2026/08/06 10:35:04 - mmengine - INFO - Epoch(val) [20][ 10/116]    eta: 0:00:03  time: 0.0385  data_time: 0.0060  memory: 600  
2026/08/06 10:35:05 - mmengine - INFO - Epoch(val) [20][ 20/116]    eta: 0:00:03  time: 0.0371  data_time: 0.0059  memory: 138  
2026/08/06 10:35:05 - mmengine - INFO - Epoch(val) [20][ 30/116]    eta: 0:00:02  time: 0.0360  data_time: 0.0055  memory: 171  
2026/08/06 10:35:05 - mmengine - INFO - Epoch(val) [20][ 40/116]    eta: 0:00:02  time: 0.0352  data_time: 0.0053  memory: 163  
2026/08/06 10:35:06 - mmengine - INFO - Epoch(val) [20][ 50/116]    eta: 0:00:02  time: 0.0338  data_time: 0.0052  memory: 193  
2026/08/06 10:35:06 - mmengine - INFO - Epoch(val) [20][ 60/116]    eta: 0:00:01  time: 0.0342  data_time: 0.0053  memory: 196  
2026/08/06 10:35:06 - mmengine - INFO - Epoch(val) [20][ 70/116]    eta: 0:00:01  time: 0.0345  data_time: 0.0052  memory: 149  
2026/08/06 10:35:07 - mmengine - INFO - Epoch(val) [20][ 80/116]    eta: 0:00:01  time: 0.0334  data_time: 0.0053  memory: 154  
2026/08/06 10:35:07 - mmengine - INFO - Epoch(val) [20][ 90/116]    eta: 0:00:00  time: 0.0340  data_time: 0.0056  memory: 225  
2026/08/06 10:35:07 - mmengine - INFO - Epoch(val) [20][100/116]    eta: 0:00:00  time: 0.0339  data_time: 0.0055  memory: 222  
2026/08/06 10:35:08 - mmengine - INFO - Epoch(val) [20][110/116]    eta: 0:00:00  time: 0.0348  data_time: 0.0053  memory: 172  
2026/08/06 10:35:08 - mmengine - INFO - Evaluating bbox...
2026/08/06 10:35:08 - mmengine - INFO - bbox_mAP_copypaste: 0.566 0.894 0.620 0.000 0.690 0.511
2026/08/06 10:35:08 - mmengine - INFO - Evaluating segm...
2026/08/06 10:35:08 - mmengine - INFO - segm_mAP_copypaste: 0.598 0.890 0.670 0.000 0.705 0.549
2026/08/06 10:35:08 - mmengine - INFO - Epoch(val) [20][116/116]    coco/bbox_mAP: 0.5660  coco/bbox_mAP_50: 0.8940  coco/bbox_mAP_75: 0.6200  coco/bbox_mAP_s: 0.0000  coco/bbox_mAP_m: 0.6900  coco/bbox_mAP_l: 0.5110  coco/segm_mAP: 0.5980  coco/segm_mAP_50: 0.8900  coco/segm_mAP_75: 0.6700  coco/segm_mAP_s: 0.0000  coco/segm_mAP_m: 0.7050  coco/segm_mAP_l: 0.5490  data_time: 0.0054  time: 0.0346
2026/08/06 10:35:12 - mmengine - INFO - Epoch(train) [21][10/68]  base_lr: 1.2500e-04 lr: 1.2500e-04  eta: 0:19:58  time: 0.3585  data_time: 0.1316  memory: 601  grad_norm: 14.3549  loss: 0.6519  loss_cls: 0.2309  loss_bbox: 0.2926  loss_mask: 0.1284
2026/08/06 10:35:16 - mmengine - INFO - Epoch(train) [21][20/68]  base_lr: 1.2500e-04 lr: 1.2500e-04  eta: 0:19:55  time: 0.3645  data_time: 0.1339  memory: 600  grad_norm: 14.5977  loss: 0.6479  loss_cls: 0.2238  loss_bbox: 0.2935  loss_mask: 0.1306
2026/08/06 10:35:20 - mmengine - INFO - Epoch(train) [21][30/68]  base_lr: 1.2500e-04 lr: 1.2500e-04  eta: 0:19:52  time: 0.3689  data_time: 0.1359  memory: 600  grad_norm: 14.6057  loss: 0.6482  loss_cls: 0.2222  loss_bbox: 0.2947  loss_mask: 0.1313
2026/08/06 10:35:23 - mmengine - INFO - Epoch(train) [21][40/68]  base_lr: 1.2500e-04 lr: 1.2500e-04  eta: 0:19:49  time: 0.3670  data_time: 0.1328  memory: 601  grad_norm: 14.7751  loss: 0.6559  loss_cls: 0.2225  loss_bbox: 0.3010  loss_mask: 0.1323
2026/08/06 10:35:27 - mmengine - INFO - Epoch(train) [21][50/68]  base_lr: 1.2500e-04 lr: 1.2500e-04  eta: 0:19:45  time: 0.3667  data_time: 0.1358  memory: 602  grad_norm: 13.7416  loss: 0.6389  loss_cls: 0.2160  loss_bbox: 0.2925  loss_mask: 0.1304
2026/08/06 10:35:30 - mmengine - INFO - Epoch(train) [21][60/68]  base_lr: 1.2500e-04 lr: 1.2500e-04  eta: 0:19:41  time: 0.3600  data_time: 0.1321  memory: 599  grad_norm: 13.2010  loss: 0.6431  loss_cls: 0.2157  loss_bbox: 0.2938  loss_mask: 0.1336
2026/08/06 10:35:33 - mmengine - INFO - Exp name: rtmdet_ins_busi_20260806_102423
2026/08/06 10:35:33 - mmengine - INFO - Saving checkpoint at 21 epochs
2026/08/06 10:35:35 - mmengine - INFO - Epoch(val) [21][ 10/116]    eta: 0:00:03  time: 0.0371  data_time: 0.0059  memory: 600  
2026/08/06 10:35:36 - mmengine - INFO - Epoch(val) [21][ 20/116]    eta: 0:00:03  time: 0.0371  data_time: 0.0063  memory: 129  
2026/08/06 10:35:36 - mmengine - INFO - Epoch(val) [21][ 30/116]    eta: 0:00:03  time: 0.0363  data_time: 0.0059  memory: 179  
2026/08/06 10:35:36 - mmengine - INFO - Epoch(val) [21][ 40/116]    eta: 0:00:02  time: 0.0363  data_time: 0.0061  memory: 201  
2026/08/06 10:35:37 - mmengine - INFO - Epoch(val) [21][ 50/116]    eta: 0:00:02  time: 0.0356  data_time: 0.0063  memory: 165  
2026/08/06 10:35:37 - mmengine - INFO - Epoch(val) [21][ 60/116]    eta: 0:00:01  time: 0.0352  data_time: 0.0063  memory: 173  
2026/08/06 10:35:37 - mmengine - INFO - Epoch(val) [21][ 70/116]    eta: 0:00:01  time: 0.0354  data_time: 0.0061  memory: 146  
2026/08/06 10:35:38 - mmengine - INFO - Epoch(val) [21][ 80/116]    eta: 0:00:01  time: 0.0356  data_time: 0.0062  memory: 171  
2026/08/06 10:35:38 - mmengine - INFO - Epoch(val) [21][ 90/116]    eta: 0:00:00  time: 0.0364  data_time: 0.0064  memory: 237  
2026/08/06 10:35:39 - mmengine - INFO - Epoch(val) [21][100/116]    eta: 0:00:00  time: 0.0368  data_time: 0.0062  memory: 213  
2026/08/06 10:35:39 - mmengine - INFO - Epoch(val) [21][110/116]    eta: 0:00:00  time: 0.0368  data_time: 0.0060  memory: 158  
2026/08/06 10:35:39 - mmengine - INFO - Evaluating bbox...
2026/08/06 10:35:39 - mmengine - INFO - bbox_mAP_copypaste: 0.600 0.879 0.694 0.000 0.693 0.550
2026/08/06 10:35:39 - mmengine - INFO - Evaluating segm...
2026/08/06 10:35:39 - mmengine - INFO - segm_mAP_copypaste: 0.591 0.879 0.665 0.000 0.701 0.537
2026/08/06 10:35:39 - mmengine - INFO - Epoch(val) [21][116/116]    coco/bbox_mAP: 0.6000  coco/bbox_mAP_50: 0.8790  coco/bbox_mAP_75: 0.6940  coco/bbox_mAP_s: 0.0000  coco/bbox_mAP_m: 0.6930  coco/bbox_mAP_l: 0.5500  coco/segm_mAP: 0.5910  coco/segm_mAP_50: 0.8790  coco/segm_mAP_75: 0.6650  coco/segm_mAP_s: 0.0000  coco/segm_mAP_m: 0.7010  coco/segm_mAP_l: 0.5370  data_time: 0.0062  time: 0.0363
2026/08/06 10:35:43 - mmengine - INFO - Epoch(train) [22][10/68]  base_lr: 1.2500e-04 lr: 1.2500e-04  eta: 0:19:35  time: 0.3531  data_time: 0.1306  memory: 599  grad_norm: 12.6746  loss: 0.6298  loss_cls: 0.2077  loss_bbox: 0.2887  loss_mask: 0.1334
2026/08/06 10:35:47 - mmengine - INFO - Epoch(train) [22][20/68]  base_lr: 1.2500e-04 lr: 1.2500e-04  eta: 0:19:32  time: 0.3584  data_time: 0.1354  memory: 600  grad_norm: 12.4987  loss: 0.6261  loss_cls: 0.2049  loss_bbox: 0.2878  loss_mask: 0.1334
2026/08/06 10:35:50 - mmengine - INFO - Epoch(train) [22][30/68]  base_lr: 1.2500e-04 lr: 1.2500e-04  eta: 0:19:28  time: 0.3572  data_time: 0.1348  memory: 600  grad_norm: 12.5760  loss: 0.6310  loss_cls: 0.2065  loss_bbox: 0.2900  loss_mask: 0.1345
2026/08/06 10:35:54 - mmengine - INFO - Epoch(train) [22][40/68]  base_lr: 1.2500e-04 lr: 1.2500e-04  eta: 0:19:25  time: 0.3571  data_time: 0.1350  memory: 601  grad_norm: 12.6413  loss: 0.6459  loss_cls: 0.2163  loss_bbox: 0.2944  loss_mask: 0.1352
2026/08/06 10:35:57 - mmengine - INFO - Epoch(train) [22][50/68]  base_lr: 1.2500e-04 lr: 1.2500e-04  eta: 0:19:21  time: 0.3572  data_time: 0.1359  memory: 601  grad_norm: 12.7163  loss: 0.6497  loss_cls: 0.2185  loss_bbox: 0.2959  loss_mask: 0.1353
2026/08/06 10:36:00 - mmengine - INFO - Epoch(train) [22][60/68]  base_lr: 1.2500e-04 lr: 1.2500e-04  eta: 0:19:17  time: 0.3454  data_time: 0.1248  memory: 601  grad_norm: 12.4790  loss: 0.6611  loss_cls: 0.2286  loss_bbox: 0.2992  loss_mask: 0.1332
2026/08/06 10:36:03 - mmengine - INFO - Exp name: rtmdet_ins_busi_20260806_102423
2026/08/06 10:36:03 - mmengine - INFO - Saving checkpoint at 22 epochs
2026/08/06 10:36:05 - mmengine - INFO - Epoch(val) [22][ 10/116]    eta: 0:00:03  time: 0.0373  data_time: 0.0062  memory: 606  
2026/08/06 10:36:06 - mmengine - INFO - Epoch(val) [22][ 20/116]    eta: 0:00:02  time: 0.0357  data_time: 0.0061  memory: 141  
2026/08/06 10:36:06 - mmengine - INFO - Epoch(val) [22][ 30/116]    eta: 0:00:02  time: 0.0335  data_time: 0.0056  memory: 221  
2026/08/06 10:36:06 - mmengine - INFO - Epoch(val) [22][ 40/116]    eta: 0:00:02  time: 0.0327  data_time: 0.0052  memory: 201  
2026/08/06 10:36:07 - mmengine - INFO - Epoch(val) [22][ 50/116]    eta: 0:00:02  time: 0.0316  data_time: 0.0051  memory: 177  
2026/08/06 10:36:07 - mmengine - INFO - Epoch(val) [22][ 60/116]    eta: 0:00:01  time: 0.0325  data_time: 0.0051  memory: 196  
2026/08/06 10:36:07 - mmengine - INFO - Epoch(val) [22][ 70/116]    eta: 0:00:01  time: 0.0341  data_time: 0.0053  memory: 177  
2026/08/06 10:36:08 - mmengine - INFO - Epoch(val) [22][ 80/116]    eta: 0:00:01  time: 0.0353  data_time: 0.0052  memory: 184  
2026/08/06 10:36:08 - mmengine - INFO - Epoch(val) [22][ 90/116]    eta: 0:00:00  time: 0.0366  data_time: 0.0054  memory: 212  
2026/08/06 10:36:09 - mmengine - INFO - Epoch(val) [22][100/116]    eta: 0:00:00  time: 0.0387  data_time: 0.0056  memory: 219  
2026/08/06 10:36:09 - mmengine - INFO - Epoch(val) [22][110/116]    eta: 0:00:00  time: 0.0397  data_time: 0.0053  memory: 209  
2026/08/06 10:36:09 - mmengine - INFO - Evaluating bbox...
2026/08/06 10:36:09 - mmengine - INFO - bbox_mAP_copypaste: 0.605 0.904 0.693 0.000 0.724 0.544
2026/08/06 10:36:09 - mmengine - INFO - Evaluating segm...
2026/08/06 10:36:10 - mmengine - INFO - segm_mAP_copypaste: 0.600 0.895 0.698 0.000 0.694 0.554
2026/08/06 10:36:10 - mmengine - INFO - Epoch(val) [22][116/116]    coco/bbox_mAP: 0.6050  coco/bbox_mAP_50: 0.9040  coco/bbox_mAP_75: 0.6930  coco/bbox_mAP_s: 0.0000  coco/bbox_mAP_m: 0.7240  coco/bbox_mAP_l: 0.5440  coco/segm_mAP: 0.6000  coco/segm_mAP_50: 0.8950  coco/segm_mAP_75: 0.6980  coco/segm_mAP_s: 0.0000  coco/segm_mAP_m: 0.6940  coco/segm_mAP_l: 0.5540  data_time: 0.0053  time: 0.0362
2026/08/06 10:36:13 - mmengine - INFO - Epoch(train) [23][10/68]  base_lr: 1.2500e-04 lr: 1.2500e-04  eta: 0:19:11  time: 0.3446  data_time: 0.1265  memory: 601  grad_norm: 12.6494  loss: 0.6480  loss_cls: 0.2283  loss_bbox: 0.2957  loss_mask: 0.1239
2026/08/06 10:36:17 - mmengine - INFO - Epoch(train) [23][20/68]  base_lr: 1.2500e-04 lr: 1.2500e-04  eta: 0:19:07  time: 0.3492  data_time: 0.1288  memory: 602  grad_norm: 12.5073  loss: 0.6196  loss_cls: 0.2100  loss_bbox: 0.2896  loss_mask: 0.1199
2026/08/06 10:36:21 - mmengine - INFO - Epoch(train) [23][30/68]  base_lr: 1.2500e-04 lr: 1.2500e-04  eta: 0:19:04  time: 0.3529  data_time: 0.1299  memory: 600  grad_norm: 12.8501  loss: 0.6199  loss_cls: 0.2091  loss_bbox: 0.2910  loss_mask: 0.1198
2026/08/06 10:36:24 - mmengine - INFO - Epoch(train) [23][40/68]  base_lr: 1.2500e-04 lr: 1.2500e-04  eta: 0:19:01  time: 0.3607  data_time: 0.1368  memory: 600  grad_norm: 13.1119  loss: 0.6162  loss_cls: 0.2034  loss_bbox: 0.2937  loss_mask: 0.1190
2026/08/06 10:36:28 - mmengine - INFO - Epoch(train) [23][50/68]  base_lr: 1.2500e-04 lr: 1.2500e-04  eta: 0:18:57  time: 0.3680  data_time: 0.1412  memory: 601  grad_norm: 13.4995  loss: 0.6295  loss_cls: 0.2108  loss_bbox: 0.2943  loss_mask: 0.1244
2026/08/06 10:36:32 - mmengine - INFO - Epoch(train) [23][60/68]  base_lr: 1.2500e-04 lr: 1.2500e-04  eta: 0:18:55  time: 0.3705  data_time: 0.1442  memory: 601  grad_norm: 13.6143  loss: 0.6515  loss_cls: 0.2223  loss_bbox: 0.3007  loss_mask: 0.1286
2026/08/06 10:36:35 - mmengine - INFO - Exp name: rtmdet_ins_busi_20260806_102423
2026/08/06 10:36:35 - mmengine - INFO - Saving checkpoint at 23 epochs
2026/08/06 10:36:37 - mmengine - INFO - Epoch(val) [23][ 10/116]    eta: 0:00:03  time: 0.0404  data_time: 0.0056  memory: 600  
2026/08/06 10:36:37 - mmengine - INFO - Epoch(val) [23][ 20/116]    eta: 0:00:03  time: 0.0388  data_time: 0.0059  memory: 129  
2026/08/06 10:36:38 - mmengine - INFO - Epoch(val) [23][ 30/116]    eta: 0:00:02  time: 0.0370  data_time: 0.0055  memory: 179  
2026/08/06 10:36:38 - mmengine - INFO - Epoch(val) [23][ 40/116]    eta: 0:00:02  time: 0.0354  data_time: 0.0055  memory: 182  
2026/08/06 10:36:38 - mmengine - INFO - Epoch(val) [23][ 50/116]    eta: 0:00:02  time: 0.0331  data_time: 0.0056  memory: 181  
2026/08/06 10:36:39 - mmengine - INFO - Epoch(val) [23][ 60/116]    eta: 0:00:01  time: 0.0336  data_time: 0.0057  memory: 192  
2026/08/06 10:36:39 - mmengine - INFO - Epoch(val) [23][ 70/116]    eta: 0:00:01  time: 0.0350  data_time: 0.0057  memory: 200  
2026/08/06 10:36:39 - mmengine - INFO - Epoch(val) [23][ 80/116]    eta: 0:00:01  time: 0.0357  data_time: 0.0059  memory: 161  
2026/08/06 10:36:40 - mmengine - INFO - Epoch(val) [23][ 90/116]    eta: 0:00:00  time: 0.0382  data_time: 0.0064  memory: 219  
2026/08/06 10:36:40 - mmengine - INFO - Epoch(val) [23][100/116]    eta: 0:00:00  time: 0.0397  data_time: 0.0063  memory: 225  
2026/08/06 10:36:41 - mmengine - INFO - Epoch(val) [23][110/116]    eta: 0:00:00  time: 0.0402  data_time: 0.0060  memory: 182  
2026/08/06 10:36:41 - mmengine - INFO - Evaluating bbox...
2026/08/06 10:36:41 - mmengine - INFO - bbox_mAP_copypaste: 0.592 0.897 0.681 0.000 0.703 0.543
2026/08/06 10:36:41 - mmengine - INFO - Evaluating segm...
2026/08/06 10:36:41 - mmengine - INFO - segm_mAP_copypaste: 0.604 0.901 0.641 0.000 0.707 0.558
2026/08/06 10:36:41 - mmengine - INFO - Epoch(val) [23][116/116]    coco/bbox_mAP: 0.5920  coco/bbox_mAP_50: 0.8970  coco/bbox_mAP_75: 0.6810  coco/bbox_mAP_s: 0.0000  coco/bbox_mAP_m: 0.7030  coco/bbox_mAP_l: 0.5430  coco/segm_mAP: 0.6040  coco/segm_mAP_50: 0.9010  coco/segm_mAP_75: 0.6410  coco/segm_mAP_s: 0.0000  coco/segm_mAP_m: 0.7070  coco/segm_mAP_l: 0.5580  data_time: 0.0059  time: 0.0369
2026/08/06 10:36:45 - mmengine - INFO - Epoch(train) [24][10/68]  base_lr: 1.2500e-04 lr: 1.2500e-04  eta: 0:18:48  time: 0.3690  data_time: 0.1451  memory: 600  grad_norm: 13.5195  loss: 0.6534  loss_cls: 0.2287  loss_bbox: 0.2971  loss_mask: 0.1277
2026/08/06 10:36:49 - mmengine - INFO - Epoch(train) [24][20/68]  base_lr: 1.2500e-04 lr: 1.2500e-04  eta: 0:18:45  time: 0.3692  data_time: 0.1428  memory: 600  grad_norm: 13.5503  loss: 0.6595  loss_cls: 0.2315  loss_bbox: 0.2967  loss_mask: 0.1312
2026/08/06 10:36:52 - mmengine - INFO - Epoch(train) [24][30/68]  base_lr: 1.2500e-04 lr: 1.2500e-04  eta: 0:18:42  time: 0.3690  data_time: 0.1417  memory: 602  grad_norm: 13.2255  loss: 0.6627  loss_cls: 0.2263  loss_bbox: 0.2998  loss_mask: 0.1366
2026/08/06 10:36:56 - mmengine - INFO - Epoch(train) [24][40/68]  base_lr: 1.2500e-04 lr: 1.2500e-04  eta: 0:18:39  time: 0.3650  data_time: 0.1368  memory: 598  grad_norm: 12.6419  loss: 0.6370  loss_cls: 0.2110  loss_bbox: 0.2961  loss_mask: 0.1299
2026/08/06 10:36:59 - mmengine - INFO - Epoch(train) [24][50/68]  base_lr: 1.2500e-04 lr: 1.2500e-04  eta: 0:18:35  time: 0.3637  data_time: 0.1351  memory: 600  grad_norm: 12.3232  loss: 0.6316  loss_cls: 0.2087  loss_bbox: 0.2936  loss_mask: 0.1292
2026/08/06 10:37:03 - mmengine - INFO - Epoch(train) [24][60/68]  base_lr: 1.2500e-04 lr: 1.2500e-04  eta: 0:18:31  time: 0.3596  data_time: 0.1316  memory: 600  grad_norm: 12.5282  loss: 0.6348  loss_cls: 0.2073  loss_bbox: 0.2991  loss_mask: 0.1284
2026/08/06 10:37:05 - mmengine - INFO - Exp name: rtmdet_ins_busi_20260806_102423
2026/08/06 10:37:05 - mmengine - INFO - Saving checkpoint at 24 epochs
2026/08/06 10:37:08 - mmengine - INFO - Epoch(val) [24][ 10/116]    eta: 0:00:03  time: 0.0397  data_time: 0.0062  memory: 600  
2026/08/06 10:37:08 - mmengine - INFO - Epoch(val) [24][ 20/116]    eta: 0:00:02  time: 0.0369  data_time: 0.0057  memory: 122  
2026/08/06 10:37:08 - mmengine - INFO - Epoch(val) [24][ 30/116]    eta: 0:00:02  time: 0.0337  data_time: 0.0053  memory: 176  
2026/08/06 10:37:09 - mmengine - INFO - Epoch(val) [24][ 40/116]    eta: 0:00:02  time: 0.0320  data_time: 0.0055  memory: 175  
2026/08/06 10:37:09 - mmengine - INFO - Epoch(val) [24][ 50/116]    eta: 0:00:01  time: 0.0298  data_time: 0.0054  memory: 177  
2026/08/06 10:37:09 - mmengine - INFO - Epoch(val) [24][ 60/116]    eta: 0:00:01  time: 0.0300  data_time: 0.0053  memory: 200  
2026/08/06 10:37:10 - mmengine - INFO - Epoch(val) [24][ 70/116]    eta: 0:00:01  time: 0.0312  data_time: 0.0059  memory: 143  
2026/08/06 10:37:10 - mmengine - INFO - Epoch(val) [24][ 80/116]    eta: 0:00:01  time: 0.0323  data_time: 0.0064  memory: 141  
2026/08/06 10:37:10 - mmengine - INFO - Epoch(val) [24][ 90/116]    eta: 0:00:00  time: 0.0333  data_time: 0.0068  memory: 188  
2026/08/06 10:37:11 - mmengine - INFO - Epoch(val) [24][100/116]    eta: 0:00:00  time: 0.0341  data_time: 0.0067  memory: 222  
2026/08/06 10:37:11 - mmengine - INFO - Epoch(val) [24][110/116]    eta: 0:00:00  time: 0.0342  data_time: 0.0066  memory: 161  
2026/08/06 10:37:11 - mmengine - INFO - Evaluating bbox...
2026/08/06 10:37:11 - mmengine - INFO - bbox_mAP_copypaste: 0.628 0.904 0.736 0.000 0.729 0.580
2026/08/06 10:37:11 - mmengine - INFO - Evaluating segm...
2026/08/06 10:37:11 - mmengine - INFO - segm_mAP_copypaste: 0.614 0.905 0.701 0.000 0.718 0.562
2026/08/06 10:37:11 - mmengine - INFO - Epoch(val) [24][116/116]    coco/bbox_mAP: 0.6280  coco/bbox_mAP_50: 0.9040  coco/bbox_mAP_75: 0.7360  coco/bbox_mAP_s: 0.0000  coco/bbox_mAP_m: 0.7290  coco/bbox_mAP_l: 0.5800  coco/segm_mAP: 0.6140  coco/segm_mAP_50: 0.9050  coco/segm_mAP_75: 0.7010  coco/segm_mAP_s: 0.0000  coco/segm_mAP_m: 0.7180  coco/segm_mAP_l: 0.5620  data_time: 0.0060  time: 0.0322
2026/08/06 10:37:11 - mmengine - INFO - The previous best checkpoint d:\mamografi\real_time_segmentasyon\rtmdet\calisma\rtmdet_ins_tiny_256_orta\best_coco_segm_mAP_epoch_18.pth is removed
2026/08/06 10:37:13 - mmengine - INFO - The best checkpoint with 0.6140 coco/segm_mAP at 24 epoch is saved to best_coco_segm_mAP_epoch_24.pth.
2026/08/06 10:37:18 - mmengine - INFO - Epoch(train) [25][10/68]  base_lr: 1.2500e-04 lr: 1.2500e-04  eta: 0:18:25  time: 0.3526  data_time: 0.1305  memory: 603  grad_norm: 12.5476  loss: 0.6140  loss_cls: 0.2037  loss_bbox: 0.2903  loss_mask: 0.1199
2026/08/06 10:37:22 - mmengine - INFO - Epoch(train) [25][20/68]  base_lr: 1.2500e-04 lr: 1.2500e-04  eta: 0:18:21  time: 0.3527  data_time: 0.1299  memory: 600  grad_norm: 12.8916  loss: 0.6019  loss_cls: 0.1962  loss_bbox: 0.2858  loss_mask: 0.1198
2026/08/06 10:37:26 - mmengine - INFO - Epoch(train) [25][30/68]  base_lr: 1.2500e-04 lr: 1.2500e-04  eta: 0:18:18  time: 0.3607  data_time: 0.1365  memory: 600  grad_norm: 13.4121  loss: 0.6007  loss_cls: 0.1870  loss_bbox: 0.2901  loss_mask: 0.1237
2026/08/06 10:37:29 - mmengine - INFO - Epoch(train) [25][40/68]  base_lr: 1.2500e-04 lr: 1.2500e-04  eta: 0:18:15  time: 0.3586  data_time: 0.1365  memory: 601  grad_norm: 13.2607  loss: 0.5915  loss_cls: 0.1847  loss_bbox: 0.2828  loss_mask: 0.1240
2026/08/06 10:37:33 - mmengine - INFO - Epoch(train) [25][50/68]  base_lr: 1.2500e-04 lr: 1.2500e-04  eta: 0:18:11  time: 0.3655  data_time: 0.1401  memory: 602  grad_norm: 13.9241  loss: 0.5884  loss_cls: 0.1808  loss_bbox: 0.2837  loss_mask: 0.1239
2026/08/06 10:37:37 - mmengine - INFO - Epoch(train) [25][60/68]  base_lr: 1.2500e-04 lr: 1.2500e-04  eta: 0:18:08  time: 0.3722  data_time: 0.1474  memory: 600  grad_norm: 13.9338  loss: 0.5951  loss_cls: 0.1805  loss_bbox: 0.2892  loss_mask: 0.1254
2026/08/06 10:37:40 - mmengine - INFO - Exp name: rtmdet_ins_busi_20260806_102423
2026/08/06 10:37:40 - mmengine - INFO - Saving checkpoint at 25 epochs
2026/08/06 10:37:42 - mmengine - INFO - Epoch(val) [25][ 10/116]    eta: 0:00:03  time: 0.0343  data_time: 0.0062  memory: 599  
2026/08/06 10:37:43 - mmengine - INFO - Epoch(val) [25][ 20/116]    eta: 0:00:03  time: 0.0346  data_time: 0.0062  memory: 133  
2026/08/06 10:37:43 - mmengine - INFO - Epoch(val) [25][ 30/116]    eta: 0:00:02  time: 0.0335  data_time: 0.0058  memory: 171  
2026/08/06 10:37:43 - mmengine - INFO - Epoch(val) [25][ 40/116]    eta: 0:00:02  time: 0.0338  data_time: 0.0057  memory: 155  
2026/08/06 10:37:44 - mmengine - INFO - Epoch(val) [25][ 50/116]    eta: 0:00:02  time: 0.0334  data_time: 0.0056  memory: 165  
2026/08/06 10:37:44 - mmengine - INFO - Epoch(val) [25][ 60/116]    eta: 0:00:01  time: 0.0338  data_time: 0.0061  memory: 186  
2026/08/06 10:37:44 - mmengine - INFO - Epoch(val) [25][ 70/116]    eta: 0:00:01  time: 0.0341  data_time: 0.0060  memory: 131  
2026/08/06 10:37:45 - mmengine - INFO - Epoch(val) [25][ 80/116]    eta: 0:00:01  time: 0.0346  data_time: 0.0059  memory: 148  
2026/08/06 10:37:45 - mmengine - INFO - Epoch(val) [25][ 90/116]    eta: 0:00:00  time: 0.0355  data_time: 0.0063  memory: 207  
2026/08/06 10:37:45 - mmengine - INFO - Epoch(val) [25][100/116]    eta: 0:00:00  time: 0.0361  data_time: 0.0063  memory: 211  
2026/08/06 10:37:46 - mmengine - INFO - Epoch(val) [25][110/116]    eta: 0:00:00  time: 0.0369  data_time: 0.0058  memory: 175  
2026/08/06 10:37:46 - mmengine - INFO - Evaluating bbox...
2026/08/06 10:37:46 - mmengine - INFO - bbox_mAP_copypaste: 0.587 0.889 0.692 0.000 0.695 0.535
2026/08/06 10:37:46 - mmengine - INFO - Evaluating segm...
2026/08/06 10:37:46 - mmengine - INFO - segm_mAP_copypaste: 0.612 0.897 0.693 0.000 0.725 0.554
2026/08/06 10:37:46 - mmengine - INFO - Epoch(val) [25][116/116]    coco/bbox_mAP: 0.5870  coco/bbox_mAP_50: 0.8890  coco/bbox_mAP_75: 0.6920  coco/bbox_mAP_s: 0.0000  coco/bbox_mAP_m: 0.6950  coco/bbox_mAP_l: 0.5350  coco/segm_mAP: 0.6120  coco/segm_mAP_50: 0.8970  coco/segm_mAP_75: 0.6930  coco/segm_mAP_s: 0.0000  coco/segm_mAP_m: 0.7250  coco/segm_mAP_l: 0.5540  data_time: 0.0061  time: 0.0357
2026/08/06 10:37:50 - mmengine - INFO - Epoch(train) [26][10/68]  base_lr: 1.2500e-04 lr: 1.2500e-04  eta: 0:18:02  time: 0.3659  data_time: 0.1452  memory: 601  grad_norm: 14.4182  loss: 0.6197  loss_cls: 0.2052  loss_bbox: 0.2875  loss_mask: 0.1270
2026/08/06 10:37:54 - mmengine - INFO - Epoch(train) [26][20/68]  base_lr: 1.2500e-04 lr: 1.2500e-04  eta: 0:17:59  time: 0.3662  data_time: 0.1451  memory: 601  grad_norm: 14.4074  loss: 0.6180  loss_cls: 0.2079  loss_bbox: 0.2860  loss_mask: 0.1242
2026/08/06 10:37:57 - mmengine - INFO - Epoch(train) [26][30/68]  base_lr: 1.2500e-04 lr: 1.2500e-04  eta: 0:17:55  time: 0.3700  data_time: 0.1507  memory: 600  grad_norm: 13.6827  loss: 0.6277  loss_cls: 0.2110  loss_bbox: 0.2886  loss_mask: 0.1281
2026/08/06 10:38:01 - mmengine - INFO - Epoch(train) [26][40/68]  base_lr: 1.2500e-04 lr: 1.2500e-04  eta: 0:17:52  time: 0.3583  data_time: 0.1417  memory: 601  grad_norm: 13.8686  loss: 0.6228  loss_cls: 0.2090  loss_bbox: 0.2858  loss_mask: 0.1281
2026/08/06 10:38:04 - mmengine - INFO - Epoch(train) [26][50/68]  base_lr: 1.2500e-04 lr: 1.2500e-04  eta: 0:17:48  time: 0.3591  data_time: 0.1412  memory: 601  grad_norm: 13.3713  loss: 0.5995  loss_cls: 0.1945  loss_bbox: 0.2809  loss_mask: 0.1241
2026/08/06 10:38:08 - mmengine - INFO - Epoch(train) [26][60/68]  base_lr: 1.2500e-04 lr: 1.2500e-04  eta: 0:17:45  time: 0.3589  data_time: 0.1397  memory: 602  grad_norm: 12.6668  loss: 0.5832  loss_cls: 0.1851  loss_bbox: 0.2768  loss_mask: 0.1214
2026/08/06 10:38:11 - mmengine - INFO - Exp name: rtmdet_ins_busi_20260806_102423
2026/08/06 10:38:11 - mmengine - INFO - Saving checkpoint at 26 epochs
2026/08/06 10:38:13 - mmengine - INFO - Epoch(val) [26][ 10/116]    eta: 0:00:02  time: 0.0368  data_time: 0.0062  memory: 599  
2026/08/06 10:38:13 - mmengine - INFO - Epoch(val) [26][ 20/116]    eta: 0:00:02  time: 0.0342  data_time: 0.0057  memory: 141  
2026/08/06 10:38:13 - mmengine - INFO - Epoch(val) [26][ 30/116]    eta: 0:00:02  time: 0.0330  data_time: 0.0054  memory: 178  
2026/08/06 10:38:14 - mmengine - INFO - Epoch(val) [26][ 40/116]    eta: 0:00:02  time: 0.0322  data_time: 0.0053  memory: 204  
2026/08/06 10:38:14 - mmengine - INFO - Epoch(val) [26][ 50/116]    eta: 0:00:01  time: 0.0301  data_time: 0.0048  memory: 170  
2026/08/06 10:38:14 - mmengine - INFO - Epoch(val) [26][ 60/116]    eta: 0:00:01  time: 0.0307  data_time: 0.0049  memory: 236  
2026/08/06 10:38:15 - mmengine - INFO - Epoch(val) [26][ 70/116]    eta: 0:00:01  time: 0.0318  data_time: 0.0052  memory: 155  
2026/08/06 10:38:15 - mmengine - INFO - Epoch(val) [26][ 80/116]    eta: 0:00:01  time: 0.0318  data_time: 0.0056  memory: 177  
2026/08/06 10:38:15 - mmengine - INFO - Epoch(val) [26][ 90/116]    eta: 0:00:00  time: 0.0324  data_time: 0.0056  memory: 201  
2026/08/06 10:38:16 - mmengine - INFO - Epoch(val) [26][100/116]    eta: 0:00:00  time: 0.0322  data_time: 0.0054  memory: 240  
2026/08/06 10:38:16 - mmengine - INFO - Epoch(val) [26][110/116]    eta: 0:00:00  time: 0.0330  data_time: 0.0056  memory: 172  
2026/08/06 10:38:16 - mmengine - INFO - Evaluating bbox...
2026/08/06 10:38:16 - mmengine - INFO - bbox_mAP_copypaste: 0.594 0.909 0.638 0.000 0.686 0.548
2026/08/06 10:38:16 - mmengine - INFO - Evaluating segm...
2026/08/06 10:38:16 - mmengine - INFO - segm_mAP_copypaste: 0.610 0.900 0.652 0.000 0.695 0.568
2026/08/06 10:38:16 - mmengine - INFO - Epoch(val) [26][116/116]    coco/bbox_mAP: 0.5940  coco/bbox_mAP_50: 0.9090  coco/bbox_mAP_75: 0.6380  coco/bbox_mAP_s: 0.0000  coco/bbox_mAP_m: 0.6860  coco/bbox_mAP_l: 0.5480  coco/segm_mAP: 0.6100  coco/segm_mAP_50: 0.9000  coco/segm_mAP_75: 0.6520  coco/segm_mAP_s: 0.0000  coco/segm_mAP_m: 0.6950  coco/segm_mAP_l: 0.5680  data_time: 0.0054  time: 0.0318
2026/08/06 10:38:20 - mmengine - INFO - Epoch(train) [27][10/68]  base_lr: 1.2500e-04 lr: 1.2500e-04  eta: 0:17:38  time: 0.3496  data_time: 0.1333  memory: 604  grad_norm: 13.0797  loss: 0.5793  loss_cls: 0.1814  loss_bbox: 0.2770  loss_mask: 0.1209
2026/08/06 10:38:23 - mmengine - INFO - Epoch(train) [27][20/68]  base_lr: 1.2500e-04 lr: 1.2500e-04  eta: 0:17:34  time: 0.3511  data_time: 0.1332  memory: 601  grad_norm: 12.9481  loss: 0.5768  loss_cls: 0.1844  loss_bbox: 0.2725  loss_mask: 0.1199
2026/08/06 10:38:27 - mmengine - INFO - Epoch(train) [27][30/68]  base_lr: 1.2500e-04 lr: 1.2500e-04  eta: 0:17:31  time: 0.3490  data_time: 0.1316  memory: 601  grad_norm: 13.1865  loss: 0.5846  loss_cls: 0.1893  loss_bbox: 0.2755  loss_mask: 0.1199
2026/08/06 10:38:30 - mmengine - INFO - Epoch(train) [27][40/68]  base_lr: 1.2500e-04 lr: 1.2500e-04  eta: 0:17:27  time: 0.3438  data_time: 0.1280  memory: 601  grad_norm: 12.9945  loss: 0.5796  loss_cls: 0.1843  loss_bbox: 0.2743  loss_mask: 0.1209
2026/08/06 10:38:34 - mmengine - INFO - Epoch(train) [27][50/68]  base_lr: 1.2500e-04 lr: 1.2500e-04  eta: 0:17:23  time: 0.3448  data_time: 0.1273  memory: 600  grad_norm: 13.1500  loss: 0.5860  loss_cls: 0.1896  loss_bbox: 0.2745  loss_mask: 0.1219
2026/08/06 10:38:37 - mmengine - INFO - Epoch(train) [27][60/68]  base_lr: 1.2500e-04 lr: 1.2500e-04  eta: 0:17:19  time: 0.3451  data_time: 0.1256  memory: 599  grad_norm: 12.8236  loss: 0.5852  loss_cls: 0.1899  loss_bbox: 0.2731  loss_mask: 0.1222
2026/08/06 10:38:40 - mmengine - INFO - Exp name: rtmdet_ins_busi_20260806_102423
2026/08/06 10:38:40 - mmengine - INFO - Saving checkpoint at 27 epochs
2026/08/06 10:38:42 - mmengine - INFO - Epoch(val) [27][ 10/116]    eta: 0:00:03  time: 0.0330  data_time: 0.0058  memory: 601  
2026/08/06 10:38:42 - mmengine - INFO - Epoch(val) [27][ 20/116]    eta: 0:00:02  time: 0.0320  data_time: 0.0059  memory: 129  
2026/08/06 10:38:43 - mmengine - INFO - Epoch(val) [27][ 30/116]    eta: 0:00:02  time: 0.0303  data_time: 0.0058  memory: 162  
2026/08/06 10:38:43 - mmengine - INFO - Epoch(val) [27][ 40/116]    eta: 0:00:02  time: 0.0298  data_time: 0.0052  memory: 151  
2026/08/06 10:38:43 - mmengine - INFO - Epoch(val) [27][ 50/116]    eta: 0:00:01  time: 0.0288  data_time: 0.0052  memory: 159  
2026/08/06 10:38:43 - mmengine - INFO - Epoch(val) [27][ 60/116]    eta: 0:00:01  time: 0.0289  data_time: 0.0051  memory: 124  
2026/08/06 10:38:44 - mmengine - INFO - Epoch(val) [27][ 70/116]    eta: 0:00:01  time: 0.0294  data_time: 0.0050  memory: 125  
2026/08/06 10:38:44 - mmengine - INFO - Epoch(val) [27][ 80/116]    eta: 0:00:01  time: 0.0302  data_time: 0.0052  memory: 158  
2026/08/06 10:38:44 - mmengine - INFO - Epoch(val) [27][ 90/116]    eta: 0:00:00  time: 0.0304  data_time: 0.0057  memory: 169  
2026/08/06 10:38:45 - mmengine - INFO - Epoch(val) [27][100/116]    eta: 0:00:00  time: 0.0307  data_time: 0.0058  memory: 211  
2026/08/06 10:38:45 - mmengine - INFO - Epoch(val) [27][110/116]    eta: 0:00:00  time: 0.0310  data_time: 0.0058  memory: 147  
2026/08/06 10:38:45 - mmengine - INFO - Evaluating bbox...
2026/08/06 10:38:45 - mmengine - INFO - bbox_mAP_copypaste: 0.603 0.921 0.661 0.000 0.719 0.547
2026/08/06 10:38:45 - mmengine - INFO - Evaluating segm...
2026/08/06 10:38:45 - mmengine - INFO - segm_mAP_copypaste: 0.606 0.914 0.662 0.000 0.710 0.553
2026/08/06 10:38:45 - mmengine - INFO - Epoch(val) [27][116/116]    coco/bbox_mAP: 0.6030  coco/bbox_mAP_50: 0.9210  coco/bbox_mAP_75: 0.6610  coco/bbox_mAP_s: 0.0000  coco/bbox_mAP_m: 0.7190  coco/bbox_mAP_l: 0.5470  coco/segm_mAP: 0.6060  coco/segm_mAP_50: 0.9140  coco/segm_mAP_75: 0.6620  coco/segm_mAP_s: 0.0000  coco/segm_mAP_m: 0.7100  coco/segm_mAP_l: 0.5530  data_time: 0.0055  time: 0.0300
2026/08/06 10:38:49 - mmengine - INFO - Epoch(train) [28][10/68]  base_lr: 1.2500e-04 lr: 1.2500e-04  eta: 0:17:13  time: 0.3524  data_time: 0.1360  memory: 601  grad_norm: 13.1378  loss: 0.6136  loss_cls: 0.1953  loss_bbox: 0.2901  loss_mask: 0.1283
2026/08/06 10:38:53 - mmengine - INFO - Epoch(train) [28][20/68]  base_lr: 1.2500e-04 lr: 1.2500e-04  eta: 0:17:10  time: 0.3592  data_time: 0.1390  memory: 604  grad_norm: 13.0872  loss: 0.6071  loss_cls: 0.1938  loss_bbox: 0.2870  loss_mask: 0.1264
2026/08/06 10:38:57 - mmengine - INFO - Epoch(train) [28][30/68]  base_lr: 1.2500e-04 lr: 1.2500e-04  eta: 0:17:07  time: 0.3648  data_time: 0.1448  memory: 601  grad_norm: 12.8567  loss: 0.5932  loss_cls: 0.1836  loss_bbox: 0.2855  loss_mask: 0.1242
2026/08/06 10:39:00 - mmengine - INFO - Epoch(train) [28][40/68]  base_lr: 1.2500e-04 lr: 1.2500e-04  eta: 0:17:03  time: 0.3676  data_time: 0.1465  memory: 601  grad_norm: 12.8402  loss: 0.5943  loss_cls: 0.1843  loss_bbox: 0.2861  loss_mask: 0.1239
2026/08/06 10:39:04 - mmengine - INFO - Epoch(train) [28][50/68]  base_lr: 1.2500e-04 lr: 1.2500e-04  eta: 0:17:00  time: 0.3690  data_time: 0.1456  memory: 599  grad_norm: 12.8868  loss: 0.5741  loss_cls: 0.1735  loss_bbox: 0.2806  loss_mask: 0.1200
2026/08/06 10:39:07 - mmengine - INFO - Epoch(train) [28][60/68]  base_lr: 1.2500e-04 lr: 1.2500e-04  eta: 0:16:56  time: 0.3602  data_time: 0.1383  memory: 600  grad_norm: 12.6429  loss: 0.5697  loss_cls: 0.1719  loss_bbox: 0.2748  loss_mask: 0.1229
2026/08/06 10:39:10 - mmengine - INFO - Exp name: rtmdet_ins_busi_20260806_102423
2026/08/06 10:39:10 - mmengine - INFO - Saving checkpoint at 28 epochs
2026/08/06 10:39:12 - mmengine - INFO - Epoch(val) [28][ 10/116]    eta: 0:00:03  time: 0.0312  data_time: 0.0061  memory: 601  
2026/08/06 10:39:13 - mmengine - INFO - Epoch(val) [28][ 20/116]    eta: 0:00:02  time: 0.0305  data_time: 0.0063  memory: 125  
2026/08/06 10:39:13 - mmengine - INFO - Epoch(val) [28][ 30/116]    eta: 0:00:02  time: 0.0293  data_time: 0.0055  memory: 162  
2026/08/06 10:39:13 - mmengine - INFO - Epoch(val) [28][ 40/116]    eta: 0:00:02  time: 0.0293  data_time: 0.0054  memory: 148  
2026/08/06 10:39:13 - mmengine - INFO - Epoch(val) [28][ 50/116]    eta: 0:00:01  time: 0.0290  data_time: 0.0054  memory: 159  
2026/08/06 10:39:14 - mmengine - INFO - Epoch(val) [28][ 60/116]    eta: 0:00:01  time: 0.0295  data_time: 0.0054  memory: 226  
2026/08/06 10:39:14 - mmengine - INFO - Epoch(val) [28][ 70/116]    eta: 0:00:01  time: 0.0302  data_time: 0.0055  memory: 135  
2026/08/06 10:39:14 - mmengine - INFO - Epoch(val) [28][ 80/116]    eta: 0:00:01  time: 0.0310  data_time: 0.0059  memory: 145  
2026/08/06 10:39:15 - mmengine - INFO - Epoch(val) [28][ 90/116]    eta: 0:00:00  time: 0.0319  data_time: 0.0061  memory: 175  
2026/08/06 10:39:15 - mmengine - INFO - Epoch(val) [28][100/116]    eta: 0:00:00  time: 0.0328  data_time: 0.0060  memory: 219  
2026/08/06 10:39:15 - mmengine - INFO - Epoch(val) [28][110/116]    eta: 0:00:00  time: 0.0324  data_time: 0.0058  memory: 137  
2026/08/06 10:39:16 - mmengine - INFO - Evaluating bbox...
2026/08/06 10:39:16 - mmengine - INFO - bbox_mAP_copypaste: 0.614 0.904 0.710 0.000 0.691 0.575
2026/08/06 10:39:16 - mmengine - INFO - Evaluating segm...
2026/08/06 10:39:16 - mmengine - INFO - segm_mAP_copypaste: 0.621 0.906 0.691 0.000 0.712 0.577
2026/08/06 10:39:16 - mmengine - INFO - Epoch(val) [28][116/116]    coco/bbox_mAP: 0.6140  coco/bbox_mAP_50: 0.9040  coco/bbox_mAP_75: 0.7100  coco/bbox_mAP_s: 0.0000  coco/bbox_mAP_m: 0.6910  coco/bbox_mAP_l: 0.5750  coco/segm_mAP: 0.6210  coco/segm_mAP_50: 0.9060  coco/segm_mAP_75: 0.6910  coco/segm_mAP_s: 0.0000  coco/segm_mAP_m: 0.7120  coco/segm_mAP_l: 0.5770  data_time: 0.0056  time: 0.0311
2026/08/06 10:39:16 - mmengine - INFO - The previous best checkpoint d:\mamografi\real_time_segmentasyon\rtmdet\calisma\rtmdet_ins_tiny_256_orta\best_coco_segm_mAP_epoch_24.pth is removed
2026/08/06 10:39:17 - mmengine - INFO - The best checkpoint with 0.6210 coco/segm_mAP at 28 epoch is saved to best_coco_segm_mAP_epoch_28.pth.
2026/08/06 10:39:23 - mmengine - INFO - Epoch(train) [29][10/68]  base_lr: 1.2500e-04 lr: 1.2500e-04  eta: 0:16:49  time: 0.3508  data_time: 0.1338  memory: 602  grad_norm: 13.0474  loss: 0.5912  loss_cls: 0.1824  loss_bbox: 0.2821  loss_mask: 0.1268
2026/08/06 10:39:26 - mmengine - INFO - Epoch(train) [29][20/68]  base_lr: 1.2500e-04 lr: 1.2500e-04  eta: 0:16:46  time: 0.3488  data_time: 0.1323  memory: 599  grad_norm: 13.4376  loss: 0.5993  loss_cls: 0.1830  loss_bbox: 0.2876  loss_mask: 0.1286
2026/08/06 10:39:30 - mmengine - INFO - Epoch(train) [29][30/68]  base_lr: 1.2500e-04 lr: 1.2500e-04  eta: 0:16:42  time: 0.3467  data_time: 0.1311  memory: 601  grad_norm: 13.2926  loss: 0.5842  loss_cls: 0.1764  loss_bbox: 0.2816  loss_mask: 0.1262
2026/08/06 10:39:33 - mmengine - INFO - Epoch(train) [29][40/68]  base_lr: 1.2500e-04 lr: 1.2500e-04  eta: 0:16:39  time: 0.3471  data_time: 0.1302  memory: 601  grad_norm: 12.7795  loss: 0.5715  loss_cls: 0.1667  loss_bbox: 0.2806  loss_mask: 0.1242
2026/08/06 10:39:37 - mmengine - INFO - Epoch(train) [29][50/68]  base_lr: 1.2500e-04 lr: 1.2500e-04  eta: 0:16:35  time: 0.3489  data_time: 0.1303  memory: 604  grad_norm: 12.0917  loss: 0.5618  loss_cls: 0.1616  loss_bbox: 0.2789  loss_mask: 0.1213
2026/08/06 10:39:40 - mmengine - INFO - Epoch(train) [29][60/68]  base_lr: 1.2500e-04 lr: 1.2500e-04  eta: 0:16:31  time: 0.3495  data_time: 0.1299  memory: 600  grad_norm: 12.7765  loss: 0.5546  loss_cls: 0.1582  loss_bbox: 0.2760  loss_mask: 0.1205
2026/08/06 10:39:43 - mmengine - INFO - Exp name: rtmdet_ins_busi_20260806_102423
2026/08/06 10:39:43 - mmengine - INFO - Saving checkpoint at 29 epochs
2026/08/06 10:39:45 - mmengine - INFO - Epoch(val) [29][ 10/116]    eta: 0:00:03  time: 0.0331  data_time: 0.0059  memory: 601  
2026/08/06 10:39:45 - mmengine - INFO - Epoch(val) [29][ 20/116]    eta: 0:00:02  time: 0.0317  data_time: 0.0058  memory: 129  
2026/08/06 10:39:46 - mmengine - INFO - Epoch(val) [29][ 30/116]    eta: 0:00:02  time: 0.0309  data_time: 0.0058  memory: 181  
2026/08/06 10:39:46 - mmengine - INFO - Epoch(val) [29][ 40/116]    eta: 0:00:02  time: 0.0313  data_time: 0.0053  memory: 175  
2026/08/06 10:39:46 - mmengine - INFO - Epoch(val) [29][ 50/116]    eta: 0:00:02  time: 0.0310  data_time: 0.0055  memory: 159  
2026/08/06 10:39:47 - mmengine - INFO - Epoch(val) [29][ 60/116]    eta: 0:00:01  time: 0.0323  data_time: 0.0053  memory: 182  
2026/08/06 10:39:47 - mmengine - INFO - Epoch(val) [29][ 70/116]    eta: 0:00:01  time: 0.0343  data_time: 0.0052  memory: 152  
2026/08/06 10:39:47 - mmengine - INFO - Epoch(val) [29][ 80/116]    eta: 0:00:01  time: 0.0345  data_time: 0.0055  memory: 145  
2026/08/06 10:39:48 - mmengine - INFO - Epoch(val) [29][ 90/116]    eta: 0:00:00  time: 0.0353  data_time: 0.0060  memory: 187  
2026/08/06 10:39:48 - mmengine - INFO - Epoch(val) [29][100/116]    eta: 0:00:00  time: 0.0355  data_time: 0.0053  memory: 233  
2026/08/06 10:39:48 - mmengine - INFO - Epoch(val) [29][110/116]    eta: 0:00:00  time: 0.0354  data_time: 0.0051  memory: 183  
2026/08/06 10:39:49 - mmengine - INFO - Evaluating bbox...
2026/08/06 10:39:49 - mmengine - INFO - bbox_mAP_copypaste: 0.589 0.910 0.678 0.000 0.667 0.553
2026/08/06 10:39:49 - mmengine - INFO - Evaluating segm...
2026/08/06 10:39:49 - mmengine - INFO - segm_mAP_copypaste: 0.615 0.915 0.703 0.000 0.701 0.574
2026/08/06 10:39:49 - mmengine - INFO - Epoch(val) [29][116/116]    coco/bbox_mAP: 0.5890  coco/bbox_mAP_50: 0.9100  coco/bbox_mAP_75: 0.6780  coco/bbox_mAP_s: 0.0000  coco/bbox_mAP_m: 0.6670  coco/bbox_mAP_l: 0.5530  coco/segm_mAP: 0.6150  coco/segm_mAP_50: 0.9150  coco/segm_mAP_75: 0.7030  coco/segm_mAP_s: 0.0000  coco/segm_mAP_m: 0.7010  coco/segm_mAP_l: 0.5740  data_time: 0.0054  time: 0.0336
2026/08/06 10:39:52 - mmengine - INFO - Epoch(train) [30][10/68]  base_lr: 1.2500e-04 lr: 1.2500e-04  eta: 0:16:24  time: 0.3418  data_time: 0.1271  memory: 600  grad_norm: 13.0731  loss: 0.5747  loss_cls: 0.1743  loss_bbox: 0.2785  loss_mask: 0.1219
2026/08/06 10:39:56 - mmengine - INFO - Epoch(train) [30][20/68]  base_lr: 1.2500e-04 lr: 1.2500e-04  eta: 0:16:20  time: 0.3391  data_time: 0.1264  memory: 601  grad_norm: 13.5860  loss: 0.5716  loss_cls: 0.1750  loss_bbox: 0.2783  loss_mask: 0.1182
2026/08/06 10:39:58 - mmengine - INFO - Exp name: rtmdet_ins_busi_20260806_102423
2026/08/06 10:39:59 - mmengine - INFO - Epoch(train) [30][30/68]  base_lr: 1.2500e-04 lr: 1.2500e-04  eta: 0:16:17  time: 0.3410  data_time: 0.1264  memory: 601  grad_norm: 13.5066  loss: 0.5746  loss_cls: 0.1762  loss_bbox: 0.2779  loss_mask: 0.1206
2026/08/06 10:40:03 - mmengine - INFO - Epoch(train) [30][40/68]  base_lr: 1.2500e-04 lr: 1.2500e-04  eta: 0:16:14  time: 0.3438  data_time: 0.1295  memory: 602  grad_norm: 12.9371  loss: 0.5798  loss_cls: 0.1777  loss_bbox: 0.2784  loss_mask: 0.1237
2026/08/06 10:40:06 - mmengine - INFO - Epoch(train) [30][50/68]  base_lr: 1.2500e-04 lr: 1.2500e-04  eta: 0:16:10  time: 0.3476  data_time: 0.1301  memory: 604  grad_norm: 13.1731  loss: 0.5575  loss_cls: 0.1660  loss_bbox: 0.2695  loss_mask: 0.1219
2026/08/06 10:40:10 - mmengine - INFO - Epoch(train) [30][60/68]  base_lr: 1.2500e-04 lr: 1.2500e-04  eta: 0:16:06  time: 0.3490  data_time: 0.1282  memory: 602  grad_norm: 12.6596  loss: 0.5472  loss_cls: 0.1594  loss_bbox: 0.2661  loss_mask: 0.1217
2026/08/06 10:40:12 - mmengine - INFO - Exp name: rtmdet_ins_busi_20260806_102423
2026/08/06 10:40:12 - mmengine - INFO - Saving checkpoint at 30 epochs
2026/08/06 10:40:14 - mmengine - INFO - Epoch(val) [30][ 10/116]    eta: 0:00:02  time: 0.0337  data_time: 0.0050  memory: 600  
2026/08/06 10:40:15 - mmengine - INFO - Epoch(val) [30][ 20/116]    eta: 0:00:02  time: 0.0323  data_time: 0.0048  memory: 122  
2026/08/06 10:40:15 - mmengine - INFO - Epoch(val) [30][ 30/116]    eta: 0:00:02  time: 0.0331  data_time: 0.0049  memory: 195  
2026/08/06 10:40:15 - mmengine - INFO - Epoch(val) [30][ 40/116]    eta: 0:00:02  time: 0.0322  data_time: 0.0052  memory: 162  
2026/08/06 10:40:16 - mmengine - INFO - Epoch(val) [30][ 50/116]    eta: 0:00:02  time: 0.0313  data_time: 0.0050  memory: 177  
2026/08/06 10:40:16 - mmengine - INFO - Epoch(val) [30][ 60/116]    eta: 0:00:01  time: 0.0325  data_time: 0.0052  memory: 160  
2026/08/06 10:40:16 - mmengine - INFO - Epoch(val) [30][ 70/116]    eta: 0:00:01  time: 0.0334  data_time: 0.0053  memory: 136  
2026/08/06 10:40:17 - mmengine - INFO - Epoch(val) [30][ 80/116]    eta: 0:00:01  time: 0.0313  data_time: 0.0055  memory: 142  
2026/08/06 10:40:17 - mmengine - INFO - Epoch(val) [30][ 90/116]    eta: 0:00:00  time: 0.0321  data_time: 0.0057  memory: 157  
2026/08/06 10:40:17 - mmengine - INFO - Epoch(val) [30][100/116]    eta: 0:00:00  time: 0.0322  data_time: 0.0053  memory: 189  
2026/08/06 10:40:18 - mmengine - INFO - Epoch(val) [30][110/116]    eta: 0:00:00  time: 0.0317  data_time: 0.0049  memory: 168  
2026/08/06 10:40:18 - mmengine - INFO - Evaluating bbox...
2026/08/06 10:40:18 - mmengine - INFO - bbox_mAP_copypaste: 0.615 0.899 0.705 0.000 0.696 0.574
2026/08/06 10:40:18 - mmengine - INFO - Evaluating segm...
2026/08/06 10:40:18 - mmengine - INFO - segm_mAP_copypaste: 0.612 0.899 0.687 0.000 0.702 0.567
2026/08/06 10:40:18 - mmengine - INFO - Epoch(val) [30][116/116]    coco/bbox_mAP: 0.6150  coco/bbox_mAP_50: 0.8990  coco/bbox_mAP_75: 0.7050  coco/bbox_mAP_s: 0.0000  coco/bbox_mAP_m: 0.6960  coco/bbox_mAP_l: 0.5740  coco/segm_mAP: 0.6120  coco/segm_mAP_50: 0.8990  coco/segm_mAP_75: 0.6870  coco/segm_mAP_s: 0.0000  coco/segm_mAP_m: 0.7020  coco/segm_mAP_l: 0.5670  data_time: 0.0051  time: 0.0318
2026/08/06 10:40:22 - mmengine - INFO - Epoch(train) [31][10/68]  base_lr: 1.2500e-04 lr: 1.2500e-04  eta: 0:16:00  time: 0.3519  data_time: 0.1286  memory: 601  grad_norm: 13.3497  loss: 0.5471  loss_cls: 0.1650  loss_bbox: 0.2596  loss_mask: 0.1225
2026/08/06 10:40:25 - mmengine - INFO - Epoch(train) [31][20/68]  base_lr: 1.2500e-04 lr: 1.2500e-04  eta: 0:15:56  time: 0.3455  data_time: 0.1227  memory: 601  grad_norm: 13.1732  loss: 0.5487  loss_cls: 0.1623  loss_bbox: 0.2638  loss_mask: 0.1226
2026/08/06 10:40:29 - mmengine - INFO - Epoch(train) [31][30/68]  base_lr: 1.2500e-04 lr: 1.2500e-04  eta: 0:15:53  time: 0.3512  data_time: 0.1257  memory: 601  grad_norm: 12.9169  loss: 0.5652  loss_cls: 0.1730  loss_bbox: 0.2713  loss_mask: 0.1208
2026/08/06 10:40:32 - mmengine - INFO - Epoch(train) [31][40/68]  base_lr: 1.2500e-04 lr: 1.2500e-04  eta: 0:15:49  time: 0.3541  data_time: 0.1276  memory: 602  grad_norm: 12.8335  loss: 0.5724  loss_cls: 0.1740  loss_bbox: 0.2774  loss_mask: 0.1210
2026/08/06 10:40:36 - mmengine - INFO - Epoch(train) [31][50/68]  base_lr: 1.2500e-04 lr: 1.2500e-04  eta: 0:15:45  time: 0.3527  data_time: 0.1276  memory: 601  grad_norm: 12.4427  loss: 0.5581  loss_cls: 0.1635  loss_bbox: 0.2761  loss_mask: 0.1185
2026/08/06 10:40:39 - mmengine - INFO - Epoch(train) [31][60/68]  base_lr: 1.2500e-04 lr: 1.2500e-04  eta: 0:15:42  time: 0.3511  data_time: 0.1274  memory: 601  grad_norm: 11.9441  loss: 0.5611  loss_cls: 0.1625  loss_bbox: 0.2796  loss_mask: 0.1191
2026/08/06 10:40:42 - mmengine - INFO - Exp name: rtmdet_ins_busi_20260806_102423
2026/08/06 10:40:42 - mmengine - INFO - Saving checkpoint at 31 epochs
2026/08/06 10:40:44 - mmengine - INFO - Epoch(val) [31][ 10/116]    eta: 0:00:02  time: 0.0316  data_time: 0.0051  memory: 599  
2026/08/06 10:40:44 - mmengine - INFO - Epoch(val) [31][ 20/116]    eta: 0:00:02  time: 0.0309  data_time: 0.0048  memory: 127  
2026/08/06 10:40:45 - mmengine - INFO - Epoch(val) [31][ 30/116]    eta: 0:00:02  time: 0.0295  data_time: 0.0046  memory: 157  
2026/08/06 10:40:45 - mmengine - INFO - Epoch(val) [31][ 40/116]    eta: 0:00:02  time: 0.0296  data_time: 0.0047  memory: 179  
2026/08/06 10:40:45 - mmengine - INFO - Epoch(val) [31][ 50/116]    eta: 0:00:01  time: 0.0294  data_time: 0.0047  memory: 177  
2026/08/06 10:40:46 - mmengine - INFO - Epoch(val) [31][ 60/116]    eta: 0:00:01  time: 0.0303  data_time: 0.0046  memory: 155  
2026/08/06 10:40:46 - mmengine - INFO - Epoch(val) [31][ 70/116]    eta: 0:00:01  time: 0.0314  data_time: 0.0049  memory: 129  
2026/08/06 10:40:46 - mmengine - INFO - Epoch(val) [31][ 80/116]    eta: 0:00:01  time: 0.0327  data_time: 0.0053  memory: 141  
2026/08/06 10:40:47 - mmengine - INFO - Epoch(val) [31][ 90/116]    eta: 0:00:00  time: 0.0337  data_time: 0.0058  memory: 182  
2026/08/06 10:40:47 - mmengine - INFO - Epoch(val) [31][100/116]    eta: 0:00:00  time: 0.0347  data_time: 0.0063  memory: 219  
2026/08/06 10:40:47 - mmengine - INFO - Epoch(val) [31][110/116]    eta: 0:00:00  time: 0.0348  data_time: 0.0063  memory: 161  
2026/08/06 10:40:48 - mmengine - INFO - Evaluating bbox...
2026/08/06 10:40:48 - mmengine - INFO - bbox_mAP_copypaste: 0.607 0.897 0.689 0.000 0.696 0.561
2026/08/06 10:40:48 - mmengine - INFO - Evaluating segm...
2026/08/06 10:40:48 - mmengine - INFO - segm_mAP_copypaste: 0.610 0.901 0.660 0.000 0.708 0.561
2026/08/06 10:40:48 - mmengine - INFO - Epoch(val) [31][116/116]    coco/bbox_mAP: 0.6070  coco/bbox_mAP_50: 0.8970  coco/bbox_mAP_75: 0.6890  coco/bbox_mAP_s: 0.0000  coco/bbox_mAP_m: 0.6960  coco/bbox_mAP_l: 0.5610  coco/segm_mAP: 0.6100  coco/segm_mAP_50: 0.9010  coco/segm_mAP_75: 0.6600  coco/segm_mAP_s: 0.0000  coco/segm_mAP_m: 0.7080  coco/segm_mAP_l: 0.5610  data_time: 0.0055  time: 0.0324
2026/08/06 10:40:51 - mmengine - INFO - Epoch(train) [32][10/68]  base_lr: 1.2500e-04 lr: 1.2500e-04  eta: 0:15:35  time: 0.3444  data_time: 0.1272  memory: 602  grad_norm: 12.3260  loss: 0.5495  loss_cls: 0.1558  loss_bbox: 0.2752  loss_mask: 0.1185
2026/08/06 10:40:55 - mmengine - INFO - Epoch(train) [32][20/68]  base_lr: 1.2500e-04 lr: 1.2500e-04  eta: 0:15:31  time: 0.3451  data_time: 0.1313  memory: 601  grad_norm: 12.0296  loss: 0.5432  loss_cls: 0.1537  loss_bbox: 0.2691  loss_mask: 0.1204
2026/08/06 10:40:58 - mmengine - INFO - Epoch(train) [32][30/68]  base_lr: 1.2500e-04 lr: 1.2500e-04  eta: 0:15:28  time: 0.3450  data_time: 0.1317  memory: 601  grad_norm: 12.4688  loss: 0.5464  loss_cls: 0.1565  loss_bbox: 0.2704  loss_mask: 0.1195
2026/08/06 10:41:02 - mmengine - INFO - Epoch(train) [32][40/68]  base_lr: 1.2500e-04 lr: 1.2500e-04  eta: 0:15:24  time: 0.3479  data_time: 0.1323  memory: 599  grad_norm: 12.7590  loss: 0.5491  loss_cls: 0.1570  loss_bbox: 0.2714  loss_mask: 0.1208
2026/08/06 10:41:05 - mmengine - INFO - Epoch(train) [32][50/68]  base_lr: 1.2500e-04 lr: 1.2500e-04  eta: 0:15:21  time: 0.3527  data_time: 0.1325  memory: 601  grad_norm: 12.4165  loss: 0.5629  loss_cls: 0.1676  loss_bbox: 0.2736  loss_mask: 0.1218
2026/08/06 10:41:09 - mmengine - INFO - Epoch(train) [32][60/68]  base_lr: 1.2500e-04 lr: 1.2500e-04  eta: 0:15:17  time: 0.3594  data_time: 0.1362  memory: 602  grad_norm: 12.5853  loss: 0.5518  loss_cls: 0.1657  loss_bbox: 0.2686  loss_mask: 0.1175
2026/08/06 10:41:12 - mmengine - INFO - Exp name: rtmdet_ins_busi_20260806_102423
2026/08/06 10:41:12 - mmengine - INFO - Saving checkpoint at 32 epochs
2026/08/06 10:41:14 - mmengine - INFO - Epoch(val) [32][ 10/116]    eta: 0:00:03  time: 0.0351  data_time: 0.0061  memory: 601  
2026/08/06 10:41:14 - mmengine - INFO - Epoch(val) [32][ 20/116]    eta: 0:00:02  time: 0.0333  data_time: 0.0059  memory: 113  
2026/08/06 10:41:15 - mmengine - INFO - Epoch(val) [32][ 30/116]    eta: 0:00:02  time: 0.0311  data_time: 0.0051  memory: 188  
2026/08/06 10:41:15 - mmengine - INFO - Epoch(val) [32][ 40/116]    eta: 0:00:02  time: 0.0308  data_time: 0.0045  memory: 179  
2026/08/06 10:41:15 - mmengine - INFO - Epoch(val) [32][ 50/116]    eta: 0:00:01  time: 0.0300  data_time: 0.0049  memory: 165  
2026/08/06 10:41:16 - mmengine - INFO - Epoch(val) [32][ 60/116]    eta: 0:00:01  time: 0.0299  data_time: 0.0049  memory: 173  
2026/08/06 10:41:16 - mmengine - INFO - Epoch(val) [32][ 70/116]    eta: 0:00:01  time: 0.0300  data_time: 0.0049  memory: 132  
2026/08/06 10:41:16 - mmengine - INFO - Epoch(val) [32][ 80/116]    eta: 0:00:01  time: 0.0310  data_time: 0.0050  memory: 142  
2026/08/06 10:41:16 - mmengine - INFO - Epoch(val) [32][ 90/116]    eta: 0:00:00  time: 0.0316  data_time: 0.0055  memory: 187  
2026/08/06 10:41:17 - mmengine - INFO - Epoch(val) [32][100/116]    eta: 0:00:00  time: 0.0318  data_time: 0.0052  memory: 228  
2026/08/06 10:41:17 - mmengine - INFO - Epoch(val) [32][110/116]    eta: 0:00:00  time: 0.0319  data_time: 0.0051  memory: 175  
2026/08/06 10:41:17 - mmengine - INFO - Evaluating bbox...
2026/08/06 10:41:17 - mmengine - INFO - bbox_mAP_copypaste: 0.608 0.896 0.727 0.000 0.689 0.566
2026/08/06 10:41:17 - mmengine - INFO - Evaluating segm...
2026/08/06 10:41:18 - mmengine - INFO - segm_mAP_copypaste: 0.616 0.901 0.671 0.000 0.696 0.578
2026/08/06 10:41:18 - mmengine - INFO - Epoch(val) [32][116/116]    coco/bbox_mAP: 0.6080  coco/bbox_mAP_50: 0.8960  coco/bbox_mAP_75: 0.7270  coco/bbox_mAP_s: 0.0000  coco/bbox_mAP_m: 0.6890  coco/bbox_mAP_l: 0.5660  coco/segm_mAP: 0.6160  coco/segm_mAP_50: 0.9010  coco/segm_mAP_75: 0.6710  coco/segm_mAP_s: 0.0000  coco/segm_mAP_m: 0.6960  coco/segm_mAP_l: 0.5780  data_time: 0.0051  time: 0.0311
2026/08/06 10:41:21 - mmengine - INFO - Epoch(train) [33][10/68]  base_lr: 1.2500e-04 lr: 1.2500e-04  eta: 0:15:11  time: 0.3499  data_time: 0.1270  memory: 601  grad_norm: 13.0770  loss: 0.5607  loss_cls: 0.1656  loss_bbox: 0.2758  loss_mask: 0.1193
2026/08/06 10:41:24 - mmengine - INFO - Epoch(train) [33][20/68]  base_lr: 1.2500e-04 lr: 1.2500e-04  eta: 0:15:07  time: 0.3490  data_time: 0.1282  memory: 601  grad_norm: 12.7888  loss: 0.5630  loss_cls: 0.1652  loss_bbox: 0.2780  loss_mask: 0.1198
2026/08/06 10:41:28 - mmengine - INFO - Epoch(train) [33][30/68]  base_lr: 1.2500e-04 lr: 1.2500e-04  eta: 0:15:03  time: 0.3429  data_time: 0.1257  memory: 604  grad_norm: 12.9794  loss: 0.5523  loss_cls: 0.1562  loss_bbox: 0.2751  loss_mask: 0.1211
2026/08/06 10:41:31 - mmengine - INFO - Epoch(train) [33][40/68]  base_lr: 1.2500e-04 lr: 1.2500e-04  eta: 0:14:59  time: 0.3359  data_time: 0.1233  memory: 601  grad_norm: 13.1859  loss: 0.5538  loss_cls: 0.1622  loss_bbox: 0.2715  loss_mask: 0.1200
2026/08/06 10:41:34 - mmengine - INFO - Epoch(train) [33][50/68]  base_lr: 1.2500e-04 lr: 1.2500e-04  eta: 0:14:56  time: 0.3354  data_time: 0.1237  memory: 600  grad_norm: 12.8030  loss: 0.5485  loss_cls: 0.1659  loss_bbox: 0.2662  loss_mask: 0.1165
2026/08/06 10:41:38 - mmengine - INFO - Epoch(train) [33][60/68]  base_lr: 1.2500e-04 lr: 1.2500e-04  eta: 0:14:52  time: 0.3378  data_time: 0.1244  memory: 601  grad_norm: 12.3966  loss: 0.5568  loss_cls: 0.1713  loss_bbox: 0.2672  loss_mask: 0.1182
2026/08/06 10:41:40 - mmengine - INFO - Exp name: rtmdet_ins_busi_20260806_102423
2026/08/06 10:41:40 - mmengine - INFO - Saving checkpoint at 33 epochs
2026/08/06 10:41:42 - mmengine - INFO - Epoch(val) [33][ 10/116]    eta: 0:00:03  time: 0.0328  data_time: 0.0058  memory: 601  
2026/08/06 10:41:43 - mmengine - INFO - Epoch(val) [33][ 20/116]    eta: 0:00:02  time: 0.0322  data_time: 0.0057  memory: 122  
2026/08/06 10:41:43 - mmengine - INFO - Epoch(val) [33][ 30/116]    eta: 0:00:02  time: 0.0314  data_time: 0.0053  memory: 162  
2026/08/06 10:41:43 - mmengine - INFO - Epoch(val) [33][ 40/116]    eta: 0:00:02  time: 0.0309  data_time: 0.0050  memory: 182  
2026/08/06 10:41:44 - mmengine - INFO - Epoch(val) [33][ 50/116]    eta: 0:00:02  time: 0.0307  data_time: 0.0051  memory: 170  
2026/08/06 10:41:44 - mmengine - INFO - Epoch(val) [33][ 60/116]    eta: 0:00:01  time: 0.0314  data_time: 0.0048  memory: 169  
2026/08/06 10:41:44 - mmengine - INFO - Epoch(val) [33][ 70/116]    eta: 0:00:01  time: 0.0318  data_time: 0.0046  memory: 136  
2026/08/06 10:41:45 - mmengine - INFO - Epoch(val) [33][ 80/116]    eta: 0:00:01  time: 0.0326  data_time: 0.0049  memory: 142  
2026/08/06 10:41:45 - mmengine - INFO - Epoch(val) [33][ 90/116]    eta: 0:00:00  time: 0.0338  data_time: 0.0052  memory: 194  
2026/08/06 10:41:45 - mmengine - INFO - Epoch(val) [33][100/116]    eta: 0:00:00  time: 0.0340  data_time: 0.0054  memory: 213  
2026/08/06 10:41:46 - mmengine - INFO - Epoch(val) [33][110/116]    eta: 0:00:00  time: 0.0338  data_time: 0.0050  memory: 134  
2026/08/06 10:41:46 - mmengine - INFO - Evaluating bbox...
2026/08/06 10:41:46 - mmengine - INFO - bbox_mAP_copypaste: 0.613 0.902 0.703 0.000 0.700 0.569
2026/08/06 10:41:46 - mmengine - INFO - Evaluating segm...
2026/08/06 10:41:46 - mmengine - INFO - segm_mAP_copypaste: 0.621 0.907 0.670 0.000 0.710 0.575
2026/08/06 10:41:46 - mmengine - INFO - Epoch(val) [33][116/116]    coco/bbox_mAP: 0.6130  coco/bbox_mAP_50: 0.9020  coco/bbox_mAP_75: 0.7030  coco/bbox_mAP_s: 0.0000  coco/bbox_mAP_m: 0.7000  coco/bbox_mAP_l: 0.5690  coco/segm_mAP: 0.6210  coco/segm_mAP_50: 0.9070  coco/segm_mAP_75: 0.6700  coco/segm_mAP_s: 0.0000  coco/segm_mAP_m: 0.7100  coco/segm_mAP_l: 0.5750  data_time: 0.0053  time: 0.0324
2026/08/06 10:41:49 - mmengine - INFO - Epoch(train) [34][10/68]  base_lr: 1.2500e-04 lr: 1.2500e-04  eta: 0:14:45  time: 0.3310  data_time: 0.1188  memory: 601  grad_norm: 12.6117  loss: 0.5366  loss_cls: 0.1658  loss_bbox: 0.2591  loss_mask: 0.1117
2026/08/06 10:41:53 - mmengine - INFO - Epoch(train) [34][20/68]  base_lr: 1.2500e-04 lr: 1.2500e-04  eta: 0:14:42  time: 0.3386  data_time: 0.1226  memory: 602  grad_norm: 12.2260  loss: 0.5244  loss_cls: 0.1551  loss_bbox: 0.2585  loss_mask: 0.1108
2026/08/06 10:41:57 - mmengine - INFO - Epoch(train) [34][30/68]  base_lr: 1.2500e-04 lr: 1.2500e-04  eta: 0:14:38  time: 0.3403  data_time: 0.1237  memory: 600  grad_norm: 12.1483  loss: 0.5162  loss_cls: 0.1484  loss_bbox: 0.2551  loss_mask: 0.1127
2026/08/06 10:42:00 - mmengine - INFO - Epoch(train) [34][40/68]  base_lr: 1.2500e-04 lr: 1.2500e-04  eta: 0:14:35  time: 0.3436  data_time: 0.1270  memory: 601  grad_norm: 12.2557  loss: 0.5071  loss_cls: 0.1415  loss_bbox: 0.2544  loss_mask: 0.1112
2026/08/06 10:42:04 - mmengine - INFO - Epoch(train) [34][50/68]  base_lr: 1.2500e-04 lr: 1.2500e-04  eta: 0:14:31  time: 0.3508  data_time: 0.1307  memory: 600  grad_norm: 12.6146  loss: 0.5129  loss_cls: 0.1418  loss_bbox: 0.2589  loss_mask: 0.1123
2026/08/06 10:42:07 - mmengine - INFO - Epoch(train) [34][60/68]  base_lr: 1.2500e-04 lr: 1.2500e-04  eta: 0:14:28  time: 0.3580  data_time: 0.1356  memory: 601  grad_norm: 12.7382  loss: 0.5313  loss_cls: 0.1497  loss_bbox: 0.2650  loss_mask: 0.1166
2026/08/06 10:42:10 - mmengine - INFO - Exp name: rtmdet_ins_busi_20260806_102423
2026/08/06 10:42:10 - mmengine - INFO - Saving checkpoint at 34 epochs
2026/08/06 10:42:12 - mmengine - INFO - Epoch(val) [34][ 10/116]    eta: 0:00:03  time: 0.0343  data_time: 0.0055  memory: 601  
2026/08/06 10:42:13 - mmengine - INFO - Epoch(val) [34][ 20/116]    eta: 0:00:03  time: 0.0340  data_time: 0.0061  memory: 118  
2026/08/06 10:42:13 - mmengine - INFO - Epoch(val) [34][ 30/116]    eta: 0:00:02  time: 0.0333  data_time: 0.0055  memory: 146  
2026/08/06 10:42:13 - mmengine - INFO - Epoch(val) [34][ 40/116]    eta: 0:00:02  time: 0.0345  data_time: 0.0058  memory: 179  
2026/08/06 10:42:14 - mmengine - INFO - Epoch(val) [34][ 50/116]    eta: 0:00:02  time: 0.0354  data_time: 0.0058  memory: 159  
2026/08/06 10:42:14 - mmengine - INFO - Epoch(val) [34][ 60/116]    eta: 0:00:02  time: 0.0362  data_time: 0.0059  memory: 231  
2026/08/06 10:42:14 - mmengine - INFO - Epoch(val) [34][ 70/116]    eta: 0:00:01  time: 0.0368  data_time: 0.0055  memory: 133  
2026/08/06 10:42:15 - mmengine - INFO - Epoch(val) [34][ 80/116]    eta: 0:00:01  time: 0.0380  data_time: 0.0058  memory: 125  
2026/08/06 10:42:16 - mmengine - INFO - Epoch(val) [34][ 90/116]    eta: 0:00:01  time: 0.0522  data_time: 0.0089  memory: 207  
2026/08/06 10:42:16 - mmengine - INFO - Epoch(val) [34][100/116]    eta: 0:00:00  time: 0.0541  data_time: 0.0092  memory: 305  
2026/08/06 10:42:17 - mmengine - INFO - Epoch(val) [34][110/116]    eta: 0:00:00  time: 0.0530  data_time: 0.0087  memory: 161  
2026/08/06 10:42:17 - mmengine - INFO - Evaluating bbox...
2026/08/06 10:42:17 - mmengine - INFO - bbox_mAP_copypaste: 0.589 0.901 0.710 0.000 0.665 0.551
2026/08/06 10:42:17 - mmengine - INFO - Evaluating segm...
2026/08/06 10:42:17 - mmengine - INFO - segm_mAP_copypaste: 0.602 0.900 0.628 0.000 0.701 0.554
2026/08/06 10:42:17 - mmengine - INFO - Epoch(val) [34][116/116]    coco/bbox_mAP: 0.5890  coco/bbox_mAP_50: 0.9010  coco/bbox_mAP_75: 0.7100  coco/bbox_mAP_s: 0.0000  coco/bbox_mAP_m: 0.6650  coco/bbox_mAP_l: 0.5510  coco/segm_mAP: 0.6020  coco/segm_mAP_50: 0.9000  coco/segm_mAP_75: 0.6280  coco/segm_mAP_s: 0.0000  coco/segm_mAP_m: 0.7010  coco/segm_mAP_l: 0.5540  data_time: 0.0072  time: 0.0434
2026/08/06 10:42:21 - mmengine - INFO - Epoch(train) [35][10/68]  base_lr: 1.2500e-04 lr: 1.2500e-04  eta: 0:14:21  time: 0.3538  data_time: 0.1328  memory: 601  grad_norm: 13.2646  loss: 0.5556  loss_cls: 0.1590  loss_bbox: 0.2762  loss_mask: 0.1204
2026/08/06 10:42:24 - mmengine - INFO - Epoch(train) [35][20/68]  base_lr: 1.2500e-04 lr: 1.2500e-04  eta: 0:14:18  time: 0.3555  data_time: 0.1316  memory: 601  grad_norm: 13.2739  loss: 0.5532  loss_cls: 0.1561  loss_bbox: 0.2730  loss_mask: 0.1241
2026/08/06 10:42:28 - mmengine - INFO - Epoch(train) [35][30/68]  base_lr: 1.2500e-04 lr: 1.2500e-04  eta: 0:14:15  time: 0.3628  data_time: 0.1353  memory: 602  grad_norm: 13.0797  loss: 0.5669  loss_cls: 0.1636  loss_bbox: 0.2776  loss_mask: 0.1257
2026/08/06 10:42:32 - mmengine - INFO - Epoch(train) [35][40/68]  base_lr: 1.2500e-04 lr: 1.2500e-04  eta: 0:14:11  time: 0.3651  data_time: 0.1373  memory: 601  grad_norm: 12.5160  loss: 0.5572  loss_cls: 0.1557  loss_bbox: 0.2771  loss_mask: 0.1244
2026/08/06 10:42:36 - mmengine - INFO - Epoch(train) [35][50/68]  base_lr: 1.2500e-04 lr: 1.2500e-04  eta: 0:14:08  time: 0.3753  data_time: 0.1466  memory: 602  grad_norm: 12.3289  loss: 0.5438  loss_cls: 0.1513  loss_bbox: 0.2731  loss_mask: 0.1194
2026/08/06 10:42:40 - mmengine - INFO - Epoch(train) [35][60/68]  base_lr: 1.2500e-04 lr: 1.2500e-04  eta: 0:14:04  time: 0.3733  data_time: 0.1437  memory: 601  grad_norm: 12.6256  loss: 0.5450  loss_cls: 0.1560  loss_bbox: 0.2717  loss_mask: 0.1173
2026/08/06 10:42:42 - mmengine - INFO - Exp name: rtmdet_ins_busi_20260806_102423
2026/08/06 10:42:42 - mmengine - INFO - Saving checkpoint at 35 epochs
2026/08/06 10:42:45 - mmengine - INFO - Epoch(val) [35][ 10/116]    eta: 0:00:03  time: 0.0535  data_time: 0.0091  memory: 601  
2026/08/06 10:42:45 - mmengine - INFO - Epoch(val) [35][ 20/116]    eta: 0:00:03  time: 0.0425  data_time: 0.0074  memory: 113  
2026/08/06 10:42:45 - mmengine - INFO - Epoch(val) [35][ 30/116]    eta: 0:00:02  time: 0.0342  data_time: 0.0056  memory: 150  
2026/08/06 10:42:46 - mmengine - INFO - Epoch(val) [35][ 40/116]    eta: 0:00:02  time: 0.0341  data_time: 0.0054  memory: 191  
2026/08/06 10:42:46 - mmengine - INFO - Epoch(val) [35][ 50/116]    eta: 0:00:02  time: 0.0338  data_time: 0.0059  memory: 165  
2026/08/06 10:42:46 - mmengine - INFO - Epoch(val) [35][ 60/116]    eta: 0:00:01  time: 0.0343  data_time: 0.0060  memory: 169  
2026/08/06 10:42:47 - mmengine - INFO - Epoch(val) [35][ 70/116]    eta: 0:00:01  time: 0.0358  data_time: 0.0062  memory: 151  
2026/08/06 10:42:47 - mmengine - INFO - Epoch(val) [35][ 80/116]    eta: 0:00:01  time: 0.0367  data_time: 0.0064  memory: 134  
2026/08/06 10:42:47 - mmengine - INFO - Epoch(val) [35][ 90/116]    eta: 0:00:00  time: 0.0380  data_time: 0.0068  memory: 219  
2026/08/06 10:42:48 - mmengine - INFO - Epoch(val) [35][100/116]    eta: 0:00:00  time: 0.0392  data_time: 0.0068  memory: 240  
2026/08/06 10:42:48 - mmengine - INFO - Epoch(val) [35][110/116]    eta: 0:00:00  time: 0.0392  data_time: 0.0065  memory: 155  
2026/08/06 10:42:49 - mmengine - INFO - Evaluating bbox...
2026/08/06 10:42:49 - mmengine - INFO - bbox_mAP_copypaste: 0.607 0.898 0.710 0.000 0.686 0.567
2026/08/06 10:42:49 - mmengine - INFO - Evaluating segm...
2026/08/06 10:42:49 - mmengine - INFO - segm_mAP_copypaste: 0.602 0.898 0.640 0.000 0.691 0.559
2026/08/06 10:42:49 - mmengine - INFO - Epoch(val) [35][116/116]    coco/bbox_mAP: 0.6070  coco/bbox_mAP_50: 0.8980  coco/bbox_mAP_75: 0.7100  coco/bbox_mAP_s: 0.0000  coco/bbox_mAP_m: 0.6860  coco/bbox_mAP_l: 0.5670  coco/segm_mAP: 0.6020  coco/segm_mAP_50: 0.8980  coco/segm_mAP_75: 0.6400  coco/segm_mAP_s: 0.0000  coco/segm_mAP_m: 0.6910  coco/segm_mAP_l: 0.5590  data_time: 0.0064  time: 0.0369
2026/08/06 10:42:53 - mmengine - INFO - Epoch(train) [36][10/68]  base_lr: 1.2500e-04 lr: 1.2500e-04  eta: 0:13:58  time: 0.3678  data_time: 0.1397  memory: 603  grad_norm: 12.6441  loss: 0.5329  loss_cls: 0.1543  loss_bbox: 0.2643  loss_mask: 0.1144
2026/08/06 10:42:57 - mmengine - INFO - Epoch(train) [36][20/68]  base_lr: 1.2498e-04 lr: 1.2498e-04  eta: 0:13:55  time: 0.3714  data_time: 0.1428  memory: 602  grad_norm: 12.7237  loss: 0.5171  loss_cls: 0.1473  loss_bbox: 0.2608  loss_mask: 0.1090
2026/08/06 10:43:00 - mmengine - INFO - Epoch(train) [36][30/68]  base_lr: 1.2496e-04 lr: 1.2496e-04  eta: 0:13:52  time: 0.3689  data_time: 0.1399  memory: 601  grad_norm: 12.7265  loss: 0.5144  loss_cls: 0.1464  loss_bbox: 0.2574  loss_mask: 0.1106
2026/08/06 10:43:04 - mmengine - INFO - Epoch(train) [36][40/68]  base_lr: 1.2492e-04 lr: 1.2492e-04  eta: 0:13:48  time: 0.3708  data_time: 0.1418  memory: 601  grad_norm: 12.1848  loss: 0.5129  loss_cls: 0.1436  loss_bbox: 0.2594  loss_mask: 0.1099
2026/08/06 10:43:08 - mmengine - INFO - Epoch(train) [36][50/68]  base_lr: 1.2488e-04 lr: 1.2488e-04  eta: 0:13:45  time: 0.3740  data_time: 0.1441  memory: 599  grad_norm: 12.1780  loss: 0.5106  loss_cls: 0.1420  loss_bbox: 0.2580  loss_mask: 0.1107
2026/08/06 10:43:11 - mmengine - INFO - Epoch(train) [36][60/68]  base_lr: 1.2482e-04 lr: 1.2482e-04  eta: 0:13:42  time: 0.3746  data_time: 0.1489  memory: 604  grad_norm: 11.9334  loss: 0.5140  loss_cls: 0.1435  loss_bbox: 0.2591  loss_mask: 0.1114
2026/08/06 10:43:14 - mmengine - INFO - Exp name: rtmdet_ins_busi_20260806_102423
2026/08/06 10:43:14 - mmengine - INFO - Saving checkpoint at 36 epochs
2026/08/06 10:43:16 - mmengine - INFO - Epoch(val) [36][ 10/116]    eta: 0:00:03  time: 0.0390  data_time: 0.0068  memory: 600  
2026/08/06 10:43:17 - mmengine - INFO - Epoch(val) [36][ 20/116]    eta: 0:00:02  time: 0.0371  data_time: 0.0066  memory: 118  
2026/08/06 10:43:17 - mmengine - INFO - Epoch(val) [36][ 30/116]    eta: 0:00:02  time: 0.0340  data_time: 0.0059  memory: 142  
2026/08/06 10:43:17 - mmengine - INFO - Epoch(val) [36][ 40/116]    eta: 0:00:02  time: 0.0336  data_time: 0.0059  memory: 164  
2026/08/06 10:43:18 - mmengine - INFO - Epoch(val) [36][ 50/116]    eta: 0:00:02  time: 0.0318  data_time: 0.0056  memory: 153  
2026/08/06 10:43:18 - mmengine - INFO - Epoch(val) [36][ 60/116]    eta: 0:00:01  time: 0.0325  data_time: 0.0059  memory: 164  
2026/08/06 10:43:18 - mmengine - INFO - Epoch(val) [36][ 70/116]    eta: 0:00:01  time: 0.0331  data_time: 0.0059  memory: 126  
2026/08/06 10:43:19 - mmengine - INFO - Epoch(val) [36][ 80/116]    eta: 0:00:01  time: 0.0334  data_time: 0.0060  memory: 132  
2026/08/06 10:43:19 - mmengine - INFO - Epoch(val) [36][ 90/116]    eta: 0:00:00  time: 0.0330  data_time: 0.0061  memory: 182  
2026/08/06 10:43:19 - mmengine - INFO - Epoch(val) [36][100/116]    eta: 0:00:00  time: 0.0339  data_time: 0.0060  memory: 213  
2026/08/06 10:43:20 - mmengine - INFO - Epoch(val) [36][110/116]    eta: 0:00:00  time: 0.0341  data_time: 0.0058  memory: 145  
2026/08/06 10:43:20 - mmengine - INFO - Evaluating bbox...
2026/08/06 10:43:20 - mmengine - INFO - bbox_mAP_copypaste: 0.596 0.905 0.696 0.000 0.655 0.565
2026/08/06 10:43:20 - mmengine - INFO - Evaluating segm...
2026/08/06 10:43:20 - mmengine - INFO - segm_mAP_copypaste: 0.609 0.895 0.662 0.000 0.696 0.566
2026/08/06 10:43:20 - mmengine - INFO - Epoch(val) [36][116/116]    coco/bbox_mAP: 0.5960  coco/bbox_mAP_50: 0.9050  coco/bbox_mAP_75: 0.6960  coco/bbox_mAP_s: 0.0000  coco/bbox_mAP_m: 0.6550  coco/bbox_mAP_l: 0.5650  coco/segm_mAP: 0.6090  coco/segm_mAP_50: 0.8950  coco/segm_mAP_75: 0.6620  coco/segm_mAP_s: 0.0000  coco/segm_mAP_m: 0.6960  coco/segm_mAP_l: 0.5660  data_time: 0.0059  time: 0.0334
2026/08/06 10:43:24 - mmengine - INFO - Epoch(train) [37][10/68]  base_lr: 1.2469e-04 lr: 1.2469e-04  eta: 0:13:35  time: 0.3625  data_time: 0.1408  memory: 601  grad_norm: 12.9953  loss: 0.5339  loss_cls: 0.1562  loss_bbox: 0.2623  loss_mask: 0.1154
2026/08/06 10:43:27 - mmengine - INFO - Epoch(train) [37][20/68]  base_lr: 1.2461e-04 lr: 1.2461e-04  eta: 0:13:31  time: 0.3580  data_time: 0.1371  memory: 601  grad_norm: 13.5621  loss: 0.5366  loss_cls: 0.1631  loss_bbox: 0.2569  loss_mask: 0.1166
2026/08/06 10:43:31 - mmengine - INFO - Epoch(train) [37][30/68]  base_lr: 1.2451e-04 lr: 1.2451e-04  eta: 0:13:28  time: 0.3579  data_time: 0.1370  memory: 601  grad_norm: 13.3307  loss: 0.5305  loss_cls: 0.1571  loss_bbox: 0.2582  loss_mask: 0.1153
2026/08/06 10:43:35 - mmengine - INFO - Epoch(train) [37][40/68]  base_lr: 1.2441e-04 lr: 1.2441e-04  eta: 0:13:25  time: 0.3563  data_time: 0.1350  memory: 601  grad_norm: 13.0347  loss: 0.5450  loss_cls: 0.1642  loss_bbox: 0.2640  loss_mask: 0.1168
2026/08/06 10:43:38 - mmengine - INFO - Epoch(train) [37][50/68]  base_lr: 1.2429e-04 lr: 1.2429e-04  eta: 0:13:21  time: 0.3580  data_time: 0.1350  memory: 601  grad_norm: 12.1396  loss: 0.5304  loss_cls: 0.1534  loss_bbox: 0.2602  loss_mask: 0.1167
2026/08/06 10:43:42 - mmengine - INFO - Epoch(train) [37][60/68]  base_lr: 1.2417e-04 lr: 1.2417e-04  eta: 0:13:18  time: 0.3592  data_time: 0.1369  memory: 600  grad_norm: 12.0608  loss: 0.5379  loss_cls: 0.1566  loss_bbox: 0.2648  loss_mask: 0.1165
2026/08/06 10:43:44 - mmengine - INFO - Exp name: rtmdet_ins_busi_20260806_102423
2026/08/06 10:43:44 - mmengine - INFO - Saving checkpoint at 37 epochs
2026/08/06 10:43:47 - mmengine - INFO - Epoch(val) [37][ 10/116]    eta: 0:00:03  time: 0.0347  data_time: 0.0060  memory: 603  
2026/08/06 10:43:47 - mmengine - INFO - Epoch(val) [37][ 20/116]    eta: 0:00:02  time: 0.0340  data_time: 0.0060  memory: 110  
2026/08/06 10:43:47 - mmengine - INFO - Epoch(val) [37][ 30/116]    eta: 0:00:02  time: 0.0331  data_time: 0.0056  memory: 146  
2026/08/06 10:43:48 - mmengine - INFO - Epoch(val) [37][ 40/116]    eta: 0:00:02  time: 0.0325  data_time: 0.0054  memory: 150  
2026/08/06 10:43:48 - mmengine - INFO - Epoch(val) [37][ 50/116]    eta: 0:00:02  time: 0.0325  data_time: 0.0055  memory: 153  
2026/08/06 10:43:48 - mmengine - INFO - Epoch(val) [37][ 60/116]    eta: 0:00:01  time: 0.0332  data_time: 0.0059  memory: 147  
2026/08/06 10:43:49 - mmengine - INFO - Epoch(val) [37][ 70/116]    eta: 0:00:01  time: 0.0339  data_time: 0.0059  memory: 126  
2026/08/06 10:43:49 - mmengine - INFO - Epoch(val) [37][ 80/116]    eta: 0:00:01  time: 0.0344  data_time: 0.0060  memory: 128  
2026/08/06 10:43:49 - mmengine - INFO - Epoch(val) [37][ 90/116]    eta: 0:00:00  time: 0.0355  data_time: 0.0065  memory: 182  
2026/08/06 10:43:50 - mmengine - INFO - Epoch(val) [37][100/116]    eta: 0:00:00  time: 0.0364  data_time: 0.0062  memory: 245  
2026/08/06 10:43:50 - mmengine - INFO - Epoch(val) [37][110/116]    eta: 0:00:00  time: 0.0362  data_time: 0.0059  memory: 138  
2026/08/06 10:43:50 - mmengine - INFO - Evaluating bbox...
2026/08/06 10:43:50 - mmengine - INFO - bbox_mAP_copypaste: 0.611 0.902 0.705 0.000 0.703 0.565
2026/08/06 10:43:50 - mmengine - INFO - Evaluating segm...
2026/08/06 10:43:51 - mmengine - INFO - segm_mAP_copypaste: 0.608 0.901 0.670 0.000 0.696 0.565
2026/08/06 10:43:51 - mmengine - INFO - Epoch(val) [37][116/116]    coco/bbox_mAP: 0.6110  coco/bbox_mAP_50: 0.9020  coco/bbox_mAP_75: 0.7050  coco/bbox_mAP_s: 0.0000  coco/bbox_mAP_m: 0.7030  coco/bbox_mAP_l: 0.5650  coco/segm_mAP: 0.6080  coco/segm_mAP_50: 0.9010  coco/segm_mAP_75: 0.6700  coco/segm_mAP_s: 0.0000  coco/segm_mAP_m: 0.6960  coco/segm_mAP_l: 0.5650  data_time: 0.0058  time: 0.0346
2026/08/06 10:43:54 - mmengine - INFO - Epoch(train) [38][10/68]  base_lr: 1.2392e-04 lr: 1.2392e-04  eta: 0:13:11  time: 0.3577  data_time: 0.1346  memory: 603  grad_norm: 11.5990  loss: 0.5396  loss_cls: 0.1550  loss_bbox: 0.2670  loss_mask: 0.1175
2026/08/06 10:43:58 - mmengine - INFO - Epoch(train) [38][20/68]  base_lr: 1.2376e-04 lr: 1.2376e-04  eta: 0:13:08  time: 0.3546  data_time: 0.1326  memory: 600  grad_norm: 12.1782  loss: 0.5191  loss_cls: 0.1428  loss_bbox: 0.2625  loss_mask: 0.1138
2026/08/06 10:44:01 - mmengine - INFO - Epoch(train) [38][30/68]  base_lr: 1.2360e-04 lr: 1.2360e-04  eta: 0:13:04  time: 0.3512  data_time: 0.1299  memory: 601  grad_norm: 12.2293  loss: 0.5054  loss_cls: 0.1368  loss_bbox: 0.2574  loss_mask: 0.1111
2026/08/06 10:44:05 - mmengine - INFO - Epoch(train) [38][40/68]  base_lr: 1.2342e-04 lr: 1.2342e-04  eta: 0:13:00  time: 0.3526  data_time: 0.1310  memory: 601  grad_norm: 12.3579  loss: 0.5042  loss_cls: 0.1366  loss_bbox: 0.2561  loss_mask: 0.1115
2026/08/06 10:44:08 - mmengine - INFO - Epoch(train) [38][50/68]  base_lr: 1.2324e-04 lr: 1.2324e-04  eta: 0:12:57  time: 0.3561  data_time: 0.1332  memory: 601  grad_norm: 12.5495  loss: 0.5153  loss_cls: 0.1404  loss_bbox: 0.2630  loss_mask: 0.1120
2026/08/06 10:44:12 - mmengine - INFO - Epoch(train) [38][60/68]  base_lr: 1.2304e-04 lr: 1.2304e-04  eta: 0:12:53  time: 0.3546  data_time: 0.1333  memory: 602  grad_norm: 12.7650  loss: 0.5120  loss_cls: 0.1388  loss_bbox: 0.2621  loss_mask: 0.1112
2026/08/06 10:44:15 - mmengine - INFO - Exp name: rtmdet_ins_busi_20260806_102423
2026/08/06 10:44:15 - mmengine - INFO - Saving checkpoint at 38 epochs
2026/08/06 10:44:18 - mmengine - INFO - Epoch(val) [38][ 10/116]    eta: 0:00:03  time: 0.0371  data_time: 0.0060  memory: 601  
2026/08/06 10:44:18 - mmengine - INFO - Epoch(val) [38][ 20/116]    eta: 0:00:03  time: 0.0357  data_time: 0.0059  memory: 120  
2026/08/06 10:44:18 - mmengine - INFO - Epoch(val) [38][ 30/116]    eta: 0:00:02  time: 0.0335  data_time: 0.0057  memory: 142  
2026/08/06 10:44:19 - mmengine - INFO - Epoch(val) [38][ 40/116]    eta: 0:00:02  time: 0.0325  data_time: 0.0055  memory: 164  
2026/08/06 10:44:19 - mmengine - INFO - Epoch(val) [38][ 50/116]    eta: 0:00:02  time: 0.0314  data_time: 0.0053  memory: 142  
2026/08/06 10:44:19 - mmengine - INFO - Epoch(val) [38][ 60/116]    eta: 0:00:01  time: 0.0314  data_time: 0.0057  memory: 160  
2026/08/06 10:44:19 - mmengine - INFO - Epoch(val) [38][ 70/116]    eta: 0:00:01  time: 0.0317  data_time: 0.0057  memory: 127  
2026/08/06 10:44:20 - mmengine - INFO - Epoch(val) [38][ 80/116]    eta: 0:00:01  time: 0.0328  data_time: 0.0060  memory: 134  
2026/08/06 10:44:20 - mmengine - INFO - Epoch(val) [38][ 90/116]    eta: 0:00:00  time: 0.0334  data_time: 0.0064  memory: 169  
2026/08/06 10:44:21 - mmengine - INFO - Epoch(val) [38][100/116]    eta: 0:00:00  time: 0.0341  data_time: 0.0066  memory: 204  
2026/08/06 10:44:21 - mmengine - INFO - Epoch(val) [38][110/116]    eta: 0:00:00  time: 0.0340  data_time: 0.0061  memory: 134  
2026/08/06 10:44:21 - mmengine - INFO - Evaluating bbox...
2026/08/06 10:44:21 - mmengine - INFO - bbox_mAP_copypaste: 0.620 0.899 0.713 0.000 0.700 0.581
2026/08/06 10:44:21 - mmengine - INFO - Evaluating segm...
2026/08/06 10:44:21 - mmengine - INFO - segm_mAP_copypaste: 0.614 0.899 0.672 0.000 0.693 0.579
2026/08/06 10:44:21 - mmengine - INFO - Epoch(val) [38][116/116]    coco/bbox_mAP: 0.6200  coco/bbox_mAP_50: 0.8990  coco/bbox_mAP_75: 0.7130  coco/bbox_mAP_s: 0.0000  coco/bbox_mAP_m: 0.7000  coco/bbox_mAP_l: 0.5810  coco/segm_mAP: 0.6140  coco/segm_mAP_50: 0.8990  coco/segm_mAP_75: 0.6720  coco/segm_mAP_s: 0.0000  coco/segm_mAP_m: 0.6930  coco/segm_mAP_l: 0.5790  data_time: 0.0060  time: 0.0330
2026/08/06 10:44:25 - mmengine - INFO - Epoch(train) [39][10/68]  base_lr: 1.2267e-04 lr: 1.2267e-04  eta: 0:12:47  time: 0.3615  data_time: 0.1399  memory: 602  grad_norm: 12.5340  loss: 0.5094  loss_cls: 0.1362  loss_bbox: 0.2624  loss_mask: 0.1108
2026/08/06 10:44:29 - mmengine - INFO - Epoch(train) [39][20/68]  base_lr: 1.2245e-04 lr: 1.2245e-04  eta: 0:12:44  time: 0.3676  data_time: 0.1442  memory: 602  grad_norm: 12.3855  loss: 0.4980  loss_cls: 0.1345  loss_bbox: 0.2563  loss_mask: 0.1073
2026/08/06 10:44:32 - mmengine - INFO - Epoch(train) [39][30/68]  base_lr: 1.2221e-04 lr: 1.2221e-04  eta: 0:12:40  time: 0.3674  data_time: 0.1433  memory: 603  grad_norm: 12.4434  loss: 0.4882  loss_cls: 0.1276  loss_bbox: 0.2516  loss_mask: 0.1089
2026/08/06 10:44:36 - mmengine - INFO - Epoch(train) [39][40/68]  base_lr: 1.2197e-04 lr: 1.2197e-04  eta: 0:12:37  time: 0.3681  data_time: 0.1452  memory: 600  grad_norm: 12.5450  loss: 0.5003  loss_cls: 0.1319  loss_bbox: 0.2573  loss_mask: 0.1111
2026/08/06 10:44:39 - mmengine - INFO - Epoch(train) [39][50/68]  base_lr: 1.2172e-04 lr: 1.2172e-04  eta: 0:12:33  time: 0.3583  data_time: 0.1355  memory: 601  grad_norm: 12.1390  loss: 0.5164  loss_cls: 0.1432  loss_bbox: 0.2602  loss_mask: 0.1130
2026/08/06 10:44:43 - mmengine - INFO - Epoch(train) [39][60/68]  base_lr: 1.2146e-04 lr: 1.2146e-04  eta: 0:12:30  time: 0.3580  data_time: 0.1365  memory: 600  grad_norm: 12.1653  loss: 0.5223  loss_cls: 0.1483  loss_bbox: 0.2586  loss_mask: 0.1154
2026/08/06 10:44:45 - mmengine - INFO - Exp name: rtmdet_ins_busi_20260806_102423
2026/08/06 10:44:45 - mmengine - INFO - Saving checkpoint at 39 epochs
2026/08/06 10:44:48 - mmengine - INFO - Epoch(val) [39][ 10/116]    eta: 0:00:03  time: 0.0347  data_time: 0.0065  memory: 601  
2026/08/06 10:44:48 - mmengine - INFO - Epoch(val) [39][ 20/116]    eta: 0:00:02  time: 0.0335  data_time: 0.0061  memory: 118  
2026/08/06 10:44:48 - mmengine - INFO - Epoch(val) [39][ 30/116]    eta: 0:00:02  time: 0.0318  data_time: 0.0055  memory: 127  
2026/08/06 10:44:48 - mmengine - INFO - Epoch(val) [39][ 40/116]    eta: 0:00:02  time: 0.0313  data_time: 0.0054  memory: 154  
2026/08/06 10:44:49 - mmengine - INFO - Epoch(val) [39][ 50/116]    eta: 0:00:02  time: 0.0314  data_time: 0.0051  memory: 159  
2026/08/06 10:44:49 - mmengine - INFO - Epoch(val) [39][ 60/116]    eta: 0:00:01  time: 0.0318  data_time: 0.0052  memory: 151  
2026/08/06 10:44:49 - mmengine - INFO - Epoch(val) [39][ 70/116]    eta: 0:00:01  time: 0.0320  data_time: 0.0059  memory: 112  
2026/08/06 10:44:50 - mmengine - INFO - Epoch(val) [39][ 80/116]    eta: 0:00:01  time: 0.0322  data_time: 0.0060  memory: 127  
2026/08/06 10:44:50 - mmengine - INFO - Epoch(val) [39][ 90/116]    eta: 0:00:00  time: 0.0326  data_time: 0.0061  memory: 145  
2026/08/06 10:44:50 - mmengine - INFO - Epoch(val) [39][100/116]    eta: 0:00:00  time: 0.0317  data_time: 0.0064  memory: 201  
2026/08/06 10:44:51 - mmengine - INFO - Epoch(val) [39][110/116]    eta: 0:00:00  time: 0.0317  data_time: 0.0063  memory: 134  
2026/08/06 10:44:51 - mmengine - INFO - Evaluating bbox...
2026/08/06 10:44:51 - mmengine - INFO - bbox_mAP_copypaste: 0.615 0.893 0.736 0.000 0.704 0.573
2026/08/06 10:44:51 - mmengine - INFO - Evaluating segm...
2026/08/06 10:44:51 - mmengine - INFO - segm_mAP_copypaste: 0.614 0.890 0.664 0.000 0.703 0.576
2026/08/06 10:44:51 - mmengine - INFO - Epoch(val) [39][116/116]    coco/bbox_mAP: 0.6150  coco/bbox_mAP_50: 0.8930  coco/bbox_mAP_75: 0.7360  coco/bbox_mAP_s: 0.0000  coco/bbox_mAP_m: 0.7040  coco/bbox_mAP_l: 0.5730  coco/segm_mAP: 0.6140  coco/segm_mAP_50: 0.8900  coco/segm_mAP_75: 0.6640  coco/segm_mAP_s: 0.0000  coco/segm_mAP_m: 0.7030  coco/segm_mAP_l: 0.5760  data_time: 0.0059  time: 0.0315
2026/08/06 10:44:55 - mmengine - INFO - Epoch(train) [40][10/68]  base_lr: 1.2096e-04 lr: 1.2096e-04  eta: 0:12:23  time: 0.3452  data_time: 0.1257  memory: 603  grad_norm: 11.9979  loss: 0.5200  loss_cls: 0.1451  loss_bbox: 0.2584  loss_mask: 0.1164
2026/08/06 10:44:58 - mmengine - INFO - Epoch(train) [40][20/68]  base_lr: 1.2067e-04 lr: 1.2067e-04  eta: 0:12:20  time: 0.3442  data_time: 0.1234  memory: 602  grad_norm: 11.8864  loss: 0.5139  loss_cls: 0.1460  loss_bbox: 0.2536  loss_mask: 0.1142
2026/08/06 10:45:02 - mmengine - INFO - Epoch(train) [40][30/68]  base_lr: 1.2037e-04 lr: 1.2037e-04  eta: 0:12:16  time: 0.3505  data_time: 0.1286  memory: 600  grad_norm: 12.1414  loss: 0.5022  loss_cls: 0.1395  loss_bbox: 0.2500  loss_mask: 0.1127
2026/08/06 10:45:06 - mmengine - INFO - Epoch(train) [40][40/68]  base_lr: 1.2007e-04 lr: 1.2007e-04  eta: 0:12:13  time: 0.3608  data_time: 0.1363  memory: 601  grad_norm: 12.2098  loss: 0.4990  loss_cls: 0.1331  loss_bbox: 0.2529  loss_mask: 0.1129
2026/08/06 10:45:10 - mmengine - INFO - Epoch(train) [40][50/68]  base_lr: 1.1975e-04 lr: 1.1975e-04  eta: 0:12:09  time: 0.3703  data_time: 0.1422  memory: 603  grad_norm: 12.1312  loss: 0.5052  loss_cls: 0.1329  loss_bbox: 0.2603  loss_mask: 0.1120
2026/08/06 10:45:13 - mmengine - INFO - Epoch(train) [40][60/68]  base_lr: 1.1942e-04 lr: 1.1942e-04  eta: 0:12:06  time: 0.3752  data_time: 0.1497  memory: 600  grad_norm: 12.4085  loss: 0.5199  loss_cls: 0.1396  loss_bbox: 0.2640  loss_mask: 0.1162
2026/08/06 10:45:16 - mmengine - INFO - Exp name: rtmdet_ins_busi_20260806_102423
2026/08/06 10:45:16 - mmengine - INFO - Saving checkpoint at 40 epochs
2026/08/06 10:45:19 - mmengine - INFO - Epoch(val) [40][ 10/116]    eta: 0:00:03  time: 0.0321  data_time: 0.0063  memory: 602  
2026/08/06 10:45:19 - mmengine - INFO - Epoch(val) [40][ 20/116]    eta: 0:00:03  time: 0.0324  data_time: 0.0064  memory: 114  
2026/08/06 10:45:19 - mmengine - INFO - Epoch(val) [40][ 30/116]    eta: 0:00:02  time: 0.0315  data_time: 0.0058  memory: 134  
2026/08/06 10:45:20 - mmengine - INFO - Epoch(val) [40][ 40/116]    eta: 0:00:02  time: 0.0312  data_time: 0.0052  memory: 168  
2026/08/06 10:45:20 - mmengine - INFO - Epoch(val) [40][ 50/116]    eta: 0:00:02  time: 0.0313  data_time: 0.0057  memory: 142  
2026/08/06 10:45:20 - mmengine - INFO - Epoch(val) [40][ 60/116]    eta: 0:00:01  time: 0.0311  data_time: 0.0060  memory: 120  
2026/08/06 10:45:20 - mmengine - INFO - Epoch(val) [40][ 70/116]    eta: 0:00:01  time: 0.0305  data_time: 0.0064  memory: 131  
2026/08/06 10:45:21 - mmengine - INFO - Epoch(val) [40][ 80/116]    eta: 0:00:01  time: 0.0314  data_time: 0.0073  memory: 134  
2026/08/06 10:45:21 - mmengine - INFO - Epoch(val) [40][ 90/116]    eta: 0:00:00  time: 0.0327  data_time: 0.0079  memory: 182  
2026/08/06 10:45:21 - mmengine - INFO - Epoch(val) [40][100/116]    eta: 0:00:00  time: 0.0329  data_time: 0.0072  memory: 211  
2026/08/06 10:45:22 - mmengine - INFO - Epoch(val) [40][110/116]    eta: 0:00:00  time: 0.0327  data_time: 0.0069  memory: 127  
2026/08/06 10:45:22 - mmengine - INFO - Evaluating bbox...
2026/08/06 10:45:22 - mmengine - INFO - bbox_mAP_copypaste: 0.596 0.895 0.674 0.000 0.666 0.557
2026/08/06 10:45:22 - mmengine - INFO - Evaluating segm...
2026/08/06 10:45:22 - mmengine - INFO - segm_mAP_copypaste: 0.594 0.895 0.627 0.000 0.677 0.555
2026/08/06 10:45:22 - mmengine - INFO - Epoch(val) [40][116/116]    coco/bbox_mAP: 0.5960  coco/bbox_mAP_50: 0.8950  coco/bbox_mAP_75: 0.6740  coco/bbox_mAP_s: 0.0000  coco/bbox_mAP_m: 0.6660  coco/bbox_mAP_l: 0.5570  coco/segm_mAP: 0.5940  coco/segm_mAP_50: 0.8950  coco/segm_mAP_75: 0.6270  coco/segm_mAP_s: 0.0000  coco/segm_mAP_m: 0.6770  coco/segm_mAP_l: 0.5550  data_time: 0.0064  time: 0.0319
2026/08/06 10:45:26 - mmengine - INFO - Epoch(train) [41][10/68]  base_lr: 1.1881e-04 lr: 1.1881e-04  eta: 0:12:00  time: 0.3713  data_time: 0.1487  memory: 603  grad_norm: 12.0603  loss: 0.5130  loss_cls: 0.1337  loss_bbox: 0.2634  loss_mask: 0.1159
2026/08/06 10:45:29 - mmengine - INFO - Epoch(train) [41][20/68]  base_lr: 1.1846e-04 lr: 1.1846e-04  eta: 0:11:56  time: 0.3641  data_time: 0.1435  memory: 599  grad_norm: 12.2269  loss: 0.5060  loss_cls: 0.1290  loss_bbox: 0.2635  loss_mask: 0.1135
2026/08/06 10:45:33 - mmengine - INFO - Epoch(train) [41][30/68]  base_lr: 1.1809e-04 lr: 1.1809e-04  eta: 0:11:53  time: 0.3621  data_time: 0.1423  memory: 601  grad_norm: 12.2870  loss: 0.4897  loss_cls: 0.1239  loss_bbox: 0.2535  loss_mask: 0.1123
2026/08/06 10:45:36 - mmengine - INFO - Epoch(train) [41][40/68]  base_lr: 1.1772e-04 lr: 1.1772e-04  eta: 0:11:49  time: 0.3600  data_time: 0.1396  memory: 603  grad_norm: 12.4509  loss: 0.4858  loss_cls: 0.1262  loss_bbox: 0.2497  loss_mask: 0.1099
2026/08/06 10:45:40 - mmengine - INFO - Epoch(train) [41][50/68]  base_lr: 1.1734e-04 lr: 1.1734e-04  eta: 0:11:46  time: 0.3580  data_time: 0.1381  memory: 599  grad_norm: 12.8582  loss: 0.4963  loss_cls: 0.1347  loss_bbox: 0.2532  loss_mask: 0.1084
2026/08/06 10:45:44 - mmengine - INFO - Epoch(train) [41][60/68]  base_lr: 1.1695e-04 lr: 1.1695e-04  eta: 0:11:42  time: 0.3610  data_time: 0.1396  memory: 601  grad_norm: 12.7132  loss: 0.5035  loss_cls: 0.1338  loss_bbox: 0.2593  loss_mask: 0.1104
2026/08/06 10:45:46 - mmengine - INFO - Exp name: rtmdet_ins_busi_20260806_102423
2026/08/06 10:45:46 - mmengine - INFO - Saving checkpoint at 41 epochs
2026/08/06 10:45:49 - mmengine - INFO - Epoch(val) [41][ 10/116]    eta: 0:00:03  time: 0.0343  data_time: 0.0062  memory: 601  
2026/08/06 10:45:49 - mmengine - INFO - Epoch(val) [41][ 20/116]    eta: 0:00:03  time: 0.0334  data_time: 0.0062  memory: 124  
2026/08/06 10:45:50 - mmengine - INFO - Epoch(val) [41][ 30/116]    eta: 0:00:02  time: 0.0327  data_time: 0.0060  memory: 139  
2026/08/06 10:45:50 - mmengine - INFO - Epoch(val) [41][ 40/116]    eta: 0:00:02  time: 0.0344  data_time: 0.0061  memory: 146  
2026/08/06 10:45:50 - mmengine - INFO - Epoch(val) [41][ 50/116]    eta: 0:00:02  time: 0.0348  data_time: 0.0062  memory: 147  
2026/08/06 10:45:51 - mmengine - INFO - Epoch(val) [41][ 60/116]    eta: 0:00:01  time: 0.0341  data_time: 0.0063  memory: 138  
2026/08/06 10:45:51 - mmengine - INFO - Epoch(val) [41][ 70/116]    eta: 0:00:01  time: 0.0344  data_time: 0.0062  memory: 140  
2026/08/06 10:45:51 - mmengine - INFO - Epoch(val) [41][ 80/116]    eta: 0:00:01  time: 0.0345  data_time: 0.0063  memory: 124  
2026/08/06 10:45:52 - mmengine - INFO - Epoch(val) [41][ 90/116]    eta: 0:00:00  time: 0.0339  data_time: 0.0066  memory: 175  
2026/08/06 10:45:52 - mmengine - INFO - Epoch(val) [41][100/116]    eta: 0:00:00  time: 0.0337  data_time: 0.0063  memory: 211  
2026/08/06 10:45:52 - mmengine - INFO - Epoch(val) [41][110/116]    eta: 0:00:00  time: 0.0334  data_time: 0.0059  memory: 153  
2026/08/06 10:45:53 - mmengine - INFO - Evaluating bbox...
2026/08/06 10:45:53 - mmengine - INFO - bbox_mAP_copypaste: 0.608 0.905 0.694 0.000 0.690 0.567
2026/08/06 10:45:53 - mmengine - INFO - Evaluating segm...
2026/08/06 10:45:53 - mmengine - INFO - segm_mAP_copypaste: 0.610 0.905 0.667 0.000 0.693 0.568
2026/08/06 10:45:53 - mmengine - INFO - Epoch(val) [41][116/116]    coco/bbox_mAP: 0.6080  coco/bbox_mAP_50: 0.9050  coco/bbox_mAP_75: 0.6940  coco/bbox_mAP_s: 0.0000  coco/bbox_mAP_m: 0.6900  coco/bbox_mAP_l: 0.5670  coco/segm_mAP: 0.6100  coco/segm_mAP_50: 0.9050  coco/segm_mAP_75: 0.6670  coco/segm_mAP_s: 0.0000  coco/segm_mAP_m: 0.6930  coco/segm_mAP_l: 0.5680  data_time: 0.0062  time: 0.0339
2026/08/06 10:45:56 - mmengine - INFO - Epoch(train) [42][10/68]  base_lr: 1.1623e-04 lr: 1.1623e-04  eta: 0:11:36  time: 0.3608  data_time: 0.1389  memory: 599  grad_norm: 12.4130  loss: 0.5208  loss_cls: 0.1388  loss_bbox: 0.2667  loss_mask: 0.1153
2026/08/06 10:46:00 - mmengine - INFO - Epoch(train) [42][20/68]  base_lr: 1.1582e-04 lr: 1.1582e-04  eta: 0:11:32  time: 0.3598  data_time: 0.1388  memory: 602  grad_norm: 12.1475  loss: 0.5170  loss_cls: 0.1335  loss_bbox: 0.2669  loss_mask: 0.1165
2026/08/06 10:46:04 - mmengine - INFO - Epoch(train) [42][30/68]  base_lr: 1.1539e-04 lr: 1.1539e-04  eta: 0:11:29  time: 0.3590  data_time: 0.1388  memory: 601  grad_norm: 12.0203  loss: 0.5077  loss_cls: 0.1268  loss_bbox: 0.2656  loss_mask: 0.1154
2026/08/06 10:46:07 - mmengine - INFO - Epoch(train) [42][40/68]  base_lr: 1.1496e-04 lr: 1.1496e-04  eta: 0:11:25  time: 0.3589  data_time: 0.1384  memory: 601  grad_norm: 12.3146  loss: 0.5004  loss_cls: 0.1266  loss_bbox: 0.2605  loss_mask: 0.1133
2026/08/06 10:46:11 - mmengine - INFO - Epoch(train) [42][50/68]  base_lr: 1.1452e-04 lr: 1.1452e-04  eta: 0:11:22  time: 0.3621  data_time: 0.1415  memory: 603  grad_norm: 12.3392  loss: 0.5026  loss_cls: 0.1338  loss_bbox: 0.2567  loss_mask: 0.1121
2026/08/06 10:46:14 - mmengine - INFO - Epoch(train) [42][60/68]  base_lr: 1.1407e-04 lr: 1.1407e-04  eta: 0:11:18  time: 0.3569  data_time: 0.1372  memory: 601  grad_norm: 12.5289  loss: 0.4940  loss_cls: 0.1305  loss_bbox: 0.2545  loss_mask: 0.1090
2026/08/06 10:46:17 - mmengine - INFO - Exp name: rtmdet_ins_busi_20260806_102423
2026/08/06 10:46:17 - mmengine - INFO - Saving checkpoint at 42 epochs
2026/08/06 10:46:19 - mmengine - INFO - Epoch(val) [42][ 10/116]    eta: 0:00:03  time: 0.0325  data_time: 0.0059  memory: 601  
2026/08/06 10:46:20 - mmengine - INFO - Epoch(val) [42][ 20/116]    eta: 0:00:02  time: 0.0311  data_time: 0.0057  memory: 113  
2026/08/06 10:46:20 - mmengine - INFO - Epoch(val) [42][ 30/116]    eta: 0:00:02  time: 0.0296  data_time: 0.0053  memory: 131  
2026/08/06 10:46:20 - mmengine - INFO - Epoch(val) [42][ 40/116]    eta: 0:00:02  time: 0.0292  data_time: 0.0053  memory: 154  
2026/08/06 10:46:20 - mmengine - INFO - Epoch(val) [42][ 50/116]    eta: 0:00:01  time: 0.0285  data_time: 0.0051  memory: 157  
2026/08/06 10:46:21 - mmengine - INFO - Epoch(val) [42][ 60/116]    eta: 0:00:01  time: 0.0285  data_time: 0.0054  memory: 129  
2026/08/06 10:46:21 - mmengine - INFO - Epoch(val) [42][ 70/116]    eta: 0:00:01  time: 0.0290  data_time: 0.0056  memory: 136  
2026/08/06 10:46:21 - mmengine - INFO - Epoch(val) [42][ 80/116]    eta: 0:00:01  time: 0.0291  data_time: 0.0060  memory: 124  
2026/08/06 10:46:22 - mmengine - INFO - Epoch(val) [42][ 90/116]    eta: 0:00:00  time: 0.0299  data_time: 0.0061  memory: 163  
2026/08/06 10:46:22 - mmengine - INFO - Epoch(val) [42][100/116]    eta: 0:00:00  time: 0.0298  data_time: 0.0059  memory: 186  
2026/08/06 10:46:22 - mmengine - INFO - Epoch(val) [42][110/116]    eta: 0:00:00  time: 0.0298  data_time: 0.0059  memory: 156  
2026/08/06 10:46:22 - mmengine - INFO - Evaluating bbox...
2026/08/06 10:46:22 - mmengine - INFO - bbox_mAP_copypaste: 0.598 0.890 0.713 0.000 0.675 0.553
2026/08/06 10:46:22 - mmengine - INFO - Evaluating segm...
2026/08/06 10:46:22 - mmengine - INFO - segm_mAP_copypaste: 0.608 0.892 0.670 0.000 0.689 0.565
2026/08/06 10:46:22 - mmengine - INFO - Epoch(val) [42][116/116]    coco/bbox_mAP: 0.5980  coco/bbox_mAP_50: 0.8900  coco/bbox_mAP_75: 0.7130  coco/bbox_mAP_s: 0.0000  coco/bbox_mAP_m: 0.6750  coco/bbox_mAP_l: 0.5530  coco/segm_mAP: 0.6080  coco/segm_mAP_50: 0.8920  coco/segm_mAP_75: 0.6700  coco/segm_mAP_s: 0.0000  coco/segm_mAP_m: 0.6890  coco/segm_mAP_l: 0.5650  data_time: 0.0056  time: 0.0290
2026/08/06 10:46:26 - mmengine - INFO - Epoch(train) [43][10/68]  base_lr: 1.1324e-04 lr: 1.1324e-04  eta: 0:11:12  time: 0.3516  data_time: 0.1335  memory: 600  grad_norm: 13.0007  loss: 0.4976  loss_cls: 0.1318  loss_bbox: 0.2573  loss_mask: 0.1086
2026/08/06 10:46:29 - mmengine - INFO - Epoch(train) [43][20/68]  base_lr: 1.1277e-04 lr: 1.1277e-04  eta: 0:11:08  time: 0.3443  data_time: 0.1284  memory: 601  grad_norm: 12.8203  loss: 0.4941  loss_cls: 0.1294  loss_bbox: 0.2562  loss_mask: 0.1084
2026/08/06 10:46:33 - mmengine - INFO - Epoch(train) [43][30/68]  base_lr: 1.1229e-04 lr: 1.1229e-04  eta: 0:11:04  time: 0.3418  data_time: 0.1261  memory: 600  grad_norm: 12.4104  loss: 0.4888  loss_cls: 0.1243  loss_bbox: 0.2550  loss_mask: 0.1095
2026/08/06 10:46:37 - mmengine - INFO - Epoch(train) [43][40/68]  base_lr: 1.1180e-04 lr: 1.1180e-04  eta: 0:11:01  time: 0.3534  data_time: 0.1352  memory: 601  grad_norm: 12.4007  loss: 0.4855  loss_cls: 0.1236  loss_bbox: 0.2530  loss_mask: 0.1089
2026/08/06 10:46:41 - mmengine - INFO - Epoch(train) [43][50/68]  base_lr: 1.1130e-04 lr: 1.1130e-04  eta: 0:10:58  time: 0.3616  data_time: 0.1411  memory: 601  grad_norm: 11.8080  loss: 0.4832  loss_cls: 0.1227  loss_bbox: 0.2530  loss_mask: 0.1075
2026/08/06 10:46:44 - mmengine - INFO - Epoch(train) [43][60/68]  base_lr: 1.1080e-04 lr: 1.1080e-04  eta: 0:10:54  time: 0.3688  data_time: 0.1464  memory: 600  grad_norm: 12.1832  loss: 0.4976  loss_cls: 0.1341  loss_bbox: 0.2532  loss_mask: 0.1103
2026/08/06 10:46:47 - mmengine - INFO - Exp name: rtmdet_ins_busi_20260806_102423
2026/08/06 10:46:47 - mmengine - INFO - Saving checkpoint at 43 epochs
2026/08/06 10:46:49 - mmengine - INFO - Epoch(val) [43][ 10/116]    eta: 0:00:03  time: 0.0304  data_time: 0.0059  memory: 601  
2026/08/06 10:46:50 - mmengine - INFO - Epoch(val) [43][ 20/116]    eta: 0:00:02  time: 0.0301  data_time: 0.0057  memory: 118  
2026/08/06 10:46:50 - mmengine - INFO - Epoch(val) [43][ 30/116]    eta: 0:00:02  time: 0.0294  data_time: 0.0056  memory: 122  
2026/08/06 10:46:50 - mmengine - INFO - Epoch(val) [43][ 40/116]    eta: 0:00:02  time: 0.0307  data_time: 0.0058  memory: 139  
2026/08/06 10:46:51 - mmengine - INFO - Epoch(val) [43][ 50/116]    eta: 0:00:02  time: 0.0315  data_time: 0.0058  memory: 147  
2026/08/06 10:46:51 - mmengine - INFO - Epoch(val) [43][ 60/116]    eta: 0:00:01  time: 0.0318  data_time: 0.0061  memory: 138  
2026/08/06 10:46:51 - mmengine - INFO - Epoch(val) [43][ 70/116]    eta: 0:00:01  time: 0.0322  data_time: 0.0062  memory: 125  
2026/08/06 10:46:52 - mmengine - INFO - Epoch(val) [43][ 80/116]    eta: 0:00:01  time: 0.0334  data_time: 0.0064  memory: 124  
2026/08/06 10:46:52 - mmengine - INFO - Epoch(val) [43][ 90/116]    eta: 0:00:00  time: 0.0340  data_time: 0.0068  memory: 169  
2026/08/06 10:46:52 - mmengine - INFO - Epoch(val) [43][100/116]    eta: 0:00:00  time: 0.0341  data_time: 0.0065  memory: 199  
2026/08/06 10:46:53 - mmengine - INFO - Epoch(val) [43][110/116]    eta: 0:00:00  time: 0.0339  data_time: 0.0062  memory: 115  
2026/08/06 10:46:53 - mmengine - INFO - Evaluating bbox...
2026/08/06 10:46:53 - mmengine - INFO - bbox_mAP_copypaste: 0.612 0.902 0.698 0.000 0.711 0.570
2026/08/06 10:46:53 - mmengine - INFO - Evaluating segm...
2026/08/06 10:46:53 - mmengine - INFO - segm_mAP_copypaste: 0.600 0.897 0.652 0.000 0.709 0.554
2026/08/06 10:46:53 - mmengine - INFO - Epoch(val) [43][116/116]    coco/bbox_mAP: 0.6120  coco/bbox_mAP_50: 0.9020  coco/bbox_mAP_75: 0.6980  coco/bbox_mAP_s: 0.0000  coco/bbox_mAP_m: 0.7110  coco/bbox_mAP_l: 0.5700  coco/segm_mAP: 0.6000  coco/segm_mAP_50: 0.8970  coco/segm_mAP_75: 0.6520  coco/segm_mAP_s: 0.0000  coco/segm_mAP_m: 0.7090  coco/segm_mAP_l: 0.5540  data_time: 0.0062  time: 0.0329
2026/08/06 10:46:57 - mmengine - INFO - Epoch(train) [44][10/68]  base_lr: 1.0987e-04 lr: 1.0987e-04  eta: 0:10:48  time: 0.3742  data_time: 0.1479  memory: 601  grad_norm: 12.5255  loss: 0.5118  loss_cls: 0.1322  loss_bbox: 0.2646  loss_mask: 0.1150
2026/08/06 10:47:01 - mmengine - INFO - Epoch(train) [44][20/68]  base_lr: 1.0934e-04 lr: 1.0934e-04  eta: 0:10:45  time: 0.3759  data_time: 0.1487  memory: 601  grad_norm: 12.8827  loss: 0.5092  loss_cls: 0.1307  loss_bbox: 0.2639  loss_mask: 0.1146
2026/08/06 10:47:04 - mmengine - INFO - Epoch(train) [44][30/68]  base_lr: 1.0881e-04 lr: 1.0881e-04  eta: 0:10:41  time: 0.3687  data_time: 0.1425  memory: 603  grad_norm: 12.7471  loss: 0.5121  loss_cls: 0.1332  loss_bbox: 0.2623  loss_mask: 0.1166
2026/08/06 10:47:08 - mmengine - INFO - Epoch(train) [44][40/68]  base_lr: 1.0827e-04 lr: 1.0827e-04  eta: 0:10:38  time: 0.3707  data_time: 0.1410  memory: 601  grad_norm: 12.5876  loss: 0.4994  loss_cls: 0.1239  loss_bbox: 0.2612  loss_mask: 0.1144
2026/08/06 10:47:12 - mmengine - INFO - Epoch(train) [44][50/68]  base_lr: 1.0772e-04 lr: 1.0772e-04  eta: 0:10:34  time: 0.3731  data_time: 0.1419  memory: 601  grad_norm: 11.9985  loss: 0.4909  loss_cls: 0.1229  loss_bbox: 0.2566  loss_mask: 0.1114
2026/08/06 10:47:16 - mmengine - INFO - Epoch(train) [44][60/68]  base_lr: 1.0716e-04 lr: 1.0716e-04  eta: 0:10:31  time: 0.3764  data_time: 0.1441  memory: 601  grad_norm: 12.1822  loss: 0.4923  loss_cls: 0.1250  loss_bbox: 0.2564  loss_mask: 0.1109
2026/08/06 10:47:19 - mmengine - INFO - Exp name: rtmdet_ins_busi_20260806_102423
2026/08/06 10:47:19 - mmengine - INFO - Saving checkpoint at 44 epochs
2026/08/06 10:47:21 - mmengine - INFO - Epoch(val) [44][ 10/116]    eta: 0:00:03  time: 0.0348  data_time: 0.0064  memory: 601  
2026/08/06 10:47:21 - mmengine - INFO - Epoch(val) [44][ 20/116]    eta: 0:00:03  time: 0.0335  data_time: 0.0062  memory: 118  
2026/08/06 10:47:21 - mmengine - INFO - Epoch(val) [44][ 30/116]    eta: 0:00:02  time: 0.0322  data_time: 0.0059  memory: 122  
2026/08/06 10:47:22 - mmengine - INFO - Epoch(val) [44][ 40/116]    eta: 0:00:02  time: 0.0322  data_time: 0.0057  memory: 146  
2026/08/06 10:47:22 - mmengine - INFO - Epoch(val) [44][ 50/116]    eta: 0:00:02  time: 0.0316  data_time: 0.0056  memory: 142  
2026/08/06 10:47:22 - mmengine - INFO - Epoch(val) [44][ 60/116]    eta: 0:00:01  time: 0.0314  data_time: 0.0057  memory: 125  
2026/08/06 10:47:23 - mmengine - INFO - Epoch(val) [44][ 70/116]    eta: 0:00:01  time: 0.0327  data_time: 0.0058  memory: 118  
2026/08/06 10:47:23 - mmengine - INFO - Epoch(val) [44][ 80/116]    eta: 0:00:01  time: 0.0337  data_time: 0.0061  memory: 127  
2026/08/06 10:47:24 - mmengine - INFO - Epoch(val) [44][ 90/116]    eta: 0:00:00  time: 0.0345  data_time: 0.0066  memory: 145  
2026/08/06 10:47:24 - mmengine - INFO - Epoch(val) [44][100/116]    eta: 0:00:00  time: 0.0354  data_time: 0.0065  memory: 199  
2026/08/06 10:47:24 - mmengine - INFO - Epoch(val) [44][110/116]    eta: 0:00:00  time: 0.0353  data_time: 0.0065  memory: 107  
2026/08/06 10:47:24 - mmengine - INFO - Evaluating bbox...
2026/08/06 10:47:24 - mmengine - INFO - bbox_mAP_copypaste: 0.593 0.904 0.670 0.000 0.685 0.555
2026/08/06 10:47:24 - mmengine - INFO - Evaluating segm...
2026/08/06 10:47:25 - mmengine - INFO - segm_mAP_copypaste: 0.598 0.898 0.677 0.000 0.693 0.558
2026/08/06 10:47:25 - mmengine - INFO - Epoch(val) [44][116/116]    coco/bbox_mAP: 0.5930  coco/bbox_mAP_50: 0.9040  coco/bbox_mAP_75: 0.6700  coco/bbox_mAP_s: 0.0000  coco/bbox_mAP_m: 0.6850  coco/bbox_mAP_l: 0.5550  coco/segm_mAP: 0.5980  coco/segm_mAP_50: 0.8980  coco/segm_mAP_75: 0.6770  coco/segm_mAP_s: 0.0000  coco/segm_mAP_m: 0.6930  coco/segm_mAP_l: 0.5580  data_time: 0.0061  time: 0.0332
2026/08/06 10:47:28 - mmengine - INFO - Exp name: rtmdet_ins_busi_20260806_102423
2026/08/06 10:47:28 - mmengine - INFO - Epoch(train) [45][10/68]  base_lr: 1.0614e-04 lr: 1.0614e-04  eta: 0:10:24  time: 0.3722  data_time: 0.1403  memory: 601  grad_norm: 11.9177  loss: 0.4948  loss_cls: 0.1254  loss_bbox: 0.2564  loss_mask: 0.1130
2026/08/06 10:47:32 - mmengine - INFO - Epoch(train) [45][20/68]  base_lr: 1.0557e-04 lr: 1.0557e-04  eta: 0:10:21  time: 0.3711  data_time: 0.1436  memory: 602  grad_norm: 11.9750  loss: 0.4923  loss_cls: 0.1250  loss_bbox: 0.2542  loss_mask: 0.1132
2026/08/06 10:47:35 - mmengine - INFO - Epoch(train) [45][30/68]  base_lr: 1.0498e-04 lr: 1.0498e-04  eta: 0:10:17  time: 0.3665  data_time: 0.1407  memory: 601  grad_norm: 12.2955  loss: 0.4991  loss_cls: 0.1282  loss_bbox: 0.2568  loss_mask: 0.1140
2026/08/06 10:47:39 - mmengine - INFO - Epoch(train) [45][40/68]  base_lr: 1.0439e-04 lr: 1.0439e-04  eta: 0:10:14  time: 0.3600  data_time: 0.1357  memory: 602  grad_norm: 12.2970  loss: 0.4927  loss_cls: 0.1312  loss_bbox: 0.2515  loss_mask: 0.1101
2026/08/06 10:47:43 - mmengine - INFO - Epoch(train) [45][50/68]  base_lr: 1.0380e-04 lr: 1.0380e-04  eta: 0:10:10  time: 0.3590  data_time: 0.1344  memory: 602  grad_norm: 11.9300  loss: 0.4820  loss_cls: 0.1276  loss_bbox: 0.2464  loss_mask: 0.1080
2026/08/06 10:47:46 - mmengine - INFO - Epoch(train) [45][60/68]  base_lr: 1.0319e-04 lr: 1.0319e-04  eta: 0:10:07  time: 0.3558  data_time: 0.1326  memory: 601  grad_norm: 11.6807  loss: 0.4774  loss_cls: 0.1237  loss_bbox: 0.2467  loss_mask: 0.1069
2026/08/06 10:47:49 - mmengine - INFO - Exp name: rtmdet_ins_busi_20260806_102423
2026/08/06 10:47:49 - mmengine - INFO - Saving checkpoint at 45 epochs
2026/08/06 10:47:51 - mmengine - INFO - Epoch(val) [45][ 10/116]    eta: 0:00:03  time: 0.0343  data_time: 0.0068  memory: 602  
2026/08/06 10:47:52 - mmengine - INFO - Epoch(val) [45][ 20/116]    eta: 0:00:02  time: 0.0326  data_time: 0.0065  memory: 121  
2026/08/06 10:47:52 - mmengine - INFO - Epoch(val) [45][ 30/116]    eta: 0:00:02  time: 0.0308  data_time: 0.0061  memory: 120  
2026/08/06 10:47:52 - mmengine - INFO - Epoch(val) [45][ 40/116]    eta: 0:00:02  time: 0.0302  data_time: 0.0060  memory: 139  
2026/08/06 10:47:52 - mmengine - INFO - Epoch(val) [45][ 50/116]    eta: 0:00:01  time: 0.0302  data_time: 0.0060  memory: 137  
2026/08/06 10:47:53 - mmengine - INFO - Epoch(val) [45][ 60/116]    eta: 0:00:01  time: 0.0310  data_time: 0.0059  memory: 125  
2026/08/06 10:47:53 - mmengine - INFO - Epoch(val) [45][ 70/116]    eta: 0:00:01  time: 0.0311  data_time: 0.0058  memory: 122  
2026/08/06 10:47:53 - mmengine - INFO - Epoch(val) [45][ 80/116]    eta: 0:00:01  time: 0.0313  data_time: 0.0058  memory: 127  
2026/08/06 10:47:54 - mmengine - INFO - Epoch(val) [45][ 90/116]    eta: 0:00:00  time: 0.0318  data_time: 0.0060  memory: 145  
2026/08/06 10:47:54 - mmengine - INFO - Epoch(val) [45][100/116]    eta: 0:00:00  time: 0.0322  data_time: 0.0059  memory: 189  
2026/08/06 10:47:54 - mmengine - INFO - Epoch(val) [45][110/116]    eta: 0:00:00  time: 0.0313  data_time: 0.0056  memory: 131  
2026/08/06 10:47:55 - mmengine - INFO - Evaluating bbox...
2026/08/06 10:47:55 - mmengine - INFO - bbox_mAP_copypaste: 0.617 0.914 0.715 0.000 0.695 0.579
2026/08/06 10:47:55 - mmengine - INFO - Evaluating segm...
2026/08/06 10:47:55 - mmengine - INFO - segm_mAP_copypaste: 0.619 0.898 0.674 0.000 0.696 0.582
2026/08/06 10:47:55 - mmengine - INFO - Epoch(val) [45][116/116]    coco/bbox_mAP: 0.6170  coco/bbox_mAP_50: 0.9140  coco/bbox_mAP_75: 0.7150  coco/bbox_mAP_s: 0.0000  coco/bbox_mAP_m: 0.6950  coco/bbox_mAP_l: 0.5790  coco/segm_mAP: 0.6190  coco/segm_mAP_50: 0.8980  coco/segm_mAP_75: 0.6740  coco/segm_mAP_s: 0.0000  coco/segm_mAP_m: 0.6960  coco/segm_mAP_l: 0.5820  data_time: 0.0060  time: 0.0313
2026/08/06 10:47:58 - mmengine - INFO - Epoch(train) [46][10/68]  base_lr: 1.0209e-04 lr: 1.0209e-04  eta: 0:10:00  time: 0.3523  data_time: 0.1288  memory: 601  grad_norm: 11.4301  loss: 0.4722  loss_cls: 0.1233  loss_bbox: 0.2441  loss_mask: 0.1048
2026/08/06 10:48:02 - mmengine - INFO - Epoch(train) [46][20/68]  base_lr: 1.0147e-04 lr: 1.0147e-04  eta: 0:09:57  time: 0.3567  data_time: 0.1327  memory: 601  grad_norm: 11.6724  loss: 0.4691  loss_cls: 0.1187  loss_bbox: 0.2447  loss_mask: 0.1056
2026/08/06 10:48:06 - mmengine - INFO - Epoch(train) [46][30/68]  base_lr: 1.0084e-04 lr: 1.0084e-04  eta: 0:09:53  time: 0.3577  data_time: 0.1317  memory: 602  grad_norm: 11.6108  loss: 0.4690  loss_cls: 0.1228  loss_bbox: 0.2417  loss_mask: 0.1045
2026/08/06 10:48:09 - mmengine - INFO - Epoch(train) [46][40/68]  base_lr: 1.0021e-04 lr: 1.0021e-04  eta: 0:09:50  time: 0.3638  data_time: 0.1372  memory: 601  grad_norm: 11.9180  loss: 0.4747  loss_cls: 0.1241  loss_bbox: 0.2438  loss_mask: 0.1068
2026/08/06 10:48:13 - mmengine - INFO - Epoch(train) [46][50/68]  base_lr: 9.9567e-05 lr: 9.9567e-05  eta: 0:09:46  time: 0.3673  data_time: 0.1392  memory: 600  grad_norm: 11.9109  loss: 0.4831  loss_cls: 0.1289  loss_bbox: 0.2468  loss_mask: 0.1073
2026/08/06 10:48:17 - mmengine - INFO - Epoch(train) [46][60/68]  base_lr: 9.8921e-05 lr: 9.8921e-05  eta: 0:09:43  time: 0.3705  data_time: 0.1411  memory: 601  grad_norm: 11.8368  loss: 0.4753  loss_cls: 0.1239  loss_bbox: 0.2456  loss_mask: 0.1058
2026/08/06 10:48:20 - mmengine - INFO - Exp name: rtmdet_ins_busi_20260806_102423
2026/08/06 10:48:20 - mmengine - INFO - Saving checkpoint at 46 epochs
2026/08/06 10:48:22 - mmengine - INFO - Epoch(val) [46][ 10/116]    eta: 0:00:03  time: 0.0330  data_time: 0.0061  memory: 600  
2026/08/06 10:48:22 - mmengine - INFO - Epoch(val) [46][ 20/116]    eta: 0:00:03  time: 0.0333  data_time: 0.0061  memory: 110  
2026/08/06 10:48:22 - mmengine - INFO - Epoch(val) [46][ 30/116]    eta: 0:00:02  time: 0.0331  data_time: 0.0058  memory: 122  
2026/08/06 10:48:23 - mmengine - INFO - Epoch(val) [46][ 40/116]    eta: 0:00:02  time: 0.0328  data_time: 0.0053  memory: 136  
2026/08/06 10:48:23 - mmengine - INFO - Epoch(val) [46][ 50/116]    eta: 0:00:02  time: 0.0318  data_time: 0.0053  memory: 130  
2026/08/06 10:48:23 - mmengine - INFO - Epoch(val) [46][ 60/116]    eta: 0:00:01  time: 0.0307  data_time: 0.0053  memory: 143  
2026/08/06 10:48:24 - mmengine - INFO - Epoch(val) [46][ 70/116]    eta: 0:00:01  time: 0.0303  data_time: 0.0052  memory: 125  
2026/08/06 10:48:24 - mmengine - INFO - Epoch(val) [46][ 80/116]    eta: 0:00:01  time: 0.0294  data_time: 0.0053  memory: 124  
2026/08/06 10:48:24 - mmengine - INFO - Epoch(val) [46][ 90/116]    eta: 0:00:00  time: 0.0299  data_time: 0.0058  memory: 151  
2026/08/06 10:48:25 - mmengine - INFO - Epoch(val) [46][100/116]    eta: 0:00:00  time: 0.0306  data_time: 0.0057  memory: 177  
2026/08/06 10:48:25 - mmengine - INFO - Epoch(val) [46][110/116]    eta: 0:00:00  time: 0.0305  data_time: 0.0055  memory: 138  
2026/08/06 10:48:25 - mmengine - INFO - Evaluating bbox...
2026/08/06 10:48:25 - mmengine - INFO - bbox_mAP_copypaste: 0.631 0.910 0.737 0.000 0.705 0.595
2026/08/06 10:48:25 - mmengine - INFO - Evaluating segm...
2026/08/06 10:48:25 - mmengine - INFO - segm_mAP_copypaste: 0.621 0.901 0.700 0.000 0.696 0.587
2026/08/06 10:48:25 - mmengine - INFO - Epoch(val) [46][116/116]    coco/bbox_mAP: 0.6310  coco/bbox_mAP_50: 0.9100  coco/bbox_mAP_75: 0.7370  coco/bbox_mAP_s: 0.0000  coco/bbox_mAP_m: 0.7050  coco/bbox_mAP_l: 0.5950  coco/segm_mAP: 0.6210  coco/segm_mAP_50: 0.9010  coco/segm_mAP_75: 0.7000  coco/segm_mAP_s: 0.0000  coco/segm_mAP_m: 0.6960  coco/segm_mAP_l: 0.5870  data_time: 0.0055  time: 0.0311
2026/08/06 10:48:29 - mmengine - INFO - Epoch(train) [47][10/68]  base_lr: 9.7744e-05 lr: 9.7744e-05  eta: 0:09:37  time: 0.3665  data_time: 0.1418  memory: 601  grad_norm: 11.9342  loss: 0.4901  loss_cls: 0.1250  loss_bbox: 0.2538  loss_mask: 0.1113
2026/08/06 10:48:32 - mmengine - INFO - Epoch(train) [47][20/68]  base_lr: 9.7082e-05 lr: 9.7082e-05  eta: 0:09:33  time: 0.3618  data_time: 0.1377  memory: 603  grad_norm: 11.8240  loss: 0.4915  loss_cls: 0.1248  loss_bbox: 0.2543  loss_mask: 0.1124
2026/08/06 10:48:36 - mmengine - INFO - Epoch(train) [47][30/68]  base_lr: 9.6414e-05 lr: 9.6414e-05  eta: 0:09:29  time: 0.3553  data_time: 0.1330  memory: 602  grad_norm: 12.1275  loss: 0.4877  loss_cls: 0.1234  loss_bbox: 0.2515  loss_mask: 0.1128
2026/08/06 10:48:39 - mmengine - INFO - Epoch(train) [47][40/68]  base_lr: 9.5741e-05 lr: 9.5741e-05  eta: 0:09:26  time: 0.3467  data_time: 0.1289  memory: 599  grad_norm: 12.4843  loss: 0.4891  loss_cls: 0.1241  loss_bbox: 0.2505  loss_mask: 0.1144
2026/08/06 10:48:43 - mmengine - INFO - Epoch(train) [47][50/68]  base_lr: 9.5063e-05 lr: 9.5063e-05  eta: 0:09:22  time: 0.3473  data_time: 0.1291  memory: 601  grad_norm: 12.1289  loss: 0.4937  loss_cls: 0.1291  loss_bbox: 0.2513  loss_mask: 0.1133
2026/08/06 10:48:46 - mmengine - INFO - Epoch(train) [47][60/68]  base_lr: 9.4380e-05 lr: 9.4380e-05  eta: 0:09:19  time: 0.3468  data_time: 0.1290  memory: 601  grad_norm: 11.7067  loss: 0.4807  loss_cls: 0.1268  loss_bbox: 0.2448  loss_mask: 0.1090
2026/08/06 10:48:49 - mmengine - INFO - Exp name: rtmdet_ins_busi_20260806_102423
2026/08/06 10:48:49 - mmengine - INFO - Saving checkpoint at 47 epochs
2026/08/06 10:48:51 - mmengine - INFO - Epoch(val) [47][ 10/116]    eta: 0:00:03  time: 0.0308  data_time: 0.0059  memory: 600  
2026/08/06 10:48:51 - mmengine - INFO - Epoch(val) [47][ 20/116]    eta: 0:00:02  time: 0.0312  data_time: 0.0062  memory: 110  
2026/08/06 10:48:52 - mmengine - INFO - Epoch(val) [47][ 30/116]    eta: 0:00:02  time: 0.0293  data_time: 0.0056  memory: 120  
2026/08/06 10:48:52 - mmengine - INFO - Epoch(val) [47][ 40/116]    eta: 0:00:02  time: 0.0298  data_time: 0.0058  memory: 121  
2026/08/06 10:48:52 - mmengine - INFO - Epoch(val) [47][ 50/116]    eta: 0:00:01  time: 0.0294  data_time: 0.0051  memory: 135  
2026/08/06 10:48:53 - mmengine - INFO - Epoch(val) [47][ 60/116]    eta: 0:00:01  time: 0.0298  data_time: 0.0053  memory: 147  
2026/08/06 10:48:53 - mmengine - INFO - Epoch(val) [47][ 70/116]    eta: 0:00:01  time: 0.0302  data_time: 0.0050  memory: 127  
2026/08/06 10:48:53 - mmengine - INFO - Epoch(val) [47][ 80/116]    eta: 0:00:01  time: 0.0307  data_time: 0.0050  memory: 124  
2026/08/06 10:48:53 - mmengine - INFO - Epoch(val) [47][ 90/116]    eta: 0:00:00  time: 0.0310  data_time: 0.0056  memory: 169  
2026/08/06 10:48:54 - mmengine - INFO - Epoch(val) [47][100/116]    eta: 0:00:00  time: 0.0314  data_time: 0.0060  memory: 207  
2026/08/06 10:48:54 - mmengine - INFO - Epoch(val) [47][110/116]    eta: 0:00:00  time: 0.0316  data_time: 0.0058  memory: 142  
2026/08/06 10:48:54 - mmengine - INFO - Evaluating bbox...
2026/08/06 10:48:54 - mmengine - INFO - bbox_mAP_copypaste: 0.609 0.901 0.686 0.000 0.676 0.576
2026/08/06 10:48:54 - mmengine - INFO - Evaluating segm...
2026/08/06 10:48:54 - mmengine - INFO - segm_mAP_copypaste: 0.619 0.899 0.712 0.000 0.701 0.583
2026/08/06 10:48:54 - mmengine - INFO - Epoch(val) [47][116/116]    coco/bbox_mAP: 0.6090  coco/bbox_mAP_50: 0.9010  coco/bbox_mAP_75: 0.6860  coco/bbox_mAP_s: 0.0000  coco/bbox_mAP_m: 0.6760  coco/bbox_mAP_l: 0.5760  coco/segm_mAP: 0.6190  coco/segm_mAP_50: 0.8990  coco/segm_mAP_75: 0.7120  coco/segm_mAP_s: 0.0000  coco/segm_mAP_m: 0.7010  coco/segm_mAP_l: 0.5830  data_time: 0.0056  time: 0.0306
2026/08/06 10:48:58 - mmengine - INFO - Epoch(train) [48][10/68]  base_lr: 9.3138e-05 lr: 9.3138e-05  eta: 0:09:12  time: 0.3442  data_time: 0.1255  memory: 602  grad_norm: 11.3789  loss: 0.4754  loss_cls: 0.1222  loss_bbox: 0.2447  loss_mask: 0.1085
2026/08/06 10:49:01 - mmengine - INFO - Epoch(train) [48][20/68]  base_lr: 9.2441e-05 lr: 9.2441e-05  eta: 0:09:08  time: 0.3444  data_time: 0.1258  memory: 603  grad_norm: 11.1554  loss: 0.4599  loss_cls: 0.1151  loss_bbox: 0.2412  loss_mask: 0.1037
2026/08/06 10:49:05 - mmengine - INFO - Epoch(train) [48][30/68]  base_lr: 9.1739e-05 lr: 9.1739e-05  eta: 0:09:05  time: 0.3439  data_time: 0.1264  memory: 599  grad_norm: 11.7152  loss: 0.4652  loss_cls: 0.1183  loss_bbox: 0.2409  loss_mask: 0.1060
2026/08/06 10:49:08 - mmengine - INFO - Epoch(train) [48][40/68]  base_lr: 9.1033e-05 lr: 9.1033e-05  eta: 0:09:01  time: 0.3414  data_time: 0.1236  memory: 602  grad_norm: 11.6247  loss: 0.4670  loss_cls: 0.1172  loss_bbox: 0.2429  loss_mask: 0.1068
2026/08/06 10:49:12 - mmengine - INFO - Epoch(train) [48][50/68]  base_lr: 9.0323e-05 lr: 9.0323e-05  eta: 0:08:58  time: 0.3459  data_time: 0.1283  memory: 601  grad_norm: 11.6507  loss: 0.4572  loss_cls: 0.1124  loss_bbox: 0.2403  loss_mask: 0.1046
2026/08/06 10:49:15 - mmengine - INFO - Epoch(train) [48][60/68]  base_lr: 8.9608e-05 lr: 8.9608e-05  eta: 0:08:54  time: 0.3522  data_time: 0.1330  memory: 599  grad_norm: 12.1078  loss: 0.4752  loss_cls: 0.1223  loss_bbox: 0.2451  loss_mask: 0.1078
2026/08/06 10:49:18 - mmengine - INFO - Exp name: rtmdet_ins_busi_20260806_102423
2026/08/06 10:49:18 - mmengine - INFO - Saving checkpoint at 48 epochs
2026/08/06 10:49:21 - mmengine - INFO - Epoch(val) [48][ 10/116]    eta: 0:00:03  time: 0.0321  data_time: 0.0064  memory: 602  
2026/08/06 10:49:21 - mmengine - INFO - Epoch(val) [48][ 20/116]    eta: 0:00:03  time: 0.0324  data_time: 0.0061  memory: 110  
2026/08/06 10:49:21 - mmengine - INFO - Epoch(val) [48][ 30/116]    eta: 0:00:02  time: 0.0313  data_time: 0.0051  memory: 129  
2026/08/06 10:49:22 - mmengine - INFO - Epoch(val) [48][ 40/116]    eta: 0:00:02  time: 0.0315  data_time: 0.0052  memory: 129  
2026/08/06 10:49:22 - mmengine - INFO - Epoch(val) [48][ 50/116]    eta: 0:00:02  time: 0.0318  data_time: 0.0056  memory: 147  
2026/08/06 10:49:22 - mmengine - INFO - Epoch(val) [48][ 60/116]    eta: 0:00:01  time: 0.0319  data_time: 0.0057  memory: 134  
2026/08/06 10:49:23 - mmengine - INFO - Epoch(val) [48][ 70/116]    eta: 0:00:01  time: 0.0318  data_time: 0.0059  memory: 131  
2026/08/06 10:49:23 - mmengine - INFO - Epoch(val) [48][ 80/116]    eta: 0:00:01  time: 0.0324  data_time: 0.0062  memory: 123  
2026/08/06 10:49:23 - mmengine - INFO - Epoch(val) [48][ 90/116]    eta: 0:00:00  time: 0.0328  data_time: 0.0064  memory: 145  
2026/08/06 10:49:24 - mmengine - INFO - Epoch(val) [48][100/116]    eta: 0:00:00  time: 0.0326  data_time: 0.0060  memory: 201  
2026/08/06 10:49:24 - mmengine - INFO - Epoch(val) [48][110/116]    eta: 0:00:00  time: 0.0325  data_time: 0.0056  memory: 150  
2026/08/06 10:49:24 - mmengine - INFO - Evaluating bbox...
2026/08/06 10:49:24 - mmengine - INFO - bbox_mAP_copypaste: 0.624 0.903 0.735 0.000 0.713 0.576
2026/08/06 10:49:24 - mmengine - INFO - Evaluating segm...
2026/08/06 10:49:24 - mmengine - INFO - segm_mAP_copypaste: 0.611 0.903 0.656 0.000 0.697 0.567
2026/08/06 10:49:24 - mmengine - INFO - Epoch(val) [48][116/116]    coco/bbox_mAP: 0.6240  coco/bbox_mAP_50: 0.9030  coco/bbox_mAP_75: 0.7350  coco/bbox_mAP_s: 0.0000  coco/bbox_mAP_m: 0.7130  coco/bbox_mAP_l: 0.5760  coco/segm_mAP: 0.6110  coco/segm_mAP_50: 0.9030  coco/segm_mAP_75: 0.6560  coco/segm_mAP_s: 0.0000  coco/segm_mAP_m: 0.6970  coco/segm_mAP_l: 0.5670  data_time: 0.0058  time: 0.0324
2026/08/06 10:49:28 - mmengine - INFO - Epoch(train) [49][10/68]  base_lr: 8.8311e-05 lr: 8.8311e-05  eta: 0:08:48  time: 0.3573  data_time: 0.1324  memory: 601  grad_norm: 12.3503  loss: 0.4772  loss_cls: 0.1267  loss_bbox: 0.2426  loss_mask: 0.1078
2026/08/06 10:49:32 - mmengine - INFO - Epoch(train) [49][20/68]  base_lr: 8.7584e-05 lr: 8.7584e-05  eta: 0:08:44  time: 0.3620  data_time: 0.1354  memory: 603  grad_norm: 12.8146  loss: 0.4689  loss_cls: 0.1223  loss_bbox: 0.2381  loss_mask: 0.1084
2026/08/06 10:49:35 - mmengine - INFO - Epoch(train) [49][30/68]  base_lr: 8.6854e-05 lr: 8.6854e-05  eta: 0:08:41  time: 0.3613  data_time: 0.1326  memory: 601  grad_norm: 12.7105  loss: 0.4761  loss_cls: 0.1269  loss_bbox: 0.2406  loss_mask: 0.1086
2026/08/06 10:49:39 - mmengine - INFO - Epoch(train) [49][40/68]  base_lr: 8.6121e-05 lr: 8.6121e-05  eta: 0:08:37  time: 0.3606  data_time: 0.1335  memory: 603  grad_norm: 12.3476  loss: 0.4598  loss_cls: 0.1194  loss_bbox: 0.2348  loss_mask: 0.1057
2026/08/06 10:49:43 - mmengine - INFO - Epoch(train) [49][50/68]  base_lr: 8.5383e-05 lr: 8.5383e-05  eta: 0:08:34  time: 0.3669  data_time: 0.1404  memory: 602  grad_norm: 12.0345  loss: 0.4576  loss_cls: 0.1182  loss_bbox: 0.2342  loss_mask: 0.1052
2026/08/06 10:49:46 - mmengine - INFO - Epoch(train) [49][60/68]  base_lr: 8.4642e-05 lr: 8.4642e-05  eta: 0:08:30  time: 0.3665  data_time: 0.1400  memory: 601  grad_norm: 11.7080  loss: 0.4711  loss_cls: 0.1180  loss_bbox: 0.2434  loss_mask: 0.1097
2026/08/06 10:49:49 - mmengine - INFO - Exp name: rtmdet_ins_busi_20260806_102423
2026/08/06 10:49:49 - mmengine - INFO - Saving checkpoint at 49 epochs
2026/08/06 10:49:51 - mmengine - INFO - Epoch(val) [49][ 10/116]    eta: 0:00:03  time: 0.0333  data_time: 0.0058  memory: 600  
2026/08/06 10:49:52 - mmengine - INFO - Epoch(val) [49][ 20/116]    eta: 0:00:02  time: 0.0325  data_time: 0.0058  memory: 112  
2026/08/06 10:49:52 - mmengine - INFO - Epoch(val) [49][ 30/116]    eta: 0:00:02  time: 0.0318  data_time: 0.0060  memory: 127  
2026/08/06 10:49:52 - mmengine - INFO - Epoch(val) [49][ 40/116]    eta: 0:00:02  time: 0.0316  data_time: 0.0059  memory: 121  
2026/08/06 10:49:53 - mmengine - INFO - Epoch(val) [49][ 50/116]    eta: 0:00:02  time: 0.0311  data_time: 0.0061  memory: 141  
2026/08/06 10:49:53 - mmengine - INFO - Epoch(val) [49][ 60/116]    eta: 0:00:01  time: 0.0314  data_time: 0.0063  memory: 116  
2026/08/06 10:49:53 - mmengine - INFO - Epoch(val) [49][ 70/116]    eta: 0:00:01  time: 0.0323  data_time: 0.0062  memory: 131  
2026/08/06 10:49:54 - mmengine - INFO - Epoch(val) [49][ 80/116]    eta: 0:00:01  time: 0.0322  data_time: 0.0062  memory: 116  
2026/08/06 10:49:54 - mmengine - INFO - Epoch(val) [49][ 90/116]    eta: 0:00:00  time: 0.0327  data_time: 0.0068  memory: 133  
2026/08/06 10:49:54 - mmengine - INFO - Epoch(val) [49][100/116]    eta: 0:00:00  time: 0.0327  data_time: 0.0063  memory: 199  
2026/08/06 10:49:55 - mmengine - INFO - Epoch(val) [49][110/116]    eta: 0:00:00  time: 0.0323  data_time: 0.0061  memory: 145  
2026/08/06 10:49:55 - mmengine - INFO - Evaluating bbox...
2026/08/06 10:49:55 - mmengine - INFO - bbox_mAP_copypaste: 0.623 0.893 0.745 0.000 0.710 0.574
2026/08/06 10:49:55 - mmengine - INFO - Evaluating segm...
2026/08/06 10:49:55 - mmengine - INFO - segm_mAP_copypaste: 0.609 0.890 0.657 0.000 0.683 0.577
2026/08/06 10:49:55 - mmengine - INFO - Epoch(val) [49][116/116]    coco/bbox_mAP: 0.6230  coco/bbox_mAP_50: 0.8930  coco/bbox_mAP_75: 0.7450  coco/bbox_mAP_s: 0.0000  coco/bbox_mAP_m: 0.7100  coco/bbox_mAP_l: 0.5740  coco/segm_mAP: 0.6090  coco/segm_mAP_50: 0.8900  coco/segm_mAP_75: 0.6570  coco/segm_mAP_s: 0.0000  coco/segm_mAP_m: 0.6830  coco/segm_mAP_l: 0.5770  data_time: 0.0061  time: 0.0318
2026/08/06 10:49:59 - mmengine - INFO - Epoch(train) [50][10/68]  base_lr: 8.3301e-05 lr: 8.3301e-05  eta: 0:08:24  time: 0.3733  data_time: 0.1444  memory: 601  grad_norm: 11.7098  loss: 0.4865  loss_cls: 0.1223  loss_bbox: 0.2518  loss_mask: 0.1125
2026/08/06 10:50:03 - mmengine - INFO - Epoch(train) [50][20/68]  base_lr: 8.2551e-05 lr: 8.2551e-05  eta: 0:08:20  time: 0.3742  data_time: 0.1451  memory: 601  grad_norm: 12.4324  loss: 0.4828  loss_cls: 0.1214  loss_bbox: 0.2490  loss_mask: 0.1124
2026/08/06 10:50:06 - mmengine - INFO - Epoch(train) [50][30/68]  base_lr: 8.1798e-05 lr: 8.1798e-05  eta: 0:08:17  time: 0.3676  data_time: 0.1366  memory: 600  grad_norm: 12.3306  loss: 0.4912  loss_cls: 0.1241  loss_bbox: 0.2529  loss_mask: 0.1141
2026/08/06 10:50:10 - mmengine - INFO - Epoch(train) [50][40/68]  base_lr: 8.1043e-05 lr: 8.1043e-05  eta: 0:08:13  time: 0.3729  data_time: 0.1416  memory: 601  grad_norm: 12.3655  loss: 0.4814  loss_cls: 0.1203  loss_bbox: 0.2499  loss_mask: 0.1112
2026/08/06 10:50:14 - mmengine - INFO - Epoch(train) [50][50/68]  base_lr: 8.0285e-05 lr: 8.0285e-05  eta: 0:08:10  time: 0.3726  data_time: 0.1420  memory: 601  grad_norm: 12.5505  loss: 0.4743  loss_cls: 0.1210  loss_bbox: 0.2467  loss_mask: 0.1065
2026/08/06 10:50:17 - mmengine - INFO - Epoch(train) [50][60/68]  base_lr: 7.9524e-05 lr: 7.9524e-05  eta: 0:08:06  time: 0.3681  data_time: 0.1379  memory: 601  grad_norm: 12.4101  loss: 0.4646  loss_cls: 0.1202  loss_bbox: 0.2393  loss_mask: 0.1051
2026/08/06 10:50:20 - mmengine - INFO - Exp name: rtmdet_ins_busi_20260806_102423
2026/08/06 10:50:20 - mmengine - INFO - Saving checkpoint at 50 epochs
2026/08/06 10:50:22 - mmengine - INFO - Epoch(val) [50][ 10/116]    eta: 0:00:03  time: 0.0323  data_time: 0.0064  memory: 601  
2026/08/06 10:50:22 - mmengine - INFO - Epoch(val) [50][ 20/116]    eta: 0:00:02  time: 0.0315  data_time: 0.0062  memory: 112  
2026/08/06 10:50:23 - mmengine - INFO - Epoch(val) [50][ 30/116]    eta: 0:00:02  time: 0.0303  data_time: 0.0059  memory: 127  
2026/08/06 10:50:23 - mmengine - INFO - Epoch(val) [50][ 40/116]    eta: 0:00:02  time: 0.0304  data_time: 0.0060  memory: 122  
2026/08/06 10:50:23 - mmengine - INFO - Epoch(val) [50][ 50/116]    eta: 0:00:02  time: 0.0304  data_time: 0.0062  memory: 142  
2026/08/06 10:50:24 - mmengine - INFO - Epoch(val) [50][ 60/116]    eta: 0:00:01  time: 0.0302  data_time: 0.0060  memory: 116  
2026/08/06 10:50:24 - mmengine - INFO - Epoch(val) [50][ 70/116]    eta: 0:00:01  time: 0.0311  data_time: 0.0059  memory: 122  
2026/08/06 10:50:24 - mmengine - INFO - Epoch(val) [50][ 80/116]    eta: 0:00:01  time: 0.0319  data_time: 0.0062  memory: 112  
2026/08/06 10:50:25 - mmengine - INFO - Epoch(val) [50][ 90/116]    eta: 0:00:00  time: 0.0334  data_time: 0.0067  memory: 151  
2026/08/06 10:50:25 - mmengine - INFO - Epoch(val) [50][100/116]    eta: 0:00:00  time: 0.0337  data_time: 0.0067  memory: 186  
2026/08/06 10:50:25 - mmengine - INFO - Epoch(val) [50][110/116]    eta: 0:00:00  time: 0.0339  data_time: 0.0065  memory: 123  
2026/08/06 10:50:26 - mmengine - INFO - Evaluating bbox...
2026/08/06 10:50:26 - mmengine - INFO - bbox_mAP_copypaste: 0.615 0.890 0.689 0.000 0.706 0.565
2026/08/06 10:50:26 - mmengine - INFO - Evaluating segm...
2026/08/06 10:50:26 - mmengine - INFO - segm_mAP_copypaste: 0.608 0.894 0.670 0.000 0.693 0.564
2026/08/06 10:50:26 - mmengine - INFO - Epoch(val) [50][116/116]    coco/bbox_mAP: 0.6150  coco/bbox_mAP_50: 0.8900  coco/bbox_mAP_75: 0.6890  coco/bbox_mAP_s: 0.0000  coco/bbox_mAP_m: 0.7060  coco/bbox_mAP_l: 0.5650  coco/segm_mAP: 0.6080  coco/segm_mAP_50: 0.8940  coco/segm_mAP_75: 0.6700  coco/segm_mAP_s: 0.0000  coco/segm_mAP_m: 0.6930  coco/segm_mAP_l: 0.5640  data_time: 0.0064  time: 0.0322
2026/08/06 10:50:30 - mmengine - INFO - Epoch(train) [51][10/68]  base_lr: 7.8149e-05 lr: 7.8149e-05  eta: 0:08:00  time: 0.3736  data_time: 0.1421  memory: 602  grad_norm: 11.9368  loss: 0.4386  loss_cls: 0.1104  loss_bbox: 0.2282  loss_mask: 0.1000
2026/08/06 10:50:33 - mmengine - INFO - Epoch(train) [51][20/68]  base_lr: 7.7381e-05 lr: 7.7381e-05  eta: 0:07:57  time: 0.3709  data_time: 0.1394  memory: 601  grad_norm: 11.9465  loss: 0.4347  loss_cls: 0.1103  loss_bbox: 0.2261  loss_mask: 0.0983
2026/08/06 10:50:37 - mmengine - INFO - Epoch(train) [51][30/68]  base_lr: 7.6612e-05 lr: 7.6612e-05  eta: 0:07:53  time: 0.3708  data_time: 0.1394  memory: 601  grad_norm: 12.2066  loss: 0.4472  loss_cls: 0.1149  loss_bbox: 0.2302  loss_mask: 0.1020
2026/08/06 10:50:41 - mmengine - INFO - Epoch(train) [51][40/68]  base_lr: 7.5841e-05 lr: 7.5841e-05  eta: 0:07:50  time: 0.3745  data_time: 0.1424  memory: 601  grad_norm: 11.8487  loss: 0.4339  loss_cls: 0.1094  loss_bbox: 0.2238  loss_mask: 0.1006
2026/08/06 10:50:45 - mmengine - INFO - Epoch(train) [51][50/68]  base_lr: 7.5068e-05 lr: 7.5068e-05  eta: 0:07:46  time: 0.3762  data_time: 0.1426  memory: 600  grad_norm: 11.2612  loss: 0.4297  loss_cls: 0.1077  loss_bbox: 0.2209  loss_mask: 0.1011
2026/08/06 10:50:48 - mmengine - INFO - Epoch(train) [51][60/68]  base_lr: 7.4294e-05 lr: 7.4294e-05  eta: 0:07:43  time: 0.3702  data_time: 0.1394  memory: 601  grad_norm: 11.0781  loss: 0.4385  loss_cls: 0.1044  loss_bbox: 0.2309  loss_mask: 0.1032
2026/08/06 10:50:51 - mmengine - INFO - Exp name: rtmdet_ins_busi_20260806_102423
2026/08/06 10:50:51 - mmengine - INFO - Saving checkpoint at 51 epochs
2026/08/06 10:50:53 - mmengine - INFO - Epoch(val) [51][ 10/116]    eta: 0:00:03  time: 0.0342  data_time: 0.0066  memory: 603  
2026/08/06 10:50:54 - mmengine - INFO - Epoch(val) [51][ 20/116]    eta: 0:00:02  time: 0.0328  data_time: 0.0062  memory: 112  
2026/08/06 10:50:54 - mmengine - INFO - Epoch(val) [51][ 30/116]    eta: 0:00:02  time: 0.0316  data_time: 0.0058  memory: 122  
2026/08/06 10:50:54 - mmengine - INFO - Epoch(val) [51][ 40/116]    eta: 0:00:02  time: 0.0311  data_time: 0.0053  memory: 125  
2026/08/06 10:50:55 - mmengine - INFO - Epoch(val) [51][ 50/116]    eta: 0:00:02  time: 0.0310  data_time: 0.0056  memory: 142  
2026/08/06 10:50:55 - mmengine - INFO - Epoch(val) [51][ 60/116]    eta: 0:00:01  time: 0.0311  data_time: 0.0057  memory: 125  
2026/08/06 10:50:55 - mmengine - INFO - Epoch(val) [51][ 70/116]    eta: 0:00:01  time: 0.0318  data_time: 0.0058  memory: 122  
2026/08/06 10:50:55 - mmengine - INFO - Epoch(val) [51][ 80/116]    eta: 0:00:01  time: 0.0317  data_time: 0.0059  memory: 115  
2026/08/06 10:50:56 - mmengine - INFO - Epoch(val) [51][ 90/116]    eta: 0:00:00  time: 0.0328  data_time: 0.0063  memory: 145  
2026/08/06 10:50:56 - mmengine - INFO - Epoch(val) [51][100/116]    eta: 0:00:00  time: 0.0327  data_time: 0.0058  memory: 204  
2026/08/06 10:50:56 - mmengine - INFO - Epoch(val) [51][110/116]    eta: 0:00:00  time: 0.0326  data_time: 0.0058  memory: 131  
2026/08/06 10:50:57 - mmengine - INFO - Evaluating bbox...
2026/08/06 10:50:57 - mmengine - INFO - bbox_mAP_copypaste: 0.606 0.900 0.681 0.000 0.680 0.570
2026/08/06 10:50:57 - mmengine - INFO - Evaluating segm...
2026/08/06 10:50:57 - mmengine - INFO - segm_mAP_copypaste: 0.612 0.890 0.642 0.000 0.686 0.578
2026/08/06 10:50:57 - mmengine - INFO - Epoch(val) [51][116/116]    coco/bbox_mAP: 0.6060  coco/bbox_mAP_50: 0.9000  coco/bbox_mAP_75: 0.6810  coco/bbox_mAP_s: 0.0000  coco/bbox_mAP_m: 0.6800  coco/bbox_mAP_l: 0.5700  coco/segm_mAP: 0.6120  coco/segm_mAP_50: 0.8900  coco/segm_mAP_75: 0.6420  coco/segm_mAP_s: 0.0000  coco/segm_mAP_m: 0.6860  coco/segm_mAP_l: 0.5780  data_time: 0.0057  time: 0.0319
2026/08/06 10:51:01 - mmengine - INFO - Epoch(train) [52][10/68]  base_lr: 7.2896e-05 lr: 7.2896e-05  eta: 0:07:36  time: 0.3698  data_time: 0.1381  memory: 601  grad_norm: 11.3129  loss: 0.4386  loss_cls: 0.1007  loss_bbox: 0.2325  loss_mask: 0.1053
2026/08/06 10:51:05 - mmengine - INFO - Epoch(train) [52][20/68]  base_lr: 7.2117e-05 lr: 7.2117e-05  eta: 0:07:33  time: 0.3765  data_time: 0.1432  memory: 601  grad_norm: 11.3220  loss: 0.4516  loss_cls: 0.1083  loss_bbox: 0.2385  loss_mask: 0.1049
2026/08/06 10:51:09 - mmengine - INFO - Epoch(train) [52][30/68]  base_lr: 7.1338e-05 lr: 7.1338e-05  eta: 0:07:29  time: 0.3795  data_time: 0.1444  memory: 601  grad_norm: 11.4186  loss: 0.4577  loss_cls: 0.1145  loss_bbox: 0.2384  loss_mask: 0.1047
2026/08/06 10:51:12 - mmengine - INFO - Epoch(train) [52][40/68]  base_lr: 7.0557e-05 lr: 7.0557e-05  eta: 0:07:26  time: 0.3824  data_time: 0.1472  memory: 603  grad_norm: 11.6288  loss: 0.4571  loss_cls: 0.1179  loss_bbox: 0.2355  loss_mask: 0.1038
2026/08/06 10:51:16 - mmengine - INFO - Epoch(train) [52][50/68]  base_lr: 6.9775e-05 lr: 6.9775e-05  eta: 0:07:22  time: 0.3856  data_time: 0.1504  memory: 601  grad_norm: 11.5861  loss: 0.4405  loss_cls: 0.1110  loss_bbox: 0.2286  loss_mask: 0.1009
2026/08/06 10:51:20 - mmengine - INFO - Epoch(train) [52][60/68]  base_lr: 6.8993e-05 lr: 6.8993e-05  eta: 0:07:19  time: 0.3806  data_time: 0.1481  memory: 600  grad_norm: 11.5684  loss: 0.4497  loss_cls: 0.1152  loss_bbox: 0.2324  loss_mask: 0.1021
2026/08/06 10:51:22 - mmengine - INFO - Exp name: rtmdet_ins_busi_20260806_102423
2026/08/06 10:51:22 - mmengine - INFO - Saving checkpoint at 52 epochs
2026/08/06 10:51:25 - mmengine - INFO - Epoch(val) [52][ 10/116]    eta: 0:00:03  time: 0.0334  data_time: 0.0057  memory: 604  
2026/08/06 10:51:25 - mmengine - INFO - Epoch(val) [52][ 20/116]    eta: 0:00:03  time: 0.0329  data_time: 0.0050  memory: 122  
2026/08/06 10:51:25 - mmengine - INFO - Epoch(val) [52][ 30/116]    eta: 0:00:02  time: 0.0318  data_time: 0.0049  memory: 134  
2026/08/06 10:51:26 - mmengine - INFO - Epoch(val) [52][ 40/116]    eta: 0:00:02  time: 0.0322  data_time: 0.0048  memory: 129  
2026/08/06 10:51:26 - mmengine - INFO - Epoch(val) [52][ 50/116]    eta: 0:00:02  time: 0.0327  data_time: 0.0051  memory: 130  
2026/08/06 10:51:26 - mmengine - INFO - Epoch(val) [52][ 60/116]    eta: 0:00:01  time: 0.0326  data_time: 0.0052  memory: 120  
2026/08/06 10:51:27 - mmengine - INFO - Epoch(val) [52][ 70/116]    eta: 0:00:01  time: 0.0327  data_time: 0.0056  memory: 118  
2026/08/06 10:51:27 - mmengine - INFO - Epoch(val) [52][ 80/116]    eta: 0:00:01  time: 0.0328  data_time: 0.0057  memory: 115  
2026/08/06 10:51:27 - mmengine - INFO - Epoch(val) [52][ 90/116]    eta: 0:00:00  time: 0.0328  data_time: 0.0061  memory: 139  
2026/08/06 10:51:28 - mmengine - INFO - Epoch(val) [52][100/116]    eta: 0:00:00  time: 0.0322  data_time: 0.0057  memory: 193  
2026/08/06 10:51:28 - mmengine - INFO - Epoch(val) [52][110/116]    eta: 0:00:00  time: 0.0318  data_time: 0.0054  memory: 134  
2026/08/06 10:51:28 - mmengine - INFO - Evaluating bbox...
2026/08/06 10:51:28 - mmengine - INFO - bbox_mAP_copypaste: 0.613 0.894 0.698 0.000 0.703 0.570
2026/08/06 10:51:28 - mmengine - INFO - Evaluating segm...
2026/08/06 10:51:28 - mmengine - INFO - segm_mAP_copypaste: 0.607 0.891 0.658 0.000 0.693 0.565
2026/08/06 10:51:28 - mmengine - INFO - Epoch(val) [52][116/116]    coco/bbox_mAP: 0.6130  coco/bbox_mAP_50: 0.8940  coco/bbox_mAP_75: 0.6980  coco/bbox_mAP_s: 0.0000  coco/bbox_mAP_m: 0.7030  coco/bbox_mAP_l: 0.5700  coco/segm_mAP: 0.6070  coco/segm_mAP_50: 0.8910  coco/segm_mAP_75: 0.6580  coco/segm_mAP_s: 0.0000  coco/segm_mAP_m: 0.6930  coco/segm_mAP_l: 0.5650  data_time: 0.0053  time: 0.0323
2026/08/06 10:51:32 - mmengine - INFO - Epoch(train) [53][10/68]  base_lr: 6.7584e-05 lr: 6.7584e-05  eta: 0:07:12  time: 0.3608  data_time: 0.1331  memory: 602  grad_norm: 11.6318  loss: 0.4418  loss_cls: 0.1059  loss_bbox: 0.2336  loss_mask: 0.1024
2026/08/06 10:51:35 - mmengine - INFO - Epoch(train) [53][20/68]  base_lr: 6.6801e-05 lr: 6.6801e-05  eta: 0:07:09  time: 0.3559  data_time: 0.1321  memory: 601  grad_norm: 11.7184  loss: 0.4337  loss_cls: 0.1006  loss_bbox: 0.2323  loss_mask: 0.1007
2026/08/06 10:51:39 - mmengine - INFO - Epoch(train) [53][30/68]  base_lr: 6.6017e-05 lr: 6.6017e-05  eta: 0:07:05  time: 0.3478  data_time: 0.1267  memory: 602  grad_norm: 11.5346  loss: 0.4334  loss_cls: 0.1016  loss_bbox: 0.2301  loss_mask: 0.1017
2026/08/06 10:51:42 - mmengine - INFO - Epoch(train) [53][40/68]  base_lr: 6.5233e-05 lr: 6.5233e-05  eta: 0:07:02  time: 0.3453  data_time: 0.1255  memory: 603  grad_norm: 11.8573  loss: 0.4371  loss_cls: 0.1080  loss_bbox: 0.2283  loss_mask: 0.1008
2026/08/06 10:51:46 - mmengine - INFO - Epoch(train) [53][50/68]  base_lr: 6.4449e-05 lr: 6.4449e-05  eta: 0:06:58  time: 0.3438  data_time: 0.1279  memory: 601  grad_norm: 11.7625  loss: 0.4359  loss_cls: 0.1056  loss_bbox: 0.2268  loss_mask: 0.1035
2026/08/06 10:51:49 - mmengine - INFO - Epoch(train) [53][60/68]  base_lr: 6.3666e-05 lr: 6.3666e-05  eta: 0:06:54  time: 0.3390  data_time: 0.1266  memory: 601  grad_norm: 12.2961  loss: 0.4328  loss_cls: 0.1047  loss_bbox: 0.2286  loss_mask: 0.0994
2026/08/06 10:51:51 - mmengine - INFO - Exp name: rtmdet_ins_busi_20260806_102423
2026/08/06 10:51:51 - mmengine - INFO - Saving checkpoint at 53 epochs
2026/08/06 10:51:54 - mmengine - INFO - Epoch(val) [53][ 10/116]    eta: 0:00:02  time: 0.0314  data_time: 0.0059  memory: 601  
2026/08/06 10:51:54 - mmengine - INFO - Epoch(val) [53][ 20/116]    eta: 0:00:02  time: 0.0302  data_time: 0.0058  memory: 118  
2026/08/06 10:51:54 - mmengine - INFO - Epoch(val) [53][ 30/116]    eta: 0:00:02  time: 0.0286  data_time: 0.0055  memory: 127  
2026/08/06 10:51:54 - mmengine - INFO - Epoch(val) [53][ 40/116]    eta: 0:00:02  time: 0.0276  data_time: 0.0053  memory: 129  
2026/08/06 10:51:55 - mmengine - INFO - Epoch(val) [53][ 50/116]    eta: 0:00:01  time: 0.0268  data_time: 0.0056  memory: 141  
2026/08/06 10:51:55 - mmengine - INFO - Epoch(val) [53][ 60/116]    eta: 0:00:01  time: 0.0270  data_time: 0.0055  memory: 125  
2026/08/06 10:51:55 - mmengine - INFO - Epoch(val) [53][ 70/116]    eta: 0:00:01  time: 0.0272  data_time: 0.0058  memory: 114  
2026/08/06 10:51:55 - mmengine - INFO - Epoch(val) [53][ 80/116]    eta: 0:00:00  time: 0.0278  data_time: 0.0059  memory: 108  
2026/08/06 10:51:56 - mmengine - INFO - Epoch(val) [53][ 90/116]    eta: 0:00:00  time: 0.0282  data_time: 0.0062  memory: 151  
2026/08/06 10:51:56 - mmengine - INFO - Epoch(val) [53][100/116]    eta: 0:00:00  time: 0.0284  data_time: 0.0057  memory: 183  
2026/08/06 10:51:56 - mmengine - INFO - Epoch(val) [53][110/116]    eta: 0:00:00  time: 0.0282  data_time: 0.0053  memory: 115  
2026/08/06 10:51:57 - mmengine - INFO - Evaluating bbox...
2026/08/06 10:51:57 - mmengine - INFO - bbox_mAP_copypaste: 0.608 0.892 0.701 0.000 0.680 0.573
2026/08/06 10:51:57 - mmengine - INFO - Evaluating segm...
2026/08/06 10:51:57 - mmengine - INFO - segm_mAP_copypaste: 0.608 0.888 0.674 0.000 0.678 0.576
2026/08/06 10:51:57 - mmengine - INFO - Epoch(val) [53][116/116]    coco/bbox_mAP: 0.6080  coco/bbox_mAP_50: 0.8920  coco/bbox_mAP_75: 0.7010  coco/bbox_mAP_s: 0.0000  coco/bbox_mAP_m: 0.6800  coco/bbox_mAP_l: 0.5730  coco/segm_mAP: 0.6080  coco/segm_mAP_50: 0.8880  coco/segm_mAP_75: 0.6740  coco/segm_mAP_s: 0.0000  coco/segm_mAP_m: 0.6780  coco/segm_mAP_l: 0.5760  data_time: 0.0056  time: 0.0278
2026/08/06 10:52:00 - mmengine - INFO - Epoch(train) [54][10/68]  base_lr: 6.2257e-05 lr: 6.2257e-05  eta: 0:06:48  time: 0.3368  data_time: 0.1231  memory: 601  grad_norm: 12.2378  loss: 0.4438  loss_cls: 0.1099  loss_bbox: 0.2331  loss_mask: 0.1008
2026/08/06 10:52:04 - mmengine - INFO - Epoch(train) [54][20/68]  base_lr: 6.1475e-05 lr: 6.1475e-05  eta: 0:06:44  time: 0.3391  data_time: 0.1242  memory: 601  grad_norm: 12.0216  loss: 0.4383  loss_cls: 0.1034  loss_bbox: 0.2338  loss_mask: 0.1010
2026/08/06 10:52:07 - mmengine - INFO - Epoch(train) [54][30/68]  base_lr: 6.0693e-05 lr: 6.0693e-05  eta: 0:06:41  time: 0.3430  data_time: 0.1237  memory: 601  grad_norm: 11.4616  loss: 0.4417  loss_cls: 0.1008  loss_bbox: 0.2391  loss_mask: 0.1017
2026/08/06 10:52:11 - mmengine - INFO - Epoch(train) [54][40/68]  base_lr: 5.9912e-05 lr: 5.9912e-05  eta: 0:06:37  time: 0.3531  data_time: 0.1293  memory: 599  grad_norm: 11.1851  loss: 0.4433  loss_cls: 0.1040  loss_bbox: 0.2374  loss_mask: 0.1019
2026/08/06 10:52:15 - mmengine - INFO - Epoch(train) [54][50/68]  base_lr: 5.9133e-05 lr: 5.9133e-05  eta: 0:06:34  time: 0.3634  data_time: 0.1365  memory: 601  grad_norm: 11.3606  loss: 0.4368  loss_cls: 0.1052  loss_bbox: 0.2314  loss_mask: 0.1002
2026/08/06 10:52:18 - mmengine - INFO - Epoch(train) [54][60/68]  base_lr: 5.8354e-05 lr: 5.8354e-05  eta: 0:06:30  time: 0.3632  data_time: 0.1348  memory: 601  grad_norm: 11.9576  loss: 0.4465  loss_cls: 0.1078  loss_bbox: 0.2355  loss_mask: 0.1032
2026/08/06 10:52:21 - mmengine - INFO - Exp name: rtmdet_ins_busi_20260806_102423
2026/08/06 10:52:21 - mmengine - INFO - Saving checkpoint at 54 epochs
2026/08/06 10:52:24 - mmengine - INFO - Epoch(val) [54][ 10/116]    eta: 0:00:03  time: 0.0302  data_time: 0.0055  memory: 602  
2026/08/06 10:52:24 - mmengine - INFO - Epoch(val) [54][ 20/116]    eta: 0:00:03  time: 0.0302  data_time: 0.0057  memory: 113  
2026/08/06 10:52:24 - mmengine - INFO - Epoch(val) [54][ 30/116]    eta: 0:00:02  time: 0.0296  data_time: 0.0058  memory: 120  
2026/08/06 10:52:24 - mmengine - INFO - Epoch(val) [54][ 40/116]    eta: 0:00:02  time: 0.0297  data_time: 0.0052  memory: 112  
2026/08/06 10:52:25 - mmengine - INFO - Epoch(val) [54][ 50/116]    eta: 0:00:01  time: 0.0292  data_time: 0.0047  memory: 135  
2026/08/06 10:52:25 - mmengine - INFO - Epoch(val) [54][ 60/116]    eta: 0:00:01  time: 0.0279  data_time: 0.0045  memory: 120  
2026/08/06 10:52:25 - mmengine - INFO - Epoch(val) [54][ 70/116]    eta: 0:00:01  time: 0.0277  data_time: 0.0044  memory: 116  
2026/08/06 10:52:26 - mmengine - INFO - Epoch(val) [54][ 80/116]    eta: 0:00:01  time: 0.0278  data_time: 0.0044  memory: 112  
2026/08/06 10:52:26 - mmengine - INFO - Epoch(val) [54][ 90/116]    eta: 0:00:00  time: 0.0291  data_time: 0.0054  memory: 133  
2026/08/06 10:52:26 - mmengine - INFO - Epoch(val) [54][100/116]    eta: 0:00:00  time: 0.0296  data_time: 0.0058  memory: 183  
2026/08/06 10:52:27 - mmengine - INFO - Epoch(val) [54][110/116]    eta: 0:00:00  time: 0.0300  data_time: 0.0058  memory: 115  
2026/08/06 10:52:27 - mmengine - INFO - Evaluating bbox...
2026/08/06 10:52:27 - mmengine - INFO - bbox_mAP_copypaste: 0.611 0.894 0.712 0.000 0.679 0.575
2026/08/06 10:52:27 - mmengine - INFO - Evaluating segm...
2026/08/06 10:52:27 - mmengine - INFO - segm_mAP_copypaste: 0.618 0.891 0.698 0.000 0.692 0.583
2026/08/06 10:52:27 - mmengine - INFO - Epoch(val) [54][116/116]    coco/bbox_mAP: 0.6110  coco/bbox_mAP_50: 0.8940  coco/bbox_mAP_75: 0.7120  coco/bbox_mAP_s: 0.0000  coco/bbox_mAP_m: 0.6790  coco/bbox_mAP_l: 0.5750  coco/segm_mAP: 0.6180  coco/segm_mAP_50: 0.8910  coco/segm_mAP_75: 0.6980  coco/segm_mAP_s: 0.0000  coco/segm_mAP_m: 0.6920  coco/segm_mAP_l: 0.5830  data_time: 0.0053  time: 0.0295
2026/08/06 10:52:31 - mmengine - INFO - Epoch(train) [55][10/68]  base_lr: 5.6956e-05 lr: 5.6956e-05  eta: 0:06:24  time: 0.3671  data_time: 0.1386  memory: 600  grad_norm: 12.5830  loss: 0.4524  loss_cls: 0.1159  loss_bbox: 0.2337  loss_mask: 0.1028
2026/08/06 10:52:34 - mmengine - INFO - Epoch(train) [55][20/68]  base_lr: 5.6182e-05 lr: 5.6182e-05  eta: 0:06:20  time: 0.3674  data_time: 0.1383  memory: 603  grad_norm: 12.5051  loss: 0.4436  loss_cls: 0.1130  loss_bbox: 0.2285  loss_mask: 0.1022
2026/08/06 10:52:38 - mmengine - INFO - Epoch(train) [55][30/68]  base_lr: 5.5409e-05 lr: 5.5409e-05  eta: 0:06:17  time: 0.3710  data_time: 0.1422  memory: 602  grad_norm: 12.1779  loss: 0.4505  loss_cls: 0.1158  loss_bbox: 0.2312  loss_mask: 0.1035
2026/08/06 10:52:42 - mmengine - INFO - Epoch(train) [55][40/68]  base_lr: 5.4638e-05 lr: 5.4638e-05  eta: 0:06:13  time: 0.3733  data_time: 0.1439  memory: 601  grad_norm: 11.7715  loss: 0.4346  loss_cls: 0.1091  loss_bbox: 0.2255  loss_mask: 0.1000
2026/08/06 10:52:46 - mmengine - INFO - Epoch(train) [55][50/68]  base_lr: 5.3869e-05 lr: 5.3869e-05  eta: 0:06:10  time: 0.3735  data_time: 0.1442  memory: 601  grad_norm: 11.7981  loss: 0.4342  loss_cls: 0.1081  loss_bbox: 0.2266  loss_mask: 0.0995
2026/08/06 10:52:49 - mmengine - INFO - Epoch(train) [55][60/68]  base_lr: 5.3101e-05 lr: 5.3101e-05  eta: 0:06:06  time: 0.3712  data_time: 0.1422  memory: 602  grad_norm: 11.3980  loss: 0.4444  loss_cls: 0.1117  loss_bbox: 0.2289  loss_mask: 0.1037
2026/08/06 10:52:52 - mmengine - INFO - Exp name: rtmdet_ins_busi_20260806_102423
2026/08/06 10:52:52 - mmengine - INFO - Saving checkpoint at 55 epochs
2026/08/06 10:52:54 - mmengine - INFO - Epoch(val) [55][ 10/116]    eta: 0:00:03  time: 0.0310  data_time: 0.0059  memory: 603  
2026/08/06 10:52:54 - mmengine - INFO - Epoch(val) [55][ 20/116]    eta: 0:00:02  time: 0.0309  data_time: 0.0060  memory: 112  
2026/08/06 10:52:55 - mmengine - INFO - Epoch(val) [55][ 30/116]    eta: 0:00:02  time: 0.0300  data_time: 0.0059  memory: 127  
2026/08/06 10:52:55 - mmengine - INFO - Epoch(val) [55][ 40/116]    eta: 0:00:02  time: 0.0296  data_time: 0.0060  memory: 122  
2026/08/06 10:52:55 - mmengine - INFO - Epoch(val) [55][ 50/116]    eta: 0:00:01  time: 0.0295  data_time: 0.0061  memory: 135  
2026/08/06 10:52:56 - mmengine - INFO - Epoch(val) [55][ 60/116]    eta: 0:00:01  time: 0.0294  data_time: 0.0065  memory: 129  
2026/08/06 10:52:56 - mmengine - INFO - Epoch(val) [55][ 70/116]    eta: 0:00:01  time: 0.0292  data_time: 0.0060  memory: 108  
2026/08/06 10:52:56 - mmengine - INFO - Epoch(val) [55][ 80/116]    eta: 0:00:01  time: 0.0296  data_time: 0.0060  memory: 115  
2026/08/06 10:52:57 - mmengine - INFO - Epoch(val) [55][ 90/116]    eta: 0:00:00  time: 0.0303  data_time: 0.0057  memory: 145  
2026/08/06 10:52:57 - mmengine - INFO - Epoch(val) [55][100/116]    eta: 0:00:00  time: 0.0306  data_time: 0.0054  memory: 177  
2026/08/06 10:52:57 - mmengine - INFO - Epoch(val) [55][110/116]    eta: 0:00:00  time: 0.0303  data_time: 0.0053  memory: 117  
2026/08/06 10:52:57 - mmengine - INFO - Evaluating bbox...
2026/08/06 10:52:57 - mmengine - INFO - bbox_mAP_copypaste: 0.621 0.892 0.719 0.000 0.696 0.585
2026/08/06 10:52:57 - mmengine - INFO - Evaluating segm...
2026/08/06 10:52:57 - mmengine - INFO - segm_mAP_copypaste: 0.605 0.888 0.694 0.000 0.688 0.568
2026/08/06 10:52:57 - mmengine - INFO - Epoch(val) [55][116/116]    coco/bbox_mAP: 0.6210  coco/bbox_mAP_50: 0.8920  coco/bbox_mAP_75: 0.7190  coco/bbox_mAP_s: 0.0000  coco/bbox_mAP_m: 0.6960  coco/bbox_mAP_l: 0.5850  coco/segm_mAP: 0.6050  coco/segm_mAP_50: 0.8880  coco/segm_mAP_75: 0.6940  coco/segm_mAP_s: 0.0000  coco/segm_mAP_m: 0.6880  coco/segm_mAP_l: 0.5680  data_time: 0.0058  time: 0.0300
2026/08/06 10:53:01 - mmengine - INFO - Epoch(train) [56][10/68]  base_lr: 5.1726e-05 lr: 5.1726e-05  eta: 0:06:00  time: 0.3615  data_time: 0.1384  memory: 601  grad_norm: 12.1516  loss: 0.4398  loss_cls: 0.1116  loss_bbox: 0.2282  loss_mask: 0.1000
2026/08/06 10:53:05 - mmengine - INFO - Epoch(train) [56][20/68]  base_lr: 5.0965e-05 lr: 5.0965e-05  eta: 0:05:56  time: 0.3632  data_time: 0.1394  memory: 603  grad_norm: 11.9771  loss: 0.4346  loss_cls: 0.1091  loss_bbox: 0.2258  loss_mask: 0.0997
2026/08/06 10:53:08 - mmengine - INFO - Epoch(train) [56][30/68]  base_lr: 5.0207e-05 lr: 5.0207e-05  eta: 0:05:53  time: 0.3650  data_time: 0.1406  memory: 604  grad_norm: 11.6954  loss: 0.4265  loss_cls: 0.1073  loss_bbox: 0.2192  loss_mask: 0.1001
2026/08/06 10:53:12 - mmengine - INFO - Epoch(train) [56][40/68]  base_lr: 4.9452e-05 lr: 4.9452e-05  eta: 0:05:49  time: 0.3584  data_time: 0.1350  memory: 598  grad_norm: 11.8898  loss: 0.4321  loss_cls: 0.1080  loss_bbox: 0.2247  loss_mask: 0.0994
2026/08/06 10:53:16 - mmengine - INFO - Epoch(train) [56][50/68]  base_lr: 4.8699e-05 lr: 4.8699e-05  eta: 0:05:45  time: 0.3635  data_time: 0.1368  memory: 602  grad_norm: 10.9841  loss: 0.4099  loss_cls: 0.0922  loss_bbox: 0.2182  loss_mask: 0.0995
2026/08/06 10:53:19 - mmengine - INFO - Epoch(train) [56][60/68]  base_lr: 4.7949e-05 lr: 4.7949e-05  eta: 0:05:42  time: 0.3659  data_time: 0.1380  memory: 601  grad_norm: 11.0517  loss: 0.4239  loss_cls: 0.0972  loss_bbox: 0.2234  loss_mask: 0.1032
2026/08/06 10:53:22 - mmengine - INFO - Exp name: rtmdet_ins_busi_20260806_102423
2026/08/06 10:53:22 - mmengine - INFO - Saving checkpoint at 56 epochs
2026/08/06 10:53:24 - mmengine - INFO - Epoch(val) [56][ 10/116]    eta: 0:00:03  time: 0.0306  data_time: 0.0054  memory: 601  
2026/08/06 10:53:25 - mmengine - INFO - Epoch(val) [56][ 20/116]    eta: 0:00:02  time: 0.0307  data_time: 0.0060  memory: 113  
2026/08/06 10:53:25 - mmengine - INFO - Epoch(val) [56][ 30/116]    eta: 0:00:02  time: 0.0293  data_time: 0.0057  memory: 120  
2026/08/06 10:53:25 - mmengine - INFO - Epoch(val) [56][ 40/116]    eta: 0:00:02  time: 0.0294  data_time: 0.0052  memory: 139  
2026/08/06 10:53:25 - mmengine - INFO - Epoch(val) [56][ 50/116]    eta: 0:00:01  time: 0.0294  data_time: 0.0053  memory: 147  
2026/08/06 10:53:26 - mmengine - INFO - Epoch(val) [56][ 60/116]    eta: 0:00:01  time: 0.0300  data_time: 0.0052  memory: 120  
2026/08/06 10:53:26 - mmengine - INFO - Epoch(val) [56][ 70/116]    eta: 0:00:01  time: 0.0298  data_time: 0.0052  memory: 112  
2026/08/06 10:53:26 - mmengine - INFO - Epoch(val) [56][ 80/116]    eta: 0:00:01  time: 0.0300  data_time: 0.0052  memory: 112  
2026/08/06 10:53:27 - mmengine - INFO - Epoch(val) [56][ 90/116]    eta: 0:00:00  time: 0.0310  data_time: 0.0055  memory: 139  
2026/08/06 10:53:27 - mmengine - INFO - Epoch(val) [56][100/116]    eta: 0:00:00  time: 0.0315  data_time: 0.0057  memory: 181  
2026/08/06 10:53:27 - mmengine - INFO - Epoch(val) [56][110/116]    eta: 0:00:00  time: 0.0316  data_time: 0.0055  memory: 124  
2026/08/06 10:53:28 - mmengine - INFO - Evaluating bbox...
2026/08/06 10:53:28 - mmengine - INFO - bbox_mAP_copypaste: 0.633 0.896 0.734 0.000 0.714 0.596
2026/08/06 10:53:28 - mmengine - INFO - Evaluating segm...
2026/08/06 10:53:28 - mmengine - INFO - segm_mAP_copypaste: 0.614 0.896 0.707 0.000 0.698 0.579
2026/08/06 10:53:28 - mmengine - INFO - Epoch(val) [56][116/116]    coco/bbox_mAP: 0.6330  coco/bbox_mAP_50: 0.8960  coco/bbox_mAP_75: 0.7340  coco/bbox_mAP_s: 0.0000  coco/bbox_mAP_m: 0.7140  coco/bbox_mAP_l: 0.5960  coco/segm_mAP: 0.6140  coco/segm_mAP_50: 0.8960  coco/segm_mAP_75: 0.7070  coco/segm_mAP_s: 0.0000  coco/segm_mAP_m: 0.6980  coco/segm_mAP_l: 0.5790  data_time: 0.0054  time: 0.0309
2026/08/06 10:53:31 - mmengine - INFO - Epoch(train) [57][10/68]  base_lr: 4.6608e-05 lr: 4.6608e-05  eta: 0:05:36  time: 0.3583  data_time: 0.1320  memory: 599  grad_norm: 12.2076  loss: 0.4315  loss_cls: 0.1033  loss_bbox: 0.2260  loss_mask: 0.1021
2026/08/06 10:53:35 - mmengine - INFO - Epoch(train) [57][20/68]  base_lr: 4.5867e-05 lr: 4.5867e-05  eta: 0:05:32  time: 0.3577  data_time: 0.1316  memory: 603  grad_norm: 12.2123  loss: 0.4337  loss_cls: 0.1063  loss_bbox: 0.2235  loss_mask: 0.1039
2026/08/06 10:53:38 - mmengine - INFO - Epoch(train) [57][30/68]  base_lr: 4.5129e-05 lr: 4.5129e-05  eta: 0:05:28  time: 0.3548  data_time: 0.1315  memory: 601  grad_norm: 12.3043  loss: 0.4341  loss_cls: 0.1065  loss_bbox: 0.2263  loss_mask: 0.1013
2026/08/06 10:53:42 - mmengine - INFO - Epoch(train) [57][40/68]  base_lr: 4.4396e-05 lr: 4.4396e-05  eta: 0:05:25  time: 0.3459  data_time: 0.1253  memory: 601  grad_norm: 12.3201  loss: 0.4326  loss_cls: 0.1062  loss_bbox: 0.2248  loss_mask: 0.1016
2026/08/06 10:53:45 - mmengine - INFO - Epoch(train) [57][50/68]  base_lr: 4.3666e-05 lr: 4.3666e-05  eta: 0:05:21  time: 0.3465  data_time: 0.1252  memory: 601  grad_norm: 12.1155  loss: 0.4418  loss_cls: 0.1115  loss_bbox: 0.2271  loss_mask: 0.1033
2026/08/06 10:53:49 - mmengine - INFO - Epoch(train) [57][60/68]  base_lr: 4.2939e-05 lr: 4.2939e-05  eta: 0:05:18  time: 0.3451  data_time: 0.1275  memory: 601  grad_norm: 11.9983  loss: 0.4395  loss_cls: 0.1108  loss_bbox: 0.2277  loss_mask: 0.1010
2026/08/06 10:53:52 - mmengine - INFO - Exp name: rtmdet_ins_busi_20260806_102423
2026/08/06 10:53:52 - mmengine - INFO - Saving checkpoint at 57 epochs
2026/08/06 10:53:54 - mmengine - INFO - Epoch(val) [57][ 10/116]    eta: 0:00:03  time: 0.0327  data_time: 0.0057  memory: 602  
2026/08/06 10:53:54 - mmengine - INFO - Epoch(val) [57][ 20/116]    eta: 0:00:02  time: 0.0318  data_time: 0.0057  memory: 110  
2026/08/06 10:53:54 - mmengine - INFO - Epoch(val) [57][ 30/116]    eta: 0:00:02  time: 0.0301  data_time: 0.0053  memory: 124  
2026/08/06 10:53:54 - mmengine - INFO - Epoch(val) [57][ 40/116]    eta: 0:00:02  time: 0.0289  data_time: 0.0053  memory: 139  
2026/08/06 10:53:55 - mmengine - INFO - Epoch(val) [57][ 50/116]    eta: 0:00:01  time: 0.0275  data_time: 0.0053  memory: 142  
2026/08/06 10:53:55 - mmengine - INFO - Epoch(val) [57][ 60/116]    eta: 0:00:01  time: 0.0274  data_time: 0.0057  memory: 120  
2026/08/06 10:53:55 - mmengine - INFO - Epoch(val) [57][ 70/116]    eta: 0:00:01  time: 0.0274  data_time: 0.0062  memory: 112  
2026/08/06 10:53:56 - mmengine - INFO - Epoch(val) [57][ 80/116]    eta: 0:00:00  time: 0.0273  data_time: 0.0063  memory: 115  
2026/08/06 10:53:56 - mmengine - INFO - Epoch(val) [57][ 90/116]    eta: 0:00:00  time: 0.0279  data_time: 0.0069  memory: 145  
2026/08/06 10:53:56 - mmengine - INFO - Epoch(val) [57][100/116]    eta: 0:00:00  time: 0.0279  data_time: 0.0067  memory: 181  
2026/08/06 10:53:56 - mmengine - INFO - Epoch(val) [57][110/116]    eta: 0:00:00  time: 0.0276  data_time: 0.0061  memory: 122  
2026/08/06 10:53:57 - mmengine - INFO - Evaluating bbox...
2026/08/06 10:53:57 - mmengine - INFO - bbox_mAP_copypaste: 0.623 0.892 0.732 0.000 0.687 0.591
2026/08/06 10:53:57 - mmengine - INFO - Evaluating segm...
2026/08/06 10:53:57 - mmengine - INFO - segm_mAP_copypaste: 0.619 0.892 0.701 0.000 0.708 0.574
2026/08/06 10:53:57 - mmengine - INFO - Epoch(val) [57][116/116]    coco/bbox_mAP: 0.6230  coco/bbox_mAP_50: 0.8920  coco/bbox_mAP_75: 0.7320  coco/bbox_mAP_s: 0.0000  coco/bbox_mAP_m: 0.6870  coco/bbox_mAP_l: 0.5910  coco/segm_mAP: 0.6190  coco/segm_mAP_50: 0.8920  coco/segm_mAP_75: 0.7010  coco/segm_mAP_s: 0.0000  coco/segm_mAP_m: 0.7080  coco/segm_mAP_l: 0.5740  data_time: 0.0060  time: 0.0278
2026/08/06 10:54:00 - mmengine - INFO - Epoch(train) [58][10/68]  base_lr: 4.1642e-05 lr: 4.1642e-05  eta: 0:05:11  time: 0.3456  data_time: 0.1291  memory: 601  grad_norm: 11.9850  loss: 0.4497  loss_cls: 0.1196  loss_bbox: 0.2300  loss_mask: 0.1001
2026/08/06 10:54:04 - mmengine - INFO - Epoch(train) [58][20/68]  base_lr: 4.0927e-05 lr: 4.0927e-05  eta: 0:05:07  time: 0.3463  data_time: 0.1314  memory: 602  grad_norm: 11.9155  loss: 0.4484  loss_cls: 0.1168  loss_bbox: 0.2304  loss_mask: 0.1013
2026/08/06 10:54:07 - mmengine - INFO - Epoch(train) [58][30/68]  base_lr: 4.0217e-05 lr: 4.0217e-05  eta: 0:05:04  time: 0.3496  data_time: 0.1341  memory: 603  grad_norm: 11.8768  loss: 0.4402  loss_cls: 0.1105  loss_bbox: 0.2289  loss_mask: 0.1008
2026/08/06 10:54:11 - mmengine - INFO - Epoch(train) [58][40/68]  base_lr: 3.9511e-05 lr: 3.9511e-05  eta: 0:05:00  time: 0.3478  data_time: 0.1306  memory: 601  grad_norm: 11.9878  loss: 0.4339  loss_cls: 0.1102  loss_bbox: 0.2254  loss_mask: 0.0983
2026/08/06 10:54:14 - mmengine - INFO - Epoch(train) [58][50/68]  base_lr: 3.8809e-05 lr: 3.8809e-05  eta: 0:04:57  time: 0.3561  data_time: 0.1308  memory: 602  grad_norm: 11.6872  loss: 0.4111  loss_cls: 0.0952  loss_bbox: 0.2193  loss_mask: 0.0966
2026/08/06 10:54:18 - mmengine - INFO - Epoch(train) [58][60/68]  base_lr: 3.8112e-05 lr: 3.8112e-05  eta: 0:04:53  time: 0.3629  data_time: 0.1321  memory: 601  grad_norm: 12.0998  loss: 0.4086  loss_cls: 0.0926  loss_bbox: 0.2200  loss_mask: 0.0960
2026/08/06 10:54:21 - mmengine - INFO - Exp name: rtmdet_ins_busi_20260806_102423
2026/08/06 10:54:21 - mmengine - INFO - Saving checkpoint at 58 epochs
2026/08/06 10:54:24 - mmengine - INFO - Epoch(val) [58][ 10/116]    eta: 0:00:03  time: 0.0289  data_time: 0.0059  memory: 600  
2026/08/06 10:54:24 - mmengine - INFO - Epoch(val) [58][ 20/116]    eta: 0:00:02  time: 0.0295  data_time: 0.0060  memory: 113  
2026/08/06 10:54:24 - mmengine - INFO - Epoch(val) [58][ 30/116]    eta: 0:00:02  time: 0.0321  data_time: 0.0054  memory: 120  
2026/08/06 10:54:25 - mmengine - INFO - Epoch(val) [58][ 40/116]    eta: 0:00:02  time: 0.0320  data_time: 0.0055  memory: 139  
2026/08/06 10:54:25 - mmengine - INFO - Epoch(val) [58][ 50/116]    eta: 0:00:02  time: 0.0322  data_time: 0.0053  memory: 153  
2026/08/06 10:54:25 - mmengine - INFO - Epoch(val) [58][ 60/116]    eta: 0:00:01  time: 0.0325  data_time: 0.0055  memory: 116  
2026/08/06 10:54:25 - mmengine - INFO - Epoch(val) [58][ 70/116]    eta: 0:00:01  time: 0.0322  data_time: 0.0056  memory: 118  
2026/08/06 10:54:26 - mmengine - INFO - Epoch(val) [58][ 80/116]    eta: 0:00:01  time: 0.0293  data_time: 0.0058  memory: 112  
2026/08/06 10:54:26 - mmengine - INFO - Epoch(val) [58][ 90/116]    eta: 0:00:00  time: 0.0302  data_time: 0.0060  memory: 133  
2026/08/06 10:54:26 - mmengine - INFO - Epoch(val) [58][100/116]    eta: 0:00:00  time: 0.0308  data_time: 0.0059  memory: 175  
2026/08/06 10:54:27 - mmengine - INFO - Epoch(val) [58][110/116]    eta: 0:00:00  time: 0.0307  data_time: 0.0056  memory: 114  
2026/08/06 10:54:27 - mmengine - INFO - Evaluating bbox...
2026/08/06 10:54:27 - mmengine - INFO - bbox_mAP_copypaste: 0.630 0.888 0.709 0.000 0.704 0.593
2026/08/06 10:54:27 - mmengine - INFO - Evaluating segm...
2026/08/06 10:54:27 - mmengine - INFO - segm_mAP_copypaste: 0.602 0.888 0.675 0.000 0.692 0.560
2026/08/06 10:54:27 - mmengine - INFO - Epoch(val) [58][116/116]    coco/bbox_mAP: 0.6300  coco/bbox_mAP_50: 0.8880  coco/bbox_mAP_75: 0.7090  coco/bbox_mAP_s: 0.0000  coco/bbox_mAP_m: 0.7040  coco/bbox_mAP_l: 0.5930  coco/segm_mAP: 0.6020  coco/segm_mAP_50: 0.8880  coco/segm_mAP_75: 0.6750  coco/segm_mAP_s: 0.0000  coco/segm_mAP_m: 0.6920  coco/segm_mAP_l: 0.5600  data_time: 0.0055  time: 0.0314
2026/08/06 10:54:31 - mmengine - INFO - Epoch(train) [59][10/68]  base_lr: 3.6870e-05 lr: 3.6870e-05  eta: 0:04:47  time: 0.3740  data_time: 0.1329  memory: 604  grad_norm: 12.2591  loss: 0.4082  loss_cls: 0.0927  loss_bbox: 0.2191  loss_mask: 0.0964
2026/08/06 10:54:34 - mmengine - INFO - Epoch(train) [59][20/68]  base_lr: 3.6187e-05 lr: 3.6187e-05  eta: 0:04:43  time: 0.3771  data_time: 0.1341  memory: 600  grad_norm: 11.4377  loss: 0.4052  loss_cls: 0.0875  loss_bbox: 0.2199  loss_mask: 0.0978
2026/08/06 10:54:38 - mmengine - INFO - Epoch(train) [59][30/68]  base_lr: 3.5509e-05 lr: 3.5509e-05  eta: 0:04:40  time: 0.3686  data_time: 0.1314  memory: 600  grad_norm: 11.9653  loss: 0.4229  loss_cls: 0.0974  loss_bbox: 0.2268  loss_mask: 0.0987
2026/08/06 10:54:42 - mmengine - INFO - Epoch(train) [59][40/68]  base_lr: 3.4836e-05 lr: 3.4836e-05  eta: 0:04:36  time: 0.3671  data_time: 0.1342  memory: 603  grad_norm: 11.9197  loss: 0.4275  loss_cls: 0.1026  loss_bbox: 0.2243  loss_mask: 0.1005
2026/08/06 10:54:45 - mmengine - INFO - Epoch(train) [59][50/68]  base_lr: 3.4168e-05 lr: 3.4168e-05  eta: 0:04:33  time: 0.3546  data_time: 0.1286  memory: 601  grad_norm: 11.7122  loss: 0.4239  loss_cls: 0.1039  loss_bbox: 0.2209  loss_mask: 0.0991
2026/08/06 10:54:47 - mmengine - INFO - Exp name: rtmdet_ins_busi_20260806_102423
2026/08/06 10:54:48 - mmengine - INFO - Epoch(train) [59][60/68]  base_lr: 3.3506e-05 lr: 3.3506e-05  eta: 0:04:29  time: 0.3463  data_time: 0.1246  memory: 601  grad_norm: 11.6060  loss: 0.4251  loss_cls: 0.1038  loss_bbox: 0.2210  loss_mask: 0.1003
2026/08/06 10:54:51 - mmengine - INFO - Exp name: rtmdet_ins_busi_20260806_102423
2026/08/06 10:54:51 - mmengine - INFO - Saving checkpoint at 59 epochs
2026/08/06 10:54:53 - mmengine - INFO - Epoch(val) [59][ 10/116]    eta: 0:00:03  time: 0.0312  data_time: 0.0052  memory: 602  
2026/08/06 10:54:53 - mmengine - INFO - Epoch(val) [59][ 20/116]    eta: 0:00:02  time: 0.0302  data_time: 0.0049  memory: 112  
2026/08/06 10:54:53 - mmengine - INFO - Epoch(val) [59][ 30/116]    eta: 0:00:02  time: 0.0288  data_time: 0.0048  memory: 122  
2026/08/06 10:54:54 - mmengine - INFO - Epoch(val) [59][ 40/116]    eta: 0:00:02  time: 0.0285  data_time: 0.0045  memory: 136  
2026/08/06 10:54:54 - mmengine - INFO - Epoch(val) [59][ 50/116]    eta: 0:00:01  time: 0.0279  data_time: 0.0051  memory: 142  
2026/08/06 10:54:54 - mmengine - INFO - Epoch(val) [59][ 60/116]    eta: 0:00:01  time: 0.0276  data_time: 0.0055  memory: 116  
2026/08/06 10:54:55 - mmengine - INFO - Epoch(val) [59][ 70/116]    eta: 0:00:01  time: 0.0277  data_time: 0.0058  memory: 112  
2026/08/06 10:54:55 - mmengine - INFO - Epoch(val) [59][ 80/116]    eta: 0:00:00  time: 0.0280  data_time: 0.0059  memory: 115  
2026/08/06 10:54:55 - mmengine - INFO - Epoch(val) [59][ 90/116]    eta: 0:00:00  time: 0.0281  data_time: 0.0062  memory: 145  
2026/08/06 10:54:55 - mmengine - INFO - Epoch(val) [59][100/116]    eta: 0:00:00  time: 0.0289  data_time: 0.0059  memory: 177  
2026/08/06 10:54:56 - mmengine - INFO - Epoch(val) [59][110/116]    eta: 0:00:00  time: 0.0293  data_time: 0.0055  memory: 115  
2026/08/06 10:54:56 - mmengine - INFO - Evaluating bbox...
2026/08/06 10:54:56 - mmengine - INFO - bbox_mAP_copypaste: 0.628 0.887 0.735 0.000 0.695 0.593
2026/08/06 10:54:56 - mmengine - INFO - Evaluating segm...
2026/08/06 10:54:56 - mmengine - INFO - segm_mAP_copypaste: 0.608 0.887 0.685 0.000 0.690 0.569
2026/08/06 10:54:56 - mmengine - INFO - Epoch(val) [59][116/116]    coco/bbox_mAP: 0.6280  coco/bbox_mAP_50: 0.8870  coco/bbox_mAP_75: 0.7350  coco/bbox_mAP_s: 0.0000  coco/bbox_mAP_m: 0.6950  coco/bbox_mAP_l: 0.5930  coco/segm_mAP: 0.6080  coco/segm_mAP_50: 0.8870  coco/segm_mAP_75: 0.6850  coco/segm_mAP_s: 0.0000  coco/segm_mAP_m: 0.6900  coco/segm_mAP_l: 0.5690  data_time: 0.0054  time: 0.0286
2026/08/06 10:55:00 - mmengine - INFO - Epoch(train) [60][10/68]  base_lr: 3.2329e-05 lr: 3.2329e-05  eta: 0:04:23  time: 0.3388  data_time: 0.1199  memory: 601  grad_norm: 12.2844  loss: 0.4230  loss_cls: 0.1050  loss_bbox: 0.2195  loss_mask: 0.0984
2026/08/06 10:55:03 - mmengine - INFO - Epoch(train) [60][20/68]  base_lr: 3.1683e-05 lr: 3.1683e-05  eta: 0:04:19  time: 0.3389  data_time: 0.1198  memory: 603  grad_norm: 12.2617  loss: 0.4223  loss_cls: 0.1049  loss_bbox: 0.2213  loss_mask: 0.0960
2026/08/06 10:55:07 - mmengine - INFO - Epoch(train) [60][30/68]  base_lr: 3.1043e-05 lr: 3.1043e-05  eta: 0:04:15  time: 0.3443  data_time: 0.1238  memory: 602  grad_norm: 12.4681  loss: 0.4327  loss_cls: 0.1058  loss_bbox: 0.2292  loss_mask: 0.0977
2026/08/06 10:55:10 - mmengine - INFO - Epoch(train) [60][40/68]  base_lr: 3.0409e-05 lr: 3.0409e-05  eta: 0:04:12  time: 0.3472  data_time: 0.1259  memory: 603  grad_norm: 12.8384  loss: 0.4416  loss_cls: 0.1089  loss_bbox: 0.2344  loss_mask: 0.0983
2026/08/06 10:55:14 - mmengine - INFO - Epoch(train) [60][50/68]  base_lr: 2.9781e-05 lr: 2.9781e-05  eta: 0:04:08  time: 0.3506  data_time: 0.1285  memory: 603  grad_norm: 11.5494  loss: 0.4269  loss_cls: 0.1017  loss_bbox: 0.2277  loss_mask: 0.0974
2026/08/06 10:55:17 - mmengine - INFO - Epoch(train) [60][60/68]  base_lr: 2.9159e-05 lr: 2.9159e-05  eta: 0:04:05  time: 0.3501  data_time: 0.1285  memory: 603  grad_norm: 10.9753  loss: 0.4274  loss_cls: 0.1007  loss_bbox: 0.2276  loss_mask: 0.0991
2026/08/06 10:55:20 - mmengine - INFO - Exp name: rtmdet_ins_busi_20260806_102423
2026/08/06 10:55:20 - mmengine - INFO - Saving checkpoint at 60 epochs
2026/08/06 10:55:22 - mmengine - INFO - Epoch(val) [60][ 10/116]    eta: 0:00:02  time: 0.0300  data_time: 0.0054  memory: 600  
2026/08/06 10:55:22 - mmengine - INFO - Epoch(val) [60][ 20/116]    eta: 0:00:02  time: 0.0300  data_time: 0.0051  memory: 116  
2026/08/06 10:55:23 - mmengine - INFO - Epoch(val) [60][ 30/116]    eta: 0:00:02  time: 0.0294  data_time: 0.0048  memory: 122  
2026/08/06 10:55:23 - mmengine - INFO - Epoch(val) [60][ 40/116]    eta: 0:00:02  time: 0.0293  data_time: 0.0046  memory: 118  
2026/08/06 10:55:23 - mmengine - INFO - Epoch(val) [60][ 50/116]    eta: 0:00:01  time: 0.0292  data_time: 0.0049  memory: 135  
2026/08/06 10:55:24 - mmengine - INFO - Epoch(val) [60][ 60/116]    eta: 0:00:01  time: 0.0296  data_time: 0.0053  memory: 112  
2026/08/06 10:55:24 - mmengine - INFO - Epoch(val) [60][ 70/116]    eta: 0:00:01  time: 0.0294  data_time: 0.0056  memory: 112  
2026/08/06 10:55:24 - mmengine - INFO - Epoch(val) [60][ 80/116]    eta: 0:00:01  time: 0.0298  data_time: 0.0057  memory: 115  
2026/08/06 10:55:25 - mmengine - INFO - Epoch(val) [60][ 90/116]    eta: 0:00:00  time: 0.0301  data_time: 0.0060  memory: 127  
2026/08/06 10:55:25 - mmengine - INFO - Epoch(val) [60][100/116]    eta: 0:00:00  time: 0.0309  data_time: 0.0060  memory: 172  
2026/08/06 10:55:25 - mmengine - INFO - Epoch(val) [60][110/116]    eta: 0:00:00  time: 0.0306  data_time: 0.0059  memory: 114  
2026/08/06 10:55:25 - mmengine - INFO - Evaluating bbox...
2026/08/06 10:55:25 - mmengine - INFO - bbox_mAP_copypaste: 0.628 0.893 0.724 0.000 0.704 0.590
2026/08/06 10:55:25 - mmengine - INFO - Evaluating segm...
2026/08/06 10:55:25 - mmengine - INFO - segm_mAP_copypaste: 0.609 0.893 0.730 0.000 0.692 0.569
2026/08/06 10:55:25 - mmengine - INFO - Epoch(val) [60][116/116]    coco/bbox_mAP: 0.6280  coco/bbox_mAP_50: 0.8930  coco/bbox_mAP_75: 0.7240  coco/bbox_mAP_s: 0.0000  coco/bbox_mAP_m: 0.7040  coco/bbox_mAP_l: 0.5900  coco/segm_mAP: 0.6090  coco/segm_mAP_50: 0.8930  coco/segm_mAP_75: 0.7300  coco/segm_mAP_s: 0.0000  coco/segm_mAP_m: 0.6920  coco/segm_mAP_l: 0.5690  data_time: 0.0055  time: 0.0299
2026/08/06 10:55:29 - mmengine - INFO - Epoch(train) [61][10/68]  base_lr: 2.8056e-05 lr: 2.8056e-05  eta: 0:03:58  time: 0.3553  data_time: 0.1316  memory: 603  grad_norm: 11.3647  loss: 0.4116  loss_cls: 0.0936  loss_bbox: 0.2195  loss_mask: 0.0985
2026/08/06 10:55:33 - mmengine - INFO - Epoch(train) [61][20/68]  base_lr: 2.7453e-05 lr: 2.7453e-05  eta: 0:03:55  time: 0.3534  data_time: 0.1283  memory: 601  grad_norm: 10.8805  loss: 0.4109  loss_cls: 0.0939  loss_bbox: 0.2202  loss_mask: 0.0968
2026/08/06 10:55:36 - mmengine - INFO - Epoch(train) [61][30/68]  base_lr: 2.6856e-05 lr: 2.6856e-05  eta: 0:03:51  time: 0.3521  data_time: 0.1278  memory: 601  grad_norm: 11.3104  loss: 0.4131  loss_cls: 0.0957  loss_bbox: 0.2193  loss_mask: 0.0982
2026/08/06 10:55:39 - mmengine - INFO - Epoch(train) [61][40/68]  base_lr: 2.6266e-05 lr: 2.6266e-05  eta: 0:03:48  time: 0.3541  data_time: 0.1298  memory: 601  grad_norm: 11.3472  loss: 0.4166  loss_cls: 0.0939  loss_bbox: 0.2218  loss_mask: 0.1008
2026/08/06 10:55:43 - mmengine - INFO - Epoch(train) [61][50/68]  base_lr: 2.5682e-05 lr: 2.5682e-05  eta: 0:03:44  time: 0.3502  data_time: 0.1263  memory: 601  grad_norm: 11.2036  loss: 0.4167  loss_cls: 0.0975  loss_bbox: 0.2187  loss_mask: 0.1005
2026/08/06 10:55:46 - mmengine - INFO - Epoch(train) [61][60/68]  base_lr: 2.5106e-05 lr: 2.5106e-05  eta: 0:03:40  time: 0.3452  data_time: 0.1245  memory: 601  grad_norm: 11.5174  loss: 0.4144  loss_cls: 0.0971  loss_bbox: 0.2179  loss_mask: 0.0993
2026/08/06 10:55:49 - mmengine - INFO - Exp name: rtmdet_ins_busi_20260806_102423
2026/08/06 10:55:49 - mmengine - INFO - Saving checkpoint at 61 epochs
2026/08/06 10:55:51 - mmengine - INFO - Epoch(val) [61][ 10/116]    eta: 0:00:03  time: 0.0314  data_time: 0.0061  memory: 599  
2026/08/06 10:55:52 - mmengine - INFO - Epoch(val) [61][ 20/116]    eta: 0:00:02  time: 0.0305  data_time: 0.0056  memory: 112  
2026/08/06 10:55:52 - mmengine - INFO - Epoch(val) [61][ 30/116]    eta: 0:00:02  time: 0.0293  data_time: 0.0051  memory: 117  
2026/08/06 10:55:52 - mmengine - INFO - Epoch(val) [61][ 40/116]    eta: 0:00:02  time: 0.0288  data_time: 0.0046  memory: 122  
2026/08/06 10:55:52 - mmengine - INFO - Epoch(val) [61][ 50/116]    eta: 0:00:01  time: 0.0284  data_time: 0.0047  memory: 135  
2026/08/06 10:55:53 - mmengine - INFO - Epoch(val) [61][ 60/116]    eta: 0:00:01  time: 0.0279  data_time: 0.0046  memory: 112  
2026/08/06 10:55:53 - mmengine - INFO - Epoch(val) [61][ 70/116]    eta: 0:00:01  time: 0.0282  data_time: 0.0050  memory: 108  
2026/08/06 10:55:53 - mmengine - INFO - Epoch(val) [61][ 80/116]    eta: 0:00:01  time: 0.0284  data_time: 0.0051  memory: 121  
2026/08/06 10:55:54 - mmengine - INFO - Epoch(val) [61][ 90/116]    eta: 0:00:00  time: 0.0288  data_time: 0.0055  memory: 133  
2026/08/06 10:55:54 - mmengine - INFO - Epoch(val) [61][100/116]    eta: 0:00:00  time: 0.0290  data_time: 0.0052  memory: 175  
2026/08/06 10:55:54 - mmengine - INFO - Epoch(val) [61][110/116]    eta: 0:00:00  time: 0.0294  data_time: 0.0051  memory: 108  
2026/08/06 10:55:54 - mmengine - INFO - Evaluating bbox...
2026/08/06 10:55:54 - mmengine - INFO - bbox_mAP_copypaste: 0.619 0.890 0.721 0.000 0.697 0.581
2026/08/06 10:55:54 - mmengine - INFO - Evaluating segm...
2026/08/06 10:55:54 - mmengine - INFO - segm_mAP_copypaste: 0.610 0.887 0.702 0.000 0.697 0.569
2026/08/06 10:55:54 - mmengine - INFO - Epoch(val) [61][116/116]    coco/bbox_mAP: 0.6190  coco/bbox_mAP_50: 0.8900  coco/bbox_mAP_75: 0.7210  coco/bbox_mAP_s: 0.0000  coco/bbox_mAP_m: 0.6970  coco/bbox_mAP_l: 0.5810  coco/segm_mAP: 0.6100  coco/segm_mAP_50: 0.8870  coco/segm_mAP_75: 0.7020  coco/segm_mAP_s: 0.0000  coco/segm_mAP_m: 0.6970  coco/segm_mAP_l: 0.5690  data_time: 0.0050  time: 0.0289
2026/08/06 10:55:58 - mmengine - INFO - Epoch(train) [62][10/68]  base_lr: 2.4086e-05 lr: 2.4086e-05  eta: 0:03:34  time: 0.3451  data_time: 0.1295  memory: 601  grad_norm: 12.6699  loss: 0.4218  loss_cls: 0.1006  loss_bbox: 0.2187  loss_mask: 0.1025
2026/08/06 10:56:02 - mmengine - INFO - Epoch(train) [62][20/68]  base_lr: 2.3530e-05 lr: 2.3530e-05  eta: 0:03:30  time: 0.3496  data_time: 0.1327  memory: 601  grad_norm: 12.9430  loss: 0.4221  loss_cls: 0.1052  loss_bbox: 0.2186  loss_mask: 0.0983
2026/08/06 10:56:05 - mmengine - INFO - Epoch(train) [62][30/68]  base_lr: 2.2981e-05 lr: 2.2981e-05  eta: 0:03:27  time: 0.3494  data_time: 0.1342  memory: 603  grad_norm: 12.6928  loss: 0.4232  loss_cls: 0.1051  loss_bbox: 0.2200  loss_mask: 0.0981
2026/08/06 10:56:09 - mmengine - INFO - Epoch(train) [62][40/68]  base_lr: 2.2439e-05 lr: 2.2439e-05  eta: 0:03:23  time: 0.3520  data_time: 0.1337  memory: 601  grad_norm: 12.4695  loss: 0.4290  loss_cls: 0.1086  loss_bbox: 0.2212  loss_mask: 0.0992
2026/08/06 10:56:12 - mmengine - INFO - Epoch(train) [62][50/68]  base_lr: 2.1905e-05 lr: 2.1905e-05  eta: 0:03:20  time: 0.3571  data_time: 0.1372  memory: 601  grad_norm: 11.4416  loss: 0.4275  loss_cls: 0.1065  loss_bbox: 0.2226  loss_mask: 0.0985
2026/08/06 10:56:16 - mmengine - INFO - Epoch(train) [62][60/68]  base_lr: 2.1379e-05 lr: 2.1379e-05  eta: 0:03:16  time: 0.3543  data_time: 0.1331  memory: 605  grad_norm: 11.6167  loss: 0.4258  loss_cls: 0.1046  loss_bbox: 0.2240  loss_mask: 0.0972
2026/08/06 10:56:18 - mmengine - INFO - Exp name: rtmdet_ins_busi_20260806_102423
2026/08/06 10:56:18 - mmengine - INFO - Saving checkpoint at 62 epochs
2026/08/06 10:56:21 - mmengine - INFO - Epoch(val) [62][ 10/116]    eta: 0:00:03  time: 0.0306  data_time: 0.0054  memory: 600  
2026/08/06 10:56:21 - mmengine - INFO - Epoch(val) [62][ 20/116]    eta: 0:00:02  time: 0.0305  data_time: 0.0052  memory: 121  
2026/08/06 10:56:21 - mmengine - INFO - Epoch(val) [62][ 30/116]    eta: 0:00:02  time: 0.0302  data_time: 0.0052  memory: 127  
2026/08/06 10:56:21 - mmengine - INFO - Epoch(val) [62][ 40/116]    eta: 0:00:02  time: 0.0302  data_time: 0.0051  memory: 129  
2026/08/06 10:56:22 - mmengine - INFO - Epoch(val) [62][ 50/116]    eta: 0:00:01  time: 0.0300  data_time: 0.0051  memory: 153  
2026/08/06 10:56:22 - mmengine - INFO - Epoch(val) [62][ 60/116]    eta: 0:00:01  time: 0.0296  data_time: 0.0052  memory: 120  
2026/08/06 10:56:22 - mmengine - INFO - Epoch(val) [62][ 70/116]    eta: 0:00:01  time: 0.0295  data_time: 0.0051  memory: 111  
2026/08/06 10:56:23 - mmengine - INFO - Epoch(val) [62][ 80/116]    eta: 0:00:01  time: 0.0292  data_time: 0.0052  memory: 118  
2026/08/06 10:56:23 - mmengine - INFO - Epoch(val) [62][ 90/116]    eta: 0:00:00  time: 0.0295  data_time: 0.0056  memory: 133  
2026/08/06 10:56:23 - mmengine - INFO - Epoch(val) [62][100/116]    eta: 0:00:00  time: 0.0301  data_time: 0.0056  memory: 177  
2026/08/06 10:56:24 - mmengine - INFO - Epoch(val) [62][110/116]    eta: 0:00:00  time: 0.0302  data_time: 0.0054  memory: 131  
2026/08/06 10:56:24 - mmengine - INFO - Evaluating bbox...
2026/08/06 10:56:24 - mmengine - INFO - bbox_mAP_copypaste: 0.622 0.891 0.731 0.000 0.701 0.582
2026/08/06 10:56:24 - mmengine - INFO - Evaluating segm...
2026/08/06 10:56:24 - mmengine - INFO - segm_mAP_copypaste: 0.608 0.891 0.713 0.000 0.695 0.567
2026/08/06 10:56:24 - mmengine - INFO - Epoch(val) [62][116/116]    coco/bbox_mAP: 0.6220  coco/bbox_mAP_50: 0.8910  coco/bbox_mAP_75: 0.7310  coco/bbox_mAP_s: 0.0000  coco/bbox_mAP_m: 0.7010  coco/bbox_mAP_l: 0.5820  coco/segm_mAP: 0.6080  coco/segm_mAP_50: 0.8910  coco/segm_mAP_75: 0.7130  coco/segm_mAP_s: 0.0000  coco/segm_mAP_m: 0.6950  coco/segm_mAP_l: 0.5670  data_time: 0.0053  time: 0.0301
2026/08/06 10:56:27 - mmengine - INFO - Epoch(train) [63][10/68]  base_lr: 2.0450e-05 lr: 2.0450e-05  eta: 0:03:10  time: 0.3452  data_time: 0.1246  memory: 601  grad_norm: 11.5005  loss: 0.4076  loss_cls: 0.0982  loss_bbox: 0.2153  loss_mask: 0.0941
2026/08/06 10:56:31 - mmengine - INFO - Epoch(train) [63][20/68]  base_lr: 1.9946e-05 lr: 1.9946e-05  eta: 0:03:06  time: 0.3469  data_time: 0.1265  memory: 601  grad_norm: 11.5139  loss: 0.4025  loss_cls: 0.0912  loss_bbox: 0.2172  loss_mask: 0.0942
2026/08/06 10:56:35 - mmengine - INFO - Epoch(train) [63][30/68]  base_lr: 1.9449e-05 lr: 1.9449e-05  eta: 0:03:03  time: 0.3529  data_time: 0.1284  memory: 603  grad_norm: 11.5314  loss: 0.4001  loss_cls: 0.0929  loss_bbox: 0.2107  loss_mask: 0.0965
2026/08/06 10:56:39 - mmengine - INFO - Epoch(train) [63][40/68]  base_lr: 1.8960e-05 lr: 1.8960e-05  eta: 0:02:59  time: 0.3620  data_time: 0.1324  memory: 602  grad_norm: 11.1937  loss: 0.4002  loss_cls: 0.0912  loss_bbox: 0.2116  loss_mask: 0.0974
2026/08/06 10:56:42 - mmengine - INFO - Epoch(train) [63][50/68]  base_lr: 1.8480e-05 lr: 1.8480e-05  eta: 0:02:56  time: 0.3674  data_time: 0.1348  memory: 602  grad_norm: 11.1748  loss: 0.4068  loss_cls: 0.0948  loss_bbox: 0.2132  loss_mask: 0.0989
2026/08/06 10:56:46 - mmengine - INFO - Epoch(train) [63][60/68]  base_lr: 1.8008e-05 lr: 1.8008e-05  eta: 0:02:52  time: 0.3744  data_time: 0.1385  memory: 601  grad_norm: 10.7666  loss: 0.4060  loss_cls: 0.0906  loss_bbox: 0.2159  loss_mask: 0.0994
2026/08/06 10:56:49 - mmengine - INFO - Exp name: rtmdet_ins_busi_20260806_102423
2026/08/06 10:56:49 - mmengine - INFO - Saving checkpoint at 63 epochs
2026/08/06 10:56:51 - mmengine - INFO - Epoch(val) [63][ 10/116]    eta: 0:00:03  time: 0.0311  data_time: 0.0057  memory: 601  
2026/08/06 10:56:52 - mmengine - INFO - Epoch(val) [63][ 20/116]    eta: 0:00:02  time: 0.0309  data_time: 0.0055  memory: 116  
2026/08/06 10:56:52 - mmengine - INFO - Epoch(val) [63][ 30/116]    eta: 0:00:02  time: 0.0312  data_time: 0.0054  memory: 129  
2026/08/06 10:56:52 - mmengine - INFO - Epoch(val) [63][ 40/116]    eta: 0:00:02  time: 0.0312  data_time: 0.0053  memory: 133  
2026/08/06 10:56:52 - mmengine - INFO - Epoch(val) [63][ 50/116]    eta: 0:00:02  time: 0.0314  data_time: 0.0054  memory: 135  
2026/08/06 10:56:53 - mmengine - INFO - Epoch(val) [63][ 60/116]    eta: 0:00:01  time: 0.0321  data_time: 0.0058  memory: 120  
2026/08/06 10:56:53 - mmengine - INFO - Epoch(val) [63][ 70/116]    eta: 0:00:01  time: 0.0323  data_time: 0.0059  memory: 110  
2026/08/06 10:56:53 - mmengine - INFO - Epoch(val) [63][ 80/116]    eta: 0:00:01  time: 0.0322  data_time: 0.0060  memory: 118  
2026/08/06 10:56:54 - mmengine - INFO - Epoch(val) [63][ 90/116]    eta: 0:00:00  time: 0.0334  data_time: 0.0067  memory: 139  
2026/08/06 10:56:54 - mmengine - INFO - Epoch(val) [63][100/116]    eta: 0:00:00  time: 0.0346  data_time: 0.0068  memory: 175  
2026/08/06 10:56:55 - mmengine - INFO - Epoch(val) [63][110/116]    eta: 0:00:00  time: 0.0344  data_time: 0.0066  memory: 117  
2026/08/06 10:56:55 - mmengine - INFO - Evaluating bbox...
2026/08/06 10:56:55 - mmengine - INFO - bbox_mAP_copypaste: 0.625 0.889 0.707 0.000 0.711 0.578
2026/08/06 10:56:55 - mmengine - INFO - Evaluating segm...
2026/08/06 10:56:55 - mmengine - INFO - segm_mAP_copypaste: 0.602 0.889 0.659 0.000 0.691 0.558
2026/08/06 10:56:55 - mmengine - INFO - Epoch(val) [63][116/116]    coco/bbox_mAP: 0.6250  coco/bbox_mAP_50: 0.8890  coco/bbox_mAP_75: 0.7070  coco/bbox_mAP_s: 0.0000  coco/bbox_mAP_m: 0.7110  coco/bbox_mAP_l: 0.5780  coco/segm_mAP: 0.6020  coco/segm_mAP_50: 0.8890  coco/segm_mAP_75: 0.6590  coco/segm_mAP_s: 0.0000  coco/segm_mAP_m: 0.6910  coco/segm_mAP_l: 0.5580  data_time: 0.0061  time: 0.0331
2026/08/06 10:56:59 - mmengine - INFO - Epoch(train) [64][10/68]  base_lr: 1.7178e-05 lr: 1.7178e-05  eta: 0:02:46  time: 0.3829  data_time: 0.1451  memory: 601  grad_norm: 10.8955  loss: 0.4147  loss_cls: 0.0968  loss_bbox: 0.2204  loss_mask: 0.0975
2026/08/06 10:57:03 - mmengine - INFO - Epoch(train) [64][20/68]  base_lr: 1.6730e-05 lr: 1.6730e-05  eta: 0:02:42  time: 0.3852  data_time: 0.1497  memory: 602  grad_norm: 11.2131  loss: 0.4149  loss_cls: 0.0981  loss_bbox: 0.2204  loss_mask: 0.0963
2026/08/06 10:57:07 - mmengine - INFO - Epoch(train) [64][30/68]  base_lr: 1.6289e-05 lr: 1.6289e-05  eta: 0:02:39  time: 0.3886  data_time: 0.1532  memory: 601  grad_norm: 10.7580  loss: 0.4098  loss_cls: 0.0993  loss_bbox: 0.2150  loss_mask: 0.0956
2026/08/06 10:57:11 - mmengine - INFO - Epoch(train) [64][40/68]  base_lr: 1.5857e-05 lr: 1.5857e-05  eta: 0:02:35  time: 0.3958  data_time: 0.1600  memory: 601  grad_norm: 11.0689  loss: 0.4104  loss_cls: 0.0994  loss_bbox: 0.2155  loss_mask: 0.0955
2026/08/06 10:57:15 - mmengine - INFO - Epoch(train) [64][50/68]  base_lr: 1.5434e-05 lr: 1.5434e-05  eta: 0:02:32  time: 0.3976  data_time: 0.1599  memory: 602  grad_norm: 11.0980  loss: 0.4048  loss_cls: 0.0985  loss_bbox: 0.2122  loss_mask: 0.0941
2026/08/06 10:57:18 - mmengine - INFO - Epoch(train) [64][60/68]  base_lr: 1.5020e-05 lr: 1.5020e-05  eta: 0:02:28  time: 0.3831  data_time: 0.1506  memory: 601  grad_norm: 11.3404  loss: 0.4099  loss_cls: 0.1016  loss_bbox: 0.2129  loss_mask: 0.0953
2026/08/06 10:57:21 - mmengine - INFO - Exp name: rtmdet_ins_busi_20260806_102423
2026/08/06 10:57:21 - mmengine - INFO - Saving checkpoint at 64 epochs
2026/08/06 10:57:24 - mmengine - INFO - Epoch(val) [64][ 10/116]    eta: 0:00:03  time: 0.0344  data_time: 0.0068  memory: 599  
2026/08/06 10:57:24 - mmengine - INFO - Epoch(val) [64][ 20/116]    eta: 0:00:02  time: 0.0334  data_time: 0.0065  memory: 110  
2026/08/06 10:57:24 - mmengine - INFO - Epoch(val) [64][ 30/116]    eta: 0:00:02  time: 0.0311  data_time: 0.0057  memory: 131  
2026/08/06 10:57:24 - mmengine - INFO - Epoch(val) [64][ 40/116]    eta: 0:00:02  time: 0.0298  data_time: 0.0052  memory: 125  
2026/08/06 10:57:25 - mmengine - INFO - Epoch(val) [64][ 50/116]    eta: 0:00:01  time: 0.0291  data_time: 0.0051  memory: 142  
2026/08/06 10:57:25 - mmengine - INFO - Epoch(val) [64][ 60/116]    eta: 0:00:01  time: 0.0300  data_time: 0.0051  memory: 125  
2026/08/06 10:57:25 - mmengine - INFO - Epoch(val) [64][ 70/116]    eta: 0:00:01  time: 0.0305  data_time: 0.0055  memory: 107  
2026/08/06 10:57:26 - mmengine - INFO - Epoch(val) [64][ 80/116]    eta: 0:00:01  time: 0.0306  data_time: 0.0057  memory: 112  
2026/08/06 10:57:26 - mmengine - INFO - Epoch(val) [64][ 90/116]    eta: 0:00:00  time: 0.0314  data_time: 0.0063  memory: 139  
2026/08/06 10:57:26 - mmengine - INFO - Epoch(val) [64][100/116]    eta: 0:00:00  time: 0.0319  data_time: 0.0061  memory: 175  
2026/08/06 10:57:27 - mmengine - INFO - Epoch(val) [64][110/116]    eta: 0:00:00  time: 0.0317  data_time: 0.0060  memory: 117  
2026/08/06 10:57:27 - mmengine - INFO - Evaluating bbox...
2026/08/06 10:57:27 - mmengine - INFO - bbox_mAP_copypaste: 0.623 0.890 0.717 0.000 0.696 0.584
2026/08/06 10:57:27 - mmengine - INFO - Evaluating segm...
2026/08/06 10:57:27 - mmengine - INFO - segm_mAP_copypaste: 0.606 0.890 0.702 0.000 0.686 0.568
2026/08/06 10:57:27 - mmengine - INFO - Epoch(val) [64][116/116]    coco/bbox_mAP: 0.6230  coco/bbox_mAP_50: 0.8900  coco/bbox_mAP_75: 0.7170  coco/bbox_mAP_s: 0.0000  coco/bbox_mAP_m: 0.6960  coco/bbox_mAP_l: 0.5840  coco/segm_mAP: 0.6060  coco/segm_mAP_50: 0.8900  coco/segm_mAP_75: 0.7020  coco/segm_mAP_s: 0.0000  coco/segm_mAP_m: 0.6860  coco/segm_mAP_l: 0.5680  data_time: 0.0056  time: 0.0307
2026/08/06 10:57:31 - mmengine - INFO - Epoch(train) [65][10/68]  base_lr: 1.4296e-05 lr: 1.4296e-05  eta: 0:02:22  time: 0.3728  data_time: 0.1419  memory: 601  grad_norm: 11.8404  loss: 0.4153  loss_cls: 0.1019  loss_bbox: 0.2168  loss_mask: 0.0966
2026/08/06 10:57:34 - mmengine - INFO - Epoch(train) [65][20/68]  base_lr: 1.3907e-05 lr: 1.3907e-05  eta: 0:02:18  time: 0.3621  data_time: 0.1356  memory: 603  grad_norm: 12.1646  loss: 0.4158  loss_cls: 0.1035  loss_bbox: 0.2171  loss_mask: 0.0952
2026/08/06 10:57:37 - mmengine - INFO - Epoch(train) [65][30/68]  base_lr: 1.3526e-05 lr: 1.3526e-05  eta: 0:02:14  time: 0.3535  data_time: 0.1295  memory: 602  grad_norm: 12.3804  loss: 0.4272  loss_cls: 0.1061  loss_bbox: 0.2220  loss_mask: 0.0991
2026/08/06 10:57:41 - mmengine - INFO - Epoch(train) [65][40/68]  base_lr: 1.3155e-05 lr: 1.3155e-05  eta: 0:02:11  time: 0.3517  data_time: 0.1283  memory: 601  grad_norm: 11.9782  loss: 0.4252  loss_cls: 0.1019  loss_bbox: 0.2233  loss_mask: 0.1000
2026/08/06 10:57:45 - mmengine - INFO - Epoch(train) [65][50/68]  base_lr: 1.2793e-05 lr: 1.2793e-05  eta: 0:02:07  time: 0.3500  data_time: 0.1266  memory: 602  grad_norm: 11.2642  loss: 0.4110  loss_cls: 0.0947  loss_bbox: 0.2187  loss_mask: 0.0976
2026/08/06 10:57:48 - mmengine - INFO - Epoch(train) [65][60/68]  base_lr: 1.2440e-05 lr: 1.2440e-05  eta: 0:02:04  time: 0.3496  data_time: 0.1267  memory: 599  grad_norm: 11.4128  loss: 0.4053  loss_cls: 0.0892  loss_bbox: 0.2185  loss_mask: 0.0976
2026/08/06 10:57:51 - mmengine - INFO - Exp name: rtmdet_ins_busi_20260806_102423
2026/08/06 10:57:51 - mmengine - INFO - Saving checkpoint at 65 epochs
2026/08/06 10:57:53 - mmengine - INFO - Epoch(val) [65][ 10/116]    eta: 0:00:02  time: 0.0313  data_time: 0.0055  memory: 602  
2026/08/06 10:57:53 - mmengine - INFO - Epoch(val) [65][ 20/116]    eta: 0:00:02  time: 0.0310  data_time: 0.0055  memory: 115  
2026/08/06 10:57:53 - mmengine - INFO - Epoch(val) [65][ 30/116]    eta: 0:00:02  time: 0.0298  data_time: 0.0055  memory: 127  
2026/08/06 10:57:54 - mmengine - INFO - Epoch(val) [65][ 40/116]    eta: 0:00:02  time: 0.0283  data_time: 0.0051  memory: 136  
2026/08/06 10:57:54 - mmengine - INFO - Epoch(val) [65][ 50/116]    eta: 0:00:01  time: 0.0278  data_time: 0.0050  memory: 153  
2026/08/06 10:57:54 - mmengine - INFO - Epoch(val) [65][ 60/116]    eta: 0:00:01  time: 0.0278  data_time: 0.0056  memory: 129  
2026/08/06 10:57:55 - mmengine - INFO - Epoch(val) [65][ 70/116]    eta: 0:00:01  time: 0.0274  data_time: 0.0054  memory: 108  
2026/08/06 10:57:55 - mmengine - INFO - Epoch(val) [65][ 80/116]    eta: 0:00:01  time: 0.0278  data_time: 0.0056  memory: 112  
2026/08/06 10:57:55 - mmengine - INFO - Epoch(val) [65][ 90/116]    eta: 0:00:00  time: 0.0284  data_time: 0.0058  memory: 133  
2026/08/06 10:57:55 - mmengine - INFO - Epoch(val) [65][100/116]    eta: 0:00:00  time: 0.0288  data_time: 0.0062  memory: 177  
2026/08/06 10:57:56 - mmengine - INFO - Epoch(val) [65][110/116]    eta: 0:00:00  time: 0.0292  data_time: 0.0056  memory: 117  
2026/08/06 10:57:56 - mmengine - INFO - Evaluating bbox...
2026/08/06 10:57:56 - mmengine - INFO - bbox_mAP_copypaste: 0.630 0.890 0.718 0.000 0.713 0.588
2026/08/06 10:57:56 - mmengine - INFO - Evaluating segm...
2026/08/06 10:57:56 - mmengine - INFO - segm_mAP_copypaste: 0.609 0.890 0.688 0.000 0.695 0.570
2026/08/06 10:57:56 - mmengine - INFO - Epoch(val) [65][116/116]    coco/bbox_mAP: 0.6300  coco/bbox_mAP_50: 0.8900  coco/bbox_mAP_75: 0.7180  coco/bbox_mAP_s: 0.0000  coco/bbox_mAP_m: 0.7130  coco/bbox_mAP_l: 0.5880  coco/segm_mAP: 0.6090  coco/segm_mAP_50: 0.8900  coco/segm_mAP_75: 0.6880  coco/segm_mAP_s: 0.0000  coco/segm_mAP_m: 0.6950  coco/segm_mAP_l: 0.5700  data_time: 0.0055  time: 0.0286
2026/08/06 10:58:00 - mmengine - INFO - Epoch(train) [66][10/68]  base_lr: 1.1828e-05 lr: 1.1828e-05  eta: 0:01:57  time: 0.3510  data_time: 0.1262  memory: 601  grad_norm: 11.6858  loss: 0.4263  loss_cls: 0.1023  loss_bbox: 0.2228  loss_mask: 0.1013
2026/08/06 10:58:03 - mmengine - INFO - Epoch(train) [66][20/68]  base_lr: 1.1501e-05 lr: 1.1501e-05  eta: 0:01:54  time: 0.3557  data_time: 0.1298  memory: 600  grad_norm: 11.6037  loss: 0.4118  loss_cls: 0.0989  loss_bbox: 0.2149  loss_mask: 0.0980
2026/08/06 10:58:07 - mmengine - INFO - Epoch(train) [66][30/68]  base_lr: 1.1183e-05 lr: 1.1183e-05  eta: 0:01:50  time: 0.3599  data_time: 0.1334  memory: 601  grad_norm: 11.9348  loss: 0.4222  loss_cls: 0.1028  loss_bbox: 0.2201  loss_mask: 0.0994
2026/08/06 10:58:11 - mmengine - INFO - Epoch(train) [66][40/68]  base_lr: 1.0875e-05 lr: 1.0875e-05  eta: 0:01:47  time: 0.3636  data_time: 0.1361  memory: 600  grad_norm: 12.1527  loss: 0.4282  loss_cls: 0.1055  loss_bbox: 0.2216  loss_mask: 0.1010
2026/08/06 10:58:15 - mmengine - INFO - Epoch(train) [66][50/68]  base_lr: 1.0577e-05 lr: 1.0577e-05  eta: 0:01:43  time: 0.3678  data_time: 0.1387  memory: 601  grad_norm: 11.6158  loss: 0.4108  loss_cls: 0.0965  loss_bbox: 0.2149  loss_mask: 0.0994
2026/08/06 10:58:18 - mmengine - INFO - Epoch(train) [66][60/68]  base_lr: 1.0288e-05 lr: 1.0288e-05  eta: 0:01:39  time: 0.3655  data_time: 0.1389  memory: 602  grad_norm: 11.9128  loss: 0.4121  loss_cls: 0.0939  loss_bbox: 0.2180  loss_mask: 0.1003
2026/08/06 10:58:21 - mmengine - INFO - Exp name: rtmdet_ins_busi_20260806_102423
2026/08/06 10:58:21 - mmengine - INFO - Saving checkpoint at 66 epochs
2026/08/06 10:58:23 - mmengine - INFO - Epoch(val) [66][ 10/116]    eta: 0:00:02  time: 0.0297  data_time: 0.0060  memory: 601  
2026/08/06 10:58:23 - mmengine - INFO - Epoch(val) [66][ 20/116]    eta: 0:00:02  time: 0.0291  data_time: 0.0059  memory: 121  
2026/08/06 10:58:23 - mmengine - INFO - Epoch(val) [66][ 30/116]    eta: 0:00:02  time: 0.0282  data_time: 0.0057  memory: 129  
2026/08/06 10:58:23 - mmengine - INFO - Epoch(val) [66][ 40/116]    eta: 0:00:02  time: 0.0275  data_time: 0.0052  memory: 125  
2026/08/06 10:58:24 - mmengine - INFO - Epoch(val) [66][ 50/116]    eta: 0:00:01  time: 0.0267  data_time: 0.0054  memory: 147  
2026/08/06 10:58:24 - mmengine - INFO - Epoch(val) [66][ 60/116]    eta: 0:00:01  time: 0.0269  data_time: 0.0054  memory: 125  
2026/08/06 10:58:24 - mmengine - INFO - Epoch(val) [66][ 70/116]    eta: 0:00:01  time: 0.0270  data_time: 0.0052  memory: 105  
2026/08/06 10:58:25 - mmengine - INFO - Epoch(val) [66][ 80/116]    eta: 0:00:00  time: 0.0272  data_time: 0.0048  memory: 115  
2026/08/06 10:58:25 - mmengine - INFO - Epoch(val) [66][ 90/116]    eta: 0:00:00  time: 0.0282  data_time: 0.0055  memory: 145  
2026/08/06 10:58:25 - mmengine - INFO - Epoch(val) [66][100/116]    eta: 0:00:00  time: 0.0288  data_time: 0.0052  memory: 175  
2026/08/06 10:58:25 - mmengine - INFO - Epoch(val) [66][110/116]    eta: 0:00:00  time: 0.0288  data_time: 0.0050  memory: 114  
2026/08/06 10:58:26 - mmengine - INFO - Evaluating bbox...
2026/08/06 10:58:26 - mmengine - INFO - bbox_mAP_copypaste: 0.623 0.888 0.705 0.000 0.705 0.586
2026/08/06 10:58:26 - mmengine - INFO - Evaluating segm...
2026/08/06 10:58:26 - mmengine - INFO - segm_mAP_copypaste: 0.607 0.886 0.689 0.000 0.699 0.567
2026/08/06 10:58:26 - mmengine - INFO - Epoch(val) [66][116/116]    coco/bbox_mAP: 0.6230  coco/bbox_mAP_50: 0.8880  coco/bbox_mAP_75: 0.7050  coco/bbox_mAP_s: 0.0000  coco/bbox_mAP_m: 0.7050  coco/bbox_mAP_l: 0.5860  coco/segm_mAP: 0.6070  coco/segm_mAP_50: 0.8860  coco/segm_mAP_75: 0.6890  coco/segm_mAP_s: 0.0000  coco/segm_mAP_m: 0.6990  coco/segm_mAP_l: 0.5670  data_time: 0.0054  time: 0.0280
2026/08/06 10:58:29 - mmengine - INFO - Epoch(train) [67][10/68]  base_lr: 9.7921e-06 lr: 9.7921e-06  eta: 0:01:33  time: 0.3479  data_time: 0.1292  memory: 604  grad_norm: 12.2096  loss: 0.4073  loss_cls: 0.0930  loss_bbox: 0.2149  loss_mask: 0.0993
2026/08/06 10:58:32 - mmengine - INFO - Epoch(train) [67][20/68]  base_lr: 9.5304e-06 lr: 9.5304e-06  eta: 0:01:29  time: 0.3400  data_time: 0.1258  memory: 601  grad_norm: 11.8490  loss: 0.3985  loss_cls: 0.0885  loss_bbox: 0.2127  loss_mask: 0.0973
2026/08/06 10:58:36 - mmengine - INFO - Epoch(train) [67][30/68]  base_lr: 9.2783e-06 lr: 9.2783e-06  eta: 0:01:26  time: 0.3390  data_time: 0.1250  memory: 601  grad_norm: 11.7712  loss: 0.4006  loss_cls: 0.0909  loss_bbox: 0.2150  loss_mask: 0.0947
2026/08/06 10:58:39 - mmengine - INFO - Epoch(train) [67][40/68]  base_lr: 9.0362e-06 lr: 9.0362e-06  eta: 0:01:22  time: 0.3338  data_time: 0.1209  memory: 601  grad_norm: 11.1323  loss: 0.3962  loss_cls: 0.0886  loss_bbox: 0.2122  loss_mask: 0.0954
2026/08/06 10:58:43 - mmengine - INFO - Epoch(train) [67][50/68]  base_lr: 8.8038e-06 lr: 8.8038e-06  eta: 0:01:19  time: 0.3386  data_time: 0.1261  memory: 599  grad_norm: 11.0741  loss: 0.3988  loss_cls: 0.0899  loss_bbox: 0.2137  loss_mask: 0.0953
2026/08/06 10:58:46 - mmengine - INFO - Epoch(train) [67][60/68]  base_lr: 8.5814e-06 lr: 8.5814e-06  eta: 0:01:15  time: 0.3431  data_time: 0.1284  memory: 602  grad_norm: 10.7371  loss: 0.4022  loss_cls: 0.0920  loss_bbox: 0.2131  loss_mask: 0.0971
2026/08/06 10:58:49 - mmengine - INFO - Exp name: rtmdet_ins_busi_20260806_102423
2026/08/06 10:58:49 - mmengine - INFO - Saving checkpoint at 67 epochs
2026/08/06 10:58:51 - mmengine - INFO - Epoch(val) [67][ 10/116]    eta: 0:00:03  time: 0.0302  data_time: 0.0055  memory: 601  
2026/08/06 10:58:51 - mmengine - INFO - Epoch(val) [67][ 20/116]    eta: 0:00:02  time: 0.0299  data_time: 0.0057  memory: 112  
2026/08/06 10:58:52 - mmengine - INFO - Epoch(val) [67][ 30/116]    eta: 0:00:02  time: 0.0287  data_time: 0.0058  memory: 127  
2026/08/06 10:58:52 - mmengine - INFO - Epoch(val) [67][ 40/116]    eta: 0:00:02  time: 0.0287  data_time: 0.0056  memory: 122  
2026/08/06 10:58:52 - mmengine - INFO - Epoch(val) [67][ 50/116]    eta: 0:00:01  time: 0.0288  data_time: 0.0054  memory: 142  
2026/08/06 10:58:52 - mmengine - INFO - Epoch(val) [67][ 60/116]    eta: 0:00:01  time: 0.0287  data_time: 0.0063  memory: 116  
2026/08/06 10:58:53 - mmengine - INFO - Epoch(val) [67][ 70/116]    eta: 0:00:01  time: 0.0282  data_time: 0.0059  memory: 105  
2026/08/06 10:58:53 - mmengine - INFO - Epoch(val) [67][ 80/116]    eta: 0:00:01  time: 0.0286  data_time: 0.0055  memory: 112  
2026/08/06 10:58:53 - mmengine - INFO - Epoch(val) [67][ 90/116]    eta: 0:00:00  time: 0.0290  data_time: 0.0061  memory: 145  
2026/08/06 10:58:54 - mmengine - INFO - Epoch(val) [67][100/116]    eta: 0:00:00  time: 0.0291  data_time: 0.0058  memory: 177  
2026/08/06 10:58:54 - mmengine - INFO - Epoch(val) [67][110/116]    eta: 0:00:00  time: 0.0289  data_time: 0.0047  memory: 114  
2026/08/06 10:58:54 - mmengine - INFO - Evaluating bbox...
2026/08/06 10:58:54 - mmengine - INFO - bbox_mAP_copypaste: 0.620 0.889 0.708 0.000 0.685 0.589
2026/08/06 10:58:54 - mmengine - INFO - Evaluating segm...
2026/08/06 10:58:54 - mmengine - INFO - segm_mAP_copypaste: 0.600 0.889 0.674 0.000 0.687 0.560
2026/08/06 10:58:54 - mmengine - INFO - Epoch(val) [67][116/116]    coco/bbox_mAP: 0.6200  coco/bbox_mAP_50: 0.8890  coco/bbox_mAP_75: 0.7080  coco/bbox_mAP_s: 0.0000  coco/bbox_mAP_m: 0.6850  coco/bbox_mAP_l: 0.5890  coco/segm_mAP: 0.6000  coco/segm_mAP_50: 0.8890  coco/segm_mAP_75: 0.6740  coco/segm_mAP_s: 0.0000  coco/segm_mAP_m: 0.6870  coco/segm_mAP_l: 0.5600  data_time: 0.0056  time: 0.0289
2026/08/06 10:58:58 - mmengine - INFO - Epoch(train) [68][10/68]  base_lr: 8.2061e-06 lr: 8.2061e-06  eta: 0:01:09  time: 0.3410  data_time: 0.1266  memory: 600  grad_norm: 10.8470  loss: 0.4031  loss_cls: 0.0939  loss_bbox: 0.2129  loss_mask: 0.0963
2026/08/06 10:59:01 - mmengine - INFO - Epoch(train) [68][20/68]  base_lr: 8.0116e-06 lr: 8.0116e-06  eta: 0:01:05  time: 0.3411  data_time: 0.1255  memory: 602  grad_norm: 10.8815  loss: 0.4008  loss_cls: 0.0922  loss_bbox: 0.2141  loss_mask: 0.0946
2026/08/06 10:59:04 - mmengine - INFO - Epoch(train) [68][30/68]  base_lr: 7.8271e-06 lr: 7.8271e-06  eta: 0:01:02  time: 0.3381  data_time: 0.1209  memory: 601  grad_norm: 10.8943  loss: 0.4123  loss_cls: 0.0987  loss_bbox: 0.2175  loss_mask: 0.0961
2026/08/06 10:59:08 - mmengine - INFO - Epoch(train) [68][40/68]  base_lr: 7.6527e-06 lr: 7.6527e-06  eta: 0:00:58  time: 0.3344  data_time: 0.1180  memory: 601  grad_norm: 10.8858  loss: 0.4110  loss_cls: 0.0981  loss_bbox: 0.2175  loss_mask: 0.0953
2026/08/06 10:59:11 - mmengine - INFO - Epoch(train) [68][50/68]  base_lr: 7.4884e-06 lr: 7.4884e-06  eta: 0:00:54  time: 0.3390  data_time: 0.1220  memory: 602  grad_norm: 11.3078  loss: 0.4067  loss_cls: 0.0995  loss_bbox: 0.2142  loss_mask: 0.0929
2026/08/06 10:59:15 - mmengine - INFO - Epoch(train) [68][60/68]  base_lr: 7.3342e-06 lr: 7.3342e-06  eta: 0:00:51  time: 0.3397  data_time: 0.1223  memory: 603  grad_norm: 11.5584  loss: 0.4081  loss_cls: 0.0960  loss_bbox: 0.2170  loss_mask: 0.0951
2026/08/06 10:59:17 - mmengine - INFO - Exp name: rtmdet_ins_busi_20260806_102423
2026/08/06 10:59:17 - mmengine - INFO - Saving checkpoint at 68 epochs
2026/08/06 10:59:19 - mmengine - INFO - Epoch(val) [68][ 10/116]    eta: 0:00:03  time: 0.0297  data_time: 0.0054  memory: 601  
2026/08/06 10:59:20 - mmengine - INFO - Epoch(val) [68][ 20/116]    eta: 0:00:02  time: 0.0290  data_time: 0.0054  memory: 113  
2026/08/06 10:59:20 - mmengine - INFO - Epoch(val) [68][ 30/116]    eta: 0:00:02  time: 0.0280  data_time: 0.0050  memory: 127  
2026/08/06 10:59:20 - mmengine - INFO - Epoch(val) [68][ 40/116]    eta: 0:00:02  time: 0.0280  data_time: 0.0050  memory: 125  
2026/08/06 10:59:20 - mmengine - INFO - Epoch(val) [68][ 50/116]    eta: 0:00:01  time: 0.0282  data_time: 0.0052  memory: 142  
2026/08/06 10:59:21 - mmengine - INFO - Epoch(val) [68][ 60/116]    eta: 0:00:01  time: 0.0281  data_time: 0.0055  memory: 120  
2026/08/06 10:59:21 - mmengine - INFO - Epoch(val) [68][ 70/116]    eta: 0:00:01  time: 0.0283  data_time: 0.0054  memory: 105  
2026/08/06 10:59:21 - mmengine - INFO - Epoch(val) [68][ 80/116]    eta: 0:00:01  time: 0.0283  data_time: 0.0058  memory: 112  
2026/08/06 10:59:22 - mmengine - INFO - Epoch(val) [68][ 90/116]    eta: 0:00:00  time: 0.0292  data_time: 0.0060  memory: 139  
2026/08/06 10:59:22 - mmengine - INFO - Epoch(val) [68][100/116]    eta: 0:00:00  time: 0.0297  data_time: 0.0057  memory: 171  
2026/08/06 10:59:22 - mmengine - INFO - Epoch(val) [68][110/116]    eta: 0:00:00  time: 0.0298  data_time: 0.0055  memory: 111  
2026/08/06 10:59:22 - mmengine - INFO - Evaluating bbox...
2026/08/06 10:59:22 - mmengine - INFO - bbox_mAP_copypaste: 0.628 0.889 0.714 0.000 0.715 0.589
2026/08/06 10:59:22 - mmengine - INFO - Evaluating segm...
2026/08/06 10:59:23 - mmengine - INFO - segm_mAP_copypaste: 0.605 0.887 0.672 0.000 0.702 0.562
2026/08/06 10:59:23 - mmengine - INFO - Epoch(val) [68][116/116]    coco/bbox_mAP: 0.6280  coco/bbox_mAP_50: 0.8890  coco/bbox_mAP_75: 0.7140  coco/bbox_mAP_s: 0.0000  coco/bbox_mAP_m: 0.7150  coco/bbox_mAP_l: 0.5890  coco/segm_mAP: 0.6050  coco/segm_mAP_50: 0.8870  coco/segm_mAP_75: 0.6720  coco/segm_mAP_s: 0.0000  coco/segm_mAP_m: 0.7020  coco/segm_mAP_l: 0.5620  data_time: 0.0055  time: 0.0290
2026/08/06 10:59:26 - mmengine - INFO - Epoch(train) [69][10/68]  base_lr: 7.0824e-06 lr: 7.0824e-06  eta: 0:00:44  time: 0.3409  data_time: 0.1249  memory: 601  grad_norm: 12.2077  loss: 0.4020  loss_cls: 0.0914  loss_bbox: 0.2161  loss_mask: 0.0945
2026/08/06 10:59:29 - mmengine - INFO - Epoch(train) [69][20/68]  base_lr: 6.9567e-06 lr: 6.9567e-06  eta: 0:00:41  time: 0.3401  data_time: 0.1248  memory: 601  grad_norm: 12.4212  loss: 0.4054  loss_cls: 0.0950  loss_bbox: 0.2154  loss_mask: 0.0950
2026/08/06 10:59:33 - mmengine - INFO - Epoch(train) [69][30/68]  base_lr: 6.8412e-06 lr: 6.8412e-06  eta: 0:00:37  time: 0.3409  data_time: 0.1249  memory: 602  grad_norm: 12.1216  loss: 0.4112  loss_cls: 0.0936  loss_bbox: 0.2185  loss_mask: 0.0992
2026/08/06 10:59:36 - mmengine - INFO - Epoch(train) [69][40/68]  base_lr: 6.7360e-06 lr: 6.7360e-06  eta: 0:00:34  time: 0.3352  data_time: 0.1209  memory: 602  grad_norm: 12.0425  loss: 0.4114  loss_cls: 0.0978  loss_bbox: 0.2157  loss_mask: 0.0980
2026/08/06 10:59:39 - mmengine - INFO - Epoch(train) [69][50/68]  base_lr: 6.6411e-06 lr: 6.6411e-06  eta: 0:00:30  time: 0.3370  data_time: 0.1224  memory: 602  grad_norm: 11.6770  loss: 0.4095  loss_cls: 0.0990  loss_bbox: 0.2125  loss_mask: 0.0980
2026/08/06 10:59:43 - mmengine - INFO - Epoch(train) [69][60/68]  base_lr: 6.5564e-06 lr: 6.5564e-06  eta: 0:00:27  time: 0.3370  data_time: 0.1222  memory: 601  grad_norm: 11.2848  loss: 0.4089  loss_cls: 0.0999  loss_bbox: 0.2124  loss_mask: 0.0967
2026/08/06 10:59:46 - mmengine - INFO - Exp name: rtmdet_ins_busi_20260806_102423
2026/08/06 10:59:46 - mmengine - INFO - Saving checkpoint at 69 epochs
2026/08/06 10:59:48 - mmengine - INFO - Epoch(val) [69][ 10/116]    eta: 0:00:03  time: 0.0314  data_time: 0.0057  memory: 599  
2026/08/06 10:59:49 - mmengine - INFO - Epoch(val) [69][ 20/116]    eta: 0:00:03  time: 0.0316  data_time: 0.0059  memory: 112  
2026/08/06 10:59:49 - mmengine - INFO - Epoch(val) [69][ 30/116]    eta: 0:00:02  time: 0.0309  data_time: 0.0058  memory: 122  
2026/08/06 10:59:49 - mmengine - INFO - Epoch(val) [69][ 40/116]    eta: 0:00:02  time: 0.0319  data_time: 0.0061  memory: 125  
2026/08/06 10:59:50 - mmengine - INFO - Epoch(val) [69][ 50/116]    eta: 0:00:02  time: 0.0327  data_time: 0.0062  memory: 135  
2026/08/06 10:59:50 - mmengine - INFO - Epoch(val) [69][ 60/116]    eta: 0:00:01  time: 0.0333  data_time: 0.0064  memory: 112  
2026/08/06 10:59:50 - mmengine - INFO - Epoch(val) [69][ 70/116]    eta: 0:00:01  time: 0.0342  data_time: 0.0066  memory: 107  
2026/08/06 10:59:51 - mmengine - INFO - Epoch(val) [69][ 80/116]    eta: 0:00:01  time: 0.0348  data_time: 0.0067  memory: 115  
2026/08/06 10:59:51 - mmengine - INFO - Epoch(val) [69][ 90/116]    eta: 0:00:00  time: 0.0354  data_time: 0.0071  memory: 145  
2026/08/06 10:59:51 - mmengine - INFO - Epoch(val) [69][100/116]    eta: 0:00:00  time: 0.0362  data_time: 0.0071  memory: 164  
2026/08/06 10:59:52 - mmengine - INFO - Epoch(val) [69][110/116]    eta: 0:00:00  time: 0.0366  data_time: 0.0069  memory: 114  
2026/08/06 10:59:52 - mmengine - INFO - Evaluating bbox...
2026/08/06 10:59:52 - mmengine - INFO - bbox_mAP_copypaste: 0.623 0.891 0.704 0.000 0.692 0.587
2026/08/06 10:59:52 - mmengine - INFO - Evaluating segm...
2026/08/06 10:59:52 - mmengine - INFO - segm_mAP_copypaste: 0.604 0.889 0.673 0.000 0.691 0.564
2026/08/06 10:59:52 - mmengine - INFO - Epoch(val) [69][116/116]    coco/bbox_mAP: 0.6230  coco/bbox_mAP_50: 0.8910  coco/bbox_mAP_75: 0.7040  coco/bbox_mAP_s: 0.0000  coco/bbox_mAP_m: 0.6920  coco/bbox_mAP_l: 0.5870  coco/segm_mAP: 0.6040  coco/segm_mAP_50: 0.8890  coco/segm_mAP_75: 0.6730  coco/segm_mAP_s: 0.0000  coco/segm_mAP_m: 0.6910  coco/segm_mAP_l: 0.5640  data_time: 0.0067  time: 0.0349
2026/08/06 10:59:56 - mmengine - INFO - Epoch(train) [70][10/68]  base_lr: 6.4300e-06 lr: 6.4300e-06  eta: 0:00:20  time: 0.3452  data_time: 0.1263  memory: 601  grad_norm: 11.2582  loss: 0.3916  loss_cls: 0.0899  loss_bbox: 0.2068  loss_mask: 0.0948
2026/08/06 10:59:59 - mmengine - INFO - Epoch(train) [70][20/68]  base_lr: 6.3742e-06 lr: 6.3742e-06  eta: 0:00:17  time: 0.3519  data_time: 0.1308  memory: 601  grad_norm: 11.7059  loss: 0.3940  loss_cls: 0.0878  loss_bbox: 0.2096  loss_mask: 0.0966
2026/08/06 11:00:03 - mmengine - INFO - Epoch(train) [70][30/68]  base_lr: 6.3287e-06 lr: 6.3287e-06  eta: 0:00:13  time: 0.3622  data_time: 0.1368  memory: 602  grad_norm: 11.5056  loss: 0.3917  loss_cls: 0.0848  loss_bbox: 0.2104  loss_mask: 0.0964
2026/08/06 11:00:07 - mmengine - INFO - Epoch(train) [70][40/68]  base_lr: 6.2935e-06 lr: 6.2935e-06  eta: 0:00:09  time: 0.3668  data_time: 0.1388  memory: 601  grad_norm: 11.6349  loss: 0.3897  loss_cls: 0.0826  loss_bbox: 0.2105  loss_mask: 0.0965
2026/08/06 11:00:11 - mmengine - INFO - Epoch(train) [70][50/68]  base_lr: 6.2687e-06 lr: 6.2687e-06  eta: 0:00:06  time: 0.3646  data_time: 0.1368  memory: 601  grad_norm: 11.5321  loss: 0.3890  loss_cls: 0.0818  loss_bbox: 0.2086  loss_mask: 0.0986
2026/08/06 11:00:14 - mmengine - INFO - Epoch(train) [70][60/68]  base_lr: 6.2542e-06 lr: 6.2542e-06  eta: 0:00:02  time: 0.3687  data_time: 0.1407  memory: 601  grad_norm: 11.7315  loss: 0.3955  loss_cls: 0.0855  loss_bbox: 0.2110  loss_mask: 0.0990
2026/08/06 11:00:17 - mmengine - INFO - Exp name: rtmdet_ins_busi_20260806_102423
2026/08/06 11:00:17 - mmengine - INFO - Saving checkpoint at 70 epochs
2026/08/06 11:00:19 - mmengine - INFO - Epoch(val) [70][ 10/116]    eta: 0:00:03  time: 0.0363  data_time: 0.0069  memory: 599  
2026/08/06 11:00:20 - mmengine - INFO - Epoch(val) [70][ 20/116]    eta: 0:00:02  time: 0.0349  data_time: 0.0065  memory: 121  
2026/08/06 11:00:20 - mmengine - INFO - Epoch(val) [70][ 30/116]    eta: 0:00:02  time: 0.0331  data_time: 0.0061  memory: 124  
2026/08/06 11:00:20 - mmengine - INFO - Epoch(val) [70][ 40/116]    eta: 0:00:02  time: 0.0312  data_time: 0.0058  memory: 125  
2026/08/06 11:00:21 - mmengine - INFO - Epoch(val) [70][ 50/116]    eta: 0:00:01  time: 0.0301  data_time: 0.0058  memory: 159  
2026/08/06 11:00:21 - mmengine - INFO - Epoch(val) [70][ 60/116]    eta: 0:00:01  time: 0.0301  data_time: 0.0060  memory: 120  
2026/08/06 11:00:21 - mmengine - INFO - Epoch(val) [70][ 70/116]    eta: 0:00:01  time: 0.0300  data_time: 0.0060  memory: 105  
2026/08/06 11:00:21 - mmengine - INFO - Epoch(val) [70][ 80/116]    eta: 0:00:01  time: 0.0301  data_time: 0.0060  memory: 115  
2026/08/06 11:00:22 - mmengine - INFO - Epoch(val) [70][ 90/116]    eta: 0:00:00  time: 0.0307  data_time: 0.0062  memory: 139  
2026/08/06 11:00:22 - mmengine - INFO - Epoch(val) [70][100/116]    eta: 0:00:00  time: 0.0309  data_time: 0.0063  memory: 169  
2026/08/06 11:00:22 - mmengine - INFO - Epoch(val) [70][110/116]    eta: 0:00:00  time: 0.0313  data_time: 0.0063  memory: 117  
2026/08/06 11:00:23 - mmengine - INFO - Evaluating bbox...
2026/08/06 11:00:23 - mmengine - INFO - bbox_mAP_copypaste: 0.620 0.892 0.705 0.000 0.687 0.589
2026/08/06 11:00:23 - mmengine - INFO - Evaluating segm...
2026/08/06 11:00:23 - mmengine - INFO - segm_mAP_copypaste: 0.609 0.889 0.681 0.000 0.695 0.570
2026/08/06 11:00:23 - mmengine - INFO - Epoch(val) [70][116/116]    coco/bbox_mAP: 0.6200  coco/bbox_mAP_50: 0.8920  coco/bbox_mAP_75: 0.7050  coco/bbox_mAP_s: 0.0000  coco/bbox_mAP_m: 0.6870  coco/bbox_mAP_l: 0.5890  coco/segm_mAP: 0.6090  coco/segm_mAP_50: 0.8890  coco/segm_mAP_75: 0.6810  coco/segm_mAP_s: 0.0000  coco/segm_mAP_m: 0.6950  coco/segm_mAP_l: 0.5700  data_time: 0.0061  time: 0.0309
